end_date,approve,disapprove,net,approve_std,disapprove_std,net_std,approve_lower_ci,approve_upper_ci,disapprove_lower_ci,disapprove_upper_ci,net_lower_ci,net_upper_ci
2017-01-22,46.242736009305986,39.76820083528506,6.474535174020926,0.05858000360330385,3.3655217080262427,3.3069417044229388,46.12791920224351,46.35755281636846,33.17177828755362,46.36462338301649,-0.00707056664803396,12.956140914689886
2017-01-23,46.25449282601257,40.745352302539445,5.509140523473124,0.058060096219463654,3.616358918455204,3.558621366527881,46.140695037422425,46.36829061460272,33.65728882236724,47.83341578271165,-1.4657573549215224,12.484038401867771
2017-01-24,46.156306983888854,43.00380388134552,3.1525031025433328,3.0528266903861563,2.9149671147231557,4.147345496364905,40.17276667073199,52.13984729704572,37.29046833648813,48.717139426202905,-4.97629407033188,11.281300275418547
2017-01-25,44.783222928266746,41.95964743301156,2.823575495255182,4.280404167855309,3.213558613037394,4.7648209474219945,36.39363075927034,53.172815097263154,35.66107255145827,48.258222314564854,-6.515473561691927,12.162624552202292
2017-01-26,44.85954895566084,42.64225270436087,2.217296251299969,4.014624530034498,3.446616456796588,4.539959537589449,36.990884876793224,52.72821303452846,35.886884449039556,49.397620959682186,-6.681024442375351,11.115616944975288
2017-01-27,44.810115278539996,42.97111331447849,1.8390019640615058,3.850362707198962,3.534484252824074,4.596282377613035,37.26340437243003,52.35682618464996,36.0435241789433,49.89870245001367,-7.169711496060042,10.847715424183054
2017-01-28,45.18222253392457,43.213343330485,1.9688792034395737,3.7893799236619716,3.5017514182678733,4.83795568916171,37.75503788354711,52.609407184302036,36.34991055067997,50.076776110290034,-7.513513947317378,11.451272354196526
2017-01-29,45.357683287903605,43.416286068915014,1.9413972189885877,3.737202672278119,3.51206623183022,4.81088648187781,38.03276605023849,52.682600525568716,36.53263625452778,50.29993588330225,-7.48794028549192,11.370734723469095
2017-01-30,45.46579252669254,44.534610411183316,0.9311821155092248,3.34396013546533,3.881339860526651,4.847836130969165,38.911630661180496,52.01995439220458,36.92718428455108,52.14203653781555,-8.570576701190339,10.432940932208789
2017-01-31,45.48682421578023,45.46876731336017,0.018056902420067716,2.9544723682559844,3.638854959836811,4.518406871099885,39.696058373998504,51.27759005756196,38.33661159208002,52.60092303464032,-8.838020564935707,8.874134369775842
2017-02-01,45.484010707893454,45.822824036174055,-0.3388133282805976,2.7887715140509974,3.616475484931095,4.372188680820407,40.018018540353495,50.95000287543341,38.734532085709105,52.911115986639004,-8.908303142688593,8.230676486127399
2017-02-02,45.048244744967114,46.53102498541492,-1.4827802404478077,2.6369005348623875,3.3711910474669624,4.321236355949548,39.87991969663683,50.216569793297396,39.923490532379674,53.13855943845017,-9.952403498108922,6.986843017213307
2017-02-03,45.06027181063879,46.58669753058824,-1.5264257199494484,2.5643394612731614,3.2875845457687127,4.200907396542971,40.03416646654339,50.08637715473419,40.14303182088156,53.03036324029492,-9.760204217173671,6.707352777274774
2017-02-04,45.09329000361559,46.71164087963682,-1.6183508760212304,2.583955966290434,3.1008132257726873,4.311294754653795,40.028736309686344,50.15784369754484,40.63404695712235,52.789234802151284,-10.068488595142668,6.831786843100208
2017-02-05,44.978609856511966,47.168176716399195,-2.1895668598872264,2.50416371646736,3.1526591386121954,4.46052604835946,40.07044897223594,49.886770740787995,40.988964804719295,53.347388628079095,-10.932197914671768,6.553064194897316
2017-02-06,44.93502367987198,47.7491758035527,-2.814152123680716,2.379866208259274,3.1171658581440567,4.445271813753577,40.27048591168381,49.59956144806016,41.639530721590354,53.85882088551505,-11.526884878637727,5.898580631276296
2017-02-07,44.859385528343914,47.95968184215924,-3.100296313815328,2.4603678069760977,2.9822809420805765,4.452794863215424,40.03706462667076,49.681706430017066,42.11441119568131,53.80495248863717,-11.82777424571756,5.6271816180869045
2017-02-08,44.78729162581884,48.28293929507801,-3.495647669259166,2.54053431279392,3.0428549374329177,4.675402430440008,39.80784437274276,49.76673887889492,42.31894361770949,54.246934972446525,-12.65943643292158,5.66814109440325
2017-02-09,44.80589652729579,48.406117048048856,-3.600220520753058,2.529087706883481,3.014946510791099,4.690138490713328,39.848884621804174,49.76290843278741,42.4968218868983,54.31541220919941,-12.792891962551181,5.592450921045064
2017-02-10,44.98865918969672,48.29332942256743,-3.3046702328707163,2.6268084142208323,2.9880658290859152,4.846620435422166,39.840114697823886,50.13720368156955,42.436720397559036,54.14993844757583,-12.80404628629816,6.194705820556727
2017-02-11,44.959239083347974,48.36448934286393,-3.405250259515955,2.646074244735344,3.0231644231917945,4.940407611714856,39.7729335636667,50.14554460302925,42.43908707340802,54.28989161231985,-13.088449178477074,6.277948659445163
2017-02-12,44.480138769482046,49.05328064023736,-4.573141870755312,2.6998652508446974,3.1218171650828466,5.221915977175075,39.18840287782644,49.77187466113765,42.93451899667498,55.17204228379974,-14.808097186018458,5.6618134445078345
2017-02-13,44.446415846593226,49.18485759957651,-4.73844175298328,2.4940045248500495,2.918311057491169,4.869687188745401,39.558166977887126,49.334664715299326,43.46496792689382,54.9047472722592,-14.283028642924268,4.806145136957707
2017-02-14,44.380434454850366,49.342378039361506,-4.961943584511144,2.5628930997464354,2.8894832241631128,4.9420171176131404,39.357163979347355,49.40370493035338,43.67899092000181,55.0057651587212,-14.648297135032898,4.724409966010611
2017-02-15,44.448890008091794,49.39232693465269,-4.943436926560898,2.652546000499815,2.8480326299372583,5.0078369688046696,39.24989984711216,49.64788016907143,43.810182979975664,54.97447088932971,-14.758797385418049,4.871923532296253
2017-02-16,44.39567931864856,49.491925593607135,-5.096246274958578,2.919199024242599,2.8818035034625282,5.335201511932764,38.67404923113307,50.117309406164054,43.84359072682058,55.14026046039369,-15.553241238346796,5.360748688429639
2017-02-17,44.26216116336668,49.76334446969395,-5.501183306327277,2.8053690377764657,2.838739221949066,5.207509200892815,38.7636378493248,49.76068447740855,44.19941559467378,55.327273344714115,-15.707901340077193,4.7055347274226405
2017-02-18,44.16563239797664,49.84193413729041,-5.676301739313773,2.7342032131011504,2.777994573120608,5.051505661258471,38.80659410029838,49.52467069565489,44.397064773974016,55.2868035006068,-15.577252835380376,4.224649356752829
2017-02-19,43.82184349044761,49.88326884425706,-6.061425353809454,3.0005355779681713,2.936224690651437,5.568835905165027,37.94079375763,49.70289322326523,44.128268450580244,55.638269237933876,-16.976343727932907,4.8534930203140005
2017-02-20,43.93946547924438,49.7576371462327,-5.818171666988321,2.9274479211985747,2.8621746782512365,5.449124587497841,38.201667553695174,49.67726340479359,44.14777477686028,55.367499515605125,-16.49845585848409,4.862112524507446
2017-02-21,43.577953149791774,50.057334470997745,-6.479381321205969,2.9125659292315236,2.7581487417988297,5.349623937884401,37.86932392849799,49.28658237108556,44.65136293707204,55.46330600492345,-16.964644239459396,4.005881597047456
2017-02-22,43.69997769857463,49.83997267491908,-6.139994976344455,2.726409270927031,2.6097639975228986,5.024131587844528,38.35621552755765,49.043739869591604,44.7248352397742,54.95511011006396,-15.987292888519729,3.7073029358308203
2017-02-23,43.74148760406073,49.909032826475766,-6.1675452224150344,2.706036857869275,2.635381242831374,5.02963121028777,38.43765536263695,49.04531984548451,44.743685590526276,55.074380062425256,-16.025622394579063,3.690531949748994
2017-02-24,43.70543875257306,49.91361774993903,-6.208178997365971,2.681259081025079,2.61731124027542,4.997798284322921,38.4501709537639,48.960706551382216,44.783687718999204,55.04354778087885,-16.003863634638897,3.5875056399069543
2017-02-25,43.6717998842338,49.931412081436484,-6.259612197202689,2.655281263033767,2.6139785503264252,4.977992036723769,38.46744860868762,48.87615115977998,44.80801412279669,55.054810040076276,-16.016476589181277,3.4972521947759
2017-02-26,44.01877714415583,49.70507623286135,-5.686299088705527,2.9070307860401474,2.7732838788781264,5.426941298260114,38.32099680351714,49.716557484794514,44.269439830260225,55.14071263546248,-16.32310403329535,4.950505855884296
2017-02-27,44.026847927654174,49.7247315964798,-5.697883668825628,2.8679716853801076,2.7443127572956225,5.362714945990773,38.40562342430916,49.648072430999186,44.34587859218038,55.10358460077922,-16.208804962967545,4.813037625316288
2017-02-28,44.07149221643817,49.7383062401994,-5.666814023761225,2.7727641847332007,2.6759922299430765,5.188584782424737,38.6368744143611,49.506110018515244,44.49336146951097,54.98325101088783,-15.83644019731371,4.502812149791261
2017-03-01,44.13415618270915,49.81248006804596,-5.678323885336811,2.69005322043827,2.602209410248453,5.020391535378987,38.861651870650135,49.40666049476816,44.712149623958986,54.91281051213293,-15.518291294679626,4.161643524006005
2017-03-02,44.24697238829922,49.76133433606954,-5.514361947770318,2.625421394860306,2.6271959271225476,4.976304940997162,39.10114645437302,49.39279832222542,44.61203031890935,54.91063835322973,-15.267919632124755,4.239195736584119
2017-03-03,44.29994198690249,49.697963682302394,-5.398021695399905,2.5626951877721345,2.5637931015580815,4.860088614223762,39.27705941886911,49.32282455493587,44.67292920324856,54.72299816135623,-14.923795379278477,4.127751988478668
2017-03-04,44.212385751004184,49.775801777036186,-5.5634160260320025,2.386417095122606,2.4620976737787044,4.587916396569224,39.535008244563876,48.88976325744449,44.95009033642992,54.60151321764245,-14.555732163307681,3.428900111243675
2017-03-05,44.335750592232664,49.32853785027428,-4.992787258041621,2.2277423090543054,2.571583634671601,4.435750537702145,39.96937566648623,48.7021255179791,44.28823392631794,54.36884177423062,-13.686858311937826,3.7012837958545832
2017-03-06,44.504259003108004,49.0087533462212,-4.504494343113191,2.5339107259365488,2.6880783847973,4.781041236930098,39.53779398027237,49.47072402594364,43.74011971201849,54.277386980423906,-13.875335167496182,4.8663464812698
2017-03-07,44.422210387059465,49.13523446965044,-4.713024082590973,2.4877347847541085,2.706482633850299,4.78388537635104,39.546250208941416,49.298170565177514,43.83052850730385,54.43994043199703,-14.08943942023901,4.663391255057064
2017-03-08,44.416645601139095,49.209668387303246,-4.793022786164152,2.4933148810324655,2.763175936773834,4.868038300095745,39.529748434315465,49.303542767962725,43.79384355122653,54.62549322337996,-14.33437785435181,4.748332282023507
2017-03-09,44.382841970374194,49.37466617649559,-4.991824206121396,2.529497770259699,2.824246552373971,4.966054792291248,39.425026340665184,49.340657600083205,43.8391429338426,54.91018941914857,-14.725291599012241,4.74164318676945
2017-03-10,44.43883873702549,49.30499094974209,-4.866152212716593,2.59045976078085,2.838651939694925,5.06187828425969,39.36153760589502,49.51613986815596,43.74123314794004,54.868748751544146,-14.787433649865584,5.055129224432398
2017-03-11,44.46813742950021,49.30569742794778,-4.837559998447569,2.5780629702831823,2.805509351581346,5.042160386299462,39.41513400774517,49.52114085125525,43.80689909884834,54.804495757047214,-14.720194355594513,5.045074358699376
2017-03-12,44.05876408004646,49.916194462275605,-5.85743038222915,2.97926609522649,2.9750675825029163,5.635170697017904,38.21940253340254,49.89812562669038,44.08506200056989,55.74732692398132,-16.902364948384243,5.187504183925943
2017-03-13,44.41883305786469,49.605639309170286,-5.186806251305603,3.3772166326899713,3.274213019343288,6.3916353020311165,37.79948845779234,51.038177657937034,43.18818179125744,56.02309682708313,-17.714411443286593,7.340798940675386
2017-03-14,43.9752702466763,49.932882926103474,-5.957612679427174,3.4198234826487632,3.2659150280221763,6.441892437552501,37.272416220684725,50.67812427266788,43.53168947118001,56.33407638102694,-18.583721857030078,6.668496498175728
2017-03-15,43.8592062500231,50.09549167138798,-6.236285421364881,3.358329420245414,3.289433129968126,6.405458989746866,37.27688058634209,50.44153191370411,43.648202736650454,56.54278060612551,-18.79098504126874,6.318414198538976
2017-03-16,43.88504319831993,50.28784924436688,-6.402806046046954,3.04423127521326,3.030708325311945,5.813508891420042,37.91834989890194,49.85173649773792,44.347660926755466,56.2280375619783,-17.797283473230237,4.991671381136329
2017-03-17,43.74423768644132,50.22845730640697,-6.484219619965647,3.00193687215112,2.9639117828839625,5.646082048190759,37.86044141702513,49.62803395585752,44.41919021195441,56.03772440085954,-17.550540434419535,4.5821011944882395
2017-03-18,43.62300758890402,50.3344494442642,-6.711441855360186,3.0142128756116113,2.996497103909218,5.7036115267254415,37.71515035270526,49.530864825102775,44.46131512060214,56.207583767926266,-17.890520447742052,4.467636737021679
2017-03-19,43.803245200516926,50.147728514207074,-6.344483313690153,3.142540454452572,3.1583350014493146,6.031864331724512,37.64386590978989,49.962624491243965,43.957391911366415,56.338065117047734,-18.166937403870197,5.47797077648989
2017-03-20,43.80625636401777,50.16091841439363,-6.354662050375858,3.0144424881884206,3.0550393186576623,5.816809343153568,37.89794908716846,49.71456364086708,44.17304134982461,56.14879547896265,-17.755608362956853,5.046284262205135
2017-03-21,43.40686884777168,50.493798493674596,-7.0869296459029165,3.110936075009416,3.1956149160727905,6.0565050793793755,37.309434140753226,49.50430355479014,44.23039325817193,56.75720372917726,-18.957679601486493,4.78382030968066
2017-03-22,43.32790126293516,50.63914532812065,-7.3112440651854955,3.080398025985192,3.228297818880176,6.066834570993385,37.29032113200418,49.36548139386613,44.3116816031155,56.966609053125794,-19.20223982433253,4.57975169396154
2017-03-23,42.9420489908361,51.07494124772275,-8.132892256886649,3.1947485456294342,3.4187881287520696,6.410166735161736,36.68034184140241,49.20375614026979,44.37411651536869,57.775765980076805,-20.69681905780365,4.431034544030354
2017-03-24,42.96777858939847,51.07548363026909,-8.107705040870622,3.1664801880540048,3.397175541137675,6.368318408553886,36.761477420812625,49.174079757984316,44.41701956963925,57.73394769089893,-20.589609121636236,4.374199039894995
2017-03-25,43.010118139174146,51.034459586559066,-8.024341447384927,3.0735015750079206,3.237506445420158,6.115831921612404,36.98605505215862,49.03418122618967,44.688946953535556,57.37997221958258,-20.011372013745238,3.9626891189753852
2017-03-26,42.87832240716573,51.112816050325414,-8.23449364315968,3.1207631961297233,3.2236712655953084,6.154820334069265,36.76162654275147,48.995018271579994,44.79442036975861,57.431211730892215,-20.29794149793544,3.828954211616077
2017-03-27,42.454377144820185,51.15911577150273,-8.704738626682545,3.256440052896631,2.998530491614734,5.892825838418091,36.07175464114279,48.83699964849758,45.28199600793785,57.036235535067604,-20.254677269982004,2.8452000166169125
2017-03-28,42.078662871620665,51.481689500829994,-9.403026629209329,3.2016862187824064,3.0970282853411377,5.969513141805107,35.80335788280715,48.35396786043418,45.41151406156136,57.551864940098625,-21.10327238714734,2.297219128728681
2017-03-29,41.570921281695064,51.91324905518498,-10.342327773489915,3.4876627195629597,3.3969045329545438,6.574257922180682,34.735102351351664,48.406740212038464,45.25531617059407,58.57118193977588,-23.227873300964053,2.543217753984223
2017-03-30,41.25196017703762,52.32171998160888,-11.069759804571264,3.5244043403316523,3.5513281809367383,6.740998753270107,34.34412766998758,48.159792684087655,45.361116746972876,59.28232321624488,-24.282117360980674,2.142597751838146
2017-03-31,41.3573033461426,52.22581650185376,-10.868513155711156,3.5563940870792403,3.6201066357651515,6.855905448406106,34.38677093546729,48.32783575681791,45.130407495754056,59.32122550795346,-24.306087834587125,2.5690615231648106
2017-04-01,41.6311202171024,52.05758200542306,-10.426461788320658,3.700963897861299,3.67674292616039,7.07874349252665,34.37723097729425,48.885009456910545,44.85116587014869,59.263998140697424,-24.30079903367289,3.447875457031575
2017-04-02,41.66701840703472,52.01213802095923,-10.345119613924513,3.7598053301014627,3.6946128657057007,7.163971765004103,34.29779996003585,49.03623685403358,44.770696804176055,59.2535792377424,-24.386504273332555,3.6962650454835284
2017-04-03,41.531095939962185,52.18774125154041,-10.656645311578224,3.688653849906346,3.527769728816843,6.942600068841108,34.30133439414575,48.76085748577862,45.27331258305939,59.102169920021424,-24.264141446506795,2.950850823350347
2017-04-04,41.59883831280824,52.137729039683435,-10.538890726875191,3.5839663973005083,3.4332845282274405,6.722402680846388,34.57426417409924,48.62341245151724,45.40849136435765,58.86696671500922,-23.71479998133411,2.637018527583729
2017-04-05,41.57080929810541,52.26956501586289,-10.698755717757484,3.4898046493795447,3.4475056607114656,6.637489820868981,34.730792185321505,48.410826410889314,45.51245392086842,59.02667611085736,-23.708235766660685,2.3107243311457193
2017-04-06,41.27290637271509,52.38134100019279,-11.108434627477699,3.338691364439463,3.3470933982331195,6.264998616146108,34.72907129841374,47.81674144701644,45.821037939655874,58.94164406072971,-23.387831915124067,1.1709626601686711
2017-04-07,41.29089298931018,52.330191033529786,-11.039298044219603,3.2963124043169714,3.283002668818296,6.162893453926651,34.830120676848914,47.751665301771446,45.89550580264593,58.764876264413644,-23.11856921391584,1.0399731254766333
2017-04-08,41.33665837787859,52.25136307164243,-10.914704693763843,3.2851418576735307,3.2450332057888085,6.12250091334727,34.89778033683847,47.77553641891871,45.891097988296366,58.611628154988495,-22.914806483924494,1.0853970963968056
2017-04-09,41.944124367374535,51.68091968025631,-9.736795312881773,3.5593679954256494,3.427905106618686,6.6508099903139035,34.96776309634026,48.920485638408806,44.96222567128368,58.399613689228936,-22.772382893897024,3.2987922681334787
2017-04-10,42.102133875116394,51.536366154358596,-9.434232279242206,3.5941340710387073,3.461235213689277,6.740737915950874,35.057631095880524,49.146636654352264,44.75234513552761,58.32038717318958,-22.646078594505916,3.7776140360215056
2017-04-11,42.1557481379228,51.39531702981557,-9.239568891892773,3.4383220468128157,3.3335438697313027,6.461593529347119,35.41663692616968,48.89485934967592,44.86157104514222,57.929063014488925,-21.904292209413125,3.4251544256275785
2017-04-12,42.06825689885181,51.30525004034229,-9.23699314149048,3.347162870610488,3.2902821915028904,6.274630383613812,35.50781767245525,48.62869612524836,44.85629694499662,57.75420313568795,-21.535268693373553,3.0612824103925913
2017-04-13,42.13443351740571,51.3717815386664,-9.237348021260685,3.2243763309287785,3.1636506425330206,6.036809745568339,35.814655908785305,48.45421112602612,45.17102627930168,57.572536798031116,-21.06949512257463,2.59479908005326
2017-04-14,42.19507430715683,51.322065271762824,-9.126990964605996,3.200052093556272,3.1220817219997246,5.977398832650765,35.922972203786536,48.467176410527124,45.20278509664337,57.44134544688228,-20.842692676601494,2.588710747389504
2017-04-15,42.49652329878581,50.98570413950092,-8.489180840715107,3.2784125812795466,3.279849703662934,6.24857904175418,36.0708346394779,48.92221195809372,44.557198720321566,57.41420955868027,-20.7363957625533,3.7580340811230855
2017-04-16,42.53601526668035,50.959214312324995,-8.423199045644642,3.2519345439964202,3.247398131476567,6.192957010395031,36.162223560447366,48.90980697291334,44.59431397463092,57.32411465001907,-20.5613947860189,3.714996694729619
2017-04-17,42.65408464163243,51.02890677204986,-8.374822130417428,3.096788591512439,3.075585761402451,5.8565464202859525,36.58437900226805,48.72379028099681,45.00075867970105,57.057054864398665,-19.853653114177895,3.104008853343039
2017-04-18,42.434113266536876,51.850286471630056,-9.41617320509318,2.8084776331175,3.321215016678945,5.708659384279639,36.929497105626574,47.93872942744718,45.340705038939326,58.35986790432079,-20.605145598281275,1.772799188094913
2017-04-19,42.479557084048224,51.791237174748225,-9.311680090700001,2.712658972610588,3.2363026132586277,5.527966456814587,37.16274549773147,47.79636867036498,45.44808405276132,58.134390296735134,-20.146494346056592,1.5231341646565895
2017-04-20,42.097250842336166,51.975609793847404,-9.87835895151124,2.609358694043707,2.9025674869420115,4.982562765480245,36.9829078020105,47.21159388266183,46.28657751944106,57.66464206825375,-19.644181971852518,-0.11253593116996008
2017-04-21,42.141276736396655,51.929742600628806,-9.78846586423215,2.6260430867768934,2.9124716131969963,5.038014056857031,36.994232286313945,47.288321186479365,46.22129823876269,57.63818696249492,-19.662973415671928,0.08604168720763106
2017-04-22,42.08432148451035,51.962217890126944,-9.877896405616598,2.5889803895469496,2.861008314966404,4.956212665844543,37.00991992099833,47.15872304802237,46.35464159279279,57.5697941874611,-19.5920732306719,-0.16371958056129365
2017-04-23,42.25412499523022,51.76274708989393,-9.508622094663709,2.611142365476437,2.8464841368977747,5.014320868917563,37.1362859588964,47.37196403156404,46.18363818157429,57.34185599821357,-19.33669099774213,0.31944680841471573
2017-04-24,42.62804740038536,51.48121778333718,-8.85317038295182,3.0624548674627237,3.053755195385634,5.744320241305308,36.625635860158425,48.6304589406123,45.495857600381335,57.46657796629302,-20.112038055910226,2.405697290006584
2017-04-25,42.521292871735994,51.128921091393934,-8.607628219657943,2.732006763786634,3.100202442538812,5.352400819274867,37.16655961471419,47.8760261287578,45.052524304017865,57.20531787877,-19.098333825436683,1.883077386120796
2017-04-26,42.412839457531206,51.293852356367495,-8.881012898836286,2.693154929993293,3.1221625797890282,5.355173582225827,37.13425579474435,47.69142312031806,45.174413699981,57.41329101275399,-19.37715311999891,1.6151273223263356
2017-04-27,42.28364439348362,51.56234565480249,-9.278701261318874,2.800007145239379,3.2698806845391983,5.665672880516276,36.79563038881444,47.7716583981528,45.15337951310566,57.97131179649932,-20.383420107130775,1.8260175844930266
2017-04-28,42.32473664795793,51.47470532128544,-9.149968673327512,2.7477264744056566,3.233819697582856,5.581144253759752,36.93919275812284,47.71028053779301,45.136418714023044,57.81299192854784,-20.089011410696628,1.7890740640416016
2017-04-29,42.22177464529073,51.51374796282368,-9.291973317532957,2.7307837142053337,3.1289870151440673,5.457969161218024,36.86943856544828,47.57411072513318,45.38093341314131,57.64656251250605,-19.989592873520284,1.40564623845437
2017-04-30,42.50395292757945,51.22682289205667,-8.72286996447722,2.8366286341528952,3.3061988485760763,5.794483812304209,36.94416080463977,48.063745050519124,44.746673148847556,57.70697263526578,-20.08005823659347,2.634318307639031
2017-05-01,42.54082320968813,51.234614890330505,-8.693791680642375,2.7781693230006512,3.234900924303935,5.669163423741866,37.09561133660685,47.986035082769405,44.89420907869479,57.57502070196622,-19.80535199117643,2.4177686298916807
2017-05-02,42.60728489826716,51.199526620745985,-8.592241722478823,2.6774091091540053,3.1122689834306887,5.443328944359463,37.35956304432531,47.85500675220901,45.099479413221836,57.299573828270134,-19.26116645342337,2.0766830084657233
2017-05-03,42.60137903516875,51.26816685379901,-8.66678781863026,2.6145343592782813,3.051037340537183,5.317111542162469,37.476891690983315,47.72586637935418,45.28813366634613,57.24820004125189,-19.0883264412687,1.7547508040081805
2017-05-04,42.45842814173199,51.521285520768544,-9.062857379036547,2.4642535915275388,2.941465853925251,5.090106191382991,37.62849110233802,47.28836518112597,45.75601244707505,57.286558594462036,-19.03946551414721,0.9137507560741138
2017-05-05,42.44221057876377,51.52364482317368,-9.081434244409914,2.4243104828634165,2.8732187655142503,4.988432795804761,37.69056203235147,47.19385912517607,45.892136042765756,57.15515360358161,-18.858762524187245,0.6958940353674166
2017-05-06,42.42799345946638,51.38144935883444,-8.95345589936806,2.2886786911807517,2.8108131735428974,4.781097619526913,37.94218322475211,46.91380369418065,45.87225553869036,56.890643178978515,-18.324407233640812,0.4174954349046889
2017-05-07,42.472699794860645,51.31190041563676,-8.83920062077611,2.2321669506751562,2.7578671204655865,4.675912318502399,38.09765257153734,46.84774701818395,45.90648085952421,56.717319971749305,-18.00398876504081,0.32558752348859166
2017-05-08,42.37904553642784,51.35266187667199,-8.973616340244146,2.2635497673386227,2.7055226344207637,4.655577612209205,37.942487992444136,46.81560308041154,46.049837513207294,56.65548624013668,-18.098548460174186,0.1513157796858966
2017-05-09,42.07617091741402,51.75015786599106,-9.673986948577047,2.3559470246501766,2.8819807673068825,4.971974875924524,37.45851474909967,46.693827085728365,46.101475562069574,57.39884016991255,-19.419057705389115,0.07108380823502003
2017-05-10,41.970236632812856,51.831749906775144,-9.861513273962286,2.3134614828093634,2.802156616525979,4.815974017557615,37.435852126506504,46.50462113911921,46.33952293838423,57.32397687516606,-19.300822348375213,-0.42220419954936084
2017-05-11,41.922304264933565,51.97428112194638,-10.051976857012814,2.246205027725993,2.9399207972429493,4.927478179889788,37.51974241059062,46.324866119276514,46.2120363593502,57.736525884542566,-19.709834089596797,-0.3941196244288303
2017-05-12,41.86029555317643,52.03252174417477,-10.172226190998348,2.2013659220045234,2.868183831044001,4.81030738968153,37.54561834604756,46.174972760305295,46.410881435328534,57.65416205302101,-19.600428674774147,-0.7440237072225493
2017-05-13,41.525990128205045,52.371087607743455,-10.845097479538415,2.310928696870917,2.874028489173153,4.9512697222432065,36.99656988233805,46.05541037407204,46.73799176896407,58.00418344652284,-20.5495861351351,-1.1406088239417311
2017-05-14,41.36343787459115,52.55169577560155,-11.188257901010408,2.253011018771824,2.741360159902122,4.780218364811618,36.94753627779838,45.77933947138392,47.17862986219339,57.92476168900971,-20.55748589604118,-1.8190299059796367
2017-05-15,41.24016225580802,52.670837748003464,-11.430675492195435,2.239756034908228,2.7047148233728193,4.7370160127501215,36.850240427387895,45.63008408422815,47.36959669419274,57.97207880181419,-20.71522687718567,-2.146124107205198
2017-05-16,40.97774572306477,52.92553819345779,-11.947792470393019,2.25389914204138,2.7485888898055877,4.775667628414956,36.560103404663664,45.39538804146588,47.538303969438836,58.312772417476744,-21.308101022086333,-2.5874839186997054
2017-05-17,40.673034198486505,53.27885842259599,-12.605824224109485,2.2013855921657832,2.690082250379939,4.693769812642736,36.35831843784157,44.98774995913144,48.006297211851304,58.55141963334067,-21.805613056889246,-3.4060353913297234
2017-05-18,39.78017031386348,54.25510498779585,-14.474934673932374,2.921728642167125,3.5088817596316852,6.280432319420922,34.053582175215915,45.50675845251104,47.37769673891775,61.13251323667396,-26.78458201999738,-2.165287327867368
2017-05-19,39.67911762490615,54.31659318468737,-14.63747555978122,2.877941109451754,3.438597205880371,6.16677827292012,34.03835305038071,45.31988219943159,47.576942661161844,61.0562437082129,-26.724360974704656,-2.550590144857786
2017-05-20,40.184833133040016,53.826367200287194,-13.64153406724718,3.230696906620642,3.736974843757028,6.8419682527057395,33.85266719606356,46.516999070016475,46.50189650652342,61.150837894050966,-27.05179184255043,-0.2312762919439315
2017-05-21,40.06261271161649,53.923760850912444,-13.861148139295961,3.1979419757672716,3.676560309308038,6.750410449688387,33.79464643911264,46.330578984120336,46.71770264466869,61.1298190571562,-27.0919526206852,-0.6303436579067228
2017-05-22,39.97392891886688,54.0201549235528,-14.046226004685918,3.2386739708604306,3.5287589984195082,6.63051369757465,33.626127935980435,46.32172990175333,47.103787286650565,60.93652256045504,-27.042032851932234,-1.0504191574396042
2017-05-23,39.77362795643776,54.061389935412265,-14.28776197897451,3.017469984125303,3.1943442848587558,6.030998184406377,33.85938678755216,45.68786912532335,47.8004751370891,60.32230473373543,-26.10851842041101,-2.4670055375380127
2017-05-24,39.80328536653916,54.03646422462911,-14.233178858089952,2.953979648728361,3.101938040180105,5.8603650624907555,34.01348525503157,45.593085478046746,47.9566656658761,60.11626278338211,-25.71949438057183,-2.7468633356080705
2017-05-25,39.592154697064764,54.37007981964749,-14.777925122582731,3.0625534932447236,3.2412973489771986,6.123380393980907,33.589549850305104,45.59475954382442,48.01713701565218,60.723022623642805,-26.779750694785307,-2.776099550380154
2017-05-26,39.582991109234875,54.36739292980801,-14.784401820573132,3.023865728816975,3.1830105949005216,6.026535030272813,33.6562142807536,45.50976793771615,48.12869216380299,60.60609369581304,-26.596410479907846,-2.9723931612384202
2017-05-27,39.61210937553987,54.374828732148295,-14.762719356608423,2.9960783333725707,3.1484343855704764,5.9702774060125465,33.73979584212964,45.48442290895011,48.20389733643016,60.54576012786643,-26.464463072393016,-3.0609756408238322
2017-05-28,39.72368148693109,54.227349577054184,-14.503668090123094,2.969440823213716,3.163437808235267,5.955509024257984,33.90357747343221,45.543785500429976,48.02701147291306,60.42768768119531,-26.176465777668742,-2.830870402577446
2017-05-29,39.78834700191037,54.179933957563485,-14.391586955653116,2.9071840659175083,3.0879693682026175,5.820624149666842,34.090266232712054,45.48642777110868,48.12751399588635,60.232353919240616,-25.800010289000127,-2.9831636223061064
2017-05-30,39.9198695356856,54.16636980208065,-14.246500266395051,2.9450416324057285,3.0880283477852886,5.853060066810344,34.14758793617037,45.69215113520083,48.11383424042149,60.218905363739815,-25.718497997343327,-2.7745025354467767
2017-05-31,40.03767581633051,54.08324935583155,-14.045573539501033,2.973482185741305,3.0975296881563006,5.87535846483282,34.20965073227755,45.86570090038347,48.0120911670452,60.1544075446179,-25.56127613057336,-2.529870948428707
2017-06-01,39.94165192787126,54.26259231631884,-14.320940388447571,2.8049588963046355,3.027981881771639,5.636332134630905,34.443932491114175,45.43937136462835,48.32774782804643,60.19743680459125,-25.368151372324142,-3.2737294045709984
2017-06-02,39.99683924619299,54.2486996114109,-14.251860365217908,2.7831166382495742,2.959766099344348,5.539904297228111,34.54193063522383,45.451747857162154,48.447558056695975,60.04984116612582,-25.110072787785008,-3.3936479426508104
2017-06-03,39.85373960821309,54.364072634646675,-14.510333026433583,2.7837674527008627,2.9074096783435133,5.474195682627408,34.3975554009194,45.30992381550678,48.66554966509339,60.06259560419996,-25.239756564383303,-3.7809094884838643
2017-06-04,39.76346281290507,54.46967701687716,-14.706214203972088,2.7206359715709647,2.847111797373782,5.350983159949826,34.43101630862598,45.09590931718416,48.88933789402454,60.05001613972977,-25.194141197473748,-4.218287210470429
2017-06-05,39.677266545462096,54.5107739987583,-14.833507453296205,2.6109107537453466,2.7710282961439803,5.154179389659539,34.55988146812122,44.794651622802974,49.0795585383161,59.94198945920051,-24.935699057028902,-4.731315849563508
2017-06-06,39.354651674863966,54.74597230202713,-15.391320627163163,2.489174334004253,2.552457484054077,4.785244708821526,34.475869980215634,44.2334333695123,49.743155633281134,59.74878897077312,-24.770400256453357,-6.01224099787297
2017-06-07,39.34854436651644,54.84545102578251,-15.496906659266065,2.4029569962351083,2.4667098016717466,4.612342453199217,34.63874865389563,44.05834007913725,50.010699814505884,59.680202237059135,-24.53709786753653,-6.456715450995601
2017-06-08,39.277681240026844,54.994754597622844,-15.717073357595998,2.27707699809131,2.3885299714406454,4.406977808776577,34.81461032376788,43.74075215628581,50.31323585359918,59.67627334164651,-24.354749862798087,-7.0793968523939075
2017-06-09,39.295320567368506,54.96636028275005,-15.671039715381546,2.272258331331871,2.3694866487614927,4.395521180069232,34.84169423795804,43.748946896778975,50.32216645117752,59.61055411432258,-24.28626122831724,-7.0558182024458524
2017-06-10,38.94682292037981,55.366107128437136,-16.41928420805733,2.4590141025278496,2.6247804563211616,4.875192684171874,34.127155279425224,43.76649056133439,50.22153743404766,60.51067682282661,-25.974661869034204,-6.8639065470804574
2017-06-11,38.873573659461655,55.41359023282576,-16.54001657336411,2.351041165439111,2.6096234742796227,4.766895882266955,34.265532975201,43.48161434372231,50.2987282232377,60.52845224241382,-25.883132502607342,-7.196900644120877
2017-06-12,38.87478166591655,55.200580315407564,-16.32579864949101,2.605403033359851,2.7492852010903785,5.043347712377228,33.76819172053124,43.98137161130186,49.81198132127042,60.589179309544704,-26.210760165750376,-6.440837133231643
2017-06-13,38.91500773056552,55.23545101741615,-16.320443286850637,2.513000178401714,2.6591053441783714,4.859347234225701,33.98952738089816,43.84048808023288,50.02360454282655,60.44729749200576,-25.84476386593301,-6.796122707768264
2017-06-14,38.99047969564526,55.242744808165845,-16.252265112520583,2.4792902050049395,2.558003124445735,4.71477009530667,34.131070893835584,43.84988849745494,50.22905868425221,60.25643093207948,-25.493214499321656,-7.011315725719509
2017-06-15,39.27481971024866,55.08790804529531,-15.813088335046654,2.509904338467827,2.4719599765543574,4.6788746977556785,34.355407206851716,44.1942322136456,50.24286649124877,59.932949599341846,-24.983682742647783,-6.642493927445525
2017-06-16,39.28663761303734,55.06748143259003,-15.780843819552684,2.4478355637753735,2.431930520324281,4.576871005013969,34.48887990803761,44.084395318037075,50.30089761275444,59.83406525242562,-24.751510989380066,-6.810176649725305
2017-06-17,39.24474071300135,55.063623524820855,-15.818882811819506,2.4327967353138993,2.536245992213612,4.660523860632148,34.476459111786106,44.01302231421659,50.09258138008217,60.03466566955954,-24.95350957865852,-6.684256044980495
2017-06-18,38.855213372435244,55.41106864221447,-16.55585526977922,3.253362412366993,3.5476651040412115,6.590557285901927,32.47862304419594,45.23180370067455,48.45764503829369,62.36449224613524,-29.473347550146997,-3.6383629894114424
2017-06-19,39.184328192134004,55.13616848825144,-15.951840296117433,3.2450546755781216,3.46616998323704,6.515831800174665,32.824021028000885,45.54463535626712,48.342475321106846,61.92986165539604,-28.722870624459777,-3.1808099677750903
2017-06-20,39.244445086673224,55.23702889430998,-15.992583807636755,2.995173787688727,3.2693594476944017,6.07439895196962,33.37390446280332,45.11498571054313,48.82908437682895,61.64497341179101,-27.898405753497208,-4.086761861776301
2017-06-21,39.7547355944249,54.81948488399403,-15.064749289569123,3.1352414880993025,3.2874576367059913,6.245110444875163,33.60966227775027,45.899808911099534,48.37606791605029,61.26290185193777,-27.305165761524442,-2.8243328176138043
2017-06-22,39.96940753946839,54.62386706547105,-14.654459526002661,3.1609263901622797,3.2735010924275514,6.2724506728231395,33.773991814750325,46.16482326418646,48.20780492431305,61.039929206629054,-26.948462844736014,-2.3604562072693085
2017-06-23,39.89098091977516,54.64225143779892,-14.751270518023757,3.1350523111240194,3.215680174909573,6.187243836794,33.74627838997208,46.03568344957824,48.33951829497616,60.94498458062168,-26.878268438139997,-2.6242725979075168
2017-06-24,39.91000469291619,54.619511238504835,-14.709506545588644,3.1802354402742736,3.1679398828958627,6.186448805903118,33.67674322997861,46.143266155853766,48.41034906802894,60.82867340898073,-26.834946205158754,-2.584066886018533
2017-06-25,39.68762059511965,54.52667185792865,-14.839051262808995,3.0867535891493176,3.0641162154906727,5.91614605626081,33.637583560386986,45.73765762985231,48.52100407556693,60.53233964029037,-26.434697533080183,-3.2434049925378083
2017-06-26,39.41039176505271,54.80704913913276,-15.396657374080052,3.154639332892262,3.1507650269092995,6.081861517437304,33.22729867258387,45.593484857521545,48.63154968639053,60.98254859187499,-27.317105948257165,-3.4762087999029365
2017-06-27,39.63214405840102,54.47521936546937,-14.84307530706835,2.9117075928804823,2.9560748109745294,5.629146262855924,33.92519717635527,45.339090940446766,48.681312735959295,60.26912599497945,-25.87620198226596,-3.809948631870739
2017-06-28,39.55987309556911,54.53014923085198,-14.970276135282877,2.91813291375694,2.9150955414482795,5.593774743387633,33.840332584605505,45.279413606532714,48.81656196961335,60.24373649209061,-25.934074632322638,-4.0064776382431155
2017-06-29,39.406019311319376,54.75423992520039,-15.348220613881017,2.7651456499646216,2.803148419027903,5.31687208282022,33.98633383738872,44.82570478525003,49.2600690239057,60.248410826495075,-25.769289896208647,-4.927151331553386
2017-06-30,39.37841777556939,54.78946471770569,-15.411046942136297,2.708166188202884,2.7475106779041005,5.209166389624386,34.070412046691736,44.68642350444704,49.40434378901365,60.17458564639773,-25.621013065800092,-5.2010808184725015
2017-07-01,39.35471215640657,54.76394976626977,-15.409237609863197,2.6458314154522338,2.6876550469036435,5.088446052452336,34.16888258212019,44.54054173069295,49.49614587433862,60.03175365820091,-25.382591872669778,-5.435883347056619
2017-07-02,39.164417084355016,54.96077021760389,-15.796353133248873,2.6935401783922464,2.7776699068603588,5.232847886886742,33.885078334706215,44.44375583400382,49.516537200157586,60.40500323505019,-26.052734991546888,-5.539971274950858
2017-07-03,39.10545410367878,54.948514731620534,-15.843060627941751,2.645514568853132,2.7129534206220787,5.115466111161371,33.92024554872664,44.29066265863092,49.63112602720126,60.26590343603981,-25.86937420581804,-5.816747050065464
2017-07-04,39.032402547655785,55.00826499337812,-15.975862445722335,2.610670388641534,2.677608214343761,5.054324818969198,33.91548858591838,44.14931650939319,49.76015289326435,60.25637709349189,-25.88233909090196,-6.069385800542708
2017-07-05,39.00020796275233,55.11705214243828,-16.11684417968596,2.5215367357529295,2.6476107226448757,4.927701073791791,34.057995960676585,43.94241996482807,49.92773512605433,60.306369158822235,-25.77513828431787,-6.458550075054049
2017-07-06,39.197421507856454,55.082736578853265,-15.885315070996809,2.3992283300199646,2.5110577195602173,4.675173023060681,34.494933981017326,43.89990903469558,50.161063448515236,60.00440970919129,-25.048654196195745,-6.7219759457978725
2017-07-07,39.20901066870976,55.055500336369526,-15.846489667659771,2.329958982307213,2.463260656153466,4.54879104906674,34.642291063387624,43.77573027403189,50.22750945030873,59.88349122243032,-24.76212012383058,-6.930859211488961
2017-07-08,39.31441111380268,54.95309307566324,-15.638681961860563,2.2953055328784653,2.4869305142678306,4.537967811135788,34.815612269360884,43.81320995824447,50.078709267698294,59.82747688362819,-24.533098871686708,-6.744265052034418
2017-07-09,39.92519417513372,54.443503068102785,-14.51830889296907,2.875403272466018,2.8939813060121677,5.5886326665336465,34.289403761100324,45.56098458916711,48.771299708318935,60.115706427886636,-25.472028919375017,-3.564588866563124
2017-07-10,39.904182123390605,54.51109528190173,-14.60691315851113,2.721900870851594,2.736252873416947,5.280996854687521,34.56925641652148,45.23910783025973,49.14803965000451,59.87415091379895,-24.95766699369867,-4.25615932332359
2017-07-11,39.69425961080115,54.65843214708986,-14.964172536288714,2.654197397905635,2.69101613441569,5.11639109482104,34.4920327109061,44.89648651069619,49.38404052363511,59.932823770544616,-24.992299082137954,-4.936045990439476
2017-07-12,39.76017233956668,55.05286263710084,-15.292690297534154,2.564775761355222,2.860188810341548,5.057130804752552,34.73321184731044,44.787132831822916,49.4468925688314,60.65883270537027,-25.204666674849157,-5.3807139202191525
2017-07-13,39.463919777021694,55.3078316409629,-15.843911863941214,2.5221365347998033,2.711516976907851,4.8864430504343055,34.52053216881408,44.40730738522931,49.993258366223515,60.62240491570229,-25.421340242792454,-6.266483485089976
2017-07-14,39.50312806898623,55.238570768023784,-15.735442699037561,2.5023135840578643,2.700768786584397,4.837369079316991,34.59859344423281,44.407662693739645,49.94506394631837,60.5320775897292,-25.21668609449886,-6.254199303576259
2017-07-15,39.72260815039437,54.99472917372275,-15.272121023328378,2.505870162225866,2.6958437086619256,4.865248321955989,34.81110263243168,44.63411366835707,49.71087550474538,60.278582842700125,-24.808007734362114,-5.7362343122946395
2017-07-16,39.647227240363534,54.967337494082784,-15.32011025371925,2.3821065813748117,2.5645673822226125,4.623636984229224,34.9782983408689,44.316156139858165,49.94078542492646,59.99388956323911,-24.382438742808528,-6.257781764629971
2017-07-17,39.65076792959157,54.98117867615945,-15.33041074656788,2.2813682109081874,2.489111284152206,4.443722812374198,35.17928623621152,44.122249622971616,50.10252055922113,59.85983679309778,-24.04010745882131,-6.620714034314451
2017-07-18,39.348625267944676,55.15777781107192,-15.80915254312724,2.2272843255271,2.466953206692915,4.362300575100781,34.98314798991156,43.714102545977795,50.322549525953804,59.99300609619003,-24.35926167032477,-7.25904341592971
2017-07-19,39.391277443413884,55.17530078937861,-15.784023345964725,2.278143950491789,2.4717547313419432,4.4654054521287145,34.92611530044998,43.85643958637779,50.3306615159484,60.01994006280882,-24.536218032137008,-7.031828659792444
2017-07-20,39.2839313974429,55.18143300796071,-15.897501610517812,2.1318326045078093,2.4382623598936486,4.232035058887186,35.10553949260759,43.46232330227821,50.40243878256916,59.96042723335226,-24.192290325936696,-7.602712895098929
2017-07-21,39.24743692521637,55.150022054269606,-15.902585129053238,2.09340375920429,2.3888426314759643,4.133837294615249,35.14436555717596,43.35050829325678,50.467890496576715,59.8321536119625,-24.004906226499124,-7.80026403160735
2017-07-22,39.22240407583305,55.067912390840696,-15.845508315007645,2.0682548240444025,2.3588464911831344,4.060482489107563,35.16862462070602,43.276183530960076,50.44457326812175,59.69125151355964,-23.804053993658467,-7.886962636356823
2017-07-23,39.16292513075835,55.044687840610564,-15.881762709852206,2.0518027266219567,2.3358528555897333,4.008663185968152,35.14139178657932,43.18445847493739,50.466416243654685,59.62295943756644,-23.738742554349784,-8.024782865354627
2017-07-24,39.36452167933558,55.03182347248587,-15.667301793150289,2.3450263703812695,2.2690088927890697,4.251779656580923,34.768269993388294,43.96077336528287,50.584566042619294,59.47908090235244,-24.000789920048895,-7.333813666251681
2017-07-25,39.23319679166804,55.162964207010624,-15.929767415342583,2.3202142503653658,2.3110189812041466,4.285489288110791,34.685576860951926,43.78081672238416,50.633367003850495,59.692561410170754,-24.329326420039735,-7.530208410645432
2017-07-26,38.89718885750916,55.459459002052085,-16.56227014454293,2.508798137724222,2.5893336928461004,4.776661368635196,33.979944507569684,43.81443320744863,50.384364964073725,60.534553040030445,-25.92452642706791,-7.200013862017945
2017-07-27,38.67621636979824,55.66031805827892,-16.984101688480678,2.4702439608613154,2.6513833857967373,4.822090957167145,33.83453820651006,43.51789453308642,50.46360662211731,60.857029494440525,-26.43539996452828,-7.532803412433074
2017-07-28,38.65781048844806,55.70831018486129,-17.050499696413233,2.4237531629121163,2.6108019150372512,4.74832582996914,33.90725428914031,43.4083666877558,50.59113843138828,60.8254819383343,-26.357218323152747,-7.7437810696737195
2017-07-29,38.73128999080501,55.68963787065833,-16.958347879853317,2.4725283460728424,2.5680095683045856,4.772598865646938,33.88513443250224,43.57744554910778,50.65633911678134,60.72293662453532,-26.312641656521315,-7.6040541031853195
2017-07-30,38.66448122408286,55.7820548572788,-17.117573633195935,2.4072459514472087,2.519353361646669,4.66300216380951,33.94627915924633,43.382683288919395,50.84412226845133,60.71998744610627,-26.25705787426257,-7.978089392129297
2017-07-31,38.76529041464563,55.97716610179267,-17.211875687147046,2.2870023819256455,2.3944071778933234,4.337153755238344,34.28276574607136,43.24781508321989,51.28412803312175,60.670204170463585,-25.7126970474142,-8.711054326879893
2017-08-01,38.33317498715887,56.43458056417034,-18.10140557701147,2.512668625548796,2.729683781133635,4.976509216710756,33.40834448108323,43.258005493234506,51.08440035314841,61.78476077519227,-27.85536364176455,-8.347447512258388
2017-08-02,38.14474793141995,56.538058507494675,-18.393310576074725,2.555842141289951,2.7698214253944444,5.0453249262943896,33.135297334491646,43.15419852834825,51.10920851372156,61.96690850126779,-28.282147431611726,-8.504473720537723
2017-08-03,37.896302161228846,56.80578322717227,-18.909481065943424,2.522797280083081,2.7149756304047874,4.985536814801712,32.951619492266005,42.84098483019169,51.48443099157889,62.12713546276565,-28.68113322295478,-9.137828908932068
2017-08-04,37.880981203920484,56.747870670676306,-18.866889466755826,2.475819754168161,2.7021823212402523,4.920494714777435,33.02837448575089,42.73358792209008,51.451593321045415,62.0441480203072,-28.511059107719596,-9.222719825792053
2017-08-05,37.5922219416946,56.87875950039981,-19.286537558705206,2.5563687349725845,2.6368486577960377,4.932880283194125,32.58173922114834,42.60270466224087,51.710536131119575,62.04698286968004,-28.95498291376569,-9.618092203644721
2017-08-06,37.66359642316441,56.92413162148103,-19.260535198316624,2.3480209649397277,2.4571387479282176,4.574027598560015,33.06147533188254,42.26571751444627,52.10813967554172,61.74012356742034,-28.225629291494254,-10.295441105138995
2017-08-07,37.711461106640655,56.872095817428495,-19.160634710787843,2.287003448127019,2.4433447013362772,4.505067539699402,33.2289343483117,42.193987864969614,52.08314020280939,61.6610514320476,-27.99056708859867,-10.330702332977015
2017-08-08,37.6437393824961,56.88977644017273,-19.246037057676638,2.212688885201289,2.3479493637192395,4.333165862391397,33.306869167501574,41.98060959749063,52.28779568728302,61.49175719306244,-27.739042147963776,-10.7530319673895
2017-08-09,37.6530701919764,56.88986900008882,-19.23679880811242,2.1240184150126153,2.212838254389985,4.101911394179062,33.48999409855167,41.816146285401125,52.552706021484454,61.22703197869319,-27.276545140703384,-11.19705247552146
2017-08-10,37.833272858092954,56.638018703872,-18.804745845779046,2.0150922997138325,2.1569646394041566,3.9457173621378994,33.88369195065384,41.78285376553207,52.41036801063985,60.86566939710415,-26.538351875569326,-11.071139815988763
2017-08-11,37.91781068207944,56.48972870197902,-18.57191801989958,2.01015836681382,2.2345972443893714,4.023342885840704,33.977900283124356,41.857721081034526,52.109918102975854,60.86953930098218,-26.457670076147362,-10.6861659636518
2017-08-12,37.83214358242654,56.44527303605193,-18.613129453625387,1.9576754713274989,2.133893900077088,3.857570855904362,33.99509965862464,41.66918750622844,52.26284099190084,60.62770508020302,-26.173968331197937,-11.052290576052837
2017-08-13,37.74689613958796,56.46528443098388,-18.718388291395915,1.9476517364018524,2.120516576935434,3.8251175366386128,33.92949873624033,41.56429354293559,52.30907194019043,60.62149692177733,-26.215618663207596,-11.221157919584233
2017-08-14,38.24546238640659,55.879526351791114,-17.634063965384527,2.3919986186933526,2.5681398993546996,4.761365669906452,33.557145093767616,42.93377967904556,50.8459721490559,60.913080554526324,-26.966340678401174,-8.301787252367882
2017-08-15,38.15609359890689,55.79860639965388,-17.64251280074699,2.415037807681383,2.610558962765698,4.694125376227935,33.42261949585138,42.889567701962406,50.68191083263311,60.91530196667465,-26.84299853815374,-8.442027063340237
2017-08-16,37.94435431519323,56.032710699906225,-18.08835638471299,2.491345684403278,2.7125131089829675,4.900269760689028,33.061316773762805,42.827391856623656,50.71618500629961,61.34923639351284,-27.692885115663486,-8.483827653762496
2017-08-17,38.05640184691912,56.0605289518609,-18.004127104941773,2.361277314962218,2.531994190778125,4.61185404426426,33.428298309593174,42.68450538424507,51.09782033793578,61.023237565786026,-27.043361031699725,-8.964893178183823
2017-08-18,37.96824354813022,56.0755581414521,-18.10731459332188,2.354456229106654,2.5066834522412265,4.564088726037045,33.35350933908118,42.58297775717926,51.1624585750593,60.9886577078449,-27.05292849635449,-9.161700690289274
2017-08-19,37.91101289966647,56.1593711714646,-18.248358271798136,2.251093256615399,2.393645403012584,4.362352212570028,33.49887011670029,42.323155682632645,51.467826181559936,60.85091616136926,-26.79856860843539,-9.69814793516088
2017-08-20,37.72559361020814,56.40430358859219,-18.67870997838405,2.1514608517434324,2.2931247628020217,4.1929096891375455,33.50873034079102,41.94245687962527,51.90977905350023,60.898828123684154,-26.896812969093638,-10.46060698767446
2017-08-21,37.74464627853666,56.72916375569284,-18.984517477156167,1.9628190758281119,2.30431460232928,3.939765732839657,33.897520889913565,41.59177166715976,52.212707135127445,61.24562037625823,-26.706458313521896,-11.262576640790439
2017-08-22,37.698753212920906,56.7925472129196,-19.093793999998695,1.8762381690653047,2.2022374790075046,3.779289670037325,34.02132640155291,41.3761800242889,52.47616175406489,61.10893267177431,-26.50120175327185,-11.686386246725538
2017-08-23,37.55703844242376,56.9020476660872,-19.345009223663435,1.9122151530134484,2.206052967379288,3.8399524452399265,33.809096742517404,41.304980142330116,52.57818385002379,61.22591148215061,-26.87131601633369,-11.81870243099318
2017-08-24,37.42103364199829,57.0435126740548,-19.622479032056507,1.8641563805412966,2.1516961441982136,3.751462312046973,33.76728713613735,41.07478014785924,52.8261882314263,61.260837116683305,-26.975345163668575,-12.26961290044444
2017-08-25,37.34626439236178,57.09650842573369,-19.75024403337191,1.863818129846241,2.118467816477023,3.7204194132278556,33.69318085786315,40.999347926860416,52.94431150543872,61.24870534602866,-27.042266083298507,-12.458221983445313
2017-08-26,37.40649834288303,57.02174132251206,-19.61524297962902,1.8544638819339312,2.124058074767464,3.73734975338647,33.77174913429253,41.04124755147354,52.858587495967825,61.18489514905629,-26.9404484962665,-12.290037462991538
2017-08-27,37.37019996660623,57.04865172124987,-19.67845175464364,1.8241258445998854,2.084504442206001,3.6721310432174827,33.794913311190456,40.945486622022,52.96302301452611,61.13428042797363,-26.875828599349905,-12.481074909937373
2017-08-28,37.51100060193127,56.923986230560445,-19.41298562862917,1.8822248191419182,2.0965525573333665,3.7634400432833246,33.821839956413115,41.20016124744943,52.81474321818705,61.03322924293384,-26.789328113464485,-12.036643143793853
2017-08-29,37.455106392458866,56.97702001371202,-19.521913621253155,1.7613466805988633,2.0078754773720147,3.573419355662752,34.002866898485095,40.90734588643264,53.041584078062876,60.91245594936117,-26.52581555835215,-12.51801168415416
2017-08-30,37.54524702591908,56.96976241492605,-19.424515389006974,1.748071648708039,1.943026377969518,3.502617934077805,34.11902659445133,40.97146745738684,53.1614307141058,60.778094115746306,-26.28964653979947,-12.559384238214475
2017-08-31,37.62518899600089,57.05115639931894,-19.425967403318058,1.7219540309205423,1.8467541731077002,3.3571870593708226,34.250159095396626,41.00021889660515,53.43151822002785,60.670794578610035,-26.00605403968487,-12.845880766951247
2017-09-01,37.57057625809524,57.10190318174247,-19.53132692364724,1.737467091381931,1.8275370736905154,3.353933267958203,34.16514075898665,40.97601175720382,53.519930517309064,60.68387584617588,-26.105036128845317,-12.95761771844916
2017-09-02,37.56975435409103,57.07079021318349,-19.501035859092465,1.6973318576593475,1.8055342559612433,3.275194320721937,34.24298391307871,40.89652479510335,53.531943071499455,60.60963735486753,-25.92041672770746,-13.081654990477467
2017-09-03,37.83772110910873,56.78823643740634,-18.950515328297605,1.9816540856817817,2.0795422961851293,3.8584411935546514,33.95367910117243,41.72176311704502,52.712333536883484,60.864139337929196,-26.51306006766472,-11.38797058893049
2017-09-04,37.887831352371514,56.744713727552295,-18.856882375180785,1.9442173321146732,2.0512740713999102,3.785049115583826,34.07716538142675,41.698497323316275,52.72421654760847,60.76521090749612,-26.275578641725083,-11.438186108636486
2017-09-05,38.09259800859598,56.47196127691249,-18.37936326831651,1.963718139485107,2.1472504372887262,3.8676140879204466,34.24371045520517,41.94148556198679,52.26335041982659,60.68057213399839,-25.959886880640585,-10.798839655992435
2017-09-06,38.496437089919596,56.056122085628246,-17.559684995708647,2.2793420926284522,2.3829404835550645,4.448428487271838,34.02892658836783,42.96394759147136,51.38555873786032,60.72668543339617,-26.27860483076145,-8.840765160655845
2017-09-07,38.561123983411676,55.95985613344496,-17.398732150033286,2.206395768460551,2.255962428721138,4.254798737112662,34.236588277228996,42.885659689594355,51.53816977315153,60.38154249373839,-25.7381376747741,-9.059326625292469
2017-09-08,38.97567277277599,55.51575675183632,-16.540083979060327,2.489023676050189,2.592703343036989,4.918110040226426,34.09718636771762,43.854159177834354,50.43405819948382,60.59745530418882,-26.17957965790412,-6.900588300216532
2017-09-09,38.97663520182062,55.41962109861749,-16.44298589679687,2.3629692494147467,2.497191529943619,4.69711560681775,34.345215472967716,43.608054930673525,50.525125699928,60.31411649730698,-25.649332486159658,-7.23663930743408
2017-09-10,38.95542709060172,55.396253090314026,-16.44082599971231,2.318821097779988,2.449618608515424,4.604674668390825,34.41053773895294,43.500316442250494,50.595000617623796,60.197505563004256,-25.465988349758327,-7.415663649666293
2017-09-11,39.19445399089996,54.99605880977744,-15.801604818877474,2.671742650460612,2.8928931904485284,5.416907988560673,33.95783839599716,44.43106958580276,49.32598815649832,60.666129463056556,-26.41874447645639,-5.184465161298556
2017-09-12,38.92128996865424,55.094667185406315,-16.173377216752076,2.6160412747613004,2.7530127574283365,5.211654032695552,33.79384907012209,44.04873086718639,49.69876218084678,60.49057218996585,-26.38821912083536,-5.958535312668793
2017-09-13,38.90265153238273,54.90024614819027,-15.99759461580754,2.4909083741675353,2.7552862814374794,5.068480715710199,34.02047111901436,43.784831945751094,49.49988503657281,60.30060725980773,-25.93181681859953,-6.06337241301555
2017-09-14,39.05490062914345,54.80563835780607,-15.750737728662623,2.388976769564874,2.6386668486672673,4.861508102493438,34.37250616079629,43.7372950974906,49.633851334418225,59.97742538119391,-25.27929360954976,-6.2221818477754844
2017-09-15,39.165974733592506,54.68316238510963,-15.517187651517133,2.4141829085646527,2.6977413874698946,4.949878224236148,34.43417623280579,43.89777323437922,49.39558926566864,59.970735504550625,-25.218948971019984,-5.815426332014283
2017-09-16,39.22404752299062,54.64943426349009,-15.425386740499473,2.3464278966041796,2.6003674650019106,4.787433587912354,34.625048845646425,43.82304620033481,49.55271403208635,59.74615449489384,-24.808756572807688,-6.042016908191258
2017-09-17,39.37387948896114,54.487489418001736,-15.1136099290406,2.3467214736498843,2.585743637827153,4.784178991458834,34.77430540060736,43.97345357731491,49.41943188786052,59.555546948142954,-24.490600752299912,-5.736619105781285
2017-09-18,39.49079763201642,54.476685317293565,-14.985887685277143,2.278974950255265,2.3959159010565414,4.510812611032261,35.024006729516096,43.95758853451674,49.78069015122274,59.17268048336439,-23.827080402900375,-6.144694967653912
2017-09-19,39.45932369770857,54.27323915603186,-14.81391545832329,2.168126947965029,2.446119272370125,4.414957512475143,35.209794879697114,43.708852515720025,49.47884538218642,59.067632929877306,-23.46723218277457,-6.1605987338720105
2017-09-20,39.6743906189247,54.22284455533901,-14.548453936414312,2.1823303117690385,2.325923091446979,4.322289708188114,35.39702320785738,43.951758029992014,49.66403529610293,58.78165381457509,-23.020141764463013,-6.076766108365609
2017-09-21,39.76409465773847,54.3146432888789,-14.550548631140426,2.1251088439514105,2.22308143480005,4.146795402759734,35.5988813235937,43.929307991883235,49.9574036766708,58.671882901086995,-22.678267620549505,-6.422829641731347
2017-09-22,39.745020215004914,54.312287402195416,-14.567267187190502,2.097650309921272,2.186738382850892,4.084596175213185,35.633625607559225,43.8564148224506,50.02628017180767,58.59829463258316,-22.573075690608345,-6.56145868377266
2017-09-23,39.73673404929681,54.26600994697501,-14.5292758976782,2.075971708264308,2.1586643714372578,4.0242677365302555,35.667829501098765,43.80563859749485,50.03502777895798,58.49699211499204,-22.4168406612775,-6.6417111340789
2017-09-24,39.67072578189776,54.21085723299785,-14.540131451100093,2.2016006562259998,2.074825075017209,4.0299844060101915,35.355588495694796,43.98586306810072,50.14420008596412,58.27751438003158,-22.43890088688007,-6.641362015320118
2017-09-25,39.69066839573937,54.21490043166847,-14.524232035929094,2.148177982937325,2.012493037607202,3.923272932577607,35.480239549182215,43.90109724229653,50.27041407795835,58.15938678537859,-22.213846983781202,-6.8346170880769845
2017-09-26,39.340331440358625,54.527148274812966,-15.186816834454342,2.0251858842862513,1.9479723379876643,3.7598303040697587,35.370967107157576,43.309695773559675,50.709122492357146,58.345174057268785,-22.55608423043107,-7.817549438477616
2017-09-27,39.096272007148066,54.73415206260761,-15.637880055459545,1.973926715083795,1.954684498359783,3.707127979350538,35.22737564558383,42.965168368712305,50.90297044582244,58.565333679392786,-22.9038508949866,-8.37190921593249
2017-09-28,38.98533445945389,54.9067925427749,-15.92145808332101,1.833281031246555,1.8558720076420054,3.471061946093609,35.39210363821064,42.578565280697134,51.26928340779657,58.54430167775323,-22.724739497664483,-9.118176668977537
2017-09-29,38.9435662874222,54.958087992268005,-16.0145217048458,1.7730997026208928,1.8041978039699555,3.3645363552127523,35.46829087028525,42.41884170455915,51.42186029648689,58.49431568804912,-22.609012961062795,-9.420030448628808
2017-09-30,38.93620022542005,55.00266638305586,-16.06646615763581,1.7279243236851731,1.7711361306276756,3.2893822643047588,35.54946855099711,42.32293189984299,51.531239567025615,58.474093199086106,-22.513655395673137,-9.61927691959848
2017-10-01,38.95462402514947,54.9778005781309,-16.023176552981433,2.0657056667892,1.859319461157232,3.7326699149674636,34.90584091824264,43.0034071320563,51.33353443426273,58.622066721999076,-23.33920958631766,-8.707143519645204
2017-10-02,38.79616284888663,55.25445425257643,-16.4582914036898,2.190204265880176,2.158433886152352,4.165244848293339,34.503362487761486,43.08896321001178,51.023923835717824,59.484984669435036,-24.622171306344743,-8.294411501034855
2017-10-03,38.821376120811934,55.30352073565449,-16.482144614842554,2.1293008790990484,2.119295088199804,4.057784670470736,34.6479463977778,42.994805843846066,51.149702362782875,59.4573391085261,-24.435402568965195,-8.528886660719913
2017-10-04,38.915368368925314,55.28938066393185,-16.374012295006537,2.057464823485947,2.0710517745164947,3.948311583667801,34.88273731489286,42.94799942295777,51.23011918587952,59.34864214198418,-24.112702998995427,-8.635321591017647
2017-10-05,38.87318535086276,55.45336511239067,-16.580179761527905,2.0039320008374504,2.104819373055139,3.905143687527336,34.94547862922136,42.80089207250416,51.3279191412026,59.57881108357874,-24.23426138908148,-8.926098133974326
2017-10-06,38.89390834200146,55.45788897671243,-16.563980634710973,1.9789718804878251,2.069403295969336,3.85268212617877,35.01512345624532,42.7726932277576,51.401858516612535,59.51391943681233,-24.11523760202136,-9.012723667400584
2017-10-07,38.81255544996611,55.5330784263919,-16.72052297642579,2.0008594683166354,2.0721529964627936,3.886428949505516,34.89087089206551,42.73424000786672,51.47165855332483,59.59449829945898,-24.3379237174566,-9.10312223539498
2017-10-08,38.57965157564257,55.811980707078114,-17.232329131435538,2.1188310803456694,2.3028426751025113,4.2559822328528005,34.42674265816506,42.73256049312008,51.298409063877195,60.32555235027903,-25.574054307827026,-8.89060395504405
2017-10-09,38.672252970649375,55.70832986467639,-17.03607689402701,2.160966446872666,2.3534141486118365,4.362166525712184,34.43675873477895,42.9077472065198,51.09563813339719,60.321021595955585,-25.58592328442289,-8.486230503631127
2017-10-10,38.65120974100917,55.71230279649304,-17.06109305548387,2.020647642001881,2.223434738070099,4.074585446190886,34.69074036268548,42.611679119332855,51.354370709875646,60.07023488311044,-25.047280530018007,-9.074905580949732
2017-10-11,38.87023274209649,55.52358594852349,-16.653353206426996,2.364345040555973,2.398743657817189,4.612852356792076,34.23611646260679,43.504349021586194,50.8220483792018,60.22512351784518,-25.694543825739466,-7.612162587114527
2017-10-12,38.75935453301531,55.5489956601149,-16.789641127099582,2.342135950053639,2.392031913366099,4.57896441649919,34.168768070910176,43.34994099512045,50.860613109917345,60.23737821031245,-25.764411383437995,-7.814870870761171
2017-10-13,38.77200106497205,55.54494328936229,-16.77294222439023,2.314704258798036,2.34994616874264,4.509728720319143,34.2351807177279,43.308821412216204,50.939048798626715,60.15083778009786,-25.61201051621575,-7.933873932564712
2017-10-14,38.75167701631324,55.585793924493814,-16.834116908180576,2.295954335739357,2.3440861483552005,4.491171592715692,34.2516065182641,43.25174751436238,50.99138507371762,60.180202775270004,-25.636813229903332,-8.03142058645782
2017-10-15,38.854680462663936,55.606242961515974,-16.751562498852042,2.220984675278186,2.232762117571709,4.293894898194898,34.50155049911869,43.20781042620918,51.230029211075426,59.98245671195652,-25.167596499314044,-8.335528498390042
2017-10-16,39.025384370706185,55.37932140186575,-16.35393703115957,2.2987832115964,2.3735744058824535,4.522790387387556,34.51976927597724,43.53099946543513,50.727115566336145,60.03152723739536,-25.218606190439182,-7.48926787187996
2017-10-17,38.933568269345905,55.5215387866673,-16.587970517321402,2.1971481841994813,2.2684951225876695,4.323476905824567,34.62715782831492,43.23997871037689,51.07528834639547,59.96778922693913,-25.061985252737554,-8.11395578190525
2017-10-18,38.45640034697525,56.10740799646943,-17.65100764949418,2.1331204292365635,2.2702537176266744,4.2782895836188235,34.27548430567158,42.63731638827892,51.657710709921155,60.55710528301771,-26.036455233387073,-9.265560065601285
2017-10-19,38.454809012040606,56.14065208614375,-17.685843074103147,2.087422464972245,2.198289498145678,4.1672188713925715,34.36346098069501,42.5461570433862,51.83200466977822,60.449299502509284,-25.853592062032586,-9.518094086173708
2017-10-20,38.36922008589607,56.23411834089571,-17.864898254999645,2.0348677256980285,2.125047547952533,4.045963018783312,34.38087934352793,42.357560828264205,52.06902514690875,60.399211534882674,-25.794985771814936,-9.934810738184353
2017-10-21,38.32245723215284,56.268965746896896,-17.946508514744053,2.0112316714196212,2.092111831305657,3.9916186995225296,34.38044315617039,42.2644713081353,52.168426557537806,60.369504936255986,-25.77008116580821,-10.122935863679896
2017-10-22,38.259369922358964,56.25648519019153,-17.997115267832566,2.000351602836329,2.109727846774034,3.9843348706834822,34.338680780799756,42.18005906391817,52.121418610514425,60.39155176986864,-25.80641161437219,-10.18781892129294
2017-10-23,38.29787516075618,56.2027137040878,-17.904838543331625,2.043103505655435,2.146373654148539,4.070984261705731,34.29339228967152,42.30235803184083,51.99582134195666,60.409606066218934,-25.88396769627486,-9.925709390388391
2017-10-24,37.943656485623485,56.39475925738963,-18.45110277176614,2.101423213916911,2.1253605620590523,4.0867383956452485,33.824866986346336,42.062445984900634,52.22905255575389,60.56046595902537,-26.46111002723083,-10.441095516301454
2017-10-25,37.95080084032337,56.548437293812796,-18.59763645348943,1.9617267342703555,2.002640849004482,3.830284710397537,34.10581644115347,41.79578523949326,52.62326122976401,60.47361335786158,-26.104994485868602,-11.090278421110256
2017-10-26,37.82704106602241,56.746507308766006,-18.919466242743596,1.8807785707319231,1.99555679370622,3.7274113233302884,34.14071506738784,41.51336706465698,52.83521599310181,60.6577986244302,-26.225192436470962,-11.613740049016231
2017-10-27,37.80309912027265,56.775653754211646,-18.97255463393899,1.8442966537368337,1.9549442795961138,3.654361461227696,34.18827767894845,41.417920561596844,52.943962966203266,60.60734454222003,-26.135103097945276,-11.810006169932707
2017-10-28,37.80947420141972,56.74886329525763,-18.93938909383791,1.8260447418360097,1.9690558909745812,3.652893322321783,34.230426507421136,41.3885218954183,52.88951374894745,60.608212841567806,-26.099060005588605,-11.779718182087215
2017-10-29,37.69548041430458,56.83156529667583,-19.136084882371243,1.8153323620877904,1.9447276210397093,3.625190276901511,34.13742898461251,41.253531843996655,53.019899159438,60.643231433913655,-26.241457825098205,-12.03071193964428
2017-10-30,38.10270700360941,56.247795758302495,-18.145088754693088,2.3566407770450826,2.414658732296801,4.598759536281878,33.48369108060105,42.72172292661777,51.51506464300076,60.98052687360423,-27.158657445805567,-9.131520063580608
2017-10-31,38.097487691537594,56.302352772399615,-18.20486508086202,2.311110916341396,2.401627903805518,4.54574477313851,33.56771029550846,42.62726508756673,51.5951620809408,61.00954346385843,-27.114524836213498,-9.295205325510542
2017-11-01,38.304895713322196,56.39472862649159,-18.089832913169392,2.1854867143607897,2.2576767981937884,4.245367954811109,34.02134175317505,42.58844967346934,51.96968210203177,60.819775150951415,-26.410754104599164,-9.768911721739618
2017-11-02,38.391828746727064,56.26576271007369,-17.87393396334662,2.269577074206408,2.478989881238997,4.569925753898748,33.9434576812825,42.840199812171626,51.40694254284525,61.124582877302124,-26.830988440988165,-8.916879485705072
2017-11-03,38.37213904382577,56.3378197176637,-17.96568067383793,2.195484007924498,2.431038554233589,4.451446936217011,34.068990388293756,42.67528769935778,51.572984151365866,61.10265528396153,-26.69051666882327,-9.240844678852588
2017-11-04,38.313702938641306,56.36493182187421,-18.051228883232902,2.1844601755564557,2.431373829817127,4.441541508610941,34.03216099455065,42.59524488273196,51.59943911543264,61.13042452831578,-26.756650240110346,-9.345807526355458
2017-11-05,38.240942037918,56.40723731820543,-18.16629528028742,2.120866424459041,2.3461299080487135,4.3008558943552275,34.084043845978286,42.39784022985772,51.80882269842996,61.00565193798091,-26.59597283322367,-9.736617727351176
2017-11-06,38.288074538089475,56.369608232137665,-18.08153369404819,2.5306219664925984,2.704892727761153,5.104616655605102,33.32805548376398,43.24809359241497,51.0680184857258,61.67119797854953,-28.086582339034187,-8.07648504906219
2017-11-07,38.2240581720655,56.38673403849352,-18.16267586642802,2.489047467296122,2.687924872366728,5.04728011570508,33.3455251361651,43.102591207965894,51.11840128865474,61.655066788332306,-28.055344893209977,-8.270006839646065
2017-11-08,38.33157732629862,56.22490085145989,-17.89332352516127,2.363685229594846,2.6351026611096477,4.872843884932097,33.698754276292725,42.96440037630452,51.060099635684985,61.3897020672348,-27.44409753962818,-8.342549510694361
2017-11-09,38.40345724562757,56.13000804517773,-17.726550799550157,2.2690054312534564,2.5376395952282995,4.679894148775643,33.9562066003708,42.850707890884344,51.15623443853026,61.1037816518252,-26.89914333115042,-8.553958267949897
2017-11-10,38.38576450500753,56.18473088222427,-17.798966377216743,2.267209131814196,2.536432077003806,4.679575393830541,33.9420346066517,42.829494403363356,51.21332401129681,61.15613775315173,-26.970934149124602,-8.626998605308883
2017-11-11,38.41087846710189,56.18323486339547,-17.77235639629358,2.260803355869531,2.5939821212265755,4.746450604924567,33.97970388959761,42.84205304460617,51.09902990579138,61.267439820999556,-27.07539958194573,-8.469313210641431
2017-11-12,38.456795613549865,56.13570734880275,-17.678911735252882,2.2289133144364257,2.55816085902979,4.680663698697359,34.08812551725447,42.82546570984526,51.12171206510436,61.14970263250113,-26.853012584699705,-8.504810885806059
2017-11-13,38.52127582201058,56.007270220019016,-17.485994398008437,2.1942564867777583,2.412644437272703,4.494212727288246,34.22053310792617,42.82201853609499,51.27848712296452,60.73605331707351,-26.2946513434934,-8.677337452523476
2017-11-14,38.388004210693516,56.11505257331658,-17.727048362623066,2.1532763200560967,2.348833141316732,4.379870245529846,34.167582623383566,42.608425798003466,51.51133961633579,60.718765530297375,-26.31159404386156,-9.142502681384569
2017-11-15,38.39565520507509,56.15752848485184,-17.761873279776754,2.083976282830618,2.2407404925174736,4.192660281509978,34.31106169072707,42.4802487194231,51.76567711951759,60.549379850186085,-25.979487431536313,-9.544259128017197
2017-11-16,38.38404312738901,56.1551057836696,-17.771062656280584,2.0537097850029813,2.1960035031144045,4.114042401183571,34.35877194878317,42.409314305994855,51.850938917565365,60.45927264977383,-25.834585762600383,-9.707539549960785
2017-11-17,38.43969685600575,56.09355917389508,-17.653862317889327,2.0405520989374626,2.188271730411073,4.098917458970877,34.44021474208833,42.43917896992318,51.804546582289376,60.382571765500785,-25.687740537472244,-9.619984098306409
2017-11-18,38.452401304309745,56.08082436521197,-17.628423060902225,1.991837816047854,2.1400665203734737,4.0048875874720045,34.54839918485595,42.35640342376354,51.88629398527996,60.27535474514397,-25.478002732347353,-9.778843389457098
2017-11-19,38.82298102582466,55.69983970428394,-16.876858678459275,2.3799135910996747,2.5407636837297867,4.8213333293992235,34.158350387269294,43.487611664380026,50.719942884173555,60.67973652439432,-26.32667200408175,-7.427045352836798
2017-11-20,38.737730585110924,55.764023451810566,-17.026292866699645,2.270764966410738,2.4716241541077757,4.638406092532327,34.28703125094588,43.18842991927597,50.91964010975933,60.6084067938618,-26.117568808063005,-7.935016925336283
2017-11-21,38.67972256528835,55.738493660447546,-17.058771095159198,2.194012576608426,2.377054668270974,4.457688092914031,34.37945791513584,42.979987215440865,51.079466510636436,60.397520810258655,-25.7958397572707,-8.321702433047697
2017-11-22,38.80378641810104,55.652455476187185,-16.84866905808615,2.1165206602007443,2.2986599930375453,4.299248338858903,34.65540592410758,42.9521669120945,51.1470818898336,60.15782906254077,-25.2751958022496,-8.422142313922699
2017-11-23,38.80422877771887,55.62403478894255,-16.81980601122368,2.1103396721688052,2.357388267818525,4.3477308029598385,34.66796302026801,42.94049453516973,51.003553784018244,60.24451579386686,-25.34135838502496,-8.298253637422397
2017-11-24,38.785998288407924,55.65003198021949,-16.86403369181156,2.072985227418258,2.3356324443356695,4.293987254109794,34.72294724266814,42.84904933414771,51.07219238932158,60.2278715711174,-25.280248709866754,-8.447818673756364
2017-11-25,39.03125019012343,55.43324735648755,-16.40199716636412,2.1946380227942637,2.3809466092850777,4.470487386216395,34.72975966544667,43.33274071480019,50.766592002288796,60.0999027106863,-25.164152443348254,-7.6398418893799835
2017-11-26,39.01944370519887,55.4367556037178,-16.417311898518935,2.151857540590222,2.3219433457635503,4.371020346453399,34.80180292564203,43.237084484755705,50.88574664602124,59.98776456141436,-24.984511777567597,-7.850112019470274
2017-11-27,38.96420325629695,55.435584655883,-16.47138139958605,2.0916923337798274,2.2597015662933098,4.238041994843719,34.864486282088485,43.06392023050541,51.006569585948114,59.86459972581788,-24.77794370947974,-8.164819089692362
2017-11-28,38.84218563759251,55.530972775160556,-16.688787137568042,2.0786027360516544,2.251280827531355,4.2214088462438815,34.76812427493127,42.91624700025375,51.1184623531991,59.94348319712201,-24.962748476206052,-8.414825798930034
2017-11-29,38.36074830556198,56.10887821547769,-17.74812990991571,2.193771650477891,2.4975317058575963,4.591705110176853,34.06095587062531,42.66054074049865,51.2137160719968,61.00404035895858,-26.74787192586234,-8.74838789396908
2017-11-30,38.351685717411456,56.13725638869198,-17.785570671280524,2.217319720250634,2.6603750303030202,4.736973991006743,34.00573906572021,42.6976323691027,50.92292132929806,61.3515914480859,-27.07003969365374,-8.501101648907309
2017-12-01,38.30678069948435,56.2202602842505,-17.913479584766154,2.254927055179672,2.6579086049815523,4.776713233347609,33.88712367133219,42.72643772763651,51.01075941848666,61.42976115001434,-27.275837522127468,-8.551121647404841
2017-12-02,38.23091375898175,56.25899427925815,-18.028080520276397,2.2362043795289783,2.635625695817735,4.738414138893054,33.847953175104955,42.613874342858544,51.09316791545539,61.424820643060905,-27.315372232506782,-8.74078880804601
2017-12-03,38.46674908082354,56.1297884790584,-17.66303939823486,2.551534800878351,2.764369478284471,5.18099350001725,33.46574087110197,43.46775729054511,50.71162430162084,61.54795265649596,-27.817786658268673,-7.5082921382010515
2017-12-04,38.1616559025443,56.38605975016591,-18.224403847621613,2.6200181018028266,2.7715610710931684,5.259737016746927,33.026420423010755,43.29689138207784,50.953800050823304,61.81831944950852,-28.53348840044559,-7.915319294797635
2017-12-05,38.06239148688594,56.37690441583544,-18.314512928949497,2.4291477005438487,2.6190061307152632,4.893645435359986,33.30126199382,42.82352097995189,51.243652399633525,61.510156432037356,-27.90605798225507,-8.722967875643926
2017-12-06,37.88961980274709,56.541263808763105,-18.651644006016017,2.391708932648186,2.556198282110038,4.784780230771107,33.201870294756645,42.57736931073754,51.53111517582743,61.55141244169878,-28.029813258327387,-9.273474753704647
2017-12-07,37.8572449213095,56.66606908285829,-18.808824161548795,2.273282297562137,2.420949389530933,4.533540232597342,33.40161161808771,42.31287822453129,51.921008279377666,61.41112988633892,-27.694563017439584,-9.923085305658006
2017-12-08,37.48171080331222,57.136445825732935,-19.654735022420716,2.657108556306116,2.8332738805583504,5.360869425686328,32.27377803295223,42.68964357367221,51.58322901983857,62.6896626316273,-30.16203909676592,-9.147430948075513
2017-12-09,37.4691776321612,57.1824848553912,-19.713307223230004,2.630220369176824,2.801158071812173,5.3043465899296445,32.31394570857462,42.624409555747775,51.69221503463935,62.67275467614306,-30.109826539492104,-9.316787906967901
2017-12-10,37.436688788868615,57.18873597787246,-19.752047189003843,2.6106852641584575,2.8092870629206703,5.296169135228969,32.31974567111804,42.55363190661919,51.68253333454795,62.694938621196975,-30.13253869405262,-9.371555683955064
2017-12-11,37.464163015783804,57.28570514352998,-19.82154212774618,2.646468102723259,2.8340465806369193,5.375157434365768,32.277085534446215,42.65124049712139,51.73097384548162,62.84043644157834,-30.356850699103084,-9.286233556389275
2017-12-12,37.2873557843543,57.28788766649407,-20.00053188213978,2.874744870327854,2.7332092280009226,5.404369172109185,31.652855838511705,42.92185573019689,51.93079757961226,62.64497775337588,-30.59309545947378,-9.407968304805777
2017-12-13,37.37474359202995,57.114317449306874,-19.739573857276923,2.815117609710224,2.920568569707084,5.520452985502383,31.857113076997912,42.89237410706199,51.39000305268099,62.83863184593276,-30.559661708861597,-8.919486005692251
2017-12-14,37.301526764167484,57.201476268470515,-19.899949504303034,2.8056349677493353,2.884703896290275,5.480574214565102,31.80248222737879,42.80057130095618,51.547456631741575,62.855495905199454,-30.641874964850636,-9.158024043755434
2017-12-15,37.33068176987113,57.32610229042798,-19.995420520556852,2.766573301358253,2.7794336547520953,5.310178160081833,31.908198099208953,42.7531654405333,51.87841232711388,62.77379225374209,-30.403369714317243,-9.58747132679646
2017-12-16,37.29418103916027,57.3720642610767,-20.077883221916426,2.739377107542438,2.7837746829235837,5.296309040285456,31.925001908377094,42.66336016994345,51.91586588254648,62.828262639606926,-30.458648940875918,-9.697117502956933
2017-12-17,37.11202319141741,57.509699771961806,-20.3976765805444,2.648556517504766,2.692857268197103,5.113786346552671,31.920852417108065,42.30319396572675,52.231699526295486,62.787700017628126,-30.420697819787634,-10.374655341301164
2017-12-18,37.32900315468255,57.361263709894374,-20.03226055521182,2.616983430730971,2.64627907472706,5.046091595741902,32.19971563044985,42.458290678915255,52.17455672342933,62.547970696359414,-29.922600082865948,-10.141921027557693
2017-12-19,37.372942638081724,57.24213813535391,-19.869195497272187,2.565665058598941,2.6275186620032374,4.985692432200174,32.3442391232278,42.40164615293565,52.092201557827565,62.39207471288026,-29.641152664384528,-10.097238330159847
2017-12-20,37.26256515650723,57.33066829671028,-20.068103140203053,2.431474728566535,2.4247088864502677,4.659149715694398,32.49687468851682,42.02825562449764,52.57823887926776,62.0830977141528,-29.200036582964074,-10.936169697442033
2017-12-21,37.4950692636194,57.0566770754136,-19.561607811794207,2.5579557597065175,2.5328059122023494,4.91598117053236,32.48147597459462,42.508662552644175,52.092377487497,62.02097666333021,-29.196930906037633,-9.926284717550782
2017-12-22,37.53463015741008,56.99977986611713,-19.46514970870705,2.511061822136951,2.4878626157974573,4.828907095037192,32.61294898602166,42.4563113287985,52.123569139154114,61.87599059308015,-28.929807614979946,-10.000491802434151
2017-12-23,37.56002645018399,56.92332092469656,-19.36329447451257,2.485094520214846,2.471824604290465,4.787813299164996,32.689241190562896,42.430811709805084,52.07854470028725,61.76809714910587,-28.747408540875963,-9.97918040814918
2017-12-24,37.786857470413736,56.73680249459781,-18.94994502418407,2.57613706990137,2.529320979866945,4.9510345338226855,32.73762881340705,42.83608612742042,51.779333374058595,61.694271615137026,-28.653972710476534,-9.245917337891608
2017-12-25,37.833458612125,56.71614926352502,-18.882690651400015,2.560284755837606,2.512968330049282,4.922083981660929,32.81530049068329,42.85161673356671,51.790731336628426,61.64156719042161,-28.529975255455437,-9.235406047344593
2017-12-26,37.93946101515322,56.56337586991903,-18.623914854765808,2.45437388460646,2.5433470793665442,4.820050899401401,33.12888820132456,42.750033828981884,51.5784155943606,61.54833614547746,-28.071214617592553,-9.176615091939063
2017-12-27,37.4917181810907,57.020565179637195,-19.5288469985465,2.9172161304653867,3.204707612087608,5.991765937563221,31.773974565378538,43.209461796802856,50.739338259945484,63.30179209932891,-31.27270823617041,-7.784985760922586
2017-12-28,37.61251813605547,56.89486229020769,-19.28234415415222,2.843314835684169,3.122543648288039,5.842951371771823,32.0396210581145,43.18541521399644,50.774676739563134,63.01504784085225,-30.734528842824993,-7.830159465479447
2017-12-29,37.67465634411413,56.80303777761692,-19.12838143350279,2.7746841008350227,3.056134650915367,5.711629609017814,32.23627550647749,43.11303718175078,50.8130138618228,62.79306169341104,-30.323175467177705,-7.933587399827873
2017-12-30,37.85220954836946,56.60709663165331,-18.754887083283855,2.7788255166721902,3.055970992277193,5.722547510254974,32.405711535691964,43.29870756104695,50.617393486790014,62.59679977651661,-29.971080203383604,-7.538693963184105
2017-12-31,37.94792481445908,56.50926983773731,-18.56134502327823,2.7654858873918307,3.0281879656902007,5.684932969095651,32.52757247517109,43.368277153747066,50.574021424984515,62.4445182504901,-29.703813642705704,-7.418876403850753
2018-01-01,37.91845640323569,56.529802573611846,-18.61134617037616,2.7429724201565753,2.996469602396846,5.6315400063682235,32.5422304597288,43.294682346742576,50.65672215291403,62.402882994309664,-29.64916458285788,-7.573527757894441
2018-01-02,38.05755955133103,56.377508122592,-18.319948571260962,2.6725083750727463,2.9079780657811165,5.472926235754231,32.81944313618845,43.29567596647362,50.67787111366101,62.07714513152298,-29.046883993339257,-7.593013149182669
2018-01-03,38.453290371820046,55.975041238102996,-17.521750866282947,2.6026117286952393,2.8079545269541786,5.3169949407923385,33.35217138357738,43.554409360062714,50.47145036527281,61.478632110933184,-27.94306095023593,-7.100440782329963
2018-01-04,38.534614598954846,55.91259828236176,-17.37798368340692,2.607058567155496,2.7607894720985016,5.2738043172947355,33.424779807330076,43.64444939057962,50.5014509170487,61.323745647674826,-27.7146401453046,-7.04132722150924
2018-01-05,39.242592161966165,55.2149268820416,-15.972334720075434,2.897281631593134,3.017346797932829,5.833730646139529,33.56392016404362,44.92126415988871,49.30092715809326,61.128926605989946,-27.40644678650891,-4.538222653641958
2018-01-06,39.41858490500534,55.071072333162796,-15.652487428157457,2.9344430763253735,3.0171396092854,5.873065604528542,33.667076475407605,45.170093334603074,49.15747869896341,60.98466596736218,-27.1636960130334,-4.141278843281514
2018-01-07,39.47394225141727,55.04544608273231,-15.571503831315045,2.9027498775078455,2.936687704695597,5.762153281739753,33.78455249150189,45.16333201133265,49.28953818152894,60.801353983935684,-26.86532426352496,-4.277683399105129
2018-01-08,39.47908287080002,55.07619411987399,-15.597111249073972,2.8546922563854054,2.8638375436935446,5.639607505898882,33.88388604828462,45.07427969331542,49.46307253423464,60.68931570551334,-26.65074196063578,-4.543480537512163
2018-01-09,39.412246688360696,55.26603584447535,-15.853789156114653,2.6790914317770116,2.7306208454103746,5.302877232078359,34.161227482077756,44.66326589464364,49.91401898747101,60.618052701479684,-26.247428530988238,-5.4601497812410695
2018-01-10,40.090220768859304,54.53664359804056,-14.446422829181259,3.4134090962535257,3.293938084474557,6.615144170056023,33.3999389402024,46.78050259751621,48.080524952470434,60.99276224361069,-27.412105402491065,-1.4807402558714529
2018-01-11,40.18571045041917,54.38004943337792,-14.194338982958747,3.3027814727462164,3.0995065044951464,6.295767961074345,33.71225876383659,46.65916213700176,48.305016684567434,60.455082182188406,-26.534044186664463,-1.8546337792530316
2018-01-12,40.27221268422627,54.34016036691765,-14.067947682691383,3.2772511436201843,3.053829776787157,6.223564557190582,33.848800442730706,46.69562492572183,48.354654004414826,60.325666729420476,-26.266134214784923,-1.8697611505978422
2018-01-13,40.281522643475164,54.299979089788884,-14.018456446313722,3.2326501072175278,3.005752930010705,6.122469579502979,33.94552843332881,46.61751685362152,48.408703346967904,60.191254832609864,-26.01849682213956,-2.018416070487884
2018-01-14,40.21523866284557,54.40473858730289,-14.18949992445732,3.117824097317038,2.9237496785063177,5.929155179670195,34.104303432104174,46.32617389358697,48.6741892174305,60.13528795717527,-25.8106440766109,-2.568355772303738
2018-01-15,39.68422546373012,54.22569249010201,-14.541467026371892,3.002309266467393,2.5816058717907016,5.303452426891512,33.799699301454034,45.56875162600621,49.16574498139224,59.28563999881179,-24.936233783079256,-4.146700269664528
2018-01-16,39.72776240609055,54.506280740471844,-14.778518334381294,2.8406761917577903,2.6867956844327585,5.245316906696304,34.16003707024528,45.295487741935816,49.240161198983635,59.77240028196005,-25.05933947150605,-4.497697197256539
2018-01-17,39.61047327655582,54.80602534872419,-15.19555207216837,2.6746766970793803,2.66825735348468,5.052480407900345,34.368106950280236,44.85283960283141,49.57624093589422,60.03580976155416,-25.098413671653045,-5.292690472683695
2018-01-18,39.52145378653635,55.006889982952075,-15.48543619641573,2.5700014121038177,2.6052712215704865,4.892378529772886,34.48425101881286,44.558656554259834,49.90055838867392,60.11322157723023,-25.074498114770584,-5.896374278060874
2018-01-19,39.611927236623174,54.981075779566794,-15.369148542943618,2.627122875739531,2.6276794743205043,4.985978583593493,34.46276640017369,44.761088073072656,49.830824009898606,60.13132754923498,-25.141666566786864,-5.596630519100373
2018-01-20,39.61846868229762,55.06271668753503,-15.44424800523741,2.6303013526019385,2.5531301088355867,4.920359869583771,34.46307803119782,44.77385933339742,50.05858167421728,60.06685170085278,-25.0881533496216,-5.80034266085322
2018-01-21,39.4753836949145,55.247280622353564,-15.771896927439068,2.4936067558989485,2.453612621021769,4.707446043098012,34.58791445335256,44.362852936476436,50.438199885150894,60.056361359556234,-24.99849117191117,-6.545302682966964
2018-01-22,39.42539917047312,55.3940794110488,-15.968680240575678,2.4343318920040504,2.4414092076261342,4.637734864396425,34.654108662145184,44.19668967880106,50.60891736410158,60.17924145799602,-25.05864057479267,-6.878719906358686
2018-01-23,39.45591705431797,55.415581917589975,-15.959664863272005,2.3768292750363216,2.338968369221373,4.4907760856468935,34.79733167524678,44.11450243338916,50.831203913916085,59.999959921263866,-24.761585991139917,-7.157743735404095
2018-01-24,39.67741850078544,55.18191176075865,-15.504493259973207,2.80068012888926,2.882440600751896,5.516863476039123,34.1880854481625,45.16675155340839,49.53232818328493,60.83149533823237,-26.31754567300989,-4.691440846936528
2018-01-25,39.6250268547648,55.24308833761405,-15.61806148284925,2.704726929913715,2.8173261057799275,5.357382623926485,34.32376207213392,44.92629163739568,49.72112917028539,60.76504750494271,-26.11853142574516,-5.11759153995334
2018-01-26,39.68280844142222,55.15353351956538,-15.470725078143161,2.693474929456009,2.8720700463902764,5.403114313401563,34.40359757968844,44.962019303156,49.52427622864044,60.78279081049032,-26.060829132410227,-4.880621023876097
2018-01-27,39.69261406701119,55.14195282797259,-15.449338760961393,2.6567409338212893,2.8418153745780392,5.3377591269387725,34.485401836721465,44.89982629730092,49.57199469379963,60.711910962145545,-25.911346649761384,-4.987330872161399
2018-01-28,39.69164825513178,55.16345135579441,-15.471803100662624,2.5731237926813906,2.7680612760530905,5.1836505526705166,34.64832562147625,44.73497088878731,49.73805125473035,60.588851456858464,-25.631758183896835,-5.311848017428412
2018-01-29,39.72775993976091,55.093958440160556,-15.366198500399644,2.5380068991092353,2.738903837054416,5.117509494499099,34.75326641750681,44.70225346201501,49.7257069195339,60.46220996078721,-25.396517109617875,-5.335879891181412
2018-01-30,39.83667061986489,54.88009552927153,-15.043424909406644,2.490299278272735,2.6976881456826463,5.038532261841721,34.95568403445033,44.71765720527945,49.59262676373354,60.167564294809516,-24.918948142616415,-5.1679016761968715
2018-01-31,39.99550825710169,54.74898050478435,-14.753472247682662,2.409305159820997,2.587553249921406,4.8413485354114565,35.273270143852535,44.717746370350845,49.67737613493839,59.820584874630306,-24.242515377089116,-5.264429118276208
2018-02-01,40.50815243480805,54.27479163079631,-13.766639195988253,2.697664204999442,2.7553824019557047,5.323781485528408,35.22073059300915,45.795574276606956,48.874242122963125,59.67534113862949,-24.20125090762393,-3.332027484352574
2018-02-02,40.42944604502203,54.39418492787593,-13.964738882853899,2.686599399439955,2.730309002156259,5.286858487789233,35.16371122211972,45.69518086792434,49.042779283649665,59.7455905721022,-24.326981518920796,-3.6024962467870036
2018-02-03,40.45996378571687,54.3470723775933,-13.887108591876427,2.6399732664020403,2.68427403299376,5.196573387316197,35.28561618356888,45.63431138786487,49.08589527292553,59.60824948226107,-24.072392431016173,-3.7018247527366803
2018-02-04,40.65440642042127,54.260877608245195,-13.60647118782393,2.7482599963015564,2.6890183049500584,5.309880124560508,35.26781682767022,46.04099601317232,48.990401730543084,59.53135348594731,-24.013836231962525,-3.1991061436853343
2018-02-05,40.792621958404084,54.114810534056964,-13.322188575652884,2.662902530140461,2.6505999191519183,5.186531084325376,35.57333299932878,46.01191091747939,48.9196346925192,59.309986375594725,-23.48778950093062,-3.1565876503751475
2018-02-06,40.82069012540941,54.05864305966415,-13.237952934254741,2.566264232117847,2.5323868203984983,4.971366911192717,35.790812230458435,45.85056802036039,49.09516489168309,59.02212122764521,-22.981832080192465,-3.494073788317017
2018-02-07,40.98155662592134,53.976519926849065,-12.994963300927719,2.3942589039977866,2.3274774863091894,4.575729605522034,36.28880917408568,45.67430407775701,49.414664053683055,58.538375800015075,-21.963393327750907,-4.026533274104532
2018-02-08,41.13108168636502,53.884632825320104,-12.753551138955077,2.387017301920057,2.283033164300637,4.525356449595859,36.45252777460171,45.80963559812833,49.40988782329085,58.359377827349356,-21.623249780162958,-3.8838524977471938
2018-02-09,41.1284219800701,53.897223535538,-12.768801555467894,2.342569977009635,2.235765182714475,4.438104005899521,36.53698482513121,45.71985913500899,49.51512377741763,58.279323293658365,-21.467485407030956,-4.070117703904833
2018-02-10,41.24329601801066,53.694457601325134,-12.451161583314473,2.3210713214028207,2.300136735785982,4.478978482470849,36.69399622806113,45.79259580796019,49.18618959918461,58.20272560346566,-21.229959408957335,-3.6723637576716097
2018-02-11,41.29736982099966,53.57265013945668,-12.275280318457009,2.214342957185582,2.2382026966007755,4.288434046991095,36.957257624915925,45.6374820170834,49.18577285411916,57.959527424794196,-20.680611050559556,-3.869949586354462
2018-02-12,41.47800212132182,53.3294379585555,-11.851435837233677,2.430746268944096,2.557928840799999,4.849316612178286,36.713739434191396,46.24226480845225,48.315897430587505,58.3429784865235,-21.356096397103116,-2.3467752773642374
2018-02-13,41.31494923479223,53.66459770800189,-12.349648473209658,2.159291211060698,2.4215401962830496,4.404524987512787,37.082738461113266,45.547160008471195,48.918378923287115,58.41081649271667,-20.982517448734722,-3.7167794976845947
2018-02-14,41.263441029977784,53.68482064700379,-12.421379617026004,2.0990377118464605,2.3233211661767608,4.243977941902334,37.14932711475872,45.37755494519685,49.13111116129734,58.23853013271024,-20.739576383154578,-4.103182850897429
2018-02-15,41.188818224080244,53.74081842215037,-12.55200019807013,2.0779024693437167,2.271224012235377,4.174331788968563,37.116129384166555,45.26150706399393,49.28921935816903,58.19241748613171,-20.733690504448514,-4.370309891691747
2018-02-16,41.1865612223757,53.78241407501373,-12.595852852638034,2.0367090726366097,2.2224130307861674,4.082177286300398,37.19461144000795,45.178511004743456,49.426484534672845,58.13834361535462,-20.596920333786812,-4.5947853714892535
2018-02-17,41.128529405164066,53.83778099599589,-12.709251590831826,2.0502896460524958,2.2634079269459573,4.142365155360485,37.109961698901174,45.14709711142696,49.401501459181816,58.27406053280997,-20.828287295338377,-4.590215886325275
2018-02-18,40.94784728929369,54.04680978852962,-13.098962499235933,2.0727951206073842,2.311848890989553,4.226712422453243,36.88516885290322,45.01052572568416,49.5155859621901,58.57803361486914,-21.38331884724429,-4.814606151227576
2018-02-19,40.79121239127324,54.3026164190118,-13.51140402773856,2.208675680073234,2.356324612867688,4.438542535480764,36.4622080583297,45.12021672421678,49.68422017779113,58.92101266023246,-22.210947397280858,-4.811860658196263
2018-02-20,40.78835439471973,54.26797273635343,-13.4796183416337,2.03584435788905,2.201217392723342,4.088501435490298,36.798099453257194,44.77860933618227,49.953586646615676,58.58235882609118,-21.493081155194684,-5.466155528072715
2018-02-21,40.95685229947604,54.075378496811716,-13.118526197335678,2.2094550735132787,2.3153314689834588,4.404342407424503,36.626320355390014,45.287384243562066,49.537328817604134,58.6134281760193,-21.751037315887704,-4.486015078783652
2018-02-22,41.0118661991199,54.08958164901913,-13.077715449899229,2.176361628027127,2.2925950211942503,4.356414258478235,36.74619740818673,45.27753499005307,49.5960954074784,58.58306789055986,-21.61628739651657,-4.539143503281888
2018-02-23,40.71714155187907,54.28536081692714,-13.568219265048075,2.347659054250293,2.2775247246974923,4.503454770912597,36.11572980554849,45.31855329820964,49.82141235652006,58.74930927733422,-22.394990616036765,-4.741447914059384
2018-02-24,40.45549359805168,54.6261711338775,-14.170677535825822,2.5222313511772336,2.5851121549791127,5.003219994578423,35.511920149744306,45.39906704635906,49.55935131011844,59.69299095763656,-23.976988725199533,-4.364366346452114
2018-02-25,40.5823977938351,54.46397423172076,-13.881576437885666,2.48048948605642,2.5482355387377993,4.9314490016174215,35.720638401164514,45.444157186505684,49.46943257579468,59.45851588764685,-23.547216481055813,-4.21593639471552
2018-02-26,40.714379225135175,54.335698718528924,-13.621319493393749,2.5898593548758484,2.6558500678026284,5.158294792629137,35.63825488957851,45.79050356069184,49.130232585635774,59.541164851422074,-23.73157728694686,-3.5110616998406403
2018-02-27,40.79731090720467,54.22923368299423,-13.431922775789552,2.535588521456311,2.6230100186239653,5.0656917977762825,35.8275574051503,45.767064409259035,49.088134046491255,59.3703333194972,-23.360678699431066,-3.5031668521480377
2018-02-28,41.026221947599495,54.074631558873136,-13.048409611273646,2.4245138923823513,2.4915324549171554,4.827565922715275,36.27417471853009,45.7782691766689,49.19122794723551,58.95803517051076,-22.510438819795585,-3.5863804027517077
2018-03-01,40.965312915959956,54.21544216952536,-13.250129253565406,2.382860792518151,2.517939937419433,4.811394736304179,36.29490576262438,45.63572006929553,49.28027989218327,59.15060444686745,-22.680462936721597,-3.819795570409214
2018-03-02,40.94058569360445,54.254078146981044,-13.313492453376602,2.3518862951141557,2.4897389755954342,4.75376227027415,36.3308885551807,45.550282832028195,49.37418975481399,59.1339665391481,-22.630866503113936,-3.9961184036392687
2018-03-03,40.97914547941465,54.20043770705542,-13.221292227640776,2.3258558268632408,2.465982393751998,4.705760435331534,36.420468058762694,45.5378229000666,49.3671122153015,59.03376319880934,-22.444582680890584,-3.9980017743909695
2018-03-04,41.00319460154667,54.070315017159785,-13.067120415613116,2.2576842820545293,2.4226112268345927,4.585133493839536,36.57813340871979,45.42825579437354,49.32199701256398,58.81863302175559,-22.053982063538605,-4.080258767687626
2018-03-05,40.911968272263614,54.11442553166625,-13.202457259402633,2.1505059845995387,2.305919441841076,4.368926213124483,36.69697654244852,45.12696000207871,49.594823425657744,58.634027637674755,-21.765552637126618,-4.6393618816786475
2018-03-06,40.98535075960817,53.94217623567732,-12.95682547606916,2.074329372471556,2.2628814518196894,4.243724965315997,36.919665189563915,45.05103632965242,49.50692859011073,58.377423881243914,-21.274526408088512,-4.639124544049805
2018-03-07,41.68028224887591,53.22847890036383,-11.548196651487922,3.6402804578138204,3.6796841222629544,7.266062552431148,34.545332551560826,48.815231946191,46.01629802072844,60.44065977999922,-25.789679254252974,2.6932859512771277
2018-03-08,41.52679571393982,53.33713072947901,-11.810335015539188,3.4434075964478383,3.4749226602581347,6.867257509268831,34.77771682490206,48.27587460297758,46.52628231537307,60.14797914358495,-25.270159733706095,1.6494897026277204
2018-03-09,41.43394560271129,53.351716058857356,-11.917770456146066,3.4284136505673586,3.408434118104666,6.768911586000113,34.714254847599264,48.153636357823316,46.67118518737221,60.0322469303425,-25.184837164706288,1.3492962524141543
2018-03-10,41.39239009271214,53.257145951117266,-11.864755858405129,3.297216806845819,3.3125506638583873,6.521038262478429,34.92984515129434,47.854935034129944,46.76454664995482,59.74974525227971,-24.64599085286285,0.9164791360525921
2018-03-11,41.27667288846931,53.42051782579314,-12.143844937323832,3.025483984789303,3.1524208594545757,6.075213171054661,35.346724278282274,47.20662149865634,47.24177294126217,59.59926271032411,-24.051262752590965,-0.23642712205669802
2018-03-12,41.3845098742013,53.35808777235843,-11.97357789815713,2.981875200884129,3.0709563370674147,5.951961324705029,35.54003448046841,47.22898526793419,47.3390133517063,59.37716219301056,-23.639422094578986,-0.30773370173527326
2018-03-13,41.351124851144974,53.412868592832844,-12.061743741687875,2.81299710548607,2.926025183734536,5.617964269894418,35.837650524392274,46.864599177897674,47.67785923271315,59.147877952952534,-23.072953710680935,-1.0505337726948163
2018-03-14,41.354709952224056,53.37273733818949,-12.018027385965434,2.5611580608985443,2.776826761842907,5.154450776061357,36.33484015286291,46.3745797515852,47.93015688497739,58.81531779140158,-22.120750907045693,-1.9153038648851748
2018-03-15,41.296013682792655,53.455904970170785,-12.159891287378128,2.524451830571845,2.7400546411244835,5.08736871342888,36.34808809487184,46.24393927071347,48.0853978735668,58.82641206677477,-22.131133965698734,-2.1886486090575232
2018-03-16,41.279075901746346,53.52563240097121,-12.246556499224871,2.4934013263734336,2.7219903058918873,5.035503364792726,36.39200930205442,46.16614250143827,48.190531401423115,58.86073340051931,-22.116143094218614,-2.376969904231128
2018-03-17,41.34431257302975,53.47582685269807,-12.131514279668323,2.557204182572504,2.762976259510641,5.1575758936794935,36.33219237518764,46.356432770871855,48.060393384057214,58.891260321338926,-22.240363031280133,-2.022665528056516
2018-03-18,41.357831297244964,53.55064226799859,-12.192810970753627,2.4413377304073753,2.62821605897785,4.910123224628666,36.572809345646505,46.14285324884342,48.399338792402006,58.701945743595175,-21.816652491025813,-2.5689694504814398
2018-03-19,41.53041638475389,53.44343041571274,-11.913014030958847,2.386228631575026,2.5385522496081827,4.761530269796939,36.85340826686684,46.20742450264094,48.4678680064807,58.41899282494478,-21.245613359760846,-2.5804147021568458
2018-03-20,41.37987476762269,53.20039435462564,-11.82051958700295,2.266051964525477,2.3388601722104774,4.343723555797467,36.93841291715275,45.82133661809262,48.6162284170931,57.784560292158176,-20.334217756365987,-3.306821417639915
2018-03-21,41.47153264176812,53.07379568289824,-11.60226304113012,1.9929171176036218,2.1000621422680417,3.854928885185985,37.565415091265024,45.37765019227122,48.95767388405288,57.189917481743606,-19.157923656094653,-4.04660242616559
2018-03-22,41.37076949838976,53.159523243766586,-11.788753745376825,1.9913777465406126,2.10228202218884,3.853254005975736,37.46766911517016,45.273869881609365,49.03905048027646,57.27999600725671,-19.341131597089266,-4.236375893664382
2018-03-23,41.369090109516954,53.25832610355358,-11.889235994036621,1.9718796839088648,2.0990706457786232,3.829838997028365,37.50420592905558,45.23397428997833,49.14414763782748,57.37250456927968,-19.395720428212215,-4.382751559861027
2018-03-24,41.323600057141526,53.32515323845678,-12.001553181315249,1.9644013870618597,2.133845540565349,3.8643734167468105,37.47337333850028,45.17382677578277,49.1428159789487,57.50749049796486,-19.575725078138998,-4.4273812844915
2018-03-25,41.219491890033375,53.46555199940379,-12.246060109370422,1.9765182348325776,2.0612098079128187,3.7997172522125333,37.34551614976152,45.09346763030523,49.425580775894666,57.50552322291292,-19.693505923706986,-4.798614295033857
2018-03-26,41.155484534957964,53.55241794790228,-12.39693341294432,1.9703182605753238,2.0764949375831336,3.816929733256187,37.29366074423033,45.0173083256856,49.48248787023934,57.622348025565216,-19.878115690126446,-4.915751135762193
2018-03-27,41.089858134891415,53.571583076530914,-12.481724941639504,1.9185297804306634,2.0546846452560845,3.7250845486327058,37.32953976524732,44.85017650453551,49.54440117182899,57.59876498123284,-19.78289065695961,-5.180559226319401
2018-03-28,41.03550724171734,53.71902685032665,-12.683519608609311,1.8854442557603455,2.018743875462899,3.6589976982595567,37.34003650042706,44.73097798300762,49.76228885441937,57.67576484623393,-19.855155097198043,-5.51188412002058
2018-03-29,40.98366392868008,53.89837082398307,-12.914706895302986,1.7736819970301454,1.92663239912223,3.4700920079981405,37.50724721450099,44.46008064285917,50.122171321703505,57.67457032626264,-19.71608723097934,-6.113326559626631
2018-03-30,41.00845030666356,53.88333472027792,-12.87488441361436,1.7482222892385728,1.8936401529893165,3.409249440644381,37.58193461975596,44.43496599357116,50.171800020418864,57.59486942013698,-19.557013317277345,-6.192755509951374
2018-03-31,40.943781886596206,53.91720014681774,-12.973418260221534,1.662467840792303,1.8211238294452363,3.2504199835420846,37.685344918643295,44.202218854549116,50.34779744110508,57.4866028525304,-19.34424142796402,-6.602595092479048
2018-04-01,40.92626573805052,53.95294261657678,-13.02667687852626,1.6414754685504784,1.7995953236253297,3.220905234477709,37.70897381969158,44.143557656409456,50.42573578227113,57.48014945088242,-19.339651138102568,-6.7137026189499505
2018-04-02,40.9341611372745,53.88524050568718,-12.951079368412676,1.5974043253171224,1.8121599937928736,3.1649803040271736,37.803248659652944,44.06507361489606,50.33340691785315,57.43707409352121,-19.154440764305935,-6.747717972519417
2018-04-03,40.964379701615236,53.83050270235079,-12.86612300073556,1.7692460082519348,1.9020533945499702,3.4465102690993863,37.49665752544144,44.43210187778903,50.102478049032854,57.55852735566873,-19.621283128170354,-6.110962873300762
2018-04-04,40.89306092255003,53.90719801262509,-13.014137090075057,1.6744840366314497,1.7876822830994408,3.256379738493235,37.61107221075238,44.17504963434767,50.403340737750185,57.41105528749999,-19.396641377521796,-6.6316328026283164
2018-04-05,40.775848620510246,54.066926344376704,-13.29107772386646,1.7589937126688886,1.801926773335629,3.3701347739089322,37.32822094367923,44.223476297341264,50.53514986863887,57.59870282011454,-19.896541880727966,-6.685613567004952
2018-04-06,40.71982020608073,54.14187749734197,-13.42205729126124,1.7466680326265718,1.8031847977849753,3.36481040951416,37.296350862132655,44.14328955002881,50.60763529368342,57.67611970100052,-20.017085693908992,-6.827028888613486
2018-04-07,40.79450813813208,54.05520996798647,-13.260701829854387,1.7649906770194435,1.8059935847142363,3.4022055687089208,37.335126411173974,44.25388986509019,50.51546254194657,57.59495739402637,-19.929024744523872,-6.592378915184902
2018-04-08,40.77963310238121,54.12625753018543,-13.346624427804214,1.7468636442191168,1.8315701109927764,3.4246767025125973,37.355780359711744,44.20348584505068,50.536380112639584,57.71613494773127,-20.058990764728904,-6.6342580908795235
2018-04-09,40.86205052020041,53.92864631454218,-13.066595794341762,1.7886399629158614,1.9880284076911743,3.633779890762075,37.35631619288532,44.3677848475155,50.032110635467475,57.82518199361688,-20.188804380235428,-5.944387208448095
2018-04-10,40.90181025516751,53.83721347717972,-12.935403222012212,1.8508774710355542,1.965483036170719,3.650527167545452,37.27409041193783,44.529530098397196,49.98486672628511,57.689560228074335,-20.090436470401297,-5.780369973623126
2018-04-11,40.85504323994491,54.15216031076995,-13.297117070825038,1.8367157564472314,2.1524826174749987,3.8337524002849213,37.25508035730834,44.45500612258149,49.93329438051895,58.37102624102095,-20.811271775383485,-5.7829623662665925
2018-04-12,40.9138587822762,54.084700027157574,-13.170841244881375,1.8839782871978916,2.1503712147523317,3.8757994961004796,37.22126133936833,44.60645622518407,49.869972446243004,58.29942760807214,-20.767408257238316,-5.574274232524435
2018-04-13,40.87521107132719,54.120044646829705,-13.244833575502506,1.8604777464687343,2.0579308873848956,3.76204311950352,37.228674688248475,44.52174745440591,50.08650010755531,58.1535891861041,-20.618438089729406,-5.871229061275606
2018-04-14,40.919874702296816,54.113801577006214,-13.193926874709396,1.8342779745208906,2.0270201370408625,3.6996251993372575,37.32468987223587,44.51505953235776,50.140842108406126,58.0867610456063,-20.44519226541042,-5.942661484008371
2018-04-15,40.86838473192235,54.13215176287737,-13.263767030955027,1.7806095489992375,1.966298113920923,3.5705064404689355,37.378390015883845,44.35837944796085,50.27820745959236,57.98609606616238,-20.26195965427414,-6.2655744076359134
2018-04-16,40.84068725972895,54.237512818517,-13.396825558788043,1.7625011600245408,1.901074728608355,3.485777835242544,37.38618498608085,44.295189533377055,50.511406350444624,57.96361928658937,-20.22895011586343,-6.564701001712657
2018-04-17,40.77160541130815,54.30597629312234,-13.534370881814194,1.784190905680646,1.8768869155661616,3.494010831025434,37.27459123617408,44.26861958644222,50.627277938612664,57.98467464763202,-20.382632110624044,-6.686109653004343
2018-04-18,41.035611926239966,53.97810453098251,-12.94249260474255,2.035686340258406,2.2170066381331095,4.1197480810867075,37.04566669933349,45.025557153146444,49.63277152024162,58.32343754172341,-21.017198843672496,-4.867786365812604
2018-04-19,41.016116386721954,53.980988682571464,-12.964872295849517,2.032690760188426,2.2434785593041293,4.152292172308278,37.03204249675264,45.00019027669127,49.58377070633537,58.37820665880756,-21.10336495357374,-4.826379638125292
2018-04-20,41.023236582016885,53.886243894058055,-12.863007312041166,1.9725393115676764,2.203674912576632,4.048700405900195,37.15705953134424,44.88941363268953,49.56704106540786,58.20544672270825,-20.79846010760555,-4.927554516476783
2018-04-21,41.057601754945765,53.8107092207542,-12.753107465808434,1.9737934654408342,2.253231512287162,4.100957168485955,37.18896656268173,44.9262369472098,49.39437545667136,58.227042984837034,-20.790983516040903,-4.715231415575962
2018-04-22,40.9335833254178,53.926476796716486,-12.992893471298684,1.9376785168491053,2.1845949121970305,4.004357334664973,37.13573343239355,44.73143321844205,49.64467076881031,58.208282824622664,-20.84143384724203,-5.144353095355338
2018-04-23,40.9878081731683,53.96580496533234,-12.97799679216404,1.8754402352404689,2.094605406416834,3.8350192751286714,37.31194531209698,44.66367103423961,49.86037836875534,58.071231561909336,-20.494634571416235,-5.461359012911845
2018-04-24,40.85718523709589,53.948348766652245,-13.091163529556352,1.7024734330020097,1.963986346138094,3.4780579716404656,37.52033730841195,44.19403316577983,50.09893552822158,57.79776200508291,-19.908157153971665,-6.27416990514104
2018-04-25,40.97309673903877,53.89094215886988,-12.917845419831114,1.695877436438714,1.908473163291831,3.4253329458172748,37.64917696361889,44.297016514458655,50.15033475881789,57.631549558921876,-19.631497993632973,-6.2041928460292555
2018-04-26,40.92445274839597,53.978497935019945,-13.05404518662397,1.6610507733285877,1.8851921090863069,3.374716381688766,37.66879323267194,44.180112264120005,50.283521401210784,57.673474468829106,-19.668489294733952,-6.439601078513988
2018-04-27,40.92256122794775,53.9770859848764,-13.054524756928652,1.6229038908377944,1.8486608678318874,3.301613802531246,37.74166960190568,44.10345285398983,50.353710683925904,57.6004612858269,-19.525687809889895,-6.58336170396741
2018-04-28,40.95847921160141,53.90012790858753,-12.941648696986125,1.5944629041124923,1.8473468599741278,3.254495212923861,37.833331919540925,44.08362650366189,50.279328063038236,57.52092775413682,-19.320459314316892,-6.562838079655357
2018-04-29,41.100317621983244,53.73908128788463,-12.638763665901386,1.6614408756008545,1.8495622152060014,3.3276319744115135,37.84389350580557,44.35674173816092,50.11393934608087,57.36422322968839,-19.16092233574795,-6.1166049960548206
2018-04-30,41.19245169609484,53.558184012942014,-12.36573231684717,1.6054400406090126,1.6631526114765594,3.012854691244824,38.04578921650118,44.33911417568851,50.298404894447955,56.81796313143607,-18.270927511687024,-6.460537122007316
2018-05-01,41.43518309847272,53.10250463784039,-11.66732153936767,1.8440613902777498,1.881662572915981,3.423849099439843,37.82082277352833,45.04954342341711,49.41444599492507,56.79056328075571,-18.378065774269764,-4.956577304465577
2018-05-02,41.83471603992208,52.762377002888584,-10.927660962966502,2.0681449025247796,2.0487244812115804,3.86219844849735,37.78115203097351,45.88828004887065,48.746877019713885,56.77787698606328,-18.49756992202131,-3.3577520039116964
2018-05-03,42.05734729371971,52.60829539914026,-10.55094810542055,2.2693838587001514,2.097457697690782,4.111993754327275,37.60935493066741,46.50533965677201,48.49727831166633,56.71931248661419,-18.61045586390201,-2.4914403469390916
2018-05-04,42.05965762478795,52.69078302700368,-10.63112540221573,2.29588387085937,2.104851205267173,4.153604160855389,37.559725237903585,46.55959001167232,48.565274664680025,56.81629138932734,-18.772189557492293,-2.4900612469391668
2018-05-05,42.14960432008129,52.611711458857506,-10.462107138776224,2.2636629970090913,2.0213444822029234,4.046217610399902,37.712824845943466,46.58638379421911,48.64987627373978,56.573546643975234,-18.39269365516003,-2.531520622392417
2018-05-06,42.21596309194573,52.635560863767125,-10.41959777182139,2.1470834101882357,1.9882021930431182,3.870389838250201,38.00767960797679,46.42424657591467,48.738684565402615,56.532437162131636,-18.005561854791786,-2.8336336888509965
2018-05-07,42.20917993891428,52.670852252942154,-10.461672314027869,2.177331679202249,1.9596701516269681,3.8513301950367107,37.941609847677874,46.47675003015069,48.8298987557533,56.51180575013101,-18.010279496299823,-2.913065131755916
2018-05-08,42.20110930886964,52.616942076702514,-10.415832767832876,2.116266970260943,2.026770437878438,3.7855288536832163,38.05322604715819,46.34899257058109,48.644472018460775,56.589412134944254,-17.83546932105198,-2.9961962146137724
2018-05-09,42.20998816999461,52.66764758271481,-10.457659412720194,2.0370330968664683,1.948062732442488,3.6192016900667197,38.21740330013633,46.202573039852886,48.84944462712753,56.48585053830208,-17.551294725250962,-3.3640241001894235
2018-05-10,42.2408958930408,52.61384991312934,-10.372954020088537,1.998100244167087,1.889032921656513,3.506035548070294,38.32461941447331,46.15717237160829,48.91134538668258,56.31635443957611,-17.244783694306314,-3.5011243458707613
2018-05-11,42.27862121989744,52.62369123999215,-10.345070020094704,1.9892909677589499,1.8668773706523114,3.464842822455201,38.3796109230899,46.17763151670498,48.96461159351362,56.28277088647068,-17.136161952106896,-3.553978088082511
2018-05-12,42.219689087114915,52.64236684763718,-10.422677760522259,1.9748851532377558,1.835024460753906,3.337733449389981,38.348914186768916,46.090463987460915,49.04571890455952,56.23901479071483,-16.96463532132662,-3.8807201997178966
2018-05-13,42.32493113945703,52.59772861591083,-10.272797476453807,1.9320785480854,1.8011056701719415,3.289249143359524,38.538057185209645,46.11180509370441,49.06756150237383,56.127895729447836,-16.719725797438475,-3.8258691554691397
2018-05-14,42.40470137996417,52.53786553953111,-10.133164159566936,1.9194104285857418,1.7709968607049829,3.2494575704604367,38.64265693993612,46.16674581999223,49.06671169254935,56.009019386512875,-16.50210099766939,-3.764227321464481
2018-05-15,42.36406947825178,52.550643424568094,-10.186573946316315,1.9782422278424838,1.6901390281595514,3.191548261727029,38.48671471168051,46.241424244823044,49.23797092937537,55.863315919760815,-16.44200853930129,-3.9311393533313383
2018-05-16,42.661401830118265,52.19499513376565,-9.533593303647383,2.354384125490545,2.206413881095799,4.2176961752109605,38.046808944156794,47.27599471607974,47.870423926817885,56.51956634071342,-17.800277807060866,-1.2669088002338995
2018-05-17,42.392018251768334,52.19891417487472,-9.806895923106389,2.5558241654659377,2.082193194578148,4.18499063312697,37.38260288745509,47.401433616081576,48.117815513501554,56.28001283624789,-18.00947756403525,-1.6043142821775263
2018-05-18,42.44184642295492,52.201723354667806,-9.759876931712883,2.538121496491915,2.0419320954022067,4.117772405005822,37.46712828983076,47.416564556079074,48.19953644767948,56.203910261656134,-17.830710845524294,-1.6890430179014722
2018-05-19,42.5691942193997,52.19189799108267,-9.622703771682971,2.49242573975185,1.9800544907924527,4.008521070518395,37.68403976948607,47.454348669313326,48.31099118912946,56.07280479303588,-17.479405069899023,-1.7660024734669175
2018-05-20,42.43355850629085,52.38321214736466,-9.949653641073807,2.395562870108856,1.9108116298038178,3.8770973161778173,37.738255280877496,47.128861731704205,48.638021352949174,56.128402941780145,-17.54876438078233,-2.3505429013652854
2018-05-21,42.38019767389967,52.49849765138267,-10.118299977482998,2.2772893946520196,1.8086553713989588,3.6896593671367066,37.916710460381715,46.84368488741763,48.953533123440714,56.04346217932463,-17.350032337070942,-2.886567617895053
2018-05-22,42.21039568726952,52.70226465922352,-10.491868971954007,2.3324382288199037,1.8135161223619636,3.775032434372183,37.638816758782504,46.78197461575653,49.147773059394076,56.25675625905297,-17.890932543323487,-3.0928054005845285
2018-05-23,42.35167260445771,52.60271049331311,-10.251037888855405,2.329779846331193,1.762969451904031,3.7358608350126374,37.78530410564857,46.91804110326685,49.14729036758121,56.05813061904501,-17.573325125480174,-2.9287506522306366
2018-05-24,42.44745260196845,52.54193574436148,-10.094483142393031,2.299204969339833,1.7152357589204186,3.6556339305771517,37.94101086206238,46.95389434187452,49.18007365687746,55.9037978318455,-17.25952564632425,-2.9294406384618137
2018-05-25,42.49843015132906,52.521921858501166,-10.023491707172107,2.2988015564666955,1.7001361388687681,3.6448685621755823,37.99277910065434,47.00408120200378,49.18965502631838,55.854188690683955,-17.16743408903625,-2.8795493253079663
2018-05-26,42.51445240529825,52.54790748979661,-10.033455084498353,2.235750221022924,1.6590439699107447,3.542509765312297,38.13238197209332,46.89652283850318,49.29618130877155,55.79963367082166,-16.976774224510457,-3.090135944486251
2018-05-27,42.39884696513935,52.625979356666484,-10.227132391527137,2.1439578964105634,1.6100179225140263,3.4175385119541466,38.19668948817464,46.601004442104056,49.47034422853899,55.78161448479398,-16.925507874957265,-3.5287569080970096
2018-05-28,42.20285989680705,52.79324815520948,-10.59038825840243,2.154884884581221,1.6507976995342761,3.4924062028324676,37.979285523027855,46.42643427058624,49.5576846641223,56.02881164629667,-17.435504415954064,-3.7452721008507925
2018-05-29,42.26611500447514,52.57625619996815,-10.310141195493005,2.152596632862216,1.794441995518135,3.6314956900346695,38.0470256040652,46.48520440488508,49.05914988875261,56.09336251118369,-17.427872747960958,-3.1924096430250524
2018-05-30,42.17643797198874,52.7112219891042,-10.534784017115463,2.0029943446371776,1.6860061584120691,3.327060099405769,38.25056905649987,46.10230688747761,49.406649918616544,56.01579405959186,-17.05582181195077,-4.013746222280156
2018-05-31,42.2361707291102,52.627376483440216,-10.391205754330015,1.9260146867034256,1.6205420362942615,3.2066115132401887,38.46118194317148,46.01115951504892,49.45111409230346,55.80363887457697,-16.676164320280783,-4.106247188379245
2018-06-01,42.22165023959254,52.72503222123373,-10.503381981641196,1.8553338555677907,1.6137569277866866,3.1352162859625876,38.58519588267967,45.85810459650541,49.56206864277183,55.88799579969564,-16.64840590212787,-4.358358061154524
2018-06-02,42.216308416949055,52.73563441400186,-10.519325997052805,1.8272823253056507,1.5935994682365089,3.0911856686621753,38.63483505934998,45.79778177454813,49.6121794562583,55.85908937174541,-16.578049907630668,-4.460602086474942
2018-06-03,42.163779109264986,52.79565490737999,-10.631875798115004,1.7449814159710473,1.5330103849051682,2.9660998001934673,38.74361553396173,45.58394268456824,49.79095455296586,55.800355261794124,-16.4454314064942,-4.818320189735808
2018-06-04,42.05491061788731,52.99140199590041,-10.936491378013097,1.705853504898406,1.5012547577172821,2.8965696120281392,38.711437748286436,45.39838348748818,50.04894267077454,55.933861321026285,-16.61376781758825,-5.259214938437943
2018-06-05,41.83744509264039,52.969117660787354,-11.131672568146971,1.90490249450472,1.7722592563170252,3.1970487836141825,38.103836203411134,45.57105398186964,49.49548951840598,56.44274580316873,-17.39788818403077,-4.865456952263173
2018-06-06,41.78431723879745,52.95457666339112,-11.17025942459367,1.831087242797951,1.714547541409081,3.1401260238670963,38.195386242913465,45.373248234681434,49.59406348222932,56.31508984455292,-17.32490643137318,-5.015612417814162
2018-06-07,41.70937196581492,53.01357270794532,-11.304200742130403,1.811928507473382,1.6922884236836653,3.1167958266385187,38.15799209116709,45.260751840462746,49.69668739752534,56.330458018365306,-17.4131205623419,-5.195280921918907
2018-06-08,41.67279104813589,53.07127320130998,-11.39848215317409,1.7894919674087257,1.6932823489322095,3.103145531596803,38.165386792014786,45.180195304257,49.75243979740285,56.390106605217106,-17.480647395103823,-5.316316911244356
2018-06-09,41.666068277839976,53.0913508322506,-11.425282554410622,1.7682037970201268,1.681230726472113,3.0727511053396075,38.20038883568053,45.131747719999424,49.796138608365254,56.38656305613594,-17.447874720876253,-5.402690387944991
2018-06-10,41.650155991259126,53.04298500251459,-11.392829011255465,1.852922269678616,1.5603920263350664,3.064659786213721,38.01842834268904,45.28188363982921,49.98461663089786,56.10135337413132,-17.399562192234356,-5.386095830276572
2018-06-11,41.629933451300865,53.042696848424995,-11.41276339712413,1.8388011811438656,1.5435467465297632,3.035452791416627,38.02588313625889,45.23398376634284,50.01734522522666,56.06804847162333,-17.36225086830072,-5.46327592594754
2018-06-12,41.7779954886171,52.70024295386401,-10.922247465246912,1.727761369468423,1.6762075713637905,3.0382597576916006,38.39158320445899,45.16440777277521,49.414876113990985,55.98560979373704,-16.877236590322447,-4.967258340171375
2018-06-13,41.96476894253001,52.35925237851395,-10.394483435983942,1.6678151688978045,1.9247114557965728,3.222364392150857,38.69585121149031,45.23368667356971,48.586817925152666,56.131686831875236,-16.71031764459962,-4.078649227368262
2018-06-14,42.052262414080886,52.29121094134928,-10.23894852726839,1.8248595704082342,1.9424795343560395,3.4073831086469646,38.475537656080746,45.628987172081025,48.48395105401144,56.09847082868711,-16.91741942021644,-3.560477634320339
2018-06-15,42.18278039299231,52.22556201274895,-10.04278161975664,1.838395753424581,1.8905304901559314,3.3791499464747523,38.57952471628013,45.786036069704494,48.52012225204333,55.931001773454575,-16.665915514847157,-3.4196477246661257
2018-06-16,42.26213824808455,52.190588814341055,-9.928450566256506,1.868506305047499,1.8744245977060672,3.3923342066481763,38.59986589019145,45.92441060597764,48.516716602837164,55.864461025844946,-16.577425611286934,-3.2794755212260807
2018-06-17,42.50611964007011,51.93716373208273,-9.431044092012618,2.010318140278629,1.8514109307760078,3.5749311951896714,38.565896085123995,46.446343195016226,48.308398307761756,55.565929156403705,-16.437909234584374,-2.4241789494408623
2018-06-18,42.47559528130301,51.90024339137174,-9.42464811006873,1.8943887732174447,1.7835406902987248,3.402805006509844,38.76259328579682,46.1885972768092,48.40450363838624,55.39598314435724,-16.094145922828027,-2.755150297309436
2018-06-19,42.29540061009381,51.79711351825503,-9.501712908161222,1.864930931240811,1.8570299033693116,3.28941475043159,38.640135984861814,45.9506652353258,48.15733490765118,55.43689212885888,-15.948965819007139,-3.0544599973153055
2018-06-20,42.33981242572584,51.842460795237265,-9.502648369511425,1.7569940897553757,1.7897752842204255,3.1513859685213035,38.8961040098053,45.78352084164638,48.33450123816523,55.3504203523093,-15.67936486781318,-3.3259318712096704
2018-06-21,42.274728195217506,51.922880004868425,-9.648151809650921,1.787281988378894,1.807347814642816,3.2122605819636756,38.77165549799487,45.77780089244014,48.380478288168504,55.465281721568346,-15.944182550299725,-3.3521210690021173
2018-06-22,42.299913517361446,51.95499767068835,-9.655084153326902,1.7653098159118696,1.7932837289011043,3.1683191851029933,38.83990627817418,45.75992075654871,48.440161562042185,55.469833779334515,-15.864989756128768,-3.4451785505250347
2018-06-23,42.28838423844312,51.993261225410734,-9.704876986967609,1.750824535943179,1.8032607871261017,3.1629721550964334,38.856768147994494,45.72000032889175,48.45887008264357,55.5276523681779,-15.904302410956618,-3.5054515629785996
2018-06-24,42.28515917836391,52.03752567726969,-9.752366498905777,1.7332686242979651,1.7361848364837902,3.071665722068326,38.8879526747399,45.682365681987925,48.63460339776146,55.44044795677792,-15.772831314159696,-3.7319016836518593
2018-06-25,42.22690311203201,52.174268799426585,-9.94736568739457,1.6948466518133423,1.7907244073688995,3.115012303024496,38.90500367447786,45.54880254958616,48.66444896098354,55.68408863786963,-16.052789801322582,-3.841941573466557
2018-06-26,42.031572762176765,52.302016374301154,-10.270443612124385,1.8204902887753454,1.8577985543372613,3.3290276891791497,38.46341179617709,45.59973372817644,48.66073120780012,55.94330154080219,-16.79533788291552,-3.745549341333252
2018-06-27,42.04574526379089,52.31440166531362,-10.268656401522724,1.7560958131632125,1.820202017489933,3.2422410893019697,38.603797469990994,45.48769305759079,48.746805711033346,55.88199761959389,-16.623448936554585,-3.913863866490864
2018-06-28,42.013934223171006,52.321912289757165,-10.307978066586157,1.7246322860180274,1.797315870100956,3.1921569712853426,38.633654942575674,45.39421350376634,48.79917318435929,55.84465139515504,-16.56460573030543,-4.051350402866886
2018-06-29,42.02974859930645,52.65268438780274,-10.622935788496287,1.648180349738043,1.9030564327966528,3.1713207567743282,38.79931511381989,45.260182084793016,48.9226937795213,56.382674996084184,-16.838724471773972,-4.407147105218604
2018-06-30,41.97295529424611,52.677502287918614,-10.704546993672498,1.631999519434523,1.8720390123810995,3.1326935544374837,38.77423623615445,45.171674352337774,49.00830582365166,56.34669875218557,-16.844626360369965,-4.56446762697503
2018-07-01,42.15079947163967,52.592143672591725,-10.441344200952052,1.6625699276488863,1.8552548182106192,3.2018675555373304,38.892162413447856,45.40943652983149,48.95584422889891,56.22844311628454,-16.71700460980522,-4.165683792098885
2018-07-02,42.162520493027394,52.737226370016224,-10.574705876988823,1.5375674715785201,1.7797825375966771,3.0090879749297623,39.14888824873349,45.176152737321296,49.248852596326735,56.22560014370571,-16.472518307851157,-4.676893446126488
2018-07-03,42.21782696360598,52.60660066627333,-10.388773702667352,1.5441468263177107,1.7993166890518353,3.048880059563799,39.191299184023265,45.244354743188694,49.07993995573173,56.13326137681493,-16.3645786194124,-4.412968785922307
2018-07-04,42.308865169852254,52.55972705001939,-10.250861880167136,1.519378611965433,1.7478298624403261,2.977555481105896,39.33088309040001,45.2868472493045,49.13398051963635,55.98547358040243,-16.086870623134693,-4.41485313719958
2018-07-05,42.327525934964086,52.58256122752689,-10.255035292562807,1.4885790868986604,1.7155663989237704,2.9250163105218827,39.40991092464271,45.24514094528546,49.2200510856363,55.94507136941748,-15.988067261185698,-4.522003323939917
2018-07-06,42.427656142447574,52.53418783998684,-10.106531697539266,1.536160530441444,1.7460128530070331,3.02966411265986,39.41678150278234,45.43853078211281,49.11200264809306,55.956373031880624,-16.04467335835259,-4.16839003672594
2018-07-07,42.3068473039735,52.71720576095865,-10.410358456985149,1.5107106659617955,1.7621194481326448,3.037880215319749,39.34585439868838,45.267840209258615,49.26345164261866,56.170959879298636,-16.364603679011857,-4.4561132349584405
2018-07-08,42.29616680650628,52.865066195096766,-10.568899388590484,1.433491930036002,1.769445732729771,2.939339119409657,39.486522623635715,45.10581098937684,49.39695255894642,56.333179831247115,-16.330004062633414,-4.807794714547557
2018-07-09,42.1435273811443,52.882744444307235,-10.73921706316293,1.4712732932813684,1.8636040935706906,3.0499863531712723,39.25983172631282,45.02722303597579,49.230080420908685,56.535408467705786,-16.717190315378623,-4.761243810947236
2018-07-10,42.15827929692884,52.76299125942372,-10.604711962494886,1.68741738230713,1.9499379283831726,3.3204386172745357,38.85094122760687,45.46561736625081,48.9411129197927,56.58486959905474,-17.112771652352976,-4.0966522726367955
2018-07-11,42.106472749724226,52.81535198700144,-10.708879237277214,1.6622729712280206,1.8787235666387163,3.266471245938704,38.848417726117304,45.36452777333115,49.13305379638956,56.49765017761332,-17.111162879317074,-4.306595595237354
2018-07-12,41.94760858960216,52.97670458926155,-11.029095999659388,1.7367515928075599,1.9216426713854986,3.4073838371592515,38.54357546769934,45.35164171150498,49.210284953345976,56.74312422517713,-17.70756832049152,-4.350623678827255
2018-07-13,41.95982788156443,53.00127159815827,-11.04144371659384,1.7286940856091009,1.8861341835350487,3.361422538964956,38.57158747377059,45.34806828935827,49.30444859842957,56.698094597886964,-17.629831892965154,-4.453055540222526
2018-07-14,41.977161308358845,52.942878841203964,-10.965717532845117,1.7303590774165027,1.8525085795469205,3.34470205007815,38.5856575166225,45.36866510009519,49.311962025292,56.57379565711593,-17.521333550998293,-4.410101514691943
2018-07-15,42.15656801760232,52.80404415304661,-10.647476135444292,1.7604445052282418,1.8149074322178103,3.354198095107188,38.706096787354966,45.60703924784967,49.2468255858997,56.36126272019352,-17.22170440185438,-4.073247869034203
2018-07-16,42.145340307569555,52.78551230888361,-10.640172001314054,1.7557758448317204,1.7878917527186395,3.327630933912072,38.70401965169938,45.586660963439726,49.28124447355508,56.289780144212145,-17.162328631781715,-4.118015370846393
2018-07-17,41.89597258423002,52.810988691201324,-10.915016106971303,1.7925639496741332,1.730081773946632,3.3062992969174894,38.382547242868725,45.40939792559132,49.42002841426593,56.20194896813672,-17.39536272892958,-4.434669485013024
2018-07-18,42.046842109595396,52.89719918520644,-10.850357075611049,1.8535653964643597,1.6677171167150489,3.277999296374188,38.41385393252525,45.67983028666554,49.628473636444944,56.165924733967934,-17.275235696504456,-4.4254784547176405
2018-07-19,41.94506661483074,52.977822576472576,-11.032755961641826,1.8886078518932363,1.712324055938215,3.378418539864661,38.24339522512,45.64673800454149,49.621667426833675,56.33397772611148,-17.654456299776562,-4.411055623507091
2018-07-20,41.86169749053614,52.99526700404874,-11.133569513512604,1.805042580843561,1.624741935280291,3.2135001600746733,38.32381403208276,45.39958094898952,49.81077281089937,56.17976119719811,-17.432029827258965,-4.8351091997662445
2018-07-21,41.89195978426303,52.95900411098137,-11.067044326718332,1.7733618949671615,1.5997373096857181,3.16185296781462,38.41617047012739,45.36774909839867,49.82351898399736,56.09448923796538,-17.264276143634987,-4.869812509801676
2018-07-22,41.89046221063684,52.80360411181414,-10.913141901177294,1.7407826253557652,1.4657669895272887,2.9648344348730413,38.47852826493954,45.30239615633414,49.93070081234065,55.67650741128762,-16.724217393528455,-5.102066408826134
2018-07-23,41.811322254861416,52.963179985256936,-11.151857730395516,1.740168475864235,1.6728442130934351,3.171616007095227,38.40059204216752,45.222052467555315,49.6844053275938,56.24195464292007,-17.368225104302162,-4.935490356488872
2018-07-24,41.77729653709566,52.93197837972947,-11.154681842633817,1.708116273926569,1.625018962439031,3.0823916525803483,38.42938864019958,45.12520443399173,49.74694121334897,56.117015546109975,-17.1961694816913,-5.1131942035763345
2018-07-25,41.66450364387228,53.09395259657513,-11.429448952702854,1.629675271161077,1.599081087367485,2.990284851823588,38.47034011239657,44.85866717534799,49.95975366533486,56.2281515278154,-17.290407262277085,-5.568490643128622
2018-07-26,41.630751571538404,53.18278595255194,-11.552034381013533,1.6915240526744668,1.6379400381314544,3.105830019758041,38.31536442829645,44.94613871478036,49.97242347781429,56.39314842728959,-17.639461219739292,-5.464607542287772
2018-07-27,41.64749662191975,53.17246611674223,-11.52496949482248,1.6743925169285057,1.6244849611688699,3.083672184741527,38.36568728873988,44.92930595509962,49.988475592851245,56.35645664063321,-17.568966976915874,-5.4809720127290875
2018-07-28,41.62861631454277,53.165586395667894,-11.536970081125125,1.6962155168255595,1.607256474617359,3.088165553231039,38.30403390156467,44.953198727520864,50.01536370541787,56.31580908591792,-17.58977456545796,-5.484165596792288
2018-07-29,41.65178678755424,53.09174778384768,-11.439960996293443,1.646563085728625,1.6080053702657477,3.028900861920771,38.42452313952613,44.87905043558234,49.940057258126814,56.243438309568546,-17.376606685658153,-5.503315306928733
2018-07-30,41.70054643332332,53.08889044545586,-11.388344012132539,1.5849288987293255,1.5389171797391858,2.9040105267593095,38.59408579181384,44.807007074832796,50.07261277316706,56.10516811774466,-17.080204644580785,-5.696483379684292
2018-07-31,41.75404006910823,53.019162828867834,-11.265122759759604,1.5681058525990783,1.4927990898710553,2.846687881201472,38.68055259801403,44.827527540202425,50.093276612720565,55.945049045015104,-16.84463100691449,-5.68561451260472
2018-08-01,41.82325883751937,52.96873408925626,-11.145475251736894,1.5449659394294228,1.5062354215205604,2.8507103168236183,38.795125596237696,44.85139207880104,50.01651266307596,55.92095551543656,-16.732867472711185,-5.558083030762602
2018-08-02,41.8609652028495,52.95625233307024,-11.095287130220742,1.5066614518352355,1.4441198778885076,2.7481068397310606,38.907908757252436,44.81402164844656,50.12577737240876,55.786727293731715,-16.48157653609362,-5.708997724347863
2018-08-03,41.82179111792547,53.00471048530753,-11.182919367382055,1.4632277958295168,1.4281110324450978,2.675648059860256,38.95386463809962,44.689717597751326,50.20561286171514,55.803808108899915,-16.427189564708158,-5.938649170055954
2018-08-04,42.07534588191156,52.77813072672913,-10.70278484481757,1.808447045580031,1.6727484883319044,3.312230623537772,38.5307896725747,45.61990209124842,49.499543689598596,56.056717763859666,-17.194756866951604,-4.210812822683537
2018-08-05,41.84735449799692,52.871179545312216,-11.023825047315295,1.9257209645363098,1.6656577035556919,3.436587959551184,38.07294140750575,45.62176758848808,49.60649044634306,56.13586864428137,-17.759537448035616,-4.288112646594975
2018-08-06,41.932619772628016,52.77849942124492,-10.84587964861691,1.8742086589201636,1.6233021254906201,3.3525880105971235,38.25917080114449,45.60606874411154,49.59682725528331,55.96017158720654,-17.41695214938727,-4.2748071478465475
2018-08-07,41.97137677878289,52.702712257623375,-10.731335478840485,1.7813384110756874,1.5543217470842638,3.164536788674009,38.47995349307454,45.46280006449124,49.65624163333822,55.74918288190853,-16.93382758464154,-4.528843373039428
2018-08-08,41.88785634920572,52.84854608362399,-10.96068973441827,1.6768246393404822,1.5143627801171642,3.0261874285690684,38.601280056098375,45.174432642313064,49.88039503459434,55.81669713265363,-16.892017094413646,-5.029362374422896
2018-08-09,41.94349822734987,52.929230962715096,-10.98573273536523,1.7091062985788759,1.563769834946075,2.997601558562132,38.593649882135274,45.29334657256447,49.86424208622079,55.9942198392094,-16.86103179014701,-5.110433680583451
2018-08-10,41.97136419332002,52.90857812949425,-10.937213936174237,1.6876517402228128,1.5401040094856155,2.9571769423873624,38.66356678248331,45.279161604156734,49.88997427090244,55.92718198808606,-16.733280743253466,-5.141147129095007
2018-08-11,41.90204566176612,52.933283516188204,-11.031237854422088,1.731679832251445,1.5309466079172183,2.993732890697193,38.50795319055329,45.296138132978946,49.932628164670454,55.933938867705955,-16.898954320188587,-5.16352138865559
2018-08-12,41.919290886216295,53.15801402691231,-11.238723140696019,1.4848181787846182,1.5888204246031579,2.7137726099775072,39.00904725579844,44.82953451663415,50.04392599469012,56.272102059134504,-16.557717456251932,-5.919728825140105
2018-08-13,41.991132056271134,53.12996786006597,-11.138835803794837,1.4398222063381347,1.5247559533742767,2.6210499374501155,39.16908053184839,44.81318358069388,50.14144619145239,56.11848952867955,-16.276093681197064,-6.001577926392611
2018-08-14,42.045681641750775,53.050328119042256,-11.004646477291486,1.3977825279446348,1.5735226282762895,2.6527094224038588,39.306027886979294,44.78533539652226,49.966223767620725,56.134432470463786,-16.20395694520305,-5.805336009379922
2018-08-15,42.114530923796195,52.89814753481604,-10.783616611019845,1.4071840878192314,1.5294209501150047,2.61599696263129,39.356450111670505,44.872611735921886,49.90048247259063,55.89581259704145,-15.910970657777174,-5.656262564262517
2018-08-16,42.22305010310468,52.79217065396098,-10.569120550856296,1.62662157748687,1.5902849067012719,2.9459927042572858,39.03487181123042,45.41122839497895,49.67521223682649,55.90912907109547,-16.343266251200575,-4.794974850512015
2018-08-17,42.18912559954851,52.838094378571064,-10.64896877902255,1.5938892529677262,1.5609137797003136,2.9006300382426264,39.065102663731764,45.31314853536526,49.77870337035845,55.89748538678368,-16.334203653978097,-4.963733904067002
2018-08-18,42.22771093145823,52.907424716627084,-10.679713785168857,1.5470453703667004,1.553785918926765,2.836758205743223,39.1955020055395,45.259919857376964,49.862004315530626,55.95284511772354,-16.239759868425573,-5.119667701912141
2018-08-19,42.30436374492851,52.74421341318586,-10.439849668257354,1.5196839892704619,1.5556116838120544,2.830508074463463,39.3257831259584,45.282944363898615,49.695214512914234,55.79321231345749,-15.987645494205742,-4.892053842308966
2018-08-20,42.12253412873776,52.923025845036385,-10.80049171629862,1.644519056368109,1.5821078406110582,3.016679437839988,38.899276778256265,45.34579147921926,49.82209447743871,56.02395721263406,-16.713183414464996,-4.887800018132243
2018-08-21,42.17920187067161,52.937264933978,-10.758063063306388,1.5694560308948986,1.5104158393041591,2.8613782389619784,39.103068050117614,45.25533569122561,49.97684988894185,55.89767997901415,-16.366364411671867,-5.14976171494091
2018-08-22,42.15626646057372,53.00298982415502,-10.846723363581306,1.615348418744253,1.432984570361172,2.838433990963563,38.99018355983498,45.322349361312455,50.19434006624712,55.811639582062924,-16.41005398586989,-5.283392741292723
2018-08-23,41.99767235155438,53.13242826469753,-11.134755913143154,1.6039375224482264,1.4108622188439555,2.8162994762069693,38.85395480755585,45.141389895552905,50.36713831576338,55.897718213631684,-16.654702886508815,-5.614808939777494
2018-08-24,41.96098925990948,53.167665761796364,-11.206676501886882,1.5647609494691597,1.3727654934961648,2.75245344943611,38.89405779894993,45.027920720869034,50.47704539454388,55.85828612904885,-16.601485262781658,-5.811867740992106
2018-08-25,41.8771546730626,53.22964283887829,-11.352488165815696,1.5465007138140163,1.3553584029961638,2.727325450300421,38.846013273987126,44.90829607213807,50.57314036900581,55.88614530875077,-16.69804604840452,-6.006930283226872
2018-08-26,41.89515507471757,53.165937827818915,-11.270782753101347,1.5965737766661419,1.4021164225215803,2.84414201804722,38.76587047245194,45.02443967698321,50.41778963967662,55.91408601596121,-16.845301108473898,-5.696264397728796
2018-08-27,41.85051194268888,53.22581798536175,-11.37530604267287,1.6335586442660346,1.39824692490177,2.87946120754971,38.64873699992746,45.05228688545031,50.48525401255428,55.96638195816922,-17.019050009470302,-5.731562075875439
2018-08-28,41.32376053923181,53.73367709311998,-12.409916553888166,1.9357874124286154,1.8306333908685268,3.61421959309012,37.52961721087173,45.1179038675919,50.14563564701767,57.32171853922229,-19.493786956344803,-5.326046151431531
2018-08-29,41.185564529098954,53.96097045210004,-12.775405923001086,2.075126316599385,2.031615500224996,3.960128026326957,37.11831694856416,45.25281210963375,49.97900407165905,57.94293683254104,-20.53725685460192,-5.013554991400251
2018-08-30,41.08568027740709,53.974880144850644,-12.889199867443548,2.0905956099747547,1.981345066905334,3.929534167464248,36.98811288185657,45.18324767295761,50.09144381371619,57.8583164759851,-20.591086835673472,-5.187312899213621
2018-08-31,40.97450728761734,54.00274235539324,-13.028235067775897,2.4066686502976897,2.034162741004567,4.296271798271637,36.25743673303387,45.691577842200815,50.015783383024285,57.98970132776219,-21.448927792388304,-4.607542343163489
2018-09-01,40.99259743014146,53.9884687883417,-12.99587135820024,2.375680780649072,2.0017216043761707,4.236928820791019,36.336263100069274,45.64893176021364,50.0650944437644,57.911843132918996,-21.300251846950637,-4.691490869449844
2018-09-02,40.9350215892203,53.869915804705734,-12.934894215485437,2.298432973080101,1.9452461694990926,4.077652482723764,36.4300929619833,45.4399502164573,50.05723331248751,57.682598296923956,-20.927093081624015,-4.94269534934686
2018-09-03,40.90160986357619,53.88282450835271,-12.981214644776527,2.2493140384854136,1.8975130062350156,3.985875070169449,36.49295434814478,45.3102653790076,50.163699016132085,57.60195000057334,-20.793529782308646,-5.168899507244407
2018-09-04,40.80226910290932,53.933566130183024,-13.131297027273705,2.2190305467293023,1.8661509816947044,3.9303020730481015,36.45296923131989,45.15156897449875,50.275910206061404,57.591222054304644,-20.834689090447984,-5.427904964099426
2018-09-05,40.77311195991036,53.94011414503823,-13.167002185127872,2.094217371991789,1.7615462288302939,3.703369507747255,36.668445910806454,44.877778009014264,50.48748353653085,57.39274475354561,-20.42560642031249,-5.908397949943253
2018-09-06,40.83128858747932,53.90120538210211,-13.069916794622795,2.066768079765985,1.7453598015855647,3.6560078740189605,36.78042315113799,44.882154023820654,50.480300170994404,57.32211059320982,-20.235692227699957,-5.904141361545633
2018-09-07,40.88340502250613,53.83921393034702,-12.955808907840886,2.0982880404737574,1.7641333465937028,3.7191310862359623,36.77076046317757,44.9960495818347,50.381512571023364,57.29691528967068,-20.245305836863373,-5.6663119788184
2018-09-08,40.89598580542028,53.80682333683045,-12.910837531410165,2.0773176568437615,1.7574986799932066,3.690058323309625,36.824443198006506,44.967528412834056,50.36212592404376,57.251520749617136,-20.14335184509703,-5.6783232177233
2018-09-09,40.59485587264509,53.97041873971089,-13.375562867065794,1.9581487314517219,1.7986905055460596,3.5767354169380274,36.75688435899971,44.43282738629047,50.44498534884061,57.49585213058116,-20.385964284264325,-6.36516144986726
2018-09-10,40.56919416262613,53.986805751924344,-13.417611589298208,1.9558752822050562,1.8147296256821785,3.5945554144637684,36.73567860950422,44.402709715748045,50.429935685587274,57.54367581826141,-20.462940201647193,-6.372282976949221
2018-09-11,40.56328185529697,53.95714833969104,-13.393866484394067,1.9271862942734002,1.844715291007883,3.6003323841742403,36.785996718521105,44.34056699207284,50.34150636931559,57.57279031006649,-20.450517957375578,-6.337215011412557
2018-09-12,40.57349024635862,53.95245341501491,-13.378963168656293,1.8509378543239619,1.770090012067827,3.4496293867787555,36.94565205188365,44.201328440833585,50.48307699136197,57.42182983866785,-20.140236766742653,-6.617689570569932
2018-09-13,40.57675768358217,53.970105693410424,-13.393348009828255,1.7980303224207417,1.725179854382282,3.3445741330056156,37.05261825163752,44.10089711552683,50.58875317882115,57.3514582079997,-19.94871331051926,-6.837982709137249
2018-09-14,40.72847792979631,53.914632229045566,-13.186154299249255,1.8274048356413128,1.684837319494953,3.3367021230796174,37.14676445193934,44.310191407653285,50.61235108283546,57.21691337525567,-19.726090460485306,-6.646218138013205
2018-09-15,40.73139618845621,53.90939436919912,-13.177998180742906,1.7995429666362295,1.655420292608271,3.2720922439392566,37.2042919738492,44.258500403063216,50.66477059568691,57.15401814271133,-19.591298978863847,-6.7646973826219625
2018-09-16,40.79016507729699,53.85059024323792,-13.060425165940925,1.780209538616451,1.5877602849369652,3.193306729140649,37.30095438160875,44.27937577298523,50.738580084761466,56.96260040171437,-19.319306355056597,-6.801543976825253
2018-09-17,40.87982733155568,53.826553942934034,-12.94672661137835,1.7927895192448668,1.5591544342650965,3.172798267337666,37.36595987383574,44.39369478927562,50.77061125177445,56.88249663409362,-19.165411215360177,-6.7280420073965255
2018-09-18,41.04092912824882,53.737437139156164,-12.69650801090734,1.7547388331387026,1.5070368253652813,3.0845603877513508,37.60164101529696,44.48021724120068,50.78364496144021,56.69122931687212,-18.742246370899988,-6.650769650914693
2018-09-19,41.31639885403256,53.49818223903128,-12.181783384998718,1.6480435144440055,1.4112912587175983,2.8984972204752095,38.08623356572231,44.54656414234282,50.732051371944785,56.264313106117775,-17.86283793713013,-6.500728832867308
2018-09-20,41.367177847056844,53.522130978118874,-12.154953131062028,1.664116953046358,1.4398436875242604,2.9519074016842874,38.10550861908598,44.62884707502771,50.70003735057132,56.344224605666426,-17.94069163836323,-6.369214623760825
2018-09-21,41.53213035591805,53.40439685989652,-11.872266503978475,1.6700523846526747,1.4666272031029515,2.97478845869253,38.25882768199881,44.80543302983729,50.52980754181474,56.278986177978304,-17.702851883015832,-6.041681124941116
2018-09-22,41.546922764503485,53.37614171372031,-11.82921894921682,1.6778309915637393,1.4633088288641833,2.9845530226635963,38.258374021038556,44.835471507968414,50.50805640914651,56.244227018294104,-17.678942873637467,-5.979495024796171
2018-09-23,41.38743294092636,53.500824722354096,-12.113391781427733,1.6653860320683296,1.4360033184081409,2.9477505503047556,38.123276318072435,44.651589563780284,50.68625821827414,56.31539122643405,-17.890982860025055,-6.335800702830412
2018-09-24,41.52271728656706,53.45805799840853,-11.935340711841471,1.585937345768385,1.8593110871822844,2.9291130358992072,38.41428008886103,44.63115448427309,49.81380826753125,57.102307729285805,-17.67640226220392,-6.194279161479025
2018-09-25,41.521165877776156,53.39420230929603,-11.873036431519871,1.529443176227963,1.8110578727869964,2.830660638290376,38.52345725236935,44.518874503182964,49.84452887863351,56.94387573995854,-17.421131282569007,-6.3249415804707345
2018-09-26,41.59294857283562,53.341148611505005,-11.748200038669385,1.507126955654702,1.7631138590494693,2.7835771980980226,38.6389797397524,44.54691740591883,49.88544544776805,56.79685177524196,-17.20401134694151,-6.292388730397261
2018-09-27,41.65022864020344,53.26026220305243,-11.610033562848988,1.4445877539911833,1.7184621435094258,2.7084832987267218,38.81883664238072,44.48162063802616,49.892076401773956,56.6284480043309,-16.918660828353364,-6.301406297344614
2018-09-28,41.628248156407096,53.16428985371286,-11.53604169730576,1.444055197648737,1.7304253130416305,2.6736580281054785,38.797899969015575,44.45859634379862,49.772656240151264,56.555923467274454,-16.7764114323925,-6.295671962219023
2018-09-29,41.68985191399569,53.13739084868227,-11.447538934686586,1.420026294735349,1.6766578741531388,2.606942247764975,38.90660037631441,44.47310345167697,49.85114141534212,56.423640282022426,-16.557145740305934,-6.3379321290672355
2018-09-30,41.89913821292509,52.96946804595816,-11.070329833033071,1.4580391777869806,1.6414404537306841,2.7136063663448637,39.04138142446261,44.75689500138757,49.75224475664602,56.1866913352703,-16.388998311069003,-5.751661354997138
2018-10-01,41.9261887885986,53.098707280780225,-11.172518492181627,1.4127274152374978,1.620078136448904,2.6470790651748213,39.15724305473311,44.695134522464095,49.923354133340375,56.274060428220075,-16.360793459924277,-5.984243524438978
2018-10-02,41.856663715520924,53.08796598454821,-11.231302269027289,1.4563033232039373,1.525455147143209,2.571808250864915,39.002309202041204,44.71101822900064,50.098073896147525,56.0778580729489,-16.272046440722523,-6.1905580973320555
2018-10-03,41.97491592011358,52.96733488079378,-10.992418960680194,1.556391375773771,1.5626344408006336,2.7634619185170086,38.92438882359699,45.02544301663017,49.904571376824535,56.03009838476302,-16.40880432097353,-5.576033600386857
2018-10-04,41.94370239039517,52.94251993298971,-10.998817542594544,1.670831755086322,1.6012258957844585,2.959239314688415,38.668872150425976,45.21853263036436,49.804117177252174,56.08092268872725,-16.798926599383837,-5.198708485805251
2018-10-05,42.04158799722308,52.84869441903312,-10.807106421810039,1.8535228725948931,1.6580212673401045,3.231139213195861,38.408683166937095,45.67449282750907,49.598972735046516,56.09841610301973,-17.140139279673924,-4.474073563946151
2018-10-06,41.94611791015843,52.93062139922552,-10.984503489067102,1.8824555529540146,1.6572382178251959,3.26231852903393,38.25650502636856,45.6357307939483,49.68243449228814,56.17880830616291,-17.378647805973603,-4.590359172160599
2018-10-07,41.9084355985043,53.00197500236351,-11.093539403859214,1.9196124081311399,2.0621834052155683,3.533322364226276,38.14599527856726,45.67087591844133,48.960095528141,57.04385447658602,-18.018851237742716,-4.168227569975714
2018-10-08,41.885398563367204,53.02058680246505,-11.135188239097843,1.951867701111195,2.0395130477978487,3.56021740667887,38.05973786918926,45.711059257545145,49.02314122878126,57.01803237614883,-18.11321435618843,-4.157162122007258
2018-10-09,41.84568047087226,52.98783222018838,-11.14215174931612,1.9443626325988328,2.012876041891703,3.532022539369912,38.034729710978546,45.656631230765974,49.042595178080646,56.933069262296115,-18.06491592648115,-4.219387572151093
2018-10-10,41.95631750505691,52.91943949310658,-10.963121988049668,1.921013587232241,1.9764482778327572,3.499827532742739,38.191130874081715,45.7215041360321,49.045600868554374,56.79327811765879,-17.822783952225436,-4.103460023873899
2018-10-11,41.95321927704483,52.86370739169967,-10.910488114654836,1.8084315649384894,1.857420779588773,3.2861248746403824,38.40869340976539,45.49774514432427,49.22316266370567,56.50425211969367,-17.351292868949983,-4.469683360359687
2018-10-12,41.99168192472125,52.87764807706504,-10.885966152343793,1.735834862433813,1.7950447593040961,3.158178346256972,38.58944559435098,45.39391825509152,49.359360348829014,56.395935805301065,-17.075995711007458,-4.695936593680128
2018-10-13,42.014399603713365,52.83155363696806,-10.817154033254695,1.722019392147305,1.7886362597230814,3.146426953072436,38.63924159510465,45.38955761232208,49.32582656791082,56.3372807060253,-16.98415086127667,-4.650157205232721
2018-10-14,42.31788671021009,52.586762162681836,-10.268875452471747,1.7766728910348275,1.9036124873750726,3.3673108982754547,38.83560784378183,45.80016557663835,48.855681687426696,56.31784263793698,-16.868804813091636,-3.668946091851856
2018-10-15,42.33513614334255,52.547019014098616,-10.211882870756062,1.7772064702465995,1.9292828680274423,3.413654425982841,38.85181146165922,45.81846082502589,48.76562459276483,56.3284134354324,-16.902645545682432,-3.5211201958296936
2018-10-16,42.47068200203244,52.428874098311816,-9.958192096279378,1.7222131837320416,1.8456103712633518,3.264353384725434,39.09514416191764,45.84621984214724,48.81147777063565,56.046270425987984,-16.35632473034123,-3.5600594622175272
2018-10-17,42.48140839281902,52.353300636434895,-9.871892243615871,1.687210171734848,1.833218432313728,3.16803898172984,39.17447645621872,45.78834032941932,48.76019250909999,55.9464087637698,-16.08124864780636,-3.6625358394253844
2018-10-18,42.468804073441575,52.374078412027714,-9.905274338586137,1.6603852086345732,1.813788414800997,3.130124810881963,39.21444906451781,45.72315908236534,48.81905311901776,55.92910370503767,-16.040318967914786,-3.7702297092574906
2018-10-19,42.51574936788579,52.32483978232385,-9.809090414438064,1.8501950821178699,1.7610259441513467,3.285549918936224,38.88936700693476,46.142131728836816,48.87322893178721,55.77645063286049,-16.248768255553063,-3.369412573323065
2018-10-20,42.54342069554959,52.346554812901715,-9.803134117352128,1.9143095302209674,1.7528518822707688,3.3395747528860857,38.791374016316496,46.29546737478269,48.91096512365101,55.78214450215242,-16.348700633008857,-3.2575676016954
2018-10-21,42.6188079717495,52.19715894703351,-9.57835097528401,1.898241567025802,1.8418689317339532,3.4259326007779545,38.898254500378926,46.33936144312007,48.58709584083496,55.80722205323205,-16.293178872808802,-2.8635230777592193
2018-10-22,42.58483456365622,52.41345732030135,-9.828622756645125,1.800987787625515,1.9756519381382456,3.396833884940868,39.054898499910216,46.11477062740223,48.54117952155038,56.28573511905231,-16.486417171129226,-3.1708283421610233
2018-10-23,42.4022054693916,52.507184251203356,-10.10497878181175,1.7921249581378922,1.9128532520257018,3.35274080870874,38.88964055144133,45.914770387341875,48.75799187723298,56.25637662517373,-16.67635076688088,-3.53360679674262
2018-10-24,42.46801625100068,52.47957078316711,-10.011554532166436,1.7476839585306636,1.8332695101758205,3.238200697889381,39.04255569228057,45.89347680972078,48.8863625432225,56.07277902311172,-16.35842790002962,-3.664681164303249
2018-10-25,42.4661674041642,52.51873397299594,-10.052566568831741,1.6837161042527422,1.7973533043304115,3.126523233640446,39.16608383982883,45.76625096849958,48.99592149650833,56.04154644948355,-16.180552106767017,-3.9245810308964675
2018-10-26,42.47883474723911,52.55222392215045,-10.073389174911336,1.622102946587745,1.7356558571059404,3.0330819046139297,39.29951297192713,45.658156522551096,49.15033844222281,55.954109402078096,-16.01822970795464,-4.128548641868034
2018-10-27,42.682849128268835,52.822729517116414,-10.13988038884758,1.6724864115038012,2.0555717103014826,3.0035249260250625,39.40477576172138,45.96092249481629,48.79380896492551,56.85165006930732,-16.0267892438567,-4.2529715338384575
2018-10-28,42.48844033052913,52.91871957732011,-10.430279246790981,1.6978560263133733,2.0119632200102036,3.066775572880611,39.160642518954916,45.816238142103344,48.97527166610011,56.86216748854011,-16.441159369636978,-4.4193991239449835
2018-10-29,42.43234891980588,52.98585790514649,-10.553508985340601,1.6633526902382414,2.0746317331044986,3.131587660883908,39.17217764693893,45.69252019267284,48.91957970826167,57.052136102031305,-16.69142080067306,-4.415597170008141
2018-10-30,42.43994119837586,52.994920349869396,-10.554979151493534,1.6148666050227907,1.993342389401251,3.017608425823115,39.27480265253119,45.60507974422053,49.08796926664294,56.90187143309585,-16.46949166610684,-4.6404666368802285
2018-10-31,42.44615567202397,52.993590630929845,-10.547434958905873,1.5471836676661768,1.9322211020284301,2.9246163348691887,39.41367568339826,45.47863566064968,49.20643727095412,56.78074399090557,-16.279682975249482,-4.8151869425622635
2018-11-01,42.45113227707305,52.69978302946551,-10.24865075239246,1.586017196210076,1.96548520839784,2.964251709790194,39.342538572501304,45.559725981644796,48.847432021005744,56.55213403792527,-16.05858410358124,-4.4387174012036805
2018-11-02,42.52533133346888,52.67088190531637,-10.145550571847494,1.5557639953064946,1.910449217865882,2.9179369782442257,39.47603390266815,45.574628764269605,48.926401438299244,56.4153623723335,-15.864707049206176,-4.426394094488812
2018-11-03,42.50222770895457,52.712751158099316,-10.210523449144743,1.5797295401462754,1.7853258171789876,2.8430398821162832,39.40595781026787,45.59849760764127,49.2135125564285,56.211989759770134,-15.782881618092658,-4.638165280196828
2018-11-04,42.54493753703761,52.656765980825305,-10.111828443787694,1.6313000939717588,1.7497641370146668,2.8759822717371293,39.347589352852964,45.74228572122226,49.227228272276555,56.086303689374056,-15.748753696392466,-4.4749031911829205
2018-11-05,42.568384296783115,52.643219706294815,-10.074835409511703,1.6237952822049762,1.7753502608145455,2.9073024284031854,39.385745543661365,45.751023049904866,49.1635331950983,56.12290621749133,-15.773148169181948,-4.376522649841459
2018-11-06,42.518254010733294,52.5919577329183,-10.073703722185003,1.5768890630678336,1.7618883719845586,2.853441719061088,39.42755144712034,45.60895657434625,49.138656523828566,56.04525894200804,-15.666449491544736,-4.480957952825271
2018-11-07,42.580774637434324,52.53977670815677,-9.959002070722448,1.5233918440150367,1.688978266548033,2.755364836812708,39.59492662316485,45.566622651703796,49.22937930572263,55.85017411059091,-15.359517150875355,-4.55848699056954
2018-11-08,42.59536837724676,52.60600885535995,-10.010640478113197,1.4934707570373495,1.6889571110320611,2.7508121175429343,39.66816569345355,45.52257106103996,49.295652917737115,55.91636479298279,-15.402232228497349,-4.619048727729046
2018-11-09,42.751234124148425,52.45027197585266,-9.699037851704231,1.563647434538542,1.7358677580553934,2.90930394334723,39.68648515245288,45.81598309584397,49.04797117006409,55.85257278164123,-15.401273580664803,-3.9968021227436603
2018-11-10,42.75067278677573,52.47484281633628,-9.724170029560549,1.5359516826657125,1.7144419449080672,2.8619547574963002,39.74020748875093,45.76113808480053,49.11453660431646,55.83514902835609,-15.333601354253297,-4.114738704867801
2018-11-11,42.69132579166616,52.48378625220387,-9.792460460537713,1.5982288109426839,1.689497773737441,2.9444583918858047,39.558797322218496,45.82385426111382,49.17237061567849,55.79520188872925,-15.563598908633889,-4.021322012441536
2018-11-12,42.72218127111583,52.526160922203346,-9.803979651087511,1.4775469568326978,1.649744998892929,2.7576599892426925,39.82618923572374,45.61817330650792,49.292660724373206,55.759661120033485,-15.208993230003188,-4.3989660721718336
2018-11-13,42.687786828663256,52.83849497267375,-10.150708144010492,1.4654698072987449,1.6300133199969276,2.6580809888140964,39.81546600635772,45.560107650968796,49.643668865479775,56.033321079867726,-15.36054688208612,-4.940869405934864
2018-11-14,42.721968666323626,52.80802796574197,-10.086059299418345,1.4168312329812236,1.5702834978473819,2.5627522836501937,39.944979449680424,45.49895788296683,49.7302723099611,55.88578362152284,-15.109053775372725,-5.063064823463965
2018-11-15,42.70247703557329,52.78042595324513,-10.077948917671842,1.410101169748399,1.5197861526176022,2.5369122456781223,39.93867874286643,45.46627532828015,49.801645094114626,55.75920681237563,-15.05029691920096,-5.1056009161427225
2018-11-16,42.75696618228668,52.72825015941291,-9.971283977126228,1.4132998315946839,1.5233255737240396,2.5647469496280513,39.9868985123611,45.52703385221226,49.74253203491379,55.713968283912024,-14.99818799839721,-4.944379955855248
2018-11-17,42.80423733776239,52.664741339034386,-9.860504001271998,1.4246302063811647,1.5413545781713753,2.6102676880705635,40.0119621332553,45.59651254226947,49.64368636581849,55.68579631225028,-14.976628669890303,-4.744379332653693
2018-11-18,42.88386452256887,52.5783719127193,-9.694507390150426,1.4695713178649799,1.5840406771448694,2.7663285907431723,40.00350473955351,45.76422430558423,49.473652185515355,55.68309163992324,-15.116511428007044,-4.272503352293808
2018-11-19,42.72534011003701,52.67889679695874,-9.953556686921724,1.8085180601972641,1.7173269169292642,3.3001502568812477,39.18064471205037,46.270035508023646,49.312936039777384,56.044857554140094,-16.42185119040897,-3.485262183434478
2018-11-20,42.871528091306146,52.52467308706242,-9.653144995756271,1.867970336636858,1.7456833682680748,3.3821466560910673,39.2103062314979,46.53274995111439,49.10313368525699,55.94621248886784,-16.282152441694763,-3.0241375498177794
2018-11-21,42.86073994042013,52.52749354981824,-9.666753609398105,1.8491248539815828,1.7413481360948222,3.3687950222145573,39.23645522661623,46.485024654224034,49.114451203072385,55.94053589656409,-16.26959185293864,-3.0639153658575733
2018-11-22,42.911888042299424,52.501362074830226,-9.589474032530797,1.8378126529525465,1.7660582178030713,3.3901415190187536,39.30977524251243,46.51400084208642,49.03988796793621,55.96283618172424,-16.234151409807552,-2.9447966552540397
2018-11-23,42.987830803635426,52.44154389655785,-9.453713092922428,1.8122381009955542,1.766488820029945,3.3692973621927607,39.43584412568414,46.53981748158671,48.97922580929916,55.90386198381655,-16.05753592282024,-2.8498902630246166
2018-11-24,43.00873049666185,52.43221376393248,-9.423483267270639,1.8032412778769717,1.7590740750536398,3.3600803808383413,39.47437759202298,46.54308340130071,48.98442857682735,55.879998951037614,-16.009240813713788,-2.83772572082749
2018-11-25,42.931747772039955,52.59757260020182,-9.665824828161874,1.9335826741769568,2.1139170412809882,3.8636924321642305,39.14192573065312,46.72156981342679,48.45429519929108,56.74085000111256,-17.238661995203767,-2.092987661119982
2018-11-26,42.961742707559154,52.54358874076268,-9.581846033203524,2.0136899171665346,2.185219245384329,4.027963658738264,39.01491046991275,46.90857494520556,48.26055901980939,56.82661846171597,-17.476654804330522,-1.6870372620765277
2018-11-27,42.923313461952716,52.258075543886264,-9.334762081933544,1.9003828606118398,2.3144656873948173,3.953721611783171,39.198563055153514,46.64806386875192,47.721722796592424,56.794428291180104,-17.084056441028558,-1.585467722838529
2018-11-28,42.8959252087972,52.244545825504666,-9.348620616707462,1.811381290707386,2.1941696849161194,3.7633461323791573,39.345617879010724,46.44623253858368,47.943973243069074,56.54511840794026,-16.72477903617061,-1.9724621972443144
2018-11-29,42.893250889666874,52.29826809184483,-9.405017202177959,1.810116711939042,2.1940871182948283,3.779959973322378,39.34542213426635,46.4410796450674,47.99785733998697,56.59867884370269,-16.81373874988982,-1.9962956544660981
2018-11-30,43.051529974004794,52.18257648822712,-9.131046514222328,1.8328033317926489,2.1577901302403335,3.7720012821858657,39.4592354436912,46.64382450431839,47.953307832956064,56.41184514349818,-16.524169027306627,-1.7379240011380315
2018-12-01,43.03874478792137,52.1641698517594,-9.12542506383803,1.8086008503684388,2.1346609168639037,3.722581632954588,39.49388712119923,46.583602454643504,47.98023445470614,56.34810524881265,-16.42168506442902,-1.8291650632470375
2018-12-02,42.88611652603096,52.33210126157089,-9.445984735539929,1.7281331248258611,2.046819067589071,3.5893334946368807,39.49897560137227,46.27325745068965,48.32033588909631,56.34386663404547,-16.481078385028216,-2.4108910860516426
2018-12-03,42.86798374045946,52.333368816279354,-9.4653850758199,1.6935121267579312,2.0060298633866536,3.5124599291481715,39.548699972013914,46.187267508905,48.40155028404151,56.265187348517195,-16.349806536950314,-2.580963614689483
2018-12-04,42.9753668887109,52.131194469552014,-9.15582758084111,1.5620072491767814,1.9778597023974434,3.336889922308438,39.91383268032441,46.03690109709739,48.254589452853025,56.007799486251,-15.696131828565647,-2.615523333116573
2018-12-05,43.084946044281736,52.02268299122284,-8.9377369469411,1.6032484126948838,1.9613228270680345,3.366337436516394,39.94257915539976,46.22731293316371,48.17849025016949,55.866875732276185,-15.535758322513232,-2.339715571368969
2018-12-06,42.97423029930216,51.837727065869906,-8.863496766567744,1.7137096695829424,1.991979579220641,3.252912852728167,39.61535934691959,46.333101251684724,47.93344709059745,55.742007041142365,-15.239205957914951,-2.487787575220537
2018-12-07,42.997364174927476,51.8277887172959,-8.830424542368428,1.680261567280784,1.942364813245337,3.175441427234422,39.70405150305714,46.290676846797815,48.020753683335045,55.63482375125676,-15.054289739747894,-2.6065593449889617
2018-12-08,42.978738223329124,51.8490858142991,-8.870347590969981,1.6518745627158484,1.9263256008867287,3.140511609126277,39.74106408040606,46.216412366252186,48.07348763656111,55.62468399203709,-15.025750344857485,-2.714944837082478
2018-12-09,42.765004524655126,51.84648947010634,-9.081484945451214,1.6529300876429784,1.7665861036865482,2.8907840349987577,39.52526155287489,46.004747496435364,48.383980706880706,55.30899823333198,-14.747421654048779,-3.415548236853649
2018-12-10,42.76765894878679,51.86643692002144,-9.098777971234652,1.5537001871891074,1.77073736480542,2.7952779572877855,39.72240658189614,45.81291131567744,48.39579168500282,55.337082155040065,-14.577522767518712,-3.620033174950592
2018-12-11,42.848384025160755,51.89145533830482,-9.043071313144065,1.478502021343766,1.6725534667463466,2.6394777214693286,39.95052006332698,45.74624798699453,48.61325054348198,55.169660133127664,-14.216447647223948,-3.869694979064181
2018-12-12,42.96247391799153,51.95682697025166,-8.994353052260132,1.5074726357098167,1.7834054577850653,2.8328497394752747,40.00782755200029,45.91712028398277,48.46135227299293,55.45230166751039,-14.54673854163167,-3.4419675628885944
2018-12-13,42.99578682415719,51.929652835148175,-8.933866010990982,1.5152624576442422,1.7612601953336455,2.829989747928934,40.025872407174475,45.96570124113991,48.47758285229423,55.38172281800212,-14.480645916931692,-3.3870861050502716
2018-12-14,42.94756325456122,52.017312354730706,-9.069749100169494,1.541962651049105,1.7593616045208154,2.881965135909268,39.92531645850497,45.96981005061746,48.56896360986991,55.4656610995915,-14.718400766551659,-3.4210974337873292
2018-12-15,43.01594001232495,51.97283999263656,-8.956899980311608,1.5907481120942775,1.766981032765439,2.9492007754442815,39.89807371262016,46.13380631202973,48.5095571684163,55.436122816856816,-14.737333500182398,-3.1764664604408166
2018-12-16,42.84545939253254,52.213062518679045,-9.367603126146506,1.850225984186218,1.9540661634543754,3.4928242139410135,39.21901646352755,46.47190232153753,48.38309283830847,56.04303219904962,-16.213538585470893,-2.521667666822119
2018-12-17,42.73743153423716,52.203013836909946,-9.465582302672784,1.8014368380868888,1.8583946301439647,3.2876235230752187,39.20661533158686,46.26824773688746,48.560560361827775,55.84546731199212,-15.909324407900213,-3.0218401974453553
2018-12-18,42.711507294589765,52.2381754363562,-9.526668141766436,1.7727712512761136,1.8223796138841806,3.231656384209296,39.236875642088584,46.186138947090946,48.666311393143204,55.8100394795692,-15.860714654816656,-3.192621628716216
2018-12-19,42.61785334227581,52.31737353741489,-9.699520195139076,1.896373957911409,1.7430011825567904,3.1933623544737366,38.90096038476945,46.33474629978217,48.90109121960358,55.733655855226196,-15.9585104099076,-3.4405299803705525
2018-12-20,42.66415435640716,52.38069501992721,-9.716540663520046,1.8257253160947458,1.695073569460681,3.070007548988117,39.08573273686146,46.24257597595286,49.058350823784274,55.703039216070145,-15.733755459536756,-3.6993258675033367
2018-12-21,42.680455181797704,52.3837322404714,-9.703277058673702,1.8091324252911565,1.6759207470559854,3.0361545431703605,39.13455562822704,46.22635473536837,49.09892757624167,55.668536904701135,-15.654139963287609,-3.752414154059796
2018-12-22,42.56861701488338,52.46955182084374,-9.900934805960361,1.8048222821129762,1.674261191697514,3.0434666265671706,39.03116534194194,46.106068687824816,49.18799988511661,55.75110375657087,-15.866129394032015,-3.935740217888707
2018-12-23,42.354805216721964,52.614568486516845,-10.259763269794881,1.8958477030498253,1.7047562258698297,3.236783139640463,38.63894371874431,46.07066671469962,49.27324628381198,55.95589068922171,-16.60385822349019,-3.9156683160995733
2018-12-24,42.39956023381287,52.630923930670775,-10.231363696857903,1.8287917709285832,1.6648774058607323,3.1351186117447836,38.81512836279285,45.98399210483289,49.36776421518374,55.89408364615781,-16.37619617587768,-4.086531217838127
2018-12-25,42.26635241245787,52.79172252571736,-10.525370113259495,1.8431795752266393,1.7150713326849698,3.242588239955201,38.653720445013654,45.878984379902086,49.43018271365482,56.1532623377799,-16.88084306357169,-4.169897162947301
2018-12-26,42.21502097138652,52.85350982521076,-10.63848885382423,1.7933565322251475,1.67687083581098,3.1651313994409334,38.70004216822523,45.729999774547814,49.56684298702124,56.140176663400275,-16.84214639672846,-4.434831310920001
2018-12-27,42.15869907581031,52.949778653215695,-10.791079577405378,1.71380629363764,1.6341229561036832,3.051080066327917,38.799638740280535,45.51775941134009,49.746897659252475,56.152659647178915,-16.771196507408096,-4.810962647402661
2018-12-28,42.05140939160901,53.01554711443062,-10.964137722821606,1.6645872603092347,1.5916555609388887,2.945123190995398,38.78881836140291,45.314000421815116,49.89590221499039,56.13519201387084,-16.736579177172587,-5.1916962684706265
2018-12-29,42.000318231603885,53.069219252034834,-11.068901020430946,1.6353959138374974,1.5775074791673025,2.9110173700499336,38.79494224048239,45.20569422272538,49.97730459286692,56.16113391120275,-16.774495065728814,-5.363306975133076
2018-12-30,41.823290168158145,53.233233422572816,-11.40994325441467,1.652734151846073,1.6083075423447968,2.991902417770839,38.58393123053984,45.06264910577645,50.08095063957701,56.38551620556862,-17.274071993245514,-5.545814515583826
2018-12-31,41.78624218967192,53.30163124881829,-11.515389059146369,1.5872585695409518,1.5540776946515542,2.880267798924801,38.67521539337165,44.89726898597218,50.255638967301245,56.34762353033533,-17.160713945038978,-5.870064173253759
2019-01-01,41.83443531336349,53.282525388290594,-11.4480900749271,1.5540465794947107,1.4984367474224087,2.804716197316831,38.78850401755386,44.88036660917312,50.345589363342675,56.21946141323851,-16.945333821668086,-5.9508463281861115
2019-01-02,41.8360710210839,53.32032598674625,-11.484254965662345,1.480572631196974,1.4361476995517457,2.6663558783639725,38.93414866393783,44.73799337822997,50.505476495624826,56.13517547786767,-16.71031248725573,-6.2581974440689585
2019-01-03,41.787898839841,53.43462644933646,-11.646727609495462,1.4271844893107273,1.4046442112522897,2.596159100348637,38.99061724079198,44.58518043889002,50.681523795281976,56.18772910339095,-16.73519944617879,-6.558255772812134
2019-01-04,41.83639278630249,53.42156387848691,-11.585171092184414,1.4364298199718506,1.4123311295272736,2.6335762706122674,39.02099033915766,44.65179523344732,50.65339486461345,56.18973289236036,-16.746980582584456,-6.42336160178437
2019-01-05,41.89377107746042,53.3984986943453,-11.504727616884871,1.4604447660621336,1.4385485561140126,2.7043486618454016,39.03129933597864,44.756242818942205,50.57894352436183,56.218053864328766,-16.805250994101858,-6.2042042396678845
2019-01-06,42.06324846659757,53.20627278361863,-11.143024317021064,1.5982831128103148,1.61139979876482,3.0541055638173433,38.93061356548935,45.19588336770579,50.04792917803958,56.36461638919768,-17.129071222103057,-5.156977411939072
2019-01-07,41.98285993058914,53.362277024389044,-11.3794170937999,1.5461662359395723,1.6385158533671844,3.02722775327076,38.95237410814758,45.013345753030706,50.15078595178936,56.57376809698873,-17.312783490210588,-5.44605069738921
2019-01-08,41.909626381747664,53.395087713318844,-11.485461331571186,1.4991747506267712,1.5734815879607116,2.9147982884239916,38.971243870519196,44.84800889297613,50.311063800915846,56.47911162572184,-17.198465976882208,-5.7724566862601625
2019-01-09,41.79396588287249,53.50076866598443,-11.706802783111938,1.5126688135220048,1.58843578488572,2.9449984942810707,38.82913500836936,44.75879675737562,50.38743452760842,56.61410280436044,-17.478999831902836,-5.934605734321039
2019-01-10,41.318198022223335,53.941186924378364,-12.622988902155026,1.7017902978997261,1.764013260864196,3.333018923739153,37.98268903833987,44.6537070061068,50.48372093308454,57.39865291567219,-19.155705992683764,-6.090271811626286
2019-01-11,41.16877823653893,54.06512733515335,-12.896349098614424,1.749712041994436,1.7296164450941407,3.3508244972242047,37.73934263422983,44.598213838848025,50.675079102768834,57.455175567537864,-19.463965113173863,-6.328733084054983
2019-01-12,41.38396149127171,54.03777678436557,-12.653815293093855,1.7849786479297702,1.6479112880812,3.269821213141247,37.885403341329365,44.88251964121406,50.80787065972642,57.26768290900472,-19.0626648708507,-6.244965715337011
2019-01-13,41.38704664173356,54.126539675185114,-12.73949303345155,1.8652199557637426,1.7107533859282333,3.451522939157825,37.73121552843663,45.042877755030496,50.773463038765776,57.47961631160445,-19.504477994200887,-5.974508072702213
2019-01-14,41.16494721083723,54.34625988346174,-13.181312672624513,1.8533339148568502,1.7040426030007105,3.4420157463314744,37.5324127377178,44.797481683956654,51.00633638158035,57.686183385343135,-19.927663535434203,-6.434961809814823
2019-01-15,40.96708087826443,54.52288805377312,-13.55580717550869,1.9054528940733686,1.7189530568893754,3.5122406090122955,37.23239320588063,44.70176855064823,51.15374006226995,57.8920360452763,-20.43979876917279,-6.671815581844591
2019-01-16,40.8117026194732,54.704862717167344,-13.893160097694143,1.8594231306254438,1.6921444291358132,3.448438256307474,37.16723328344733,44.45617195549907,51.38825963606115,58.02146579827354,-20.652099080056793,-7.134221115331494
2019-01-17,40.73162836925176,54.88544911367099,-14.153820744419226,1.8122740725133442,1.699608389497511,3.3995740876097575,37.1795711871256,44.283685551377914,51.55421667025587,58.216681557086105,-20.816985956134353,-7.490655532704102
2019-01-18,40.67829476688493,54.94348982786653,-14.265195060981599,1.7706908308397618,1.6586160111111636,3.321320396705313,37.207740738439,44.14884879533086,51.69260244608865,58.19437720964441,-20.774983038524013,-7.755407083439185
2019-01-19,40.68328550654627,54.9547608269457,-14.271475320399434,1.7393402265968254,1.6257219424009814,3.2606062651500163,37.27417866241649,44.09239235067605,51.76834581983978,58.14117583405162,-20.662263600093468,-7.880687040705402
2019-01-20,40.5520547791483,55.05880997752543,-14.506755198377133,2.0320191015439604,2.039019421955187,3.9834911702458835,36.569297340122134,44.534812218174466,51.06233191049326,59.05528804455759,-22.314397892059066,-6.699112504695202
2019-01-21,40.352259599893436,55.327609352519524,-14.975349752626087,1.953442757206275,2.014998267753348,3.8745640204029304,36.52351179576914,44.181007404017734,51.37821274772296,59.277005957316085,-22.56949523261583,-7.381204272636344
2019-01-22,40.329916892485585,55.35845530841267,-15.02853841592709,1.8217076919671595,1.9112977527427524,3.6390154919620814,36.75936981622995,43.90046396874122,51.61231171303688,59.104598903788464,-22.161008780172768,-7.89606805168141
2019-01-23,40.37508858611285,55.396919213251394,-15.021830627138542,1.7948146340594149,1.83226432175801,3.512105041805946,36.8572519033564,43.892925268869305,51.80568114260569,58.988157283897095,-21.905556509078195,-8.138104745198888
2019-01-24,40.25311241835122,55.49117260519002,-15.238060186838796,1.778637220398434,1.7636449753705532,3.423285974426981,36.76698346637029,43.73924137033215,52.03442845346374,58.94791675691631,-21.94770069671568,-8.528419676961914
2019-01-25,40.17025176207212,55.54879616156085,-15.378544399488732,1.7649901720637624,1.7319956203783085,3.3761045440302224,36.71087102482714,43.6296324993171,52.154084745619365,58.94350757750234,-21.99570930578797,-8.761379493189496
2019-01-26,40.131488074056776,55.603295268319265,-15.471807194262487,1.7506499887524147,1.7245534568483065,3.355814539807278,36.700214096102044,43.56276205201151,52.223170492896585,58.983420043741944,-22.049203692284753,-8.894410696240222
2019-01-27,40.09215221566733,55.71337118423738,-15.621218968570044,1.6502289293232166,1.6498190256789385,3.1669498735380297,36.85770351419383,43.32660091714084,52.47972589390666,58.9470164745681,-21.828440720704585,-9.413997216435506
2019-01-28,40.187485599721576,55.6258180332058,-15.438332433484229,1.6036007145169784,1.5866932797689801,3.068349989534602,37.044428199268296,43.330543000174856,52.5158992048586,58.73573686155301,-21.45229841297205,-9.42436645399641
2019-01-29,40.12111933602601,55.63346379967432,-15.512344463648303,1.6218675659671042,1.584622622227168,3.073794925606538,36.94225890673049,43.29997976532154,52.52760346010907,58.739324139239564,-21.536982517837117,-9.487706409459488
2019-01-30,40.0358226061638,55.73489672923167,-15.699074123067872,1.6169803871208943,1.59101834970386,3.0750868790599526,36.86654104740685,43.20510416492075,52.616500763812105,58.85329269465124,-21.72624440602538,-9.671903840110364
2019-01-31,40.04635076560484,55.74748244778807,-15.701131682183233,1.6359859627514324,1.6286861502828858,3.1497013777001026,36.839818278612036,43.25288325259765,52.55525759323362,58.939707302342526,-21.874546382475433,-9.527716981891032
2019-02-01,40.115308348764145,55.7704365191894,-15.655128170425254,1.5811555167929805,1.5628635292600255,3.0115766727379167,37.0162435358499,43.21437316167839,52.707224001839755,58.83364903653905,-21.55781844899157,-9.752437891858937
2019-02-02,40.21004478236561,55.67314365090993,-15.463098868544323,1.5176776364753142,1.5189502674550577,2.90778813194716,37.23539661487399,43.18469294985722,52.696001126698015,58.65028617512184,-21.162363607160756,-9.76383412992789
2019-02-03,40.230391425904685,55.6440001064788,-15.413608680574114,1.4829442895306115,1.4734800950438705,2.833258327127158,37.32382061842468,43.136962233384686,52.75597912019281,58.532021092764786,-20.966795001743343,-9.860422359404884
2019-02-04,40.19253282962785,55.651138545592914,-15.458605715965067,1.4735960621344975,1.4377293541493883,2.783146745590372,37.30428454784423,43.08078111141147,52.833189011460114,58.469088079725715,-20.913573337322198,-10.003638094607938
2019-02-05,40.24865179116229,55.551025846582114,-15.302374055419824,1.455603407725966,1.4628243756714716,2.7971326645781187,37.3956691120194,43.10163447030518,52.68389007026603,58.4181616228982,-20.784754077992936,-9.819994032846711
2019-02-06,40.366352860581905,55.423416352722086,-15.057063492140182,1.4961238433483017,1.5241824653718017,2.912084075923784,37.433950127619234,43.29875559354458,52.43601872059335,58.41081398485082,-20.764748280950798,-9.349378703329567
2019-02-07,40.40967982431555,55.35547326045089,-14.945793436135343,1.6007437751639009,1.648857791466906,3.155076199243029,37.272222024994306,43.5471376236368,52.12371198917576,58.587234531726025,-21.12974278665168,-8.761844085619007
2019-02-08,40.50353722279178,55.277597573467965,-14.774060350676192,1.661505244817569,1.682934222592451,3.2535744378261096,37.24698694294934,43.760087502634214,51.97904649718676,58.57614864974917,-21.15106624881537,-8.397054452537018
2019-02-09,40.470795402281034,55.29264678800929,-14.821851385728262,1.6564985073321763,1.678857469333519,3.247753935153852,37.22405832790997,43.717532476652096,52.002086148115595,58.58320742790299,-21.187449098629813,-8.456253672826712
2019-02-10,40.775752215378176,55.003776607835356,-14.22802439245718,1.985781263363172,2.0117552821631635,3.9308718987429847,36.88362093918636,44.667883491569995,51.06073625479556,58.946816960875154,-21.932533313993428,-6.5235154709209295
2019-02-11,40.72358160438957,55.084831353414806,-14.361249749025234,1.9471010934206978,1.985745098694095,3.8664707166112695,36.907263461285005,44.53989974749414,51.19277095997438,58.97689174685523,-21.93953235358332,-6.782967144467146
2019-02-12,41.024714888196634,54.78126829060358,-13.756553402406945,1.977312327722742,2.0406946834238964,3.957010986925089,37.14918272586006,44.90024705053321,50.78150671109274,58.781029870114416,-21.51229493678012,-6.000811868033771
2019-02-13,41.19039495915995,54.6358767002655,-13.445481741105548,2.0011795482982646,2.0628869864215105,4.005213127330435,37.268083044495356,45.11270687382455,50.59261820687934,58.67913519365166,-21.2956994706732,-5.595264011537894
2019-02-14,41.332013911854816,54.47386076791406,-13.141846856059242,1.988034163062593,2.076339798779429,4.008504292951814,37.435466952252135,45.228560871457496,50.40423476230638,58.54348677352174,-20.9985152702448,-5.285178441873686
2019-02-15,41.38397330888134,54.44997353835768,-13.066000229476343,1.9601145653140575,2.021960613295327,3.925670974597804,37.542148760865786,45.22579785689689,50.48693073629884,58.413016340416526,-20.760315339688038,-5.371685119264647
2019-02-16,41.368343196375065,54.481786234203575,-13.113443037828509,1.9145657575188686,1.939731511021162,3.80141592091758,37.61579431163808,45.120892081112046,50.6799124726021,58.28365999580505,-20.564218242826964,-5.662667832830052
2019-02-17,41.26807847878782,54.60836987836764,-13.340291399579819,1.8415563789923453,1.8664234049213704,3.6383145255684646,37.65862797596282,44.87752898161282,50.95018000472175,58.26655975201353,-20.47138786969401,-6.209194929465628
2019-02-18,41.32609692173685,54.485727793832986,-13.159630872096141,1.7559112804524606,1.8503528329122634,3.520471198227091,37.884510812050024,44.76768303142367,50.85903624132495,58.11241934634102,-20.05975442062124,-6.259507323571043
2019-02-19,41.49326225473878,54.30682415222752,-12.813561897488743,1.7878379988118003,1.8883647662373304,3.59537988142706,37.98909977706765,44.99742473240991,50.605629210402356,58.008019094052685,-19.86050646508578,-5.766617329891705
2019-02-20,41.779391096286496,53.929683554797364,-12.15029245851087,2.0489363310475643,2.100319251277438,4.055640560447222,37.76347588743327,45.79530630513972,49.81305782229359,58.04630928730114,-20.099347956987426,-4.201236960034315
2019-02-21,41.76709044705422,53.90914450678522,-12.142054059730995,1.941856863722188,2.0255024344533568,3.8656117221968453,37.96105099415873,45.57312989994971,49.93915973525664,57.8791292783138,-19.718653035236812,-4.565455084225178
2019-02-22,41.77588429242379,53.88955946336866,-12.113675170944878,1.9026307088886971,1.9912590583586252,3.797433546619175,38.046728103001946,45.50504048184563,49.98669170898576,57.792427217751566,-19.556644922318462,-4.670705419571296
2019-02-23,41.81051230320837,53.8830165911119,-12.072504287903524,1.8390477608433347,1.9275562213516486,3.6635201545110645,38.20597869195544,45.4150459144613,50.10500639726266,57.66102678496113,-19.25300379074521,-4.892004785061837
2019-02-24,41.70935945410947,53.889661834940156,-12.180302380830684,1.8616272422208044,1.763391480156406,3.470806142064169,38.06057005935669,45.35814884886224,50.4334145338336,57.345909136046714,-18.983082419276457,-5.377522342384912
2019-02-25,41.58967281281756,54.03492704951809,-12.445254236700523,1.8710766111750985,1.8169860192169152,3.5440705898003926,37.922362654914366,45.256982970720756,50.47363445185294,57.59621964718324,-19.391632592709293,-5.498875880691753
2019-02-26,41.63589629865013,53.95513776592664,-12.319241467276505,1.8202462988092736,1.7915927657102577,3.4557403150970507,38.068213552983956,45.20357904431631,50.44361594513453,57.46665958671874,-19.092492484866725,-5.545990449686286
2019-02-27,41.863755415565144,53.900503484052365,-12.036748068487219,1.8977619194899253,1.694994097390426,3.3831612810665046,38.14414205336489,45.5833687777654,50.57831505316713,57.2226919149376,-18.667744179377568,-5.40575195759687
2019-02-28,42.05255241026585,53.72001605080686,-11.667463640541015,1.8698410602721423,1.67376692864455,3.3503800371834402,38.38766393213245,45.717440888399246,50.439432870663545,57.00059923095018,-18.23420851342056,-5.100718767661473
2019-03-01,42.00638454637236,53.74283475717337,-11.736450210801014,1.7980004125444,1.6052418331111709,3.2191236667269982,38.48230373778534,45.53046535495938,50.59656076427547,56.889108750071266,-18.04593259758593,-5.4269678240160975
2019-03-02,42.03807652229732,53.73394803406184,-11.695871511764523,1.712279194604684,1.5915298922887389,3.1106030698797635,38.68200930087214,45.394143743722495,50.61454944517591,56.85334662294777,-17.79265352872886,-5.599089494800186
2019-03-03,41.96348051048516,53.838952552569275,-11.875472042084112,1.641472108657186,1.5377752317803721,2.9852830642763233,38.74619517751708,45.180765843453244,50.824913098279744,56.852992006858805,-17.726626848065706,-6.024317236102519
2019-03-04,41.8221376008852,53.920237677690025,-12.098100076804823,1.7014571617118566,1.4586584082590957,2.9455555230052437,38.48728156392996,45.156993637840436,51.0612671975022,56.779208157877854,-17.871388901895102,-6.324811251714545
2019-03-05,41.82558415052253,53.897542995514556,-12.071958844992029,1.6751640981768738,1.481121053761434,2.913638886044746,38.54226251809586,45.1089057829492,50.99454573014214,56.80054026088697,-17.78269106163973,-6.361226628344326
2019-03-06,41.869548072757915,53.84089206529895,-11.971343992541035,1.6781091389953262,1.5005777165320273,2.9553193183540034,38.58045416032708,45.15864198518875,50.89975974089618,56.782024389701725,-17.763769856514884,-6.178918128567188
2019-03-07,41.943837769372536,53.734717488237855,-11.79087971886532,1.663906884474425,1.5175142127367882,2.9688837192261457,38.682580275802664,45.20509526294241,50.76038963127375,56.70904534520196,-17.609891808548564,-5.971867629182074
2019-03-08,41.92318122729116,53.74196860337186,-11.818787376080696,1.6154821814049385,1.4632212146456782,2.8735565741413027,38.75683615173748,45.08952630284484,50.87405502266633,56.609882184077385,-17.45095826139765,-6.186616490763742
2019-03-09,41.941291633175915,53.696335596237134,-11.755043963061219,1.5731353589485086,1.4343432386768216,2.803876021098154,38.85794632963684,45.02463693671499,50.885022848430566,56.5076483440437,-17.250640964413602,-6.259446961708837
2019-03-10,42.062044007555684,53.54207121518505,-11.480027207629366,1.6291114976851562,1.6315062158574256,3.1030710511999744,38.86898547209278,45.25510254301859,50.344319032104494,56.7398233982656,-17.562046467981315,-5.398007947277416
2019-03-11,42.06835977255313,53.53389502467518,-11.465535252122049,1.5979804395648007,1.6099173584062259,3.054898396626612,38.93631811100612,45.20040143410014,50.37845700219898,56.689333047151386,-17.453136109510208,-5.4779343947338885
2019-03-12,42.074711157855276,53.50813950236457,-11.433428344509295,1.5395043250786324,1.5567508177960807,2.947992408632864,39.05728268070116,45.092139635009396,50.45690789948425,56.55937110524489,-17.211493465429708,-5.655363223588881
2019-03-13,42.124655507710365,53.4603377191939,-11.33568221148354,1.4895185268545135,1.503088740514084,2.8520104785072746,39.20519919507552,45.04411182034521,50.5142837877863,56.406391650601506,-16.9256227493578,-5.745741673609282
2019-03-14,42.139214028713894,53.473449407520704,-11.334235378806808,1.4088302729116384,1.4309106389071373,2.7060176816107764,39.377906693807084,44.900521363620705,50.668864555262715,56.27803425977869,-16.63803003476393,-6.030440722849686
2019-03-15,42.17540486863614,53.4470632877441,-11.27165841910796,1.4170819708792706,1.4490120203117505,2.747632305124877,39.39792420571277,44.95288553155952,50.60699972793307,56.28712684755513,-16.65701773715272,-5.8862991010632
2019-03-16,42.12279778718457,53.49751499873429,-11.374717211549717,1.4133761010258836,1.429682154747499,2.728265159496433,39.352580629173836,44.8930149451953,50.69533797542919,56.29969202203939,-16.722116924162727,-6.027317498936709
2019-03-17,42.33457535225804,53.07436429061957,-10.739788938361526,1.5895640612699724,1.7218363851531986,3.187050109608898,39.2190297921689,45.45012091234719,49.6995649757193,56.44916360551984,-16.986407153194968,-4.4931707235280856
2019-03-18,42.17209619424969,53.268211867601075,-11.096115673351385,1.4907249637178686,1.6660985510487785,3.0438030439243775,39.25027526536267,45.09391712313671,50.00265870754547,56.53376502765668,-17.061969639443163,-5.130261707259605
2019-03-19,42.06872895502937,53.37746163418773,-11.30873267915836,1.5198673163648606,1.6928732786121323,3.094540073316575,39.08978901495424,45.0476688951045,50.05943000810795,56.69549326026751,-17.374031222858846,-5.243434135457874
2019-03-20,42.192292132104306,53.22326936251183,-11.030977230407519,1.5454954989718561,1.723523286311791,3.167044593180559,39.16312095411947,45.22146331008914,49.84516372134072,56.60137500368294,-17.238384633041413,-4.823569827773623
2019-03-21,41.94657800079131,53.27314601623758,-11.326568015446268,1.6222863350180654,1.7776804970941464,3.1143505726541374,38.766896784155904,45.12625921742672,49.788892241933056,56.75739979054211,-17.430695137848378,-5.222440893044159
2019-03-22,41.85724441703863,53.35839480462453,-11.501150387585902,1.6393614676971728,1.7937931259480198,3.163137078305006,38.64409594035217,45.070392893725085,49.84256027776641,56.87422933148265,-17.700899061063716,-5.30140171410809
2019-03-23,41.8366076093571,53.377735422760125,-11.541127813403024,1.6085925271742172,1.761112973735814,3.103824398832281,38.68376625609564,44.98944896261857,49.92595399423793,56.82951685128232,-17.624623635114297,-5.457631991691754
2019-03-24,41.82822147604392,53.399989244416844,-11.571767768372926,1.534388919323701,1.690999158685413,2.9649342841810173,38.82081919416947,44.83562375791838,50.085630893393436,56.71434759544025,-17.38303896536772,-5.760496571378131
2019-03-25,41.823562009889734,53.265042940333124,-11.441480930443388,1.4328119384966105,1.6329028128364202,2.8085643573030055,39.015250610436375,44.63187340934309,50.06455342717374,56.46553245349251,-16.94626707075728,-5.936694790129498
2019-03-26,41.89222852018003,53.25832820946029,-11.366099689280253,1.408199615906021,1.5964509731122876,2.7646930032780936,39.13215727300423,44.652299767355835,50.1292843021602,56.387372116760375,-16.784897975705316,-5.94730140285519
2019-03-27,42.02934158769852,53.22917051622735,-11.199828928528829,1.391276660944066,1.5883907161579023,2.7858322547984913,39.30243933224815,44.75624384314889,50.11592471255786,56.342416319896834,-16.660060147933873,-5.739597709123786
2019-03-28,42.0449957404157,53.172091771305624,-11.127096030889927,1.385757440914235,1.5605811958161075,2.7560087257615296,39.328911156223796,44.761080324607605,50.11335262750605,56.230830915105194,-16.528873133382525,-5.725318928397329
2019-03-29,42.040158952765275,53.171667251405026,-11.131508298639748,1.3885096590249828,1.5637049971502817,2.770593327324924,39.31868002107631,44.76163788445424,50.10680545699047,56.23652904581958,-16.5618712201966,-5.701145377082897
2019-03-30,42.087397892057254,53.13809524741451,-11.050697355357258,1.3817549620760041,1.5604631366578505,2.7604719100544677,39.37915816638829,44.79563761772622,50.07958749956512,56.1966029952639,-16.461222299064016,-5.640172411650501
2019-03-31,42.07835163473561,53.19903459796294,-11.120682963227331,1.3928642447890953,1.5910745739805359,2.8075588540800864,39.34833771494898,44.80836555452224,50.08052843296109,56.317540762964796,-16.6234983172243,-5.617867609230362
2019-04-01,42.1009141296821,53.164584839143046,-11.063670709460936,1.3454822720568236,1.5468911554148208,2.7240440110814905,39.46376887645073,44.73805938291348,50.13267817453,56.19649150375609,-16.402796971180656,-5.724544447741215
2019-04-02,42.215899419421135,53.02575379180172,-10.809854372380581,1.340033885055958,1.5732104951415584,2.763281418159067,39.58943300471146,44.84236583413081,49.942261221324266,56.10924636227917,-16.22588595197235,-5.39382279278881
2019-04-03,42.320971317210535,52.94307476182042,-10.622103444609882,1.3381757697037815,1.5416079728531131,2.7278465334913404,39.698146808591126,44.943795825829945,49.921523135028316,55.96462638861252,-15.968682650252909,-5.275524238966855
2019-04-04,42.37671628812567,52.84025002413525,-10.46353373600958,1.3577259096623624,1.5964182961676345,2.819080500669782,39.71557350518744,45.0378590710639,49.71127016364669,55.969229884623815,-15.988931517322353,-4.938135954696808
2019-04-05,42.343613435242034,52.93065913546124,-10.58704570021921,1.3431948235965825,1.6066669779379874,2.8115273549073985,39.710951580992734,44.97627528949133,49.78159185870278,56.0797264122197,-16.09763931583771,-5.076452084600709
2019-04-06,42.359134804219,52.909689122225934,-10.550554318006933,1.3100558559268938,1.5886576436286426,2.7690975131506317,39.791425326602294,44.92684428183571,49.7959201407138,56.02345810373807,-15.97798544378217,-5.123123192231695
2019-04-07,42.347443993710115,52.95244219824522,-10.604998204535102,1.4747551919564965,1.6993334188033173,3.062952480403636,39.456923817475385,45.237964169944846,49.62174869739072,56.283135699099724,-16.608385066126228,-4.601611342943976
2019-04-08,42.32374371338722,53.00127844143135,-10.677534728044128,1.4794242305624155,1.679253815032706,3.04533810451579,39.42407222148489,45.223415205289555,49.70994096396725,56.29261591889546,-16.646397412895077,-4.70867204319318
2019-04-09,42.44029333227785,52.84623712160871,-10.405943789330866,1.7863151481545434,1.9190310686853045,3.6027421258448875,38.939115641894944,45.94147102266075,49.08493622698551,56.607538016231906,-17.467318355986848,-3.3445692226748864
2019-04-10,42.43244017813945,52.86019038006827,-10.427750201928816,1.786251725682896,1.916680116343718,3.6057563301577082,38.931386795800975,45.93349356047793,49.10349735203458,56.616883408101955,-17.495032609037924,-3.3604677948197086
2019-04-11,42.38885049325468,52.893773655994536,-10.50492316273986,1.7730138425304758,1.8778446940417797,3.5528779167802154,38.913743361894944,45.863957624614414,49.21319805567265,56.574349256316424,-17.46856387962908,-3.541282445850639
2019-04-12,42.366573404822226,52.918678139149726,-10.552104734327498,1.7507915346899086,1.849700890865141,3.5041062946166246,38.93502199683,45.79812481281445,49.29326439305405,56.5440918852454,-17.42015307177608,-3.6840563968789146
2019-04-13,42.37842371261806,52.96794364621066,-10.589519933592593,1.697703210984989,1.801086982904245,3.398434017435956,39.05092541908748,45.70592200614864,49.43781315971834,56.498074132702975,-17.250450607767068,-3.9285892594181187
2019-04-14,42.2659886697992,52.99945438886046,-10.733465719061257,1.6378305601510266,1.7216129581262094,3.24976210109585,39.055840771903185,45.476136567695214,49.625092990933084,56.37381578678783,-17.102999437209125,-4.363932000913391
2019-04-15,41.64607146968407,53.001186946691895,-11.355115477007827,2.0594899395614426,1.8216536690047125,3.298124012281301,37.60947118814364,45.6826717512245,49.43074575544266,56.57162813794113,-17.819438541079176,-4.890792412936477
2019-04-16,41.75903372813994,52.955486627408995,-11.196452899269055,1.9805331066676082,1.7271446257773306,3.200361464999442,37.87718883907143,45.64087861720845,49.570283160885424,56.340690093932565,-17.469161370667962,-4.923744427870148
2019-04-17,41.85545960531523,52.95292054241023,-11.097460937095002,1.9638899634219438,1.6843433215677386,3.135355283955554,38.00623527700822,45.70468393362224,49.65160763213746,56.254233452683,-17.242757293647887,-4.952164580542117
2019-04-18,41.888985681859545,52.967874922344684,-11.078889240485141,1.9202850351532488,1.6355200477227274,3.045811334012289,38.12522701295918,45.65274435075991,49.76225562880814,56.17349421588123,-17.048679455149227,-5.109099025821055
2019-04-19,41.8116487333662,53.01349156495429,-11.201842831588095,1.9638701195115924,1.6182926561642919,3.0992533554596733,37.96246329912348,45.66083416760892,49.84163795887228,56.1853451710363,-17.276379408289053,-5.127306254887136
2019-04-20,41.73813643539693,53.183179500100614,-11.445043064703686,1.9122190913925696,1.6697981829001978,3.1333398705697277,37.9901870162675,45.486085854526365,49.91037506161623,56.455983938585,-17.586389211020354,-5.30369691838702
2019-04-21,41.60791404583015,53.32363837295623,-11.715724327126084,1.9421909091547571,1.7276984437012926,3.2656731600997007,37.80121986388683,45.41460822777347,49.9373494233017,56.70992732261077,-18.116443720921495,-5.3150049333306715
2019-04-22,41.669759308794596,53.292781669328335,-11.623022360533737,1.9837219298334807,1.756348554711818,3.355374600540142,37.78166432632097,45.55785429126822,49.85033850209317,56.735224836563496,-18.199556577592414,-5.046488143475059
2019-04-23,41.6768162571932,53.169155425344684,-11.492339168151483,1.8662860354270954,1.6940400706066707,3.178457458934195,38.018895627756095,45.33473688663031,49.84883688695561,56.48947396373376,-17.722115787662506,-5.262562548640461
2019-04-24,41.75295199501351,53.14307446653651,-11.390122471523,1.8506867474766193,1.7337253854799843,3.225385952903099,38.12560596995934,45.380298020067684,49.74497271099574,56.54117622207728,-17.711878939213072,-5.068366003832926
2019-04-25,41.63159821798068,53.164704989217945,-11.533106771237263,1.8054263217225517,1.7046867943150266,3.1651100485684216,38.09296262740448,45.17023380855688,49.823518872360495,56.505891106075396,-17.736722466431367,-5.329491076043157
2019-04-26,41.643971161052974,53.20580132175447,-11.561830160701497,1.779190998228842,1.6871650627717725,3.114406282259175,38.15675680452444,45.13118551758151,49.898957798721796,56.51264484478715,-17.66606647392948,-5.457593847473515
2019-04-27,41.661449865484386,53.28016026800238,-11.618710402518003,1.7143628583041333,1.642798109819488,2.989028440412958,38.301298663208286,45.021601067760486,50.06027597275619,56.50004456324858,-17.4772061457274,-5.760214659308605
2019-04-28,41.907721469691595,52.98421047698314,-11.07648900729154,1.7648540277387155,1.8276632546741824,3.2655695265696405,38.44860757532371,45.366835364059476,49.40199049782174,56.56643045614453,-17.477005279368036,-4.675972735215045
2019-04-29,41.94258092347022,53.171569904224825,-11.228988980754611,1.7181912276295443,1.7272022528181874,3.1154114101093575,38.57492611731631,45.310235729624125,49.78625348870118,56.55688631974847,-17.33519534456895,-5.12278261694027
2019-04-30,42.25828238802677,52.92933787937807,-10.671055491351296,2.02445241380799,1.9988229017910129,3.773424130444323,38.29035565696311,46.226209119090434,49.01164499186768,56.84703076688845,-18.066966787022167,-3.275144195680424
2019-05-01,42.271749102189325,53.01648782419271,-10.744738722003383,2.1140538156507227,2.0031405720112874,3.8250903040468938,38.12820362351391,46.41529458086474,49.09033230305059,56.94264334533483,-18.241915717935296,-3.2475617260714715
2019-05-02,42.3077899809863,52.96696607668117,-10.659176095694866,2.0835933331676424,2.054117473752802,3.844398413329604,38.223947047977724,46.391632913994876,48.940895828125676,56.99303632523666,-18.194196985820888,-3.124155205568842
2019-05-03,42.30667392369898,52.95351837095006,-10.646844447251079,2.0644525844343056,2.0225260605788864,3.795005816427541,38.26034685820774,46.35300098919022,48.98936729221544,56.917669449684674,-18.08505584744906,-3.208633047053099
2019-05-04,42.33828358679167,52.90788422020969,-10.56960063341802,2.0354605486660837,2.0024411204926054,3.74770434836881,38.348780911406145,46.32778626217719,48.98309962404418,56.8326688163752,-17.915101156220885,-3.2241001106151526
2019-05-05,42.52451447592403,52.73400333746524,-10.209488861541212,2.0239620367862328,2.0219332327276653,3.773063618931016,38.55754888382301,46.49148006802505,48.77101420131901,56.696992473611466,-17.604693554646005,-2.814284168436421
2019-05-06,42.54470848485787,52.66716000653276,-10.122451521674893,1.9352327002011196,1.9453423744781346,3.611408980288628,38.751652392463676,46.33776457725207,48.85428895255562,56.4800310605099,-17.200813123040604,-3.0440899203091822
2019-05-07,42.500618287747386,52.64595482104476,-10.145336533297371,1.897861792464271,1.912585789970878,3.539900579240786,38.780809174517415,46.22042740097736,48.89728667270184,56.39462296938768,-17.08354166860931,-3.207131397985431
2019-05-08,42.50908719367929,52.65282454728097,-10.143737353601676,1.862540940212982,1.8608365190671174,3.4624576767245294,38.858506950861845,46.15966743649674,49.00558496990942,56.30006412465252,-16.930154399981753,-3.357320307221598
2019-05-09,42.54963226099808,52.58514632139478,-10.035514060396697,1.788067729822367,1.8243736696668653,3.3521822312617795,39.04501951054624,46.05424501144992,49.00937392884772,56.16091871394184,-16.605791233669784,-3.4652368871236092
2019-05-10,42.54852543019152,52.61106832066743,-10.062542890475914,1.7549360589395873,1.7946842457089283,3.292697368919041,39.10885075466993,45.988200105713105,49.09348719907793,56.12864944225693,-16.516229733557235,-3.6088560473945934
2019-05-11,42.36858433016668,52.802971863113285,-10.434387532946609,1.7926365610249153,1.8506501979451289,3.4103056746757736,38.855016670557845,45.88215198977551,49.17569747514083,56.43024625108574,-17.118586655311127,-3.7501884105820924
2019-05-12,42.18355540492646,52.923137646243795,-10.739582241317333,1.7100589331961515,1.843920218830234,3.3114189948638857,38.831839895862004,45.535270913990914,49.309054017336535,56.537221275151055,-17.22996347125055,-4.249201011384117
2019-05-13,42.14362715991048,53.22623528218734,-11.082608122276858,1.5974490127826064,1.797527699072425,3.034495449719682,39.01262709485657,45.27462722496439,49.70308099200539,56.74938957236929,-17.030219203727434,-5.13499704082628
2019-05-14,42.124135841330805,53.2512351803035,-11.127099338972693,1.6306049431748777,1.683750096963252,2.912925057110572,38.92815015270804,45.32012152995357,49.95108499025553,56.551385370351476,-16.836432450909413,-5.4177662270359725
2019-05-15,42.02521932600402,53.341874556411575,-11.316655230407553,1.6591788809076946,1.6870344680672809,2.9666169606425243,38.773228719424935,45.277209932583105,50.0352869989997,56.64846211382345,-17.1312244732669,-5.502085987548206
2019-05-16,41.97736372263077,53.397470940696344,-11.420107218065576,1.662157953872699,1.655386395734463,2.9465498596359425,38.71953413304028,45.23519331222126,50.152913605056796,56.64202827633589,-17.195344942952023,-5.644869493179129
2019-05-17,41.965245488896564,53.407900310722844,-11.44265482182628,1.6384948519414229,1.62703217483517,2.9014397130074796,38.753795579091374,45.17669539870175,50.21891724804591,56.59688337339978,-17.12947665932094,-5.75583298433162
2019-05-18,41.96409950329499,53.44336009316759,-11.479260589872597,1.6124959822468037,1.6054623190897095,2.855768789718381,38.80360737809126,45.12459162849872,50.296653947751764,56.59006623858342,-17.076567417720625,-5.88195376202457
2019-05-19,41.72431718039358,53.727038072532956,-12.002720892139381,1.7215059143248543,1.7437337005183275,3.140321721260885,38.35016558831686,45.09846877247029,50.30932001951703,57.14475612554888,-18.157751465810716,-5.847690318468047
2019-05-20,41.55006005551503,53.91708480581216,-12.367024750297123,1.5989245957529168,1.6991970297496626,3.023546228176397,38.41616784783932,44.68395226319075,50.58665862750282,57.2475109841215,-18.293175357522863,-6.440874143071385
2019-05-21,41.53202598896678,53.94503467296911,-12.413008684002328,1.5575852291714483,1.6690981052946718,2.9612211526800043,38.47915893979074,44.584893038142816,50.673602386591554,57.21646695934666,-18.217002143255137,-6.60901522474952
2019-05-22,41.61849476135342,53.87799532861408,-12.259500567260652,1.561289783448499,1.6490715342769258,2.962429555559133,38.55836678579436,44.67862273691247,50.645815121431305,57.11017553579685,-18.06586249615655,-6.453138638364751
2019-05-23,41.60616590311283,53.80992037433148,-12.20375447121865,1.551056799925834,1.5913656954453044,2.900255547533932,38.5660945752582,44.646237230967465,50.690843611258686,56.92899713740428,-17.888255344385158,-6.519253598052143
2019-05-24,41.63569321770474,53.82227740949811,-12.186584191793372,1.5334708092067997,1.571266939545385,2.8519046476006613,38.63009043165941,44.64129600375007,50.74259420798916,56.90196061100707,-17.776317301090668,-6.596851082496076
2019-05-25,41.54677636948748,53.92699077845148,-12.380214408964,1.541842404463393,1.5966927744737962,2.9011749176376678,38.52476525673923,44.568787482235734,50.79747294048284,57.056508616420125,-18.066517247533827,-6.69391157039417
2019-05-26,41.449923170511056,53.78465801171776,-12.3347348412067,1.558434128711615,1.60689026658044,2.7667093947263504,38.395392278236294,44.50445406278582,50.6351530892201,56.93416293421542,-17.757485254870346,-6.911984427543054
2019-05-27,41.44117374072344,53.78158788953402,-12.340414148810583,1.5321100202803282,1.5769184302518222,2.7147886856479047,38.438238100974,44.44410938047289,50.69082776624045,56.872348012827594,-17.661399972680474,-7.01942832494069
2019-05-28,41.532929907035,53.69402990959874,-12.16110000256374,1.4870496997216185,1.5467663336888093,2.662591263930343,38.618312495580625,44.44754731848937,50.66236789556867,56.72569192362881,-17.379778879867214,-6.942421125260268
2019-05-29,41.637507232293444,53.812484052841825,-12.174976820548386,1.4408735598056368,1.5611795239612034,2.583011078985613,38.813395055074395,44.461619409512494,50.75257218587787,56.87239591980578,-17.23767853536019,-7.112275105736584
2019-05-30,41.77980513235307,53.62610209447463,-11.846296962121558,1.4009451937310413,1.5021542011307631,2.5481978673013153,39.03395255264023,44.52565771206591,50.681879860258334,56.57032432869093,-16.840764782032135,-6.85182914221098
2019-05-31,41.9464009771889,53.51539237678966,-11.568991399600758,1.449990797479614,1.5776656824641824,2.688253632964959,39.10441901412886,44.788382940248944,50.423167639159864,56.60761711441946,-16.83796852021208,-6.300014278989439
2019-06-01,41.95017230365259,53.56469470798723,-11.614522404334636,1.4385100057603115,1.6533858289895436,2.7713645907153417,39.13069269236238,44.769651914942806,50.324058483167725,56.80533093280673,-17.046397002136707,-6.182647806532566
2019-06-02,41.99894160468531,53.50985486752071,-11.510913262835404,1.3857862781100534,1.5641017891868838,2.626241142343855,39.282800499589605,44.71508270978101,50.444215360714416,56.575494374327,-16.65834590182936,-6.363480623841448
2019-06-03,41.97820371572243,53.5132077483582,-11.535004032635769,1.3390928907298827,1.4974755356360974,2.521386978212539,39.35358164989186,44.602825781553,50.578155698511445,56.44825979820495,-16.476922509932344,-6.593085555339192
2019-06-04,42.22497731741203,53.14477779175941,-10.919800474347381,1.3390324991815963,1.624972358685689,2.6164403820888595,39.60047361901611,44.84948101580796,49.95983196873546,56.32972361478336,-16.048023623241548,-5.791577325453217
2019-06-05,42.06529661799795,53.390735073983294,-11.325438455985338,1.4573927007289897,1.7817827933184849,2.967000268728295,39.20880692456913,44.92178631142677,49.89844079907906,56.883029348887526,-17.140758982692795,-5.510117929277881
2019-06-06,42.165478717182204,53.310660354346126,-11.145181637163923,1.4905482794535805,1.755698107146963,2.9746914791073813,39.244004089453185,45.08695334491122,49.869492064338075,56.75182864435418,-16.975576936214388,-5.314786338113455
2019-06-07,42.29289473209428,53.20345959067422,-10.910564858579942,1.4993200909616695,1.7279642396854786,2.9755369242176593,39.354227353809414,45.23156211037915,49.816649680890684,56.59026950045776,-16.742617230046555,-5.07851248711333
2019-06-08,42.29922975291685,53.2282029946608,-10.928973241743943,1.5110638963882133,1.7095662077056628,2.972722543133821,39.33754451599595,45.26091498983775,49.8774532275577,56.578952761763894,-16.75550942628623,-5.102437057201654
2019-06-09,42.23606231548606,53.260928823566175,-11.024866508080116,1.409910635979646,1.6177988097542708,2.8010472007706793,39.47263746896596,44.99948716200616,50.090043156447805,56.431814490684545,-16.514919021590647,-5.534813994569585
2019-06-10,42.30514550475715,53.23117457744075,-10.926029072683598,1.4046119612756098,1.6052386804136092,2.8032643120117537,39.55210606065695,45.058184948857345,50.08490676383008,56.37744239105142,-16.420427124226634,-5.431631021140561
2019-06-11,42.41413970943998,53.29388946379656,-10.87974975435658,1.457290919795924,1.773306226283368,3.0023985526554475,39.55784950663997,45.27042991223999,49.81820926028116,56.76956966731196,-16.764450917561255,-4.995048591151902
2019-06-12,42.46350009785787,53.201906570852586,-10.738406472994726,1.4622337702927628,1.8575132070977907,3.1210779995004567,39.597521908084055,45.32947828763168,49.561180684940915,56.84263245676426,-16.85571935201562,-4.62109359397383
2019-06-13,42.5110510507473,53.12957968992762,-10.618528639180317,1.5088707067652447,1.9351270639578817,3.260362237344715,39.553664465487415,45.46843763600718,49.33673064457017,56.92242873528507,-17.008838624375958,-4.228218653984675
2019-06-14,42.546814632270134,53.11988877930901,-10.573074147038874,1.4848296302121842,1.8882694678263414,3.1899146974986716,39.636548557054255,45.457080707486014,49.41888062236938,56.82089693624864,-16.82530695413627,-4.320841339941477
2019-06-15,42.818137708338746,52.862928022539286,-10.044790314200538,1.8135372631562532,2.107440458318031,3.7694796370045607,39.26360467255249,46.372670744125,48.732344724235944,56.99351132084263,-17.432970402729477,-2.6566102256715993
2019-06-16,42.79742199085863,52.961392433419626,-10.16397044256099,1.8021366098673959,2.0214727633576928,3.649609029241933,39.265234235518534,46.32960974619873,48.99930581723855,56.9234790496007,-17.31720413987518,-3.010736745246801
2019-06-17,42.4789574706004,53.12263394650143,-10.643676475901033,1.7797790457751763,1.9166586959637488,3.499016359432668,38.99059054088105,45.96732440031975,49.36598290241248,56.87928499059038,-17.501748540389062,-3.7856044114130034
2019-06-18,42.455925244284025,53.15543925881194,-10.699514014527907,1.7128929601662188,1.9372455913418563,3.4244997738887246,39.09865504235824,45.81319544620981,49.3584378997819,56.95244061784198,-17.411533571349807,-3.9874944577060063
2019-06-19,42.498218360011045,53.11167796498954,-10.613459604978495,1.722865878766231,1.92034683019126,3.4214190139942207,39.12140123762923,45.87503548239286,49.34779817781467,56.87555775216441,-17.319440872407167,-3.907478337549822
2019-06-20,42.655054308857835,52.95292151317986,-10.29786720432203,1.7522916600226763,1.9237213558689388,3.4626050588208193,39.22056265521339,46.08954596250228,49.18242765567674,56.72341537068298,-17.084573119610837,-3.5111612890332236
2019-06-21,42.652237694627274,52.96357391924654,-10.311336224619264,1.7198844953241859,1.8887594193309267,3.398751183231728,39.28126408379187,46.02321130546268,49.26160545735792,56.66554238113516,-16.97288854375345,-3.6497839054850783
2019-06-22,42.576847737314516,53.01383087352198,-10.436983136207463,1.7196334705589524,1.86830651831928,3.3851331059741634,39.20636613501897,45.947329339610064,49.351950097616196,56.67571164942777,-17.071844023916825,-3.8021222484981028
2019-06-23,42.53162720741079,53.05627213644718,-10.524644929036388,1.6691193260780128,1.8278360335380568,3.305933587169592,39.26015332829789,45.8031010865237,49.473713510712585,56.63883076218177,-17.004274759888787,-4.045015098183987
2019-06-24,42.41985144027277,53.02350181535073,-10.603650375077953,1.6387155879130721,1.699594801179448,3.0703193522529766,39.20796888796315,45.6317339925824,49.69229600503901,56.35470762566244,-16.621476305493786,-4.585824444662118
2019-06-25,42.45096310924887,52.94652469767307,-10.495561588424204,1.5537263964486427,1.6616665869332619,2.9443436516962787,39.40565937220953,45.49626684628821,49.689658187283875,56.203391208062264,-16.26647514574891,-4.724648031099498
2019-06-26,42.43508767555774,52.957559208305284,-10.52247153274755,1.5599743170429297,1.7195431807476589,3.031301939345033,39.3775380141536,45.49263733696188,49.587254574039875,56.32786384257069,-16.463823333863814,-4.581119731631286
2019-06-27,42.647276455386795,52.64714679883245,-9.99987034344566,1.617842095882083,1.9438282253528567,3.3490302576520232,39.47630594745791,45.81824696331568,48.83724347714085,56.45705012052405,-16.563969648443624,-3.4357710384476956
2019-06-28,42.59229612419282,52.74100712398843,-10.148710999795611,1.6267043049242673,1.9625422651203248,3.381211462942417,39.40395568654126,45.78063656184438,48.894424284352596,56.58758996362427,-16.775885467162748,-3.521536532428474
2019-06-29,42.314959472905194,53.01725434891462,-10.702294876009429,1.7077437393484804,1.9959597800509625,3.5247520951030897,38.96778174378217,45.66213720202822,49.10517318001473,56.92933551781451,-17.610808982411484,-3.7937807696073733
2019-06-30,42.41383239578822,52.923398511644606,-10.509566115856387,1.6405261174273202,1.9186966309296396,3.402676710207644,39.198401205630674,45.629263585945765,49.16275311502251,56.6840439082667,-17.17881246786337,-3.840319763849405
2019-07-01,42.48544127789839,52.930577632008394,-10.445136354110005,1.7371133853247378,1.8783033909448237,3.4715456266399216,39.080699042661905,45.89018351313487,49.24910298575654,56.61205227826025,-17.24936578232425,-3.6409069258957585
2019-07-02,42.494097589369055,52.91079695444678,-10.416699365077724,1.6431061391757387,1.7921474929807353,3.2846075124183356,39.27360955658461,45.7145856221535,49.39818786820454,56.423406040689024,-16.85453008941766,-3.9788686407377867
2019-07-03,42.51941343645105,52.90079747557749,-10.381384039126434,1.6188225242267078,1.7605588086551902,3.230783191790509,39.346521288966706,45.6923055839354,49.450102210613316,56.351492740541666,-16.71371909503583,-4.049048983217037
2019-07-04,42.52085227143128,52.8976102275783,-10.376757956147015,1.5885724345168746,1.7316974625193178,3.173937876055028,39.407250299778205,45.634454243084356,49.50348320104044,56.29173725411616,-16.59767619321487,-4.15583971907916
2019-07-05,42.55246256992483,52.90176075580305,-10.349298185878222,1.6307353857970646,1.7320454657071884,3.216654714537336,39.35622121376258,45.748703926087074,49.50695164301696,56.296569868589145,-16.6539414263714,-4.0446549453850436
2019-07-06,42.54408769377257,52.946184554384054,-10.402096860611485,1.6163126929694127,1.7120547298605082,3.1808003851886273,39.37611481555252,45.712060571992616,49.59055728385746,56.30181182491065,-16.636465615581194,-4.167728105641775
2019-07-07,42.61474279160035,52.788298104725165,-10.173555313124819,1.5521510258323286,1.7710203925164174,3.171200309482695,39.572526780968985,45.65695880223171,49.31709813539299,56.25949807405734,-16.389107919710902,-3.9580027065387373
2019-07-08,42.52000103648935,52.776498317728915,-10.256497281239566,1.4903077322311264,1.6784603579948427,2.99234996330614,39.598997881316336,45.44100419166236,49.48671601605902,56.06628061939881,-16.1215032093196,-4.391491353159532
2019-07-09,42.51751016451474,52.84270006096748,-10.325189896452741,1.407996820758249,1.5441967204172777,2.7702234948057542,39.75783639582857,45.27718393320091,49.81607448894962,55.869325632985344,-15.75482794627202,-4.895551846633463
2019-07-10,42.38654740106965,52.97624618509542,-10.589698784025773,1.4961150122225872,1.585350415728034,2.9220464296198485,39.45416197711338,45.31893282502592,49.86895937026847,56.08353299992237,-16.316909786080675,-4.862487781970869
2019-07-11,42.37443729513222,52.98856130986328,-10.614124014731063,1.5572596778568637,1.5606129161759807,2.9570005592447943,39.32220832653277,45.42666626373167,49.92975999415836,56.0473626255682,-16.40984511085086,-4.818402918611266
2019-07-12,42.53676230506309,52.754867457123744,-10.218105152060652,1.5947259681172894,1.691074840952146,3.143177090287291,39.41109940755321,45.662425202572976,49.44036076885754,56.06937414538995,-16.37873224902374,-4.057478055097561
2019-07-13,42.58228086965041,52.749562878209694,-10.167282008559283,1.574567139017388,1.656085394152911,3.0832659534252786,39.49612927717633,45.66843246212449,49.50363550566999,55.9954902507494,-16.21048327727283,-4.124080739845737
2019-07-14,42.51584656356437,52.93232576125699,-10.416479197692622,1.5815058832301017,1.6351309576776807,3.0695956799083026,39.41609503243337,45.615598094695365,49.727469084208735,56.137182438305246,-16.432886730312894,-4.400071665072349
2019-07-15,42.560928677543664,52.90195462379842,-10.341025946254753,1.5627375816372844,1.6067002200990985,3.025653829505982,39.49796301753459,45.62389433755274,49.75282219240418,56.05108705519265,-16.271307452086475,-4.410744440423029
2019-07-16,42.81425073577799,52.63067264175762,-9.816421905979634,1.5886003677113556,1.7730873239512646,3.2427003500575524,39.70059401506373,45.92790745649225,49.15542148681314,56.1059237967021,-16.172114592092438,-3.460729219866832
2019-07-17,43.00751109051462,52.67243292740603,-9.66492183689141,1.6082921316280323,1.6884641532717073,3.071605956291301,39.855258512523676,46.15976366850556,49.36304318699348,55.98182266781858,-15.685269511222359,-3.644574162560459
2019-07-18,42.95538919744897,52.721771986384034,-9.766382788935065,1.6097104442271006,1.747009708804939,3.159454360708332,39.80035672676386,46.11042166813409,49.29763295712635,56.145911015641715,-15.958913335923395,-3.5738522419467342
2019-07-19,42.986813536793605,52.71301857530641,-9.726205038512802,1.593129216287876,1.73380504163337,3.1317218922211283,39.864280272869365,46.109346800717844,49.314760693705004,56.11127645690781,-15.864379947266213,-3.5880301297593906
2019-07-20,43.072970327053646,52.67979947421969,-9.60682914716605,1.5611512378584258,1.669148787367074,3.0422362456621457,40.01311390085113,46.13282675325616,49.408267850980224,55.95133109745916,-15.569612188663854,-3.6440461056682443
2019-07-21,42.968097170154834,52.785306183328,-9.817209013173164,1.6314918458731544,1.6666715330225412,3.1252145627265553,39.77037315224345,46.16582118806622,49.51862997860382,56.051982388052174,-15.942629556117211,-3.691788470229116
2019-07-22,43.01741852482024,52.872355008884426,-9.854936484064186,1.565673717473413,1.5976854287822315,2.976658504236052,39.94869803857235,46.086139011068134,49.740891568471255,56.0038184492976,-15.689187152366848,-4.020685815761524
2019-07-23,43.046236326370135,52.69630308079414,-9.650066754424005,1.4779799566223404,1.634893252516464,2.936445706710889,40.14939561139035,45.94307704134992,49.49191230586187,55.90069385572641,-15.405500339577348,-3.894633169270663
2019-07-24,42.993125955897696,52.74779711124997,-9.754671155352275,1.447930871484359,1.5948574259307111,2.8731909050354427,40.15518144778835,45.83107046400704,49.62187655642578,55.873717666074164,-15.386125329221743,-4.123216981482807
2019-07-25,42.84060890578016,52.9754179114695,-10.134809005689336,1.4589993905388012,1.7432678083435194,3.0205998232498787,39.98097010032411,45.70024771123621,49.5586130071162,56.3922228158228,-16.055184659259098,-4.214433352119574
2019-07-26,42.79306369096514,53.02231487148664,-10.229251180521501,1.457426823945037,1.7320151103125607,3.0139828353247804,39.93650711603287,45.64962026589741,49.62756525527402,56.417064487699264,-16.13665753775807,-4.321844823284932
2019-07-27,42.822541297210996,52.97736027612437,-10.154818978913376,1.402942081565214,1.6695179488963532,2.896755186008415,40.07277481734317,45.57230777707882,49.70510509628752,56.24961545596123,-15.832459143489869,-4.477178814336883
2019-07-28,42.714778062400825,53.07437894423263,-10.359600881831803,1.3954079652612035,1.5655645487024785,2.7603211413849262,39.979778450488865,45.449777674312784,50.00587242877577,56.14288545968949,-15.769830318946259,-4.949371444717348
2019-07-29,42.800741514165175,52.84795741995046,-10.047215905785283,1.3486345628208602,1.6794859575122714,2.7596981889654906,40.157417771036286,45.444065257294064,49.556164943226406,56.139749896674516,-15.456224356157644,-4.638207455412921
2019-07-30,42.723190271380695,52.984996733235505,-10.261806461854807,1.4591068802476528,1.7160888672687074,2.9494667918831525,39.86334078609529,45.583039756666096,49.62146255338884,56.34853091308217,-16.042761373945787,-4.480851549763828
2019-07-31,42.6838851839863,53.02441202683509,-10.340526842848787,1.388223503180176,1.6233873881403396,2.818005107103452,39.96296711775315,45.404803250219445,49.84257274608002,56.20625130759015,-15.863816852771553,-4.817236832926021
2019-08-01,42.56259971694056,53.20982453698907,-10.647224820048505,1.3586527896115448,1.6222160928524545,2.771859179358404,39.89964024930193,45.22555918457919,50.03028099499826,56.38936807897988,-16.080068811590976,-5.214380828506033
2019-08-02,42.544117131929326,53.24246897478311,-10.698351842853784,1.3380298647451865,1.6114229836378897,2.743638656549894,39.92157859702876,45.16665566682989,50.084079926852844,56.40085802271337,-16.075883609691576,-5.320820076015992
2019-08-03,42.59923528126268,53.21330518563885,-10.614069904376178,1.3914754095915565,1.6099659065271565,2.8155402103576015,39.87194347846323,45.32652708406213,50.057772008845625,56.36883836243208,-16.132528716677076,-5.09561109207528
2019-08-04,42.62861796902881,53.40939570480078,-10.780777735771974,1.30249835093821,1.614301089745198,2.680246573726035,40.07572120118992,45.1815147368677,50.24536556890019,56.57342584070137,-16.034061020275004,-5.527494451268945
2019-08-05,42.56833036828724,53.47321314718793,-10.904882778900687,1.2812878959673992,1.6388046483147845,2.6912475234438182,40.05700609219114,45.079654644383346,50.26115603649095,56.6852702578849,-16.17972792485057,-5.6300376329508035
2019-08-06,42.441829870610825,53.44327206075364,-11.001442190142823,1.2696652481460644,1.5882912330565375,2.596853892915659,39.95328598424454,44.93037375697711,50.33022124396283,56.55632287754445,-16.091275820257515,-5.911608560028132
2019-08-07,42.349949164405835,53.476703951212656,-11.12675478680682,1.2366453891585656,1.507844512399461,2.4780519339162774,39.92612420165505,44.77377412715662,50.52132870690971,56.4320791955156,-15.983736577282723,-6.269772996330917
2019-08-08,42.316431188084216,53.484735366551085,-11.168304178466865,1.2156786502131731,1.449041942754402,2.4016012538035554,39.933701033666395,44.69916134250204,50.644613158752456,56.324857574349714,-15.875442635921834,-6.461165721011897
2019-08-09,42.26979695333247,53.52683995442104,-11.25704300108857,1.1761169541792709,1.4026681851050562,2.328433898809937,39.96460772314109,44.57498618352384,50.777610311615135,56.27606959722695,-15.820773442756046,-6.693312559421094
2019-08-10,42.220622095428226,53.56333361792765,-11.342711522499426,1.1613694066285558,1.3897845225483225,2.313863812157841,39.94433805843626,44.49690613242019,50.839355953732934,56.28731128212236,-15.877884594328794,-6.807538450670058
2019-08-11,42.15698903596164,53.61433116537827,-11.457342129416633,1.1593392087241432,1.3574269039885978,2.284164396762725,39.884684186862316,44.42929388506096,50.95377443356062,56.27488789719592,-15.934304347071574,-6.980379911761692
2019-08-12,42.23847824543333,53.55442541654413,-11.315947171110798,1.3620067450299467,1.4530314473902564,2.6034878702377613,39.568945025174635,44.90801146569202,50.70648377965922,56.40236705342903,-16.41878339677681,-6.213110945444786
2019-08-13,41.967650652824446,53.768367607921036,-11.800716955096597,1.4078291053670424,1.6637192354974293,2.878400709280572,39.208305606305046,44.726995699343846,50.507477906346075,57.029257309495996,-17.442382345286518,-6.159051564906676
2019-08-14,41.974376888893396,53.86039745155357,-11.886020562660173,1.3285644944199377,1.6976805259324355,2.7698701397222156,39.37039047983032,44.57836329795647,50.532943620725995,57.18785128238114,-17.314966036515717,-6.45707508880463
2019-08-15,41.957914312996415,53.81703056589844,-11.859116252902028,1.3278753325463406,1.628830745893955,2.694015753529829,39.35527866120559,44.56054996478724,50.62452230394629,57.00953882785059,-17.13938712982049,-6.578845375983564
2019-08-16,41.958127534032705,53.826635912872334,-11.868508378839627,1.2999092762573954,1.5912835647351602,2.620348318992794,39.41030535256821,44.5059497154972,50.70772012599142,56.945551699753246,-17.004391084065503,-6.732625673613751
2019-08-17,41.98108035444434,53.78089469846738,-11.799814344023037,1.2869992318372252,1.5601569454618749,2.5832820592632326,39.458561860043375,44.5035988488453,50.72298708536211,56.83880231157265,-16.863047180178974,-6.736581507867101
2019-08-18,41.76812093051225,53.88459836484356,-12.116477434331314,1.3623441982886255,1.5093628998952318,2.610771808772946,39.09792630186654,44.43831555915795,50.926247081048906,56.84294964863822,-17.23359017952629,-6.999364689136339
2019-08-19,41.78455109173858,53.8367381390379,-12.052187047299318,1.3454080642571573,1.4840026278677259,2.5748851700520032,39.14755128579455,44.42155089768261,50.928092988417156,56.74538328965864,-17.098961980601246,-7.005412113997392
2019-08-20,41.810743581192916,53.74484686777185,-11.934103286578932,1.3913656449993608,1.4767195697990774,2.6557106134849753,39.08366691699417,44.537820245391664,50.850476510965656,56.63921722457804,-17.139296089009484,-6.72891048414838
2019-08-21,41.91607222894578,53.687258906821185,-11.771186677875408,1.364557748281789,1.4460262961813473,2.5854061457488604,39.24153904231348,44.59060541557808,50.853047366305745,56.521470447336625,-16.838582723543173,-6.7037906322076415
2019-08-22,41.956345944087836,53.630687584344024,-11.67434164025619,1.411048781554991,1.5307794595431077,2.7354506443504083,39.19069033224005,44.72200155593562,50.63035984363953,56.631015325048516,-17.03582490318299,-6.312858377329389
2019-08-23,41.950608402910994,53.63457707038211,-11.683968667471108,1.3892613856349332,1.500535914178892,2.69064608411705,39.22765608706653,44.67356071875546,50.69352667859148,56.57562746217273,-16.957634992340527,-6.41030234260169
2019-08-24,41.959890915919324,53.64757132362774,-11.687680407708415,1.378979944300532,1.466597200709011,2.6529735459099717,39.25709022509028,44.66269160674837,50.77304081023807,56.5221018370174,-16.88750855769196,-6.48785225772487
2019-08-25,41.95280765410537,53.74212153106753,-11.789313876962165,1.2916018265140223,1.400330476792949,2.4987751536181775,39.421268074137885,44.48434723407286,50.99747379655335,56.486769265581714,-16.686913178053793,-6.891714575870537
2019-08-26,41.68829770501243,53.98061771752024,-12.292320012507806,1.339391438425006,1.432062079743763,2.5923469554850533,39.06309048569942,44.31350492432544,51.17377604122247,56.78745939381801,-17.37332004525851,-7.211319979757102
2019-08-27,41.643284340347165,54.007371509541926,-12.364087169194757,1.329261191849443,1.482833004268126,2.6424517376711756,39.037932404322255,44.248636276372075,51.101018821176396,56.913724197907456,-17.54329257503026,-7.184881763359253
2019-08-28,41.62823399358183,53.963801864069424,-12.33556787048759,1.3075866508923841,1.4318056920657554,2.577656150494101,39.06536415783276,44.1911038293309,51.157462707620546,56.7701410205183,-17.387773925456028,-7.283361815519153
2019-08-29,41.61072173764659,53.96144301641667,-12.35072127877008,1.2821485790426774,1.3982126668116812,2.5000136249157068,39.09771052272294,44.12373295257024,51.22094618946578,56.70193984336757,-17.250747983604867,-7.450694573935296
2019-08-30,41.46085732285449,54.107356825961936,-12.646499503107453,1.247036095001307,1.3430627344738508,2.428610918688103,39.01666657665193,43.905048069057045,51.474953866393186,56.73975978553069,-17.406576903736134,-7.886422102478772
2019-08-31,41.47137717954387,54.07471199071011,-12.603334811166231,1.220054551265116,1.316987870976022,2.3771211771009075,39.08007025906424,43.8626841000235,51.493415763597106,56.65600821782311,-17.26249231828401,-7.944177304048453
2019-09-01,41.5785769387087,53.95532541316222,-12.376748474453523,1.3059381192483124,1.3364320239702783,2.487148242557585,39.01893822498201,44.13821565243539,51.335918646180474,56.57473218014397,-17.25155902986639,-7.501937919040656
2019-09-02,41.60809602792226,53.93370859917333,-12.325612571251073,1.3361279799125203,1.3240571973634887,2.507064166191101,38.98928518729372,44.2269068685508,51.33855649234089,56.528860706005766,-17.23945833698563,-7.411766805516515
2019-09-03,41.665052815043445,53.867588788575844,-12.202535973532402,1.3602297633517932,1.3353320158859021,2.5466236188395985,38.99900247887393,44.33110315121296,51.25033803743948,56.48483953971221,-17.193918266458017,-7.211153680606789
2019-09-04,41.654798354553705,53.797528367490095,-12.142730012936394,1.344152050089462,1.271317088774235,2.4516927715382733,39.02026033637836,44.28933637272905,51.305746873492595,56.289309861487595,-16.948047845151407,-7.337412180721378
2019-09-05,41.51604918072727,53.82172630844013,-12.30567712771285,1.4106811497229224,1.2064768573971776,2.437662099748188,38.75111412727034,44.2809842341842,51.457031667941656,56.1864209489386,-17.0834948432193,-7.527859412206401
2019-09-06,41.58819688984727,53.767138651698914,-12.178941761851645,1.4489955021606524,1.2050002677300249,2.4826286112534013,38.74816570561239,44.42822807408215,51.40533812694807,56.12893917644976,-17.044893839908312,-7.312989683794979
2019-09-07,41.637733847910184,53.760200460052346,-12.12246661214216,1.4792774542217124,1.2539583272077643,2.5749539317462595,38.73835003763563,44.53711765818474,51.30244213872513,56.217958781379565,-17.16937631836483,-7.075556905919492
2019-09-08,41.75440137285658,53.77274569362843,-12.018344320771854,1.3712296196554183,1.2601558826904733,2.385255003504272,39.06679131833196,44.442011427381196,51.3028401635551,56.242651223701756,-16.693444127640227,-7.343244513903482
2019-09-09,41.67252506469976,53.76404388046807,-12.091518815768314,1.3727507053871326,1.2011180243053121,2.334997623116569,38.98193368214098,44.36311644725854,51.40985255282966,56.11823520810648,-16.66811415707679,-7.514923474459839
2019-09-10,41.78503844280298,53.6868049346162,-11.901766491813214,1.4021785686266668,1.2009749441999462,2.3838132566106482,39.03676844829471,44.53330843731125,51.332894043984304,56.04071582524809,-16.574040474770086,-7.229492508856344
2019-09-11,41.85851358771631,53.575639395786055,-11.717125808069746,1.4000496837807195,1.207678723953816,2.404243791820445,39.114416207506096,44.60261096792652,51.208589096836576,55.942689694735535,-16.429443640037817,-7.004807976101674
2019-09-12,41.90032345153586,53.56106544913397,-11.660741997598105,1.3962811048747474,1.2092516557981265,2.399929287604641,39.16361248598135,44.63703441709037,51.19093220376964,55.9311986944983,-16.364603401303203,-6.9568805938930085
2019-09-13,41.89718771305916,53.676219026037806,-11.779031312978645,1.3636114719724,1.3040204171171508,2.447347006080121,39.22450922799326,44.56986619812506,51.12033900848819,56.232099043587425,-16.575831444895684,-6.982231181061608
2019-09-14,41.97519537804348,53.59754167117227,-11.622346293128793,1.41894933018819,1.314698694186644,2.525867393551852,39.19405469087463,44.75633606521233,51.02073223056645,56.174351111778094,-16.57304638449042,-6.671646201767163
2019-09-15,42.09621974303101,53.85843105019277,-11.76221130716177,1.453386106285082,1.4837187676304215,2.6816526163470527,39.247582974712245,44.94485651134977,50.95034226563715,56.766519834748394,-17.018250435201992,-6.506172179121547
2019-09-16,42.11036234640441,53.91465976447786,-11.804297418073459,1.4024447184979612,1.3997102202644833,2.529637799930291,39.361570698148405,44.85915399466041,51.171227732759476,56.658091796196246,-16.76238750593683,-6.846207330210088
2019-09-17,42.14209319547067,53.837714270368764,-11.695621074898094,1.3962633516540264,1.4568350718368346,2.587374891129176,39.40541702622878,44.87876936471256,50.98231752956857,56.69311101116896,-16.76687586151128,-6.624366288284909
2019-09-18,42.14261749327967,53.803459716844166,-11.660842223564496,1.3659925515333324,1.4290982074992298,2.535217579881295,39.46527209227434,44.819962894285005,51.00242723014568,56.604492203542655,-16.629868680131835,-6.691815766997157
2019-09-19,42.19327719913578,53.72019200042597,-11.526914801290186,1.4710913886553991,1.552962943864114,2.793512124311635,39.30993807737119,45.076616320900364,50.676384630452304,56.76399937039963,-17.00219856494099,-6.051631037639382
2019-09-20,42.19539726988055,53.77933960541035,-11.583942335529796,1.430495685521366,1.4937470628154457,2.6809540656739217,39.391625726258674,44.99916881350243,50.85159536229207,56.707083848528626,-16.83861230425068,-6.32927236680891
2019-09-21,42.13733200578489,53.84641312411382,-11.709081118328928,1.4151532443272115,1.487270550702532,2.66849896252,39.363631646903556,44.91103236466623,50.93136284473686,56.76146340349079,-16.93933908486813,-6.478823151789728
2019-09-22,42.1215788967485,53.83590960527734,-11.714330708528834,1.3739705748354714,1.4401130873134522,2.568375606931816,39.42859657007098,44.814561223426026,51.01328795414297,56.658531256411706,-16.748346898115194,-6.680314518942475
2019-09-23,42.32157064928476,53.56851027211089,-11.246939622826138,1.4439322278151667,1.491884705989767,2.741739582266584,39.49146348276703,45.151677815802486,50.644416248370945,56.49260429585084,-16.620749204068645,-5.873130041583633
2019-09-24,42.274517643659664,53.51761066518857,-11.243093021528908,1.4628710954170765,1.510482463668236,2.756382118815816,39.407290296642195,45.14174499067713,50.557065036398825,56.478156293978316,-16.64560197440791,-5.840584068649909
2019-09-25,42.361586203600446,53.46371249845259,-11.102126294852138,1.522588528453243,1.4750169592762234,2.6654876124701268,39.37731268783209,45.345859719368804,50.57267925827119,56.35474573863399,-16.326482015293585,-5.877770574410689
2019-09-26,42.30152507547959,53.53275039352151,-11.231225318041922,1.4921591432494188,1.4640491676754435,2.6389146419077325,39.37689315471073,45.22615699624845,50.66321402487764,56.40228676216538,-16.40349801618108,-6.058952619902766
2019-09-27,42.3001836322925,53.57615781409775,-11.275974181805248,1.4761808389688802,1.4975876699213508,2.657297065516321,39.40686918791349,45.19349807667151,50.6408859810519,56.51142964714359,-16.484276430217236,-6.0676719333932585
2019-09-28,42.09492443914439,53.60405767295182,-11.50913323380742,1.7638383882080806,1.4630122387773763,2.855037211075495,38.637801198256554,45.55204768003223,50.73655368494816,56.47156166095547,-17.10500616751539,-5.9132603000994495
2019-09-29,42.05803825532109,53.58343419215088,-11.525395936829797,1.7463811408772134,1.5047819738371022,2.899800336103516,38.635131219201746,45.48094529144043,50.63406152343016,56.5328068608716,-17.20900459559269,-5.841787278066906
2019-09-30,41.89531660888618,53.764957587119646,-11.869640978233466,1.7263708431639744,1.4943368759382487,2.9090525969020233,38.51162975628479,45.27900346148758,50.83605731028068,56.69385786395861,-17.571384068161432,-6.1678978883055
2019-10-01,41.93516940491272,53.725105572406335,-11.78993616749362,1.6576237142253185,1.425075808863308,2.7695579983305945,38.68622692503109,45.18411188479435,50.931956987034255,56.518254157778415,-17.218269844221584,-6.361602490765655
2019-10-02,41.893924418173526,53.72262147389272,-11.828697055719191,1.603228178131383,1.3671918498000548,2.6636859003970477,38.75159718903602,45.03625164731103,51.04292544828461,56.40231749950083,-17.049521420497406,-6.607872690940978
2019-10-03,42.070106560487375,53.64556527866834,-11.57545871818097,1.6927761010251656,1.3560079286308697,2.7280300383745066,38.75226540247805,45.3879477184967,50.98778973855184,56.30334081878485,-16.922397593395004,-6.2285198429669375
2019-10-04,42.04959787871662,53.64119291788083,-11.591595039164211,1.6641458728663665,1.3398956332538199,2.6881764256216343,38.78787196789854,45.3113237895347,51.01499747670334,56.267388359058316,-16.860420833382612,-6.322769244945809
2019-10-05,41.979406817266764,53.70477382489286,-11.7253670076261,1.6712097053057402,1.3593647264776179,2.733544198994021,38.703835794867516,45.25497783966601,51.04041896099673,56.36912868878899,-17.083113637654378,-6.367620377597818
2019-10-06,42.09841185341017,53.687289519332246,-11.58887766592208,1.5928000496422787,1.36605980128912,2.680840559048003,38.976523756111305,45.220299950709034,51.00981230880557,56.36476672985892,-16.843325161656168,-6.334430170187995
2019-10-07,42.033205084193106,53.71612442962247,-11.682919345429362,1.5468066055854794,1.3701838162280566,2.641750675882948,39.00146413724557,45.06494603114064,51.030564149815476,56.40168470942946,-16.860750670159938,-6.505088020698784
2019-10-08,41.934372145457225,53.84843732460641,-11.914065179149183,1.5240976758346176,1.3722282228359737,2.64146410239808,38.94714070082137,44.92160359009308,51.1588700078479,56.538004641364914,-17.091334819849422,-6.736795538448947
2019-10-09,41.884168041235334,53.8142209742966,-11.930052933061269,1.554346327414468,1.3493581435868405,2.6359756519182476,38.83764923950298,44.93068684296769,51.1694790128664,56.45896293572681,-17.096565210821034,-6.763540655301504
2019-10-10,41.96455645102194,53.7595810785631,-11.795024627541158,1.5263456042527528,1.322439601392338,2.6004109443575154,38.97291906668654,44.95619383535734,51.16759945983412,56.35156269729208,-16.891830078481888,-6.698219176600428
2019-10-11,41.920268692925234,53.78961985514913,-11.869351162223895,1.5165315018436556,1.304528382865667,2.5803514177207973,38.94786694931167,44.8926704365388,51.23274422473242,56.34649548556583,-16.926839940956658,-6.811862383491132
2019-10-12,41.891379254051,53.7825144339304,-11.891135179879399,1.551020408218498,1.327897442096327,2.6428317836865682,38.851379253942746,44.93137925415926,51.1798354474216,56.3851934204392,-17.071085475905072,-6.711184883853725
2019-10-13,41.764592578870875,53.987133314809086,-12.22254073593821,1.6361708740982184,1.5121988229901875,2.9411941608923002,38.557697665638365,44.971487492103385,51.023223621748315,56.951043007869856,-17.98728129128712,-6.457800180589302
2019-10-14,41.73683382650154,54.010697966407875,-12.27386413990634,1.704605281663685,1.5470436954084068,3.05802595725369,38.395807474440716,45.07786017856236,50.978492323407394,57.042903609408356,-18.267595016123572,-6.280133263689108
2019-10-15,41.62928349486446,53.98478206726607,-12.355498572401608,1.672744474035029,1.5276282057120742,3.0028699133282415,38.3507043257558,44.90786266397312,50.990630784070405,56.97893335046173,-18.24112360252496,-6.469873542278255
2019-10-16,41.61138143068079,53.98656536601379,-12.375183935333007,1.637223855883108,1.4870604769757128,2.9317252909362934,38.40242267314989,44.82034018821168,51.0719268311414,56.90120390088619,-18.121365505568143,-6.629002365097873
2019-10-17,41.564881799509244,54.038253316997064,-12.473371517487823,1.590665310835978,1.4633703328567198,2.867334441677816,38.44717779027073,44.68258580874776,51.17004746459789,56.906459169396236,-18.093347023176342,-6.853396011799304
2019-10-18,41.547436565105315,54.031246730243446,-12.483810165138129,1.5932066022648417,1.4456320243829346,2.8594038352071696,38.42475162466623,44.6701215055444,51.19780796245289,56.864685498034,-18.08824168214418,-6.879378648132077
2019-10-19,41.498876140627196,54.07121559709263,-12.572339456465437,1.5867397054085854,1.4385026030673553,2.8499435574278826,38.388866318026366,44.608885963228026,51.251750495080614,56.89068069910465,-18.158228829024086,-6.986450083906788
2019-10-20,41.455751598159296,54.205018771667326,-12.749267173508033,1.4556396489657832,1.388544143482918,2.620201590876418,38.60269788618636,44.30880531013223,51.483472250440805,56.92656529289385,-17.88486229162581,-7.6136720553902535
2019-10-21,41.314759830390166,54.23124801755526,-12.916488187165097,1.4099735937859756,1.6243650348807024,2.7157349377844593,38.55121158656965,44.07830807421068,51.04749254918908,57.41500348592144,-18.239328665222637,-7.5936477091075565
2019-10-22,41.13914454930467,54.17436951716594,-13.035224967861277,1.414128041321515,1.5654307995903238,2.6407000247290124,38.3674535883145,43.91083551029484,51.10612514996891,57.242613884362974,-18.21099701633014,-7.859452919392413
2019-10-23,40.97678946793819,54.20491840084439,-13.2281289329062,1.4638408721019898,1.5139269981147097,2.6271734910586404,38.10766135861829,43.84591757725809,51.23762148453956,57.172215317149224,-18.377388975381137,-8.078868890431265
2019-10-24,40.91987978187191,54.25784586298301,-13.337966081111096,1.5702638722310513,1.5837338767920743,2.833799228565931,37.842162592299054,43.99759697144477,51.15372746447054,57.36196426149548,-18.892212569100323,-7.783719593121871
2019-10-25,40.92861800335158,54.22865419225626,-13.300036188904683,1.5625389723647187,1.5648914005646601,2.807307534095214,37.86604161751673,43.99119438918643,51.16146704714952,57.295841337362994,-18.8023589557313,-7.797713422078063
2019-10-26,41.13641660897661,54.09593224021664,-12.959515631240034,1.6776684915226836,1.5448251737961745,2.919689958269384,37.84818636559215,44.42464685236107,51.06807489957614,57.12378958085714,-18.682107949448024,-7.236923313032042
2019-10-27,41.09491712016088,54.09754955184733,-13.002632431686449,1.6479097587468399,1.5294637051758795,2.87139819718186,37.86501399301707,44.324820247304686,51.099800689702604,57.095298413992055,-18.630572898162896,-7.374691965210003
2019-10-28,41.20483811071134,53.921927511757524,-12.717089401046174,1.6990625978157703,1.5893428405364085,3.0096428490257194,37.87467541899243,44.535000802430254,50.80681554430616,57.037039479208886,-18.615989385136583,-6.8181894169557635
2019-10-29,41.20283302870337,54.00140057083149,-12.798567542128126,1.6190292338655858,1.568944312019513,2.8972768148115535,38.02953573032682,44.37613032707991,50.92626971927325,57.076531422389735,-18.47723009915877,-7.119904985097481
2019-10-30,41.03126510630386,54.423732663664794,-13.392467557360929,1.7836894821678355,1.7455683698108275,3.1992365227301716,37.535233721254905,44.52729649135282,51.00241865883557,57.845046668494014,-19.662971141912067,-7.121963972809793
2019-10-31,41.226001073975375,54.43616230041715,-13.210161226441782,1.936136159324008,1.6540161802720699,3.1534553994992245,37.43117420170032,45.02082794625043,51.1942905870839,57.678034013750406,-19.39093380946026,-7.029388643423302
2019-11-01,41.21040106868823,54.40776328731103,-13.197362218622796,1.9088430938049412,1.6395932831948252,3.110993777176901,37.46906860483054,44.951733532545916,51.19416045224917,57.62136612237288,-19.29491002188952,-7.09981441535607
2019-11-02,41.23099359384169,54.32379866783769,-13.092805073995999,1.869888735619335,1.7018244199999706,3.1169414686585433,37.56601167202779,44.895975515655586,50.98822280463775,57.659374531037635,-19.202010352566745,-6.983599795425254
2019-11-03,41.31542189255904,54.24351367194097,-12.928091779381925,1.8305330374095672,1.6478913596992861,3.0438385425432073,37.72757713923629,44.903266645881786,51.013646606930365,57.47338073695157,-18.89401532276661,-6.962168235997239
2019-11-04,41.335721114212134,54.20138397758085,-12.865662863368717,1.7889557753280296,1.630827252729405,2.999561262468925,37.829367794569194,44.842074433855075,51.00496256223122,57.397805392930486,-18.744802937807812,-6.986522788929624
2019-11-05,41.327744362921806,54.13913339353725,-12.811389030615445,1.6361352071787216,1.5240216309036703,2.7522560784418935,38.12091935685151,44.5345693689921,51.152050996966054,57.126215790108446,-18.205810944361556,-7.416967116869333
2019-11-06,41.42276283037934,54.049842261557366,-12.62707943117802,1.6619823540370966,1.5590071927759874,2.8409647105289295,38.16527741646663,44.68024824429205,50.99418816371643,57.1054963593983,-18.195370263814723,-7.058788598541318
2019-11-07,41.47185044033214,53.951860447255264,-12.480010006923123,1.6358489691606426,1.560371256190422,2.8252598616376967,38.26558646077728,44.678114419887,50.893532785122034,57.010188109388494,-18.01751933573301,-6.942500678113238
2019-11-08,41.42661279933916,53.97420615041898,-12.547593351079817,1.6006768487687724,1.566212339420927,2.806358047957826,38.289286175752366,44.563939422925955,50.90442996515396,57.043982335684,-18.048055125077155,-7.047131577082478
2019-11-09,41.479287850418295,53.895371768163315,-12.416083917745015,1.594243965346757,1.5507240922481242,2.7995203676040905,38.35456967833865,44.60400602249794,50.85595254735699,56.93479098896964,-17.903143838249033,-6.929023997240997
2019-11-10,41.41998993071108,53.91233955743089,-12.492349626719808,1.5870809954944496,1.5469510908587225,2.7777196773293915,38.309311179541965,44.5306686818802,50.880315419347795,56.944363695513985,-17.936680194285415,-7.048019059154201
2019-11-11,41.42132598602673,53.89988820590966,-12.478562219882935,1.5520833652873816,1.5347282500257458,2.7227592502857685,38.37924259006346,44.46340938199,50.8918208358592,56.90795557596012,-17.81517035044304,-7.141954089322829
2019-11-12,41.40390271800007,53.96740487671346,-12.563502158713398,1.4358211867231432,1.500486104719987,2.5612777169675227,38.58969319202271,44.21811224397743,51.026452111462284,56.908357641964635,-17.583606483969742,-7.543397833457053
2019-11-13,41.360321287947066,54.08500060624026,-12.724679318293193,1.3972101525560026,1.5974770050750435,2.650824378328716,38.6217893889373,44.09885318695683,50.95394567629317,57.21605553618734,-17.920295099817476,-7.529063536768909
2019-11-14,41.57127114614573,53.90030568343195,-12.329034537286216,1.5422329906885441,1.6431096854713971,2.8823553557118524,38.54849448439619,44.59404780789528,50.67981069990802,57.12080066695589,-17.978451034481445,-6.679618040090985
2019-11-15,41.689989732989545,53.65630171003352,-11.96631197704397,1.4345985254748304,1.5533583873296164,2.7047615309845,38.87817662305888,44.50180284292021,50.61171927086747,56.70088414919957,-17.267644577773588,-6.664979376314351
2019-11-16,41.65999637739284,53.637869691414984,-11.977873314022148,1.4104792150122267,1.5294973475188964,2.6532420998439856,38.895457115968874,44.4245356388168,50.640054890277945,56.63568449255202,-17.17822782971636,-6.777518798327936
2019-11-17,41.585381057112436,53.75121248163173,-12.165831424519302,1.3873456842928955,1.5235971823722123,2.6499509968089394,38.86618351589836,44.30457859832651,50.764962004182195,56.73746295908127,-17.359735378264823,-6.971927470773781
2019-11-18,41.627211807286386,53.77917402855123,-12.15196222126485,1.369553426120413,1.48554874808516,2.584051939865779,38.94288709209037,44.3115365224824,50.86749848230432,56.69084957479814,-17.216704023401775,-7.087220419127922
2019-11-19,41.64822142408147,53.69833413450323,-12.05011271042176,1.4338461042921482,1.4332068468584567,2.5958207085236613,38.83788305966886,44.45855978849408,50.88924871466065,56.5074195543458,-17.137921299128134,-6.962304121715383
2019-11-20,41.9227480548522,53.54668260751532,-11.623934552663123,1.8241914515980011,1.72073508747823,3.332756032923039,38.347332809720115,45.498163299984284,50.174041836057995,56.91932337897265,-18.15613637719228,-5.091732728133967
2019-11-21,41.8763285802039,53.606191761038076,-11.729863180834181,1.7250422952506386,1.617458538490972,3.1412880360204296,38.49524568151264,45.25741147889515,50.43597302559577,56.77641049648038,-17.886787731434225,-5.572938630234139
2019-11-22,41.78881450742549,53.531966491748264,-11.74315198432277,1.6838360680467466,1.6340377483486082,3.088930818480046,38.48849581405387,45.089133200797114,50.32925250498499,56.734680478511535,-17.797456388543658,-5.68884758010188
2019-11-23,41.774073714157254,53.53535264567144,-11.76127893151418,1.6669082588948463,1.6146174284335861,3.054856600088905,38.50693352672336,45.04121390159115,50.37070248594161,56.70000280540127,-17.748797867688435,-5.773759995339927
2019-11-24,41.708462908774194,53.689885367885616,-11.981422459111423,1.700759550308547,1.6385462017129424,3.143985547849843,38.37497419016944,45.04195162737895,50.478334812528246,56.901435923242985,-18.143634132897116,-5.819210785325731
2019-11-25,41.69660271792413,53.63814082079142,-11.941538102867286,1.6033583135495093,1.5626749313894621,2.976638145297406,38.55402042336709,44.83918501248117,50.57529795526808,56.700983686314764,-17.7757488676502,-6.10732733808437
2019-11-26,41.72530896618029,53.60717561912669,-11.881866652946401,1.5555549145333185,1.507017614505902,2.8816886510804944,38.67642133369499,44.7741965986656,50.653421094695126,56.56093014355826,-17.52997640906417,-6.233756896828632
2019-11-27,41.69403213763182,53.60052465191791,-11.906492514286088,1.5302924335701087,1.4783856640380308,2.8250894694512976,38.69465896783441,44.69340530742924,50.70288875040337,56.49816055343245,-17.44366787441063,-6.3693171541615445
2019-11-28,41.66251230997551,53.62975904124746,-11.967246731271949,1.5034212965197022,1.4597666426601468,2.7829010028514642,38.71580656879689,44.60921805115413,50.768616421633574,56.49090166086135,-17.42173269686082,-6.512760765683079
2019-11-29,41.73741147842381,53.55066023295687,-11.813248754533063,1.4426609812743414,1.4095350392221089,2.687445324188559,38.9097959551261,44.56502700172152,50.78797155608154,56.31334890983221,-17.080641589942637,-6.545855919123488
2019-11-30,41.688960964919715,53.52594656132269,-11.836985596402977,1.405552436921597,1.3670153645560923,2.5987889852191635,38.934078188553386,44.443843741286045,50.84659644679275,56.20529667585263,-16.930612007432536,-6.743359185373417
2019-12-01,41.637400556622396,53.56046518599115,-11.92306462936875,1.3997571947987455,1.352741481044223,2.585048348131919,38.893876454816855,44.380924658427936,50.90909188314447,56.21183848883783,-16.98975939170731,-6.856369867030188
2019-12-02,41.6051865259538,53.595136178864706,-11.98994965291091,1.3703211492545961,1.3349385996320546,2.541210638246314,38.91935707341479,44.29101597849281,50.978656523585876,56.21161583414354,-16.970722503873684,-7.0091768019481355
2019-12-03,41.60397583892173,53.506651553889334,-11.902675714967609,1.3629499289765967,1.3180195057016983,2.502247306673606,38.9325939781276,44.275357699715855,50.92333332271401,56.08996978506466,-16.807080436047876,-6.998270993887341
2019-12-04,41.81554216385972,53.27710120945431,-11.461559045594592,1.6355261684299707,1.562279965642547,3.0556173779647207,38.60991087373697,45.02117345398246,50.21503247679492,56.3391699421137,-17.450569106405446,-5.47254898478374
2019-12-05,41.88965356937614,53.2513128569953,-11.361659287619158,1.7108560817143075,1.6953809877730386,3.2495723567682666,38.5363756492161,45.242931489536176,49.92836612096014,56.574259593030455,-17.73082110688496,-4.992497468353355
2019-12-06,41.79194678660509,53.27632501059445,-11.48437822398936,1.7201396752959455,1.6373266006506861,3.1929890488705204,38.42047302302503,45.163420550185144,50.0671648733191,56.485485147869795,-17.74263675977558,-5.22611968820314
2019-12-07,41.783653768568314,53.33425962917841,-11.5506058606101,1.6912283390833796,1.6251834104870542,3.1601355267293543,38.46884622396489,45.09846131317174,50.14890014462379,56.519619113733036,-17.744471492999633,-5.356740228220565
2019-12-08,41.89584204587071,53.280859002900584,-11.385016957029878,1.7032724058924742,1.636155701838229,3.201934380382244,38.55742813032146,45.234255961419954,50.073993827297656,56.48772417850351,-17.660808342579074,-5.10922557148068
2019-12-09,42.00301922120142,53.32950840203658,-11.326489180835164,1.5450114685902177,1.4641560623957022,2.8445973593500753,38.974796742764596,45.031241699638244,50.459762519741005,56.199254284332156,-16.901900005161313,-5.751078356509017
2019-12-10,42.08634614037636,53.12296108967019,-11.036614949293833,1.5788937781150656,1.514801201179636,2.932982887711327,38.99171433527083,45.180977945481885,50.15395073535811,56.091971443982274,-16.785261409208033,-5.287968489379632
2019-12-11,42.19258035086909,53.182490612115444,-10.98991026124635,1.422558654763397,1.3521421003859908,2.605712336553099,39.404365387532835,44.98079531420535,50.532292095358905,55.832689128871984,-16.097106440890425,-5.882714081602277
2019-12-12,42.20393602812382,53.105602000328986,-10.901665972205164,1.3693274413533132,1.3421009462442721,2.537950435264555,39.52005424307133,44.88781781317631,50.47508414569021,55.73611985496776,-15.876048825323693,-5.927283119086636
2019-12-13,42.05148041905114,52.96087237214073,-10.909391953089592,1.467368854839652,1.4054600927374252,2.440585486812112,39.17543746356542,44.927523374536854,50.20617059037537,55.71557415390608,-15.69293950724133,-6.125844398937853
2019-12-14,42.593424476629615,52.65347795320465,-10.060053476575034,1.9337939103419206,1.5077214633821676,3.1125255837504247,38.80318841235945,46.38366054089978,49.6983438849756,55.6086120214337,-16.160603620725865,-3.9595033324242017
2019-12-15,42.92845174951259,52.412818583747686,-9.484366834235097,2.018800311206492,1.6674610960479102,3.4224936022813965,38.97160313954787,46.88530035947731,49.144594835493784,55.68104233200159,-16.192454294706636,-2.7762793737635594
2019-12-16,42.87400928326316,52.42319104172779,-9.549181758464629,2.0045609230386017,1.633015352381666,3.3613736920544612,38.9450698741075,46.80294869241882,49.22248095105972,55.62390113239586,-16.13747419489137,-2.960889322037885
2019-12-17,42.917195733644974,52.53530885389102,-9.618113120246047,1.8530452869708467,1.5992417888484793,3.1239966990087695,39.28522697118211,46.549164496107835,49.400794947748,55.66982276003404,-15.741146650303236,-3.495079590188859
2019-12-18,42.86044474633385,52.57209439273055,-9.711649646396701,1.844707995828518,1.5918497750463938,3.112305202479372,39.24481707450995,46.47607241815774,49.452068833639615,55.69211995182148,-15.81176784325627,-3.6115314495371322
2019-12-19,42.746574969598974,52.57920430548832,-9.832629335889342,1.859365104613471,1.6016886743492436,3.13473007243014,39.102219364556575,46.390930574641374,49.4398945037638,55.71851410721283,-15.976700277852416,-3.688558393926268
2019-12-20,42.69072051294037,52.654323870532274,-9.963603357591902,1.7980433943030891,1.563381234108514,3.0396874707749952,39.166555460106316,46.21488556577443,49.59009665167959,55.71855108938496,-15.921390800310892,-4.005815914872911
2019-12-21,42.65563008503658,52.65324243947154,-9.997612354434965,1.7929838679410797,1.544332082239155,3.013156022551315,39.141381703872064,46.16987846620109,49.6263515582828,55.68013332066028,-15.903398158635543,-4.091826550234388
2019-12-22,42.60791133255293,52.74461508259877,-10.136703750045836,1.718777593785147,1.521952957913047,2.929920265697635,39.239107248734044,45.97671541637182,49.7615872850892,55.72764288010834,-15.879347470813201,-4.394060029278471
2019-12-23,42.55560981669629,52.78725227182929,-10.231642455133,1.683226190126208,1.4826254119317228,2.8398028557283905,39.25648648404892,45.85473314934366,49.881306464443114,55.69319807921546,-15.797656052360646,-4.6656288579053555
2019-12-24,42.49016473398602,52.82299535960218,-10.332830625616156,1.6626465895326559,1.4539272045688698,2.80680314744424,39.231377418502014,45.74895204947003,49.973298038647194,55.67269268055717,-15.834164794606867,-4.8314964566254455
2019-12-25,42.482088924039175,52.8498871169115,-10.367798192872325,1.6394285077834996,1.4405289845332652,2.774087978406276,39.26880904878352,45.69536879929483,50.026450307226305,55.6733239265967,-15.805010630548626,-4.930585755196024
2019-12-26,42.49386723876419,52.86363040314183,-10.369763164377648,1.5844904953148842,1.4002331290721601,2.680257472571743,39.38826586794701,45.599468609581365,50.1191734701604,55.60808733612327,-15.623067810618265,-5.116458518137032
2019-12-27,42.444033352262004,52.96640763526833,-10.522374283006332,1.5467160714824688,1.4560537164793208,2.698722766585658,39.41246985215636,45.475596852367644,50.112542350968866,55.8202729195678,-15.811870905514223,-5.232877660498443
2019-12-28,42.40459139875501,52.95294966838962,-10.548358269634615,1.5245179925435262,1.4162689340637784,2.637448654734801,39.416536133369696,45.39264666414032,50.177062557624616,55.728836779154626,-15.717757632914825,-5.378958906354406
2019-12-29,42.322140092244,53.006207341535486,-10.684067249291488,1.462602850483792,1.362657306839181,2.5671455826169494,39.45543850529577,45.18884167919223,50.335399020130694,55.67701566294028,-15.71567259122071,-5.652461907362267
2019-12-30,42.21154397339255,53.369790730409235,-11.158246757016688,1.3650808763413633,1.6507112874485266,2.732948927305438,39.53598545576348,44.88710249102162,50.134396607010125,56.605184853808346,-16.514826654535348,-5.801666859498029
2019-12-31,42.17429873976028,53.33088329851636,-11.156584558756077,1.3370632967105163,1.6204016140245394,2.680506504971015,39.55365467820767,44.79494280131289,50.15489613502827,56.50687046200446,-16.410377308499264,-5.9027918090128875
2020-01-01,42.17058948681248,53.28411702355754,-11.113527536745064,1.3044243054658151,1.5923782173004783,2.617915538542855,39.61391784809948,44.72726112552548,50.163055717648604,56.40517832946648,-16.24464199228906,-5.982413081201067
2020-01-02,42.26613315867055,53.169456409337414,-10.903323250666864,1.3329645610904546,1.582652473685925,2.6310523978160427,39.65352261893326,44.87874369840784,50.067457560913,56.27145525776183,-16.060185950386305,-5.74646055094742
2020-01-03,42.25591829227755,53.13172662412984,-10.875808331852292,1.2973380599287523,1.569744399489999,2.578064929163079,39.7131356948172,44.7987008897379,50.05502760112944,56.20842564713024,-15.928815593011926,-5.822801070692658
2020-01-04,42.33880542042207,53.008671529292506,-10.669866108870437,1.2437023520892283,1.5072433017853,2.4671975295286517,39.90114881032718,44.77646203051696,50.05447465779332,55.96286840079169,-15.505573266746595,-5.83415895099428
2020-01-05,42.275655326837786,53.089906905306584,-10.814251578468799,1.2284260692610227,1.5862687133534157,2.537261173548484,39.86794023108618,44.68337042258939,49.98082022713389,56.19899358347928,-15.787283478623827,-5.84121967831377
2020-01-06,42.28686042024365,53.095248455367845,-10.808388035124198,1.1936462527053386,1.5435020408706703,2.4579094000735338,39.947313764941185,44.62640707554611,50.069984455261334,56.120512455474355,-15.625890459268323,-5.990885610980071
2020-01-07,42.16638899341869,53.12813372674769,-10.961744733329,1.1611864720382967,1.4750967853622232,2.3841253337812707,39.89046350822363,44.44231447861375,50.23694402743774,56.019323426057646,-15.634630387540291,-6.28885907911771
2020-01-08,42.108164514788925,53.25732830062016,-11.149163785831236,1.1369475695269462,1.4818668813436313,2.3862668371746376,39.87974727851611,44.336581751061736,50.352869213186644,56.161787388053675,-15.826246786693526,-6.472080784968947
2020-01-09,42.056548348415745,53.3148541188091,-11.258305770393353,1.13291058840175,1.4789421216529572,2.4017696027801905,39.83604359514832,44.27705310168317,50.416127560369304,56.2135806772489,-15.965774191842526,-6.55083734894418
2020-01-10,42.079582113130606,53.261431688817424,-11.18184957568682,1.1064200548650394,1.4510230632496903,2.3530195538873717,39.91099880559513,44.24816542066608,50.41742648484803,56.10543689278682,-15.793767901306069,-6.569931250067572
2020-01-11,42.30939870604768,53.10014403272171,-10.790745326674033,1.2796255933523768,1.4932459919679937,2.5753797996873815,39.801332543077024,44.81746486901834,50.17338188846444,56.026906176978976,-15.838489734061302,-5.743000919286765
2020-01-12,42.51016246063973,52.99134981395558,-10.481187353315853,1.3533506290354818,1.5493241106303157,2.7365339797960155,39.85759522773018,45.162729693549274,49.954674557120164,56.028025070790996,-15.844793953716044,-5.1175807529156625
2020-01-13,42.45104938711192,52.99910716574279,-10.548057778630872,1.3748206978861748,1.5205121342975958,2.72296852935909,39.75640081925502,45.145697954968824,50.018903382519504,55.97931094896608,-15.88507609617469,-5.211039461087055
2020-01-14,42.47560201151459,53.02057829344707,-10.544976281932485,1.4512617318150491,1.534655859293755,2.839861804507821,39.63112901715709,45.320075005872084,50.01265280923131,56.028503777662834,-16.111105418767814,-4.978847145097155
2020-01-15,42.69097281468804,52.817205995702004,-10.126233181013967,1.6204064301260923,1.634372770895401,3.108016894330216,39.5149762116409,45.86696941773518,49.61383536474702,56.02057662665699,-16.217946293901193,-4.034520068126744
2020-01-16,42.80636910734342,52.74992345592465,-9.94355434858123,1.6595047859802576,1.6205488415306226,3.1422019639487386,39.553739726822116,46.05899848786473,49.573647726524634,55.92619918532467,-16.10227019792076,-3.784838499241703
2020-01-17,42.78603088682043,52.78560250588422,-9.999571619063792,1.645528588822847,1.6151195162665655,3.127890397809074,39.560794852727646,46.01126692091321,49.619968254001755,55.95123675776669,-16.130236798769577,-3.868906439358007
2020-01-18,42.79850064233746,52.78387819534705,-9.98537755300959,1.628245188386862,1.5855999651337613,3.088555640640958,39.60714007309921,45.98986121157571,49.676102263684875,55.891654127009225,-16.038946608665867,-3.9318084973533125
2020-01-19,42.894928906646356,52.945271803102315,-10.050342896455954,1.4631269820074877,1.4912273889532437,2.8071918244740224,40.02720002191168,45.76265779138103,50.02246612075396,55.86807748545067,-15.552438872425038,-4.54824692048687
2020-01-20,42.76114762220663,53.144290510314356,-10.383142888107725,1.4927495396323684,1.5148913068830216,2.862520360948311,39.83535852452719,45.68693671988607,50.175103548823635,56.113477471805076,-15.993682795566414,-4.772602980649036
2020-01-21,42.785675093917554,53.067591479811234,-10.281916385893682,1.4962160496066115,1.5171646962371033,2.871445547338184,39.853091636688596,45.71825855114651,50.09394867518651,56.04123428443596,-15.909949658676524,-4.653883113110841
2020-01-22,42.66120254427037,53.20688241163128,-10.545679867360906,1.4302126228281355,1.5160691715387598,2.757923392023136,39.85798580352722,45.46441928501351,50.235386835415305,56.17837798784725,-15.951209715726254,-5.14015001899556
2020-01-23,42.95266202007935,52.886712897131105,-9.934050877051748,1.5440568912859336,1.6111597387371672,2.9930126889136557,39.926310513158924,45.97901352699978,49.72883980920626,56.04458598505595,-15.800355747322513,-4.0677460067809825
2020-01-24,42.916153303716825,52.93609824827727,-10.019944944560441,1.5457928597171444,1.6212341253488722,3.003608877836568,39.88639929867122,45.94590730876243,49.75847936259348,56.11371713396106,-15.907018345120115,-4.132871544000768
2020-01-25,42.90488279190697,52.94298443332321,-10.038101641416242,1.5278634029649414,1.602137966820172,2.963865795006562,39.910270522095686,45.899495061718255,49.80279401835568,56.083174848290746,-15.847278599629103,-4.22892468320338
2020-01-26,42.832370370536935,52.99640199091394,-10.164031620377004,1.506874967358377,1.563145820955537,2.9080099582767853,39.87889543451452,45.78584530655935,49.93263618184108,56.06016779998679,-15.863731138599505,-4.464332102154505
2020-01-27,42.94216279322953,52.87520330262952,-9.933040509399998,1.5308907196734702,1.6392400781007899,3.017561373080834,39.94161698266953,45.94270860378953,49.66229274955197,56.08811385570707,-15.847460800638432,-4.018620218161564
2020-01-28,42.86346072873697,52.922533544832035,-10.059072816095066,1.5357849343604024,1.5973147153095268,2.955214150464175,39.85332225739058,45.873599200083355,49.791796702825366,56.053270386838705,-15.85129255100485,-4.266853081185283
2020-01-29,43.14567287867595,52.67947941724381,-9.533806538567854,1.9940007885556614,1.718359027639523,3.552140086599937,39.237431333106855,47.05391442424505,49.311495723070344,56.04746311141728,-16.49600110830373,-2.571611968831977
2020-01-30,43.265980633617154,52.58141652976329,-9.315435896146134,1.9929040856680413,1.703463389061407,3.5465512580390253,39.359888625707796,47.17207264152651,49.24262828720293,55.92020477232364,-16.266676361902626,-2.3641954303896444
2020-01-31,43.23176853184303,52.598276495940894,-9.366507964097861,1.9757106452886344,1.685586681914678,3.5130017865704,39.35937566707731,47.10416139660875,49.29452659938813,55.90202639249366,-16.251991465775845,-2.481024462419878
2020-02-01,43.170375723117736,52.64466486813374,-9.474289145016002,1.9636265683405183,1.6796591990906502,3.4987036733943766,39.32166764917032,47.01908379706515,49.352532837916065,55.93679689835141,-16.33174834486898,-2.6168299451630235
2020-02-02,43.04238463006689,52.747594334529516,-9.705209704462625,1.9851738440514908,1.6247881857490376,3.4613745323340286,39.15144389572597,46.933325364407814,49.563009490461404,55.93217917859763,-16.48950378783732,-2.9209156210879295
2020-02-03,42.99864545909076,52.76104063931397,-9.762395180223212,1.9743725697751557,1.6053589753346251,3.4325749430455113,39.12887522233145,46.86841569585007,49.614537047658104,55.90754423096983,-16.490242068592416,-3.0345482918540103
2020-02-04,42.959930751701776,52.75326943684465,-9.79333868514287,1.874729669668929,1.5327886391955574,3.2479796158956695,39.285460599150674,46.63440090425288,49.749003704021355,55.75753516966794,-16.159378732298382,-3.4272986379873585
2020-02-05,43.078220278358586,52.5856403399034,-9.507420061544808,1.8244707118393595,1.526970883959139,3.1861934331845307,39.502257683153445,46.65418287356373,49.59277740734349,55.57850327246331,-15.752359190586489,-3.262480932503128
2020-02-06,43.0668577257261,52.54958668702103,-9.482728961294933,1.7920150347650465,1.5155904057296312,3.1372977894120915,39.55450825758661,46.57920719386559,49.579029491790955,55.52014388225111,-15.631832628542632,-3.333625294047234
2020-02-07,43.20906209693494,52.40105839326271,-9.191996296327769,1.7724346559340733,1.535625008829304,3.146499874148492,39.73509017130416,46.68303402256573,49.39123337595727,55.41088341056815,-15.359136049658813,-3.0248565429967247
2020-02-08,43.210074620930826,52.38189251295406,-9.171817892023233,1.7529640914779347,1.5228276596964665,3.113670449017798,39.77426500163407,46.64588424022758,49.39715029994898,55.36663472595914,-15.274611972098118,-3.069023811948349
2020-02-09,43.249220815227844,52.40635689518691,-9.15713607995907,1.6833811759457669,1.449635204543096,2.973219754140345,39.94979371037414,46.54864792008155,49.56507189428244,55.24764189609138,-14.984646798074145,-3.329625361843994
2020-02-10,43.22790465416425,52.41379305176137,-9.185888397597113,1.660396972853133,1.44044625870378,2.9428923262751363,39.973526587372106,46.48228272095639,49.59051838470196,55.237067718820775,-14.95395735709638,-3.4178194380978457
2020-02-11,43.112994024101305,52.402311207391136,-9.289317183289832,1.6484120665744202,1.433984741076022,2.9185917567276447,39.88210637361544,46.343881674587166,49.591701114882135,55.21292129990014,-15.009757026476017,-3.568877340103648
2020-02-12,43.10885534136939,52.407860256656285,-9.299004915286893,1.6514585524838916,1.4557271921876136,2.9457987985275684,39.87199657850096,46.34571410423782,49.55463495996856,55.26108555334401,-15.072770560400928,-3.525239270172859
2020-02-13,43.206987974636704,52.32860229974635,-9.121614325109647,1.6349340298448665,1.4568288994235088,2.863246805295122,40.002517276140765,46.41145867313264,49.47321765687627,55.18398694261643,-14.733578063488086,-3.5096505867312082
2020-02-14,43.338282628810774,52.25423746261665,-8.915954833805875,1.6121104140295104,1.4279942812983462,2.8322347165764823,40.178546217312935,46.49801904030861,49.45536867127189,55.05310625396141,-14.46713487829578,-3.3647747893159696
2020-02-15,43.3920807701402,52.16497898457539,-8.772898214435193,1.5510579124655084,1.4058990535430642,2.747224499478726,40.3520072617078,46.4321542785726,49.409416839630985,54.9205411295198,-14.157458233413497,-3.38833819545689
2020-02-16,43.799170934055134,51.812355229972546,-8.013184295917414,2.122537325986342,1.8653287270024652,3.8712100399849163,39.63899777512191,47.95934409298836,48.15631092504771,55.46839953489738,-15.60075597428785,-0.4256126175469781
2020-02-17,43.670715503341675,51.92668664092747,-8.255971137585798,2.013201792074287,1.7191825863968981,3.6277729460295993,39.72483999087607,47.61659101580728,48.55708877158955,55.296284510265394,-15.366406111803812,-1.1455361633677832
2020-02-18,43.71288269262405,51.74230134769094,-8.029418655066896,1.963443063393556,1.815791303600592,3.660787575507299,39.86453428837268,47.56123109687542,48.18335039263378,55.301252302748104,-15.204562303061202,-0.85427500707259
2020-02-19,43.65245181007796,51.87535017901168,-8.22289836893372,1.9166092106850603,1.860683956130788,3.6532875529014057,39.895897757135245,47.40900586302068,48.22840962499534,55.52229073302803,-15.383341972620475,-1.0624547652469651
2020-02-20,43.47360589154033,52.082633502116096,-8.609027610575763,1.9642763783599042,1.9216181766504268,3.774817163067379,39.62362418995492,47.323587593125744,48.31626187588126,55.84900512835093,-16.007669250187824,-1.210385970963701
2020-02-21,43.448795317067784,52.130128650140655,-8.681333333072871,1.942614152203028,1.9213582478622222,3.7532880912156794,39.64127157874985,47.25631905538572,48.3642664843307,55.89599081595061,-16.037777991855602,-1.3248886742901398
2020-02-22,43.4071667364478,52.179304413413384,-8.772137676965588,1.8974885100765144,1.882494081889852,3.665398250215131,39.68808925669783,47.12624421619777,48.48961601290927,55.868992813917494,-15.956318247387244,-1.5879571065439313
2020-02-23,43.331581339565,52.30669235458592,-8.975111015020921,1.8733221541167913,1.8922136105281906,3.633519486822468,39.65986991749609,47.00329276163391,48.59795367795066,56.015431031221176,-16.09680920919296,-1.8534128208488845
2020-02-24,43.293797756101874,52.337884797012876,-9.044087040911004,1.8645925630599722,1.870210255210443,3.6062114504977374,39.639196332504326,46.94839917969942,48.672272696800405,56.00349689722535,-16.11226148388657,-1.9759125979354382
2020-02-25,43.29706178174739,52.34703306834681,-9.049971286599423,1.7599372718326902,1.77394846048715,3.4167583942780833,39.84758472895531,46.746538834539464,48.870094085792,55.823972050901624,-15.746817739384465,-2.3531248338143795
2020-02-26,43.41701034236242,52.313770611192496,-8.896760268830073,1.734939222638524,1.7553028836685998,3.368014786650765,40.01652946599091,46.81749121873393,48.87337695920204,55.75416426318295,-15.498069250665573,-2.295451286994574
2020-02-27,43.34629648322473,52.46338656108376,-9.117090077859034,1.7052836332345616,1.8305763131411823,3.3564899563227937,40.003940562084985,46.68865240436447,48.87545698732704,56.05131613484048,-15.695810392251708,-2.538369763466359
2020-02-28,43.442228121783025,52.343192523725605,-8.900964401942582,1.798808436079654,1.754384871269281,3.3693760736517198,39.916563587066904,46.967892656499146,48.904598176037815,55.781786871413395,-15.504941506299954,-2.296987297585212
2020-02-29,43.42568839185243,52.38022528638451,-8.954536894532074,1.7232308836328498,1.7003460506618715,3.2416398259516144,40.048155859932045,46.80322092377282,49.04754702708724,55.712903545681776,-15.308150953397238,-2.6009228356669105
2020-03-01,43.38091469189128,52.42720592921263,-9.046291237321357,1.74730998980244,1.6966441976352478,3.2608807680657312,39.95618711187849,46.80564227190406,49.10178330184755,55.75262855657772,-15.437617542730191,-2.6549649319125246
2020-03-02,43.37537699206355,52.40827440027789,-9.03289740821433,1.7291223205062447,1.6815347813886763,3.2263712630853485,39.98629724387131,46.76445674025579,49.112466228756084,55.704082571799695,-15.356585083861614,-2.7092097325670474
2020-03-03,43.20631904085599,52.41322910612521,-9.20691006526922,1.6799381899603565,1.6938883993375535,3.144634641215522,39.91364018853369,46.498997893178284,49.0932078434236,55.733250368826816,-15.370393962051644,-3.043426168486797
2020-03-04,43.16261614875967,52.48722700909878,-9.324610860339114,1.633642338383464,1.7223912134289072,3.1157177979580486,39.960677165528075,46.36455513199126,49.111340230778126,55.86311378741944,-15.431417744336889,-3.2178039763413384
2020-03-05,43.155943686064504,52.46856966157075,-9.312625975506243,1.6078385188360882,1.6494351362872315,3.0207772545881664,40.00458018914577,46.30730718298324,49.23567679444778,55.70146252869372,-15.23334939449905,-3.391902556513437
2020-03-06,43.13331804951575,52.483265738569806,-9.349947689054062,1.5855337240802445,1.6168991833945017,2.9713431997896924,40.02567195031847,46.24096414871303,49.31414333911658,55.65238813802303,-15.17378036064186,-3.5261150174662648
2020-03-07,43.1857124185999,52.51945747457732,-9.333745055977424,1.5037543063381031,1.5697763263329754,2.844021376347327,40.238353978177216,46.13307085902258,49.44269587496469,55.59621907418995,-14.908026953618185,-3.759463158336663
2020-03-08,43.11980793002794,52.57045624113232,-9.450648311104379,1.4562807222226004,1.4532645302732108,2.69304974836558,40.26549771447164,45.974118145584235,49.722057761796826,55.41885472046781,-14.729025817900915,-4.172270804307842
2020-03-09,43.066960303079604,52.655481395877906,-9.588521092798302,1.3907596739996961,1.3892022653058402,2.5781627280345654,40.3410713420402,45.792849264119006,49.93264495587846,55.378317835877354,-14.641720039746051,-4.535322145850555
2020-03-10,42.97353356985824,52.7049888917885,-9.731455321930262,1.4291759566369326,1.411824616866199,2.6614976257386878,40.17234869484985,45.77471844486663,49.937812642730755,55.47216514084625,-14.94799066837809,-4.514919975482434
2020-03-11,42.91094874137961,52.728793794427254,-9.81784505304764,1.3792084214956066,1.3372618394906317,2.5398310315665213,40.207700235248225,45.614197247511,50.10776058902562,55.34982699982889,-14.795913874918021,-4.839776231177257
2020-03-12,43.106163957523435,52.69311877171675,-9.586954814193312,1.6394323948619247,1.4020800432916787,2.655861580308615,39.892876463594064,46.31945145145281,49.945041886865056,55.44119565656844,-14.792443511598197,-4.381466116788427
2020-03-13,43.19450813923098,52.66623112823592,-9.471722989004943,1.5750617906520474,1.3824015455830079,2.627826144102138,40.10738702955297,46.281629248909,49.956724098893226,55.37573815757862,-14.622262231445134,-4.321183746564753
2020-03-14,43.258435354220374,52.58177042980262,-9.32333507558224,1.5121883805779441,1.3497583254872205,2.5581878751622233,40.29454612828761,46.22232458015314,49.936244111847664,55.22729674775757,-14.337383310900197,-4.309286840264281
2020-03-15,43.546136239426424,52.31297540272797,-8.766839163301542,1.6104271769803347,1.437484318830789,2.8083581408481075,40.38969897254497,46.70257350630788,49.495506137819625,55.13044466763632,-14.271221119363833,-3.262457207239251
2020-03-16,43.50730486153043,52.34456865038399,-8.837263788853562,1.5851084128744732,1.4324529514545206,2.7817678446343126,40.40049237229646,46.614117350764396,49.53696086553313,55.15217643523485,-14.289528764336815,-3.3849988133703093
2020-03-17,43.464777056399946,52.42174655585965,-8.956969499459703,1.6031791827406419,1.432032730768139,2.774336203677877,40.32254585822829,46.6070082545716,49.614962403554095,55.2285307081652,-14.394668458668342,-3.519270540251064
2020-03-18,43.738826491651956,52.200899354164335,-8.462072862512379,2.0753355658111743,1.872115323707933,3.7534671344057924,39.67116878266206,47.806484200641854,48.53155331969678,55.870245388631886,-15.818868445947732,-1.1052772790770256
2020-03-19,43.45039083845138,52.30098979463671,-8.850598956185332,2.3517139805193956,2.358942084795061,4.49184983900545,38.841031436633365,48.0597502402694,47.67746330843839,56.924516280835036,-17.654624640636015,-0.046573271734649424
2020-03-20,43.561931484344555,52.21771791501903,-8.655786430674473,2.337684922548142,2.3367879983775164,4.4474311239425015,38.9800690361502,48.14379393253891,47.6376134381991,56.79782239183896,-17.372751433601778,0.061178572252829966
2020-03-21,43.67827894402668,52.07880423063571,-8.400525286609032,2.376446004732273,2.3621336593619984,4.522375359682731,39.020444774751425,48.336113113301934,47.44902225828619,56.70858620298523,-17.264380991587185,0.4633304183691216
2020-03-22,44.36122312736292,51.38303888586057,-7.021815758497655,2.837241234460001,2.9558868680832266,5.632680715670448,38.800230307821316,49.92221594690452,45.58950062441745,57.176577147303696,-18.061869961211734,4.018238444216423
2020-03-23,44.61613732588343,51.04373198479981,-6.427594658916382,2.773556531995495,2.9793622540421896,5.595776445509096,39.17996652317226,50.052308128594596,45.20418196687712,56.8832820027225,-17.395316492114212,4.540127174281446
2020-03-24,44.90347434670375,50.924947295985184,-6.021472949281432,2.5499593247987704,2.7012326867547296,5.113562374032422,39.90555407009816,49.90139462330934,45.630531229945916,56.21936336202445,-16.04405520238498,4.001109303822115
2020-03-25,45.04261485491725,50.65772198300358,-5.61510712808634,2.658105521287325,2.9505730687960083,5.470535007516623,39.83272803319409,50.25250167664041,44.87459876816341,56.44084519784376,-16.33735574281892,5.10714148664624
2020-03-26,44.88803012372759,50.76306703993907,-5.875036916211479,2.610359776178923,2.84361736281301,5.320432555849673,39.7717249624169,50.00433528503828,45.189577008825566,56.33655707105257,-16.30308472567684,4.553010893253881
2020-03-27,44.88109159885881,50.77960074317032,-5.898509144311513,2.575933938139524,2.8304875747863525,5.2704089297138355,39.83226108010534,49.92992211761228,45.23184509658907,56.32735638975157,-16.22851064655063,4.431492357927604
2020-03-28,44.88758336375891,50.77001444218225,-5.882431078423345,2.4976766472994636,2.756870023861191,5.121608166158912,39.99213713505196,49.78302959246585,45.366549195414315,56.17347968895019,-15.920783084094811,4.155920927248122
2020-03-29,44.9575084644903,50.731655918966695,-5.774147454476391,2.340047750762935,2.5772735088770142,4.788050938844721,40.37101487299495,49.54400205598566,45.68019984156775,55.78311199636564,-15.158727294612046,3.610432385659263
2020-03-30,45.43226924801568,50.45344028523656,-5.021171037220881,2.45301708197057,2.545837790574848,4.798917161450635,40.624355767353364,50.24018272867799,45.46359821570986,55.44328235476326,-14.427048673664126,4.384706599222364
2020-03-31,45.45585511349626,50.47273266834811,-5.016877554851849,2.3975419658659076,2.493751452780466,4.688912795311243,40.756672860399085,50.15503736659344,45.5849798208984,55.36048551579782,-14.207146633661885,4.173391523958188
2020-04-01,45.49644993735286,50.19049268763129,-4.69404275027844,2.34188971394636,2.7014870817391454,4.788730696768928,40.90634609801799,50.08655377668772,44.895578007422564,55.48540736784002,-14.079954915945539,4.691869415388659
2020-04-02,45.37457786475996,50.296274440399586,-4.921696575639634,2.4988431325278277,2.761627516537917,4.9905800847367825,40.476845325005414,50.2723104045145,44.883484507985266,55.709064372813906,-14.703233541723726,4.85984039044446
2020-04-03,45.206189525144325,50.356281973797515,-5.150092448653189,2.3983115031010027,2.6309281249675243,4.758124883490105,40.50549897906636,49.90688007122229,45.199662848861166,55.51290109873386,-14.476017220293794,4.175832322987415
2020-04-04,45.20688418350671,50.37908548185559,-5.172201298348878,2.3639208320659084,2.5882162213329734,4.681859730875287,40.57359935265753,49.84016901435589,45.30618168804296,55.45198927566822,-14.34864637086444,4.004243774166684
2020-04-05,45.09141002116964,50.50676994307033,-5.415359921900692,2.25260549964428,2.495843444102391,4.494017377968852,40.67630324186685,49.506516800472426,45.61491679262964,55.39862309351102,-14.223633982719644,3.3929141389182584
2020-04-06,45.23255842809557,50.173808979714096,-4.9412505516185234,2.098773178296737,2.5529324551691652,4.303204180693746,41.11896299863397,49.34615385755718,45.170061367582534,55.17755659184566,-13.375530745778265,3.4930296425412184
2020-04-07,44.999354044510376,50.44635306942653,-5.446999024916158,2.154094591458956,2.520820891292888,4.366229149861948,40.77732864525082,49.22137944376993,45.505544122492466,55.38716201636059,-14.004808158645577,3.1108101088132614
2020-04-08,44.91601655360759,50.51731825993255,-5.6013017063249535,2.206346388295014,2.5224541648310495,4.432738585934609,40.59157763254937,49.240455474665815,45.5733080968637,55.461328423001405,-14.289469334756786,3.0868659221068793
2020-04-09,44.764455145610945,50.690150917097434,-5.925695771486492,2.3872479356624043,2.6835168955945057,4.806133338507042,40.085449191712634,49.44346109950926,45.4304578017322,55.949844032462664,-15.345717114960294,3.4943255719873108
2020-04-10,44.76362519116648,50.73189485524613,-5.96826966407965,2.3568110855178794,2.618467227335545,4.7083880716589155,40.14427546355144,49.38297491878153,45.59969908966846,55.8640906208238,-15.196710284531125,3.260170956371824
2020-04-11,44.70024572875022,50.77627441577303,-6.07602868702281,2.271042060397122,2.5276135765805905,4.5448859009379445,40.24900329037186,49.151488167128576,45.82215180567508,55.730397025870985,-14.984005052861182,2.8319476788155606
2020-04-12,44.921451513894105,50.651059834244506,-5.7296083203504,2.1970257609650616,2.409640686686853,4.363899908369057,40.615281022402584,49.227622005385626,45.92816408833828,55.373955580150735,-14.282852140753754,2.8236355000529523
2020-04-13,44.89395401150013,50.69815581130917,-5.804201799809042,2.1138317880002306,2.339518863325483,4.2146310735261965,40.750843707019676,49.03706431598058,46.112698839191225,55.28361278342712,-14.064878703920385,2.456475104302302
2020-04-14,44.7808631489386,50.95552577888211,-6.174662629943509,2.0844996462518948,2.304542972572953,4.1574883206558155,40.69524384228489,48.86648245559231,46.43862155263913,55.4724300051251,-14.323339738428906,1.9740144785418892
2020-04-15,44.69690372141304,51.11497331554917,-6.418069594136135,2.078341396499145,2.234370533026716,4.109672341861847,40.623354584274715,48.77045285855136,46.73560707081681,55.49433956028153,-14.473027384185356,1.6368881959130857
2020-04-16,44.59563412501084,51.229445598898664,-6.633811473887826,2.0305205256759242,2.214760721371282,4.059087151463033,40.61581389468603,48.57545435533565,46.88851458501095,55.570376612786376,-14.589622290755372,1.3219993429797183
2020-04-17,44.5895412041056,51.24573309582476,-6.656191891719163,2.0068503146128482,2.1920707872511045,4.018251662431156,40.656114587464415,48.522967820746786,46.949274352812594,55.54219183883693,-14.531965150084229,1.2195813666459037
2020-04-18,44.59871307064683,51.26391152452243,-6.665198453875597,1.9522732948772945,2.142334834742179,3.9171894267399727,40.77225741268733,48.42516872860633,47.06493524842776,55.462887800617096,-14.342889730285943,1.0124928225347496
2020-04-19,44.61307054076686,51.255220220256014,-6.642149679489155,1.8854776152064416,2.080003097098353,3.7857268178761334,40.91753441496224,48.308606666571485,47.178414149943244,55.332026290568784,-14.062174242526375,0.7778748835480664
2020-04-20,44.64576847836258,51.20286248625993,-6.557094007897353,1.767658510737204,1.9635495026166314,3.5608114857809787,41.18115779731766,48.11037915940749,47.35430546113133,55.05141951138853,-13.536284520028072,0.4220965042333651
2020-04-21,44.372805562077325,51.25853350983413,-6.885727947756806,1.8985863827266491,1.9663073001334395,3.6761548506521047,40.65157625193309,48.094034872221556,47.40457120157259,55.112495818095674,-14.090991455034931,0.3195355595213192
2020-04-22,44.271542464294136,51.35256597953922,-7.081023515245083,2.0206621559393967,2.0848039631221194,3.9332724864269832,40.311044638652916,48.232040289935355,47.26635021181987,55.438781747258574,-14.79023758864197,0.6281905581518039
2020-04-23,44.209464839283314,51.381741854741115,-7.172277015457795,2.1119810341122944,2.15347422602394,4.108010673393275,40.06998201242322,48.34894766614341,47.16093237173419,55.60255133774804,-15.223977935308614,0.8794239043930228
2020-04-24,44.127696335639726,51.46699945333561,-7.339303117695888,2.0666088440009722,2.1301399148194387,4.0478996215084955,40.07714300139782,48.17824966988163,47.291925220289514,55.64207368638171,-15.27318637585254,0.5945801404607636
2020-04-25,44.06491232452571,51.54537190365498,-7.480459579129271,2.082332412491322,2.1424867415601545,4.091535338259258,39.98354079604272,48.1462838530087,47.34609789019708,55.744645917112884,-15.499868842117419,0.538949683858875
2020-04-26,43.93513007240973,51.63760806521616,-7.702477992806433,2.096267464266647,2.121706411939532,4.08597439044689,39.8264458424471,48.043814302372354,47.47906349781468,55.79615263261765,-15.710987798082337,0.3060318124694721
2020-04-27,43.96845893528602,51.63207938428433,-7.663620448998309,2.07078371996388,2.1242779436430395,4.047347094554947,39.90972284415682,48.02719502641523,47.468494614743975,55.79566415382469,-15.596420754326004,0.2691798563293881
2020-04-28,43.84553169631069,51.55847390575753,-7.712942209446841,2.5697429470492947,2.2956863670705974,4.7034053457901805,38.80883552009407,48.8822278725273,47.05892862629916,56.0580191852159,-16.931616687195596,1.5057322683019132
2020-04-29,43.87126225298417,51.27888328745979,-7.407621034475624,2.4868163877640104,2.833780040136622,5.017343116050424,38.9971021329667,48.74542237300163,45.72467440879201,56.83309216612757,-17.241613541934456,2.426371472983207
2020-04-30,43.85689101220004,51.31291854615822,-7.45602753395818,2.4930214062162634,2.7756857222587388,4.9758853597434545,38.97056905601616,48.743212968383915,45.8725745305311,56.75326256178535,-17.20876283905535,2.2967077711389905
2020-05-01,43.88884643490268,51.20884466929376,-7.319998234391082,2.497222587024443,2.737517521535462,4.882610917936132,38.99429016433477,48.78340270547059,45.843310327084254,56.57437901150327,-16.8899156335459,2.249919164763738
2020-05-02,43.944124846753674,51.212753719392246,-7.268628872638574,2.4274837678546524,2.641400488792643,4.728721572735139,39.186256661758556,48.70199303174879,46.03560876135867,56.389898677425826,-16.536923155199446,1.9996654099222972
2020-05-03,43.96252179069589,51.292331712002245,-7.329809921306357,2.326082176663493,2.521070434101881,4.509327404512795,39.40340072443544,48.52164285695633,46.35103366116256,56.23362976284193,-16.168091634151434,1.508471791538721
2020-05-04,43.95783647172597,51.387394561226415,-7.429558089500447,2.2549783229084763,2.4743291347767236,4.388784460321304,39.53807895882535,48.377593984626586,46.53770945706404,56.23707966538879,-16.031575631730203,1.172459452729309
2020-05-05,44.00038308399082,51.3782647829863,-7.377881698995475,2.1831770670375654,2.364529945771294,4.2287936939158115,39.72135603259719,48.279410135384445,46.743786089274565,56.012743476698034,-15.666317339070465,0.9105539410795149
2020-05-06,44.1753406581928,51.229840868787555,-7.0545002105947585,2.1827375792805417,2.353291933621996,4.216756074857313,39.89717500280294,48.453506313582665,46.617388678888446,55.842293058686664,-15.319342117315093,1.2103416961255764
2020-05-07,44.15215444141622,51.25701770442451,-7.104863263008288,2.100561332641712,2.2797305431990535,4.060925661413702,40.035054229438465,48.26925465339398,46.78874583975437,55.725289569094656,-15.064277559379143,0.8545510333625677
2020-05-08,44.044165668873376,51.372259189149126,-7.328093520275754,2.0456448062852814,2.2243261293079075,3.9802691699793873,40.03470184855422,48.05362948919253,47.01257997570563,55.731938402592625,-15.129421093435353,0.47323405288384457
2020-05-09,43.9245218330186,51.52793710983008,-7.603415276811474,1.9537702426334478,2.1535114675595213,3.8159887023790193,40.095132157457044,47.75391150858016,47.307054633413415,55.74881958624674,-15.082753133474352,-0.12407742014859657
2020-05-10,44.05129106217996,51.457699842828255,-7.406408780648288,1.9359320246734408,2.0651494239416546,3.7203555343631702,40.25686429382002,47.845717830539904,47.41000697190261,55.5053927137539,-14.698305628000101,-0.11451193329647502
2020-05-11,44.078897307525466,51.430671052530805,-7.351773745005337,1.9128735364791494,2.030591072082762,3.6644645405182166,40.32966517602633,47.8281294390246,47.45071255124859,55.41062955381302,-14.53412424442104,-0.16942324558963318
2020-05-12,44.01770645592337,51.621685520585245,-7.603979064661878,1.925781729894307,2.0688443584744824,3.7058425104725465,40.243174265330524,47.79223864651621,47.566750577975256,55.676620463195235,-14.867430385188069,-0.3405277441356871
2020-05-13,44.37220334434951,51.35344564550131,-6.981242301151804,2.3273455297551275,2.2977719444489244,4.39192415280067,39.81060610602946,48.933800582669555,46.84981263438142,55.8570786566212,-15.589413640641117,1.6269290383375097
2020-05-14,44.29234470968695,51.43539954746743,-7.143054837780487,2.204184804740561,2.1706312462416526,4.159757391867852,39.97214249239545,48.61254692697845,47.1809623048338,55.68983679010107,-15.296179325841475,1.010069650280502
2020-05-15,44.22161285825505,51.504419115210254,-7.282806256955204,2.1771864709550774,2.152784083684758,4.123105058907382,39.9543273751831,48.488898341327,47.28496231118813,55.72387591923238,-15.36409217241367,0.7984796585032639
2020-05-16,44.18754317723037,51.47192903892612,-7.284385861695755,2.081712417154934,2.084384571833643,3.9565749595750344,40.1073868396067,48.26769951485404,47.38653527813218,55.55732279972006,-15.039272782462822,0.4705010590713119
2020-05-17,44.147233202057336,51.57976950252101,-7.432536300463674,2.0475577498397,2.065619108820828,3.8978075085654376,40.13402001237152,48.16044639174315,47.53115604923219,55.62838295580983,-15.072239017251931,0.20716641632458366
2020-05-18,44.16946420045337,51.6048204961832,-7.435356295729833,1.9705505543849522,1.9449000666448242,3.7221920460586135,40.307185113858864,48.031743287047874,47.79281636555935,55.416824626807056,-14.730852706004715,-0.13985988545495065
2020-05-19,43.91346612737324,51.81938350341912,-7.9059173760458785,2.051880845531435,2.0243121209003325,3.9079638663489815,39.891779670131626,47.935152584614855,47.85173174645447,55.78703526038377,-15.565526554089882,-0.2463081980018753
2020-05-20,43.60605094620953,52.20892248566484,-8.602871539455315,2.0430220388872975,2.0874209870903253,3.9796291703830033,39.601727749990424,47.61037414242863,48.11757735096781,56.30026762036188,-16.402944713406,-0.8027983655046285
2020-05-21,43.553054402592714,52.24043800144257,-8.687383598849852,2.014013971977803,2.0451030750418444,3.9172357963008158,39.60558701751622,47.50052178766921,48.232035974360556,56.24884002852458,-16.36516575959945,-1.009601438100253
2020-05-22,43.60855583498993,52.21233737636841,-8.60378154137848,2.0198938542872984,2.017402965670106,3.8922769547966,39.649563880586825,47.56754778939303,48.258227563655005,56.166447189081815,-16.232644372779816,-0.9749187099771444
2020-05-23,43.60118412668386,52.24575542621504,-8.644571299531183,2.0339292288326045,2.009356745342154,3.898469511790137,39.61468283817196,47.587685415195764,48.30741620534442,56.184094647085665,-16.28557154263985,-1.0035710564225147
2020-05-24,43.56263627168828,52.18256999776938,-8.619933726081099,1.9522729441556594,1.9442792342976816,3.7360906354935732,39.73618130114318,47.38909124223337,48.37178269854592,55.99335729699283,-15.942671371648501,-1.2971960805136957
2020-05-25,43.55955516634833,52.21669606979018,-8.657140903441848,1.9541385465892027,1.912194332607672,3.7022046296113627,39.729443615033496,47.38966671766317,48.468795177879144,55.96459696170122,-15.913461977480118,-1.4008198294035772
2020-05-26,43.28559710207335,52.53185825775139,-9.246261155678035,2.2105174270518084,2.1736538732694783,4.252090668008229,38.95298294505181,47.6182112590949,48.27149666614321,56.79221984935957,-17.580358864974166,-0.9121634463819053
2020-05-27,43.09237747015595,52.655474671562835,-9.563097201406885,2.099886937437315,2.0206824610717145,3.9934908456448728,38.97659907277882,47.20815586753309,48.694937047862275,56.616012295263396,-17.390339258870835,-1.7358551439429348
2020-05-28,43.2083617178563,52.61797345690475,-9.4096117390484455,2.0886702791471903,1.9399684608314411,3.8930826400837626,39.114567970727805,47.30215546498479,48.81563527367513,56.42031164013437,-17.040053713612622,-1.779169764484271
2020-05-29,43.23941107264123,52.60934609902504,-9.369935026383809,2.061587363983318,1.8977466893042774,3.8086795702398035,39.19869983923393,47.28012230604853,48.889762587988656,56.32892961006142,-16.834946984053822,-1.904923068713794
2020-05-30,43.23487504296528,52.636895031488095,-9.40201998852282,2.0069109613569234,1.8408398013696656,3.696923492628077,39.30132955870571,47.168420527224846,49.02884902080355,56.24494104217264,-16.64799003407385,-2.15604994297179
2020-05-31,43.193988357385045,52.698767872053565,-9.504779514668522,1.9331400186443854,1.803281294737713,3.5798627617999528,39.40503392084205,46.98294279392804,49.16433653436765,56.23319920973948,-16.52131052779643,-2.488248501540615
2020-06-01,42.94428062969185,53.075247890266404,-10.130967260574545,1.8827137042650008,1.9345478242889012,3.6287459695415967,39.254161769332455,46.63439949005125,49.28353415466016,56.86696162587265,-17.243309360876076,-3.0186251602730154
2020-06-02,42.78894529978529,53.32093303650949,-10.531987736724197,2.0035886522865702,1.9688202155178363,3.7838410557281446,38.86191154130361,46.71597905826697,49.462045414094526,57.17982065892445,-17.94831620595136,-3.1156592674970343
2020-06-03,42.524916203094676,53.36114674637781,-10.83623054328314,1.929579024725414,2.0017419283186686,3.542336973732726,38.742941314632866,46.30689109155649,49.43773256687322,57.2845609258824,-17.779211011799283,-3.893250074766997
2020-06-04,42.27234880170129,53.593300230343665,-11.32095142864237,1.8661631278855662,1.9404310154394333,3.4595741962721407,38.61466907104558,45.930028532357,49.79005544008238,57.396545020604954,-18.101716853335766,-4.540186003948975
2020-06-05,42.06441205761287,53.78846964162974,-11.724057584016869,1.9595775947161138,1.9943970542243792,3.649814453995849,38.223639971969284,45.905184143256456,49.879451415349955,57.69748786790952,-18.87769391384873,-4.570421254185005
2020-06-06,41.869384038811795,54.01506803895677,-12.145684000144971,2.0454835739192063,2.1190308796676973,3.8915295481913015,37.86023623393015,45.87853184369344,49.86176751480808,58.16836856310546,-19.77308191459992,-4.51828608569002
2020-06-07,41.766283045568905,54.15973984124822,-12.39345679567931,2.0734384616795394,2.149059941517819,3.9616067822263576,37.70234366067701,45.8302224304608,49.947582355873294,58.37189732662314,-20.15820608884297,-4.628707502515649
2020-06-08,41.75326680991514,54.18614753750821,-12.432880727593075,2.0478759692918027,2.109481145265894,3.9030355034287587,37.739429910103205,45.767103709727074,50.05156449278706,58.320730582229366,-20.08283031431344,-4.782931140872708
2020-06-09,41.52321395906568,54.4650509029615,-12.94183694389583,2.0690912642984314,2.0962346519012227,3.934890338085779,37.467795081040755,45.5786328370906,50.35643098523511,58.573670820687894,-20.654222006543957,-5.229451881247702
2020-06-10,41.487829135049765,54.49841222701138,-13.010583091961616,2.090280674228642,2.108952841684478,3.9888977291270744,37.39087901356163,45.5847792565379,50.3648646573098,58.631959796712955,-20.82882264105068,-5.19234354287255
2020-06-11,41.41742159115539,54.57513264304872,-13.157711051893331,2.0908429702469036,2.02975542517043,3.901372429381674,37.31936936947146,45.51547381283932,50.596812009714675,58.55345327638276,-20.804401013481414,-5.51102109030525
2020-06-12,41.393311727116235,54.61433755662121,-13.221025829504974,2.0505885595696345,1.997804207340008,3.8337077135527866,37.37415815035975,45.41246530387272,50.69864131023479,58.530033803007626,-20.735092948068434,-5.706958710941512
2020-06-13,41.34578071763508,54.728891103328685,-13.383110385693604,2.0151903751188702,2.0223159492856,3.811607720730157,37.39600758240209,45.29555385286807,50.76515184272891,58.69263036392846,-20.85386151832471,-5.912359253062497
2020-06-14,41.22872909249745,54.80603240297326,-13.57730331047581,1.9259788088539729,1.970811680885924,3.6728769822092473,37.45381062714367,45.00364755785124,50.94324150843685,58.66882329750967,-20.776142195605935,-6.378464425345685
2020-06-15,41.33095483890567,54.69203069799095,-13.36107585908528,1.8813244426513578,1.871717013319329,3.4642738938009083,37.64355893130901,45.01835074650233,51.023465351885065,58.36059604409684,-20.15105269093506,-6.5710990272355
2020-06-16,41.233057986044585,54.83839075310626,-13.605332767061679,1.7781433932108244,1.7328719480826793,3.2257354905315303,37.74789693535137,44.7182190367378,51.44196173486421,58.23481977134831,-19.927774328503478,-7.28289120561988
2020-06-17,41.23464942796176,54.81998586806043,-13.585336440098663,1.7357851621276992,1.7285305938334623,3.1742374996366087,37.832510510191476,44.63678834573205,51.43206590414684,58.20790583197402,-19.806841939386416,-7.36383094081091
2020-06-18,41.14101963925531,54.88386847791204,-13.742848838656727,1.7286324664444284,1.708946117702121,3.1387089413007128,37.75290000502423,44.52913927348639,51.53433408721588,58.233402868608195,-19.894718363606124,-7.590979313707329
2020-06-19,41.10152288907441,54.94846537681304,-13.846942487738628,1.7266037929989912,1.7389808962549331,3.16687258357707,37.71737945479639,44.48566632335243,51.54006282015337,58.35686793347271,-20.054012751549685,-7.639872223927571
2020-06-20,41.11029507837849,54.939517307680894,-13.829222229302399,1.651119589647502,1.6638710544341972,3.0127497060519897,37.874100682669386,44.3464894740876,51.67833004098987,58.20070457437192,-19.734211653164298,-7.924232805440499
2020-06-21,41.046311725033014,55.033020381097835,-13.98670865606482,1.6505668214976097,1.6833880395427958,3.0441535708150758,37.8112007548977,44.28142269516833,51.733579823593956,58.33246093860171,-19.95324965486237,-8.020167657267272
2020-06-22,40.8929344840573,55.1105121608656,-14.217577676808302,1.6734011161324045,1.5955954602597135,2.834577277377641,37.61306829643779,44.17280067167681,51.98314505875656,58.237879262974644,-19.77334914046848,-8.661806213148125
2020-06-23,40.983655140085965,54.95394872186172,-13.970293581775751,1.5827226798768523,1.6242468974996809,2.8029861109478467,37.88151868752733,44.0857915926446,51.77042480276235,58.13747264096109,-19.46414635923353,-8.47644080431797
2020-06-24,40.94827770549289,55.24641561939612,-14.298137913903224,1.519126314691683,1.8825195994339723,2.8846029086400744,37.970790128697196,43.92576528228859,51.55667720450553,58.9361540342867,-19.95195961483777,-8.644316212968679
2020-06-25,40.90675188568867,55.26270752731907,-14.355955641630404,1.5246290603023376,1.8573636683695265,2.8389165812954533,37.91847892749609,43.89502484388125,51.622274737314804,58.90314031732334,-19.920232140969492,-8.791679142291315
2020-06-26,40.94933987150619,55.248752787290876,-14.299412915784684,1.5034178708708665,1.8176240563604416,2.791398385143415,38.00264084459929,43.89603889841309,51.68620963682441,58.81129593775734,-19.770553750665776,-8.8282720809035915
2020-06-27,41.021537142832734,55.16998011843961,-14.148442975606871,1.4860792107692884,1.7715515612121728,2.7271211733285585,38.10882188972493,43.93425239594054,51.69773905846375,58.64222117841547,-19.493600475330844,-8.803285475882896
2020-06-28,40.95029303510596,55.312602060611205,-14.36230902550525,1.5131473222829217,1.7777683735100387,2.781615130233486,37.98452428343143,43.91606178678048,51.82817604853153,58.79702807269088,-19.814274680762882,-8.910343370247617
2020-06-29,40.79536684245854,55.550310866845074,-14.75494402438653,1.582380071196562,1.8892963253777264,3.0205815382619394,37.69390190291328,43.8968317820038,51.84729006910473,59.25333166458542,-20.67528383937993,-8.83460420939313
2020-06-30,40.72148637395868,55.42863772691124,-14.707151352952556,1.538270862438481,1.7123932228546441,2.822037180685721,37.70647548357926,43.736497264338105,52.07234701011614,58.78492844370634,-20.23834422709657,-9.175958478808543
2020-07-01,40.71886005970728,55.3976509807656,-14.678790921058317,1.496805841070383,1.7030780481532422,2.784551940728207,37.78512061120933,43.652599508205235,52.05961800638524,58.73568395514595,-20.136512724885602,-9.221069117231032
2020-07-02,40.691098145987475,55.3814033320975,-14.690305186110029,1.4477677206326298,1.6444797838305718,2.69779213867535,37.85347341354752,43.52872287842743,52.158222955789576,58.60458370840542,-19.977977777913715,-9.402632594306343
2020-07-03,40.66516224729563,55.412230304289956,-14.74706805699433,1.4402011532284085,1.6437383156028726,2.697906344028004,37.84236798696795,43.487956507623316,52.190503205708325,58.63395740287159,-20.034964491289216,-9.459171622699442
2020-07-04,40.59878029911144,55.46825080011341,-14.869470501001972,1.5232901019404592,1.6371672953773764,2.794824632480041,37.61313169930814,43.58442889891474,52.25940290117375,58.67709869905307,-20.347326780662854,-9.391614221341092
2020-07-05,40.57646171764255,55.41859908784743,-14.842137370204881,1.4588928103770276,1.5703653332645164,2.671214047095828,37.71703180930358,43.435891625981526,52.34068303464898,58.49651514104588,-20.077716902512705,-9.606557837897057
2020-07-06,40.60646648631928,55.48253102988933,-14.876064543570052,1.441960771322043,1.548329040077387,2.6132710365282796,37.78022337452807,43.432709598110485,52.44780611133765,58.51725594844101,-19.998075775165482,-9.754053311974625
2020-07-07,40.54636997473714,55.52338148069161,-14.977011505954467,1.4909828615189362,1.5470923384214588,2.6651104019686276,37.624043566160026,43.46869638331425,52.49108049738555,58.55568246399767,-20.200627893812978,-9.753395118095957
2020-07-08,40.47304506026108,55.56284462713799,-15.08979956687691,1.4604819426231381,1.4941185048833514,2.582586750069557,37.61050045271973,43.33558966780243,52.634372357566626,58.49131689670936,-20.151669597013242,-10.027929536740576
2020-07-09,40.47476659644842,55.50317994316667,-15.028413346718253,1.4002156204763718,1.5711027250430016,2.595672090510742,37.73034398031473,43.21918921258211,52.42381860208239,58.58254128425095,-20.115930644119306,-9.9408960493172
2020-07-10,40.55247241507628,55.44730040147983,-14.894827986403548,1.355609476530236,1.50468020854163,2.5071886224533397,37.89547784107702,43.209466989075544,52.49812719273824,58.39647361022142,-19.808917686412094,-9.980738286395002
2020-07-11,40.63301523830681,55.34186003725836,-14.708844798951548,1.3839962920335411,1.5634538409015202,2.623528951333973,37.92038250592107,43.34564797069255,52.27749050909138,58.406229565425335,-19.850961543566136,-9.566728054336961
2020-07-12,40.525338259991365,55.59292385395578,-15.067585593964418,1.3343974895256956,1.6442076721782815,2.7170179562250576,37.909919180521,43.14075733946173,52.37027681648635,58.81557089142521,-20.392940788165532,-9.742230399763304
2020-07-13,40.37457261178068,55.7795514462507,-15.404978834470022,1.4164874061578874,1.6952427473484506,2.870618903882363,37.59825729571122,43.150887927850135,52.45687566144774,59.10222723105366,-21.031391886079454,-9.77856578286059
2020-07-14,40.44323449379374,55.687726440618064,-15.244491946824327,1.3804548730650799,1.700672422459182,2.853895344825093,37.73754294258618,43.148926045001296,52.35440849259807,59.02104438863806,-20.83812682268151,-9.650857070967145
2020-07-15,40.540602509960024,55.625942965103945,-15.085340455143923,1.3343223556417392,1.6281267513438733,2.737443655411166,37.925330692902214,43.155874327017834,52.43481453246996,58.817071397737934,-20.45073001974981,-9.719950890538037
2020-07-16,40.50473378613574,55.62534252815639,-15.120608742020645,1.320700127733504,1.5831822639055904,2.6739674500603896,37.91616153577807,43.0933060364934,52.52230529090143,58.72837976541135,-20.361584944139008,-9.879632539902282
2020-07-17,40.508556968570026,55.65693951080976,-15.14838254223973,1.3043433113817562,1.5829755853859413,2.6570270973400807,37.952044078261785,43.06506985887827,52.55430736345331,58.7595716581662,-20.35615565302629,-9.940609431453172
2020-07-18,40.565152229967,55.46842987574455,-14.903277645777548,1.2953701614055713,1.7844627006621319,2.8117210333232574,38.026226713612076,43.10407774632192,51.97088298244677,58.96597676904233,-20.414250871091134,-9.392304420463963
2020-07-19,40.59540462355331,55.39912866246852,-14.803724038915213,1.18876096936182,1.6863845687272994,2.6132928610744286,38.26543312360414,42.925376123502474,52.09381490776301,58.70444241717403,-19.925778046621094,-9.681670031209332
2020-07-20,40.46857215317905,55.50705335849114,-15.038481205312095,1.2016248877279845,1.665105033824444,2.6314301759374508,38.1133873732322,42.82375693312591,52.24344749219523,58.77065922478705,-20.196084350149498,-9.880878060474693
2020-07-21,40.47019366136976,55.50764532767738,-15.037451666307613,1.328127338314911,1.6904245815753323,2.7853405264740316,37.867064078272534,43.07332324446699,52.19441314778973,58.82087750756503,-20.496719098196714,-9.578184234418512
2020-07-22,40.42224485447814,55.52144542009329,-15.099200565615153,1.5176338819990416,1.830379513905077,3.143305491259128,37.447682445760016,43.39680726319626,51.933901572839346,59.10898926734724,-21.260079328483044,-8.938321802747263
2020-07-23,40.582726309952534,55.36471190379287,-14.781985593840336,1.525935563226551,1.837608385272716,3.1745790468034274,37.591892606028495,43.57356001387657,51.76299946865835,58.966424338927396,-21.004160525575053,-8.559810662105619
2020-07-24,40.60158697518568,55.3510478261563,-14.749460850970616,1.5240854355628275,1.8151044850575826,3.1522966728675703,37.61437952148254,43.588794428888825,51.79344303544343,58.90865261686916,-20.927962329791054,-8.570959372150178
2020-07-25,40.52932381341369,55.396551808982686,-14.867227995568998,1.5107930915902787,1.771000199862204,3.098284120106754,37.56816935389674,43.49047827293064,51.92539141725277,58.8677122007126,-20.939864870978234,-8.79459112015976
2020-07-26,40.51622688012735,55.456535556033764,-14.940308675906412,1.5534363155344075,1.7996709408884146,3.203021778584464,37.47149170167991,43.56096205857479,51.92918051189247,58.98389060017506,-21.218231361931963,-8.662385989880862
2020-07-27,40.59340240614815,55.40722219172742,-14.81381978557927,1.6137668111961154,1.7983877196849543,3.260016034383889,37.430419456203765,43.75638535609254,51.88238226114491,58.93206212230993,-21.203451212971693,-8.424188358186846
2020-07-28,40.861168185173234,55.385764380582366,-14.524596195409137,1.6872203684688523,1.9117724921188077,3.207464363176027,37.554216262974286,44.16812010737218,51.6386902960295,59.13283846513523,-20.81122634723415,-8.237966043584123
2020-07-29,40.95988997237925,55.328354279149636,-14.368464306770385,1.6827278724695043,1.8933977331190925,3.1803602861932827,37.66174334233902,44.25803660241948,51.61729472223622,59.039413836063055,-20.60197046770922,-8.13495814583155
2020-07-30,41.179851322906735,55.24006655478311,-14.060215231876379,1.822146409335639,1.941949966060923,3.3144470967712674,37.608444360608885,44.751258285204585,51.433844621303706,59.04628848826252,-20.55653154154806,-7.563898922204695
2020-07-31,41.232371161488665,55.182558205692914,-13.950187044204249,1.778841111251897,1.8802319737075126,3.224450013612861,37.74584258343495,44.71889973954238,51.49730353722619,58.86781287415964,-20.270109070885457,-7.630265017523041
2020-08-01,41.23238983262451,55.16971310503953,-13.937323272415018,1.7593727606530871,1.8611127460785397,3.1888024882711417,37.784019221744465,44.68076044350456,51.52193212272559,58.81749408735347,-20.187376149426456,-7.68727039540358
2020-08-02,41.241738637175764,55.13914245475886,-13.8974038175831,1.6231374336515114,1.7328258351717198,2.9684491616295667,38.0603892672188,44.423088007132726,51.74280381782229,58.53548109169543,-19.71556417437705,-8.07924346078915
2020-08-03,41.190475079476926,55.19500033318961,-14.00452525371269,1.629083140352485,1.711740071683388,2.974519564765573,37.99747212438606,44.383478034567794,51.83998979269017,58.550010873689054,-19.83458360065321,-8.174466906772167
2020-08-04,41.27448211624195,55.101730710602034,-13.827248594360084,1.6188762674910733,1.7129028717256274,2.99454084043322,38.101484631959444,44.44747960052445,51.744441082019804,58.459020339184264,-19.696548641609194,-7.9579485471109725
2020-08-05,41.22086208273764,55.10855992758191,-13.88769784484427,1.5846574387392278,1.6707165323513087,2.9125614326561635,38.11493350280875,44.326790662666525,51.83395552417334,58.383164330990475,-19.596318252850352,-8.17907743683819
2020-08-06,41.22778813995034,55.06442690987808,-13.836638769927735,1.5084031601572276,1.6186296231935173,2.803363065458197,38.271317946042174,44.18425833385851,51.891912848418784,58.236940971337376,-19.3312303782258,-8.342047161629669
2020-08-07,41.19633355252908,55.11543304086832,-13.919099488339238,1.5138626725004536,1.600810729942201,2.7866815470229396,38.22916271442819,44.163504390629974,51.977844010181606,58.25302207155503,-19.380995320504198,-8.457203656174277
2020-08-08,41.15990169853918,55.15204035064546,-13.992138652106274,1.5005709716668114,1.5887690356188915,2.7679227846863657,38.21878259407223,44.10102080300613,52.03805304083243,58.266027660458484,-19.41726731009155,-8.567009994120998
2020-08-09,41.30083785472503,54.929485280423094,-13.62864742569806,1.558117420475015,1.6795851967827546,2.9586139671654363,38.246927710594,44.35474799885606,51.63749829472889,58.221472266117296,-19.427530801342314,-7.8297640500538055
2020-08-10,41.28542949558457,55.066939301506395,-13.781509805921825,1.5258666431128443,1.660246211995499,2.896683074162037,38.294730875083395,44.27612811608575,51.81285672599522,58.32102187701757,-19.459008631279417,-8.104010980564233
2020-08-11,41.31089756426623,54.94857116987006,-13.637673605603828,1.4092328743025408,1.5009111928232866,2.640751546380414,38.54880113063325,44.072993997899204,52.00678523193641,57.8903571078037,-18.81354663650944,-8.461800574698216
2020-08-12,41.407826152487104,54.68501007771477,-13.277183925227666,1.3323791262626756,1.7431888765010841,2.7097206750958622,38.79636306501226,44.01928923996195,51.268359879772646,58.1016602756569,-18.588236448415557,-7.966131402039776
2020-08-13,41.39537285449054,54.70978803567981,-13.314415181189267,1.3010589062689089,1.7413953975050462,2.6778129727090154,38.84529739820348,43.9454483107776,51.296653056569916,58.1229230147897,-18.562928607698936,-8.065901754679597
2020-08-14,41.39309511513656,54.73814883074899,-13.345053715612432,1.2890285065807225,1.7388070580657409,2.6724453775748676,38.866599242238344,43.91959098803478,51.33008699694014,58.14621066455784,-18.58304665565917,-8.107060775565692
2020-08-15,41.61104032507785,54.64862409440941,-13.037583769331562,1.4010329852048757,1.7099879164161775,2.7694538495895986,38.8650156740763,44.35706497607941,51.297047778233704,58.00020041058512,-18.465713314527175,-7.609454224135948
2020-08-16,41.628021305538354,54.59049600815339,-12.962474702615037,1.3930624928079975,1.758931443781814,2.8331377980464514,38.89761881963468,44.35842379144203,51.14299037834103,58.03800163796574,-18.51542478678608,-7.409524618443992
2020-08-17,41.56867850985455,54.62199242545227,-13.053313915597723,1.3831389094254445,1.7283302453197005,2.7916851465329664,38.857726247380675,44.279630772328424,51.23446514462566,58.00951970627888,-18.525016802802337,-7.581611028393109
2020-08-18,41.49572752934588,54.67565807228376,-13.179930542937878,1.3777097706177266,1.648197859829818,2.703162543569331,38.79541637893514,44.19603867975662,51.44519026701732,57.9061258775502,-18.47812912833377,-7.881731957541989
2020-08-19,41.597318360746186,54.64380801648452,-13.046489655738332,1.847374170603466,2.029054330661902,3.624196329815308,37.976464986363396,45.218171735128976,50.666861528387194,58.620754504581846,-20.149914462176334,-5.943064849300329
2020-08-20,41.668532547848486,54.58973305430086,-12.92120050645237,1.8275972868088726,2.0676139126685613,3.682616395497496,38.086441865703094,45.25062322999388,50.53720978547048,58.642256323131235,-20.13912864162746,-5.703272371277278
2020-08-21,41.64318699956299,54.63460229729124,-12.991415297728247,1.8045471290026993,2.0900745827810234,3.682536520126605,38.1062746267177,45.180099372408286,50.53805611504043,58.73114847954204,-20.209186877176393,-5.773643718280101
2020-08-22,41.72298781005736,54.62019930445012,-12.897211494392762,1.8385459004015927,2.0859599511851714,3.719084885761814,38.11943784527024,45.32653777484448,50.53171780012718,58.70868080877305,-20.186617870485918,-5.6078051182996065
2020-08-23,41.78323595135953,54.579762269112116,-12.796526317752587,1.743268300508331,1.9953154145628607,3.548739821211595,38.3664300823632,45.20004182035586,50.66894405656891,58.49058048165532,-19.752056367327313,-5.840996268177861
2020-08-24,41.81454550359066,54.629772720885434,-12.815227217294774,1.700240379009207,1.9349091290947624,3.433699217321058,38.48207436073261,45.147016646448705,50.8373508278597,58.42219461391117,-19.54527768324405,-6.085176751345501
2020-08-25,41.802938995492845,54.60301616594883,-12.80007717045598,1.6562854323218785,1.7964613025157103,3.231938909391597,38.55661954814196,45.04925844284373,51.08195201301804,58.12408031887962,-19.134677432863512,-6.4654769080484495
2020-08-26,41.81181997510261,54.44344057585308,-12.631620600750477,1.604854862641854,1.8903003761163601,3.261715430240994,38.666304444324574,44.95733550588064,50.738451838665014,58.14842931304115,-19.024582844022824,-6.238658357478129
2020-08-27,41.76343095084524,54.4760920348447,-12.712661083999453,1.587505397179993,1.857384211710104,3.2063273505770895,38.65192037237245,44.87494152931803,50.83561897989289,58.1165650897965,-18.997062691130548,-6.428259476868358
2020-08-28,41.84877176509263,54.468354449585874,-12.619582684493245,1.6224882653563844,1.8542550195641934,3.2322618168767656,38.668694764994115,45.02884876519114,50.83401461124006,58.10269428793169,-18.954815845571705,-6.284349523414785
2020-08-29,41.94573677641099,54.37924998998631,-12.433513213575324,1.6752801867177152,1.8376826669038004,3.2637032635927845,38.66218761044427,45.22928594237771,50.777391962854864,57.98110801711776,-18.83037161021718,-6.036654816933466
2020-08-30,42.12328236887385,54.2491725115183,-12.12589014264445,1.5512529777354953,1.6477772323990205,2.943837684214548,39.08282653251228,45.163738205235425,51.019529136016224,57.47881588702038,-17.89581200370496,-6.355968281583936
2020-08-31,42.67128965128742,53.938432605712244,-11.267142954424832,1.9820982592842407,1.6703262649720594,3.3597172398385236,38.786377063090306,46.55620223948453,50.66459312636701,57.21227208505748,-17.85218874450834,-4.682097164341326
2020-09-01,42.57667629123642,53.84458073419653,-11.267904442960122,1.904677224145684,1.6184659743159289,3.1977733634040724,38.843508931910876,46.30984365056196,50.67238742453731,57.016774043855754,-17.535540235232105,-5.00026865068814
2020-09-02,42.596696935996775,53.77419011607863,-11.177493180081855,1.857491619928439,1.592839597027801,3.1250087061323932,38.956013360937035,46.237380511056514,50.65222450590414,56.89615572625312,-17.302510244101345,-5.052476116062365
2020-09-03,42.78515369829483,53.614537036131225,-10.829383337836399,1.972806833027786,1.7998676035376884,3.4780710048599235,38.918452305560365,46.65185509102929,50.08679653319736,57.14227753906509,-17.64640250736185,-4.012364168310949
2020-09-04,42.776367292837875,53.61227873878416,-10.835911445946293,1.9576098777741973,1.7829086548036477,3.4475726947583234,38.93945193240045,46.6132826532753,50.117777775369014,57.10677970219931,-17.593153927672606,-4.078668964219979
2020-09-05,42.74002909084915,53.65197416389297,-10.911945073043826,1.9403839629219473,1.794725690682064,3.4456639911435496,38.93687652352213,46.54318165817617,50.13431181015613,57.16963651762982,-17.665446495685185,-4.158443650402469
2020-09-06,42.6984731802811,53.66400355047932,-10.96553037019822,1.8298234962522795,1.6970718957848645,3.2452272126058808,39.11201912762663,46.284927232935566,50.33774263474099,56.99026446621765,-17.326175706905744,-4.604885033490694
2020-09-07,42.636825647498426,53.75268776332904,-11.115862115830618,1.802722992477275,1.6993305447856832,3.2286970483657993,39.10348858224297,46.170162712753886,50.421999895549106,57.08337563110898,-17.444108330627586,-4.787615901033651
2020-09-08,42.49859019904089,53.82445466955987,-11.325864470518983,1.725664250641252,1.6354707098013304,3.1073721455026146,39.116288267784036,45.880892130297745,50.61893207834926,57.02997726077048,-17.41631387570411,-5.235415065333858
2020-09-09,42.489027320819204,53.84289519818736,-11.353867877368153,1.7068266111003794,1.6481908931679965,3.1072568993989056,39.14364716306246,45.83440747857595,50.61244104757808,57.07334934879663,-17.444091400190008,-5.263644354546297
2020-09-10,42.62042968223491,53.73070322109428,-11.110273538859374,1.7181575576177652,1.6601418291878347,3.1151183026435447,39.25284086930409,45.988018495165726,50.476825235886125,56.98458120630244,-17.215905412040723,-5.004641665678027
2020-09-11,42.6501117222832,53.70039144372365,-11.050279721440457,1.7435427028976942,1.6511782275775533,3.1368434414084114,39.23276802460372,46.06745541996268,50.46408211767165,56.936700769775655,-17.198492866600944,-4.902066576279971
2020-09-12,42.641517794451104,53.73779294410596,-11.096275149654861,1.7134210990637389,1.6341079740243807,3.0894506364009766,39.28321244028618,45.99982314861603,50.53494131501817,56.94064457319375,-17.151598397000775,-5.040951902308947
2020-09-13,42.63002309019594,53.79504419865305,-11.165021108457115,1.6241794206707871,1.5371885595698438,2.8866673319218776,39.4466314256812,45.813414754710685,50.78215462189616,56.80793377540994,-16.822889079023994,-5.507153137890235
2020-09-14,42.678976757962324,53.74455655607414,-11.065579798111813,1.7525391060474007,1.8402038772156588,3.371066939796982,39.24400011010942,46.11395340581523,50.137756956731444,57.35135615541683,-17.672871000113897,-4.458288596109728
2020-09-15,42.75575708183126,53.6437794076383,-10.888022325807032,1.7483237787920825,1.8970912813084855,3.4367277041362634,39.32904247539878,46.182471688263746,49.925480496273664,57.36207831900293,-17.624008625914108,-4.152036025699956
2020-09-16,42.7299797653779,53.647460213935595,-10.9174804485577,1.6798840389973608,1.8250067414022082,3.278393548289381,39.43740704894307,46.022552481812724,50.07044700078727,57.22447342708392,-17.343131803204887,-4.491829093910514
2020-09-17,42.77727779240198,53.52139499641159,-10.744117204009607,1.7489615950044175,1.9557472232598314,3.482167691806562,39.349313066193325,46.20524251861064,49.68813043882232,57.354659554000854,-17.569165879950468,-3.9190685280687454
2020-09-18,42.81852373614712,53.4855382665292,-10.667014530382078,1.781640287419108,1.9409475942969519,3.5015802160513765,39.32650877280567,46.310538699488575,49.68128098170717,57.289795551351226,-17.530111753842775,-3.80391730692138
2020-09-19,42.83122109714597,53.492154487932105,-10.660933390786138,1.7663848027189113,1.9053407256594395,3.4414079059518032,39.369106883816904,46.29333531047504,49.7576866656396,57.226622310224606,-17.406092886451674,-3.915773895120603
2020-09-20,42.54278731954457,53.68486470236784,-11.142077382823269,1.8916464234397665,1.7936950263929121,3.408841539526672,38.83516032960263,46.250414309486516,50.16922245063773,57.200506954097946,-17.823406800295544,-4.460747965350992
2020-09-21,42.799868737754615,53.55221591245107,-10.752347174696448,1.9351308425129574,1.748681777816086,3.4094884466713515,39.007012286429216,46.592725189080014,50.12479962793154,56.9796321969706,-17.434944530172295,-4.069749819220599
2020-09-22,42.86388407781605,53.60770063662085,-10.743816558804795,1.939762378078804,1.9053074435053459,3.4944012317354205,39.0619498167816,46.66581833885051,49.87329804735037,57.34210322589133,-17.59284297300622,-3.8947901446033715
2020-09-23,43.01171479963116,53.610441163016695,-10.598726363385543,1.9604861002552105,1.9072729700889584,3.477031680776006,39.169162043130946,46.85426755613137,49.87218614164234,57.34869618439105,-17.413708457706516,-3.783744269064571
2020-09-24,43.31763785653724,53.364550754199136,-10.046912897661901,1.9263009220176064,1.8208224795322359,3.3950265364293757,39.54208804938273,47.09318766369175,49.79573869431596,56.933362814082315,-16.70116490906348,-3.392660886260325
2020-09-25,43.3636677878041,53.297356360325175,-9.933688572521074,1.8831245813991968,1.7749766141114685,3.3234491635935144,39.67274360826167,47.054591967346525,49.818402196666696,56.77631052398365,-16.447648933164363,-3.4197282118777865
2020-09-26,43.294183448074236,53.364912961734014,-10.07072951365978,1.9189244883067038,1.84399333162229,3.442784311804466,39.5330914509931,47.055275445155374,49.75068603175433,56.9791398917137,-16.81858676479653,-3.3228722625230267
2020-09-27,43.243067396479695,53.45779569932939,-10.214728302849695,1.8869236942926861,1.9120984428433483,3.4105571740464566,39.54469695566603,46.94143783729336,49.710082751356424,57.20550864730235,-16.89942036398075,-3.5300362417186397
2020-09-28,43.438920587255254,53.332026026600126,-9.893105439344868,2.0541433231460933,1.9388636896888387,3.627404915901894,39.41279967388891,47.465041500621595,49.531853194810004,57.13219885839025,-17.00281907451258,-2.783391804177156
2020-09-29,43.36909607914253,53.42042502280859,-10.051328943666057,2.023244177746569,1.9116668153291148,3.542735600506504,39.403537490759255,47.334654667525804,49.67355806476352,57.167291980853655,-16.995090720658805,-3.1075671666733093
2020-09-30,43.289225148057334,53.46157253334582,-10.172347385288493,1.9448899963376758,1.8200470004014901,3.313170948890085,39.47724075523549,47.101209540879175,49.8942804125589,57.02886465413275,-16.66616244511306,-3.6785323254639266
2020-10-01,43.28842222048437,53.37162827630881,-10.083206055824443,1.988814957832949,2.031586327660424,3.6358826963542406,39.39034490313179,47.18649953783695,49.38971907409438,57.35353747852324,-17.209536140678754,-2.956875970970131
2020-10-02,43.33910712783309,53.313639377275834,-9.974532249442749,1.9896100343453234,2.0405884238893384,3.666862185743965,39.43947146051625,47.238742795149925,49.31408606645273,57.31319268809894,-17.16158213350092,-2.7874823653845775
2020-10-03,43.304741271684684,53.369487514563204,-10.064746242878524,1.9831151601029562,2.065033505257021,3.6898144747114756,39.41783555788289,47.19164698548648,49.322021844259446,57.41695318486696,-17.296782613313017,-2.832709872444032
2020-10-04,43.153344261311204,53.4704429213341,-10.317098660022893,1.916780897916593,1.9915989509229064,3.579023641572193,39.396453701394684,46.910234821227725,49.5669089775252,57.37397686514299,-17.331984997504392,-3.3022123225413944
2020-10-05,43.14001385294938,53.47209288728752,-10.332079034338138,1.8869660701813529,1.9550314895584022,3.5168998170088512,39.44156035539393,46.83846735050483,49.64023116775306,57.30395460682199,-17.225202675675487,-3.4389553930007892
2020-10-06,43.03505750064179,53.51781230542062,-10.482754804778828,1.8246892635846212,1.8471110781980358,3.3498238434514325,39.458666544015934,46.61144845726765,49.89747459215247,57.13815001868877,-17.048409537943634,-3.917100071614021
2020-10-07,42.95345089169292,53.54588089198413,-10.59243000029121,1.8586031766308,1.8223169423591004,3.356702952077775,39.310588665496546,46.59631311788929,49.9741396849603,57.11762209900797,-17.17156778636365,-4.0132922142187715
2020-10-08,42.81660265470299,53.651662016692,-10.835059361989009,1.8071199488000258,1.792073213834814,3.2685698444252442,39.27464755505494,46.35855775435104,50.139198517575764,57.16412551580824,-17.241456257062488,-4.42866246691553
2020-10-09,42.88650707929246,53.61307534743133,-10.726568268138868,1.7826047990183886,1.7527020331131025,3.2181877214698886,39.39260167321642,46.380412485368495,50.17777936252965,57.048371332333005,-17.03421620221985,-4.418920334057886
2020-10-10,42.893967156189134,53.634776590851864,-10.74080943466273,1.7582556927548063,1.7283179082838487,3.161805675899623,39.44778599838971,46.34014831398856,50.24727349061552,57.02227969108821,-16.93794855942599,-4.543670309899468
2020-10-11,42.85697110105725,53.65212373204266,-10.795152630985415,1.7145932724166801,1.6639540471996719,3.0463386151913148,39.49636828712055,46.21757391499394,50.3907737995313,56.91347366455402,-16.76597631676039,-4.824328945210438
2020-10-12,42.81733521633017,53.88620245365575,-11.068867237325573,1.7400327276026113,1.705065695073647,3.1076997336103926,39.40687107022905,46.22779936243129,50.5442736913114,57.228131216000094,-17.15995871520194,-4.977775759449204
2020-10-13,42.72458804880718,53.92328191525841,-11.19869386645123,1.6057450529224344,1.7953165545191183,3.013897863096658,39.57732774507921,45.871848352535146,50.40446146840094,57.442102362115875,-17.105933678120678,-5.29145405478178
2020-10-14,42.6947582953099,53.89975209386963,-11.204993798559729,1.5860380490763901,1.7702242283600123,2.959825116145089,39.58612371912018,45.803392871499625,50.430112606284005,57.369391581455254,-17.006251026204104,-5.403736570915354
2020-10-15,42.7099550559739,53.8859204620275,-11.175965406053603,1.5852382372197018,1.7026936005324576,2.883161361500362,39.60288811102328,45.81702200092452,50.548641004983885,57.223199919071114,-16.826961674594312,-5.524969137512894
2020-10-16,42.75762265143379,53.85763196116273,-11.100009309728938,1.6061905927980336,1.6940968314248064,2.904322766062581,39.60948908954965,45.905756213317936,50.53720217157011,57.178061750755354,-16.792481931211597,-5.407536688246279
2020-10-17,42.76480389607233,53.85395410739731,-11.089150211324975,1.5919239931454696,1.6788751526484984,2.8785978637250222,39.64463286950721,45.88497492263745,50.56335880820625,57.14454940658836,-16.731202024226018,-5.447098398423932
2020-10-18,42.65429032828381,53.78998158699765,-11.135691258713841,1.4474086916724764,1.5648787189176647,2.6056426816988774,39.817369292605754,45.49121136396186,50.722819297919024,56.85714387607627,-16.24275091484364,-6.028631602584041
2020-10-19,42.73852276090394,53.833736070274874,-11.095213309370934,1.4082691536027445,1.5071650743645055,2.486558454500902,39.978315219842564,45.49873030196532,50.87969252452044,56.787779616029304,-15.9688678801927,-6.221558738549166
2020-10-20,42.717621672416996,53.87837903034645,-11.160757357929457,1.668552873369519,1.4872124680087442,2.7336705910271157,39.44725804061274,45.987985304221255,50.963442593049315,56.79331546764359,-16.518751716342603,-5.80276299951631
2020-10-21,42.805820088252204,53.79431552140525,-10.988495433153052,1.722704951356845,1.5651182826430239,2.900537512397048,39.429318383592786,46.18232179291162,50.726683687424924,56.86194735538558,-16.673548957451267,-5.303441908854838
2020-10-22,42.90143606243858,53.6607781529015,-10.759342090462924,1.7170534716012944,1.6262842662602928,2.973740657761705,39.53601125810004,46.266860866777115,50.473260991031324,56.848295314771676,-16.587873779675867,-4.930810401249983
2020-10-23,43.05488413072154,53.62840470600302,-10.573520575281474,1.7425827287673714,1.6149607434895064,3.020637243481276,39.639421982337495,46.470346279105584,50.463081648763584,56.79372776324245,-16.493969572504774,-4.6530715780581735
2020-10-24,42.979221077911795,53.629447899009584,-10.65022682109779,1.7450386022007962,1.5639902879961087,2.973322474387987,39.55894541759824,46.39949673822535,50.56402693453721,56.69486886348196,-16.477938870898246,-4.822514771297336
2020-10-25,42.96900923836389,53.603856502335944,-10.634847263972055,1.7105093375651614,1.6107872792683742,2.9911289590417667,39.61641093673617,46.321607539991604,50.44671343496993,56.76099956970196,-16.497460023693918,-4.772234504250193
2020-10-26,43.19545877932662,54.058026920953225,-10.862568141626603,1.670840128520379,2.1973597912851397,3.1854066673354655,39.92061212742668,46.470305431226564,49.75120173003435,58.364852111872096,-17.105965209604115,-4.619171073649091
2020-10-27,43.33421676225135,53.96155109090873,-10.627334328657376,1.7921267398776302,2.3121534920820626,3.5679473528391847,39.821648352091195,46.84678517241151,49.42973024642789,58.49337193538957,-17.620511140222177,-3.634157517092574
2020-10-28,43.36273011517526,53.73079403299363,-10.368063917818361,1.7115181152287116,2.2534572624095275,3.4779788076327818,40.008154609326986,46.717305621023534,49.31401779867095,58.147570267316304,-17.184902380778613,-3.551225454858109
2020-10-29,43.60072155510548,53.615002843045204,-10.01428128793972,1.9863350770038912,2.2448149906213666,3.763651699578576,39.70750480417785,47.49393830603311,49.215165461427326,58.01484022466308,-17.39103861911373,-2.637523956765712
2020-10-30,43.594332289908905,53.615315382206056,-10.020983092297154,1.9715759024195516,2.2272553962196566,3.734456049959258,39.730043521166586,47.458621058651225,49.249894805615526,57.980735958796586,-17.3405169502173,-2.7014492343770087
2020-10-31,43.5055512395787,53.564655702490484,-10.05910446291178,1.9151028061440922,2.1472124920858806,3.571796218900338,39.75194973953628,47.25915273962112,49.356119218002156,57.77319218697881,-17.05982505195644,-3.0583838738671174
2020-11-01,43.499912703996344,53.555840238942885,-10.055927534946536,1.8420948571047635,2.044136545589363,3.4044305089283444,39.88940678407101,47.11041862392168,49.549332609587736,57.56234786829803,-16.72861133244609,-3.383243737446981
2020-11-02,43.71843784588875,53.35995256578619,-9.641514719897437,1.9044871919883226,2.137684244503019,3.5182931392531214,39.985642949591636,47.451232742185866,49.17009144656027,57.549813685012104,-16.537369272833555,-2.7456601669613185
2020-11-03,43.920322868648555,53.276503873575784,-9.356181004927226,2.005585416574876,2.072688410126708,3.5408303100869998,39.989375452161795,47.851270285135314,49.21403458972743,57.338973157424135,-16.296208412697744,-2.4161535971567067
2020-11-04,43.875985628288156,53.22839176378843,-9.352406135500273,1.948001547677638,2.0167942670895678,3.4167677183749845,40.05790259483999,47.694068661736324,49.27547500029288,57.18130852728398,-16.049270863515243,-2.6555414074853028
2020-11-05,43.88325903178132,53.12591190973487,-9.242652877953544,1.8897189938172112,2.0315373881817944,3.3714832960710694,40.17940980389959,47.587108259663054,49.14409862889855,57.10772519057119,-15.850760138252841,-2.634545617654248
2020-11-06,43.86016968405973,53.04280578536634,-9.182636101306608,1.8217743767453893,1.9936971144457452,3.2672044265616518,40.28949190563876,47.43084746248069,49.13515944105268,56.95045212968,-15.586356777367445,-2.7789154252457706
2020-11-07,43.8460927164746,53.055045060467855,-9.20895234399325,1.8058951024836118,1.9751307480099354,3.238906326779841,40.30653831560672,47.38564711734248,49.18378879436838,56.92630132656733,-15.557208744481738,-2.860695943504761
2020-11-08,43.83102507801317,53.043195519799745,-9.212170441786574,1.7887211285346483,1.9535232124441178,3.201994247610569,40.32513166608526,47.33691848994108,49.214290023409276,56.872101016190214,-15.48807916710329,-2.9362617164698586
2020-11-09,43.78227165002301,53.07385459924345,-9.291582949220436,1.7702200238557175,1.91764369820901,3.159915774076267,40.3126404032658,47.25190289678022,49.31527295075379,56.832436247733106,-15.485017866409919,-3.0981480320309522
2020-11-10,43.821760429460205,53.01388421129358,-9.192123781833372,1.959014217453499,1.9963319671591488,3.5022258154230514,39.98209256325135,47.66142829566906,49.10107355566165,56.92669486692551,-16.05648638006255,-2.327761183604191
2020-11-11,43.84222064831346,52.89882961187005,-9.056608963556588,1.971262526930891,2.0447437627557647,3.5716881559002,39.97854609552891,47.705895201098,48.89113183686875,56.906527386871346,-16.05711774912098,-2.056100177992197
2020-11-12,43.89718406629827,52.73576228802247,-8.838578221724196,1.9670884384784706,2.087035904697132,3.6496217478005146,40.04169072688047,47.75267740571608,48.64517191481609,56.82635266122885,-15.991836847413204,-1.685319596035188
2020-11-13,43.83749679113979,52.748539988958854,-8.911043197819062,1.9477974397159892,2.047431126512389,3.5883165354170843,40.01981380929645,47.65517977298313,48.73557498099457,56.761504996923136,-15.944143607236548,-1.877942788401577
2020-11-14,43.72308661910316,52.80213731823729,-9.079050699134136,1.9278736052150827,1.987784919488938,3.5340193558752877,39.94445435288159,47.50171888532472,48.906078876038976,56.69819576043561,-16.0057286366497,-2.1523727616185724
2020-11-15,43.64557687346984,52.82400124262896,-9.178424369159119,1.9515633901406397,1.9628483061080213,3.5303765440038926,39.82051262879419,47.470641118145494,48.976818562657236,56.67118392260068,-16.097962395406746,-2.25888634291149
2020-11-16,43.707887851291474,52.93140783792551,-9.223519986634038,1.9898138284773763,1.893708029160288,3.4546892959628908,39.80785274747582,47.60792295510713,49.21974010077135,56.64307557507968,-15.994711006721303,-2.452328966546772
2020-11-17,43.35191663581376,53.008614748992315,-9.656698113178555,2.2494490298472574,1.9268019320465721,3.812460868090662,38.942996537313135,47.76083673431438,49.23208296218103,56.7851465358036,-17.129121414636252,-2.184274811720857
2020-11-18,43.278894416411276,53.00629648577884,-9.727402069367564,2.210007108140745,1.8673761156830602,3.715270755839707,38.94728048445542,47.610508348367134,49.34623929904004,56.66635367251764,-17.00933275081339,-2.445471387921738
2020-11-19,43.52124998539497,52.67558213466768,-9.154332149272715,2.282493224163851,2.0972495678738845,4.061478532304975,39.04756326603382,47.994936704756114,48.56497298163487,56.78619128770049,-17.114830072590465,-1.193834225954964
2020-11-20,43.50470550237978,52.611022345078375,-9.106316842698597,2.2180848246825287,2.0352727206446724,3.9451083026158154,39.15725924600202,47.852151758757536,48.621887812614816,56.600156877541934,-16.838729115825593,-1.3739045695715992
2020-11-21,43.509828419412905,52.52527750157902,-9.015449082166112,2.201615958650358,2.033963136429055,3.9377085060640513,39.1946611404582,47.82499569836761,48.53870975417807,56.51184524897997,-16.733357754051653,-1.2975404102805719
2020-11-22,43.44225807665239,52.600239145408885,-9.157981068756497,2.1835399675103107,2.0221023201311414,3.9042436005124688,39.16251974033218,47.721996412972594,48.63691859795185,56.56355969286592,-16.810298525760935,-1.505663611752058
2020-11-23,43.29729847017277,52.79143141377129,-9.494132943598528,2.1720271205859407,2.056911677064307,3.917954927861683,39.040125313824326,47.55447162652121,48.75988452672525,56.82297830081733,-17.173324602207426,-1.8149412849896294
2020-11-24,43.21817215446758,52.98426512663289,-9.766092972165309,2.076462709841834,2.1787255533397674,3.871415939724903,39.14830524317759,47.28803906575757,48.713963042086945,57.25456721117884,-17.354068214026118,-2.178117730304499
2020-11-25,43.15715442732151,52.99940188980625,-9.842247462484742,2.075342311420988,2.147607165537927,3.8397912055136203,39.089483496936374,47.22482535770664,48.79009184535191,57.20871193426059,-17.36823822529144,-2.316256699678047
2020-11-26,43.093082459270875,53.015778234899535,-9.92269577562866,2.0720611625027963,2.1144305971584956,3.804581245607098,39.03184258076539,47.15432233777636,48.871494264468886,57.160062205330185,-17.37967501701857,-2.465716534238747
2020-11-27,43.02452077639944,53.03381416349296,-10.009293387093523,2.0661578835495007,2.078308310331006,3.7645302930761546,38.97485132464242,47.07419022815646,48.96032987524419,57.107298451741734,-17.387772761522786,-2.63081401266426
2020-11-28,42.951735313241535,53.053424325985844,-10.101689012744306,2.0572011176626237,2.0391790953207716,3.7192218970099913,38.91962112262279,46.98384950386028,49.056633299157134,57.050215352814554,-17.391363930883887,-2.8120140946047227
2020-11-29,42.86054537011769,53.12599997271026,-10.265454602592571,2.0207675042574644,1.996941345144755,3.6484523380478553,38.89984106177306,46.82124967846232,49.21199493622654,57.04000500919398,-17.416421185166367,-3.1144880200187757
2020-11-30,43.27790231893353,52.632284781537756,-9.354382462604228,2.229363770977032,2.2178054937264093,4.1699683979847055,38.90834932781854,47.647455310048514,48.28538601383399,56.97918354924152,-17.52752052265425,-1.1812444025542046
2020-12-01,42.94960446482664,52.93871654216261,-9.98911207733597,2.376870136792586,2.586951555022365,4.732613329432659,38.29093899671317,47.60826993294011,47.868291494318775,58.00914159000644,-19.26503420302398,-0.7131899516479585
2020-12-02,42.949028098369546,52.82813814026357,-9.879110041894027,2.324588355440666,2.560007501394439,4.655850651413984,38.39283492170584,47.50522127503325,47.81052343753047,57.84575284299667,-19.004577318665433,-0.7536427651226187
2020-12-03,42.893736420604796,52.83347857772901,-9.939742157124218,2.2530274469757923,2.4532967815401032,4.483854559539973,38.477802624532245,47.30967021667735,48.02501688591041,57.64194026954761,-18.728097093822562,-1.1513872204258728
2020-12-04,42.706564057047856,52.94744671984043,-10.240882662792572,2.294141327818001,2.4339376609607863,4.501802338611777,38.21004705452457,47.20308105957114,48.17692890435729,57.71796453532357,-19.064415246471654,-1.417350079113488
2020-12-05,42.55149384869029,53.05887722168638,-10.507383372996088,2.1615180432065357,2.274223482331181,4.225271665224325,38.31491848400548,46.7880692133751,48.60139919631727,57.51635524705549,-18.788915836835763,-2.225850909156412
2020-12-06,42.53266780021495,53.32308232940831,-10.790414529193354,2.115879566554702,2.236253423682579,4.108019283677377,38.385543849767735,46.67979175066217,48.940025618990454,57.70613903982616,-18.842132325201014,-2.7386967331856944
2020-12-07,43.15397311589464,52.705216894565694,-9.55124377867106,2.0703813895591163,2.09890674634252,3.9659283327210835,39.09602559235877,47.2119206394305,48.59135967173435,56.81907411739704,-17.324463310804383,-1.7780242465377363
2020-12-08,42.90077517629856,52.85821075846714,-9.957435582168575,2.006906301629843,1.9504246610658955,3.7674996842166686,38.96723882510407,46.83431152749305,49.03537842277798,56.681043094156294,-17.341734963233243,-2.573136201103905
2020-12-09,43.01722882340016,52.75328634942677,-9.736057526026615,2.003739918982725,1.888143621552965,3.6923610347750766,39.08989858219402,46.9445590646063,49.05252485118296,56.45404784767059,-16.973085154185764,-2.499029897867465
2020-12-10,42.9359394063784,52.76044954413217,-9.82451013775377,2.001148228595247,1.8719901113028765,3.6677759484576953,39.01368887833172,46.858189934425084,49.09134892597854,56.42955016228581,-17.01335099673085,-2.635669278776687
2020-12-11,42.86979340772843,52.77725616382931,-9.907462756100882,2.0229666101033406,1.8517595384278907,3.663971344798946,38.90477885192588,46.83480796353098,49.14780746851064,56.40670485914797,-17.088846591906815,-2.726078920294948
2020-12-12,42.79956865851285,52.79558897247603,-9.996020313963184,2.0432780395848122,1.8301739318155494,3.657963354450155,38.79474370092662,46.80439361609908,49.208448066117555,56.38272987883451,-17.16562848868549,-2.8264121392408805
2020-12-13,42.74494862437009,52.86279000616735,-10.117841381797266,1.9883799907614677,1.8014105021956823,3.5653411368503187,38.84772384247761,46.642173406262565,49.33202542186381,56.39355459047089,-17.10591001002389,-3.1297727535706414
2020-12-14,42.68746126184556,52.94347844895496,-10.256017187109403,1.881287554042239,1.7607944561788544,3.4112632827001197,39.00013765592278,46.37478486776835,49.49232131484441,56.394635583065515,-16.942093221201638,-3.5699411530171687
2020-12-15,42.62099987785102,53.173774181494316,-10.552774303643298,1.7752666505433092,1.8206355131980705,3.316498648642178,39.14147724278613,46.10052251291591,49.605328575626096,56.74221978736254,-17.05311165498197,-4.05243695230463
2020-12-16,42.67317833131576,53.057050640269665,-10.383872308953906,1.8107541652457955,1.8554325324924392,3.3923675651581475,39.124100167434,46.22225649519752,49.42040287658448,56.69369840395485,-17.032912736663874,-3.734831881243937
2020-12-17,42.46165837338701,53.19714299962478,-10.735484626237774,1.8054278708626468,1.83617664251666,3.390199996590129,38.92301974649622,46.0002970002778,49.598236780292126,56.796049218957435,-17.380276619554426,-4.0906926329211215
2020-12-18,42.42871556442687,53.2058784264491,-10.777162862022225,1.7919306590237352,1.8096842486420515,3.352598561396602,38.916531472740346,45.94089965611339,49.65889729911068,56.752859553787516,-17.348256042359566,-4.206069681684885
2020-12-19,42.29596857479017,53.34534335673771,-11.049374781947533,1.8134481994056797,1.864758326272218,3.4286067274759033,38.74161010395504,45.850327045625306,49.69041703724416,57.000269676231255,-17.769443967800303,-4.329305596094763
2020-12-20,42.41557107272855,53.28600832094163,-10.87043724821309,1.740909649493311,1.7673047942253366,3.264146265808628,39.00338815972166,45.827753985735434,49.822090924259975,56.74992571762329,-17.268163929198003,-4.472710567228178
2020-12-21,42.35165592633588,53.29046077445481,-10.938804848118924,1.7579340853985268,1.739579507110608,3.243801433676638,38.90610511895477,45.79720673371699,49.880884940518015,56.7000366083916,-17.296655658125133,-4.580954038112713
2020-12-22,42.188205299413085,53.33415639319128,-11.145951093778192,1.7998798227359616,1.569488901721058,3.0895242440685267,38.6604408468506,45.71596975197557,50.25795814581801,56.41035464056455,-17.201418612152505,-5.09048357540388
2020-12-23,42.11530368205542,53.387722948586806,-11.272419266531388,1.795617927159559,1.5721710685158705,3.081913662717929,38.59589254482268,45.634714819288156,50.3062676542957,56.46917824287791,-17.312970045458528,-5.231868487604247
2020-12-24,42.05721263020248,53.4240508939764,-11.366838263773923,1.8005343555057298,1.5608368591920865,3.0843299300136744,38.52816529341125,45.58625996699371,50.36481064995991,56.48329113799289,-17.412124926600725,-5.321551600947122
2020-12-25,41.99497071485331,53.46293594042015,-11.467965225566846,1.8034115020227304,1.5478311884318618,3.0832727750972477,38.460284170888755,45.52965725881786,50.4291868110937,56.496685069746604,-17.51117986475745,-5.424750586376241
2020-12-26,41.916308441775804,53.58518989255916,-11.668881450783347,1.7877814151580755,1.6070064277848675,3.1161783223445143,38.412256868065974,45.420360015485635,50.435457294100814,56.7349224910175,-17.776590962578595,-5.5611719389881
2020-12-27,41.85255308100522,53.62099821834782,-11.768445137342606,1.786122230192971,1.5863481428701907,3.1024211999028934,38.351753509827,45.35335265218344,50.511755858322246,56.7302405783734,-17.849190689152277,-5.687699585532935
2020-12-28,41.78361005156051,53.65996522410004,-11.876355172539537,1.7814372248964323,1.5632017428127132,3.083616578064811,38.2919930907635,45.27522701235752,50.596089808187124,56.72384064001296,-17.920243665546565,-5.832466679532508
2020-12-29,41.71148265171106,53.70092357141205,-11.98944091970099,1.773399770245642,1.5378893145607802,3.0595464767408864,38.2356191020296,45.187346201392515,50.68666051487292,56.71518662795118,-17.986152014113127,-5.992729825288852
2020-12-30,41.57531655801942,53.812895123377636,-12.237578565358218,1.819989863762976,1.5358453038574214,3.1178062645988898,38.00813642504399,45.142496690994854,50.80263832781709,56.82315191893818,-18.348478843972043,-6.1266782867443945
2020-12-31,41.56113727159744,53.79776346407479,-12.23662619247735,1.77668196259423,1.498666454940335,3.041527869036576,38.07884062491275,45.043433918282126,50.86037721239173,56.73514971575785,-18.19802081578904,-6.275231569165662
2021-01-01,41.546233016713416,53.727591631879,-12.18135861516559,1.7320751317475076,1.4854563047844462,2.968731355463211,38.1513657584883,44.94110027493853,50.81609727450149,56.639085989256515,-18.000072071873483,-6.362645158457697
2021-01-02,41.55574588566018,53.77794971454565,-12.222203828885469,1.6618248974377403,1.5684831014003207,2.8928221766465536,38.29856908668221,44.81292268463815,50.70372283580102,56.85217659329028,-17.892135295112716,-6.552272362658224
2021-01-03,42.43126387268731,52.909914195620274,-10.478650322932964,2.3688368925013528,2.1651403845538635,4.342706045829723,37.78834356338466,47.07418418198996,48.6662390418947,57.15358934934585,-18.99035417275922,-1.9669464731067077
2021-01-04,42.37194219842888,52.884914025633876,-10.512971827204996,2.324030638131746,2.1082356340940804,4.2339596922648495,37.816842147690664,46.9270422491671,48.75277218280948,57.01705586845827,-18.8115328240441,-2.2144108303658907
2021-01-05,41.99283681725848,53.43928150054736,-11.446444683288885,2.262354106893195,2.1613526259825657,4.2212784890787765,37.55862276774781,46.42705086676914,49.20303035362153,57.67553264747319,-19.720150521883287,-3.172738844694482
2021-01-06,42.08921413795787,53.26971782592803,-11.180503687970164,2.1636726206818544,2.0691521744982424,4.034110041135969,37.84841580142143,46.3300124744943,49.21417956391148,57.32525608794459,-19.087359368596665,-3.273648007343664
2021-01-07,41.72253836709511,53.85798191233918,-12.135443545244069,2.180016805270514,2.716898764303371,4.672027705126724,37.4497054287649,45.99537130542532,48.53286033430457,59.18310349037378,-21.292617847292448,-2.9782692431956903
2021-01-08,41.74844457531026,53.711042850257805,-11.962598274947545,2.1358879003640965,2.6905927325114942,4.624599066067974,37.56210429059663,45.93478486002389,48.43748109453527,58.98460460598034,-21.026812444440775,-2.8983841054543156
2021-01-09,41.652937806668696,53.741952919195356,-12.089015112526662,2.1558389807139386,2.644693138274253,4.587933408106721,37.427493404469374,45.87838220886802,48.55835436817782,58.925551470212895,-21.081364592415838,-3.096665632637487
2021-01-10,40.767584120079846,54.71655099551069,-13.94896687543084,2.7622931657332006,2.956229396777982,5.4654854930709265,35.35348951524277,46.18167872491692,48.922341377825845,60.51076061319553,-24.661318441849858,-3.236615309011823
2021-01-11,39.98050743285465,55.525163718068654,-15.544656285214005,2.9413491004582664,3.1639995344646286,5.899299535709437,34.215463195956445,45.74555166975286,49.32372463051798,61.72660280561933,-27.107283375204503,-3.982029195223509
2021-01-12,38.592641531468516,56.962853253229476,-18.370211721760956,3.7614046694462333,3.9550659627412874,7.5794425259210865,31.2202883793539,45.964994683583136,49.21092396625655,64.71478254020239,-33.225919072566285,-3.5145043709556276
2021-01-13,38.69214535766946,57.102569671283504,-18.410424313614048,3.521151285795508,3.631680560623137,6.980629156244843,31.790688837510267,45.593601877828654,49.984475772462154,64.22066357010485,-32.09245745985394,-4.728391167374156
2021-01-14,38.650623011290705,57.09245613425494,-18.44183312296424,3.5747591590473604,3.6895429361723786,7.112992672351617,31.644095059557877,45.65715096302353,49.860951979357075,64.3239602891528,-32.383298760773414,-4.500367485155071
2021-01-15,38.58335399597741,57.323836663025745,-18.740482667048333,3.459198350744667,3.615282481437618,6.750562124481093,31.803325228517863,45.36338276343696,50.237882999408015,64.40979032664347,-31.971584431031275,-5.50938090306539
2021-01-16,38.51260545524874,57.35230600266622,-18.839700547417483,3.459138963795459,3.5824361312618667,6.715349198518737,31.73269308620964,45.29251782428784,50.33073118539296,64.37388081993947,-32.00178497651421,-5.677616118320758
2021-01-17,38.40805074522643,57.45877422760186,-19.05072348237542,3.382701480222004,3.468309286481303,6.536509877243969,31.777955843991307,45.03814564646156,50.660888026098505,64.25666042910521,-31.8622828417736,-6.239164122977243
2021-01-18,38.55045386944719,57.29450971455362,-18.744055845106427,3.5477393168403704,3.648423711841919,6.905835132527637,31.596884808440063,45.50402293045431,50.14359923934346,64.44542018976378,-32.279492704860594,-5.20861898535226
2021-01-19,38.71093944327419,57.15312665466187,-18.442187211387676,3.609877800109309,3.538589727452013,6.919072101444632,31.635578955059948,45.786299931488436,50.217490788855926,64.08876252046781,-32.003568530219155,-4.880805892556197
