end_date,dem,rep,net,dem_std,rep_std,net_std,dem_lower_ci,dem_upper_ci,rep_lower_ci,rep_upper_ci,net_lower_ci,net_upper_ci
2018-11-14,50.50323532521011,41.62739553246057,-8.875839792749545,0,0,0,50.50323532521011,50.50323532521011,41.62739553246057,41.62739553246057,-8.875839792749545,-8.875839792749545
2018-11-15,49.98405653036422,42.14657432730645,-7.837482203057769,0.49963203843254417,0.4996320384325442,0.9992640768650884,49.004777735036434,50.96333532569201,41.16729553197867,43.12585312263424,-9.796039793713343,-5.878924612402196
2018-11-16,49.81133626352638,41.960075273144334,-7.851260990382045,0.4617085120775923,0.471172930910032,0.8001103433116088,48.9063875798543,50.71628494719846,41.03657632856067,42.883574217728,-9.419477263272798,-6.283044717491292
2018-11-17,49.811336263526385,41.96007527314434,-7.851260990382045,0.4617085120775923,0.471172930910032,0.8001103433116088,48.906387579854304,50.71628494719847,41.03657632856068,42.883574217728004,-9.419477263272798,-6.283044717491292
2018-11-18,49.811336263526385,41.96007527314434,-7.851260990382045,0.4617085120775923,0.471172930910032,0.8001103433116089,48.906387579854304,50.71628494719847,41.03657632856068,42.883574217728004,-9.419477263272798,-6.283044717491292
2018-11-19,49.81133626352638,41.960075273144334,-7.851260990382045,0.4617085120775923,0.471172930910032,0.8001103433116088,48.9063875798543,50.71628494719846,41.03657632856067,42.883574217728,-9.419477263272798,-6.283044717491292
2018-11-20,49.811336263526385,41.96007527314434,-7.851260990382045,0.4617085120775923,0.471172930910032,0.8001103433116088,48.906387579854304,50.71628494719847,41.03657632856068,42.883574217728004,-9.419477263272798,-6.283044717491292
2018-11-21,49.7049695183673,42.190456538291045,-7.514512980076259,0.40129478998412393,0.4960073684368506,0.79639069145176,48.91843172999842,50.49150730673618,41.218282096154816,43.162630980427274,-9.07543873532171,-5.95358722483081
2018-11-22,49.37864072041395,42.037558316493474,-7.341082403920472,0.6348055196406212,0.4918630649146997,0.7366811945720695,48.13442190191833,50.622859538909566,41.07350670926066,43.001609923726285,-8.784977545281729,-5.897187262559216
2018-11-23,49.40689018038346,41.9445616962347,-7.462328484148764,0.5606533048990645,0.4653727412848022,0.6854116111208729,48.3080097027813,50.50577065798563,41.032431123316485,42.856692269152916,-8.805735241945674,-6.118921726351854
2018-11-24,49.406890180383456,41.9445616962347,-7.462328484148764,0.5606533048990645,0.4653727412848022,0.6854116111208729,48.30800970278129,50.50577065798562,41.032431123316485,42.856692269152916,-8.805735241945674,-6.118921726351854
2018-11-25,49.40689018038346,41.9445616962347,-7.462328484148765,0.5606533048990645,0.46537274128480227,0.6854116111208729,48.3080097027813,50.50577065798563,41.032431123316485,42.856692269152916,-8.805735241945676,-6.118921726351854
2018-11-26,49.406890180383456,41.9445616962347,-7.462328484148764,0.5606533048990645,0.4653727412848022,0.6854116111208728,48.30800970278129,50.50577065798562,41.032431123316485,42.856692269152916,-8.805735241945674,-6.118921726351854
2018-11-27,49.40689018038347,41.9445616962347,-7.462328484148765,0.5606533048990645,0.4653727412848022,0.6854116111208729,48.308009702781305,50.505770657985636,41.032431123316485,42.856692269152916,-8.805735241945676,-6.118921726351854
2018-11-28,49.181249908263155,41.865366128267965,-7.315883779995188,0.623563634806756,0.42584103998847894,0.6456981299086753,47.95906518404191,50.4034346324844,41.030717689890544,42.700014566645386,-8.58145211461619,-6.050315445374185
2018-11-29,49.02954905195184,41.81212192959847,-7.217427122353376,0.6177989896326842,0.38807545057417314,0.5977235394930992,47.81866303227178,50.2404350716319,41.05149404647309,42.57274981272385,-8.38896525975985,-6.0458889849469015
2018-11-30,48.92277863207691,42.183174411597804,-6.739604220479114,0.5907977176164062,0.8095774477969238,1.08457378781066,47.764815105548756,50.08074215860507,40.596402613915835,43.76994620927977,-8.865368844588009,-4.61383959637022
2018-12-01,48.92277863207692,42.183174411597804,-6.739604220479115,0.5907977176164062,0.8095774477969239,1.08457378781066,47.76481510554876,50.08074215860508,40.596402613915835,43.76994620927977,-8.865368844588009,-4.613839596370221
2018-12-02,48.58742872174018,42.04659227093884,-6.540836450801348,0.7308731307651111,0.718806518624019,0.970845406672892,47.15491738544056,50.0199400580398,40.63773149443576,43.455453047441914,-8.443693447880216,-4.63797945372248
2018-12-03,48.58742872174018,42.04659227093883,-6.540836450801347,0.730873130765111,0.718806518624019,0.970845406672892,47.15491738544056,50.0199400580398,40.637731494435755,43.45545304744191,-8.443693447880214,-4.637979453722479
2018-12-04,48.58742872174018,42.04659227093884,-6.540836450801347,0.7308731307651111,0.718806518624019,0.970845406672892,47.15491738544056,50.0199400580398,40.63773149443576,43.455453047441914,-8.443693447880214,-4.637979453722479
2018-12-05,48.37636968274987,42.144290479474684,-6.232079203275186,0.78138629606855,0.6818457446480991,1.0799892738692543,46.84485254245551,49.90788682304422,40.80787281996441,43.48070813898496,-8.348858180058924,-4.115300226491447
2018-12-06,48.391689035013854,42.048138683010784,-6.343550352003075,0.7122986170443218,0.6461425595002652,1.0046390558365295,46.995583745606986,49.78779432442072,40.78169926639026,43.314578099631305,-8.312642901442672,-4.3744578025634775
2018-12-07,48.40355488933444,41.97644625740404,-6.427108631930398,0.6548962658421982,0.6084629804773763,0.9359472141525976,47.11995820828373,49.68715157038515,40.78385881566838,43.1690336991397,-8.26156517166949,-4.592652092191307
2018-12-08,48.40355488933444,41.97644625740404,-6.427108631930398,0.6548962658421982,0.6084629804773763,0.9359472141525975,47.11995820828373,49.68715157038515,40.78385881566838,43.1690336991397,-8.261565171669488,-4.592652092191307
2018-12-09,47.57031231776398,41.96485232924466,-5.605459988519323,1.5472303131320557,0.5322862925901335,1.6238516225768267,44.53774090402515,50.60288373150281,40.921571195767996,43.00813346272132,-8.788209168769903,-2.422710808268743
2018-12-10,47.57031231776397,41.96485232924465,-5.605459988519323,1.5472303131320557,0.5322862925901335,1.6238516225768265,44.53774090402514,50.6028837315028,40.92157119576799,43.00813346272131,-8.788209168769903,-2.4227108082687434
2018-12-11,47.570312317763985,41.96485232924466,-5.605459988519323,1.547230313132056,0.5322862925901335,1.6238516225768267,44.537740904025156,50.602883731502814,40.921571195767996,43.00813346272132,-8.788209168769903,-2.422710808268743
2018-12-12,47.53274490275015,41.91061094684495,-5.622133955905206,1.4324927790714785,0.4999981901286266,1.5036323630791129,44.72505905577005,50.34043074973025,40.93061449419284,42.89060739949706,-8.569253387540268,-2.675014524270145
2018-12-13,47.53274490275015,41.91061094684494,-5.622133955905206,1.4324927790714785,0.4999981901286266,1.5036323630791129,44.72505905577005,50.34043074973025,40.93061449419283,42.89060739949705,-8.569253387540268,-2.675014524270145
2018-12-14,47.58314585444675,41.76620975272849,-5.816936101718251,1.4050853693427803,0.7505154094585423,1.6538434330485938,44.8291785305349,50.3371131783586,40.29519955018975,43.237219955267236,-9.058469230493495,-2.575402972943007
2018-12-15,47.58314585444675,41.7662097527285,-5.816936101718252,1.4050853693427803,0.7505154094585424,1.6538434330485938,44.8291785305349,50.3371131783586,40.29519955018976,43.23721995526724,-9.058469230493495,-2.575402972943008
2018-12-16,47.58314585444675,41.7662097527285,-5.816936101718252,1.4050853693427803,0.7505154094585423,1.6538434330485938,44.8291785305349,50.3371131783586,40.29519955018976,43.23721995526724,-9.058469230493495,-2.575402972943008
2018-12-17,47.549202826103254,41.73387242191206,-5.815330404191193,1.2622689821915454,0.6739106379100359,1.4872370119944114,45.07515562100782,50.023250031198685,40.41300757160839,43.05473727221573,-8.73031494770024,-2.9003458606821466
2018-12-18,47.549202826103254,41.73387242191206,-5.815330404191193,1.2622689821915454,0.6739106379100359,1.4872370119944114,45.07515562100782,50.023250031198685,40.41300757160839,43.05473727221573,-8.73031494770024,-2.9003458606821466
2018-12-19,47.33968090846827,41.712313234610136,-5.627367673858132,1.2223303940261894,0.6154358965997216,1.4086717287448798,44.943913336176934,49.7354484807596,40.50605887727468,42.91856759194559,-8.388364262198097,-2.866371085518168
2018-12-20,47.33968090846827,41.712313234610136,-5.627367673858132,1.2223303940261894,0.6154358965997216,1.4086717287448798,44.943913336176934,49.7354484807596,40.50605887727468,42.91856759194559,-8.388364262198097,-2.866371085518168
2018-12-21,47.33968090846827,41.712313234610136,-5.627367673858132,1.2223303940261894,0.6154358965997216,1.4086717287448798,44.943913336176934,49.7354484807596,40.50605887727468,42.91856759194559,-8.388364262198097,-2.866371085518168
2018-12-22,47.33968090846827,41.712313234610136,-5.627367673858132,1.2223303940261891,0.6154358965997216,1.4086717287448798,44.943913336176934,49.7354484807596,40.50605887727468,42.91856759194559,-8.388364262198097,-2.866371085518168
2018-12-23,47.33968090846827,41.712313234610136,-5.627367673858132,1.2223303940261894,0.6154358965997216,1.4086717287448798,44.943913336176934,49.7354484807596,40.50605887727468,42.91856759194559,-8.388364262198097,-2.866371085518168
2018-12-24,47.37783715123852,41.16842577579146,-6.209411375447068,1.065915663380289,1.0601684704887677,1.5775549810583955,45.28864245101316,49.46703185146389,39.090495573633476,43.24635597794945,-9.301419138321524,-3.117403612572613
2018-12-25,47.37783715123853,41.16842577579146,-6.209411375447068,1.065915663380289,1.0601684704887677,1.5775549810583955,45.28864245101316,49.4670318514639,39.090495573633476,43.24635597794945,-9.301419138321524,-3.117403612572613
2018-12-26,47.37783715123853,41.16842577579146,-6.209411375447068,1.065915663380289,1.0601684704887677,1.5775549810583955,45.28864245101316,49.4670318514639,39.090495573633476,43.24635597794945,-9.301419138321524,-3.117403612572613
2018-12-27,47.37783715123853,41.16842577579146,-6.209411375447068,1.065915663380289,1.0601684704887677,1.5775549810583955,45.28864245101316,49.4670318514639,39.090495573633476,43.24635597794945,-9.301419138321524,-3.117403612572613
2018-12-28,47.40650935443719,41.04182170675654,-6.364687647680659,0.9289407356116658,0.9317417385883695,1.3913366026063616,45.585785512638324,49.22723319623606,39.215607899123334,42.86803551438974,-9.091707388789128,-3.6376679065721906
2018-12-29,47.40650935443719,41.04182170675653,-6.364687647680659,0.9289407356116658,0.9317417385883695,1.3913366026063616,45.585785512638324,49.22723319623606,39.21560789912333,42.86803551438973,-9.091707388789128,-3.6376679065721906
2018-12-30,47.73783731261414,41.201843871385556,-6.535993441228582,0.9950671096083591,0.8588408139097862,1.2457547310338024,45.78750577778175,49.688168847446526,39.51851587612237,42.88517186664874,-8.977672714054835,-4.094314168402329
2018-12-31,47.896607126545256,40.91346401924822,-6.983143107297039,0.9566812956830062,0.9943377693814537,1.4657763761256557,46.02151178700657,49.771702466083944,38.96456199126057,42.86236604723587,-9.856064804503324,-4.1102214100907535
2019-01-01,47.896607126545256,40.91346401924822,-6.983143107297039,0.9566812956830062,0.9943377693814537,1.4657763761256557,46.02151178700657,49.771702466083944,38.96456199126057,42.86236604723587,-9.856064804503324,-4.1102214100907535
2019-01-02,48.208999582711556,40.68755089009025,-7.521448692621308,1.0785592851790544,1.0314412049276842,1.7544775974742037,46.09502338376061,50.3229757816625,38.66592612843199,42.70917565174851,-10.960224783670748,-4.082672601571868
2019-01-03,48.25287549237595,40.52050280899658,-7.732372683379365,0.9893574708751649,1.0254379693285733,1.678324830594729,46.31373484946062,50.192016135291276,38.51064438911258,42.53036122888059,-11.021889351345035,-4.442856015413697
2019-01-04,48.12670963956832,40.56123104161471,-7.565478597953604,0.9558614599155412,0.9470933039884752,1.5774949429439384,46.253221178133856,50.00019810100278,38.7049281657973,42.417533917432124,-10.657368686123723,-4.473588509783484
2019-01-05,48.03519068424428,40.72994912566434,-7.305241558579935,0.9188081286831008,0.9556253079379777,1.5795779286096767,46.2343267520254,49.83605461646315,38.8569235221059,42.60297472922278,-10.401214298654901,-4.2092688185049685
2019-01-06,47.964961589467244,40.72735143660281,-7.237610152864434,0.8819382566764032,0.8939935061565569,1.483011461787021,46.23636260638149,49.693560572553,38.975124164535956,42.47957870866966,-10.144312617966996,-4.330907687761873
2019-01-07,47.90892846605564,40.72402199793402,-7.1849064681216275,0.8464104805354483,0.8411807194445765,1.3984902106510486,46.24996392420616,49.56789300790512,39.075307787822645,42.37273620804539,-9.925947280997683,-4.443865655245572
2019-01-08,47.90892846605564,40.72402199793402,-7.1849064681216275,0.8464104805354483,0.8411807194445765,1.3984902106510486,46.24996392420616,49.56789300790512,39.075307787822645,42.37273620804539,-9.925947280997683,-4.443865655245572
2019-01-09,47.90892846605565,40.72402199793402,-7.184906468121628,0.8464104805354483,0.8411807194445765,1.3984902106510486,46.24996392420617,49.56789300790513,39.075307787822645,42.37273620804539,-9.925947280997683,-4.443865655245573
2019-01-10,47.90892846605564,40.72402199793401,-7.1849064681216275,0.8464104805354483,0.8411807194445764,1.3984902106510486,46.24996392420616,49.56789300790512,39.07530778782264,42.37273620804538,-9.925947280997683,-4.443865655245572
2019-01-11,47.99726554094515,40.864301758479904,-7.132963782465241,0.8150296134721102,0.8417000052399237,1.2999587123502985,46.399807498539815,49.594723583350486,39.214569748209655,42.51403376875015,-9.680882858671826,-4.585044706258657
2019-01-12,48.06843997138354,40.97653213554649,-7.091907835837053,0.7807024385727663,0.8247310442482064,1.2123180971552623,46.53826319178092,49.59861675098616,39.360059288820004,42.59300498227298,-9.468051306261367,-4.715764365412738
2019-01-13,47.99309621686729,41.06383584191532,-6.929260374951968,0.7572553663009615,0.800266870649696,1.2068229463780495,46.50887569891741,49.47731673481718,39.49531277544192,42.632358908388724,-9.294633349852946,-4.563887400050991
2019-01-14,47.9326940613366,41.0113048719681,-6.921389189368498,0.7317753346420162,0.7640204000530718,1.1345675356653973,46.49841440543825,49.36697371723495,39.51382488786408,42.50878485607212,-9.145141559272677,-4.69763681946432
2019-01-15,48.1201479590289,41.15764989466519,-6.962498064363703,0.7094714189745615,1.0481761527265339,1.2168125432924417,46.72958397783876,49.51071194021904,39.10322463532118,43.2120751540092,-9.347450649216889,-4.577545479510517
2019-01-16,48.16002487423318,41.019176151373436,-7.140848722859744,0.68635396625523,1.0984820965808382,1.2893146672307585,46.81477110037293,49.50527864809343,38.86615124207499,43.17220106067188,-9.66790547063203,-4.613791975087457
2019-01-17,48.09787775047473,40.99158137002131,-7.106296380453421,0.6833858526595971,1.0536825357830628,1.228012150140849,46.75844147926192,49.43731402168754,38.92636359988651,43.05679914015611,-9.513200194729485,-4.699392566177357
2019-01-18,48.04228247446561,40.96557312055183,-7.0767093539137775,0.6755308042947767,1.0109648136863854,1.1698081321730422,46.718242098047845,49.36632285088337,38.98408208572651,42.94706415537715,-9.36953329297294,-4.783885414854614
2019-01-19,47.9925193893389,40.94121709628847,-7.051302293050432,0.6641878906177688,0.9702388110899534,1.1146840920587144,46.69071112372808,49.294327654949726,39.03954902655216,42.84288516602478,-9.236083113485511,-4.866521472615352
2019-01-20,47.94785855286831,40.82100984494485,-7.126848707923467,0.6503524898804017,1.006021857787035,1.089435429303041,46.673167672702725,49.2225494330339,38.84920700368226,42.792812686207434,-9.262142149357427,-4.991555266489507
2019-01-21,48.43689203060227,41.61475864386252,-6.822133386739749,1.676628664925373,2.0438757864699344,1.0433446247735771,45.15069984734854,51.723084213856005,37.60876210238145,45.6207551853436,-8.86708885129596,-4.7771779221835375
2019-01-22,47.72923062284111,41.3755446764964,-6.353685946344709,1.9228228381284462,1.8271854317143845,1.2181490071879524,43.960497860109356,51.49796338557286,37.79426123033621,44.956828122656596,-8.741258000433096,-3.966113892256322
2019-01-23,47.65818188967334,41.28061460712893,-6.3775672825444065,1.896284361936888,1.8283823430038153,1.1861576764017094,43.94146454027704,51.374899239069634,37.696985214841455,44.86424399941641,-8.702436328291757,-4.052698236797056
2019-01-24,47.65574218220483,41.19282617867759,-6.462916003527239,1.8474551194219877,1.8243503062814421,1.2060445666623316,44.03473014813774,51.276754216271925,37.617099578365966,44.76855277898922,-8.82676335418541,-4.099068652869069
2019-01-25,47.65273377644995,41.111002644819365,-6.541731131630584,1.800629343655247,1.8160911469400292,1.218484883557972,44.12350026288566,51.181967290014235,37.551463996816906,44.670541292821824,-8.92996150340421,-4.153500759856959
2019-01-26,47.58478135919924,41.09568106551647,-6.489100293682764,1.7760397175313989,1.7699766289942327,1.1908869189586104,44.103743512837696,51.065819205560786,37.626526872687776,44.56483525834517,-8.82323865484164,-4.154961932523888
2019-01-27,47.453911535337745,41.07926987310207,-6.374641662235671,1.8036729720874307,1.724042408511215,1.218994994544438,43.91871251004638,50.98911056062911,37.70014675242009,44.45839299378405,-8.76387185154277,-3.985411472928573
2019-01-28,47.4646979977897,41.062078815596664,-6.402619182193042,1.7518539168658287,1.678337687963943,1.1839878452521204,44.031064320732675,50.89833167484672,37.772536947187334,44.351620684005994,-8.723235358887198,-4.082003005498885
2019-01-29,47.47386553168519,41.044394381073765,-6.4294711506114295,1.700550958274176,1.6329600001495495,1.1494689564875038,44.14078565346781,50.806945409902575,37.843792780780646,44.244995981366884,-8.682430305326937,-4.176511995895922
2019-01-30,47.481644286318485,41.026450469557226,-6.455193816761257,1.6498807770995954,1.58798928577553,1.1154638572838103,44.24787796320328,50.71541060943369,37.913991469437185,44.138909469677266,-8.641502977037526,-4.268884656484989
2019-01-31,47.34457908761201,41.00840941471787,-6.336169672894142,1.679869202100282,1.5434381008970892,1.150446182517082,44.052035451495456,50.63712272372857,37.983270736959575,44.03354809247616,-8.591044190627622,-4.081295155160662
2019-02-01,47.21632774283009,40.99044213685526,-6.225885605974831,1.6962269782945618,1.4993898349257382,1.1711611025671957,43.89172286537275,50.54093262028743,38.05163806040081,43.9292462133097,-8.521361367006534,-3.9304098449431275
2019-02-02,47.17078972743974,40.97269351231871,-6.198096215121031,1.6514623369982437,1.4559289033286855,1.130348653832549,43.93392354692318,50.4076559079563,38.11907286179449,43.826314162842934,-8.413579576632827,-3.982612853609235
2019-02-03,47.20316621015946,40.95524811486214,-6.247918095297326,1.5990723241572549,1.4130638636171207,1.1019228571846442,44.06898445481124,50.337347965507675,38.18564294217258,43.724853287551696,-8.407686895379229,-4.088149295215423
2019-02-04,47.15550035769051,40.8614438828058,-6.294056474884698,1.5568591043297004,1.4133801379703674,1.0727813265335082,44.10405651320429,50.20694420217672,38.09121881238388,43.631668953227724,-8.396707874890375,-4.191405074879022
2019-02-05,47.11077606827779,40.851790579766714,-6.258985488511074,1.5144794999545366,1.3685045009375234,1.0373616005299238,44.14239624836689,50.07915588818868,38.16952175792917,43.53405940160426,-8.292214225549724,-4.225756751472424
2019-02-06,47.068858004012746,40.92075893957598,-6.148099064436763,1.4721082690599556,1.3392264555095614,1.0642635576017132,44.18352579665523,49.95419021137026,38.295875086777244,43.54564279237472,-8.23405563733612,-4.062142491537405
2019-02-07,47.109353550486915,40.903589814932744,-6.205763735554172,1.426168762868339,1.2962601756024974,1.0405490650517837,44.31406277526497,49.90464432570886,38.36291987075185,43.444259759113635,-8.24523990305567,-4.1662875680526765
2019-02-08,47.065158127300265,40.88720161079899,-6.177956516501276,1.3865352631723482,1.2542693228649018,1.0026799131924253,44.347549011482464,49.782767243118066,38.42883373798378,43.3455694836142,-8.14320914635843,-4.212703886644123
2019-02-09,47.02412699587749,40.79007480746813,-6.23405218840936,1.3468652516441,1.2596687493856724,0.9810973646905286,44.38427110265505,49.66398288909993,38.32112405867221,43.25902555626405,-8.157003023202796,-4.311101353615925
2019-02-10,46.924872373101906,40.81102012910773,-6.113852243994173,1.341764465860929,1.1992855774798283,0.9919350662218062,44.295014020014484,49.55473072618933,38.46042039724727,43.161619860968194,-8.058044973788913,-4.169659514199433
2019-02-11,46.81693924397806,40.88231182631066,-5.934627417667396,1.3512576098248472,1.17884187339797,1.1290193277283087,44.16847432872136,49.465404159234765,38.57178175445064,43.192841898170684,-8.147505300014881,-3.7217495353199106
2019-02-12,46.798065049424586,40.94710710901129,-5.850957940413293,1.3055203346755833,1.1551253649904771,1.1192108340643663,44.23924519346044,49.35688490538873,38.683061393629956,43.21115282439263,-8.044611175179451,-3.6573047056471353
2019-02-13,46.698159001359826,41.00607234810291,-5.692086653256912,1.3079358067500708,1.1289605543168468,1.2009635432831454,44.13460482012969,49.261713182589965,38.79330966164189,43.21883503456393,-8.045975198091877,-3.3381981084219476
2019-02-14,46.60596787307833,40.9771935301044,-5.628774342973931,1.302571742254438,1.0928008606034787,1.1710912692651227,44.05292725825963,49.159008487897026,38.83530384332158,43.11908321688722,-7.924113230733571,-3.3334354552142904
2019-02-15,46.52088416175306,40.95065895134814,-5.57022521040492,1.2910627527869614,1.0572637198227177,1.1401161014705659,43.99040116629062,49.0513671572155,38.87842206049561,43.02289584220067,-7.804852769287229,-3.335597651522611
2019-02-16,47.539332778530714,41.72380111050887,-5.815531668021836,2.3751546213593806,1.7459442714779614,1.1705676233925404,42.88402972066633,52.1946358363951,38.30175033841207,45.145851882605676,-8.109844209871216,-3.521219126172457
2019-02-17,47.48739986569301,41.65974000201,-5.827659863683011,2.3174743770520037,1.7162697928402668,1.1291284290745653,42.94515008667108,52.02964964471494,38.295851208043075,45.02362879597692,-8.04075158466916,-3.614568142696863
2019-02-18,47.50746985354899,41.52773165392309,-5.9797381996258965,2.245148080528294,1.7441400740206627,1.2082483983952363,43.106979615713534,51.907960091384446,38.10921710884259,44.94624619900359,-8.34790506048056,-3.6115713387712334
2019-02-19,47.52403581754377,41.40337702445728,-6.120658793086493,2.1741448642285865,1.7596895046582068,1.2613205152072096,43.26271188365574,51.7853597514318,37.954385595327196,44.85236845358736,-8.592847002892624,-3.6484705832803623
2019-02-20,47.48878533487876,41.44004124595938,-6.048744088919386,1.9806160903853127,1.710801550398718,1.3379422363020739,43.60677779772355,51.370792872033974,38.08687020717789,44.79321228474087,-8.67111087207145,-3.426377305767321
2019-02-21,47.50097643488024,41.33430808999977,-6.166668344880476,1.9231823621312392,1.7198512718868755,1.3691112612357208,43.731539005103016,51.27041386465747,37.9633995971015,44.705216582898046,-8.850126416902489,-3.483210272858463
2019-02-22,47.44338471542596,41.36916737990187,-6.074217335524088,1.8836786328190867,1.6676947106500224,1.3591878954734364,43.75137459510054,51.13539483575137,38.100485747027825,44.63784901277591,-8.738225610652023,-3.410209060396152
2019-02-23,47.3776619750215,41.461297589473915,-5.9163643855475945,1.8121941479493375,1.6177882841080358,1.3989327169174621,43.825761445040804,50.9295625050022,38.290432552622164,44.632162626325666,-8.658272510705821,-3.174456260389369
2019-02-24,46.775043991931796,40.945053686732834,-5.829990305198957,1.979831399748555,1.809079460160088,1.2390804874070036,42.89457444842463,50.65551353543896,37.39925794481906,44.490849428646605,-8.258588060516685,-3.4013925498812303
2019-02-25,46.81807659916013,40.92735054456109,-5.89072605459904,1.9405020165772404,1.7656533880874663,1.2236813120365457,43.014692646668735,50.62146055165152,37.466669903909654,44.38803118521252,-8.28914142619067,-3.4923106830074104
2019-02-26,46.7997564175276,40.91050142308814,-5.889254994439453,1.89468543018417,1.7222243366507377,1.1837866896990012,43.086172974366626,50.51333986068857,37.53494172325269,44.28606112292359,-8.209476906249495,-3.5690330826294105
2019-02-27,46.7823637990536,40.89445350201116,-5.887910297042438,1.8486890801672913,1.678861852290563,1.1449666866710526,43.158933201925706,50.40579439618149,37.60388427152166,44.18502273250066,-8.132045002917701,-3.6437755911671754
2019-02-28,46.76583116676414,40.87914975473601,-5.886681412028123,1.8025680642285535,1.6355880924434794,1.1071419955406312,43.232797760876174,50.2988645726521,37.6733970935468,44.08490241592523,-8.056679723287761,-3.7166831007684857
2019-03-01,46.86132678602017,40.84387658376352,-6.017450202256647,1.6823277674236765,1.4990743130336153,1.072590583756054,43.563964361869765,50.15868921017058,37.90569093021763,43.782062237309404,-8.119727746418514,-3.915172658094781
2019-03-02,46.842921049646066,40.83244511658743,-6.010475933058641,1.6441328829094994,1.462904893726584,1.041097597589281,43.62042059914344,50.06542150014869,37.965151524883325,43.699738708291534,-8.051027224333632,-3.9699246417836496
2019-03-03,46.82512917435111,40.821443479124625,-6.003685695226484,1.6056634640173724,1.4267073677113478,1.0101324574651316,43.678028784877064,49.97222956382516,38.02509703841038,43.61778991983887,-7.983545311858142,-4.023826078594826
2019-03-04,46.80793045257268,40.81085047251326,-5.997079980059414,1.5669455769758216,1.3904878698859615,0.9796565912871492,43.73671712170007,49.879143783445286,38.08549424753677,43.536206697489746,-7.917206898982227,-4.076953061136602
2019-03-05,46.72789064499759,40.86414175284743,-5.863748892150161,1.559223663226585,1.3681171543944926,1.081137649779021,43.671812265073484,49.7839690249217,38.182632130234225,43.545651375460636,-7.982778685717042,-3.7447190985832797
2019-03-06,46.7170954298119,40.8492265880284,-5.8678688417835,1.5180960277166442,1.331914373833613,1.044964023158196,43.74162721548728,49.69256364413652,38.23867441531452,43.45977876074228,-7.915998327173565,-3.8197393563934363
2019-03-07,46.70646767210082,40.90169721153359,-5.804770460567236,1.47722947701876,1.3091163588482533,1.0397790228037973,43.81109789714405,49.60183744705759,38.33582914819101,43.467565274876165,-7.8427373452626785,-3.7668035758717937
2019-03-08,46.69605657801896,40.95088837094222,-5.745168207076751,1.4366646872411901,1.2845237780093075,1.0312859564697974,43.88019379102623,49.51191936501169,38.43322176604397,43.46855497584046,-7.766488681757554,-3.723847732395948
2019-03-09,46.68591189120371,41.066350325698906,-5.619561565504807,1.396484246180539,1.317493970933907,1.1035148729932387,43.94880276868985,49.423021013717566,38.48406214266845,43.64863850872936,-7.782450716571555,-3.4566724144380587
2019-03-10,46.605319282141785,41.103639473435244,-5.501679808706545,1.3895420080833834,1.28447404126426,1.1544678795176837,43.88181694629836,49.32882161798521,38.58607035255729,43.621208594313195,-7.764436852561205,-3.2389227648518846
2019-03-11,46.60189953583345,40.99463865583587,-5.607260879997579,1.3479480355313533,1.3008305482991072,1.1667770848664476,43.95992138619199,49.2438776854749,38.44501078116962,43.54426653050212,-7.894143966335816,-3.3203777936593415
2019-03-12,46.52488706092091,40.893669853052884,-5.631217207868027,1.3380078849312114,1.3071311830350894,1.1245083929483135,43.90239160645574,49.147382515386084,38.33169273430411,43.455646971801656,-7.835253658046722,-3.4271807576893325
2019-03-13,46.52754147,40.874623957447945,-5.652917512552057,1.2959628153324823,1.2642744281463953,1.0834772420401053,43.98745435194834,49.06762858805167,38.39664607828101,43.35260183661488,-7.7765329069506635,-3.529302118153451
2019-03-14,46.52946325472985,40.93255049784227,-5.59691275688757,1.2547922934817937,1.236799729433801,1.0622793153326977,44.070070359505536,48.98885614995416,38.50842302815202,43.35667796753252,-7.678980214939657,-3.514845298835483
2019-03-15,46.60759427952696,40.909155348102686,-5.698438931424271,1.2416402660951136,1.196337755155082,1.0764221466392088,44.173979357980535,49.04120920107338,38.564333347998726,43.25397734820665,-7.8082263388371205,-3.5886515240114223
2019-03-16,46.75714021727339,40.887573204560546,-5.869567012712844,1.3032324008829317,1.1567599915424303,1.1869315800869682,44.20280471154284,49.31147572300394,38.62032362113738,43.15482278798371,-8.195952909683301,-3.5431811157423865
2019-03-17,46.81585448674761,40.78878938910388,-6.027065097643731,1.272864833894756,1.1664588804728346,1.2599103651772146,44.32103941231389,49.310669561181335,38.50252998337713,43.075048794830636,-8.496489413391071,-3.5576407818963904
2019-03-18,46.869995879987385,40.69783519201081,-6.1721606879765725,1.241194243286395,1.1673386536278612,1.306946621484424,44.43725516314605,49.30273659682872,38.4098514309002,42.98581895312142,-8.733776066086044,-3.6105453098671014
2019-03-19,47.000686727853385,40.69479885193364,-6.305887875919744,1.2763734607535515,1.1240768442542703,1.3350038426173112,44.498994744776425,49.502378710930344,38.49160823719527,42.89798946667201,-8.922495407449674,-3.689280344389814
2019-03-20,47.039148628430794,40.69162031884705,-6.3475283095837485,1.2360812442497064,1.082363161382606,1.2875593198837008,44.616429389701366,49.46186786716022,38.570188522537144,42.81305211515696,-8.871144576555801,-3.823912042611695
2019-03-21,47.074813707417135,40.60594977751907,-6.468863929898063,1.196358037394397,1.0824670614036358,1.302889380268263,44.72995195412412,49.41967546071015,38.484314337167945,42.7275852178702,-9.022527115223859,-3.915200744572268
2019-03-22,46.941543545319256,40.61053523753409,-6.331008307785169,1.2299437394385508,1.041329932184373,1.3220008995220516,44.53085381601969,49.35223327461882,38.56952857045272,42.651541904615456,-8.92213007084839,-3.739886544721948
2019-03-23,46.90416001285973,40.614322288449536,-6.289837724410189,1.1878081953660544,1.0017357466217591,1.2706290478213778,44.57605594994226,49.232264075777195,38.65092022507089,42.57772435182818,-8.78027065814009,-3.799404790680289
2019-03-24,46.47195904621392,40.711939984092346,-5.760019062121566,1.2349540730732738,0.9376716958189781,1.5044009658841044,44.0514490629903,48.892469029437535,38.87410346028715,42.54977650789754,-8.70864495525441,-2.8113931689887215
2019-03-25,46.53435075756377,40.709055358917844,-5.825295398645935,1.2247089238768754,0.9100968637990882,1.4828481389336043,44.13392126676509,48.93478024836245,38.92526550587163,42.49284521196406,-8.7316777509558,-2.91891304633607
2019-03-26,46.526356121808575,40.70602497834565,-5.820331143462927,1.1867598572285272,0.8829619849712347,1.4350448942251197,44.200306801640664,48.85240544197649,38.975419487802036,42.43663046888927,-8.633019136144162,-3.0076431507816928
2019-03-27,46.51952861776439,40.70289221473316,-5.816636403031222,1.1495272021476535,0.8562522930539874,1.3883347799619667,44.266455301554984,48.77260193397379,39.02463772034734,42.38114670911898,-8.537772571756676,-3.0955002343057667
2019-03-28,46.72141087855251,40.75743533145364,-5.963975547098872,1.1736720756609196,0.7896041567432158,1.3141795683199213,44.421013610257106,49.02180814684792,39.20981118423694,42.305059478670344,-8.539767501005917,-3.3881835931918256
2019-03-29,46.70704956395491,40.75182313101378,-5.955226432941131,1.1426647599420778,0.7681435942088046,1.2762643681708248,44.46742663446844,48.94667249344138,39.24626168636452,42.25738457566304,-8.456704594555948,-3.453748271326314
2019-03-30,46.75789285204887,40.81057472297926,-5.947318129069607,1.1277996046576422,0.7763880167011128,1.2388985569508808,44.54740562691989,48.96838007717785,39.28885421024508,42.332295235713445,-8.375559300693332,-3.5190769574458804
2019-03-31,46.79490846877835,40.96464944921405,-5.830259019564305,1.0441178561906572,0.7814373277103244,1.1658515047664768,44.74843747064467,48.84137946691204,39.43303228690181,42.49626661152629,-8.115327968906598,-3.5451900702220103
2019-04-01,46.56474019680183,41.22464028761805,-5.340099909183775,1.2667145765047219,0.8977801388899614,1.73756834005884,44.08197962685257,49.047500766751085,39.464991215393724,42.98428935984238,-8.7457338556991,-1.9344659626684484
2019-04-02,46.61192343352925,41.194539110206385,-5.41738432332287,1.2544456094484324,0.8854147582537292,1.7317948010668502,44.15321003901032,49.07063682804818,39.459126184029074,42.929952036383696,-8.811702133413895,-2.0230665132318437
2019-04-03,46.542255811307626,41.16549080530092,-5.376765006006707,1.2493278249509867,0.8721630380583162,1.6923300775766312,44.093573274403695,48.99093834821156,39.45605125070662,42.87493035989522,-8.693731958056905,-2.0597980539565097
2019-04-04,46.012888884041125,40.62111709724595,-5.391771786795174,1.6654139221494502,1.4612450050583814,1.5411167183466064,42.748677596628205,49.277100171454045,37.75707688733152,43.48515730716038,-8.412360554754523,-2.3711830188358256
2019-04-05,46.03156098202188,40.56735404271344,-5.464206939308443,1.6297572845850359,1.4457749702767395,1.5416149194417639,42.83723670423521,49.22588525980855,37.73363510097103,43.40107298445585,-8.485772181414301,-2.4426416972025864
2019-04-06,45.99512518187072,40.57097742888559,-5.424147752985124,1.5946152691243511,1.4119872600250003,1.5095155478305486,42.869679254386995,49.120571109354444,37.80348239923659,43.33847245853459,-8.382798226732998,-2.4654972792372485
2019-04-07,46.18284143858368,40.34533507627316,-5.837506362310517,1.5312315741385725,1.4256686438585813,1.6599348447199966,43.18162755327208,49.18405532389528,37.551024534310336,43.13964561823598,-9.09097865796171,-2.584034066659324
2019-04-08,46.19646755001442,40.3580117512174,-5.838455798797017,1.497287763963514,1.3946753171491981,1.6219566129064906,43.26178353264593,49.13115156738291,37.62444812960497,43.09157537282982,-9.017490760093738,-2.6594208375002952
2019-04-09,46.265780537992704,40.314527277602096,-5.951253260390611,1.492120270160667,1.372226154455265,1.6515906661609483,43.3412248084778,49.19033626750761,37.624964014869775,43.00409054033442,-9.188370966066069,-2.714135554715152
2019-04-10,46.274742375867675,40.27325825069241,-6.001484125175266,1.4559328613205569,1.3483560164754522,1.6244103844504374,43.42111396767938,49.12837078405597,37.63048045840052,42.916036042984295,-9.185328478698123,-2.817639771652409
2019-04-11,46.28380214992249,40.29341777322281,-5.990384376699684,1.419815098392274,1.3171315237459889,1.5825813984645714,43.50096455707363,49.06663974277134,37.711839986680666,42.87499555976495,-9.092243917690244,-2.888524835709124
2019-04-12,46.29289109793482,40.31258420353658,-5.980306894398241,1.3838278535216544,1.28572886913787,1.5409894174890613,43.58058850503238,49.00519369083726,37.792555620026356,42.832612787046806,-9.0006461526768,-2.959967636119681
2019-04-13,46.30196362764678,40.393425362520695,-5.908538265126083,1.3479859167976669,1.2918266284063524,1.5230116687750186,43.65991123072335,48.9440160245702,37.86144517084424,42.92540555419715,-8.893641135925119,-2.9234353943270466
2019-04-14,46.09340725730399,40.60260226766913,-5.49080498963486,1.3838351433588616,1.257122561281408,1.683513813957684,43.38109037632062,48.80572413828735,38.13864204755757,43.066562487780686,-8.79049206499192,-2.1911179142777994
2019-04-15,46.05193312051996,40.7220731572206,-5.329859963299364,1.3554831779089151,1.3153155142743784,1.7526838118749226,43.39518609181849,48.708680149221436,38.14405474924282,43.30009156519838,-8.765120234574212,-1.8945996920245154
2019-04-16,46.253268545738365,40.590618918237894,-5.66264962750047,1.3592144667919153,1.2483064610455825,1.8241164270941934,43.58920819082621,48.91732890065052,38.143938254588555,43.03729958188723,-9.23791782460509,-2.087381430395851
2019-04-17,46.26517628723506,40.588585543804655,-5.6765907434304,1.32801278489806,1.2156727908277283,1.7782177650090578,43.66227122883486,48.868081345635254,38.205866873782306,42.971304213827004,-9.161897562848154,-2.1912839240126467
2019-04-18,46.21810625158518,40.52852086491011,-5.689585386675078,1.3076557599786138,1.2044942860310948,1.7325325313334692,43.6551009620271,48.78111154114327,38.16771206428916,42.88932966553105,-9.085349148088678,-2.2938216252614785
2019-04-19,46.233922757640016,40.471822983350286,-5.762099774289729,1.2761589021851432,1.1905865231649277,1.7099621132283644,43.73265130935714,48.735194205922895,38.138273397947025,42.80537256875355,-9.113625516217324,-2.410574032362135
2019-04-20,46.1870743568352,40.418380473784126,-5.768693883051072,1.2552870448265938,1.1743907320818354,1.6633630711366298,43.72671174897507,48.64743696469532,38.11657463890373,42.72018630866452,-9.028885502478866,-2.508502263623278
2019-04-21,46.350767592208946,39.937612648302604,-6.413154943906347,1.1972159045276263,1.60410258687743,2.1520487458253346,44.0042244193348,48.697310765083095,36.79357157802284,43.081653718582366,-10.631170485724002,-2.1951394020886914
2019-04-22,46.419864740652336,39.91428803956228,-6.505576701090058,1.198456658493604,1.5643172924058613,2.125645983856162,44.070889690004876,48.7688397912998,36.84822614644679,42.98034993267777,-10.671842829448135,-2.3393105727319803
2019-04-23,46.48535632265535,39.95344297420976,-6.531913348445594,1.195304654166306,1.5325998361086235,2.0716358851412044,44.14255920048939,48.82815344482131,36.94954729543686,42.957338652982656,-10.592319683322355,-2.471507013568833
2019-04-24,46.484998691064,39.99092085344136,-6.4940778376226405,1.1625139865862903,1.500154652796503,2.0223194889944685,44.20647127735487,48.76352610477313,37.050617733960216,42.9312239729225,-10.457824036051798,-2.5303316391934825
2019-04-25,46.420841014674934,40.02676900374019,-6.394072010934743,1.1552988031501559,1.4671238455793882,2.0065746583489785,44.15645536050063,48.68522666884924,37.15120626640459,42.90233174107579,-10.326958341298742,-2.4611856805707455
2019-04-26,46.360555895375974,40.06105633732734,-6.299499558048642,1.1446074698895585,1.4336081139442647,1.9858356859604271,44.11712525439244,48.60398653635951,37.25118443399658,42.870928240658095,-10.19173750253108,-2.4072616135662046
2019-04-27,46.370942801084105,40.0938273000733,-6.277115501010807,1.111009065998128,1.3997158735731998,1.9309375270494178,44.19336503172777,48.54852057044044,37.35038418786983,42.83727041227677,-10.061753054027665,-2.4924779479939483
2019-04-28,46.380544303484434,40.12512631996758,-6.255417983516859,1.0779207275345737,1.3655432301927135,1.8766312814141557,44.26781967751667,48.4932689294522,37.44866158878986,42.801591051145294,-9.933615295088604,-2.5772206719451134
2019-04-29,46.382330031668424,40.10004236558095,-6.282287666087473,0.9606666562379658,1.2076349325666966,1.6373221227845123,44.499423385442014,48.26523667789483,37.73307789775022,42.46700683341167,-9.491439026745118,-3.0731363054298293
2019-04-30,46.38991104789559,40.12769898649949,-6.262212061396103,0.9346210934171988,1.1820423107827889,1.5959604003753944,44.55805370479788,48.2217683909933,37.81089605736522,42.44450191563376,-9.390294446131875,-3.13412967666033
2019-05-01,46.42184445307438,40.220527530503276,-6.201316922571103,0.8565054743250748,1.1057024126761448,1.4604380346583858,44.74309372339723,48.100595182751526,38.053350801658034,42.38770425934852,-9.06377547050154,-3.338858374640667
2019-05-02,46.42677517655424,40.240689480428095,-6.186085696126141,0.8344712800235062,1.0821083206972026,1.4252769243568342,44.791211467708166,48.06233888540031,38.11975717186158,42.36162178899461,-8.979628467865536,-3.392542924386746
2019-05-03,46.37063773726658,40.32108610258965,-6.049551634676924,0.8417704945590191,1.105245559532454,1.4941997612483764,44.7207675679309,48.020507906602255,38.154804805906046,42.48736739927326,-8.978183166723742,-3.120920102630106
2019-05-04,46.37987011486143,40.397665496907024,-5.982204617954408,0.8188788799557237,1.1207789129128647,1.4798157307754773,44.77486751014821,47.98487271957465,38.20093882759781,42.59439216621624,-8.882643450274344,-3.0817657856344725
2019-05-05,46.3244724835592,40.47063738441599,-5.85383509914321,0.824074144193648,1.1299364164857844,1.5272643236511285,44.709287160939645,47.93965780617875,38.25596200810385,42.685312760728124,-8.847273173499422,-2.8603970247869985
2019-05-06,46.33769636885768,40.47459853117851,-5.863097837679169,0.8008344864095052,1.0972388753661046,1.4809287554231625,44.768060775495044,47.90733196222031,38.32401033546094,42.625186726896075,-8.765718198308567,-2.960477477049771
2019-05-07,46.34991603938987,40.47911174688037,-5.870804292509502,0.7778085678842039,1.065111668390956,1.4354881406709412,44.82541124633683,47.87442083244291,38.3914928768341,42.56673061692664,-8.684361048224547,-3.0572475367944567
2019-05-08,46.36122930916524,40.484042184108915,-5.877187125056325,0.755020469632505,1.0335335487627673,1.3909229580257465,44.88138918868553,47.841069429644946,38.45831642853389,42.50976793968394,-8.603396122786787,-3.1509781273258617
2019-05-09,46.37171391012615,40.4892735356109,-5.882440374515247,0.732505738609047,1.0025089102772418,1.3472448298466064,44.93600266245242,47.80742515779988,38.52435607146751,42.45419099975429,-8.523040241014595,-3.2418405080158985
2019-05-10,46.31015982330405,40.494705955063175,-5.815453868240876,0.7438854383746101,0.9720573929245804,1.3301963486703055,44.85214436408981,47.768175282518285,38.589473464931,42.39993844519535,-8.422638711634676,-3.2082690248470778
2019-05-11,46.18973807380449,40.605582990629145,-5.58415508317535,0.8441887151078824,1.0762841428541674,1.4467446895978333,44.53512819219304,47.84434795541594,38.496066070634974,42.715099910623316,-8.419774674787103,-2.748535491563597
2019-05-12,45.96080144479122,40.47529633105994,-5.485505113731286,0.8924399460932743,1.013743693205411,1.3364555802167124,44.211619150448406,47.70998373913404,38.48835869237733,42.46223396974254,-8.104958050956043,-2.866052176506529
2019-05-13,45.93397213851928,40.48157364351953,-5.452398494999752,0.8709521858362383,0.9872516346613488,1.3053964253500452,44.226905854280254,47.64103842275831,38.54656043958329,42.416586847455775,-8.01097548868584,-2.8938215013136634
2019-05-14,45.90829048873571,40.552857752823165,-5.355432735912544,0.8494318104673738,1.0011243341544434,1.3248415101341102,44.24340414021965,47.573176837251765,38.59065405788046,42.51506144776587,-7.952122095775399,-2.758743376049688
2019-05-15,45.883750004644604,40.62029658263104,-5.263453422013561,0.8278853755251552,1.0087680837832322,1.3359795679030753,44.2610946686153,47.50640534067391,38.643111138415904,42.59748202684618,-7.8819733751035885,-2.6449334689235338
2019-05-16,45.928346939066536,40.68408695181857,-5.24425998724797,0.815465715345592,1.011217876428535,1.297115702141691,44.33003413698918,47.526659741143895,38.702099914018646,42.666073989618496,-7.786606763445684,-2.7019132110502557
2019-05-17,45.96974598956848,40.74440216908272,-5.22534382048576,0.8013005296169302,1.0092996705985724,1.2589595211159001,44.3991969515193,47.54029502761766,38.766174814709515,42.72262952345592,-7.692904481872924,-2.7577831590985955
2019-05-18,46.008186985847,40.73058777870168,-5.277599207145317,0.7857521825333259,0.9778855796478708,1.2292330876809523,44.46811270808168,47.54826126361232,38.81393204259186,42.64724351481151,-7.6868960589999835,-2.868302355290651
2019-05-19,46.44637927403491,40.717514885469214,-5.7288643885656985,1.4535109489284497,0.8887587697786062,1.6898852259759023,43.59749781413515,49.29526073393467,38.975547696703146,42.45948207423528,-9.041039431478467,-2.41668934565293
2019-05-20,46.39197182498923,40.707988382779675,-5.683983442209553,1.4316523493654039,0.863193918518778,1.6545111768779102,43.58593322023304,49.198010429745416,39.01612830248287,42.39984846307648,-8.926825348890256,-2.4411415355288493
2019-05-21,46.4067807841555,40.632723364112714,-5.774057420042792,1.3904041339646813,0.8798090073338644,1.6324289421741478,43.68158868158473,49.131972886726274,38.90829770973834,42.357149018487085,-8.973618146704121,-2.574496693381462
2019-05-22,46.419835155023335,40.630646417708576,-5.789188737314756,1.3496323502169487,0.8522578173488334,1.5825446652251585,43.77455574859812,49.06511456144855,38.96022109570486,42.30107173971229,-8.890976281156068,-2.6874011934734456
2019-05-23,46.43134450215789,40.55927376931748,-5.87207073284041,1.3093931553500577,0.8637546755332205,1.5577614844298107,43.86493391767178,48.997755086644005,38.866314605272365,42.25223293336259,-8.925283242322838,-2.8188582233579806
2019-05-24,46.37055652989042,40.56368037483115,-5.806876155059271,1.2920281467923684,0.8353917848290338,1.5296813125482671,43.83818136217738,48.902931697603464,38.926312476566245,42.201048273096056,-8.805051527653875,-2.8087007824646677
2019-05-25,46.38564257929352,40.56775235226976,-5.817890227023756,1.2523193064745113,0.8077577529598491,1.4800496698031425,43.93109673860347,48.84018841998356,38.98454715646845,42.15095754807106,-8.718787579837915,-2.9169928742095963
2019-05-26,46.3990710023211,40.57153469744571,-5.8275363048753865,1.2132307278351573,0.7808298701700066,1.4315278239083713,44.02113877576419,48.77700322887801,39.0411081519125,42.10196124297892,-8.633330839735795,-3.021741770014979
2019-05-27,46.3990710023211,40.57153469744571,-5.8275363048753865,1.2132307278351573,0.7808298701700067,1.4315278239083713,44.02113877576419,48.77700322887801,39.0411081519125,42.10196124297892,-8.633330839735795,-3.021741770014979
2019-05-28,46.82781118172854,40.69088280281258,-6.1369283789159645,1.3436150244746823,0.8172058566602002,1.3361340586342032,44.19432573375816,49.46129662969892,39.08915932375859,42.292606281866576,-8.755751133839002,-3.5181056239929265
2019-05-29,46.81423592340944,40.68969617816668,-6.124539745242764,1.3056220320085214,0.7911108590752592,1.295564998437077,44.255216740672736,49.373255106146146,39.139118894379166,42.24027346195419,-8.663847142179435,-3.5852323483060933
2019-05-30,46.731432464017786,40.68817427279517,-6.0432581912226055,1.3093531898091253,0.7657787379737409,1.2941024397918195,44.1651002119919,49.29776471604367,39.18724794636664,42.18910059922371,-8.579698973214573,-3.5068174092306394
2019-05-31,46.65347204871736,40.757026010782766,-5.896446037934592,1.3073110033790478,0.7788322147008164,1.3702360764862411,44.091142482094426,49.2158016153403,39.23051486996917,42.28353715159636,-8.582108747847625,-3.21078332802156
2019-06-01,46.70803315231697,40.903487596416745,-5.804545555900228,1.2055326303460066,0.7958434066963775,1.2415224063727182,44.3451891968388,49.07087710779514,39.34363451929185,42.463340673541644,-8.237929472390755,-3.3711616394097006
2019-06-02,46.82595385998147,40.53401456129578,-6.291939298685697,1.0849462881685017,1.154243205260904,1.599679313372775,44.6994591351712,48.95244858479173,38.271697878984405,42.79633124360715,-9.427310752896336,-3.1565678444750582
2019-06-03,46.81546541574435,40.53445060435735,-6.281014811387002,1.058749980897785,1.1245318121272334,1.5585635523172583,44.74031545318469,48.890615378304005,38.330368252587974,42.73853295612673,-9.335799373928829,-3.2262302488451757
2019-06-04,46.60815753099255,40.85530402821217,-5.752853502780389,1.0210462788309422,1.4108864294698298,1.979626709470814,44.6069068244839,48.6094082375012,38.0899666264513,43.620641429973034,-9.632921853343184,-1.8727851522175936
2019-06-05,46.662385398674324,40.78689366202798,-5.875491736646342,1.017102796509286,1.4066089103703885,1.9935788444134976,44.66886391751613,48.65590687983252,38.02994019770202,43.54384712635394,-9.782906271696797,-1.9680772015958872
2019-06-06,46.675243632768705,40.76964300335777,-5.9056006294109356,0.9750111204800389,1.3478051323517366,1.9339523469616402,44.764221836627826,48.586265428909584,38.127944943948364,43.41134106276718,-9.69614722945575,-2.115054029366121
2019-06-07,46.66700276257353,40.764862086316136,-5.9021406762574005,0.9518286925942298,1.316407712394918,1.8869479199675105,44.80141852508884,48.53258700005822,38.184702970022094,43.34502120261018,-9.600558599393722,-2.2037227531210797
2019-06-08,46.60289236058958,40.759898721049204,-5.84299363954037,0.9659598502617563,1.2850599991747431,1.8552641980322593,44.70961105407653,48.496173667102624,38.24118112266671,43.2786163194317,-9.479311467683598,-2.2066758113971416
2019-06-09,46.85976011124875,40.43820047043773,-6.421559640811023,1.3011148485326545,1.5480354792629636,2.580262113652608,44.309575008124746,49.40994521437275,37.40405093108232,43.47235000979314,-11.478873383570136,-1.3642458980519114
2019-06-10,46.84731416647625,40.39239476003833,-6.454919406437921,1.2717238225119767,1.5243522900557056,2.5223760574867042,44.35473547435278,49.339892858599725,37.40466427152914,43.380125248547515,-11.398776479111861,-1.5110623337639808
2019-06-11,46.81197230276713,40.495463765507914,-6.316508537259215,1.1855342032438503,1.5342619913569242,2.4337913506955497,44.488325264409184,49.13561934112508,37.488310262448344,43.502617268567484,-11.086739584622492,-1.546277489895937
2019-06-12,46.85393031352852,40.45177956112326,-6.402150752405268,1.1680306708512567,1.5133866802287541,2.4055740455177355,44.564590198660056,49.14327042839699,37.485541667874905,43.418017454371615,-11.117075881620028,-1.687225623190506
2019-06-13,46.83931870194228,40.46381171013688,-6.375506991805402,1.1426106740342963,1.4796650622415568,2.3534438022160318,44.599801780835065,49.0788356230495,37.56366818814343,43.36395523213033,-10.988256844148825,-1.7627571394619794
2019-06-14,46.8809217818174,40.531064516583214,-6.349857265234182,1.1245733691752229,1.46967578429507,2.3007887227563875,44.676757978233965,49.08508558540083,37.650499979364874,43.411629053801555,-10.859403161836703,-1.8403113686316628
2019-06-15,46.86241627826286,40.59502155034158,-6.267394727921283,1.0992927793115561,1.4563566196582112,2.2712973030090065,44.707802430812215,49.01703012571351,37.74056257581148,43.449480524871674,-10.719137441818935,-1.8156520140236303
2019-06-16,46.5927256845593,40.60436021524676,-5.988365469312535,1.1113847067350873,1.360421276357787,2.0712513210070123,44.41441165935853,48.77103970976007,37.937934513585496,43.27078591690802,-10.04801805848628,-1.9287128801387912
2019-06-17,46.53310990300805,40.54731727584102,-5.985792627167026,1.112453984489891,1.345875465702383,2.020370715261805,44.35270009340786,48.71351971260823,37.90940136306435,43.18523318861769,-9.945719229080163,-2.025866025253888
2019-06-18,46.577027653490305,40.56066614552057,-6.016361507969733,1.1010506372579465,1.2811074221379728,1.8588336160101386,44.41896840446473,48.73508690251588,38.04969559813014,43.071636692911,-9.659675395349606,-2.373047620589861
2019-06-19,46.937054405389155,40.575162349172594,-6.3618920562165595,1.393976620686991,1.1874096657539452,1.9494497978644387,44.204860228842655,49.669248581935655,38.24783940429486,42.90248529405033,-10.18281366003086,-2.54097045240226
2019-06-20,46.97231908762253,40.57872787443168,-6.393591213190847,1.3671926930945753,1.1602030051094316,1.9090111008781216,44.292621409157164,49.6520167660879,38.30472998441719,42.85272576444616,-10.135252970911965,-2.6519294554697286
2019-06-21,46.952268774809404,40.58204825266585,-6.370220522143559,1.3386684571916354,1.1329777969974422,1.8685651842016573,44.3284785987138,49.57605895090501,38.361411770550866,42.80268473478083,-10.032608283178808,-2.707832761108311
2019-06-22,46.93251863904522,40.58514684529276,-6.3473717937524565,1.309942758538631,1.1057488396352937,1.8277619881068314,44.3650308323095,49.50000644578094,38.41787911960758,42.75241457097794,-9.929785290441846,-2.764958297063067
2019-06-23,46.85629011386333,40.58804298604193,-6.268247127821411,1.3195425045252458,1.0785364347535518,1.8156941780019384,44.26998680499385,49.44259342273281,38.474111573924965,42.70197439815889,-9.82700771670521,-2.7094865389376115
2019-06-24,46.795851761018,40.69063387543464,-6.105217885583363,1.196768972820419,1.0520997736215312,1.6505477633944527,44.45018457428998,49.14151894774602,38.62851831913644,42.752749431732845,-9.34029150183649,-2.8701442693302353
2019-06-25,46.758648615715735,40.82828471207006,-5.9303639036456754,1.1246887986801226,1.1022716515049031,1.6475504204813283,44.55425857030269,48.96303866112878,38.667832275120446,42.98873714901967,-9.15956272778908,-2.701165079502272
2019-06-26,46.74945471709162,40.820908236376695,-5.928546480714927,1.1008811019869027,1.0794055024565727,1.612348126104944,44.5917277571973,48.90718167698595,38.705273451561816,42.936543021191575,-9.088748807880616,-2.7683441535492372
2019-06-27,46.74017646077096,40.81349422620301,-5.926682234567946,1.0769423702007002,1.0563196239179369,1.5768589047265147,44.62936941517759,48.85098350636433,38.743107763323856,42.88388068908217,-9.017325687831914,-2.8360387813039774
2019-06-28,46.730863550493474,40.80607666504731,-5.924786885446164,1.0528989050320186,1.033054227218064,1.5411465975573215,44.66718169663072,48.79454540435623,38.781290379699904,42.83086295039471,-8.945434216658514,-2.9041395542338133
2019-06-29,46.72155574965684,40.79868275362247,-5.922872996034364,1.0287677903307333,1.0096380889122956,1.5052570927964457,44.7051708806086,48.737940618705075,38.81979209935437,42.77757340789057,-8.873176897915398,-2.972569094153331
2019-06-30,46.670899288828736,40.80800368736786,-5.862895601460873,0.9027384085257345,1.0229571788912377,1.4119667994225602,44.901532008118295,48.440266569539176,38.803007616741034,42.81299975799468,-8.63035052832909,-3.095440674592655
2019-07-01,46.68668909327113,40.48185746287191,-6.204831630399221,0.8980556669793116,1.3610104565528638,1.781092701306924,44.926499985991676,48.44687820055058,37.814276968028295,43.14943795771552,-9.695773324960792,-2.7138899358376505
2019-07-02,46.896924331137406,40.560606837100295,-6.33631749403711,0.999765569719504,1.296093504036601,1.6757596522039282,44.93738381448718,48.856464847787635,38.02026356918856,43.10095010501203,-9.62080641235681,-3.051828575717411
2019-07-03,46.9318289265077,40.56454044773659,-6.367288478771108,0.9853478914330018,1.2694414888720404,1.6440605277150042,45.000547059299016,48.86311079371638,38.07643512954739,43.05264576592579,-9.589647113092516,-3.1449298444497003
2019-07-04,46.965012196915104,40.568262607811704,-6.396749589103404,0.9698345666592582,1.2424668269213774,1.6115737273714603,45.06413644626296,48.86588794756725,38.133027627045806,43.0034975885776,-9.555434094751465,-3.238065083455342
2019-07-05,46.99658913353764,40.571790255772385,-6.42479887776525,0.9533510558629402,1.215205077462416,1.578385016841033,45.12802106404628,48.865157203029,38.18998830394605,42.95359220759872,-9.518433510773674,-3.3311642447568253
2019-07-06,46.97095569337333,40.575134278356025,-6.395821415017301,0.9357644556215768,1.1877279268438086,1.5463405399197856,45.13685736035504,48.805054026391616,38.24718754174216,42.90308101496989,-9.426648873260081,-3.3649939567745215
2019-07-07,46.94633252660998,40.578306614642884,-6.3680259119670914,0.9176778427391952,1.1600739693773454,1.5137104494110802,45.147683954841156,48.7449810983788,38.30456163466329,42.85205159462248,-9.334898392812809,-3.401153431121374
2019-07-08,46.92264818303156,40.58131909347117,-6.341329089560388,0.899131157010946,1.1322615748870652,1.4805472936060435,45.160351115290105,48.68494525077302,38.362086406692526,42.80055178024982,-9.243201785028234,-3.4394563940925433
2019-07-09,46.94935780931308,40.50319082437215,-6.446166984940929,0.8491800939694117,1.065728809995571,1.3872488559681637,45.28496482513303,48.613750793493125,38.41436235678083,42.59201929196347,-9.16517474263853,-3.7271592272433276
2019-07-10,46.927071064045904,40.45365720749902,-6.473413856546886,0.8335361142551081,1.0600836862394858,1.3571071041677665,45.293340280105895,48.560801847985914,38.375893182469625,42.531421232528416,-9.133343780715709,-3.8134839323780634
2019-07-11,46.846440611298945,40.406361193010746,-6.4400794182882,0.8782417517631783,1.0518943403767889,1.3306471225785725,45.125086777843116,48.567794444754774,38.34464828587224,42.46807410014925,-9.048147778542202,-3.8320110580341984
2019-07-12,46.76944549682597,40.42190626198572,-6.347539234840254,0.9117786671100903,1.0259610860676465,1.349297646928548,44.982359309290196,48.55653168436175,38.411022533293135,42.4327899906783,-8.992162622820208,-3.7029158468603
2019-07-13,46.758271718148706,40.37401716150959,-6.384254556639112,0.8868837172601025,1.0171499739387484,1.3186716087961678,45.01997963231891,48.4965638039785,38.38040321258964,42.36763111042954,-8.9688509098796,-3.7996582033986233
2019-07-14,46.63302307521732,40.043314966456784,-6.589708108760532,0.8590294987721417,1.3101431314127976,1.4717037813097882,44.94932525762392,48.316720892810714,37.4754344288877,42.611195504025865,-9.474247520127717,-3.705168697393347
2019-07-15,46.63000566402462,40.13223853869354,-6.497767125331086,0.8355864574125321,1.3311826116982965,1.4886838308202834,44.99225620749606,48.26775512055318,37.52312061976488,42.7413564576222,-9.41558743373884,-3.57994681692333
2019-07-16,46.6465965568435,40.42899711846593,-6.2175994383775715,0.855755569926044,1.4501443526798223,1.5532450569583647,44.969315639788455,48.32387747389854,37.58671418721348,43.27128004971838,-9.261959750015967,-3.1732391267391766
2019-07-17,46.643905387646434,40.437885784250675,-6.206019603395753,0.8328652864016062,1.4160257061602497,1.5146248599798464,45.011489426299285,48.276321348993584,37.66247540017658,43.21329616832477,-9.174684328956252,-3.2373548778352546
2019-07-18,46.69873650887801,40.446681945327036,-6.252054563550968,0.8338740277190542,1.381893207783393,1.4823707367579335,45.06434341454866,48.333129603207354,37.73817125807159,43.155192632582484,-9.157501207596518,-3.346607919505418
2019-07-19,46.75032197026808,40.45533988716106,-6.29498208310702,0.8314235204398975,1.3477992588945518,1.4492763016792405,45.12073187020588,48.379912070330285,37.813653339727736,43.09702643459438,-9.13556363439833,-3.4544005318157085
2019-07-20,46.79891294134465,40.4638320043483,-6.335080936996351,0.8260718279333451,1.3137606033363984,1.4155035811979397,45.1798121585953,48.41801372409401,37.88886122180896,43.038802786887636,-9.109467956144313,-3.5606939178483894
2019-07-21,46.78170453962926,40.47213050035841,-6.309574039270849,0.8035095687255587,1.2798198829569762,1.3796267264760043,45.20682578492716,48.35658329433136,37.96368352976274,42.98057747095408,-9.013642423163818,-3.605505655377881
2019-07-22,46.765361885495274,40.480218759119815,-6.285143126375462,0.7811708337110067,1.2459958416217018,1.3438432843200894,45.2342670514217,48.296456719568845,38.03806690954128,42.92237060869835,-8.919075963642836,-3.6512102891080866
2019-07-23,46.76350363811459,40.74857338494529,-6.014930253169306,0.8150094607510295,1.320375319891457,1.4019962942551085,45.166085095042575,48.36092218118661,38.160637757958035,43.33650901193254,-8.762842989909318,-3.267017516429293
2019-07-24,46.68968444370069,40.80263511252967,-5.887049331171021,0.8462956808933089,1.303661722219429,1.4557825334852534,45.03094490914981,48.348423978251574,38.24745813697959,43.357812088079754,-8.740383096802118,-3.0337155655399237
2019-07-25,46.68251233796979,40.85388234236277,-5.828629995607014,0.8206104632880817,1.2847200793386404,1.4331770460150934,45.07411582992515,48.29090884601443,38.33583098685904,43.37193369786651,-8.637657005796598,-3.019602985417431
2019-07-26,46.73986404604672,40.837689270951984,-5.902174775094738,0.8192428710016924,1.2507169183221158,1.4125469932741803,45.1341480188834,48.34558007321004,38.38628411104064,43.28909443086333,-8.670766881912131,-3.1335826682773447
2019-07-27,46.400999730309536,40.82889370761378,-5.572106022695761,1.1075999839214659,1.0883280121906058,1.437162498703011,44.230103761823464,48.57189569879561,38.695770803720194,42.962016611507366,-8.388944520153661,-2.7552675252378593
2019-07-28,46.805203822951434,40.81878843357546,-5.986415389375973,1.4560579163272733,1.0857033117449857,1.5970918270418308,43.95133030694998,49.65907733895289,38.69080994255529,42.946766924595636,-9.116715370377962,-2.856115408373985
2019-07-29,46.79227448342143,40.80991241097644,-5.982362072444989,1.4246011974603192,1.0609329859630923,1.5588277730240743,44.0000561363992,49.58449283044366,38.730483758488774,42.8893410634641,-9.037664507572174,-2.9270596373178033
2019-07-30,46.926603138997535,40.66631162904765,-6.260291509949886,1.426203733580868,1.0455819650550189,1.6954706072985317,44.131243821179034,49.72196245681604,38.61697097753981,42.71565228055549,-9.5834139002550085,-2.9371691196447642
2019-07-31,46.90885978509388,40.6640762461139,-6.244783538979986,1.3974864664887228,1.0217803777430616,1.6584885912763936,44.16978631077598,49.64793325941178,38.6613867057375,42.6667657864903,-9.495421177881717,-2.9941459000782547
2019-08-01,46.94602591238065,40.607234177792506,-6.338791734588139,1.3717920920699578,1.0253475095928355,1.660789209766603,44.25731341192353,49.63473841283776,38.59755305899055,42.61691529659446,-9.593938585730681,-3.083644883445597
2019-08-02,46.98108918720389,40.55282723527209,-6.428261951931802,1.345056239763223,1.0253155156610412,1.6573178103673256,44.34477895726798,49.61739941713981,38.54320882457645,42.56244564596773,-9.67660486025176,-3.179919043611844
2019-08-03,47.01419204589481,40.50075363724503,-6.513438408649781,1.3174386339425752,1.022140034959057,1.6488607658147612,44.43201232336736,49.59637176842226,38.49735916872528,42.504148105764784,-9.745205509646713,-3.2816713076528496
2019-08-04,46.985596001334685,40.510789988624424,-6.47480601271026,1.2896546517123073,0.9951673940536412,1.6109176838611148,44.45787288397856,49.51331911869081,38.560261896279286,42.46131808096956,-9.632204673078045,-3.3174073523424745
2019-08-05,46.9583060892378,40.519962815860154,-6.4383432733776464,1.26136080007959,0.9683749932063861,1.5726150791822768,44.48603892108181,49.430573257393796,38.62194782917564,42.41797780254467,-9.520668828574909,-3.356017718180384
2019-08-06,47.08099100273711,40.523519586529254,-6.557471416207849,1.2653174271763634,0.8829869900745808,1.5251387297676982,44.600968845471435,49.56101316000278,38.792865085983074,42.254174087075434,-9.546743326552537,-3.5681995058631606
2019-08-07,46.99217760090059,40.530806653357,-6.461370947543596,1.2886432550695184,0.86022473443141,1.5368601673841817,44.46643682096433,49.517918380836846,38.844766173871434,42.21684713284256,-9.473616875616592,-3.4491250194706
2019-08-08,46.90729905778789,40.598427675844164,-6.308871381943724,1.3041212805236257,0.8772606224132606,1.6173838758032162,44.351221347961584,49.46337676761419,38.878996855914174,42.31785849577415,-9.478943778518028,-3.13879898536942
2019-08-09,46.82622210872039,40.6623831348391,-6.1638389738812895,1.3129315616922217,0.8879901619081457,1.6768265864427623,44.252876247803634,49.39956796963714,38.92192241749913,42.40284385217906,-9.450419083309104,-2.8772588644534753
2019-08-10,46.82852503514343,40.63558383422979,-6.192941200913641,1.1627479498943303,0.7854849915460773,1.482094773079339,44.54953905335054,49.107511016936314,39.09603325079948,42.175134417660104,-9.097846956149144,-3.2880354456781364
2019-08-11,46.647873280500946,40.47721768264105,-6.1706555978598985,1.1790011043913147,0.7909213633354149,1.3307992029345586,44.33703111589397,48.95871544510792,38.927011810503636,42.02742355477846,-8.779022035611632,-3.562289160108164
2019-08-12,46.690927534335394,40.482004764775006,-6.208922769560389,1.1681607260412339,0.7736920622455644,1.3071885194967703,44.40133251129458,48.98052255737621,38.9655683227737,41.99844120677631,-8.771012267774058,-3.6468332713467193
2019-08-13,46.862742420335735,40.53349442701675,-6.329247993318982,1.2075838144912803,0.7610574410251467,1.314288949861147,44.49587814393283,49.22960669673864,39.04182184260746,42.025167011426035,-8.90525433504683,-3.7532416515911344
2019-08-14,46.84647871701646,40.58352185908987,-6.262956857926583,1.1841276531328977,0.7797413032644697,1.320895796870062,44.52558851687598,49.16736891715694,39.05522890469151,42.11181481348823,-8.851912619791905,-3.6740010960612612
2019-08-15,46.780336904642986,40.632283075119425,-6.148053829523561,1.194648486986687,0.794270021055823,1.3905543905722395,44.43882587014908,49.12184793913689,39.07551383385001,42.18905231638884,-8.87354043504515,-3.4225672240019716
2019-08-16,46.716515988930276,40.6797102757648,-6.036805713165475,1.2008159126350486,0.8051196167379552,1.4456571178340731,44.36291680016558,49.07011517769497,39.101675826958406,42.25774472457119,-8.870293664120258,-3.203317762210692
2019-08-17,46.70868142256188,40.67203657784881,-6.036644844713069,1.1723911413291073,0.7838240908622301,1.4064854654135557,44.41079478555683,49.00656805956693,39.13574135975884,42.208331795938776,-8.793356356923638,-3.2799333325025
2019-08-18,46.70072184672165,40.60973473535805,-6.090987111363595,1.1440667264975182,0.7990392829725849,1.3806041027590166,44.45835106278651,48.943092630656786,39.04361774073179,42.175851729984316,-8.796971152771267,-3.3850030699559226
2019-08-19,46.69269074825539,40.6079972955946,-6.084693452660788,1.1158254011406994,0.776137101484841,1.3422097728130653,44.50567296201962,48.87970853449116,39.086768576684314,42.12922601450489,-8.715424607374395,-3.4539622979471796
2019-08-20,46.68790562934947,40.69252887280302,-5.995376756546453,1.0889510633456132,0.7647046376231593,1.256303301599276,44.55356154519207,48.82224971350688,39.193707783061626,42.19134996254441,-8.457731227681034,-3.5330222854118727
2019-08-21,46.67471116933722,40.65421686471365,-6.020494304623566,1.0295052419738295,0.6995821141144507,1.183391704262673,44.65688089506852,48.692541443605926,39.28303592104933,42.025397808377974,-8.339942044978404,-3.7010465642687267
2019-08-22,46.67110416475362,40.65169623503828,-6.0194079297153396,1.0058020653075765,0.682673518099342,1.1535564403055731,44.69973211675077,48.64247621275647,39.31365613956357,41.98973633051299,-8.280378552714263,-3.758437306716416
2019-08-23,46.66700734776799,40.649382142413494,-6.017625205354501,0.9821924915978363,0.6658319680131918,1.1240314213504865,44.74191006423624,48.59210463129975,39.34435148510764,41.95441279971935,-8.220726791201454,-3.814523619507548
2019-08-24,46.71647436991902,40.64725990649399,-6.069214463425026,0.9761926393613795,0.6490801795285961,1.111149521822815,44.803136796770715,48.629811943067324,39.37506275461794,41.91945705837004,-8.247067526197743,-3.891361400652309
2019-08-25,46.909855470086235,40.489726138799924,-6.420129331286307,0.9707942540146361,0.7035915719588924,1.2812878676201414,45.00709873221755,48.81261220795492,39.110686657760496,41.86876561983935,-8.931453551821784,-3.90880511075083
2019-08-26,46.94261077087971,40.49599164019194,-6.4466191306877745,0.9541582915573744,0.6868644781256498,1.249752306084148,45.07246051942726,48.81276102233216,39.14973726306567,41.84224601731821,-8.896133650612704,-3.9971046107628445
2019-08-27,47.047878499432315,40.407956133024385,-6.639922366407932,0.9997089047351643,0.6962400193876024,1.380268443425629,45.088449046151396,49.007307952713234,39.043325695024684,41.772586571024085,-9.345248515522165,-3.934596217293699
2019-08-28,47.02274863776757,40.41724226509702,-6.60550637267054,0.9820446474961574,0.6813440718025277,1.3556218868628769,45.0979411286751,48.94755614686004,39.08180788436407,41.75267664582998,-9.262525270921778,-3.9484874744193013
2019-08-29,46.998313822481464,40.47963635921772,-6.518677463263744,0.964003290328548,0.7182684907723451,1.3765387927449697,45.10886737343751,48.887760271525416,39.071830117303925,41.88744260113152,-9.216693497043885,-3.8206614294836037
2019-08-30,46.974549512648494,40.5397041377572,-6.434845374891294,0.9455982666811474,0.7468804740563807,1.3909945052023898,45.12117690995345,48.82792211534354,39.07581840860669,42.0035898669077,-9.161194605087978,-3.7084961446946103
2019-08-31,46.95146328840846,40.540767763364045,-6.410695525044418,0.9268631212291653,0.7263524239072844,1.3583750053118637,45.1348115707993,48.768115006017624,39.117117012505766,41.964418514222324,-9.07311053545567,-3.7482805146331653
2019-09-01,46.85065360395629,40.39833774698531,-6.452315856970976,0.9035617958219396,0.7359478978620179,1.2690547241373304,45.079672484145284,48.62163472376729,38.95587986717576,41.840795626794865,-8.939663116280144,-3.9649685976618088
2019-09-02,46.781833289739346,40.407710335521934,-6.374122954217414,0.9313805250517693,0.7178201064244775,1.2863147222740692,44.95632746063788,48.60733911884081,39.00078292692996,41.81463774411391,-8.89529980987459,-3.852946098560239
2019-09-03,46.73106902551963,40.695010625822526,-6.036058399697105,0.857197854665127,1.1009466365244496,1.5118245621009636,45.05096123037598,48.41117682066328,38.5371552182346,42.85286603341045,-8.999234541414994,-3.0728822579792165
2019-09-04,46.776324158592324,40.69186821648721,-6.084455942105121,0.8523596988187011,1.0758922552787968,1.488033637942387,45.10569914890767,48.44694916827698,38.583119396140766,42.80061703683365,-9.0010018724722,-3.1679100117380425
2019-09-05,46.81925115751063,40.63356645904128,-6.185684698469345,0.8453918337678179,1.0784442592647459,1.508031615119291,45.162283163325704,48.47621915169555,38.519815710882384,42.74731720720018,-9.141426664103156,-3.2299427328355343
2019-09-06,46.859984011276545,40.57776892963607,-6.282215081640469,0.8365861644322535,1.0773941102572906,1.520069280321122,45.22027512898933,48.49969289356376,38.466076473531785,42.68946138574036,-9.261550871069868,-3.3028792922110704
2019-09-07,46.8986393853289,40.58298638327098,-6.31565300205792,0.8261911975221492,1.0496642277825743,1.4851885399146967,45.27930463818549,48.51797413247231,38.52564449681713,42.640328269724826,-9.226622540290727,-3.4046834638251147
2019-09-08,46.93535594013452,40.58762564633939,-6.347730293795126,0.8144084723486591,1.0220996002505836,1.450097809265654,45.33911533433115,48.531596545937894,38.584310429848244,42.590940862830536,-9.189921999955807,-3.5055385876344447
2019-09-09,46.908284325032085,40.59176406232347,-6.316520262708612,0.7964514840234137,0.9947022237766693,1.4135804675835104,45.34723941634619,48.46932923371798,38.6421477037212,42.54138042092574,-9.087137979172292,-3.5459025462449314
2019-09-10,47.16302946377879,40.53399598704144,-6.629033476737351,1.0792325761596846,0.8886893711657983,1.514317740682462,45.04773361450581,49.278325313051774,38.792164819556476,42.27582715452641,-9.597096248474976,-3.660970704999725
2019-09-11,47.12898142516429,40.53972648780132,-6.5892549373629725,1.0624424760805786,0.8667708075802132,1.4858717990246195,45.046594172046355,49.21136867828223,38.8408557049441,42.23859727065854,-9.501563663451227,-3.676946211274718
2019-09-12,47.09613239220152,40.545136296767545,-6.550996095433969,1.0447314418308098,0.8448819346291973,1.4565963139762,45.04845876621313,49.143806018189906,38.88916770489432,42.20110488864077,-9.40592487082732,-3.696067320040617
2019-09-13,47.06445479179317,40.611418782970475,-6.453036008822691,1.0261886477292317,0.8627095088516237,1.4733227344651247,45.05312504224387,49.075784541342465,38.92050814562129,42.30232942031966,-9.340748568374336,-3.5653234492710464
2019-09-14,46.971183259702606,40.67416076875279,-6.2970224909498125,1.0674020006771519,0.8741888265667482,1.5628159862191116,44.87907533837539,49.063291181029825,38.96075066868197,42.387570868823616,-9.360141823939271,-3.233903157960354
2019-09-15,46.78618659048246,40.537605110667855,-6.248581479814607,1.0163493625906868,0.9079598982773044,1.4942135026102417,44.79414183980471,48.77823134116021,38.758003710044335,42.317206511291374,-9.177239944930681,-3.3199230146985337
2019-09-16,46.72003862469209,40.593053579154144,-6.1269850455379435,1.0327544337140102,0.919018380609364,1.5512706939688727,44.69583993461263,48.744237314771546,38.79177755315979,42.3943296051485,-9.167475605716934,-3.086494485358953
2019-09-17,46.76601814515953,40.721490132759385,-6.0445280124001455,0.9614494216474294,0.9084483980288044,1.4345898330017428,44.88157727873057,48.65045901158849,38.940931272622926,42.502048992895844,-8.85632408508356,-3.2327319397167296
2019-09-18,46.756938591555425,40.71216801308831,-6.044770578467112,0.9386420549317122,0.8857758254705492,1.395894835328562,44.91720016388927,48.59667701922158,38.976047395166034,42.448288631010584,-8.780724455711095,-3.3088167012231304
2019-09-19,46.80324999482319,40.70378635722618,-6.09946363759701,0.9297228400500971,0.8631998648177817,1.3702338911660767,44.980993228325,48.62550676132138,39.011914622183326,42.39565809226903,-8.78512206428252,-3.4138052109114994
2019-09-20,46.8469317850781,40.69623491316692,-6.150696871911184,0.918784456650923,0.8407455698441244,1.3431957571627464,45.04611425004229,48.64774932011391,39.048373596272434,42.3440962300614,-8.783360555950168,-3.5180331878722013
2019-09-21,46.8881564526996,40.68942111452832,-6.198735338171273,0.9061287991486884,0.8184398635585053,1.3150318040272888,45.11214400636817,48.664168899031026,39.08527898195365,42.293563247102995,-8.77619767406476,-3.6212730022777873
2019-09-22,46.92709881919347,40.68326339170821,-6.243835427485259,0.8920007481659268,0.796290767413527,1.2859364773004645,45.17877735278825,48.67542028559868,39.1225334875777,42.24399329583872,-8.76427092299417,-3.723399931976349
2019-09-23,46.96393447159915,40.67768964810147,-6.286244823497685,0.8765947065323253,0.7742888923569735,1.256052943591566,45.245808846795796,48.68206009640251,39.1600834190818,42.19529587712114,-8.748108592937154,-3.824381054058216
2019-09-24,46.918416820686744,40.54275531016249,-6.375661510524253,0.8098267652139581,0.8485528931452287,1.0810226688972746,45.33115636086739,48.5056772805061,38.87959163959784,42.20591898072714,-8.494465941562911,-4.256857079485595
2019-09-25,46.896111941347286,40.59558309060689,-6.300528850740397,0.7950807746537629,0.863540004618661,1.1039009279696512,45.33775362302591,48.45447025966866,38.90304468155431,42.28812149965946,-8.464174669560913,-4.136883031919881
2019-09-26,46.87484492665047,40.593776514852536,-6.281068411797931,0.7799154368355206,0.8430891567869825,1.0783620457932388,45.34621067045285,48.40347918284809,38.94132176755005,42.24623126215502,-8.39465802155268,-4.167478802043183
2019-09-27,46.85754858417573,40.58559969451345,-6.271948889662281,0.7562013671661291,0.8148735009080826,1.0433690024322295,45.37539390453012,48.33970326382134,38.9884476327336,42.18275175629329,-8.316952134429451,-4.22694564489511
2019-09-28,46.838395578490335,40.58499937239775,-6.253396206092581,0.7409326046013543,0.79508387320647,1.0189011545758475,45.38616767347168,48.29062348350899,39.02663498091307,42.143363763882434,-8.250442469061241,-4.25634994312392
2019-09-29,46.82003693167294,40.641707850800536,-6.178329080872407,0.725363973268137,0.8122322954892367,1.04098717838621,45.39832354406739,48.24175031927849,39.04973255164163,42.23368314995944,-8.218663950509379,-4.137994211235435
2019-09-30,47.092354661103926,40.69643873918238,-6.3959159219215405,0.875028471299535,0.7399567343434469,1.152134576110927,45.377298857356834,48.80741046485102,39.24612353986923,42.146753938495536,-8.654099691098956,-4.137732152744124
2019-10-01,47.09689740834258,40.8764830123999,-6.2204143959426705,0.8374408894748998,0.8658223539404631,1.1774784489508847,45.45551326497177,48.738281551713385,39.179471198676595,42.57349482612321,-8.528272155886405,-3.9125566359989365
2019-10-02,47.08842134568978,40.850337812473086,-6.2380835332166935,0.872313544661404,0.809963287159233,1.1591965138642288,45.37868679815343,48.79815589322613,39.26280976964099,42.43786585530518,-8.510108700390582,-3.966058366042805
2019-10-03,47.066900339572,40.884654661725435,-6.182245677846568,0.861160110112281,0.8099570395824159,1.1682205914121657,45.37902652375193,48.75477415539207,39.297138864143896,42.47217045930697,-8.471958037014414,-3.892533318678723
2019-10-04,46.99712569837625,40.96638793261311,-6.0307377657631385,0.9055549700392752,0.8761373609591715,1.343063948521097,45.222237957099274,48.77201343965323,39.249158705133134,42.683617160093085,-8.663143104864488,-3.3983324266617885
2019-10-05,46.92896037317187,41.045749676193566,-5.883210696978304,0.9414604761223829,0.9286455112414095,1.4779317688787084,45.083697839972,48.77422290637174,39.225604474160406,42.865894878226726,-8.779956963980572,-2.986464429976035
2019-10-06,46.914209065382444,41.070999635461526,-5.843209429920921,0.921756033616929,0.9137109808864322,1.4537143310707832,45.107567239493264,48.720850891271624,39.280126112924115,42.861873157998936,-8.692489518819656,-2.993929341022186
2019-10-07,46.95270819309789,41.04235404333214,-5.910354149765749,0.9067658115287323,0.8949723015181582,1.4308057804140641,45.17544720250157,48.72996918369421,39.28820833235655,42.79649975430773,-8.714733479377315,-3.1059748201541835
2019-10-08,46.66574419546339,41.2890506635775,-5.376693531885895,1.0817304506336962,1.2377286380446566,1.7656673073965823,44.54555251222135,48.78593587870543,38.86310253300997,43.714998794145025,-8.837401454383196,-1.9159856093885934
2019-10-09,46.68350089009882,41.12345041139324,-5.560050478705572,1.0393879061502698,1.2795038954373066,1.7462331229948629,44.64630059404429,48.72070118615335,38.615622776336124,43.63127804645036,-8.982667399775503,-2.1374335576356405
2019-10-10,46.94380587552726,41.240338177848074,-5.703467697679187,1.182770351333745,1.2630198962303216,1.659656924513922,44.62557598691312,49.2620357641414,38.764819181236646,43.7158571744595,-8.956395269726475,-2.4505401256318997
2019-10-11,46.94380587552726,41.240338177848074,-5.703467697679187,1.182770351333745,1.2630198962303216,1.659656924513922,44.62557598691312,49.2620357641414,38.764819181236646,43.7158571744595,-8.956395269726475,-2.4505401256318997
2019-10-12,46.970956540728245,41.21287372549074,-5.758082815237509,1.1639195684156527,1.2438301465425634,1.6415800114852253,44.68967418663357,49.25223889482292,38.774966638267315,43.65078081271416,-8.97557963774855,-2.540585992726468
2019-10-13,47.010359099802464,40.89031925547182,-6.120039844330641,1.0865440383640723,1.4336258466313871,1.808312434190742,44.88073278460888,49.13998541499605,38.080412596074304,43.70022591486934,-9.664332215344496,-2.575747473316787
2019-10-14,47.033113224441884,40.78609394248042,-6.247019281961463,1.0690835400765717,1.483176405447434,1.8618032935820044,44.9377094858918,49.12851696299197,37.87906818780345,43.69311969715739,-9.89615373738219,-2.5978848265407346
2019-10-15,47.247181094808965,40.71823566950933,-6.528945425299635,1.2092199978773164,1.4530414014759068,1.8553174177922391,44.87710989896942,49.61725229064851,37.870274522616555,43.56619681640211,-10.165367564172424,-2.8925232864268464
2019-10-16,47.213405652471906,40.672118535172686,-6.54128711729922,1.1952630993735762,1.4388571950197409,1.8139630464901277,44.8706899776997,49.556121327244114,37.85195843293399,43.49227863741138,-10.09665468841987,-2.9859195461785695
2019-10-17,47.180688041808935,40.67532357885752,-6.505364462951409,1.180173348473937,1.4054714267993504,1.7770663058216158,44.867548278800015,49.493827804817855,37.920599582330794,43.43004757538425,-9.988414422361776,-3.022314503541042
2019-10-18,47.09861104688224,40.727994631141414,-6.370616415740828,1.2115256347463175,1.3877909154103594,1.8270353705697961,44.72402080277946,49.473201290985024,38.00792443693711,43.44806482534572,-9.951605742057628,-2.789627089424027
2019-10-19,47.09861104688224,40.727994631141414,-6.370616415740828,1.2115256347463175,1.3877909154103594,1.8270353705697961,44.72402080277946,49.473201290985024,38.00792443693711,43.44806482534572,-9.951605742057628,-2.789627089424027
2019-10-20,47.09861104688224,40.72799463114141,-6.370616415740827,1.2115256347463175,1.3877909154103594,1.8270353705697961,44.72402080277946,49.473201290985024,38.0079244369371,43.44806482534571,-9.951605742057627,-2.7896270894240263
2019-10-21,47.27590583282268,40.83647292566726,-6.4394329071554175,1.257289600933946,1.3492743627446093,1.7422287175105269,44.811618214992144,49.740193450653216,38.19189517468782,43.481050676646696,-9.854201193476051,-3.024664620834785
2019-10-22,47.38579246830042,40.969118361246196,-6.41667410705423,1.2271543732440309,1.3504222949376683,1.6247549242785717,44.980569896742125,49.79101503985872,38.32229066316837,43.615946059324024,-9.60119375864023,-3.2321544554682293
2019-10-23,47.38579246830042,40.96911836124619,-6.416674107054229,1.2271543732440309,1.350422294937668,1.6247549242785717,44.980569896742125,49.79101503985872,38.32229066316836,43.61594605932402,-9.60119375864023,-3.2321544554682284
2019-10-24,47.385792468300416,40.96911836124619,-6.416674107054229,1.2271543732440309,1.350422294937668,1.6247549242785715,44.98056989674212,49.79101503985871,38.32229066316836,43.61594605932402,-9.601193758640228,-3.232154455468229
2019-10-25,47.38579246830042,40.969118361246196,-6.41667410705423,1.2271543732440309,1.3504222949376683,1.6247549242785717,44.980569896742125,49.79101503985872,38.32229066316837,43.615946059324024,-9.60119375864023,-3.2321544554682293
2019-10-26,47.007485869901934,41.62023962649968,-5.387246243402252,1.398282535190671,1.897438991132401,2.7211928189013017,44.26685210092822,49.74811963887565,37.90125920388017,45.33922004911919,-10.720784168448803,-0.05370831835570122
2019-10-27,47.007485869901934,41.62023962649968,-5.387246243402253,1.398282535190671,1.8974389911324012,2.7211928189013017,44.26685210092822,49.74811963887565,37.90125920388017,45.33922004911919,-10.720784168448805,-0.05370831835570211
2019-10-28,47.25682825411674,41.45278823709958,-5.804040017017157,1.369226506867541,1.7450875401075738,2.6175519930298434,44.57314430065636,49.94051220757712,38.032416658488735,44.87315981571043,-10.93444192335565,-0.673638110678664
2019-10-29,47.268525034536744,41.65499835164491,-5.613526682891826,1.2962751798971395,1.7731450223744005,2.5461961194709373,44.72782568193835,49.80922438713514,38.17963410779109,45.13036259549874,-10.604071077054863,-0.6229822887287888
2019-10-30,47.600495249735005,41.802572808952334,-5.797922440782672,1.461758065308214,1.68705418685825,2.4084724335194854,44.73544944173091,50.4655410577391,38.49594660271016,45.109199015194505,-10.518528410480863,-1.0773164710844814
2019-10-31,47.600495249735005,41.802572808952334,-5.797922440782672,1.461758065308214,1.68705418685825,2.4084724335194854,44.73544944173091,50.4655410577391,38.49594660271016,45.109199015194505,-10.518528410480863,-1.0773164710844814
2019-11-01,47.600495249735005,41.802572808952334,-5.797922440782673,1.461758065308214,1.68705418685825,2.4084724335194854,44.73544944173091,50.4655410577391,38.49594660271016,45.109199015194505,-10.518528410480865,-1.0773164710844823
2019-11-02,47.59616340104647,41.71020653240613,-5.885956868640336,1.4028873906813182,1.6548854198787435,2.3432063875775913,44.846504115311085,50.34582268678185,38.466631109443796,44.95378195536847,-10.478641388292415,-1.293272348988257
2019-11-03,47.59616340104647,41.710206532406126,-5.885956868640336,1.4028873906813182,1.6548854198787435,2.343206387577591,44.846504115311085,50.34582268678185,38.46663110944379,44.95378195536846,-10.478641388292413,-1.2932723489882578
2019-11-04,47.59616340104646,41.710206532406126,-5.885956868640336,1.4028873906813182,1.6548854198787435,2.3432063875775913,44.84650411531108,50.345822686781844,38.46663110944379,44.95378195536846,-10.478641388292415,-1.293272348988257
2019-11-05,47.582090728634924,41.9108445937414,-5.67124613489352,1.3211631248152174,1.6619236035429144,2.286787862966567,44.9926110039971,50.17157045327275,38.65347433079729,45.168214856685516,-10.153350346307992,-1.189141923479049
2019-11-06,47.58209072863493,41.91084459374141,-5.671246134893521,1.3211631248152174,1.6619236035429146,2.286787862966567,44.992611003997105,50.17157045327276,38.653474330797295,45.16821485668552,-10.153350346307992,-1.18914192347905
2019-11-07,47.582090728634924,41.9108445937414,-5.671246134893521,1.3211631248152174,1.6619236035429144,2.286787862966567,44.9926110039971,50.17157045327275,38.65347433079729,45.168214856685516,-10.153350346307992,-1.18914192347905
2019-11-08,47.84325106435272,42.085269490967846,-5.757981573384876,1.371158946221777,1.5901612489993648,2.121107310274182,45.155779529758036,50.530722598947406,38.96855344292909,45.2019855390066,-9.915351901522271,-1.600611245247479
2019-11-09,47.84325106435273,42.085269490967846,-5.757981573384876,1.371158946221777,1.590161248999365,2.121107310274182,45.15577952975804,50.53072259894741,38.96855344292909,45.2019855390066,-9.915351901522271,-1.600611245247479
2019-11-10,47.743470126666956,41.70186501198834,-6.041605114678618,1.2788065886531854,1.7329367745595305,2.0799062207968144,45.23700921290671,50.2499310404272,38.30530893385166,45.098421090125015,-10.118221307440376,-1.964988921916862
2019-11-11,47.7366932227186,41.715345028612845,-6.021348194105752,1.2542892431103578,1.7004246746255374,2.0417891585089025,45.2782863062223,50.1951001392149,38.38251266634679,45.0481773908789,-10.0232549447832,-2.0194414434283026
2019-11-12,47.97546308307671,41.79114627116866,-6.184316811908051,1.3251840358970617,1.6074523835839314,1.9309939639796538,45.37810237271847,50.57282379343495,38.64053959934415,44.94175294299316,-9.969064981308172,-2.3995686425079295
2019-11-13,47.97546308307671,41.79114627116866,-6.184316811908051,1.3251840358970617,1.6074523835839314,1.9309939639796536,45.37810237271847,50.57282379343495,38.64053959934415,44.94175294299316,-9.969064981308172,-2.39956864250793
2019-11-14,47.975463083076704,41.79114627116866,-6.184316811908051,1.3251840358970617,1.6074523835839314,1.9309939639796538,45.378102372718466,50.57282379343494,38.64053959934415,44.94175294299316,-9.969064981308172,-2.3995686425079295
2019-11-15,47.93807818030953,41.83228153185465,-6.105796648454883,1.175440681917136,1.4392660989048836,1.7308547236609648,45.634214443751944,50.24194191686712,39.011319978001076,44.65324308570822,-9.498271906830375,-2.7133213900793924
2019-11-16,47.93807818030953,41.83228153185465,-6.105796648454884,1.175440681917136,1.4392660989048838,1.730854723660965,45.634214443751944,50.24194191686712,39.011319978001076,44.65324308570822,-9.498271906830375,-2.713321390079393
2019-11-17,47.93807818030954,41.832281531854655,-6.105796648454884,1.175440681917136,1.4392660989048838,1.730854723660965,45.63421444375195,50.24194191686713,39.01131997800108,44.653243085708226,-9.498271906830375,-2.713321390079393
2019-11-18,47.93807818030953,41.83228153185465,-6.105796648454883,1.1754406819171357,1.4392660989048836,1.7308547236609648,45.634214443751944,50.24194191686712,39.011319978001076,44.65324308570822,-9.498271906830375,-2.7133213900793924
2019-11-19,47.696915028100086,41.75851944294492,-5.938395585155163,1.1898073455066227,1.3311985213785067,1.641616496365545,45.36489263090711,50.028937425293066,39.14937034104305,44.367668544846794,-9.155963918031631,-2.720827252278695
2019-11-20,47.696915028100094,41.75851944294493,-5.938395585155163,1.1898073455066227,1.3311985213785067,1.6416164963655453,45.364892630907114,50.02893742529307,39.14937034104306,44.3676685448468,-9.155963918031631,-2.7208272522786947
2019-11-21,48.05482655093657,41.64462543817858,-6.410201112757983,1.2234917061650235,1.1816253372015098,1.6675608549141947,45.65678280685312,50.45287029502001,39.32863977726362,43.96061109909354,-9.678620388389804,-3.1417818371261617
2019-11-22,48.29702650859346,41.369615141065744,-6.927411367527722,1.2801199102358902,1.290936172515331,2.004502303885798,45.78799148453112,50.806061532655804,38.8393802429357,43.89985003919579,-10.856235883143885,-2.9985868519115586
2019-11-23,48.29702650859347,41.369615141065744,-6.927411367527722,1.2801199102358902,1.290936172515331,2.004502303885798,45.787991484531126,50.80606153265581,38.8393802429357,43.89985003919579,-10.856235883143885,-2.9985868519115586
2019-11-24,48.14758481006816,40.92994182295773,-7.21764298711043,1.22878964396107,1.5691818100095887,1.9649124878473083,45.73915710790446,50.55601251223186,37.85434547533894,44.00553817057652,-11.068871463291154,-3.3664145109297063
2019-11-25,48.14758481006816,40.92994182295773,-7.21764298711043,1.22878964396107,1.5691818100095887,1.9649124878473083,45.73915710790446,50.55601251223186,37.85434547533894,44.00553817057652,-11.068871463291154,-3.3664145109297063
2019-11-26,48.07812262484912,41.2493447807219,-6.8287778441272176,1.1604174867296475,1.7085290406686473,2.129508463734454,45.803704350859014,50.35254089883923,37.90062786101135,44.598061700432446,-11.002614433046748,-2.654941255207688
2019-11-27,48.07812262484913,41.249344780721906,-6.828777844127219,1.1604174867296475,1.7085290406686473,2.1295084637344543,45.80370435085902,50.35254089883924,37.90062786101136,44.59806170043245,-11.00261443304675,-2.6549412552076888
2019-11-28,48.07812262484912,41.2493447807219,-6.8287778441272184,1.1604174867296475,1.7085290406686473,2.1295084637344543,45.803704350859014,50.35254089883923,37.90062786101135,44.598061700432446,-11.002614433046748,-2.654941255207688
2019-11-29,48.07812262484912,41.249344780721906,-6.8287778441272184,1.1604174867296475,1.7085290406686473,2.1295084637344543,45.803704350859014,50.35254089883923,37.90062786101136,44.59806170043245,-11.002614433046748,-2.654941255207688
2019-11-30,48.07812262484912,41.249344780721906,-6.8287778441272184,1.1604174867296475,1.7085290406686473,2.1295084637344543,45.803704350859014,50.35254089883923,37.90062786101136,44.59806170043245,-11.002614433046748,-2.654941255207688
2019-12-01,48.07812262484912,41.249344780721906,-6.8287778441272184,1.1604174867296475,1.7085290406686473,2.1295084637344543,45.803704350859014,50.35254089883923,37.90062786101136,44.59806170043245,-11.002614433046748,-2.654941255207688
2019-12-02,48.07812262484912,41.249344780721906,-6.8287778441272184,1.1604174867296475,1.7085290406686473,2.1295084637344543,45.803704350859014,50.35254089883923,37.90062786101136,44.59806170043245,-11.002614433046748,-2.654941255207688
2019-12-03,48.26904912744538,41.94019300048699,-6.328856126958387,1.0670575127692554,1.6516366935260647,1.9382247782094126,46.177616402417634,50.36048185247312,38.7029850811759,45.17740091979808,-10.127776692248835,-2.5299355616679384
2019-12-04,48.26904912744538,41.940193000486985,-6.328856126958387,1.0670575127692554,1.6516366935260647,1.9382247782094126,46.177616402417634,50.36048185247312,38.702985081175896,45.177400919798075,-10.127776692248835,-2.5299355616679384
2019-12-05,48.26904912744538,41.94019300048699,-6.328856126958387,1.0670575127692554,1.6516366935260647,1.9382247782094129,46.177616402417634,50.36048185247312,38.7029850811759,45.17740091979808,-10.127776692248837,-2.529935561667938
2019-12-06,48.26904912744538,41.94019300048699,-6.328856126958387,1.0670575127692554,1.6516366935260647,1.9382247782094126,46.177616402417634,50.36048185247312,38.7029850811759,45.17740091979808,-10.127776692248835,-2.5299355616679384
2019-12-07,48.26904912744538,41.94019300048699,-6.328856126958387,1.0670575127692554,1.6516366935260647,1.9382247782094126,46.177616402417634,50.36048185247312,38.7029850811759,45.17740091979808,-10.127776692248835,-2.5299355616679384
2019-12-08,48.26904912744538,41.94019300048699,-6.328856126958387,1.0670575127692554,1.6516366935260645,1.9382247782094126,46.177616402417634,50.36048185247312,38.7029850811759,45.17740091979808,-10.127776692248835,-2.5299355616679384
2019-12-09,48.26904912744538,41.94019300048699,-6.328856126958387,1.0670575127692554,1.6516366935260647,1.9382247782094126,46.177616402417634,50.36048185247312,38.7029850811759,45.17740091979808,-10.127776692248835,-2.5299355616679384
2019-12-10,48.34232690163574,42.019250793639245,-6.323076107996491,0.9595814175766363,1.4977033424402426,1.7256574744073405,46.46154732318553,50.223106480085946,39.08375224245637,44.95474934482212,-9.705364757834879,-2.9407874581581037
2019-12-11,48.342326901635744,42.01925079363925,-6.323076107996492,0.9595814175766363,1.4977033424402428,1.7256574744073407,46.461547323185535,50.22310648008595,39.08375224245638,44.954749344822126,-9.70536475783488,-2.940787458158104
2019-12-12,48.342326901635744,42.01925079363925,-6.323076107996492,0.9595814175766364,1.4977033424402426,1.7256574744073407,46.461547323185535,50.22310648008595,39.08375224245638,44.954749344822126,-9.70536475783488,-2.940787458158104
2019-12-13,48.342326901635744,42.01925079363925,-6.323076107996492,0.9595814175766364,1.4977033424402428,1.7256574744073407,46.461547323185535,50.22310648008595,39.08375224245638,44.954749344822126,-9.70536475783488,-2.940787458158104
2019-12-14,48.342326901635744,42.01925079363925,-6.323076107996492,0.9595814175766363,1.4977033424402426,1.7256574744073405,46.461547323185535,50.22310648008595,39.08375224245638,44.954749344822126,-9.705364757834879,-2.9407874581581046
2019-12-15,48.342326901635744,42.01925079363925,-6.323076107996492,0.9595814175766364,1.4977033424402428,1.7256574744073407,46.461547323185535,50.22310648008595,39.08375224245638,44.954749344822126,-9.70536475783488,-2.940787458158104
2019-12-16,48.342326901635744,42.01925079363925,-6.323076107996492,0.9595814175766364,1.4977033424402428,1.7256574744073407,46.461547323185535,50.22310648008595,39.08375224245638,44.954749344822126,-9.70536475783488,-2.940787458158104
2019-12-17,48.754679356236515,42.28700811788534,-6.467671238351175,0.9117030089735678,1.1552037814479936,1.3076337322053737,46.96774145864832,50.54161725382471,40.022808706247275,44.55120752952341,-9.030633353473707,-3.904709123228643
2019-12-18,48.7370752013252,42.24229777539386,-6.494777425931342,0.8890938027694931,1.1379447420360946,1.275969048185235,46.99445134789699,50.479699054753404,40.01192608100311,44.472669469784606,-8.995676760374403,-3.993878091488281
2019-12-19,48.737075201325204,42.24229777539386,-6.494777425931343,0.8890938027694931,1.1379447420360946,1.275969048185235,46.994451347897,50.47969905475341,40.01192608100311,44.472669469784606,-8.995676760374403,-3.993878091488282
2019-12-20,48.737075201325204,42.24229777539386,-6.494777425931342,0.8890938027694931,1.1379447420360946,1.275969048185235,46.994451347897,50.47969905475341,40.01192608100311,44.472669469784606,-8.995676760374403,-3.993878091488281
2019-12-21,48.737075201325204,42.242297775393865,-6.494777425931343,0.8890938027694931,1.1379447420360946,1.275969048185235,46.994451347897,50.47969905475341,40.01192608100312,44.47266946978461,-8.995676760374403,-3.993878091488282
2019-12-22,48.7370752013252,42.24229777539386,-6.494777425931341,0.8890938027694931,1.1379447420360946,1.275969048185235,46.99445134789699,50.479699054753404,40.01192608100311,44.472669469784606,-8.995676760374401,-3.99387809148828
2019-12-23,48.737075201325204,42.24229777539386,-6.494777425931342,0.8890938027694931,1.1379447420360946,1.275969048185235,46.994451347897,50.47969905475341,40.01192608100311,44.472669469784606,-8.995676760374403,-3.993878091488281
2019-12-24,48.446830628575206,42.54452050413379,-5.902310124441412,0.9430312565175668,1.1435479407881535,1.5526941748640322,46.59848936580077,50.29517189134964,40.30316654018901,44.785874468078575,-8.945590707174915,-2.859029541707909
2019-12-25,48.446830628575206,42.54452050413379,-5.902310124441412,0.9430312565175668,1.1435479407881535,1.5526941748640322,46.59848936580077,50.29517189134964,40.30316654018901,44.785874468078575,-8.945590707174915,-2.859029541707909
2019-12-26,48.44683062857521,42.5445205041338,-5.902310124441413,0.9430312565175669,1.1435479407881535,1.5526941748640322,46.59848936580078,50.295171891349646,40.30316654018902,44.78587446807858,-8.945590707174915,-2.8590295417079097
2019-12-27,48.446830628575206,42.54452050413379,-5.902310124441412,0.9430312565175668,1.1435479407881535,1.5526941748640322,46.59848936580077,50.29517189134964,40.30316654018901,44.785874468078575,-8.945590707174915,-2.859029541707909
2019-12-28,48.44683062857521,42.5445205041338,-5.902310124441412,0.9430312565175668,1.1435479407881535,1.5526941748640322,46.59848936580078,50.295171891349646,40.30316654018902,44.78587446807858,-8.945590707174915,-2.859029541707909
2019-12-29,48.446830628575206,42.5445205041338,-5.902310124441412,0.9430312565175668,1.1435479407881535,1.5526941748640322,46.59848936580077,50.29517189134964,40.30316654018902,44.78587446807858,-8.945590707174915,-2.859029541707909
2019-12-30,48.226901326817746,42.606336508459705,-5.620564818358047,0.8481247865526691,0.9393258629994758,1.3256145979597305,46.56457674517451,49.88922590846098,40.765257816980736,44.447415199938675,-8.218769430359119,-3.0223602063569754
2019-12-31,48.76754864650194,42.564462984917434,-6.203085661584513,1.219584758057517,0.8314246073052013,1.5312321487447302,46.37716252070921,51.157934772294674,40.93487075459924,44.19405521523563,-9.204300673124184,-3.201870650044842
2020-01-01,48.76754864650195,42.564462984917434,-6.203085661584513,1.219584758057517,0.8314246073052014,1.5312321487447302,46.37716252070922,51.15793477229468,40.93487075459924,44.19405521523563,-9.204300673124184,-3.201870650044842
2020-01-02,48.76754864650194,42.564462984917434,-6.203085661584512,1.219584758057517,0.8314246073052014,1.5312321487447302,46.37716252070921,51.157934772294674,40.93487075459924,44.19405521523563,-9.204300673124184,-3.201870650044841
2020-01-03,48.76754864650194,42.564462984917434,-6.203085661584513,1.219584758057517,0.8314246073052014,1.5312321487447302,46.37716252070921,51.157934772294674,40.93487075459924,44.19405521523563,-9.204300673124184,-3.201870650044842
2020-01-04,48.76754864650194,42.564462984917434,-6.203085661584513,1.219584758057517,0.8314246073052014,1.53123214874473,46.37716252070921,51.157934772294674,40.93487075459924,44.19405521523563,-9.204300673124184,-3.2018706500448424
2020-01-05,48.76754864650194,42.564462984917434,-6.203085661584513,1.219584758057517,0.8314246073052014,1.5312321487447302,46.37716252070921,51.157934772294674,40.93487075459924,44.19405521523563,-9.204300673124184,-3.201870650044842
2020-01-06,48.76754864650195,42.564462984917434,-6.203085661584513,1.219584758057517,0.8314246073052014,1.5312321487447302,46.37716252070922,51.15793477229468,40.93487075459924,44.19405521523563,-9.204300673124184,-3.201870650044842
2020-01-07,48.6704964374096,42.53700386401447,-6.133492573395125,1.0103206278475374,0.7088647437906345,1.2699360837017715,46.690268006828425,50.65072486799077,41.147628966184826,43.92637876184412,-8.622567297450598,-3.6444178493396526
2020-01-08,48.67049643740959,42.537003864014466,-6.133492573395125,1.0103206278475372,0.7088647437906345,1.2699360837017712,46.69026800682842,50.65072486799076,41.147628966184826,43.926378761844106,-8.622567297450596,-3.644417849339653
2020-01-09,48.6704964374096,42.53700386401447,-6.133492573395125,1.0103206278475374,0.7088647437906345,1.2699360837017715,46.690268006828425,50.65072486799077,41.147628966184826,43.92637876184412,-8.622567297450598,-3.6444178493396526
2020-01-10,48.67049643740959,42.537003864014466,-6.133492573395125,1.0103206278475372,0.7088647437906346,1.2699360837017712,46.69026800682842,50.65072486799076,41.14762896618482,43.92637876184411,-8.622567297450596,-3.644417849339653
2020-01-11,48.67049643740959,42.537003864014466,-6.133492573395124,1.0103206278475372,0.7088647437906345,1.2699360837017712,46.69026800682842,50.65072486799076,41.147628966184826,43.926378761844106,-8.622567297450596,-3.644417849339652
2020-01-12,46.726139255216886,42.122350507532545,-4.603788747684339,2.28231560551006,0.68984671725223,1.927920398461446,42.252800668417166,51.199477842016606,40.770250941718174,43.474450073346915,-8.382512728668774,-0.8250647666999051
2020-01-13,46.726139255216886,42.122350507532545,-4.603788747684339,2.28231560551006,0.68984671725223,1.927920398461446,42.252800668417166,51.199477842016606,40.770250941718174,43.474450073346915,-8.382512728668774,-0.8250647666999051
2020-01-14,46.61639745605372,42.63347740714738,-3.9829200489063417,2.011205368684141,1.1680730751050574,1.9925877862058778,42.6744349334328,50.55835997867464,40.344054179941466,44.9229006343533,-7.888392109869862,-0.07744798794282115
2020-01-15,46.616397456053726,42.63347740714738,-3.9829200489063417,2.011205368684141,1.1680730751050574,1.9925877862058778,42.674434933432806,50.558359978674645,40.344054179941466,44.9229006343533,-7.888392109869862,-0.07744798794282115
2020-01-16,46.616397456053726,42.63347740714738,-3.9829200489063417,2.011205368684141,1.1680730751050574,1.9925877862058778,42.674434933432806,50.558359978674645,40.344054179941466,44.9229006343533,-7.888392109869862,-0.07744798794282115
2020-01-17,46.616397456053726,42.63347740714738,-3.982920048906342,2.011205368684141,1.1680730751050574,1.992587786205878,42.674434933432806,50.558359978674645,40.344054179941466,44.9229006343533,-7.888392109869863,-0.07744798794282115
2020-01-18,46.61639745605372,42.63347740714738,-3.9829200489063417,2.011205368684141,1.1680730751050574,1.9925877862058778,42.6744349334328,50.55835997867464,40.344054179941466,44.9229006343533,-7.888392109869862,-0.07744798794282115
2020-01-19,46.616397456053726,42.63347740714738,-3.982920048906342,2.011205368684141,1.1680730751050576,1.992587786205878,42.674434933432806,50.558359978674645,40.344054179941466,44.9229006343533,-7.888392109869863,-0.07744798794282115
2020-01-20,46.616397456053726,42.63347740714738,-3.982920048906342,2.011205368684141,1.1680730751050574,1.992587786205878,42.674434933432806,50.558359978674645,40.344054179941466,44.9229006343533,-7.888392109869863,-0.07744798794282115
2020-01-21,45.972031153017994,43.42795846132776,-2.5440726916902348,1.944762538369987,1.6445426172454185,2.805101773133193,42.16029657781282,49.783765728223166,40.20465493152674,46.651261991128784,-8.042072167031293,2.9539267836508234
2020-01-22,45.88640013485404,42.98425781324317,-2.9021423216108704,1.6728642759559644,1.6141125922474493,2.502546924537393,42.60758615398035,49.165214115727736,39.82059713243817,46.14791849404817,-7.807134293704161,2.00284965048242
2020-01-23,45.88640013485404,42.98425781324317,-2.90214232161087,1.6728642759559644,1.6141125922474493,2.5025469245373935,42.60758615398035,49.165214115727736,39.82059713243817,46.14791849404817,-7.807134293704161,2.002849650482421
2020-01-24,45.886400134854036,42.98425781324317,-2.90214232161087,1.6728642759559644,1.6141125922474493,2.5025469245373935,42.60758615398034,49.16521411572773,39.82059713243817,46.14791849404817,-7.807134293704161,2.002849650482421
2020-01-25,45.88640013485404,42.98425781324317,-2.90214232161087,1.6728642759559644,1.6141125922474493,2.5025469245373935,42.60758615398035,49.165214115727736,39.82059713243817,46.14791849404817,-7.807134293704161,2.002849650482421
2020-01-26,46.4042009856876,42.617655017663616,-3.786545968023988,1.5285654624857725,1.5106987651310388,2.5100010406503785,43.40821267921549,49.400189292159716,39.65668543800678,45.57862459732045,-8.70614800769873,1.133056071650754
2020-01-27,46.4042009856876,42.617655017663616,-3.786545968023988,1.5285654624857725,1.5106987651310388,2.5100010406503785,43.40821267921549,49.400189292159716,39.65668543800678,45.57862459732045,-8.70614800769873,1.133056071650754
2020-01-28,46.894325804099736,42.30614360346677,-4.588182200632962,1.5958625480339315,1.3617329015503936,2.514298770857802,43.76643520995323,50.02221639824624,39.637147116428004,44.97514009050554,-9.516207791514255,0.33984339024833066
2020-01-29,47.61081152600911,42.67452892373922,-4.9362826022698885,1.8353419742364907,1.3282453093971516,2.244598196295853,44.01354125650559,51.208081795512626,40.0711681173208,45.27788973015763,-9.33569506700976,-0.5368701375300162
2020-01-30,47.61081152600911,42.67452892373922,-4.9362826022698885,1.8353419742364907,1.3282453093971516,2.244598196295853,44.01354125650559,51.208081795512626,40.0711681173208,45.27788973015763,-9.33569506700976,-0.5368701375300162
2020-01-31,47.6108115260091,42.67452892373922,-4.936282602269888,1.8353419742364907,1.3282453093971516,2.244598196295853,44.013541256505576,51.208081795512626,40.0711681173208,45.27788973015763,-9.335695067009759,-0.5368701375300153
2020-02-01,47.6108115260091,42.67452892373922,-4.9362826022698885,1.8353419742364907,1.3282453093971516,2.244598196295853,44.013541256505576,51.208081795512626,40.0711681173208,45.27788973015763,-9.33569506700976,-0.5368701375300162
2020-02-02,47.6867424189448,42.5426293958629,-5.1441130230819,1.6771337396420778,1.2803411578738657,2.1208137570958536,44.39956028924633,50.973924548643275,40.033160726430125,45.05209806529568,-9.300907986989774,-0.9873180591740267
2020-02-03,47.68674241894481,42.54262939586291,-5.1441130230819,1.677133739642078,1.280341157873866,2.120813757095854,44.39956028924634,50.97392454864328,40.03316072643013,45.05209806529569,-9.300907986989774,-0.9873180591740258
2020-02-04,47.86843368925261,42.734636172050564,-5.133797517202046,1.5276071809689664,1.1890732609539596,1.8340236903297853,44.87432361455344,50.862543763951784,40.4040525805808,45.065219763520325,-8.728483950248425,-1.539111084155667
2020-02-05,47.868433689252605,42.734636172050564,-5.133797517202045,1.5276071809689664,1.1890732609539596,1.834023690329785,44.87432361455343,50.86254376395178,40.4040525805808,45.065219763520325,-8.728483950248425,-1.5391110841556666
2020-02-06,47.868433689252605,42.734636172050564,-5.133797517202045,1.5276071809689664,1.1890732609539596,1.8340236903297853,44.87432361455343,50.86254376395178,40.4040525805808,45.065219763520325,-8.728483950248425,-1.539111084155666
2020-02-07,47.86843368925261,42.734636172050564,-5.133797517202046,1.5276071809689664,1.1890732609539596,1.8340236903297853,44.87432361455344,50.862543763951784,40.4040525805808,45.065219763520325,-8.728483950248425,-1.539111084155667
2020-02-08,47.868433689252605,42.734636172050564,-5.133797517202045,1.5276071809689664,1.1890732609539596,1.834023690329785,44.87432361455343,50.86254376395178,40.4040525805808,45.065219763520325,-8.728483950248425,-1.5391110841556666
2020-02-09,47.74885145860763,43.009016536632615,-4.739834921975023,1.30704580398539,1.0728946384662847,1.685668791390128,45.18704168279627,50.310661234418994,40.90614304523869,45.11189002802654,-8.043745753099675,-1.4359240908503716
2020-02-10,47.74885145860763,43.009016536632615,-4.739834921975023,1.30704580398539,1.0728946384662847,1.6856687913901278,45.18704168279627,50.310661234418994,40.90614304523869,45.11189002802654,-8.043745753099673,-1.435924090850372
2020-02-11,47.928462459416934,42.81914340217779,-5.109319057239146,1.1810177778530764,1.0015329508026187,1.591919189003948,45.613667614824905,50.243257304008964,40.856138818604656,44.78214798575092,-8.229480667686884,-1.9891574467914084
2020-02-12,47.928462459416934,42.81914340217779,-5.109319057239146,1.1810177778530762,1.0015329508026187,1.591919189003948,45.613667614824905,50.243257304008964,40.856138818604656,44.78214798575092,-8.229480667686884,-1.9891574467914084
2020-02-13,47.92846245941694,42.819143402177794,-5.109319057239147,1.1810177778530764,1.001532950802619,1.591919189003948,45.61366761482491,50.24325730400897,40.85613881860466,44.782147985750925,-8.229480667686884,-1.9891574467914093
2020-02-14,47.92846245941694,42.819143402177794,-5.109319057239147,1.1810177778530764,1.0015329508026187,1.591919189003948,45.61366761482491,50.24325730400897,40.85613881860466,44.782147985750925,-8.229480667686884,-1.9891574467914093
2020-02-15,47.928462459416934,42.81914340217779,-5.109319057239146,1.1810177778530762,1.0015329508026187,1.591919189003948,45.613667614824905,50.243257304008964,40.856138818604656,44.78214798575092,-8.229480667686884,-1.9891574467914084
2020-02-16,48.69673985367518,42.02527111284512,-6.671468740830064,1.2627248943024,1.2306095095220893,2.2174578657220354,46.22179906084248,51.17168064650789,39.61327647418182,44.43726575150841,-11.017686157645254,-2.3252513240148742
2020-02-17,48.696739853675176,42.02527111284511,-6.671468740830062,1.2627248943024,1.2306095095220893,2.2174578657220354,46.22179906084247,51.17168064650788,39.613276474181816,44.437265751508406,-11.017686157645251,-2.3252513240148724
2020-02-18,48.67680082099155,42.25596226697859,-6.4208385540129616,1.1597025584651868,1.2554121047847318,2.1216397527794206,46.40378380639979,50.94981783558332,39.79535454160052,44.71656999235667,-10.579252469460627,-2.262424638565297
2020-02-19,48.676800820991545,42.255962266978585,-6.4208385540129616,1.1597025584651868,1.2554121047847318,2.1216397527794206,46.40378380639978,50.94981783558331,39.79535454160051,44.71656999235666,-10.579252469460627,-2.262424638565297
2020-02-20,48.67680082099155,42.25596226697859,-6.4208385540129616,1.1597025584651868,1.2554121047847318,2.1216397527794206,46.40378380639979,50.94981783558332,39.79535454160052,44.71656999235667,-10.579252469460627,-2.262424638565297
2020-02-21,48.67680082099155,42.25596226697859,-6.4208385540129616,1.1597025584651868,1.2554121047847318,2.1216397527794206,46.40378380639979,50.94981783558332,39.79535454160052,44.71656999235667,-10.579252469460627,-2.262424638565297
2020-02-22,48.67680082099155,42.25596226697859,-6.4208385540129616,1.1597025584651868,1.2554121047847318,2.1216397527794206,46.40378380639979,50.94981783558332,39.79535454160052,44.71656999235667,-10.579252469460627,-2.262424638565297
2020-02-23,48.369316458450236,42.071827543821826,-6.297488914628413,1.155047963705232,1.1196124797376608,1.850930351803009,46.105422449587984,50.63321046731249,39.87738708353601,44.266268004107644,-9.92531240416231,-2.669665425094516
2020-02-24,48.36931645845024,42.071827543821826,-6.297488914628413,1.155047963705232,1.1196124797376608,1.8509303518030091,46.10542244958799,50.633210467312495,39.87738708353601,44.266268004107644,-9.92531240416231,-2.6696654250945158
2020-02-25,48.397452796283275,42.123496798116555,-6.273955998166721,1.0537943985030542,1.018040684063428,1.6786309849269798,46.332015775217286,50.462889817349264,40.128137057352234,44.11885653888088,-9.564072728623602,-2.98383926770984
2020-02-26,48.397452796283275,42.123496798116555,-6.27395599816672,1.0537943985030542,1.018040684063428,1.6786309849269798,46.332015775217286,50.462889817349264,40.128137057352234,44.11885653888088,-9.5640727286236,-2.9838392677098393
2020-02-27,49.06343847258052,42.18002323728769,-6.883415235292831,1.5982323029941323,0.9225867771020985,1.8770194338441686,45.93090315871202,52.195973786449024,40.37175315416758,43.988293320407806,-10.562373325627401,-3.2044571449582606
2020-02-28,49.063438472580515,42.18002323728769,-6.88341523529283,1.5982323029941323,0.9225867771020985,1.8770194338441686,45.93090315871201,52.19597378644902,40.37175315416758,43.988293320407806,-10.5623733256274,-3.2044571449582597
2020-02-29,49.063438472580515,42.180023237287685,-6.88341523529283,1.5982323029941323,0.9225867771020985,1.8770194338441684,45.93090315871201,52.19597378644902,40.37175315416757,43.9882933204078,-10.5623733256274,-3.20445714495826
2020-03-01,49.06343847258052,42.18002323728769,-6.88341523529283,1.5982323029941323,0.9225867771020985,1.8770194338441686,45.93090315871202,52.195973786449024,40.37175315416758,43.988293320407806,-10.5623733256274,-3.2044571449582597
2020-03-02,49.06343847258052,42.18002323728769,-6.88341523529283,1.5982323029941323,0.9225867771020985,1.8770194338441686,45.93090315871202,52.195973786449024,40.37175315416758,43.988293320407806,-10.5623733256274,-3.2044571449582597
2020-03-03,49.488460240207814,41.83614261842158,-7.652317621786236,1.7331885963001288,1.0637498304166542,2.355035503194459,46.091410591459564,52.885509888956065,39.75119295080494,43.921092286038224,-12.268187208047376,-3.0364480355250967
2020-03-04,49.488460240207814,41.836142618421576,-7.652317621786235,1.7331885963001286,1.0637498304166542,2.355035503194459,46.091410591459564,52.885509888956065,39.751192950804935,43.92109228603822,-12.268187208047374,-3.036448035525096
2020-03-05,49.488460240207814,41.83614261842158,-7.652317621786236,1.7331885963001288,1.0637498304166542,2.355035503194459,46.091410591459564,52.885509888956065,39.75119295080494,43.921092286038224,-12.268187208047376,-3.0364480355250967
2020-03-06,49.488460240207814,41.836142618421576,-7.652317621786235,1.7331885963001286,1.0637498304166542,2.355035503194459,46.091410591459564,52.885509888956065,39.751192950804935,43.92109228603822,-12.268187208047374,-3.036448035525096
2020-03-07,49.93494110945652,42.81185059545655,-7.123090513999969,1.5809198239842361,1.6919672727072965,2.1027938484238216,46.83633825444741,53.03354396446562,39.495594740950246,46.12810644996285,-11.24456645691066,-3.001614571089279
2020-03-08,49.610415972070605,42.77888046179325,-6.831535510277359,1.522979734089355,1.4932997528387628,1.9398478249747602,46.62537569325547,52.59545625088574,39.85201294622927,45.70574797735723,-10.633637247227888,-3.029433773326829
2020-03-09,49.6104159720706,42.77888046179324,-6.831535510277358,1.522979734089355,1.4932997528387628,1.93984782497476,46.625375693255464,52.59545625088573,39.852012946229266,45.70574797735722,-10.633637247227888,-3.0294337733268284
2020-03-10,49.258588138481734,43.072830283793074,-6.185757854688658,1.5800836693762998,1.5039410716701176,2.214209695192195,46.16162414650419,52.35555213045928,40.12510578331965,46.0205547842665,-10.525608857265361,-1.8459068521119564
2020-03-11,49.25858813848173,43.072830283793074,-6.185757854688657,1.5800836693762998,1.5039410716701176,2.214209695192195,46.16162414650418,52.35555213045927,40.12510578331965,46.0205547842665,-10.52560885726536,-1.8459068521119555
2020-03-12,49.258588138481734,43.072830283793074,-6.185757854688658,1.5800836693762998,1.5039410716701176,2.214209695192195,46.16162414650419,52.35555213045928,40.12510578331965,46.0205547842665,-10.525608857265361,-1.8459068521119564
2020-03-13,48.95096481801276,42.80445520030999,-6.14650961770277,1.5389572208733369,1.4494263819024384,1.9755303106739832,45.93460866510102,51.9673209709245,39.96357949178121,45.645330908838766,-10.018549026623777,-2.274470208781763
2020-03-14,48.95096481801276,42.80445520030999,-6.14650961770277,1.5389572208733369,1.4494263819024387,1.9755303106739832,45.93460866510102,51.9673209709245,39.96357949178121,45.645330908838766,-10.018549026623777,-2.274470208781763
2020-03-15,49.333514552382866,42.932114191138346,-6.40140036124452,1.6002577529600028,1.333593386923884,1.8586450484180421,46.19700935658126,52.47001974818447,40.31827115276754,45.545957229509156,-10.044344656143883,-2.7584560663451576
2020-03-16,49.33351455238286,42.93211419113834,-6.401400361244519,1.6002577529600026,1.333593386923884,1.858645048418042,46.197009356581255,52.47001974818446,40.31827115276753,45.54595722950915,-10.044344656143881,-2.758456066345157
2020-03-17,49.36999801242888,42.68834051097044,-6.681657501458439,1.4555234307757132,1.32378711348007,1.7583249586646141,46.51717208810848,52.22282393674928,40.0937177685495,45.28296325339138,-10.127974420441083,-3.235340582475795
2020-03-18,49.36999801242888,42.68834051097044,-6.681657501458439,1.4555234307757132,1.32378711348007,1.758324958664614,46.51717208810848,52.22282393674928,40.0937177685495,45.28296325339138,-10.127974420441081,-3.2353405824757955
2020-03-19,49.36999801242888,42.68834051097044,-6.681657501458439,1.4555234307757132,1.32378711348007,1.7583249586646141,46.51717208810848,52.22282393674928,40.0937177685495,45.28296325339138,-10.127974420441083,-3.235340582475795
2020-03-20,49.36999801242888,42.68834051097044,-6.681657501458439,1.4555234307757132,1.32378711348007,1.758324958664614,46.51717208810848,52.22282393674928,40.0937177685495,45.28296325339138,-10.127974420441081,-3.2353405824757955
2020-03-21,49.36999801242888,42.68834051097044,-6.681657501458439,1.455523430775713,1.32378711348007,1.758324958664614,46.51717208810848,52.22282393674928,40.0937177685495,45.28296325339138,-10.127974420441081,-3.2353405824757955
2020-03-22,49.13405760743685,42.16333373646207,-6.970723870974779,1.3421446696114991,1.4725267632320658,1.5955449526823342,46.503454054998315,51.76466115987539,39.27718128052722,45.04948619239692,-10.097991978232153,-3.843455763717404
2020-03-23,49.13405760743686,42.16333373646208,-6.97072387097478,1.3421446696114994,1.4725267632320658,1.5955449526823344,46.50345405499832,51.764661159875395,39.27718128052723,45.04948619239693,-10.097991978232155,-3.8434557637174045
2020-03-24,48.826585298003145,41.852136803948035,-6.974448494055109,1.3647167851446553,1.4828603307216037,1.415068811047242,46.15174039911962,51.50143019688667,38.94573055573369,44.75854305216238,-9.747983363707704,-4.2009136244025145
2020-03-25,48.82658529800314,41.85213680394803,-6.974448494055108,1.3647167851446553,1.4828603307216037,1.415068811047242,46.15174039911962,51.50143019688666,38.94573055573368,44.75854305216237,-9.747983363707702,-4.200913624402514
2020-03-26,48.861951036121525,41.83025226342476,-7.031698772696763,1.3323507106510264,1.442280207836515,1.3929333557683132,46.250543643245514,51.473358428997535,39.00338305606519,44.65712147078433,-9.761848150002656,-4.301549395390869
2020-03-27,48.86195103612152,41.830252263424754,-7.031698772696762,1.3323507106510264,1.442280207836515,1.3929333557683132,46.25054364324551,51.47335842899753,39.00338305606518,44.657121470784325,-9.761848150002656,-4.301549395390868
2020-03-28,49.01951334258561,41.64405687303958,-7.375456469546028,1.232749998013169,1.342799596997148,1.4231596055001865,46.6033233464798,51.435703338691425,39.012169662925174,44.27594408315399,-10.164849296326393,-4.586063642765662
2020-03-29,49.019513342585604,41.644056873039574,-7.375456469546027,1.232749998013169,1.342799596997148,1.4231596055001865,46.60332334647979,51.43570333869142,39.01216966292516,44.27594408315399,-10.164849296326391,-4.586063642765661
2020-03-30,49.38424997631367,41.74931387021929,-7.634936106094375,1.2166313192421192,1.1630586121639186,1.292428239865387,46.99965259059911,51.768847362028225,39.469718990378006,44.02890875006057,-10.168095456230533,-5.101776755958216
2020-03-31,49.273566623191854,41.72202079657021,-7.551545826621638,1.1526159896988017,1.0702056087792524,1.2010956657930638,47.0144392833822,51.532693963001506,39.62441780336288,43.819623789777545,-9.905693331576042,-5.197398321667233
2020-04-01,49.273566623191854,41.72202079657021,-7.551545826621637,1.1526159896988017,1.0702056087792524,1.2010956657930638,47.0144392833822,51.532693963001506,39.62441780336288,43.819623789777545,-9.905693331576042,-5.197398321667231
2020-04-02,49.273566623191854,41.72202079657022,-7.551545826621638,1.1526159896988017,1.0702056087792524,1.2010956657930638,47.0144392833822,51.532693963001506,39.62441780336289,43.81962378977755,-9.905693331576042,-5.197398321667233
2020-04-03,48.83469233615605,42.07823752065736,-6.756454815498694,1.4280597871708596,1.2364474303052304,2.049448206812137,46.03569515330117,51.633689519010936,39.65480055725911,44.50167448405561,-10.773373300850484,-2.7395363301469056
2020-04-04,48.846457371023774,42.079796543992686,-6.766660827031088,1.3627243337376722,1.1698943881270896,1.9415894825046034,46.17551767689794,51.51739706514961,39.78680354326359,44.37278954472178,-10.57217621274011,-2.9611454413220653
2020-04-05,48.76019312407676,41.819393001940654,-6.9408001221361,1.2539179582840068,1.20319712729486,1.8033462444192065,46.3025139258401,51.21787232231341,39.46112663244273,44.17765937143858,-10.475358761197745,-3.406241483074455
2020-04-06,48.760193124076764,41.81939300194066,-6.940800122136101,1.2539179582840068,1.2031971272948603,1.8033462444192068,46.30251392584011,51.21787232231342,39.461126632442735,44.17765937143859,-10.475358761197747,-3.4062414830744556
2020-04-07,48.732663441155395,41.7817361814708,-6.9509272596845975,1.1704049550043092,1.1250491599658459,1.681777918905188,46.43866972934695,51.02665715296384,39.57663982793774,43.986832535003856,-10.247211980738765,-3.654642538630429
2020-04-08,48.732663441155395,41.7817361814708,-6.9509272596845975,1.1704049550043092,1.1250491599658459,1.681777918905188,46.43866972934695,51.02665715296384,39.57663982793774,43.986832535003856,-10.247211980738765,-3.654642538630429
2020-04-09,48.73266344115539,41.78173618147079,-6.950927259684597,1.170404955004309,1.1250491599658456,1.6817779189051878,46.43866972934694,51.026657152963836,39.57663982793773,43.98683253500385,-10.247211980738765,-3.6546425386304286
2020-04-10,48.61239495992407,41.64826158197675,-6.964133377947323,1.0992631641248103,1.0669011332757843,1.5328108763173627,46.45783915823944,50.7669507616087,39.55713536075621,43.73938780319728,-9.968442695529355,-3.9598240603652917
2020-04-11,48.61239495992406,41.64826158197674,-6.964133377947322,1.0992631641248103,1.0669011332757843,1.5328108763173625,46.45783915823943,50.76695076160869,39.557135360756206,43.739387803197275,-9.968442695529353,-3.959824060365291
2020-04-12,48.61239495992407,41.64826158197675,-6.964133377947323,1.0992631641248105,1.0669011332757843,1.5328108763173627,46.45783915823944,50.7669507616087,39.55713536075621,43.73938780319728,-9.968442695529355,-3.9598240603652917
2020-04-13,48.61239495992406,41.64826158197674,-6.964133377947322,1.0992631641248103,1.0669011332757843,1.5328108763173627,46.45783915823943,50.76695076160869,39.557135360756206,43.739387803197275,-9.968442695529353,-3.9598240603652908
2020-04-14,48.522510508683794,41.560243995211785,-6.962266513472009,1.0797727021323908,1.200269427711571,1.8160101741521,46.40615601250431,50.63886500486328,39.20771591689711,43.91277207352646,-10.521646454810124,-3.4028865721338937
2020-04-15,48.52251050868379,41.560243995211785,-6.9622665134720085,1.0797727021323908,1.2002694277115709,1.8160101741521,46.4061560125043,50.63886500486328,39.20771591689711,43.91277207352646,-10.521646454810124,-3.402886572133893
2020-04-16,48.522510508683794,41.560243995211785,-6.9622665134720085,1.0797727021323908,1.200269427711571,1.8160101741521,46.40615601250431,50.63886500486328,39.20771591689711,43.91277207352646,-10.521646454810124,-3.402886572133893
2020-04-17,48.5225105086838,41.56024399521179,-6.962266513472009,1.0797727021323908,1.200269427711571,1.8160101741521,46.40615601250431,50.63886500486329,39.207715916897115,43.91277207352647,-10.521646454810124,-3.4028865721338937
2020-04-18,48.66189353162127,41.16826553722525,-7.493627994396014,0.9496868464143471,1.3617797756962056,1.9645911447195996,46.800507312649145,50.52327975059339,38.49917717686069,43.837353897589814,-11.344226638046429,-3.643029350745598
2020-04-19,48.330914368237714,41.28770775764046,-7.043206610597247,1.2681555328778684,1.2279555566439728,2.0400349497932435,45.84532952379709,50.81649921267834,38.880914866618276,43.69450064866265,-11.041675112192005,-3.04473810900249
2020-04-20,48.29462827312558,41.2944576476369,-7.000170625488681,1.2557907937804234,1.2057434296174725,2.0127169636339963,45.83327831731595,50.75597822893521,38.931200525586654,43.65771476968714,-10.945095874211313,-3.0552453767660483
2020-04-21,47.993391146419455,41.24255009470406,-6.750841051715399,1.2994328192354654,1.1404639022506278,1.904987164876407,45.446502820717946,50.540279472120964,39.00724084629283,43.477859343115284,-10.484615894873157,-3.0170662085576416
2020-04-22,47.993391146419455,41.24255009470406,-6.750841051715399,1.2994328192354654,1.1404639022506278,1.9049871648764072,45.446502820717946,50.540279472120964,39.00724084629283,43.477859343115284,-10.484615894873158,-3.017066208557641
2020-04-23,47.993391146419455,41.24255009470406,-6.7508410517154,1.2994328192354654,1.1404639022506278,1.9049871648764072,45.446502820717946,50.540279472120964,39.00724084629283,43.477859343115284,-10.484615894873158,-3.017066208557642
2020-04-24,47.993391146419455,41.24255009470406,-6.750841051715399,1.2994328192354654,1.1404639022506278,1.904987164876407,45.446502820717946,50.540279472120964,39.00724084629283,43.477859343115284,-10.484615894873157,-3.0170662085576416
2020-04-25,47.73746946954989,41.12255080579815,-6.614918663751745,1.316969546098291,1.0378972178323298,1.7090475704498016,45.156209159197246,50.31872977990254,39.088272258846786,43.15682935274951,-9.964651901833356,-3.2651854256701345
2020-04-26,47.73746946954989,41.12255080579815,-6.614918663751745,1.316969546098291,1.0378972178323298,1.7090475704498016,45.156209159197246,50.31872977990254,39.088272258846786,43.15682935274951,-9.964651901833356,-3.2651854256701345
2020-04-27,47.7374694695499,41.122550805798156,-6.614918663751745,1.316969546098291,1.0378972178323298,1.7090475704498018,45.156209159197246,50.318729779902554,39.088272258846786,43.156829352749526,-9.964651901833356,-3.265185425670134
2020-04-28,47.360077090892524,41.29519691241789,-6.064880178474631,1.3698252956635657,1.0563018930624248,1.871445756378134,44.67521951139194,50.04493467039311,39.224845202015544,43.36554862282024,-9.732913860975774,-2.3968464959734885
2020-04-29,47.360077090892524,41.29519691241789,-6.064880178474631,1.3698252956635657,1.0563018930624248,1.871445756378134,44.67521951139194,50.04493467039311,39.224845202015544,43.36554862282024,-9.732913860975774,-2.3968464959734885
2020-04-30,47.360077090892524,41.29519691241789,-6.064880178474631,1.3698252956635657,1.0563018930624248,1.871445756378134,44.67521951139194,50.04493467039311,39.224845202015544,43.36554862282024,-9.732913860975774,-2.3968464959734885
2020-05-01,47.360077090892524,41.29519691241789,-6.064880178474631,1.3698252956635657,1.0563018930624248,1.871445756378134,44.67521951139194,50.04493467039311,39.224845202015544,43.36554862282024,-9.732913860975774,-2.3968464959734885
2020-05-02,47.4413067201409,41.32052086986325,-6.1207858502776435,1.3749473679485333,1.027079895117835,1.8295835251315535,44.74640987896178,50.13620356132002,39.307444275432296,43.33359746429421,-9.706769559535488,-2.5348021410197985
2020-05-03,47.564859382909205,41.55130115702533,-6.013558225883875,1.3720863843915216,0.9671486909058856,1.6220222582644532,44.87557006950182,50.25414869631659,39.65568972284979,43.446912591200864,-9.192721852082203,-2.8343945996855466
2020-05-04,48.43452408001545,41.77330068428547,-6.661223395729972,1.8656802759888085,0.9195950214296531,1.7760063221543008,44.77779073907739,52.09125742095351,39.97089444228335,43.575706926287594,-10.142195787152401,-3.1802510043075425
2020-05-05,48.523946503484794,41.81097944739008,-6.712967056094709,1.7463594048268767,0.847144430166583,1.6216043879983293,45.10108207002411,51.946810936945475,40.15057636426358,43.471382530516586,-9.891311656571435,-3.534622455617984
2020-05-06,48.550522843604924,41.85882774524713,-6.691695098357787,1.6751120050815471,0.8372442175177944,1.559562289538564,45.267303313645094,51.83374237356475,40.21782907891225,43.49982641158201,-9.748437185853373,-3.6349530108622017
2020-05-07,48.57474466101557,41.89904915265329,-6.675695508362283,1.614926818649059,0.826208382484121,1.5060786085196725,45.40948809646342,51.740001225567724,40.279680722984416,43.518417582322165,-9.627609581060842,-3.7237814356637253
2020-05-08,48.6807197787754,41.93416034069518,-6.746559438080217,1.6066769986554248,0.8144643117830579,1.475495767071324,45.53163286141076,51.82980669614003,40.337810289600384,43.530510391789974,-9.638531141540012,-3.854587734620422
2020-05-09,48.76421016414193,42.021073501721,-6.743136662420927,1.5665558464332487,0.8279381837725164,1.4502056542793083,45.69376070513276,51.8346596231511,40.39831466152687,43.64383234191513,-9.58553974480837,-3.900733580033483
2020-05-10,48.7675313782481,42.04613679232643,-6.7213945859216775,1.5170492755587817,0.8130967102410903,1.408821437111869,45.79411479815289,51.74094795834331,40.452467240253895,43.63980634439896,-9.48268460266094,-3.9601045691824144
2020-05-11,48.69898917933781,42.14261229073465,-6.556376888603163,1.483361236688753,0.8747110812053629,1.4848409099360045,45.791601155427855,51.60637720324776,40.42817857157213,43.85704600989716,-9.466665072077731,-3.646088705128594
2020-05-12,48.64575325094789,42.35164314531072,-6.294110105637169,1.3554606818933586,0.9276182742233782,1.4974232445367592,45.98905031443691,51.30245618745887,40.5335113278329,44.16977496278854,-9.229059664929217,-3.359160546345121
2020-05-13,48.5987284389517,42.41681236161041,-6.181916077341294,1.3270555569960416,0.9443283767991413,1.5182470742983405,45.99769954723946,51.19975733066394,40.56592874308409,44.26769598013673,-9.15768034296604,-3.206151811716546
2020-05-14,48.55786228026355,42.47923191851408,-6.078630361749462,1.2966991357921596,0.9535252541839236,1.5282128179214487,46.01633197411092,51.09939258641618,40.610322420313594,44.34814141671457,-9.073927484875501,-3.0833332386234225
2020-05-15,48.545869109431,42.5228285529756,-6.023040556455406,1.2229006567059946,0.8934156876077399,1.460064632227663,46.148983822287256,50.94275439657475,40.771733805264425,44.27392330068677,-8.884767235621625,-3.161313877289187
2020-05-16,48.519545595615824,42.434184637887014,-6.085360957728812,1.2059192255441835,0.9533092586188636,1.4022148447839111,46.15594391354922,50.883147277682426,40.565698490994045,44.302670784779984,-8.833702053505277,-3.3370198619523466
2020-05-17,48.54771221728416,42.43072874004442,-6.116983477239736,1.1760741360371498,0.9261424101093216,1.3623437094868274,46.24260691065135,50.85281752391697,40.61548961623015,44.245967863858695,-8.787177147833917,-3.4467898066455542
2020-05-18,48.57569820566053,42.42843416189096,-6.147264043769562,1.1446235049320628,0.8979635698517151,1.3209430690339252,46.33223613599369,50.81916027532737,40.668425564981604,44.18844275880032,-8.736312459076055,-3.558215628463069
2020-05-19,48.48659672179248,42.25979585371692,-6.226800868075555,1.1008155971564213,1.074793648991028,1.2550188712723145,46.328998151365894,50.64419529221907,40.15320030169451,44.366391405739336,-8.686637855769291,-3.766963880381819
2020-05-20,48.44889510418886,42.331905151421786,-6.116989952767071,1.0750695354295696,1.0868355170027384,1.2892111640105572,46.3417588147469,50.55603139363081,40.20170753809642,44.46210276474715,-8.643843834227763,-3.590136071306379
2020-05-21,48.48178092184784,42.40084990450486,-6.0809310173429845,1.0510071784311064,1.0930823994241505,1.2568615598942943,46.42180685212288,50.54175499157281,40.258408401633524,44.543291407376195,-8.5443796747358,-3.6174823599501678
2020-05-22,48.513052830609034,42.46662838950766,-6.046424441101373,1.0264170421560588,1.0943604805382827,1.2244198448869836,46.50127542798316,50.52483023323491,40.32168184765263,44.611574931362696,-8.44628733707986,-3.646561545122885
2020-05-23,48.56875171002622,42.46912909820748,-6.099622611818736,0.9898565303063922,1.0340940221014117,1.173297031674326,46.62863291062569,50.50887050942675,40.442304814888715,44.49595338152625,-8.399284793900415,-3.799960429737057
2020-05-24,48.525862681793996,42.2963542736184,-6.2295084081755965,0.9381751887621991,1.0840241395289598,1.1004904914273714,46.68703931182009,50.364686051767904,40.171666960141636,44.42104158709516,-8.386469771373244,-4.072547044977949
2020-05-25,48.61727698758581,42.299733796577826,-6.317543191007984,0.979937454892383,1.0528319609152599,1.1115448231791976,46.69659957599674,50.53795439917488,40.236183153183916,44.363284439971736,-8.496171044439212,-4.138915337576757
2020-05-26,48.633909529611266,42.279150658061866,-6.354758871549401,0.9973830290324114,0.974823113188775,1.0513257952428887,46.67903879270774,50.58878026651479,40.36849735621187,44.18980395991186,-8.415357430225463,-4.294160312873339
2020-05-27,48.649210934498626,42.284581071570756,-6.364629862927873,0.9720325287617914,0.949133673849096,1.0196353475266797,46.74402717812551,50.55439469087174,40.42427907082653,44.14488307231498,-8.363115144080165,-4.366144581775581
2020-05-28,48.664479768131606,42.29046987259356,-6.374009895538042,0.9469585635062142,0.923701978048414,0.9885389727586478,46.80844098365942,50.52051855260379,40.48001399561867,44.100925749568454,-8.311546282144992,-4.436473508931092
2020-05-29,48.67961674421909,42.29671526325354,-6.382901480965551,0.9221413054366482,0.8985396016326276,0.9580267125555341,46.87221978556326,50.48701370287492,40.53557764405359,44.05785288245349,-8.260633837574398,-4.505169124356705
2020-05-30,48.71485988681755,42.26457333306269,-6.450286553754857,0.8845183115051702,0.8746737611541945,0.954039635076352,46.98120399626742,50.44851577736768,40.55021276120047,43.978933904924915,-8.320204238504507,-4.580368869005207
2020-05-31,48.72795914742184,42.27301079814121,-6.4549483492806345,0.8610803140681432,0.8512515891806819,0.9247995003207321,47.04024173184828,50.4156765629954,40.60455768334707,43.94146391293535,-8.26755536990927,-4.642341328652
2020-06-01,49.00980211908864,42.39172367040598,-6.618078448682661,1.125791517488726,0.8478243047115348,0.9692096421990694,46.80325074481074,51.21635349336654,40.729988033171374,44.05345930764059,-8.517729347392837,-4.7184275499724855
2020-06-02,49.12612396759634,42.204022153457124,-6.922101814139217,1.4345387193501884,0.9162776393532647,1.7347054238846602,46.31442807766997,51.93781985752271,40.408117980324725,43.999926326589524,-10.32212444495315,-3.522079183325283
2020-06-03,49.12011414615525,42.162060085664024,-6.9580540604912295,1.4045301270644646,0.9098412661094964,1.7016198433630405,46.3672350971089,51.8729931952016,40.37877120408941,43.94534896723864,-10.293228953482789,-3.6228791674996703
2020-06-04,49.11420384193217,42.17579207654827,-6.938411765383899,1.3741771857766525,0.8912520980969455,1.666234067506859,46.42081655780993,51.807591126054405,40.428937964278255,43.922646188818284,-10.204230537697342,-3.672592993070455
2020-06-05,49.10840165723029,42.133895907558426,-6.97450574967186,1.3435367939806022,0.8839475834824193,1.6324780783958142,46.47506954102831,51.741733773432266,40.40135864393288,43.86643317118397,-10.174162783327656,-3.7748487160160646
2020-06-06,49.14947162589121,42.08566576481237,-7.0638058610788415,1.313378479195696,0.8598148343735185,1.599583094391793,46.57524980666764,51.723693445114776,40.400428689440275,43.77090284018446,-10.198988726086755,-3.9286229960709274
2020-06-07,49.06582601989004,42.07556762578219,-6.990258394107853,1.261735272940593,0.8213274407227628,1.5449699250802345,46.59282488492648,51.5388271548536,40.46576584196558,43.685369409598806,-10.018399447265113,-3.962117340950593
2020-06-08,49.11676701346475,42.042559826525974,-7.074207186938774,1.2514312956296278,0.8122157696230248,1.5481618380482078,46.66396167403068,51.569572352898824,40.450616918064846,43.6345027349871,-10.10860438951326,-4.039809984364287
2020-06-09,49.0927571490058,42.03278139046579,-7.05997575854001,1.2426763178037659,0.8285355059134363,1.4909679027778506,46.657111566110416,51.52840273190118,40.40885179887546,43.656710982056126,-9.982272847984596,-4.137678669095423
2020-06-10,49.1219552469406,42.03107245216516,-7.090882794775443,1.2079591905588798,0.8070902411682955,1.4289933988658483,46.754355233445196,51.489555260436006,40.4491755794753,43.61296932485502,-9.891709856552506,-4.290055732998381
2020-06-11,49.062060376998105,42.13263837442,-6.929422002578106,1.1812519168290305,0.8628388573430753,1.5035738719065987,46.7468066200132,51.377314133983006,40.44147421402757,43.82380253481242,-9.87642679151504,-3.982417213641173
2020-06-12,49.055555056222204,42.150992596878005,-6.904562459344198,1.1553022861033106,0.8463684335928623,1.4722142510412288,46.791162575459715,51.31994753698469,40.49211046703599,43.80987472672002,-9.790102391385005,-4.019022527303389
2020-06-13,49.06725165271582,42.18763884350425,-6.879612809211566,1.1165442716171994,0.8198938194117442,1.4167796298162476,46.87882488034611,51.25567842508553,40.58064695745723,43.79463072955127,-9.656500883651411,-4.102724734771721
2020-06-14,49.06122090867843,42.2032068737648,-6.858014034913632,1.0913591417644088,0.8030461498137725,1.3859973843379556,46.922156990820184,51.200284826536674,40.62923642012981,43.77717732739979,-9.574568908216024,-4.141459161611239
2020-06-15,48.80930805585409,42.26108290237785,-6.5482251534762375,1.3497191307272849,0.761382232315116,1.6479650617434314,46.16385855962861,51.45475755207957,40.76877372704023,43.753392077715475,-9.778236674493364,-3.318213632459112
2020-06-16,48.84456228466903,42.3157524321996,-6.528809852469434,1.2603208440541707,0.7124133630244973,1.5450504843887247,46.37433343032286,51.314791139015206,40.91942224067159,43.71208262372762,-9.557108801871333,-3.500510903067533
2020-06-17,48.848632445866485,42.32409795413906,-6.524534491727421,1.234535544269669,0.6976319465772832,1.512167130228041,46.42894277909794,51.26832211263503,40.95673933884759,43.691456569430535,-9.488382066974381,-3.56068691648046
2020-06-18,48.85289088926573,42.33214454905786,-6.520746340207869,1.208456235184128,0.6826834647351916,1.4790004075858645,46.48431666830484,51.22146511022662,40.994084958176884,43.67020413993883,-9.419587139076164,-3.6219055413395744
2020-06-19,48.91115547174678,42.33989991357282,-6.571255558173957,1.209240779973631,0.6675920204503183,1.462729723825157,46.541043542998466,51.281267400495096,41.031419553490196,43.64838027365545,-9.438205816871264,-3.704305299476649
2020-06-20,48.9153416031989,42.33716002587389,-6.578181577325009,1.141930625816997,0.631844133255803,1.3818709112927359,46.67715757659758,51.153525629800214,41.09874552469252,43.57557452705527,-9.28664856345877,-3.8697145911912467
2020-06-21,48.9698108974431,42.344329360322426,-6.625481537120671,1.1422364292869946,0.6180521569068964,1.3668026997527956,46.73102749604059,51.208594298845604,41.132947132784906,43.555711587859946,-9.304414828636151,-3.946548245605192
2020-06-22,49.02238295842901,42.295769118143284,-6.726613840285731,1.1394648281425956,0.6349666254839521,1.402651577685354,46.789031895269524,51.2557340215885,41.05123453219474,43.540303704091826,-9.475810932549026,-3.977416748022437
2020-06-23,49.03833109012099,42.340435243798765,-6.697895846322222,1.100404675887998,0.7029773314291679,1.4562996056283866,46.88153792538051,51.19512425486147,40.9625996741976,43.71827081339993,-9.55224307335386,-3.8435486192905843
2020-06-24,49.07270819801731,42.26139029049861,-6.811317907518697,1.0869375941423418,0.7394485246374806,1.4688442368887635,46.94231051349832,51.2031058825363,40.81207118220915,43.71070939878807,-9.690252611820673,-3.932383203216721
2020-06-25,49.0623813633955,42.2759019371022,-6.7864794262933055,1.0602660628627918,0.7222297684559962,1.4324924382606627,46.98425988018443,51.14050284660657,40.860331590928446,43.69147228327595,-9.594164605284204,-3.9787942473024067
2020-06-26,49.11085317087514,42.23179138739521,-6.879061783479924,1.0559393651063516,0.7275436368972373,1.4516522634435163,47.04121201526669,51.18049432648359,40.80580585907663,43.6577769157138,-9.724300219829216,-4.033823347130632
2020-06-27,48.945835083555245,42.336287344462576,-6.609547739092672,1.1946678433579427,0.7882187558314419,1.7200909967103148,46.604286110573675,51.287384056536816,40.79137858303295,43.8811961058922,-9.98092609264489,-3.2381693855404547
2020-06-28,49.087464486855495,42.40615698887608,-6.6813074979794225,1.200238380705197,0.7774964830299947,1.6383294114147278,46.73499726067331,51.43993171303768,40.88226388213729,43.93005009561487,-9.892433144352289,-3.470181851606556
2020-06-29,49.456443380817134,42.20489755182314,-7.251545828993995,1.473398507547212,1.0831779703242583,2.2959482318363613,46.568582306024595,52.344304455609674,40.08186872998759,44.327926373658684,-11.751604363393263,-2.7514872945947273
2020-06-30,49.43428797582278,42.28013699226581,-7.154150983556967,1.3409126170762196,1.0185296932025443,2.120353684715828,46.806099246353384,52.06247670529217,40.28381879358882,44.2764551909428,-11.31004420559999,-2.998257761513944
2020-07-01,49.42691834548459,42.29322541771209,-7.133692927772502,1.3050336872509631,0.9859042930117069,2.0576076545984283,46.8690523184727,51.98478437249648,40.36085300340914,44.22559783201503,-11.16660393078542,-3.100781924759583
2020-07-02,49.45375492942269,42.30016814785673,-7.153586781565962,1.2847900664936935,0.9655228238862686,2.0177203216340613,46.93556639909505,51.971943459750335,40.40774341303965,44.192592882673814,-11.108318611968722,-3.198854951163202
2020-07-03,49.47972623806206,42.307155715685774,-7.172570522376287,1.2636828971480238,0.9450298896950848,1.9772003995022078,47.00290775965193,51.95654471647218,40.454897131883406,44.15941429948814,-11.047883305400614,-3.2972577393519593
2020-07-04,49.45335710193668,42.36565803900088,-7.087699062935805,1.2414893603615262,0.9594014681709109,1.9694728050387018,47.02003795562809,51.88667624824527,40.48523116138589,44.246084916615864,-10.94786576081166,-3.2275323650599494
2020-07-05,49.428116068931,42.422194357777556,-7.005921711153437,1.218541447047697,0.9693286111188989,1.9575229198735402,47.03977483271751,51.81645730514448,40.52231027998452,44.322078435570596,-10.842666634105576,-3.1691767882012987
2020-07-06,49.40394180930589,42.42175873893022,-6.982183070375667,1.1949267503150487,0.9449573341859782,1.9147252753299286,47.061885378688395,51.74599823992339,40.5696423639257,44.27387511393474,-10.735044610022328,-3.229321530729007
2020-07-07,49.586775747213316,42.42493032014051,-7.161845427072803,1.2540593937180395,0.8909176666225492,1.8824204476195943,47.12881933552596,52.04473215890067,40.678731693560316,44.17112894672071,-10.851389504407209,-3.4723013497383985
2020-07-08,49.610468332506905,42.37010554899014,-7.2403627835167645,1.228652105237967,0.8950216485143636,1.863344547368738,47.20231020624049,52.01862645877332,40.61586311790199,44.12434798007829,-10.892518096359492,-3.588207470674038
2020-07-09,49.576081928665836,42.37486582827679,-7.201216100389053,1.2082850968759908,0.8719172589340027,1.8254790243620407,47.207843138788895,51.94432071854278,40.665908000766144,44.083823655787434,-10.779154988138654,-3.6232772126394535
2020-07-10,49.54318265426355,42.379557437558184,-7.163625216705371,1.1868865296680702,0.8490099337345618,1.7869245435964747,47.21688505611414,51.86948025241297,40.715497967438445,44.04361690767792,-10.66599732215446,-3.6612531112562805
2020-07-11,49.51170818980873,42.4444295272424,-7.067278662566332,1.164586595020532,0.8665353776491814,1.7849864190218065,47.22911846356848,51.794297916048976,40.74602018705,44.1428388674348,-10.565852043849073,-3.5687052812835915
2020-07-12,49.29432368503764,42.57707176446793,-6.717251920569715,1.209514475437768,0.8845196197658687,1.8912209171613068,46.923675313179615,51.664972056895664,40.84341330972683,44.310730219209034,-10.424044918205876,-3.0104589229335534
2020-07-13,49.33417996052203,42.57115694303347,-6.76302301748856,1.1917409573417685,0.8621088487565322,1.854402711707471,46.99836768413216,51.669992236911895,40.88142359947067,44.26089028659627,-10.397652332435204,-3.128393702541917
2020-07-14,49.25311886293277,42.442040076647615,-6.81107878628516,1.1210626605576215,0.9280248971178664,1.7402086218791755,47.05583604823983,51.45040167762571,40.6231112782966,44.26096887499863,-10.221887685168344,-3.400269887401976
2020-07-15,49.23601246250382,42.442601258476294,-6.79341120402753,1.096751380600159,0.9060512146548224,1.7011523592969406,47.08637975652751,51.38564516848013,40.666740877752844,44.218461639199745,-10.127669828249534,-3.4591525798055263
2020-07-16,49.21993493616559,42.499799567149665,-6.720135369015929,1.0721392414994724,0.9159456175122305,1.686856205527641,47.11854202282663,51.321327849504556,40.70454615682569,44.29505297747364,-10.026373531850105,-3.4138972061817525
2020-07-17,49.14659932144672,42.55454384042016,-6.592055481026563,1.0849303471302032,0.9215345597095943,1.7245749619325763,47.02013584107152,51.27306280182192,40.748336103389356,44.36075157745096,-9.972222406414412,-3.2118885556387133
2020-07-18,49.02702824986491,42.45902804663465,-6.568000203230266,1.0621827794449619,0.8899633810599175,1.5959838094902266,46.945150002152786,51.10890649757704,40.714699819757215,44.203356273512085,-9.696128469831109,-3.439871936629422
2020-07-19,49.19987791630398,42.58784506362922,-6.612032852674759,1.1457012680982124,1.2495833699387613,1.590162257778746,46.95430343083149,51.44545240177648,40.138661658549246,45.03702846870919,-9.728750877921101,-3.4953148274284174
2020-07-20,49.240326601772914,42.533190270366866,-6.707136331406052,1.1346247704232486,1.2443636864022047,1.60726622630992,47.016462051743346,51.46419115180248,40.09423744501854,44.97214309571519,-9.857378134973494,-3.556894527838609
2020-07-21,49.17683312178854,42.53769278792886,-6.639140333859676,1.1646816704424339,1.1774261652003626,1.5853407065710539,46.89405704772137,51.45960919585571,40.22993750413615,44.84544807172157,-9.746408118738941,-3.531872548980411
2020-07-22,49.435660986374195,42.16092500719279,-7.274735979181406,1.2879840627810715,1.5930298007897636,2.3581341001191563,46.9112122233233,51.960109749425094,39.03858659764485,45.28326341674072,-11.896678815414951,-2.6527931429478597
2020-07-23,49.46249296586174,42.17406283218827,-7.2884301336734705,1.2673508396948536,1.5614934963910343,2.310097038439544,46.97848532005983,51.94650061166365,39.11353557926184,45.2345900851147,-11.816220329014977,-2.7606399383319644
2020-07-24,49.488507003643115,42.187025142189356,-7.301481861453755,1.2458697239494114,1.5295208668951963,2.2614409904295703,47.046602344702265,51.930411662583964,39.18916424307477,45.18488604130394,-11.733906202695714,-2.869057520211798
2020-07-25,49.46159377724258,42.19979399612258,-7.261799781120001,1.223674541719827,1.4971603343716622,2.21885836017052,47.063191675471714,51.85999587901344,39.26535974075412,45.13422825149104,-11.610762167054219,-2.9128373951857816
2020-07-26,49.43579889019073,42.212349533169935,-7.223449357020799,1.2007214645376303,1.4644645403487586,2.1752356306809766,47.082384819696976,51.78921296068449,39.34199903408637,45.0827000322535,-11.486911193155514,-2.9599875208860853
2020-07-27,49.36786966497316,42.25743054182843,-7.110439123144738,1.1200798256314484,1.356906606279702,2.026762971822791,47.17251320673552,51.563226123210804,39.59789359352021,44.91696749013664,-11.082894547917409,-3.1379836983720684
2020-07-28,49.15665414373567,42.26452554994378,-6.892128593791891,1.0788118229328496,1.1922743049673545,1.8404143351681264,47.04218297078729,51.271125316684056,39.92766791220776,44.601383187679794,-10.499340690721418,-3.284916496862363
2020-07-29,49.14790161690573,42.27220938381981,-6.875692233085917,1.059567524148572,1.1712540923972943,1.808551722397162,47.071149269574526,51.22465396423693,39.97655136272112,44.56786740491851,-10.420453608984355,-3.330930857187479
2020-07-30,48.72707549208978,41.72755552660911,-6.999519965480678,1.7501042718448314,2.0014887849278296,1.6903339322430495,45.29687111927391,52.157279864905654,37.80463750815056,45.650473545067655,-10.312574472677055,-3.686465458284301
2020-07-31,48.73335850783558,41.79328675128591,-6.940071756549674,1.7210641467145842,1.9977767658700494,1.6872619991887061,45.360072780275,52.10664423539617,37.87764429018061,45.70892921239121,-10.247105274959537,-3.63303823813981
2020-08-01,48.73998099500813,41.81556991001429,-6.92441108499384,1.6913412248730106,1.9664550860600285,1.6585528724372438,45.42495219425703,52.05500979575923,37.96131794133663,45.66982187869195,-10.175174714970836,-3.673647455016842
2020-08-02,48.74689772778637,41.882803634014884,-6.864094093771489,1.6609724847105745,1.9599627923176446,1.653151043507341,45.491391657753645,52.00240379781909,38.0412765610723,45.72433070695747,-10.104270139045877,-3.6239180484971003
2020-08-03,48.75441762414712,41.90356989391926,-6.850847730227867,1.6287857515528679,1.9239664975027329,1.6205516183410038,45.5619975511035,51.946837697190745,38.132595558813904,45.67454422902462,-10.027128902176235,-3.6745665582795
2020-08-04,48.904327258541834,41.84608423681644,-7.0582430217253975,1.627115850504519,1.87249095030916,1.709320838293446,45.715180191552975,52.09347432553069,38.176001974210486,45.51616649942239,-10.408511864780552,-3.7079741786702436
2020-08-05,48.954014683343985,41.82008754389608,-7.133927139447905,1.6111440150837264,1.83473436257613,1.7019837848486317,45.79617241377988,52.11185695290809,38.22400819324687,45.41616689454529,-10.469815357751223,-3.798038921144587
2020-08-06,49.176406309455686,42.043947097173344,-7.132459212282344,1.6264536121500577,1.8387758901434275,1.5948690104566168,45.98855722964157,52.3642553892698,38.43994635249223,45.64794784185446,-10.258402472777313,-4.0065159517873745
2020-08-07,49.21292130229149,42.0122976269947,-7.200623675296791,1.603450997573974,1.8057585185536587,1.5886250247474716,46.070157347046504,52.35568525753648,38.47301093062953,45.551584323359876,-10.314328723801836,-4.086918626791746
2020-08-08,49.24856326123724,42.03238705659968,-7.216176204637561,1.5792645087482153,1.771031252751329,1.5546560722528038,46.153204824090736,52.34392169838374,38.561165801207075,45.50360831199229,-10.263302106253057,-4.169050303022066
2020-08-09,49.2313133726668,42.05207971715569,-7.179233655511101,1.5462948574651083,1.7357376540200724,1.527247232102676,46.20057545203518,52.26205129329841,38.65003391527635,45.45412551903503,-10.172638230432346,-4.185829080589857
2020-08-10,49.233323417244875,42.13770562543273,-7.095617791812148,1.4992521361462767,1.7092617687312501,1.5172360306449975,46.29478923039817,52.17185760409158,38.78755255871948,45.48785869214598,-10.069400411876343,-4.1218351717479536
2020-08-11,49.38218633652477,42.349357659363356,-7.032828677161411,1.4287813921570542,1.6656677179974562,1.4175700382422718,46.58177480789694,52.182597865152594,39.08464893208834,45.61406638663837,-9.811265952116264,-4.254391402206558
2020-08-12,49.22933339071621,42.379679057523525,-6.849654333192681,1.422394252863599,1.5693925573187548,1.4429677503003173,46.441440655103555,52.01722612632886,39.303669645178765,45.455688469868285,-9.677871123781303,-4.021437542604058
2020-08-13,49.21730423613669,42.38170806531788,-6.835596170818806,1.3972073971692907,1.5402872103803964,1.4158720765349002,46.47877773768488,51.9558307345885,39.36274513297231,45.400670997663454,-9.61070544082721,-4.060486900810401
2020-08-14,49.111092848991724,42.327610398548494,-6.783482450443227,1.3768214480304404,1.443383832607785,1.3470067759586961,46.41252281085206,51.80966288713139,39.49857808663724,45.15664271045975,-9.423615731322272,-4.143349169564182
2020-08-15,49.123179811137405,42.23578662238807,-6.887393188749337,1.3203620206709294,1.442998195014983,1.3814788787790053,46.53527025062238,51.71108937165243,39.4075101601587,45.06406308461744,-9.595091791156188,-4.179694586342487
2020-08-16,49.11523895841623,42.243236854769144,-6.872002103647084,1.2968569800735028,1.4177281863175761,1.3573828423326184,46.57339927747216,51.65707863936029,39.46448960958669,45.021984099951595,-9.532472474619016,-4.211531732675152
2020-08-17,49.10769475548835,42.250867435715044,-6.856827319773308,1.2728376166029172,1.3919234730301842,1.3327788746260154,46.612933026946635,51.60245648403007,39.52269742857588,44.97903744285421,-9.469073914040298,-4.244580725506318
2020-08-18,49.14488227045225,42.13953401485447,-7.00534825559778,1.1700068377370911,1.3240486480503735,1.2869950469266103,46.85166886848755,51.43809567241695,39.54439866467574,44.7346693650332,-9.527858547573937,-4.482837963621623
2020-08-19,49.13734214455048,42.1505530727289,-6.986789071821589,1.1495893611493087,1.3019476703506194,1.266809327844266,46.88414699669784,51.390537292403124,39.59873563884168,44.70237050661611,-9.46973535439635,-4.503842789246827
2020-08-20,49.13003019673916,42.16172359267576,-6.968306604063403,1.128700361878947,1.2793200650938021,1.2460479310163564,46.917777487456426,51.3422829060219,39.65425626509191,44.66919092025962,-9.410560548855461,-4.526052659271345
2020-08-21,49.12294144757585,42.17300311732587,-6.949938330249978,1.1073748753977732,1.2561953483637214,1.2247354701782767,46.95248669179621,51.293396203355485,39.71086023453297,44.635146000118766,-9.350419851799401,-4.549456808700556
2020-08-22,49.116072834081535,42.23299365986403,-6.883079174217507,1.085650862602184,1.262657789113468,1.23878315104548,46.98819714338126,51.243948524781814,39.75818439320163,44.707802926526426,-9.311094150266648,-4.455064198168365
2020-08-23,49.175788168180766,42.26787414523965,-6.907914022941118,1.0857240903700567,1.241683278410007,1.2983089349804116,47.04776895105545,51.30380738530608,39.83417491955604,44.70157337092326,-9.452599535502724,-4.363228510379511
2020-08-24,49.32240201383443,42.303829526205334,-7.0185724876291005,1.0451812836675407,1.145025650316631,1.2700112794146274,47.27384669784605,51.37095732982281,40.059579251584736,44.54807980082593,-9.50779459528177,-4.529350379976431
2020-08-25,49.29988085464898,42.284421026352526,-7.015459828296453,1.0538214172909726,1.0700430608857308,1.19009779051471,47.234390876758674,51.36537083253929,40.18713662701649,44.38170542568856,-9.348051497705285,-4.68286815888762
2020-08-26,49.40746738435159,42.29313575950887,-7.114331624842719,1.1139041203273803,1.0100655823912235,1.2052232881086973,47.224215308509926,51.590719460193256,40.31340721802207,44.27286430099567,-9.476569269535766,-4.752093980149672
2020-08-27,49.405633543384305,42.3255047100917,-7.080128833292604,1.0747528482926152,0.9981688974262793,1.2038985306710028,47.299117960730776,51.51214912603783,40.36909367113619,44.28191574904721,-9.439769953407769,-4.720487713177438
2020-08-28,49.396554479647655,42.316209639979384,-7.08034483966827,1.0163324630352748,1.0224584828413128,1.2211905451091347,47.404542852098515,51.388566107196795,40.31219101361041,44.32022826634836,-9.473878308082174,-4.686811371254366
2020-08-29,49.414017098217975,42.335096766857355,-7.078920331360626,0.9964706344888327,1.0152242651137022,1.2419400734626076,47.46093465461986,51.36709954181609,40.345257207234496,44.32493632648021,-9.513122875347337,-4.644717787373915
2020-08-30,49.345908591895174,42.34121444303959,-7.004694148855591,0.9729617763203279,0.9720434619033201,1.2130821907932792,47.438903510307334,51.252913673483015,40.43600925770908,44.2464196283701,-9.382335242810418,-4.627053054900763
2020-08-31,49.34255593032007,42.53987316127847,-6.802682769041594,0.9142856083422496,1.12295546627163,1.3404358878175031,47.55055613796926,51.134555722670875,40.338880447386074,44.74086587517087,-9.4299371091639,-4.175428428919288
2020-09-01,49.458919650789056,42.4620561457188,-6.996863505070258,0.9666004700956786,1.1304455157947841,1.4969844552451304,47.56438272940153,51.35345657217658,40.24638293476102,44.67772935667657,-9.930953037350713,-4.0627739727898025
2020-09-02,49.479145141239464,42.50477543822186,-6.974369703017601,0.9425428931373898,1.1122773623300348,1.4513111112145767,47.63176107069018,51.326529211788745,40.32471180805499,44.68483906838873,-9.818939480998171,-4.12979992503703
2020-09-03,49.49344505629067,42.50423719176953,-6.989207864521132,0.9186874855412865,1.0784360926551193,1.4082859911299999,47.69281758462974,51.29407252795159,40.3905024501655,44.61797193337357,-9.749448407135933,-4.228967321906333
2020-09-04,49.50953901464673,42.54271581148606,-6.966823203160666,0.8955705316791733,1.0614396128449841,1.3663542700547038,47.75422077255555,51.264857256737905,40.462294170309896,44.62313745266223,-9.644877572467886,-4.288768833853446
2020-09-05,49.47803823579018,42.581846650378345,-6.896191585411839,0.8746465187349496,1.044074823422079,1.352406806955058,47.76373105906968,51.19234541251068,40.53545999647107,44.62823330428562,-9.546908927043752,-4.245474243779926
2020-09-06,49.45444262917196,42.61777964750126,-6.836662981670698,0.8528100019826574,1.0260101955853231,1.3351338620883457,47.78293502528595,51.125950233057964,40.606799664154025,44.62875963084849,-9.453525351363856,-4.21980061197754
2020-09-07,49.42211495284998,42.64907297412745,-6.773041978722535,0.8133697305935376,0.9817875700260688,1.2746371710474718,47.82791028088665,51.01631962481331,40.724769336876356,44.57337661137854,-9.2713308339755791,-4.274753123469491
2020-09-08,49.176173980429006,42.67096518388879,-6.505208796540215,1.0130714142300186,0.9500547835033735,1.3703849326254829,47.19055400853817,51.16179395231984,40.80885780822218,44.5330725595554,-9.19116326448616,-3.819254328594268
2020-09-09,49.20072006245825,42.67760778265894,-6.523112279799314,0.9887782979033036,0.9527761643001399,1.3471957888941026,47.262714598567776,51.13872552634873,40.810166500630665,44.54504906468721,-9.163616026031754,-3.8826085335668727
2020-09-10,49.20167170076754,42.75638402719867,-6.445287673568863,0.9551871526013193,0.9970824256031348,1.3227208339365284,47.32950488166895,51.07383851986613,40.802102473016525,44.710665581380816,-9.037820508084458,-3.8527548390532678
2020-09-11,49.244641481726035,42.667560285813465,-6.577081195912571,0.9115967558614029,1.0405809040201197,1.3572840277931455,47.457911840237685,51.031371123214385,40.62802171393403,44.7070988576929,-9.237357890387136,-3.916804501438006
2020-09-12,49.145038305452935,42.754344351894694,-6.390693953558239,0.9082642985773921,1.0067469548884007,1.3744365027773204,47.364840280241246,50.925236330664625,40.78112032031343,44.72756838347596,-9.084589499001787,-3.696798408114691
2020-09-13,49.11948247305631,42.772629531581366,-6.346852941474941,0.8850143310928196,0.989984996932264,1.354758106044134,47.384854384114384,50.85411056199823,40.832258937594126,44.713000125568605,-9.002178829321444,-3.6915270536284384
2020-09-14,49.09912445552577,42.86608257308031,-6.233041882445459,0.8595629954877174,1.0231291226609502,1.3746213182224054,47.41438098436984,50.783867926681694,40.86074949266485,44.871415653495774,-8.927299666161375,-3.5387840987295442
2020-09-15,49.0030403694586,42.867183656681256,-6.135856712777348,0.8934874187311406,1.016811032641784,1.313553454894171,47.251805028745565,50.75427571017164,40.874234032703356,44.860133280659156,-8.710421484369924,-3.5612919411847725
2020-09-16,49.02677178066356,42.922962678813114,-6.103809101850449,0.8340233286708607,0.946297970880102,1.2413710545629826,47.39208605646867,50.66145750485845,41.06821865588812,44.77770670173811,-8.536896368793895,-3.670721834907003
2020-09-17,48.95635084223047,42.95684038220215,-5.999510460028319,0.8390947306098546,0.9043266687497367,1.206670099936012,47.31172517023516,50.600976514225785,41.18436011145267,44.729320652951635,-8.364583855902904,-3.634437064153736
2020-09-18,48.9450452817474,42.98739533795027,-5.957649943797134,0.8152723556300372,0.8841305458126547,1.17830612927073,47.347111464712526,50.54297909878227,41.25449946815746,44.720291207743074,-8.267129957167764,-3.648169930426503
2020-09-19,48.97908011066551,42.97383478498826,-6.005245325677244,0.8126255527677831,0.8607557898968625,1.1747478674105658,47.38633402724065,50.57182619409036,41.28675343679041,44.66091613318611,-8.307751145801953,-3.7027395055525347
2020-09-20,49.00714899607943,42.9827285999018,-6.0244203961776295,0.8044330200330553,0.8384200850472142,1.1663845563366164,47.43046027681464,50.58383771534422,41.339425233209255,44.62603196659434,-8.310534126597398,-3.7383066657578614
2020-09-21,49.03534002402207,43.01539063286098,-6.019949391161086,0.7991929211800832,0.8188916820966593,1.134219587106404,47.46892189850911,50.60175814953503,41.410362935951525,44.62041832977043,-8.243019781889638,-3.796879000432534
2020-09-22,49.22218653389305,43.162474028908846,-6.059712504984203,1.4400847500847285,0.8580262904423132,1.3879561466264478,46.39962042372699,52.044752644059116,41.48074249964191,44.84420555817578,-8.780106552372041,-3.3393184575963653
2020-09-23,49.20807376021678,43.087790265585454,-6.1202834946313285,1.3619178459997086,0.9500706327678679,1.3407937852947167,46.53871478205735,51.87743273837621,41.22565182536043,44.94992870581048,-8.748239313808973,-3.4923276754536836
2020-09-24,49.2364555557636,43.10929012796605,-6.127165427797549,1.3303667637843302,0.92352403300687,1.3004166213193646,46.62893669874631,51.84397441278089,41.29918302327258,44.91939723265951,-8.675982005583503,-3.5783488500115945
2020-09-25,49.175303207863415,43.239324853206014,-5.935978354657402,1.2573790438797494,0.9415503187262807,1.33838745868386,46.710840281859106,51.639766133867724,41.3938862285025,45.084763477909526,-8.559217773677767,-3.3127389356370363
2020-09-26,49.175727459160285,43.24850998836342,-5.9272174707968635,1.2212513025171485,0.9128215135798372,1.2993227034660118,46.782074906226676,51.569380012093895,41.45937982174694,45.037640154979904,-8.473889969590246,-3.3805449720034804
2020-09-27,49.11760434664025,43.17218278462177,-5.9454215620184785,1.1705774322578926,0.8928146783550841,1.216225220670647,46.82327257941478,51.41193611386572,41.4222660150458,44.922099554197736,-8.329222994532946,-3.5616201295040106
2020-09-28,49.1289928450847,43.176585967043884,-5.952406878040817,1.1394045573482137,0.8668859428341247,1.1867553841792413,46.8957599126822,51.362225777487204,41.477489519089,44.87568241499877,-8.27844743103213,-3.6263663250495037
2020-09-29,49.17536596251971,43.18995939088406,-5.985406571635651,1.1178229577572203,0.8400358532537793,1.1532757169941834,46.98443296531556,51.36629895972386,41.543489118506656,44.83642966326147,-8.245826976944251,-3.7249861663270516
2020-09-30,49.02157655990964,43.13437362973923,-5.887202930170407,1.232738563451296,0.7885788894547877,1.1844879671355633,46.6054089755451,51.43774414427418,41.58875900640785,44.67998825307061,-8.20879934575611,-3.5656065145847027
2020-10-01,49.11684880301966,43.038029330124786,-6.078819472894871,1.181917748769884,0.8173716089577172,1.2579766698739603,46.80029001543068,51.43340759060863,41.43598097656766,44.64007768368191,-8.544453745847832,-3.613185199941909
2020-10-02,49.0584217253115,42.93431666191649,-6.124105063395006,1.1511953545207054,0.9093798594190075,1.177929224129418,46.80207883045092,51.31476462017208,41.15193213745523,44.71670118637775,-8.432846342688665,-3.8153637841013466
2020-10-03,49.18406058736577,42.88816649085471,-6.295894096511066,1.1618765217141571,0.9712820092777479,1.3811334579329306,46.906782604806025,51.461338569925516,40.98445375267032,44.7918792290391,-9.00291567405961,-3.5888725189625226
2020-10-04,49.24516733843279,42.90199484410298,-6.343172494329819,1.1527881034517868,0.9484397796124518,1.3554751859692413,46.98570265566729,51.5046320211983,41.043052876062575,44.760936812143385,-8.999903858829532,-3.686441129830106
2020-10-05,49.29044386047679,42.870271612590365,-6.420172247886423,1.1026970418587965,0.8600254297336006,1.2920255655734902,47.12915765843355,51.451730062520035,41.18462177031251,44.55592145486822,-8.952542356410465,-3.8878021393623827
2020-10-06,49.33142326284052,42.86118657333457,-6.4702366895059455,1.0816048659091542,0.8381696066070656,1.2686655609036133,47.211477725658575,51.45136880002246,41.218374144384725,44.50399900228442,-8.956821188877027,-3.9836521901348636
2020-10-07,49.38062234069731,42.8460460828752,-6.53457625782211,1.0644820982913628,0.8141951148928631,1.2494542762138265,47.29423742804624,51.46700725334838,41.25022365768518,44.44186850806521,-8.98350663920121,-4.08564587644301
2020-10-08,49.38644772883051,42.83127291226793,-6.555174816562585,1.0387669704217584,0.7895347140109615,1.2114574986604654,47.350464466803864,51.42243099085716,41.28378487280644,44.37876095172941,-8.929631513937096,-4.1807181191880725
2020-10-09,49.398969211214926,42.854661461680074,-6.544307749534847,1.0174092408136803,0.7715201799527585,1.1961631716098515,47.40484709922011,51.39309132320974,41.342481908972665,44.36684101438748,-8.888787565890157,-4.199827933179538
2020-10-10,49.416842269937675,42.87424468003458,-6.5425975899030995,1.0004081081531004,0.7529020558189755,1.1872149815828685,47.4560423779576,51.37764216191775,41.39855665062939,44.34993270943977,-8.869538953805522,-4.215656226000677
2020-10-11,49.32893118934983,42.817643838161594,-6.511287351188233,1.0750072044297263,0.7789887151579771,1.1617068852225305,47.221917068667565,51.435945310032096,41.29082595645196,44.34446171987123,-8.788232846224393,-4.234341856152074
2020-10-12,49.21590841285205,42.55336902717293,-6.66253938567912,1.11340840549637,1.1366773577070934,1.1919706691680725,47.033627938079164,51.39818888762494,40.32548140606703,44.78125664827883,-8.998801897248542,-4.326276874109698
2020-10-13,49.245340848950164,42.55309407990188,-6.692246769048282,1.0908426887532978,1.115580153978794,1.1238465187873439,47.1072891789937,51.383392518906625,40.366556978103446,44.73963118170032,-8.894985945871476,-4.489507592225088
2020-10-14,49.30155788150444,42.60064021743049,-6.700917664073955,1.0715362934735613,1.0956893639783332,1.0815750224388994,47.20134674629627,51.40176901671262,40.45308906403295,44.748191370828025,-8.820804708054197,-4.5810306200937125
2020-10-15,49.36232095285449,42.64911562958004,-6.713205323274449,1.0537641906699644,1.0739802936857412,1.0407499477925402,47.29694313914136,51.427698766567616,40.54411425395598,44.754117005204094,-8.753075220947828,-4.673335425601071
2020-10-16,49.43787238179725,42.64229649095701,-6.795575890840241,1.049609744047028,1.0333423208146633,1.030854430382626,47.38063728346508,51.49510748012942,40.616945542160266,44.66764743975375,-8.816050574390188,-4.7751012072902945
2020-10-17,49.55185559493117,42.63917929631119,-6.912676298619977,1.0793850918857921,0.9931070071074238,1.062878621374646,47.436260814835016,51.66745037502732,40.69268956238064,44.58566903024174,-8.995918396514282,-4.829434200725672
2020-10-18,49.69800880615483,42.49972912268427,-7.198279683470558,1.0540284097236143,1.0769495016095805,1.244421877245529,47.632113123096545,51.76390448921312,40.388908099529495,44.61055014583905,-9.637346562871794,-4.759212804069321
2020-10-19,49.90150753149721,42.55422977142029,-7.347277760076923,1.0439392456323922,1.0022537600236328,1.2036006138693565,47.85538661005772,51.9476284529367,40.58981240177397,44.51864714106661,-9.706334963260861,-4.988220556892985
2020-10-20,49.80421556202803,42.85076032350077,-6.9534552385272566,1.0273507966569213,1.1802645987778535,1.5912795470684278,47.79060800058046,51.81782312347559,40.53744170989618,45.164078937105366,-10.072363150781374,-3.834547326273138
2020-10-21,49.813404868312375,42.90235400415374,-6.911050864158634,0.9927488216644897,1.157117489342394,1.5422544690506093,47.86761717784997,51.75919255877478,40.63440372504265,45.170304283264834,-9.933869623497827,-3.8882321048194397
2020-10-22,49.82505227304639,42.95679168517866,-6.868260587867732,0.9587190056007865,1.1350395839766076,1.4934000769487834,47.945963022068845,51.70414152402393,40.732114100584504,45.18146926977281,-9.795324738687347,-3.941196437048116
2020-10-23,49.82772998623771,43.01438962314059,-6.813340363097123,0.9233684766997082,1.1148270903169937,1.4508767775664253,48.01792777190629,51.63753220056914,40.829328526119284,45.19945072016189,-9.657058847127317,-3.9696218790669295
2020-10-24,49.831051563175194,43.06753393743133,-6.763517625743869,0.8883352766637874,1.090824464924105,1.4061756117399837,48.08991442091417,51.57218870543622,40.92951798618008,45.205549888682576,-9.519621824754237,-4.0074134267335015
2020-10-25,50.00593243295441,43.0336743139342,-6.972258119020214,1.087483162811615,1.0868400491486778,1.6909440975007197,47.874465433843646,52.13739943206517,40.90346781760279,45.16388081026561,-10.286508550121624,-3.6580076879188037
2020-10-26,50.11585539094815,42.93899660760411,-7.176858783344037,1.3029817558564403,1.3691051276047566,1.8344746604599689,47.56201114946953,52.66969963242677,40.255550557498786,45.622442657709435,-10.772429117845576,-3.581288448842498
2020-10-27,50.15959525950401,42.724830100280116,-7.43476515922389,1.2107849765859513,1.4838487629987884,1.8369386683637337,47.786456705395544,52.532733813612474,39.81648652480249,45.63317367575774,-11.035164949216808,-3.8343653692309716
2020-10-28,50.16596377411509,42.901230500930794,-7.264733273184301,1.1281382518626266,1.4663547622435933,1.7806047778533942,47.954812800464346,52.37711474776584,40.027175166933354,45.77528583492823,-10.754718637776953,-3.774747908591648
2020-10-29,50.18268223246674,42.95226747012831,-7.230414762338429,1.1113443142706028,1.4274362223131916,1.7522504720579681,48.00444737649636,52.36091708843712,40.15449247439446,45.750042465862165,-10.664825687572048,-3.796003837104812
2020-10-30,50.220936223204205,42.97753268913879,-7.243403534065415,1.0888633790187079,1.388529498090943,1.6991670334748743,48.08676400032754,52.35510844608087,40.25601487288054,45.69905050539704,-10.573770919676168,-3.9130361484546614
2020-10-31,50.16328874446715,43.05699527784249,-7.106293466624664,1.0990643981884334,1.3060186201632438,1.6936270431669462,48.009122524017826,52.31745496491648,40.49719878232253,45.61679177336245,-10.42580247123188,-3.7867844620174496
2020-11-01,50.17757712027278,43.12880222011801,-7.048774900154767,1.0477183426917058,1.2382611931001442,1.618818108513905,48.12404916859704,52.23110507194852,40.70181028164173,45.555794158594296,-10.22165839284202,-3.875891407467513
2020-11-02,50.28291194001911,43.23529786575309,-7.047614074266023,1.028288403141385,1.2964533378319203,1.5891193230532479,48.267466669861996,52.29835721017623,40.69424932360253,45.77634640790365,-10.16228794745039,-3.932940201081657
