end_date,approve,disapprove,net,approve_std,disapprove_std,net_std,approve_lower_ci,approve_upper_ci,disapprove_lower_ci,disapprove_upper_ci,net_lower_ci,net_upper_ci
2021-01-21,49.067012352884944,31.23161292702117,17.835399425863777,3.8712527773353016,4.949357726846907,6.868438642665027,41.479356909307754,56.654667796462135,21.530871782401235,40.93235407164111,4.373259686240324,31.29753916548723
2021-01-22,50.38600931801325,31.478778241414673,18.907231076598574,4.828851089213384,4.691842337714426,6.365708544307766,40.92146118315502,59.850557452871485,22.2827672594944,40.67478922333495,6.430442329755353,31.384019823441797
2021-01-23,51.27629187883857,31.26788216731543,20.008409711523143,4.777421415504062,4.177617584676675,6.139863953228727,41.91254590445061,60.64003785322653,23.07975170134915,39.456012633281716,7.9742763631948375,32.04254305985145
2021-01-24,51.722673069040525,30.88102110048468,20.84165196855584,4.434394278771695,3.885402444083066,5.883895404803077,43.031260282648006,60.414085855433044,23.26563231008187,38.49640989088749,9.30921697514181,32.37408696196987
2021-01-25,52.38892467202532,31.375112103032727,21.013812568992595,4.070624916571561,3.523368943171593,5.298525508717523,44.41049983554506,60.367349508505576,24.469308974416407,38.28091523164905,10.628702571906251,31.398922566078937
2021-01-26,52.22804945311512,32.27342014239143,19.954629310723693,3.7618328149384475,4.244499834328698,6.477504001400999,44.854857135835765,59.60124177039447,23.95420046710718,40.592639817675675,7.258721467977734,32.65053715346965
2021-01-27,51.757542377817636,32.894162605532834,18.8633797722848,3.667579966109046,4.506366596080047,6.854247904779261,44.569085644243906,58.945999111391366,24.061684077215943,41.726641133849725,5.4290538789174505,32.29770566565215
2021-01-28,51.874376082363646,33.16276287451087,18.71161320785278,3.567159555417539,4.396556936998703,6.727719622603393,44.88274335374527,58.866008810982024,24.545511277993413,41.78001447102832,5.525282747550127,31.897943668155428
2021-01-29,52.210743793588755,33.366004429332186,18.844739364256572,3.3680107914814403,4.076316707833959,6.0806491223490085,45.60944264228513,58.81204494489238,25.376423681977627,41.355585176686745,6.926667084452516,30.762811644060626
2021-01-30,52.52264291284538,33.48056578942881,19.042077123416572,3.362756257532002,3.8546062681252047,5.821268900422703,45.931640648082656,59.1136451776081,25.925537503903406,41.03559407495421,7.632390078588074,30.45176416824507
2021-01-31,52.871956212733785,33.85543352994659,19.016522682787198,3.258132666796837,3.699285013429967,5.3950395585182465,46.486016185811984,59.25789623965559,26.604834903623853,41.10603215626932,8.442245148091434,29.59080021748296
2021-02-01,53.09020338373515,34.00716374364387,19.083039640091275,3.179823470699091,3.3345832061293623,5.037055958223453,46.857749381164936,59.322657386305366,27.47138065963032,40.542946827657424,9.210409961973308,28.955669318209242
2021-02-02,52.90765214375288,34.41464864264955,18.493003501103324,3.3547896406121627,3.4333479591831244,5.503127869265333,46.33226444815304,59.48303983935271,27.68528664265063,41.144010642648475,7.706872877343272,29.279134124863376
2021-02-03,52.772180368388675,35.16400454390095,17.608175824487727,3.305978050261232,4.015429948771129,6.175934721610153,46.29246338987666,59.25189734690069,27.293761844309536,43.034247243492366,5.503343770131828,29.713007878843626
2021-02-04,52.644189725326804,35.35378086510101,17.290408860225796,3.350909685248876,4.139252910763335,6.424829436095087,46.07640674223901,59.2119727084146,27.240845160004874,43.46671657019714,4.697743165479425,29.88307455497217
2021-02-05,52.64516683529762,35.350259888531305,17.29490694676632,3.3115174390557747,4.088743260904552,6.349454811041377,46.154592654748306,59.13574101584694,27.336323097158385,43.364196679904225,4.849975517125223,29.73983837640742
2021-02-06,52.87381092421621,35.17039113603683,17.70341978817938,3.424064011082632,4.064114677928734,6.5027386983872555,46.16264546249425,59.58497638593817,27.20472636729651,43.136055904777145,4.958051939340361,30.448787637018402
2021-02-07,52.96268546235694,35.11553701567991,17.84714844667702,3.387914121909014,3.9895888176872543,6.41691921944719,46.32237378341527,59.6029971412986,27.295942933012896,42.93513109834693,5.269986776560529,30.424310116793514
2021-02-08,53.604435893596616,35.32164644623401,18.282789447362607,3.7684794637447494,3.8786703619171665,6.205973454820404,46.21821614465691,60.990655642536325,27.719452536876368,42.92384035559166,6.119081475914616,30.446497418810598
2021-02-09,53.379144377519154,35.657574250558014,17.721570126961137,3.657391632419507,3.882895860076243,6.175350968437943,46.21065677797692,60.547631977061386,28.047098364808576,43.26805013630745,5.6178822288227686,29.825258025099505
2021-02-10,53.40616669731616,35.731473777700565,17.674692919615588,3.6534376093091434,3.8928401267029327,6.319689950384358,46.24542898307024,60.56690441156208,28.101507129362815,43.361440426038314,5.288100616862245,30.06128522236893
2021-02-11,53.333144402839096,35.8108355894201,17.522308813419,3.5801323959253906,3.873798454072855,6.278544623878335,46.31608490682533,60.35020389885286,28.218190619437305,43.403480559402894,5.216361350617463,29.828256276220536
2021-02-12,53.34900326969487,35.74535856819487,17.603644701500002,3.5213551895505235,3.825841455499184,6.190515855398728,46.44714709817584,60.2508594412139,28.246709315416467,43.244007820973266,5.470233624918494,29.737055778081512
2021-02-13,53.465754470597346,35.63713737053314,17.8286171000642,3.4066780982192237,3.686546226518332,5.991687656677822,46.788665398087666,60.14284354310703,28.41150676655721,42.86276797450907,6.084909292975668,29.572324907152733
2021-02-14,53.52829294426007,35.55147492637023,17.976818017889844,3.2234027441034314,3.4629784009077933,5.6641027654367395,47.21042356581735,59.846162322702796,28.764037260590957,42.338912592149505,6.8751765976338355,29.078459438145853
2021-02-15,53.8698111325515,35.77221423295168,18.09759689959981,3.0336377973122968,3.3286040717590244,5.262754377567181,47.92388104981939,59.8157412152836,29.248150252303994,42.29627821359937,7.782598319568136,28.412595479631484
2021-02-16,53.64834147067287,35.97323159266687,17.675109878005998,3.0100873572193056,3.383888788052548,5.446200017927549,47.74857025052303,59.548112690822705,29.340809568083877,42.605653617249864,7.000557842868002,28.349661913143994
2021-02-17,53.447472423946486,36.21743403884264,17.23003838510385,3.0780829501175475,3.5618244727470665,5.783034553307723,47.41442984171609,59.48051500617688,29.23625807225839,43.19861000542689,5.895290660620713,28.564786109586986
2021-02-18,53.101572294510426,36.6635300570292,16.43804223748123,3.183400384438214,3.516972425133175,5.978835941597208,46.862107541011525,59.341037048009326,29.770264103768177,43.55679601029022,4.719523791950703,28.156560683011758
2021-02-19,53.08850985008906,36.644187861807396,16.444321988281665,3.1371685136658534,3.4671187839899265,5.890631012884964,46.93965956330399,59.23736013687413,29.84863504518714,43.439740678427654,4.898685203027135,27.989958773536195
2021-02-20,53.339541300202924,36.4195843877129,16.919956912490022,3.032089201362243,3.297770460043413,5.677262189164026,47.396646465532925,59.282436134872924,29.95595428602781,42.88321448939799,5.792523021728533,28.04739080325151
2021-02-21,53.40837793613042,36.48117364701065,16.927204289119775,2.930437377646361,3.242539425723138,5.503225849568958,47.664720675943556,59.152035196317286,30.1257963725933,42.836550921428,6.140881623964617,27.713526954274933
2021-02-22,53.13790160141057,36.4128781408659,16.72502346054467,2.8876057570660243,3.062472585217271,5.264601249470317,47.47819431756116,58.797608885259976,30.410431873840047,42.41532440789175,6.406405011582848,27.04364190950649
2021-02-23,52.78468571532085,36.57299536363202,16.211690351688834,3.0328315041730183,3.279358834670566,5.601351802431014,46.84033596714173,58.72903546349996,30.145452047677708,43.00053867958633,5.233040818924046,27.19033988445362
2021-02-24,52.61059708289008,36.90432875032853,15.706268332561555,2.971534587526362,3.26512117315444,5.497994038438598,46.78638929133841,58.43480487444175,30.50469125094583,43.30396624971123,4.930200017221903,26.482336647901207
2021-02-25,53.02699844312125,37.17527679440148,15.851721648719762,3.3202036378924835,3.2906223809066946,5.715942428163628,46.51939931285198,59.53459757339052,30.72565692782436,43.62489666097861,4.648474489519051,27.054968807920474
2021-02-26,53.087881811310226,37.32376811535021,15.764113695960011,3.268340015363576,3.3100736432867115,5.617866173769305,46.68193538119762,59.49382824142283,30.836023774508256,43.81151245619217,4.753095995372174,26.77513139654785
2021-02-27,52.651861468892555,37.52438054596013,15.12748092293243,3.421610220008257,3.5739557440938694,6.184680876335086,45.945505437676374,59.358217500108736,30.519427287536143,44.52933380438411,3.0055064053156624,27.249455440549198
2021-02-28,52.55118895294086,37.544713658883694,15.006475294057164,3.42251399963457,3.306692340232296,5.7365096375314435,45.843061513657105,59.25931639222462,31.063596672028396,44.02583064573899,3.7629164044955346,26.250034183618794
2021-03-01,52.75099165016603,37.641420606807756,15.109571043358272,3.321801346701409,3.118507373452121,5.512190769122796,46.240261010631265,59.26172228970079,31.529146154841598,43.753695058773914,4.305677135877593,25.91346495083895
2021-03-02,52.562509742421014,37.789580358466345,14.772929383954665,3.316819758354976,3.1206036449686425,5.56675487539274,46.06154301604526,59.063476468796765,31.673197214327807,43.905963502604884,3.862089828184894,25.683768939724438
2021-03-03,52.43135037070011,37.90703216561348,14.52431820508663,3.337703437372098,3.18072712205053,5.709319805801627,45.8894516334508,58.97324910794942,31.67280700639444,44.141257324832516,3.3340513857154406,25.71458502445782
2021-03-04,52.47385613887849,37.87792178659099,14.595934352287506,3.4159615143320434,3.359276821792401,6.0665533861003285,45.77857157078768,59.169140706969294,31.29373921587788,44.46210435730409,2.7054897155308613,26.486378989044148
2021-03-05,52.48238290267958,37.84249906224216,14.63988384043742,3.3567737323217584,3.3058302370110346,5.9653337526982355,45.90310638732893,59.06165941803023,31.363071797700535,44.32192632678379,2.9478296851488786,26.331937995725962
2021-03-06,52.45950679093363,37.8024102011519,14.657096589781734,3.23236637834602,3.1849624337488103,5.743241257535952,46.124068689375434,58.79494489249183,31.559883831004232,44.044936571299566,3.4003437250112682,25.9138494545522
2021-03-07,52.86252940561153,37.547369413395195,15.315159992216334,3.116339200100839,2.946021075962839,5.465047904273008,46.75450457341389,58.970554237809175,31.77316810450803,43.32157072228236,4.603666099841238,26.02665388459143
2021-03-08,52.84533902468188,37.718046583972395,15.12729244070948,3.048733100528117,2.8568041139647877,5.287100046757681,46.869822147646765,58.82085590171699,32.11871052060141,43.31738264734338,4.764576349064425,25.490008532354537
2021-03-09,52.59327784808046,37.863543343595545,14.729734504484917,3.0591938815443327,2.86614844620154,5.338172159303252,46.59725784025357,58.589297855907354,32.24589238904053,43.48119429815056,4.2669170722505445,25.19255193671929
2021-03-10,52.85439823490133,38.0010617139205,14.853336520980832,3.3236280651542027,2.8570416331345774,5.435385842132936,46.34008722719909,59.36870924260357,32.40126011297673,43.60086331486427,4.199980270400278,25.506692771561386
2021-03-11,52.79071635768994,38.08595506752655,14.704761290163392,3.220790509213476,2.82244253744471,5.340032065938131,46.47796695963152,59.10346575574835,32.55396769413492,43.61794244091818,4.238298440924654,25.171224139402128
2021-03-12,52.818459049689494,38.04987789860036,14.768581151089135,3.1769700446639995,2.7886282844980763,5.273850820409559,46.591597762148055,59.04532033723093,32.58416646098413,43.515589336216586,4.431833543086398,25.105328759091872
2021-03-13,53.46697518058341,37.84259680518887,15.624378375394542,3.6159230819857147,2.7012552202673294,5.5388648020419105,46.37976593989141,60.55418442127541,32.5481365734649,43.137057036912836,4.768203363392399,26.480553387396686
2021-03-14,53.660597234454954,37.8993646304232,15.761232604031752,3.507533576843906,2.6441472375615658,5.318373734171849,46.7858314238409,60.53536304506901,32.716836044802534,43.081893216043866,5.337220085054929,26.185245123008578
2021-03-15,53.773030690715856,37.83169308541689,15.941337605298969,3.361615500297193,2.6029767145644787,5.205854568960798,47.18426431013336,60.361797071298355,32.72985872487051,42.933527445963264,5.7378626501358045,26.144812560462135
2021-03-16,53.6854274001612,38.05457383003334,15.630853570127861,3.2358616356188987,2.673802594386873,5.162030172979,47.34313859434816,60.027716205974244,32.81392074503507,43.29522691503161,5.513274431089023,25.7484327091667
2021-03-17,53.520183220964,38.03725219249147,15.482931028472526,3.1312501311465297,2.7228788978574388,5.153144739963429,47.3829329639168,59.6574334780112,32.70040955269089,43.37409483229205,5.382767338144205,25.583094718800847
2021-03-18,53.65252353315811,37.97561553671806,15.676907996440056,3.1665070149009438,2.900473735943903,5.430235814559416,47.44616978395226,59.85887728236396,32.29068701426801,43.66054405916811,5.033645799903601,26.320170192976512
2021-03-19,53.79226878812191,37.83270906919084,15.959559718931066,3.18749676762267,2.9187605764214126,5.500124281646294,47.54477512358147,60.039762452662345,32.11193833940487,43.55347979897681,5.179316126904329,26.739803310957804
2021-03-20,54.300768949689676,37.32382283405479,16.976946115634885,3.2997786974179895,3.056125217510569,5.849292976620583,47.83320270275042,60.76833519662893,31.333817407734074,43.3138282603755,5.512331881458543,28.441560349811226
2021-03-21,53.884820710649336,37.59372055997175,16.291100150677583,3.437909796543389,3.0692254311185034,6.05462372112958,47.14651750942429,60.62312391187438,31.578038714979485,43.609402404964015,4.4240376572636055,28.15816264409156
2021-03-22,54.14823448604359,37.857183609799655,16.29105087624393,3.249753310750198,2.943063278970765,5.656980273853502,47.7787179969732,60.517750975113984,32.08877958301696,43.62558763658235,5.2033695394910655,27.378732212996795
2021-03-23,53.69188355074883,38.14602958592496,15.54585396482387,3.51868908773459,3.1464344638923287,6.196036375578107,46.795252938789034,60.58851416270862,31.979018036695994,44.313041135153924,3.4016226686907807,27.69008526095696
2021-03-24,53.44779559452498,38.355643154711665,15.092152439813317,3.7207314329815926,3.405655545785185,6.707538566958208,46.155161985881065,60.7404292031689,31.6805582849727,45.030728024450625,1.9453768485752292,28.238928031051405
2021-03-25,53.469586252697596,38.47868858356977,14.99089766912782,3.6485066454207495,3.301131342037268,6.476008898908321,46.31851322767292,60.62065927772227,32.00847115317673,44.94890601396281,2.297920227267511,27.68387511098813
2021-03-26,53.76731976276504,38.40261688773355,15.36470287503149,3.460104064032796,3.033307089820039,6.029968676008333,46.98551579726076,60.54912372826932,32.457334991686274,44.34789878378083,3.5459642700551584,27.183441480007822
2021-03-27,53.76316706953857,38.36966559629193,15.393501473246637,3.4223447297100322,3.0097924635744073,5.968617879437803,47.05537139930691,60.47096273977023,32.47047236768609,44.26885882489777,3.695010429548544,27.091992516944728
2021-03-28,53.76447865235257,38.31497741210256,15.449501240250013,3.3727788097120284,2.969321759403424,5.875006556937384,47.153832185317,60.375125119388144,32.49510676367185,44.134848060533265,3.93448838865274,26.964514091847285
2021-03-29,53.90114675886861,38.190532859114384,15.710613899754227,3.2317484592260493,2.894415125641814,5.702933972481765,47.566919778785554,60.23537373895167,32.51747921285643,43.86358650537234,4.532863313689967,26.888364485818485
2021-03-30,53.456788152795895,38.36989847586026,15.086889676935634,3.4785677671986788,2.9646238043246917,5.997155498358558,46.638795329086484,60.274780976505305,32.559235819383865,44.180561132336656,3.3324649001528606,26.841314453718407
2021-03-31,53.24495965264403,38.59732198802396,14.647637664620072,3.4913231593751815,3.0650646351149358,6.14247513634435,46.40196626026867,60.08795304501938,32.589795303198684,44.60484867284923,2.6083863973851464,26.686888931854998
2021-04-01,53.0557840850508,38.77093810764131,14.284845977409494,3.525293063105524,3.1618129566652065,6.299590570941945,46.14620968136398,59.96535848873763,32.5737847125775,44.968091502705114,1.9376484583632827,26.632043496455708
2021-04-02,53.13275844669852,38.672468458733675,14.460289987964845,3.470264162111272,3.112905956839064,6.199670241031873,46.33104068896042,59.93447620443661,32.57117278332911,44.77376413413824,2.3089363155423754,26.611643660387315
2021-04-03,53.131764994485515,38.46152409800894,14.670240896476576,3.295867092731928,3.025613324674013,5.924152605811327,46.67186549273094,59.59166449624009,32.53132198164787,44.39172621437,3.0589017890863754,26.28158000386678
2021-04-04,53.181381091676926,38.44688141634174,14.734499675335192,3.227004243616126,2.960338627145801,5.795445392952421,46.85645277418932,59.50630940916453,32.64461770713597,44.24914512554751,3.3754267051484472,26.093572645521938
2021-04-05,53.45731954252041,38.36810626326458,15.089213279255832,3.279811826957161,2.855473002035532,5.703900630614664,47.02888836168437,59.885750723356445,32.77137917927494,43.96483334725422,3.9095680432510918,26.268858515260572
2021-04-06,53.057813059239514,38.638450670098926,14.419362389140588,3.426601942388488,3.02970298044014,6.056761500598156,46.341673252158074,59.773952866320954,32.70023282843625,44.5766685117616,2.5481098479682025,26.290614930312973
2021-04-07,52.96920006507167,38.73302093607999,14.236179128991676,3.381695529600755,3.0767529916577674,6.071118738763361,46.34107682705419,59.59732330308915,32.702585072430765,44.76345679972921,2.3367864010154893,26.135571856967864
2021-04-08,52.92243018751129,38.61869517132362,14.303735016187662,3.271688129687328,3.0449320501281854,5.9474388329873475,46.509921453324125,59.33493892169845,32.65062835307238,44.58676198957487,2.646754903532461,25.960715128842864
2021-04-09,52.94671071978647,38.56451652098553,14.38219419880095,3.226535957339933,3.0167882611059964,5.8780919812079615,46.6227002434002,59.270721196172744,32.651611529217774,44.47742151275328,2.861133915633344,25.903254481968553
2021-04-10,52.97362253289868,38.50484480699164,14.468777725907033,3.175912576575653,2.984269907326857,5.799473991266541,46.7488338828104,59.19841118298696,32.655675788631,44.35401382535228,3.101808703024613,25.835746748789454
2021-04-11,53.68593618345618,37.69653946722084,15.989396716235344,4.122047533288168,3.2204423167398155,7.043529827286628,45.60672301821137,61.76514934870099,31.3844725264108,44.00860640803088,2.184078254753553,29.794715177717137
2021-04-12,53.45115136971912,38.21605991993701,15.235091449782114,3.7494254838659677,3.2054110338971387,6.625325961332022,46.102277421341824,60.80002531809642,31.933454293498617,44.4986655463754,2.2494525655713513,28.220730333992876
2021-04-13,53.45776246042085,38.33726174882779,15.120500711593063,3.6692998075791463,3.00481633116736,6.334382464235809,46.26593483756572,60.64959008327598,32.447821739739766,44.22670175791582,2.7051110816908785,27.535890341495247
2021-04-14,53.32187224724461,38.44679891441629,14.875073332828322,3.6745915954236406,3.046687542231697,6.394399099730499,46.119672720214275,60.52407177427495,32.47529133164217,44.418306497190414,2.342051097356544,27.408095568300098
2021-04-15,53.170703707327675,38.506553087312156,14.664150620015521,3.6543444664663323,3.1097884054979996,6.44864113325774,46.008188553053664,60.33321886160169,32.41136781253608,44.601738362088234,2.02481399883035,27.303487241200692
2021-04-16,53.262574508877826,38.52463064726707,14.73794386161076,3.492187300044356,2.9592378484294204,6.1436229617014035,46.41788740079089,60.10726161696476,32.7245244643454,44.32473683018873,2.6964428566760077,26.77944486654551
2021-04-17,53.246399391188646,38.506505407514766,14.739893983673882,3.4456674712657795,2.9209302784596787,6.059596507311743,46.49289114750772,59.99990763486957,32.7814820617338,44.231528753295734,2.863084829342867,26.616703138004898
2021-04-18,53.23865756811449,38.53797409308859,14.700683475025897,3.313787186740464,2.819158305948499,5.82808813113818,46.74363468210318,59.7336804541258,33.012423813429535,44.06352437274765,3.277630737995066,26.123736212056727
2021-04-19,53.62779470833701,38.38272923815336,15.245065470183645,3.334809836974264,2.7088647652105253,5.730394833976026,47.091567427867446,60.16402198880657,33.07335429834073,43.69210417796599,4.013491595590635,26.476639344776657
2021-04-20,53.40214346651361,38.37797164017973,15.024171826333879,3.335179598230231,2.783575612209681,5.745018085435193,46.865191453982355,59.93909547904486,32.92216344024875,43.83377984011071,3.763936378880901,26.284407273786854
2021-04-21,53.349616758771425,38.797202303739816,14.552414455031606,3.1129298953697533,2.773435680471662,5.429465203925951,47.24827416384671,59.45095935369614,33.36126837001536,44.23313623746427,3.9106626553367416,25.19416625472647
2021-04-22,53.35859904852372,38.72793567858778,14.630663369935942,3.048889862673854,2.714157952324594,5.321737738622283,47.382774917682966,59.33442317936448,33.40818609203157,44.04768526514398,4.200057402236267,25.061269337635615
2021-04-23,53.14771109267204,38.95693736155336,14.190773731118684,2.932057004054542,2.693054480628943,5.210857035407942,47.400879364725135,58.894542820618945,33.67855057952063,44.235324143586084,3.9774939417191177,24.40405352051825
2021-04-24,53.39547533700247,39.06013020594386,14.335345131058615,2.9906543215957866,2.6497287162539953,5.041867109225362,47.53379286667473,59.257157807330216,33.866661922086024,44.25359848980169,4.453285596976906,24.21740466514032
2021-04-25,53.14939451685742,39.061549725119,14.087844791738421,2.9087328480507715,2.703690345431727,4.917846057175539,47.448278134677906,58.850510899036934,33.76231664807281,44.36078280216519,4.448866519674365,23.726823063802478
2021-04-26,53.16659429506266,39.024471867503145,14.142122427559512,2.8098204648122125,2.6288445201902824,4.794858189036514,47.659346184030724,58.67384240609459,33.871936607930195,44.177007127076095,4.744200377047944,23.54004447807108
2021-04-27,52.9716975923371,39.052212915619,13.919484676718096,2.927624787710366,2.7556622175297223,5.115596639724205,47.233553008424785,58.70984217624942,33.651114969260746,44.45331086197726,3.8929152628586543,23.946054090577537
2021-04-28,53.14386251466342,39.00796958580833,14.135892928855089,3.128677224474206,2.890656539771515,5.492425662646895,47.011655154693976,59.27606987463286,33.34228276785616,44.6736564037605,3.3707386300671764,24.901047227643
2021-04-29,53.13732324146138,38.950157806376296,14.187165435085083,3.230796439771002,3.0437661612654345,5.817435946294365,46.804962219510216,59.469684263412546,32.98437613029604,44.91593948245655,2.7849909803481268,25.58933988982204
2021-04-30,52.99850441114716,38.86061687611599,14.137887535031165,3.0078739372902787,2.9655220596533476,5.420955663629257,47.10307149405821,58.893937328236106,33.04819363919543,44.67304011303655,3.512814434317823,24.762960635744506
2021-05-01,53.03913523553794,38.811623806101906,14.227511429436033,2.9912250830072478,2.957391314681436,5.404706263556235,47.17633407284374,58.901936398232145,33.015136829326295,44.60811078287752,3.634287152865813,24.820735706006253
2021-05-02,53.05813006214282,38.80071202242189,14.257418039720934,2.9358803555970585,2.90189668598956,5.308210086449672,47.30380456517259,58.812455559113054,33.112994517882356,44.488429526961426,3.8533262702795756,24.66150980916229
2021-05-03,53.548032911109964,38.34370730385938,15.204325607250581,3.2489821727498387,3.164713596764463,5.984922686176906,47.18002785252028,59.916037969699644,32.140868654201036,44.54654595351773,3.473877142343847,26.934774072157317
2021-05-04,53.33487922749978,38.52527723114191,14.809601996357877,3.4055017377863823,3.1159623981203763,6.098621136338133,46.660095821438475,60.00966263356109,32.417990930825965,44.63256353145785,2.856304569135135,26.76289942358062
2021-05-05,53.302876027914984,38.52420074807038,14.778675279844606,3.3340253424208828,3.08295082930579,6.017905584920445,46.76818635677005,59.837565699059915,32.48161712263103,44.566784373509726,2.9835803334005337,26.57377022628868
2021-05-06,53.262327116117035,38.59405586414278,14.668271251974256,3.3033119136912417,3.0673489641139433,5.988449542931227,46.7878357652822,59.73681846695187,32.58205189447945,44.606059833806114,2.930910147829051,26.40563235611946
2021-05-07,53.300230156966734,38.5486497452232,14.75158041174353,3.2714361641194665,3.0433628892633253,5.938430224194798,46.88821527529258,59.71224503864089,32.58365848226708,44.51364100817932,3.1122571723217263,26.390903651165335
2021-05-08,53.30963967960451,38.50050274255884,14.809136937045674,3.2275621515412998,3.016832189356702,5.869240018252,46.98361786258356,59.63566149662546,32.5875116514197,44.41349383369797,3.3054265012717536,26.312847372819594
2021-05-09,53.23007558218015,38.666853691173266,14.563221891006885,3.003662676847521,3.0236313777402968,5.521925737951645,47.34289673555901,59.11725442880129,32.74053619080229,44.59317119154424,3.7402474446216605,25.386196337392107
2021-05-10,53.21064662188381,38.73748676265846,14.473159859225351,2.795315220968385,2.8402551683775012,5.162205779308391,47.731828788785776,58.689464454981845,33.17058663263856,44.304386892678366,4.355236531780905,24.5910831866698
2021-05-11,52.82601324806623,39.10591403163173,13.720099216434503,2.91454631700932,3.0470772375433683,5.557649489595609,47.113502466727965,58.5385240294045,33.133642646046724,45.07818541721673,2.8271062168271097,24.6130922160419
2021-05-12,52.818149054195175,39.12824571809148,13.6899033361037,2.9241949051051632,3.0336016645169512,5.588867331414409,47.086727040189054,58.549571068201296,33.18238645563825,45.0741049805447,2.7357233665314578,24.64408330567594
2021-05-13,52.477076397314086,39.28197041993344,13.195105977380647,3.050407604883379,3.105876862746962,5.766040134855549,46.49827749174266,58.45587530288551,33.19445176894939,45.36948907091748,1.8936673130637711,24.496544641697525
2021-05-14,52.480652537764264,39.2411025371469,13.239550000617358,3.0065861734949846,3.0717797901820725,5.690489204985154,46.5877436377141,58.37356143781443,33.22041414839004,45.26179092590376,2.0861911588464572,24.39290884238826
2021-05-15,52.571418660561044,39.21644162980152,13.354977030759525,2.952050236407938,2.981589250191155,5.536584911435728,46.78540019720148,58.357437123920604,33.37252669942686,45.06035656017619,2.503270604345497,24.206683457173554
2021-05-16,52.61487291897581,39.12749776191346,13.487375157062353,2.898461157563428,2.9417195513474748,5.452345547452934,46.93388905015149,58.29585678780013,33.36172744127241,44.89326808255451,2.800777884054602,24.1739724300701
2021-05-17,52.72425059074614,39.127641764521535,13.596608826224603,2.721010066986996,2.733274779290329,5.07785750500533,47.391070859451624,58.05743032204065,33.77042319711249,44.48486033193058,3.644008116414158,23.54920953603505
2021-05-18,52.58550847646261,39.193224501019564,13.392283975443046,2.5618350854146223,2.659720371859819,4.888474527330738,47.564311709049946,57.60670524387527,33.98017257217432,44.40627642986481,3.8108739018747997,22.973694049011293
2021-05-19,52.91968790840162,39.21417678658575,13.705511121815865,2.6899710415528655,2.483036896639482,4.765142628998711,47.647344666958006,58.192031149845235,34.34742446917237,44.08092910399914,4.3658315689783915,23.04519067465334
2021-05-20,53.52982501895683,38.909174975608046,14.62065004334878,2.842701377692712,2.314772953022687,4.778041688635806,47.95813031867911,59.101519719234545,34.37221998768358,43.44612996353251,5.255688333622601,23.98561175307496
2021-05-21,53.50954432337135,38.90839125636058,14.601153067010772,2.812125039871496,2.2875369311034977,4.723368056624054,47.99777924522322,59.02130940151948,34.424818871397726,43.391963641323436,5.343351676027627,23.858954457993917
2021-05-22,53.5123024947728,38.93510401978203,14.577198474990771,2.7640997209763336,2.2456540780965693,4.64070051093003,48.094667041659186,58.92993794788641,34.533622026712756,43.336586012851306,5.4814254735679135,23.67297147641363
2021-05-23,53.35235828323787,38.84325888731099,14.509099395926883,2.760530124168166,2.2537778201546996,4.496199730776509,47.94171923986826,58.762997326607476,34.42585435980778,43.260663414814196,5.696547923604925,23.32165086824884
2021-05-24,53.169612610908196,38.9948037500705,14.174808860837691,2.5749280574236706,2.1258809836550276,4.210916133495478,48.122753618357805,58.21647160345859,34.82807702210665,43.16153047803436,5.921413239186554,22.42820448248883
2021-05-25,52.99117203057597,38.92986699490548,14.061305035670486,2.423523635404493,1.9408922440988892,3.8718124479826987,48.24106570518316,57.741278355968774,35.12571819647166,42.7340157933393,6.472552637624396,21.650057433716576
2021-05-26,52.74619485124758,39.03587447434642,13.710320376901157,2.4810322794953708,1.8817036650504062,3.8896812076614675,47.883371583436656,57.609018119058504,35.34773529084762,42.72401365784522,6.08654520988468,21.334095543917634
2021-05-27,52.714029222241,39.17752295839293,13.536506263848079,2.3719844266787367,1.9292944705832769,3.843013143502999,48.06493974595068,57.36311869853132,35.3961057960497,42.95894012073615,6.004200502582201,21.068812025113957
2021-05-28,52.755082379663286,38.91463748783551,13.840444891827778,2.2668587162862215,2.0674355182442077,3.8253974809169957,48.312039295742295,57.198125463584276,34.862463872076866,42.96681110359416,6.342665829230466,21.33822395442509
2021-05-29,52.789518195488476,38.89005886250114,13.899459332987336,2.2384704401839777,2.032437166237285,3.774000986350982,48.40211613272788,57.17692025824907,34.906482016676065,42.87363570832622,6.502417399739412,21.29650126623526
2021-05-30,52.78738874553084,38.88667242501321,13.900716320517631,2.2075062369155716,2.0045644326896057,3.722019177019557,48.46067652117632,57.114100969885364,34.95772613694158,42.81561871308484,6.605558733559299,21.195873907475963
2021-05-31,52.753298950210684,39.07909744576174,13.674201504448947,2.0424767863015365,1.9287280099823008,3.4965609986630977,48.75004444905967,56.7565534513617,35.29879054619643,42.85940434532705,6.820941947069275,20.527461061828618
2021-06-01,52.741446301631406,39.17864280707681,13.562803494554595,2.407747072655421,1.9957394050076214,3.9189998498226815,48.02226203922678,57.46063056403603,35.26699357326187,43.090292040891754,5.88156378890214,21.244043200207052
2021-06-02,52.56871667314833,39.338713944321746,13.230002728826582,2.483708391365089,2.182806222106803,4.219700878036327,47.70064822607276,57.4367851202239,35.06041374899241,43.61701413965108,4.959389007875382,21.50061644977778
2021-06-03,52.39263522306807,39.5494088146459,12.843226408422165,2.5514183403923947,2.301255252909146,4.439509181469337,47.391855275898976,57.39341517023716,35.038948518943975,44.059869110347826,4.141788412742265,21.544664404102065
2021-06-04,52.36957534985036,39.560340661509734,12.809234688340622,2.512200786740148,2.2637118580701925,4.3695112562004965,47.44566180783967,57.293488891861045,35.12346541969216,43.99721590332731,4.244992626187649,21.373476750493595
2021-06-05,52.4562706232816,39.4208325119344,13.035438111347199,2.39909356966642,2.1868729113133303,4.209045233563035,47.754047226735416,57.15849401982778,35.134561605760275,43.707103418108524,4.7857094535636495,21.285166769130747
2021-06-06,52.3244030602219,39.28202671418339,13.042376346038505,2.3592477087949497,2.2197943525970585,4.052898139603451,47.7002775509838,56.948528569459995,34.93122978309315,43.632823645273625,5.098695992415741,20.98605669966127
2021-06-07,52.225161576029514,39.42932382550384,12.795837750525674,2.306994659230233,2.1786733592503458,3.9806925109171267,47.703452043938256,56.74687110812077,35.15912404137317,43.69952360963452,4.993680429128106,20.597995071923243
2021-06-08,51.888818123636206,39.68124646039151,12.20757166324469,2.3153056822135607,2.2067055739411177,4.06185109704211,47.35081898649763,56.42681726077478,35.35610353546692,44.006389385316105,4.246343513042153,20.168799813447226
2021-06-09,52.146715339137245,39.66751678090021,12.479198558237032,2.6192654986308113,2.185984809697423,4.331917163698707,47.01295496182085,57.28047571645364,35.38298655389326,43.952047007907154,3.988640917387567,20.969756199086497
2021-06-10,51.97498031561361,39.95003075801274,12.02494955760087,2.59508113219562,2.2248548162583845,4.425166932580505,46.888621296510195,57.06133933471702,35.589315318146305,44.31074619787917,3.3516223697430796,20.69827674545866
2021-06-11,51.9713315669427,39.94425008431906,12.027081482623649,2.5552793717335724,2.1912321931027257,4.357494704946288,46.962983998344896,56.97967913554051,35.649434985837715,44.2390651828004,3.486391860928924,20.567771104318375
2021-06-12,51.9671062212256,39.93824766468072,12.028858556544872,2.513058465039924,2.1554808603457745,4.2856175947330675,47.04151162974735,56.89270081270385,35.713505178403004,44.16299015095844,3.629048070868061,20.428669042221685
2021-06-13,51.921558226147646,39.997414971002804,11.924143255144841,2.457902981970179,2.1343506040931715,4.2205374305705465,47.104068381486094,56.7390480708092,35.81408778698019,44.18074215502542,3.6518898912265705,20.196396619063112
2021-06-14,51.562120976259244,40.17149374836527,11.390627227893978,2.3666761150670603,1.9404260166090408,3.971907481203792,46.92343579072781,56.20080616179068,36.36825875581155,43.97472874091899,3.605688564734546,19.17556589105341
2021-06-15,51.20873937943445,40.31692613814859,10.89181324128586,2.377931640914578,1.8701752082451877,3.9378095077365,46.54799336324187,55.869485395627024,36.65138272998802,43.982469546309154,3.1737066061223196,18.6099198764494
2021-06-16,51.13697908548005,40.39975690867075,10.737222176809293,2.3744456059680386,1.9148682805549628,3.995694590332577,46.48306569778269,55.79089247317741,36.64661507878303,44.15289873855848,2.9056607797574427,18.568783573861143
2021-06-17,51.67514982291858,39.91042747046606,11.764722352452518,2.603175932773788,2.617081946154104,4.941242571942115,46.572924994681955,56.7773746511552,34.780946856004014,45.03990808492811,2.079886911445973,21.449557793459064
2021-06-18,51.902633709578495,39.8650321180357,12.037601591542796,2.6452478069334835,2.509060193558503,4.844424018653068,46.717948007988866,57.087319411168124,34.94727413866104,44.78279009741036,2.542530514982783,21.53267266810281
2021-06-19,51.840761833972486,39.879516040079814,11.961245793892676,2.575929997082652,2.3847841435299837,4.658347164922146,46.79193903969049,56.88958462825448,35.205339118761046,44.55369296139858,2.8308853506452696,21.091606237140084
2021-06-20,51.65681565873421,39.99454946518196,11.66226619355225,2.5280461021584775,2.352407637516129,4.476100863870361,46.70184529850359,56.61178601896483,35.38383049565035,44.60526843471357,2.889108500366344,20.435423886738157
2021-06-21,51.73783478206704,40.05085142583648,11.686983356230565,2.452769217862712,2.310089747198877,4.332963055747042,46.93040711505613,56.54526244907795,35.523075521326675,44.57862733034628,3.1943757669663633,20.179590945494766
2021-06-22,51.73181186473087,40.027205244779644,11.70460661995123,2.318084081353644,2.0870934756566886,3.989880254269883,47.18836706527773,56.27525666418401,35.936502032492534,44.117908457066754,3.88444132158226,19.524771918320198
2021-06-23,51.65314791833213,40.233678943882786,11.419468974449346,2.3817066642104447,2.1726917646344552,4.169310068615785,46.98500285647966,56.3212929801846,35.975203085199254,44.49215480256632,3.247621239962408,19.591316708936283
2021-06-24,51.62658712066185,40.280894605560405,11.345692515101447,2.380880051053259,2.127585812146014,4.144161271259789,46.960062220597464,56.29311202072624,36.11082641375422,44.45096279736659,3.22313642343226,19.468248606770636
2021-06-25,51.62555695466165,40.27032548151747,11.355231473144178,2.3492762015690474,2.104028476103034,4.093402729753807,47.020975599586315,56.23013830973698,36.14642966835552,44.39422129467941,3.332162122826716,19.37830082346164
2021-06-26,51.625273638053756,40.25881948603092,11.366454152022833,2.3158589271604186,2.07862727850273,4.039287603973011,47.08619014081933,56.16435713528818,36.184710020165575,44.33292895189627,3.449450448235731,19.283457855809935
2021-06-27,51.62570560311437,40.24639708904851,11.379308514065862,2.2805543871000635,2.0513236376098662,3.981694891463681,47.155819004398246,56.09559220183049,36.22580275933317,44.266991418763844,3.5751865267970473,19.183430501334676
2021-06-28,51.642045188637375,40.25410842491424,11.387936763723136,2.185065855919202,1.9777641063394147,3.8249877470337648,47.35931611103574,55.92477426623901,36.37769077648899,44.130526073339496,3.8909607795369574,18.884912747909315
2021-06-29,51.192099515098846,40.62136120561705,10.570738309481795,2.370587999256327,2.1276749214002155,4.226340259955848,46.54574703655645,55.83845199364124,36.45111835967263,44.79160405156147,2.2871113999683335,18.854365218995255
2021-06-30,51.38468754210291,40.65757288869103,10.72711465341188,2.5202640285674556,2.0296582466646425,4.2745234442004385,46.4449700461107,56.32440503809512,36.67944272522833,44.63570305215373,2.3490487027790206,19.10518060404474
2021-07-01,51.226010098574314,40.78427272478714,10.441737373787177,2.5607883546100734,2.1177873668126,4.427962257243884,46.20686492353857,56.24515527361006,36.63340948583444,44.93513596373983,1.7629313495891648,19.120543397985188
2021-07-02,51.14701924004344,40.73747338342726,10.40954585661618,2.4518936402505322,2.024277205651372,4.220935777874863,46.341307705152396,55.95273077493449,36.76989006035057,44.705056706503946,2.1365117319814484,18.68257998125091
2021-07-03,51.133359406556096,40.712734823834595,10.420624582721505,2.419987213090093,2.0043737024491377,4.166364896732019,46.39018446889951,55.87653434421268,36.784162367034284,44.641307280634905,2.2545493851267473,18.586699780316263
2021-07-04,51.28170607394703,40.70184854566983,10.579857528277195,2.458597982993761,1.9400252734804513,4.090107441906358,46.462854027279256,56.1005581206148,36.89939900964815,44.504298081691516,2.563246942140733,18.596468114413657
2021-07-05,51.262552943080365,40.67251062795724,10.590042315123126,2.420604806038496,1.916513017498809,4.025070363348237,46.51816752324491,56.00693836291582,36.916145113659574,44.4288761422549,2.7009044029605818,18.47918022728567
2021-07-06,51.37056633320934,40.523557041073964,10.847009292135377,2.4172880167668556,1.8426383725433741,3.89557360959353,46.632681820346306,56.10845084607237,36.91198583088895,44.135128251258976,3.2116850173320586,18.482333566938696
2021-07-07,51.23709405260978,40.64974930985885,10.58734474275093,2.467952329129894,1.9605646006873423,4.096571185537264,46.399907487515186,56.07428061770437,36.80704269251166,44.49245592720604,2.5580652190978945,18.616624266403967
2021-07-08,51.25961418789425,40.68373630596115,10.575877881933101,2.3698680261385903,1.9090749317794153,3.9484429953339113,46.614672856662615,55.904555519125886,36.94194943967349,44.4255231722488,2.8369296110786353,18.314826152787568
2021-07-09,51.45383887771153,40.62569228334101,10.828146594370525,2.4349111896735716,1.8454208302521176,3.9261298518349443,46.68141294595134,56.22626480947173,37.00866745604686,44.24271711063516,3.1329320847740343,18.523361103967016
2021-07-10,51.211217376904806,40.65584319954838,10.555374177356427,2.330677316057897,1.8275250291050373,3.7569895386213843,46.643089837431326,55.779344916378285,37.0738941425025,44.237792256594254,3.1916746816585135,17.919073673054342
2021-07-11,51.192883787338836,40.62292576601588,10.569958021322954,2.291147188238734,1.8018226408089075,3.690464224067776,46.70223529839092,55.683532276286755,37.09135339003042,44.154498142001344,3.3366481421501133,17.803267900495793
2021-07-12,51.12371030250719,40.668710687647916,10.454999614859275,2.2479942655011564,1.8146829225947476,3.6650710752635614,46.71764154212492,55.52977906288946,37.11193215936221,44.22548921593362,3.2714603073426956,17.638538922375854
2021-07-13,50.72289390303349,40.879412393516326,9.843481509517165,2.4768716918214313,1.9104489928255355,4.035255250750384,45.86822538706348,55.57756241900349,37.13493236757827,44.62389241945438,1.9343812180464122,17.75258180098792
2021-07-14,50.52905844055601,41.045730238713126,9.48332820184288,2.5670485292172796,2.116119957696393,4.364057772495516,45.49764332329014,55.56047355782187,36.898135121628194,45.19332535579806,0.9297749677516691,18.03688143593409
2021-07-15,50.485117190086136,41.110320348758876,9.37479684132726,2.4627731093724656,2.0711241291753986,4.245267216254446,45.6580818957161,55.31215248445617,37.0509170555751,45.16972364194265,1.0540730974685477,17.695520585185974
2021-07-16,50.53693824581501,40.854079540939495,9.682858704875516,2.3235741862049006,2.0849107694739506,4.095261698844845,45.9827328408534,55.091143650776615,36.76765443277055,44.94050464910844,1.6561457751396205,17.70957163461141
2021-07-17,51.07414227745299,40.83506198684676,10.239080290606234,2.824962607717519,2.0019579039771394,4.253690373434014,45.53721556632665,56.61106898857933,36.91122449505157,44.75889947864195,1.901847158675567,18.5763134225369
2021-07-18,51.87888127562469,40.407224543224935,11.471656732399762,3.116012891017522,2.2780432623556877,4.93843524729018,45.77149600923035,57.98626654201904,35.94225974900779,44.87218933744208,1.7923236477110098,21.150989817088515
2021-07-19,52.06783740803286,40.254770255464734,11.813067152568127,3.0771133745448314,2.231621877684784,4.8966849456438375,46.03669519392499,58.098979622140725,35.880791375202556,44.62874913572691,2.2155646591062066,21.410569646030048
2021-07-20,51.70250406525256,40.47258707563704,11.229916989615527,3.016831915115421,2.243060211917116,4.787824126236198,45.78951351162634,57.615494618878785,36.07618906027949,44.868985090994585,1.8457817021925784,20.614052277038475
2021-07-21,51.59592762187349,40.67323621175866,10.922691410114826,2.9285881418507436,2.1770685121392273,4.645510220795002,45.85589486384603,57.33596037990095,36.406181927965775,44.94029049555155,1.8174913773566228,20.027891442873027
2021-07-22,51.54937894142496,40.6978295835755,10.851549357849462,2.879872165525392,2.160926272938725,4.612982328520295,45.90482949699519,57.19392838585473,36.462414088615596,44.9332450785354,1.810103993949685,19.89299472174924
2021-07-23,51.614728189508476,40.66698572788916,10.947742461619317,2.7640190731501515,2.061571440189002,4.418100633291672,46.19725080613418,57.03220557288277,36.62630570511872,44.70766575065961,2.2882652203676397,19.607219702870992
2021-07-24,51.59201021502776,40.670743202558135,10.921267012469633,2.7312171736906237,2.034291356444628,4.363041346538754,46.23882455459414,56.94519587546139,36.68353214392666,44.65795426118961,2.3697059732536747,19.47282805168559
2021-07-25,51.59660457131792,40.677150722625754,10.91945384869216,2.678028451910793,1.9874964853367316,4.2696767334109,46.347668805572766,56.84554033706307,36.78165761136576,44.57264383388575,2.5508874512067976,19.288020246177524
2021-07-26,51.8193897456626,40.70346018793181,11.115929557730789,2.9894417747709605,1.9123365046557093,4.524882898060202,45.960083867111514,57.67869562421368,36.95528063880662,44.451639737057,2.2471590775327925,19.984700037928786
2021-07-27,51.279252461019944,41.014492391046296,10.264760069973644,3.423942203709846,2.2480069158230496,5.33918076981448,44.568325741748644,57.99017918029124,36.60839883603312,45.420585946059475,-0.20003423886273808,20.729554378810025
2021-07-28,50.613921583006245,41.39304078986518,9.220880793141063,3.682949120726683,2.384289941136645,5.726716235759476,43.395341306381944,57.83250185963055,36.719832505237356,46.06624907449301,-2.0034830289475085,20.445244615229633
2021-07-29,50.33140993132395,41.721866270094125,8.609543661229822,3.4463957355425703,2.354824574510757,5.492661489598667,43.57647428966051,57.08634557298738,37.10641010405304,46.33732243613521,-2.156072858383567,19.37516018084321
2021-07-30,50.410253018334075,41.42120478313482,8.989048235199254,3.334366486713018,2.4660910240440748,5.44179225280641,43.87489470437656,56.94561133229159,36.58766637600843,46.25474319026121,-1.6768645803013094,19.654961050699818
2021-07-31,50.35444528510232,41.5661086381063,8.788336646996024,3.170773277645231,2.41258312388126,5.232042066082026,44.139729660917666,56.56916090928698,36.83744571529903,46.29477156091357,-1.4664658025247466,19.043139096516796
2021-08-01,50.45557430440529,41.58027256837506,8.875301736030233,3.1057290665490696,2.352546841003268,5.094700501416945,44.36834533396911,56.54280327484147,36.96928076000865,46.191264376741465,-1.1103112467469796,18.860914718807443
2021-08-02,50.24574134264195,41.68295261843395,8.562788724207998,2.885983318326169,2.2007078392218484,4.718727989243644,44.58921403872266,55.90226864656124,37.36956525355913,45.99633998330877,-0.685918134709544,17.81149558312554
2021-08-03,50.025333098663666,41.85862780839879,8.16670529026487,2.8026033847577065,2.203686925352995,4.659134589264477,44.53223046453856,55.518435732788774,37.539401434706924,46.17785418209066,-0.9651985046935039,17.298609085223244
2021-08-04,49.92729285247511,41.92839910371806,7.998893748757056,2.790025200407698,2.2850064589915524,4.7309479311899665,44.458843459676025,55.3957422452742,37.44978644409461,46.4070117633415,-1.2737641963752777,17.27155169388939
2021-08-05,49.90250582736002,41.84476984643233,8.057735980927689,2.701758377739782,2.3715924774675354,4.7465840896567935,44.60705940699005,55.19795224772999,37.196448590595956,46.4930911022687,-1.2455688347996272,17.361040796655004
2021-08-06,49.8970792015553,41.81923920173571,8.077839999819586,2.670966268744571,2.350472877071787,4.694921973807578,44.661985314815944,55.13217308829466,37.21231236267501,46.42616604079642,-1.1242070688432655,17.279887068482438
2021-08-07,49.89172788987467,41.82048676150815,8.071241128366522,2.637797451960798,2.3207864912751734,4.636500715089992,44.721644884031505,55.06181089571784,37.27174523860881,46.36922828440749,-1.016300273209863,17.158782529942904
2021-08-08,49.85574548132722,41.82137992651524,8.034365554811979,2.6091016139848175,2.2889906183296636,4.577316665317626,44.74190631791698,54.96958464473746,37.3349583145891,46.30780153844138,-0.9371751092105676,17.005906218834525
2021-08-09,49.85799228334025,41.87873933708468,7.979252946255568,2.5535193984235036,2.2484473222666064,4.48559299584615,44.85309426243018,54.86289030425032,37.471782585442135,46.28569608872723,-0.8125093256028864,16.771015218114023
2021-08-10,49.64617773671941,41.82674120966048,7.819436527058925,2.4687633156351705,2.247249182016851,4.361644681426694,44.807401638074474,54.484953835364344,37.422132812907456,46.23134960641351,-0.7293870485373946,16.368260102655245
2021-08-11,49.523759132882105,41.96115289613947,7.562606236742639,2.523886840009349,2.419861206128267,4.611927990994875,44.576940926463784,54.470577339300426,37.21822493212807,46.70408086015087,-1.4767726256073166,16.601985099092595
2021-08-12,49.447440179686886,42.08291025233365,7.364529927353232,2.525901383042072,2.517212479018074,4.736397284438642,44.49667346892443,54.398206890449345,37.149173793458225,47.01664671120907,-1.9188087501465052,16.647868604852967
2021-08-13,49.59750513669143,42.019096898916224,7.5784082377752044,2.5932338496569547,2.476657027488009,4.746272914109043,44.5147667913638,54.680243482019065,37.16484912503972,46.873344672792726,-1.7242866738785194,16.881103149428927
2021-08-14,49.633583159785886,41.979667960576904,7.653915199208983,2.5608868736611443,2.449499753549771,4.693710814511619,44.614244887410045,54.652921432161726,37.17864844361935,46.78068747753446,-1.5457579972337907,16.853588395651755
2021-08-15,49.89374354779841,41.96316287340954,7.930580674388869,2.5191480604610326,2.4254485446202385,4.586482499938583,44.956213349294785,54.83127374630203,37.20928372595387,46.71704202086521,-1.058925025490753,16.920086374268493
2021-08-16,49.87397373135467,42.19775699682834,7.676216734526329,2.487731796338475,2.2587050048646162,4.415356294735043,44.998019410531256,54.74992805217808,37.77069518729369,46.62481880636299,-0.977881603154354,16.33031507220701
2021-08-17,49.35839719022413,42.8341784053392,6.5242187848849325,2.723663456383144,2.6579172044777617,4.920793493643168,44.02001681571317,54.69677756473509,37.62466068456279,48.04369612611561,-3.120536462655676,16.16897403242554
2021-08-18,49.0133196336698,43.072284465710716,5.941035167959089,2.663870897971294,2.5962225042686815,4.787445754906568,43.792132673646066,54.23450659369354,37.9836883573441,48.16088057407733,-3.442358511657784,15.324428847575962
2021-08-19,48.82151231868378,43.32148036100827,5.500031957675512,2.6529618720016805,2.670030244596802,4.9056971142980945,43.621707049560484,54.021317587807076,38.08822108159854,48.554739640418,-4.115134386348753,15.115198301699778
2021-08-20,48.81864674119833,43.67699773048894,5.141649010709389,2.5282048985567718,2.8361417251375043,4.828630639883361,43.86336514002706,53.7739283423696,38.11815994921943,49.23583551175845,-4.322467043461999,14.605765064880778
2021-08-21,48.8121292313598,43.66168676639039,5.15044246496941,2.4991914759819918,2.8081138518539546,4.775298145777817,43.913713938435095,53.7105445242845,38.15778361675664,49.16558991602414,-4.209141900755111,14.510026830693931
2021-08-22,48.420984242681385,43.66094378977995,4.760040452901438,2.559423564436178,2.6452777559163936,4.546499276436801,43.404514056386475,53.437454428976295,38.476199388183815,48.845688191376084,-4.151098128914692,13.671179034717568
2021-08-23,47.96478895657954,44.18996877728293,3.7748201792966127,3.1277133184588495,3.243947417201575,5.888659236025546,41.834470852400194,54.095107060758885,37.83183183956784,50.548105714998016,-7.7669519233134565,15.316592281906683
2021-08-24,47.703151714884484,44.35751733904116,3.3456343758433222,3.195283345819377,3.260373694504595,5.994418256408824,41.440396357078505,53.96590707269046,37.96718489781215,50.747849780270165,-8.403425406717972,15.094694158404618
2021-08-25,47.58814517406615,44.51354571275243,3.0745994613137135,3.23558991403318,3.326505726430173,6.126249833283071,41.24638894256112,53.92990140557118,37.99359448894929,51.03349693655557,-8.932850211921105,15.082049134548532
2021-08-26,47.4950936397539,44.609098082540626,2.8859955572132665,3.197670360666488,3.2718414460907232,6.054828746570367,41.227659732847584,53.76252754666021,38.19628884820281,51.02190731687844,-8.981468786064653,14.753459900491187
2021-08-27,47.495414260537466,44.59223055001025,2.9031837105272147,3.158675869520995,3.235643468764861,5.984179895742192,41.30440955627631,53.68641896479862,38.25036935123112,50.93409174878938,-8.825808885127481,14.63217630618191
2021-08-28,47.57024035931495,44.610570674889466,2.959669684425482,3.144823633302417,3.1678497786554103,5.883193320885087,41.406386038042214,53.73409468058769,38.40158510872486,50.81955624105407,-8.57138922450929,14.490728593360252
2021-08-29,47.54687028025847,44.646823597295025,2.900046682963441,3.0750220440796383,3.10273495152013,5.758358417081913,41.51982707386237,53.57391348665456,38.56546309231557,50.72818410227448,-8.38633581451711,14.18642918044399
2021-08-30,47.356864549981566,44.94515237185003,2.4117121781315345,2.9185887025398847,2.98632178811229,5.511739030839604,41.63643069300339,53.07729840695974,39.09196166714994,50.79834307655012,-8.39129632231409,13.214720678577159
2021-08-31,46.789556862730066,45.55273214254763,1.2368247201824338,3.1033823931154383,3.139806292692919,5.913619748664978,40.70692737222381,52.87218635323632,39.398711808869514,51.70675247622575,-10.353869987200923,12.82751942756579
2021-09-01,46.33985698048911,46.16895998819085,0.17089699229826208,3.018118908657388,3.10743941819612,5.847146831735479,40.42434391952063,52.25537004145759,40.07837872852645,52.259541247855246,-11.289510797903276,11.6313047824998
2021-09-02,46.16584950243542,46.388828900726224,-0.22297939829080568,2.86389581225466,2.947217968898045,5.5462702031081035,40.55261371041629,51.77908529445455,40.612281681686056,52.16537611976639,-11.093668996382688,10.647710199801077
2021-09-03,46.03742622220504,46.38448392742517,-0.3470577052201267,2.7780402813718625,2.8216739271570646,5.327321210518568,40.59246727071619,51.48238517369389,40.854003030197326,51.91496482465302,-10.78860727783652,10.094491867396266
2021-09-04,46.025948703446076,46.37399402477273,-0.3480453213266555,2.745226511372424,2.790517836911175,5.264791719766108,40.645304741156124,51.40659266573603,40.90457906442683,51.84340898511863,-10.667037092068226,9.970946449414916
2021-09-05,45.84158676460829,46.37820609790388,-0.5366193332955904,2.8059049831926366,2.894819116898802,5.4384601422847965,40.34201299755072,51.34116053166586,40.704360628782226,52.05205156702553,-11.19600121217379,10.12276254558261
2021-09-06,45.86738177305805,46.35423825016032,-0.4868564771022691,2.761940788289011,2.826242398116839,5.322425948791147,40.45397782801159,51.28078571810451,40.814803149851315,51.89367335046933,-10.918811336732917,9.94509838252838
2021-09-07,45.875313057277026,46.20416033479565,-0.3288472775186247,3.1679820429761216,2.7813493478353064,5.643359387035342,39.666068253043825,52.08455786151023,40.752715613038454,51.65560505655285,-11.389831676107894,10.732137121070645
2021-09-08,45.87100137922383,46.17969737366591,-0.30869599444208073,2.8997347986836535,2.5302642501247408,5.146852246322322,40.187521173803866,51.55448158464379,41.22037944342142,51.1390153039104,-10.396526397233831,9.77913440834967
2021-09-09,46.27120091418927,46.14508598454601,0.12611492964326684,3.1590479767789414,2.447693999453522,5.123092391321214,40.07946687970255,52.46293494867599,41.3476057456171,50.94256622347491,-9.915146157346314,10.167376016632847
2021-09-10,46.25877391550589,46.13812405250554,0.12064986300035078,3.1255112154606284,2.4216618676237545,5.067211598962527,40.13277193320306,52.38477589780872,41.39166679196298,50.884581313048095,-9.811084870966202,10.052384596966903
2021-09-11,46.07833771560375,46.11005489272899,-0.03171717712523887,2.9109688995049208,2.3766238442636274,4.712483970909754,40.372838672574105,51.7838367586334,41.45187215797228,50.768237627485696,-9.268185760108357,9.204751405857879
2021-09-12,46.09215963105485,46.142876457476696,-0.0507168264218493,2.8404678127877085,2.326918564503322,4.5936127186920315,40.524842717990936,51.65947654411876,41.58211607105019,50.703636843903205,-9.054197755058231,8.952764102214532
2021-09-13,46.12548324732467,46.253028442161494,-0.12754519483682825,2.5542873820323355,2.161003665889339,4.173320361079213,41.119079978541286,51.13188651610805,42.01746125701839,50.4885956273046,-8.307253102552087,8.05216271287843
2021-09-14,45.92237479097731,46.422344656529766,-0.49996986555245515,2.550727303932255,2.208098987726596,4.273033891461568,40.922949275270085,50.92180030668453,42.09447064058564,50.75021867247389,-8.875116292817129,7.87517656171222
2021-09-15,45.86190446489634,46.49689797850235,-0.6349935136060089,2.5029536569556594,2.2050655368468286,4.262929948205781,40.956115297263246,50.767693632529436,42.17496952628257,50.81882643072214,-8.990336212089339,7.720349184877321
2021-09-16,45.76352386446936,46.840086954733344,-1.0765630902639798,2.4494166545672287,2.2030877409130083,4.234805709884435,40.96266722151759,50.564380507421134,42.52203498254385,51.15813892692284,-9.376782281637473,7.223656101109514
2021-09-17,45.5794547934093,47.00308923765848,-1.4236344442491784,2.472137193138694,2.245858820457013,4.332188538466642,40.73406589485746,50.42484369196114,42.60120594956273,51.404972525754225,-9.914723979643796,7.0674550911454395
2021-09-18,45.63569910309522,46.98626552794156,-1.350566424846342,2.4192949576400085,2.1754906340018723,4.211589812974559,40.893880986120806,50.377517220069635,42.72230388529789,51.250227170585234,-9.605282458276477,6.9041496085837935
2021-09-19,45.60670501543875,46.98716501015222,-1.380459994713474,2.245419801462667,2.0186407089118656,3.9075831623339856,41.20568220457192,50.007727826305576,43.03062922068496,50.94370079961948,-9.039322992888085,6.278403003461138
2021-09-20,45.686716761791,46.826123690837825,-1.1394069290468287,2.1266735039912588,2.2934624584549437,3.959506710237778,41.51843669396813,49.85499682961387,42.330937272266134,51.32131010940952,-8.900040081112873,6.621226223019216
2021-09-21,45.57864435906947,46.84661511369093,-1.2679707546214536,2.1479406862821437,2.298446087542586,3.935655372311448,41.36868061395647,49.78860810418247,42.34166078210746,51.3515694452744,-8.981855284351893,6.445913775108985
2021-09-22,45.537912137870954,46.868801556434555,-1.3308894185636042,2.103578859105237,2.2711473665214097,3.887823010529857,41.41489757402469,49.660926701717216,42.41735271805259,51.32025039481652,-8.951022519202123,6.289243682074916
2021-09-23,45.47634180833887,46.96822375664288,-1.4918819483040004,2.2300344932972056,2.3366711982771307,4.153946869855384,41.10547420147635,49.8472094152014,42.3883482080197,51.54809930526606,-9.633617813220551,6.649853916612551
2021-09-24,45.4594141924489,46.964580536287144,-1.505166343838254,2.2100609496402006,2.314092445087481,4.1135378678218775,41.1276947311541,49.79113365374369,42.42895934391568,51.50020172865861,-9.567700564769135,6.557367877092626
2021-09-25,45.33617753901889,46.80332132796051,-1.4671437889416203,2.131379048683837,2.490623536425364,4.014968365758309,41.15867460359857,49.51368047443921,41.9216991965668,51.68494345935422,-9.336481785827905,6.402194207944664
2021-09-26,45.27878160374473,46.813630914443415,-1.5348493106986887,2.0058818323010112,2.4480876583947873,3.837413594338966,41.34725321243475,49.210309995054715,42.01537910398963,51.6118827248972,-9.056179955603062,5.986481334205684
2021-09-27,45.31218945556624,46.801347247735755,-1.4891577921695076,1.9612715978880455,2.3526117832777533,3.7385298137033325,41.468097123705675,49.156281787426806,42.19022815251136,51.41246634296015,-8.81667622702804,5.838360642689024
2021-09-28,44.92648291688549,46.85973883428562,-1.9332559174001371,2.2825331085993295,2.512300646238699,4.185141907362681,40.4527180240308,49.40024780974018,41.93562956765777,51.783848100913474,-10.136134055830992,6.269622221030717
2021-09-29,45.21322509657657,46.86163056245496,-1.648405465878389,2.7053748753029816,2.523830246740905,4.645912671102129,39.910690340982725,50.51575985217042,41.91492327884279,51.80833784606713,-10.75439430123856,7.4575833694817835
2021-09-30,45.00826157348436,47.20394625050663,-2.1956846770222707,2.5886332749425858,2.4753525802611414,4.542963526678945,39.93454035459689,50.08198279237183,42.35225519319479,52.05563730781847,-11.099893189313004,6.708523835268462
2021-10-01,44.99552790765863,47.224611588767175,-2.2290836811085497,2.5145379241049124,2.404672066433405,4.410219653091673,40.067033576412996,49.92402223890426,42.5114543385577,51.93776883897665,-10.873114201168228,6.414946838951128
2021-10-02,44.92622359705467,47.008619657550696,-2.0823960604960265,2.4241055322059877,2.480914093310882,4.305076678079487,40.174976753930935,49.67747044017841,42.14602803466137,51.87121128044002,-10.520346349531822,6.355554228539768
2021-10-03,44.922594756553295,47.02645040822207,-2.1038556516687756,2.396249073123436,2.4559381062245467,4.258492567371674,40.22594657323136,49.61924293987523,42.21281172002196,51.840089096422176,-10.450501083717255,6.242789780379704
2021-10-04,44.504001197488584,47.50300819898897,-2.999007001500385,2.450962967857991,2.514985526048945,4.465724791391501,39.70011378048692,49.307888614490246,42.573636567933036,52.43237983004491,-11.751827592627725,5.753813589626956
2021-10-05,44.459086460472825,47.34375080853862,-2.8846643480658014,2.376458035592397,2.4968423949896765,4.341384519979339,39.801228710711726,49.116944210233925,42.449939714358855,52.23756190271839,-11.393778007225306,5.624449311093704
2021-10-06,44.324515101701444,47.46045097708838,-3.135935875386928,2.4025344293603617,2.5040040592221455,4.407247943915001,39.615547620155134,49.03348258324775,42.55260302101297,52.368298933163786,-11.774141845460331,5.502270094686474
2021-10-07,44.35363447367756,47.4986835366754,-3.145049062997844,2.445979742918164,2.5294295350913116,4.514449395175814,39.55951417755796,49.14775476979716,42.54100164789643,52.45636542545437,-11.993369877542438,5.703271751546751
2021-10-08,44.706516085325596,47.575290600735926,-2.8687745154103284,2.630184026505675,2.454112031084505,4.418848174652379,39.55135539337447,49.86167677727672,42.765231019810294,52.38535018166156,-11.529716937728992,5.792167906908336
2021-10-09,44.7618862107303,47.63406192226024,-2.8721757115299384,2.5473205292345398,2.3781615534892766,4.260530637923178,39.7691379734306,49.754634448030004,42.972865277421256,52.29525856709922,-11.22281576185937,5.478464338799491
2021-10-10,44.732525339582025,47.76542129323735,-3.0328959536553275,2.4683060256534257,2.389236676287773,4.196435981121807,39.894645529301314,49.57040514986274,43.08251740771332,52.44832517876139,-11.257910476654068,5.192118569343414
2021-10-11,45.00891173052711,47.50792393933089,-2.4990122088037707,2.6076065287920476,2.5100790996536886,4.583748100270647,39.8980029340947,50.11982052695952,42.588168904009656,52.42767897465212,-11.483158485334238,6.485134067726696
2021-10-12,44.6723453207985,47.76835165265167,-3.0960063318531663,2.786855706101922,2.4968761840618603,4.751896101820321,39.210108136838734,50.134582504758264,42.87447433189042,52.662228973412915,-12.409722691420995,6.217710027714663
2021-10-13,44.475841271906724,47.76878867054348,-3.292947398636756,2.7815014598751415,2.5022385922773074,4.68679381012792,39.024098410551446,49.927584133262,42.864401029679954,52.673176311407005,-12.47906326648748,5.893168469213968
2021-10-14,44.40570547748442,47.87359260739685,-3.467887129912436,2.7196502532398528,2.521301254975425,4.688123491236616,39.075190981134305,49.73621997383453,42.93184214764502,52.81534306714868,-12.656609172736202,5.7208349129113305
2021-10-15,44.45765517851047,47.866844994615015,-3.4091898161045457,2.683904082632363,2.46989513647583,4.605629909601561,39.19720317655104,49.7181071804699,43.02585052712239,52.70783946210764,-12.436224438923604,5.617844806714514
2021-10-16,44.540614723976866,47.82489716466426,-3.2842824406873894,2.606602362426329,2.399606026723962,4.496082662243385,39.43167409362126,49.64955535433247,43.121669352285295,52.52812497704322,-12.096604458684425,5.528039577309645
2021-10-17,44.08890588620748,47.995288655319236,-3.9063827691117576,2.67906822226026,2.3195172103170627,4.532927153086842,38.83793217057737,49.33987960183759,43.44903492309779,52.54154238754068,-12.790919989161967,4.978154450938451
2021-10-18,43.828845546150795,48.192471429015804,-4.363625882865007,2.657379634389194,2.247492660880059,4.468991796606984,38.62038146274797,49.03730962955362,43.78738581369089,52.59755704434072,-13.122849804214695,4.395598038484682
2021-10-19,43.609888737027,48.35462042054985,-4.744731683522848,2.4865000908115165,2.264662662261343,4.34949792340124,38.73634855903643,48.48342891501757,43.915881602517615,52.793359238582084,-13.269747613389278,3.780284246343583
2021-10-20,43.69024911563579,48.278730158522535,-4.5884810428867455,2.452887633070062,2.25544401456935,4.35427847380308,38.882589354818464,48.49790887645311,43.85805988996661,52.69940042707846,-13.122866851540781,3.945904765767291
2021-10-21,43.666365493144156,48.38344889122834,-4.717083398084185,2.3249747815845234,2.2056209297693647,4.216990284353503,39.10941492123849,48.22331606504982,44.060431868880386,52.706465913576295,-12.982384355417052,3.548217559248682
2021-10-22,43.67410201371225,48.360856788772985,-4.686754775060732,2.228623831760483,2.115122827028622,4.042960289380395,39.305999303461704,48.0422047239628,44.215216047796886,52.50649752974908,-12.610956942246306,3.2374473921248423
2021-10-23,43.54860320299083,48.17074771366398,-4.622144510673141,2.7012688097803657,2.1487481894923683,4.1622458206457305,38.254116335821315,48.84309007016035,43.95920126225894,52.38229416506902,-12.780146319138773,3.5358572977924903
2021-10-24,43.48960302681966,48.31651631380955,-4.826913286989892,2.62509331420598,2.1872508859035507,4.133668247592867,38.344420130975934,48.63478592266338,44.029504577438594,52.60352805018051,-12.92890305227191,3.275076478292127
2021-10-25,43.4921670099887,48.332896251057285,-4.840729241068587,2.552190813491728,2.121515922788203,4.036060795262151,38.48987301554491,48.49446100443249,44.17472504239241,52.49106745972216,-12.751408399782402,3.0699499176452294
2021-10-26,43.3062164120344,48.63745153502621,-5.331235122991805,2.4210560525196994,2.232617890477114,4.04936852752612,38.56094654909579,48.051486274973016,44.261520469691064,53.01338260036135,-13.267997436942998,2.60552719095939
2021-10-27,43.2047270861097,48.80957312820553,-5.604846042095832,2.397050096952612,2.289918792028088,4.116815846901463,38.50650889608258,47.90294527613682,44.32133229583047,53.297813960580584,-13.673805102022698,2.4641130178310346
2021-10-28,43.01445566095635,49.07838769010413,-6.063932029147774,2.3838064154614824,2.2711839837387795,4.1416340380058685,38.34219508665184,47.68671623526086,44.62686708197612,53.52990829823214,-14.181534743639276,2.053670685343728
2021-10-29,42.86959385017188,49.04017336829939,-6.1705795181275125,2.375885808507226,2.181174963262477,4.002284871864266,38.21285766549772,47.52633003484604,44.76507044030494,53.315276296293845,-14.015057866981472,1.673898830726448
2021-10-30,42.93820650794176,48.99713111387694,-6.058924605935183,2.3413918075585567,2.1359473464163985,3.9390156667557314,38.34907856512699,47.52733445075653,44.8106743149008,53.18358791285308,-13.779395312776415,1.6615461009060501
2021-10-31,42.84907123499052,49.01387309919239,-6.164801864201869,2.1949287394944714,2.0001606469865494,3.6956203234321747,38.54701090558135,47.151131564399684,45.093558231098754,52.93418796728602,-13.408217698128931,1.0786139697251933
2021-11-01,42.88767385174446,48.98926505771254,-6.101591205968079,2.1818630550038525,1.9692306018082413,3.661215590638813,38.61122226393691,47.16412543955201,45.129573078168384,52.84895703725669,-13.277573763620152,1.0743913516839942
2021-11-02,42.771485158730556,49.04043080114652,-6.268945642415965,2.127013433926772,1.8974799861865146,3.54041923732562,38.60253882823408,46.94043148922703,45.321370028220954,52.759491574072086,-13.20816734757418,0.6702760627422499
2021-11-03,42.75149909866976,49.04872550313079,-6.297226404461032,2.069864921612033,1.844882192903481,3.442765808156982,38.694563852310175,46.80843434502935,45.43275640503997,52.66469460122161,-13.045047388448715,0.45059457952665216
2021-11-04,42.93702946448868,48.99403225701616,-6.057002792527477,2.23533094798574,1.9397678334405173,3.8139673804727234,38.55578080643663,47.31827812254073,45.192087303472746,52.79597721055957,-13.532378858254015,1.4183732731990606
2021-11-05,42.57962329765697,49.471255664722925,-6.891632367065948,2.5925674492009874,2.5411106578467164,4.83650989380335,37.498191097223035,47.66105549809091,44.49067877534336,54.45183255410249,-16.371191758920514,2.587927024788617
2021-11-06,42.58058518721875,49.482263729710446,-6.901678542491694,2.5594782263457723,2.5103245846060487,4.776154952315807,37.56400786358104,47.597162510856464,44.56202754388259,54.4024999155383,-16.262942249030676,2.4595851640472874
2021-11-07,42.77076061540728,49.4948842709898,-6.7241236555825195,2.500634203311891,2.4340369486709625,4.604343028151639,37.869517576915975,47.67200365389859,44.72417185159471,54.26559669038489,-15.748635990759734,2.300388679594694
2021-11-08,42.779600772172444,49.39048777068549,-6.610886998513047,2.351090006241781,2.297662961272848,4.343712784759626,38.171464359938554,47.38773718440633,44.88706836659071,53.89390717478027,-15.124564056641914,1.9027900596158194
2021-11-09,42.20223802259155,49.664204367908255,-7.461966345316702,2.7534912972519225,2.4658943987617055,4.852363386502564,36.805395079977785,47.59908096520532,44.831051346335315,54.497357389481195,-16.97259858286173,2.048665892228323
2021-11-10,42.52374787418812,49.59374085916104,-7.0699929849729255,2.877140347065401,2.471969258856406,5.032438540274294,36.88455279393993,48.1629429544363,44.74868111180248,54.43880060651959,-16.93357252391054,2.7935865539646905
2021-11-11,42.47628745253971,49.66709715435061,-7.190809701810902,2.837423470670701,2.464136150517669,4.991920357251748,36.914937450025135,48.03763745505428,44.83739029933598,54.496804009365235,-16.974973602024328,2.5933541984025235
2021-11-12,42.54967594033127,49.60659640120551,-7.056920460874242,2.7710915293294014,2.399938480057536,4.870537498247932,37.11833654284564,47.9810153378169,44.90271698029274,54.31047582211828,-16.60317395744019,2.489333035691706
2021-11-13,42.55298561065088,49.613040834791434,-7.06005522414056,2.736379605757129,2.3702213122612132,4.809531167497978,37.189681583366905,47.91628963793485,44.967407062759456,54.25867460682341,-16.486736312436598,2.366625864155478
2021-11-14,42.59103892029256,49.666417858193334,-7.075378937900776,2.677449228629526,2.332022082816794,4.701257231600097,37.343238432178694,47.83883940840643,45.095654575872416,54.23718114051425,-16.289843111836966,2.139085236035415
2021-11-15,42.090236889080515,49.94743523277824,-7.857198343697724,2.7554335483313768,2.2533732637905914,4.722471691522233,36.689587134351015,47.490886643810015,45.53082363574868,54.3640468298078,-17.1132428590813,1.398846171685853
2021-11-16,41.95512384930184,50.14907554207279,-8.193951692770948,2.630755507721939,2.264718361382532,4.630385790237589,36.79884305416684,47.111404644436846,45.710227553763026,54.58792353038255,-17.269507841636624,0.8816044560947258
2021-11-17,41.8314204833887,50.296990350362194,-8.465569866973498,2.545680358284572,2.27041082758132,4.559731682024906,36.841886981150935,46.82095398562646,45.846985128302805,54.74699557242158,-17.402643963742314,0.47150422979531825
2021-11-18,41.86014762656626,49.78069046491773,-7.920542838351476,2.342480379256918,2.6923926094875514,4.449856740078039,37.268886083222704,46.451409169909816,44.50360095032213,55.057779979513334,-16.642262048904435,0.8011763722014802
2021-11-19,41.95196151544596,49.993744077066,-8.041782561620034,2.213143208089313,2.7125014079760392,4.2049423914065525,37.614200827590906,46.28972220330101,44.67724131743296,55.31024683669904,-16.283469648776876,0.19990452553680882
2021-11-20,41.97751902690841,49.96388490317573,-7.986365876267323,2.1406136341246818,2.626801016907431,4.07217767923186,37.78191630402404,46.173121749792784,44.815354910037165,55.1124148963143,-15.967834127561769,-0.004897624972877601
2021-11-21,42.17247792367022,49.930348107893956,-7.7578701842237345,2.1512213098879878,2.5131003308816715,3.986424781253702,37.95608415628976,46.38887169105068,45.00467145936588,54.85602475642203,-15.57126275548099,0.055522387033521525
2021-11-22,42.01938826708469,50.09494319581765,-8.075554928732956,2.1144676404574017,2.476473162996833,3.975484807220434,37.87503169178819,46.1637448423812,45.24105579634386,54.94883059529144,-15.867505150885005,-0.2836047065809053
2021-11-23,41.91776400416142,50.09075193463142,-8.172987930470004,2.0745036912479735,2.445997766442433,3.9260588618732433,37.851736769315394,45.983791239007445,45.296596312404255,54.884907556858586,-15.86806329974156,-0.4779125611984476
2021-11-24,41.910754425347655,50.02761561749745,-8.116861192149798,2.028339872156799,2.4085132474088726,3.8459272602192716,37.93520827592033,45.88630057477498,45.30692965257606,54.74830158241885,-15.65487862217957,-0.5788437621200266
2021-11-25,41.956065047807535,49.99738477651271,-8.041319728705176,2.0251981311775236,2.3885419558071437,3.8318027641017434,37.98667671069959,45.92545338491548,45.31584254313071,54.678927009894714,-15.551653146344592,-0.5309863110657593
2021-11-26,42.00390545284657,49.96538717445992,-7.961481721613355,2.020611799088167,2.3666330224740886,3.814861850109608,38.04350632663376,45.96430457905937,45.32678645041071,54.60398789850913,-15.438610947828186,-0.48435249539852343
2021-11-27,42.0723234173915,49.932966971836976,-7.860643554445475,2.0145250114732534,2.323570443365804,3.7642321123224463,38.12385439490392,46.02079243987908,45.37876890284,54.48716504083395,-15.23853849459747,-0.48274861429348004
2021-11-28,42.089310729236594,49.93174240315051,-7.842431673913913,1.9868766565925349,2.289752537475057,3.7101452075605565,38.19503248231523,45.98358897615796,45.4438274296994,54.41965737660162,-15.114316280732602,-0.5705470670952222
2021-11-29,42.10830614157941,49.89315415478186,-7.7848480132024545,1.9568347297188877,2.263300130746727,3.664528004696753,38.272910071330394,45.94370221182843,45.45708589851828,54.32922241104544,-14.967322902408089,-0.6023731239968191
2021-11-30,42.0031582769875,50.100099097321916,-8.096940820334417,1.7403526997848227,2.048209792911475,3.2671669525906206,38.59206698540925,45.41424956856575,46.085607903215426,54.11459029142841,-14.500588047412034,-1.6932935932568007
2021-12-01,42.002613295315676,50.13463817366947,-8.132024878353795,1.6940795127484463,2.0078804453005734,3.2028480792674254,38.68221745032872,45.32300914030263,46.19919250088035,54.070083846458594,-14.409607113717948,-1.8544426429896408
2021-12-02,42.12425175974266,50.0885261632088,-7.964274403466136,1.7147924047170733,1.977161333879027,3.2778084032687755,38.7632586464972,45.485244872988126,46.21328994880591,53.96376237761169,-14.388778873872935,-1.5397699330593362
2021-12-03,42.24871402623424,49.943962756375996,-7.695248730141759,1.7443655707948853,2.026756712364119,3.3920737767832216,38.829757507476266,45.66767054499221,45.97151960014232,53.91640591260967,-14.343713332636874,-1.046784127646645
2021-12-04,42.26360682599425,49.64104059902275,-7.377433773028503,1.657653188590523,2.076293121712387,3.334309799556666,39.014606576356826,45.51260707563168,45.57150608046647,53.71057511757903,-13.912680980159568,-0.8421865658974381
2021-12-05,42.08691563298109,49.869833803997864,-7.782918171016769,1.8299304468198914,2.097803074300899,3.462002441482534,38.500251957214104,45.673579308748074,45.758139778368104,53.98152782962762,-14.568442956322535,-0.9973933857110024
2021-12-06,42.316071082367884,49.696028010676145,-7.379956928308257,2.040356416661297,1.9527627484653,3.485272222395083,38.31697250571174,46.31516965902403,45.868613023684155,53.523442997668134,-14.21109048420262,-0.548823372413894
2021-12-07,42.321272064013215,49.75607179580249,-7.434799731789275,2.088746003141037,1.9097992775903492,3.5477913483135577,38.227329897856784,46.415214230169646,46.012865211725405,53.49927837987958,-14.38847077448385,-0.4811286890947022
2021-12-08,42.311906043465655,49.72750183240801,-7.4155957889423565,2.0594297620860793,1.902125898317209,3.5367573521619495,38.27542370977694,46.34838837715437,45.99933507170628,53.45566859310974,-14.347640199179779,-0.48355137870493525
2021-12-09,42.358965173848844,49.73273167018337,-7.373766496334521,2.0687354664766486,1.8561232289448897,3.510932068513786,38.304243659554615,46.41368668814307,46.094730141451386,53.37073319891535,-14.255193350621543,-0.4923396420474999
2021-12-10,42.47668519766708,49.6980939968421,-7.22140879917502,2.248699846284203,1.8794075148992457,3.753426859476257,38.06923349895004,46.88413689638412,46.014455267639576,53.38173272604462,-14.578125443748483,0.13530784539844376
2021-12-11,42.47861762439619,49.67831272924363,-7.199695104847432,2.22231527899721,1.8649854523993679,3.715501571954404,38.12287967756166,46.834355571230724,46.02294124254087,53.33368421594639,-14.482078185878063,0.08268797618319912
2021-12-12,42.78200928494177,49.43072229254657,-6.6487130076047976,2.4072332372191227,1.9820054834669012,4.073943541056515,38.06383213999229,47.50018642989125,45.54599154495144,53.3154530401417,-14.633642348075567,1.3362163328659715
2021-12-13,42.789339718437276,49.69007544767379,-6.900735729236514,2.378180909799643,2.171229101285478,4.22961394248707,38.12810513522997,47.45057430164458,45.434466409154254,53.94568448619333,-15.190779056511172,1.389307598038144
2021-12-14,42.694507748099426,49.61165460798398,-6.917146859884554,2.3358735434659366,2.097128988510728,4.118512902125091,38.11619560290619,47.27281989329266,45.50128179050295,53.72202742546501,-14.989432148049731,1.1551384282806243
2021-12-15,42.535823300612435,49.722703378777716,-7.186880078165277,2.383561311030214,2.1395748777560653,4.23411367530202,37.86404313099322,47.20760347023165,45.52913661837583,53.9162701391796,-15.485742881757236,1.1119827254266816
2021-12-16,42.45847770100819,49.72134567236767,-7.262867971359479,2.332940830309383,2.17177861766819,4.221392583512648,37.885913673601806,47.03104172841458,45.46465958173802,53.97803176299732,-15.536797435044267,1.01106149232531
2021-12-17,42.85537555705955,49.43399500170959,-6.578619444650038,2.5814620101853385,2.296824989135569,4.644896772083952,37.79571001709629,47.915041097022815,44.93221802300388,53.9357719804153,-15.682617117934583,2.525378228634506
2021-12-18,42.84214363930872,49.45497536317508,-6.612831723866358,2.5035997798582263,2.249012795501343,4.524032539499355,37.9350880707866,47.74919920783085,45.046910283992446,53.863040442357715,-15.479935501285091,2.254272053552376
2021-12-19,42.76460968055474,49.65011054844361,-6.8855008678888625,2.4757308244536373,2.395873348614434,4.6372784765858714,37.91217726462561,47.61704209648387,44.95419878515931,54.3460223117279,-15.974566681997171,2.203564946219445
2021-12-20,42.73433145134993,49.75678505119341,-7.022453599843484,2.342548588932323,2.241753115058992,4.368609502862518,38.142936217042575,47.32572668565729,45.362948945677786,54.150621156709036,-15.58492822545402,1.540021025767052
2021-12-21,42.561911719342646,49.74086299627582,-7.178951276933177,2.409142160702938,2.227736373596791,4.315256904923083,37.839993084364885,47.28383035432041,45.374499704026114,54.10722628852553,-15.63685481058242,1.2789522567160647
2021-12-22,42.48064043208856,49.85597665912908,-7.375336227040509,2.4019826210967925,2.1819634073230514,4.2817123852396435,37.77275449473885,47.18852636943828,45.5793283807759,54.132624937482255,-15.767492502110208,1.0168200480291913
2021-12-23,42.51399244480946,49.82855969211464,-7.3145672473051775,2.381670441864194,2.1625731701689856,4.246808939654583,37.84591837875564,47.18206651086328,45.589916278583424,54.06720310564585,-15.638312769028161,1.0091782744178062
2021-12-24,42.54987558874609,49.798957384165426,-7.249081795419337,2.358779247812989,2.1407983003117446,4.207347838976791,37.92666826303263,47.17308291445955,45.60299271555441,53.994922052776445,-15.495483559813845,0.9973199689751722
2021-12-25,42.554260993959176,49.768038335356565,-7.213777341397391,2.3237587240910536,2.117184476283262,4.150624172657577,37.99969389474071,47.10882809317764,45.61835676184137,53.91771990887176,-15.349000719806241,0.9214460370114601
2021-12-26,42.55923714057776,49.77152638974805,-7.212289249170283,2.2866984977416243,2.0832184498943787,4.08399858875401,38.07730808500418,47.04116619615134,45.68841822795507,53.854634551541025,-15.216926483128143,0.7923479847875772
2021-12-27,42.564772948504036,49.736048688550554,-7.171275740046518,2.247567037902747,2.056626394503615,4.0205144930952414,38.159541554214655,46.970004342793416,45.70506095532347,53.76703642177764,-15.051484146513191,0.7089326664201554
2021-12-28,42.433986530593764,49.90369294290539,-7.469706412311623,2.272718114253219,2.144380361833965,4.157914963900087,37.97945902665745,46.888514034530075,45.70070743371082,54.106678452099956,-15.619219741555792,0.6798069169325478
2021-12-29,42.34158531220437,50.03956624587963,-7.697980933675252,2.1989778775851416,2.105773439869361,4.060775281957652,38.031588672137495,46.65158195227125,45.91225030373568,54.16688218802357,-15.65710048631225,0.2611386189617466
2021-12-30,41.96815062899013,50.25770997663172,-8.289559347641594,2.2298447774267696,2.042746673321826,4.038807475056356,37.597654865233665,46.3386463927466,46.25392649692095,54.2614934563425,-16.20562199875205,-0.37349669653113615
2021-12-31,42.029652268408306,50.277852871726665,-8.248200603318361,2.051778038306214,1.8756111672439455,3.7008595519537257,38.00816731332813,46.05113722348848,46.60165498392853,53.9540507595248,-15.501885325147663,-0.9945158814890593
2022-01-01,42.01751511914019,50.30035507532927,-8.282839956189074,2.0165532317589414,1.8447618773171548,3.6384350487586494,38.06507078489267,45.969959453387716,46.68462179578765,53.916088354870894,-15.414172651756026,-1.1515072606221208
2022-01-02,41.96386153200579,50.32271219998731,-8.358850667981521,1.994075442123446,1.8120732081665554,3.5857048390483017,38.055473665443834,45.87224939856774,46.77104871198086,53.874375687993755,-15.386832152516192,-1.3308691834468496
2022-01-03,41.90851915381133,50.3454102154757,-8.436891061664367,1.968108829671538,1.7765376964042119,3.5270287042927575,38.05102584765512,45.76601245996755,46.86339633052345,53.827424100427955,-15.349867322078172,-1.5239148012505623
2022-01-04,41.71376862818714,50.05805501626287,-8.344286388075728,2.065694908275979,2.048164984858799,3.8146154013312743,37.66500660796622,45.76253064840806,46.043651645939626,54.07245838658611,-15.820932574685026,-0.8676402014664308
2022-01-05,41.66160129963167,50.198130515108986,-8.536529215477318,1.9744916671305153,2.0243895013003956,3.694053850986509,37.79159763205586,45.53160496720748,46.23032709256021,54.16593393765776,-15.776874763410875,-1.29618366754376
2022-01-06,41.78808945474407,50.2404289077086,-8.452339452964535,2.029200385858656,2.003414976933527,3.7372235980592237,37.8108566984611,45.76532221102703,46.313735552918885,54.16712226249831,-15.777297705160613,-1.1273812007684576
2022-01-07,41.685036365445775,50.25827787993803,-8.57324151449225,1.9927900124896745,1.9181454363042985,3.6209655106891896,37.77916794096601,45.59090478992554,46.498712824781606,54.01784293509445,-15.67033391544306,-1.476149113541438
2022-01-08,41.68930428746917,50.23799503007585,-8.548690742606688,1.9558443992587593,1.885414585836358,3.555799278914003,37.855849264922,45.52275931001634,46.542582441836586,53.933407618315115,-15.518057329278133,-1.5793241559352422
2022-01-09,41.848695942953114,50.1702103044725,-8.321514361519382,1.936583588246418,1.7740222810586797,3.4425841790637945,38.052992109990136,45.64439977591609,46.69312663359749,53.64729397534751,-15.068979352484419,-1.574049370554345
2022-01-10,41.38484188467521,50.34678007958175,-8.96193819490654,2.540557587409315,1.9642948888005876,4.135892393260822,36.405349013352954,46.36433475599747,46.496762097532596,54.1967980616309,-17.06828728569775,-0.8555891041153298
2022-01-11,41.32666931648017,50.360198194852806,-9.033528878372636,2.465519759544174,1.9685773174751775,4.0969393782989165,36.49425058777359,46.15908804518675,46.50178665260146,54.21860973710415,-17.063530059838513,-1.00352769690676
2022-01-12,41.126027846829565,50.5216855663178,-9.395657719488232,2.514326813763868,2.048279364599035,4.25963287620096,36.19794729185239,46.054108401806744,46.50705801170369,54.53631312093191,-17.74453815684211,-1.046777282134352
2022-01-13,41.111386941074876,50.51731280228666,-9.405925861211783,2.6099382615114184,2.229317134807639,4.575068818655218,35.995907948512496,46.22686593363726,46.14785121806369,54.88677438650963,-18.37306074577601,-0.43879097664755484
2022-01-14,41.06932715101756,50.902950547452676,-9.83362339643512,2.6494095094988728,2.344331371134314,4.430148635311275,35.87648451239977,46.26216978963535,46.308061060029424,55.49784003487593,-18.51671472164522,-1.1505320712250224
2022-01-15,41.212797845794306,50.80394432211013,-9.591146476315819,2.5771772397390316,2.2951795702057853,4.327523375125062,36.161530455905805,46.26406523568281,46.30539236450679,55.302496279713466,-18.07309229156094,-1.1092006610706981
2022-01-16,41.03982953412641,51.063999750585474,-10.02417021645906,2.5056445695879974,2.295049513829736,4.295131386446083,36.12876617773394,45.95089289051889,46.56570270347919,55.56229679769176,-18.44262773389338,-1.605712699024739
2022-01-17,41.320414119078634,50.80345813744435,-9.483044018365717,2.314176966545017,2.1242969670462752,3.999713266182694,36.7846272646504,45.856200973506866,46.63983608203365,54.96708019285505,-17.322482020083797,-1.6436060166476372
2022-01-18,41.183147484538154,51.0204468329504,-9.837299348412241,2.251430932058696,2.0603760864405296,3.816671307316802,36.77034285770311,45.595952111373194,46.98210970352696,55.05878396237384,-17.317975110753174,-2.3566235860713087
2022-01-19,41.27115039919248,50.92523510740004,-9.654084708207561,2.2485965249916546,2.045848448630323,3.857154870186228,36.86390121020884,45.67839958817612,46.91537214808461,54.935098066715476,-17.21410825377257,-2.0940611626425545
2022-01-20,40.98001177523197,51.11138273364794,-10.131370958415973,2.37357985068783,1.9758657225079068,3.8846303241715536,36.32779526788383,45.632228282580115,47.23868591753244,54.98407954976344,-17.74524639379222,-2.5174955230397282
2022-01-21,41.21516839969967,50.92751560384165,-9.712347204141983,2.458774948609227,2.0155929615934154,4.056242638343844,36.395969500425586,46.034367298973756,46.97695339911856,54.87807780856474,-17.662582775295917,-1.7621116329880495
2022-01-22,41.22661148977888,50.90302610442655,-9.676414614647667,2.43537415562662,2.0018780562984353,4.02271032784864,36.453278144750705,45.99994483480706,46.97934511408162,54.826707094771486,-17.560926857231003,-1.7919023720643334
2022-01-23,41.09236661745015,51.312098698216644,-10.219732080766489,2.3534457865799507,2.1809852156247,4.1302460448060705,36.479612875753446,45.70512035914686,47.037367675592236,55.58682972084105,-18.315014328586386,-2.124449832946592
2022-01-24,41.0806628311684,51.364328710082205,-10.283665878913808,2.2103596755129113,1.9815655079697752,3.80377084197351,36.748357867163094,45.4129677951737,47.480460314461446,55.248197105702964,-17.73905672918189,-2.828275028645729
2022-01-25,40.90520245668982,51.407799698984135,-10.50259724229431,2.2857210134330064,2.0359060704787457,3.9021953967773553,36.42518927036113,45.38521564301851,47.417423800845796,55.398175597122474,-18.150900219977927,-2.8542942646106946
2022-01-26,40.89147161929778,51.419907153314284,-10.528435534016506,2.2400357438471197,2.0023238223003084,3.8276067329067636,36.50100156135743,45.28194167723814,47.49535246160568,55.34446184502289,-18.03054473051376,-3.026326337519249
2022-01-27,40.94180866992536,51.37033676177853,-10.42852809185317,2.2755734038218507,1.9750098685701816,3.8522718615882594,36.48168479843453,45.40193254141619,47.49931741938098,55.241356104176084,-17.97898094056616,-2.8780752431401817
2022-01-28,40.91261352173533,51.40136453268331,-10.488751010947981,2.2503969345330606,1.9590455681539194,3.811257383450567,36.501835530050535,45.32339151342013,47.561635219101625,55.241093846264995,-17.958815482511092,-3.018686539384869
2022-01-29,40.83112738552716,51.391591350272506,-10.560463964745342,2.222935879227527,1.9128870186030282,3.7261755560305425,36.474173062241206,45.188081708813115,47.64233279381057,55.140849906734445,-17.863768054565206,-3.2571598749254784
2022-01-30,40.794765239464624,51.421905908605254,-10.627140669140632,2.187290108867977,1.8803125789634387,3.6652018983257397,36.50767662608339,45.08185385284586,47.73649325383691,55.107318563373596,-17.81093638985908,-3.4433449484221823
2022-01-31,40.948233518179975,51.33858657251449,-10.390353054334513,2.115999335403234,1.7754674069138154,3.5198811960935292,36.80087482078964,45.09559221557031,47.85867045496341,54.818502690065564,-17.28932019867783,-3.4913859099911955
2022-02-01,40.84842090014512,51.31176298704966,-10.463342086904541,2.129819488688279,1.907049278077287,3.6790268840001885,36.673974702316094,45.02286709797415,47.57394640201818,55.04957957208114,-17.67423477954491,-3.252449394264172
2022-02-02,40.77696887632096,51.38825332099659,-10.611284444675638,2.079073697430986,1.8627038745021416,3.5936728594992573,36.70198442935622,44.85195332328569,47.737353726972394,55.039152915020786,-17.654883249294183,-3.5676856400570935
2022-02-03,40.71608689690624,51.534670786223984,-10.818583889317747,1.978625261647371,1.9114395854395563,3.5201620947655474,36.837981384077395,44.594192409735086,47.78824919876245,55.28109237368552,-17.71810159505822,-3.919066183577274
2022-02-04,40.50653171150884,51.53581342478141,-11.02928171327257,1.9814688820375326,1.8111950138632276,3.389732888598434,36.62285270271528,44.390210720302406,47.985871197609484,55.085755651953335,-17.6731581749255,-4.3854052516196385
2022-02-05,40.45290565108168,51.542552022852206,-11.089646371770527,1.976584125341074,1.7854652367111754,3.3585398387316245,36.57880076541317,44.32701053675019,48.0430401588983,55.04206388680611,-17.67238445568451,-4.506908287856543
2022-02-06,40.298493613075934,51.93287127328758,-11.634377660211653,1.8925932170236677,1.796055201628918,3.297232322678485,36.58901090770954,44.007976318442324,48.412603078094904,55.45313946848026,-18.096953012661483,-5.171802307761823
2022-02-07,40.759516949251754,51.67284005131749,-10.913323102065743,2.002537335433535,1.7238147038937155,3.3592019418702703,36.834543771802025,44.68449012670148,48.294163231685815,55.05151687094917,-17.497358908131474,-4.329287296000013
2022-02-08,40.57758520816575,51.562420954009994,-10.984835745844242,1.9640902746785769,1.7462247378307771,3.276282823769891,36.72796826979574,44.42720214653576,48.13982046786167,54.98502144015832,-17.406350080433228,-4.563321411255256
2022-02-09,40.63616564795576,51.534535892186184,-10.898370244230431,1.89316489229937,1.662922978223478,3.1360141550155993,36.92556245904899,44.34676883686252,48.275206854868166,54.7938649295042,-17.044957988061007,-4.751782500399857
2022-02-10,40.643218269057165,51.52304934216939,-10.879831073112221,1.8602344339674977,1.6140811558987684,3.045187167757072,36.997158778480866,44.289277759633464,48.3594502766078,54.68664840773097,-16.84839792191608,-4.91126422430836
2022-02-11,40.82314577060917,51.70455714468695,-10.881411374077778,1.9042365636687526,1.7595824636030413,2.931067883321766,37.09084210581842,44.55544943539993,48.25577551602499,55.153338773348914,-16.62630442538844,-5.136518322767117
2022-02-12,40.824334510462904,51.67730153802194,-10.852967027559037,1.878465755903674,1.7439623468112115,2.896274843728494,37.142541628891706,44.5061273920341,48.25913533827197,55.09546773777192,-16.529665721266888,-5.176268333851189
2022-02-13,40.81749666976516,51.67075630836226,-10.853259638597095,1.8229304936447197,1.7070089236478994,2.8189530493922335,37.244552902221514,44.39044043730881,48.325018818012374,55.01649379871214,-16.378407615405873,-5.328111661788317
2022-02-14,40.587458154044455,51.72298247611513,-11.135524322070676,1.8648709442649418,1.6472937154294605,2.838862845464748,36.93231110328517,44.24260520480374,48.494286793873385,54.95167815835687,-16.699695499181583,-5.57135314495977
2022-02-15,40.51626858437957,51.58003045252984,-11.06376186815027,1.8768762646019483,1.6990889413462686,2.8897747894031114,36.83759110575975,44.194946062999385,48.24981612749115,54.91024477756853,-16.727720455380368,-5.399803280920171
2022-02-16,40.5342669435373,51.488094399576596,-10.953827456039301,1.8431538357741393,1.7821169766127283,2.9955106841436043,36.92168542541998,44.14684846165461,47.99514512541565,54.981043673737545,-16.825028396960764,-5.082626515117837
2022-02-17,40.49175461039607,51.510775496108664,-11.019020885712589,1.7100345799753722,1.651336175419941,2.757875773051546,37.14008683364434,43.843422387147804,48.27415659228558,54.74739439993175,-16.42445740089362,-5.613584370531559
2022-02-18,40.5847254805143,51.74146644381242,-11.156740963298118,1.7104993598585754,1.901714317875957,2.7148879571866655,37.23214673519149,43.93730422583711,48.014106380775544,55.4688265068493,-16.477921359383984,-5.835560567212253
2022-02-19,40.5606955199388,51.71212457259024,-11.151429052651448,1.6912155316704753,1.8818806579481353,2.6756976696008854,37.245913077864664,43.87547796201293,48.023638483011894,55.40061066216859,-16.395796485069184,-5.907061620233713
2022-02-20,40.661333370751976,51.70340511788176,-11.042071747129777,1.640156038568209,1.7644320863703138,2.6941567623762466,37.446627535158285,43.876039206345666,48.24511822859594,55.161692007167574,-16.32261900138722,-5.761524492872334
2022-02-21,40.584520212309116,51.82994767977034,-11.245427467461226,1.59738134502737,1.7519936685400705,2.7371410424286937,37.45365277605547,43.71538764856276,48.39604008943181,55.26385527010888,-16.610223910621464,-5.880631024300987
2022-02-22,40.59677165804662,51.75783349055482,-11.161061832508201,1.5199442108913488,1.733170446372291,2.6845700635390544,37.61768100469958,43.575862311393664,48.360819415665134,55.15484756544451,-16.42281915704475,-5.899304507971655
2022-02-23,40.6889783186671,51.52124666998128,-10.832268351314182,1.4388434095679925,1.7969562703349888,2.608352854159162,37.86884523591383,43.50911140142036,47.9992123801247,55.04328095983786,-15.94463994546614,-5.719896757162225
2022-02-24,40.191667637996765,51.84542006644407,-11.653752428447309,1.9314058596982668,1.8566856380032122,3.2818809361906243,36.406112152988165,43.977223123005366,48.20631621595778,55.484523916930364,-18.086239063380933,-5.221265793513685
2022-02-25,40.11070733870228,51.84005850045273,-11.729351161750452,1.8952383482256814,1.7970914656450403,3.1967694823776873,36.39604017617994,43.825374501224616,48.31775922778845,55.362357773117004,-17.99501934721072,-5.463682976290185
2022-02-26,40.13512639204291,51.83262292104244,-11.697496528999531,1.8721514841994253,1.7775244526128176,3.1562335790248692,36.46570948301204,43.804543301073785,48.34867499392132,55.316570848163565,-17.883714343888276,-5.511278714110788
2022-02-27,40.14906166411765,51.81988668192977,-11.670825017812124,1.7797912981150317,1.7855657420295707,3.0682738119570288,36.66067071981219,43.63745260842312,48.32017782755182,55.31959553630773,-17.6846416892479,-5.657008346376347
2022-02-28,40.390400976317,51.81903132768574,-11.428630351368744,1.8110095315588741,1.8184497027469908,2.952120493562136,36.8408222944616,43.93997965817239,48.25486991030164,55.38319274506984,-17.21478651875053,-5.642474183986958
2022-03-01,40.446692690339454,51.66852403872247,-11.221831348383006,1.744670550582703,1.9612134269769994,3.031247287463423,37.027138411197356,43.86624696948155,47.82454572184755,55.512502355597384,-17.163076031811315,-5.280586664954697
2022-03-02,40.78251457777005,51.48137806522196,-10.698863487451913,2.127985437677856,1.9558727986985598,3.438488025166648,36.61166311992145,44.95336603561865,47.647867379772784,55.31488875067114,-17.43830001677854,-3.959426958125283
2022-03-03,40.820420397868595,51.406691976117614,-10.586271578249015,2.1782424934006164,1.980325919946756,3.5522365254708066,36.551065110803385,45.089775684933805,47.52525317302197,55.288130779213255,-17.548655168171795,-3.623887988326234
2022-03-04,40.73000490062234,51.33235162304156,-10.602346722419218,2.118956177250191,1.9151923030013658,3.4089426085317927,36.57685079321197,44.88315900803271,47.578574709158886,55.086128536924235,-17.283874235141532,-3.920819209696905
2022-03-05,40.80279784438145,51.30642170987735,-10.503623865495898,2.124550415470818,1.877089905553991,3.381020835252905,36.63867903005865,44.96691665870426,47.627325494991524,54.98551792476317,-17.13042470259159,-3.8768230284002048
2022-03-06,41.1472523082551,50.9387899720046,-9.7915376637495,2.3972808433832853,2.058265149442187,3.93838744908368,36.44858185522386,45.84592276128634,46.90459027909791,54.97298966491129,-17.510777063953512,-2.0722982635454867
2022-03-07,41.238917888738015,50.973410722965376,-9.734492834227362,2.2876951402465453,1.983830281452485,3.7843274078489797,36.755035413854785,45.722800363621246,47.0851033713185,54.86171807461225,-17.15177455361136,-2.317211114843362
2022-03-08,41.23410448185516,50.75713073043257,-9.523026248577409,2.341224352950748,2.1619294467632355,4.068459069752466,36.645304750071695,45.82290421363863,46.51974901477663,54.994512446088514,-17.497206025292243,-1.5488464718625758
2022-03-09,41.23141180915507,51.07020007345654,-9.838788264301476,2.2679406849459594,2.1875267247033414,3.995006249691973,36.78624806666099,45.67657555164915,46.782647693037994,55.35775245387509,-17.669000513697743,-2.008576014905209
2022-03-10,41.17699531258483,51.124189483886134,-9.947194171301305,2.2433877696116995,2.1820153007529335,3.9778174909791466,36.7799552841459,45.57403534102376,46.84743949441038,55.40093947336189,-17.743716453620433,-2.1506718889821776
2022-03-11,41.205423937512975,51.335800517061536,-10.13037657954856,2.2010898013559217,2.3216625214826405,3.9213726303043774,36.89128792685537,45.51955994817058,46.78534197495556,55.886259059167514,-17.81626693494514,-2.444486224151981
2022-03-12,41.15776451401914,51.435109107939965,-10.277344593920818,2.1571198110472656,2.319902981379974,3.8923751533160416,36.929809684366504,45.38571934367178,46.88809926443522,55.98211895144471,-17.90639989442026,-2.648289293421376
2022-03-13,41.50611309317181,51.1640912471531,-9.65797815398129,2.2736521855185496,2.2868198888434583,4.056938839366344,37.04975480955545,45.96247137678817,46.68192426501992,55.64625822928628,-17.609578279139324,-1.7063780288232557
2022-03-14,41.1905144464694,51.35458292546943,-10.164068479000031,2.121273787078007,2.065958841373008,3.791037876140922,37.032817823796506,45.348211069142295,47.30530359637834,55.40386225456052,-17.59450271623624,-2.7336342417638244
2022-03-15,41.11260745018104,51.38433620848506,-10.271728758304024,2.0538559556245177,1.975903049430835,3.6268834659702187,37.087049777156984,45.13816512320509,47.511566231600625,55.257106185369494,-17.38042035160565,-3.163037165002395
2022-03-16,41.04260632708755,51.44429467886903,-10.401688351781482,2.043541249561432,1.970714408841158,3.6230238057325685,37.037265477947145,45.04794717622795,47.58169443754036,55.3068949201977,-17.50281501101732,-3.3005616925456476
2022-03-17,40.91621482560355,51.585953206607904,-10.66973838100436,2.1407590150604068,2.052101851529241,3.8189517885459416,36.72032715608515,45.112102495121945,47.563833577610595,55.60807283560521,-18.154883886554405,-3.184592875454314
2022-03-18,40.8972669503881,51.63634404836939,-10.739077097981289,2.05848068826139,2.0126485047583023,3.7065186438777724,36.862644801395774,44.93188909938043,47.69155297904312,55.58113511769566,-18.003853639981724,-3.4743005559808546
2022-03-19,40.87209104892481,51.63727692038963,-10.765185871464826,2.0427040486666512,1.988930376670234,3.669100841032907,36.86839111353817,44.87579098431144,47.73897338211597,55.53558045866329,-17.956623519889323,-3.5737482230403286
2022-03-20,40.97836614066013,51.37686996112499,-10.398503820464866,2.1718089307237936,1.819942834335742,3.583686756220273,36.72162063644149,45.235111644878764,47.80978200582693,54.943957916423045,-17.422529862656603,-3.37447777827313
2022-03-21,41.01545930308743,51.648450778301694,-10.632991475214263,2.0299666877975366,1.9062261116686527,3.4935614211208885,37.03672459500426,44.994194011170606,47.91224759943113,55.384653957172254,-17.480371860611204,-3.785611089817322
2022-03-22,40.875972323679925,51.73963462823248,-10.863662304552557,1.9380909723598734,1.9614039641989607,3.483496528710259,37.077314017854576,44.67463062950527,47.89528285840252,55.58398639806244,-17.691315500824665,-4.03600910828045
2022-03-23,40.82634317213347,51.75731189605841,-10.930968723924945,1.9236872558324831,1.9525852265436445,3.4608254601098962,37.055916150701805,44.596770193565135,47.93024485203287,55.58437894008395,-17.71418662574034,-4.147750822109549
2022-03-24,40.76933059739499,51.74343429563769,-10.9741036982427,2.0898197264760783,1.899300998886554,3.6355248973229677,36.67328393350188,44.8653772612881,48.020804337820046,55.466064253455336,-18.099732496995717,-3.848474899489684
2022-03-25,40.70120079448862,51.77006842397661,-11.068867629487988,2.065364430273443,1.8767258782309375,3.591882354819796,36.65308651115267,44.74931507782457,48.09168570264397,55.44845114530925,-18.108957044934787,-4.028778214041188
2022-03-26,40.68502031905479,51.769699179912976,-11.084678860858185,2.050052621717302,1.8582953850128918,3.560031194412962,36.66691718048888,44.703123457620705,48.12744022528771,55.411958134538246,-18.06234000190759,-4.10701771980878
2022-03-27,40.695992195513945,51.773114357732176,-11.07712216221823,1.9416614703783053,1.7727672218514,3.388951971741073,36.89033571357247,44.50164867745542,48.298490602903435,55.24773811256092,-17.719468026830732,-4.434776297605726
2022-03-28,40.64034202602655,51.81230212781486,-11.17196010178831,1.9089213739820141,1.7292238849650006,3.3244410163073383,36.8988561330218,44.3818279190313,48.42302331328346,55.20158094234626,-17.687864493750695,-4.656055709825926
2022-03-29,40.594547258681196,51.76336675200608,-11.168819493324879,1.8583342075212117,1.775422326604109,3.3526082457658237,36.952212211939624,44.23688230542277,48.283538991862024,55.24319451215013,-17.73993165502589,-4.597707331623864
2022-03-30,40.52714435648667,51.86499974520412,-11.337855388717449,1.8276057903089193,1.8114806350983093,3.365992537363608,36.94503700748119,44.109251705492156,48.31449770041144,55.41550178999681,-17.93520076195012,-4.740510015484777
2022-03-31,40.527590267235695,51.92826411395641,-11.400673846720721,1.7675220850834943,1.7493090708355914,3.264513988904849,37.063246980472044,43.991933553999345,48.49961833511865,55.35690989279417,-17.799121264974225,-5.0022264284672175
2022-04-01,40.55721484358685,51.90252995840976,-11.345315114822911,1.759659708307648,1.7392230753936628,3.2507182731698503,37.10828181530386,44.006147871869835,48.49365273063818,55.311407186181334,-17.716722930235818,-4.973907299410005
2022-04-02,40.57313828563348,51.8305154041688,-11.257377118535317,1.7304582829833242,1.7186625710108001,3.202937739796726,37.18144005098617,43.9648365202808,48.461936764987634,55.199094043349966,-17.5351350885369,-4.979619148533733
2022-04-03,40.53632772266004,51.861211162839346,-11.324883440179311,1.7507184384857588,1.7464510733411909,3.212218441690201,37.104919583227954,43.96773586209213,48.43816705909061,55.28425526658808,-17.620831585892105,-5.0289352944665175
2022-04-04,40.63250993620063,51.67885880830246,-11.046348872101829,1.7222629697245762,1.7153409754122602,3.193217415296143,37.25687451554046,44.008145356860794,48.31679049649443,55.04092712011049,-17.30505500608227,-4.787642738121389
2022-04-05,40.75277889606421,51.45325332704889,-10.700474430984684,1.7904202622702161,1.7860736384165532,3.3032301372543684,37.24355518201458,44.26200261011383,47.952548995752444,54.95395765834534,-17.174805500003245,-4.226143361966122
2022-04-06,40.84554154595784,51.32736335261408,-10.481821806656233,1.7597875720871772,1.789764045762638,3.290635975670711,37.39635790466698,44.29472518724871,47.81942582291931,54.83530088230885,-16.931468318970825,-4.0321752943416405
2022-04-07,40.84943960656677,51.302648745243715,-10.453209138676943,1.7705955114520213,1.8111819420280728,3.3355498771119687,37.379072404120805,44.31980680901273,47.752732138868694,54.852565351618736,-16.990886897816402,-3.9155313795374846
2022-04-08,41.00848765497584,51.22702175668751,-10.218534101711679,1.7165471416051936,2.432211078871297,3.6896691614489256,37.644055257429656,44.37292005252202,46.45988804209977,55.994155471275256,-17.45028565815157,-2.986782545271785
2022-04-09,40.97855557305376,51.251527182784606,-10.272971609730847,1.7102802817401703,2.4169443229640595,3.687046186421064,37.62640622084303,44.33070492526449,46.51431630977505,55.988738055794165,-17.499582135116132,-3.0463610843455617
2022-04-10,40.799240978529824,51.29470621911495,-10.495465240585132,1.7833794939115901,2.3388662497718293,3.6665235493180486,37.303817170463105,44.29466478659654,46.71052836956216,55.87888406866774,-17.681851397248508,-3.3090790839217563
2022-04-11,40.50419742207902,51.44313944269662,-10.938942020617603,1.9525886673697488,2.290124426390199,3.7265998337797295,36.67712363403431,44.331271210123724,46.95449556697183,55.93178331842141,-18.24307769482587,-3.6348063464093334
2022-04-12,40.55591028515204,51.34948836800813,-10.79357808285609,1.9412920546925232,2.3128165269577194,3.81769850484258,36.750977857954695,44.36084271234938,46.816367975171005,55.88260876084526,-18.276267152347547,-3.3108890133646334
2022-04-13,40.50392972646597,51.35465121277951,-10.850721486313535,1.9314246375919244,2.2839618931991765,3.8000732373090678,36.718337436785795,44.289522016146144,46.87808590210912,55.831216523449896,-18.29886503143931,-3.4025779411877624
2022-04-14,40.48273858364217,51.44317906624993,-10.960440482607765,1.888588530241078,2.236492467248987,3.7181298369026394,36.781105064369655,44.18437210291468,47.05965383044192,55.82670430205795,-18.247974962936937,-3.6729060022785927
2022-04-15,40.45610951702362,51.475633163451654,-11.019523646428036,1.8495480219059364,2.1900330315967658,3.639034748138062,36.830995394087985,44.081223639959255,47.18316842152199,55.76809790538132,-18.152031752778637,-3.887015540077435
2022-04-16,40.382597139444904,51.54904002075796,-11.166442881313055,1.8231499503721043,2.160496153750195,3.5816151594740098,36.80922323671558,43.95597104217423,47.314467559407575,55.78361248210834,-18.186408593882113,-4.146477168743996
2022-04-17,40.40081929192612,51.56299765787437,-11.162178365948256,1.8152696994598811,2.10060517556582,3.498187523947703,36.84289068098475,43.958747902867486,47.445811513765364,55.680183801983375,-18.018625912885753,-4.3057308190107575
2022-04-18,40.74047527573634,51.49935350180972,-10.758878226073387,1.7856075354834566,1.878455650072906,3.330252791911959,37.240684506188764,44.24026604528391,47.817580427666826,55.18112657595262,-17.286173698220825,-4.231582753925948
2022-04-19,41.020229205723375,51.27407465404124,-10.253845448317874,2.1483791220077793,2.054646214683353,3.8859676051483416,36.80940612658813,45.23105228485862,47.24696807326187,55.30118123482062,-17.870341954408623,-2.637348942227124
2022-04-20,40.781171153655116,51.47505249064031,-10.693881336985195,2.2001728543335717,2.0031056085896664,3.92476193208983,36.46883235916132,45.09350994814891,47.54896549780456,55.40113948347606,-18.38641472388126,-3.0013479500891282
2022-04-21,40.56737292516593,51.655956386409336,-11.088583461243408,2.1852543624305016,1.96624654214101,3.88715973966041,36.284274374802145,44.85047147552971,47.802113163812955,55.50979960900572,-18.70741655097781,-3.4697503715090043
2022-04-22,40.569334873322,51.6263448924915,-11.057010019169503,2.144853433198892,1.9221128213706606,3.818005924947011,36.36542214425217,44.77324760239183,47.859003762605006,55.393686022378,-18.540301632065646,-3.573718406273362
2022-04-23,40.59780951139044,51.637090285834105,-11.039280774443672,2.065299422753641,1.8444818762054629,3.670301636441038,36.5498226427933,44.64579637998757,48.021905808471395,55.252274763196816,-18.233071981868108,-3.8454895670192375
2022-04-24,40.558700051411904,51.66103772098719,-11.102337669575284,2.061171725715855,1.832465995170479,3.6577848558013755,36.51880346900883,44.59859663381498,48.06940437045305,55.25267107152133,-18.271595986945982,-3.9330793522045884
2022-04-25,40.52421896971534,51.61515160557742,-11.090932635862067,1.9917892338910013,1.824550975924417,3.578013718154148,36.62031207128898,44.428125868141706,48.03903169276556,55.19127151838927,-18.103839523444197,-4.078025748279938
2022-04-26,40.49210617248722,51.61683370487553,-11.124727532388313,1.8398866303833292,1.7294723794141758,3.33011878611109,36.885928376935894,44.098283968038544,48.22706784122375,55.006599568527314,-17.65176035316605,-4.597694711610576
2022-04-27,40.3856057752609,51.58713532835033,-11.20152955308943,1.7722760977454137,1.7942475975044658,3.2880781388034976,36.91194462367989,43.85926692684191,48.07041003724157,55.103860619459084,-17.646162705144285,-4.756896401034574
2022-04-28,40.608009232381576,51.43997405252073,-10.831964820139152,1.8723487862201824,1.728947268990191,3.326116768190428,36.93820561139002,44.277812853373135,48.05123740529996,54.82871069974151,-17.35115368579239,-4.312775954485914
2022-04-29,40.51814916909329,51.34341236261406,-10.82526319352077,1.8364311217206288,1.7227541781185547,3.226496488353438,36.91874417052086,44.11755416766572,47.966814173501696,54.720010551726425,-17.149196310693508,-4.501330076348032
2022-04-30,40.50444090385461,51.453505970542075,-10.949065066687472,1.7379487926095332,1.663139917968015,3.071150908930792,37.098061270339926,43.91082053736929,48.19375173132477,54.71326020975938,-16.968520848191822,-4.929609285183121
2022-05-01,40.54396833048576,51.61769729949004,-11.07372896900428,1.6578957219027917,1.7138862904423129,3.021095557686665,37.29449271555629,43.793443945415234,48.25848017022311,54.97691442875697,-16.995076262070143,-5.1523816759384164
2022-05-02,40.48878086096927,51.66034927889402,-11.171568417924751,1.6305754167661006,1.6790246604200598,2.9718695744001113,37.292853044107716,43.68470867783083,48.3694609444707,54.95123761331733,-16.99643278374897,-5.346704052100534
2022-05-03,40.601240082115304,51.55143696958289,-10.950196887467584,1.6367157302526836,1.7580387893224174,3.08802538150814,37.39327725082004,43.809202913410566,48.10568094251095,54.997192996654825,-17.00272663522354,-4.897667139711629
2022-05-04,40.59711265867607,51.538014373076,-10.940901714399933,1.6068700521044785,1.7223767887907764,3.0282495763893373,37.447647356551286,43.74657796080085,48.16215586704608,54.913872879105924,-16.876270884123034,-5.005532544676832
2022-05-05,40.6479777631375,51.50879600609524,-10.860818242957738,1.6061690224476408,1.740982664682347,3.050813635087465,37.49988647914012,43.79606904713487,48.09646998331784,54.92112202887264,-16.84041296772917,-4.881223518186306
2022-05-06,40.540997493012085,51.41009269211334,-10.869095199101249,1.5453394116241592,1.6410770631511662,2.8618003683325206,37.51213224622873,43.56986273979544,48.19358164833705,54.626603735889624,-16.47822392103299,-5.259966477169509
2022-05-07,40.52506930459345,51.4157540728739,-10.89068476828045,1.5317442072530605,1.62248032729325,2.8334619801534253,37.52285065837745,43.52728795080945,48.23569263137913,54.595815514368674,-16.444270249381162,-5.337099287179735
2022-05-08,40.534154254141924,51.44341465092279,-10.909260396780866,1.5142659226422015,1.5995500279014965,2.7803839061537703,37.56619304576321,43.50211546252064,48.308296596235856,54.578532705609724,-16.358812852842256,-5.459707940719476
2022-05-09,40.30449546376398,51.771775870216715,-11.467280406452732,1.6047559848116086,1.8183701890759167,3.1394054320886635,37.15917373353322,43.44981719399473,48.20777029962792,55.33578144080551,-17.620515053346512,-5.314045759558951
2022-05-10,40.213587342302574,51.858224806522095,-11.644637464219517,1.551974322215143,1.9947224463460007,3.277690919647699,37.17171767076089,43.25545701384426,47.948568811683934,55.767880801360256,-18.068911666729008,-5.220363261710027
2022-05-11,40.14597233638215,51.907957265436394,-11.76198492905424,1.5561432330294558,1.9740078384443855,3.2701152036046364,37.095931599644416,43.196013073119886,48.0389019020854,55.77701262878739,-18.171410728119326,-5.352559129989152
2022-05-12,40.10816938861626,51.928347273813365,-11.820177885197102,1.5267051016866513,1.929316802571339,3.2019040430181986,37.115827389310425,43.1005113879221,48.14688634077354,55.70980820685319,-18.095909809512772,-5.544445960881434
2022-05-13,40.00066548659705,52.1751573729058,-12.174491886308752,1.4893480549008353,2.021263360053083,3.2652032469538748,37.08154329899141,42.91978767420269,48.21348118720176,56.136833558609844,-18.574290250338347,-5.774693522279158
2022-05-14,40.02346171843579,52.1515890871461,-12.12812736871031,1.4792924154450577,1.9849038961407397,3.218028122538127,37.124048584163475,42.922874852708105,48.26117745071025,56.04200072358195,-18.435462488885037,-5.8207922485355805
2022-05-15,40.0569522701238,52.315286243286934,-12.258333973163134,1.3594219010350495,1.7854594274566982,2.8758227767793687,37.39248534409511,42.721419196152496,48.81578576547181,55.81478672110206,-17.894946615650696,-6.621721330675572
2022-05-16,39.75846204127754,52.68233986159445,-12.923877820316914,1.5663961454333768,1.9120839342740523,3.264530632832782,36.68832559622812,42.82859848632696,48.93465535041731,56.43002437277159,-19.322357860669165,-6.525397779964662
2022-05-17,39.875109337513216,52.455418340102256,-12.58030900258904,1.4887582640398254,1.9887648212607862,3.2560167302584793,36.95714313999516,42.79307553503127,48.55743929043111,56.3533973897734,-18.96210179389566,-6.198516211282421
2022-05-18,39.84978061531051,52.45451302929021,-12.604732413979706,1.4619814935722053,1.9491073583141587,3.1921127442962796,36.98429688790898,42.71526434271203,48.63426260699446,56.27476345158596,-18.861273392800413,-6.348191435158998
2022-05-19,39.797330737774104,52.72411072018988,-12.926779982415766,1.4338630913643542,1.8141896258848593,3.003631828125949,36.98695907869997,42.60770239684824,49.168299053455556,56.2799223869242,-18.813898365542627,-7.039661599288906
2022-05-20,39.81367920474333,52.908739681629484,-13.095060476886157,1.6432866375143482,1.825222781833361,3.0144515126152087,36.592837395215206,43.034521014271455,49.331303029236096,56.48617633402287,-19.003385441611968,-7.1867355121603484
2022-05-21,39.81236908458459,52.90807972419987,-13.095710639615286,1.6269372475473496,1.807167536325665,2.9849246388948534,36.623572079391785,43.00116608977739,49.36603135300157,56.45012809539818,-18.946162931849198,-7.245258347381373
2022-05-22,39.88335365722588,52.8247519193304,-12.94139826210452,1.5636786580018232,1.7449925194750697,2.9014832933969186,36.81854348754231,42.94816382690946,49.404566581159266,56.24493725750154,-18.62830551716248,-7.2544910070465605
2022-05-23,39.967855907960214,52.746934006364164,-12.779078098403945,1.5537688886977274,1.695260064542561,2.8682213720165337,36.92246888611267,43.01324292980776,49.424224279860745,56.06964373286758,-18.40079198755635,-7.157364209251539
2022-05-24,39.79398585682149,52.71245696569366,-12.918471108872174,1.7123855697778774,2.0264746265861375,3.356273490033442,36.43771014005685,43.150261573586135,48.74056669758483,56.68434723380249,-19.49676714933772,-6.340175068406627
2022-05-25,39.58551844067376,52.79214101778806,-13.206622577114295,1.7727229770091362,1.9441112947966588,3.330555863380493,36.11098140573585,43.06005547561167,48.98168287998661,56.602599155589516,-19.734512069340063,-6.678733084888529
2022-05-26,39.58863997037666,52.827564550089235,-13.238924579712576,1.733516313486846,1.9419038876889014,3.296225772886864,36.190947995942444,42.98633194481088,49.021432930218985,56.633696169959485,-19.69952709457083,-6.778322064854322
2022-05-27,39.57086813171806,52.84851459695788,-13.277646465239819,1.7194136227080279,1.9257638957407452,3.2714913614900745,36.200817431210325,42.94091883222579,49.07401736130602,56.623011832609734,-19.689769533760366,-6.865523396719273
2022-05-28,39.60737162484767,52.84224321006382,-13.23487158521615,1.7418883294192042,1.889148106541482,3.2403120071165517,36.193270499186035,43.02147275050931,49.13951292124251,56.54497349888513,-19.585883119164592,-6.883860051267709
2022-05-29,39.60923694870442,52.945956226081414,-13.336719277376993,1.6922573242864298,1.8527671300253075,3.1364192625970584,36.292412593103016,42.926061304305826,49.314532651231815,56.57737980093101,-19.484101032067226,-7.189337522686759
2022-05-30,39.60269408772704,52.83969787871358,-13.237003790986543,1.6484261687691046,1.9054663290495515,3.1349086137353557,36.371778796939594,42.83360937851448,49.10498387377646,56.5744118836507,-19.38142467390784,-7.092582908065246
2022-05-31,39.607400645743844,52.754091726692415,-13.146691080948573,1.5012507858836814,1.9450935153331315,3.0454104276052423,36.66494910541183,42.54985218607586,48.94170843663948,56.56647501674535,-19.115695519054846,-7.177686642842298
2022-06-01,39.66315067948323,52.662584788643656,-12.999434109160426,1.4875010922658667,1.8822640612893218,2.9920236926924497,36.74764853864213,42.57865282032433,48.97334722851659,56.351822348770725,-18.863800546837627,-7.135067671483224
2022-06-02,39.659683850472405,52.69800276887447,-13.03831891840206,1.466395812129522,1.8062900490410008,2.913055043973111,36.785548058698545,42.533819642246264,49.15767427275411,56.23833126499483,-18.747906804589356,-7.328731032214764
2022-06-03,39.64171682640482,52.72148041208618,-13.079763585681366,1.4478131154082585,1.7838432592683982,2.8811919197851275,36.804003120204634,42.479430532605,49.22514762392012,56.21781320025224,-18.726899748460216,-7.432627422902517
2022-06-04,39.616524896401714,52.75208698508249,-13.135562088680777,1.433837889862097,1.7671662055082962,2.8580224950704967,36.806202632272004,42.42684716053142,49.28844122228623,56.215732747878754,-18.737286179018952,-7.533837998342603
2022-06-05,39.48897989369927,52.91676309056252,-13.427783196863246,1.4923119544194938,1.845428310237936,3.031272069415714,36.56404846303707,42.41391132436148,49.299723602496165,56.53380257862887,-19.369076452918044,-7.486489940808446
2022-06-06,39.073633567693044,52.85338373535101,-13.779750167657971,1.6643428729626994,1.6810991697963746,2.871664429520505,35.81152153668615,42.33574559869994,49.558429362550115,56.148338108151904,-19.40821244951816,-8.151287885797782
2022-06-07,39.13740438357368,52.80740019630756,-13.669995812733886,1.5931626319765761,1.810259888809439,2.903799952962542,36.014805624899594,42.26000314224777,49.25929081424106,56.35550957837406,-19.361443720540468,-7.978547904927304
2022-06-08,39.06038121344916,52.869748662509316,-13.80936744906015,1.5781292893287064,1.7778069036751645,2.8762565505844497,35.967247806364895,42.15351462053343,49.385247131305995,56.35425019371264,-19.44683028820567,-8.17190460991463
2022-06-09,38.95192599679119,52.997014104503506,-14.045088107712319,1.5914933316820588,1.7959417835434008,2.940818387521576,35.83259906669436,42.07125292688802,49.47696820875844,56.51706000024857,-19.809092147254606,-8.281084068170031
2022-06-10,38.783119651696026,52.973229688011415,-14.190110036315389,1.5775094440416553,1.705975311333747,2.8069135855005123,35.69120114137438,41.875038162017674,49.62951807779727,56.31694129822556,-19.691660663896393,-8.688559408734385
2022-06-11,38.749038198327575,52.99719924050429,-14.248161042176706,1.5621532302551144,1.682975042454105,2.7786436859469483,35.68721786702755,41.8108585296276,49.69856815729424,56.295830323714334,-19.694302666632723,-8.802019417720688
2022-06-12,38.74090032866069,53.14006061369042,-14.399160285029726,1.535398651562624,1.6656855938910706,2.69424495955405,35.73151897159795,41.75028168572344,49.875316849663925,56.40480437771692,-19.679880405755664,-9.118440164303788
2022-06-13,38.748757941132304,53.43651417786415,-14.687756236731847,1.400237257887821,1.5595035477130714,2.4587841204041117,36.004292915672174,41.493222966592434,50.379887224346525,56.49314113138177,-19.506973112723905,-9.868539360739788
2022-06-14,38.707414701114864,53.38894267432595,-14.681527973211086,1.4128587780811925,1.610100659831649,2.6027651662599984,35.93821149607572,41.476617906154004,50.23314538105592,56.54473996759599,-19.782947699080683,-9.580108247341489
2022-06-15,38.50668134620358,53.37903802433101,-14.872356678127433,1.44100703660022,1.7682484114287478,2.4872644003193547,35.682307554467144,41.33105513794001,49.913271137930664,56.844804910731355,-19.747394902753367,-9.9973184535015
2022-06-16,38.52865608494315,53.37198491211402,-14.843328827170874,1.4265809152512403,1.7206574747246075,2.4417832708363467,35.73255749105072,41.32475467883558,49.99949626165379,56.74447356257426,-19.629224038010115,-10.057433616331634
2022-06-17,38.50007351987292,53.43581811940455,-14.935744599531633,1.4006948098652936,1.7076739446981832,2.4068568248665625,35.754711692536944,41.2454353472089,50.08877718779611,56.78285905101299,-19.653183976270096,-10.21830522279317
2022-06-18,38.42690158604092,53.66582525854484,-15.23892367250392,1.274931570226602,1.625488514191898,2.266764571877293,35.92803570839678,40.92576746368506,50.479867770728724,56.85178274636096,-19.681782233383416,-10.796065111624426
2022-06-19,38.411722938004154,53.88764120051223,-15.475918262508072,1.192927533353411,1.62263362855463,2.200023394195437,36.073584972631465,40.74986090337684,50.70727928854515,57.0680031124793,-19.78796411513113,-11.163872409885016
2022-06-20,38.4398257075035,54.0363480377123,-15.596522330208803,1.225268763226107,1.436933264911218,2.0693744456850487,36.03829893158033,40.841352483426675,51.21995883848631,56.85273723693829,-19.6524962437515,-11.540548416666107
2022-06-21,38.448663014330975,53.984415120250425,-15.535752105919453,1.189216046518798,1.4446441072196152,2.095862890371884,36.11779956315413,40.77952646550782,51.15291267009998,56.81591757040087,-19.643643371048345,-11.427860840790562
2022-06-22,38.31471007516343,54.155827736123904,-15.841117660960474,1.2900567157108362,1.5241779471472292,2.3596060893315673,35.786198912370196,40.84322123795667,51.16843895971533,57.143216512532476,-20.465945596050346,-11.216289725870602
2022-06-23,38.30509632532725,54.20522297909856,-15.90012665377131,1.2514663146502645,1.4968704910979886,2.291916398302234,35.85222234861273,40.75797030204177,51.2713568165465,57.139089141650615,-20.392282794443688,-11.407970513098931
2022-06-24,38.622726721921225,54.268814272154245,-15.646087550233025,1.6437172306553407,1.9842000860942017,3.044494108481801,35.401040949836755,41.844412494005695,50.37978210340961,58.15784644089888,-21.613296002857354,-9.678879097608695
2022-06-25,38.67978093991376,54.18028294181863,-15.500502001904872,1.6026394081437332,1.9522703169295605,3.0231439366083612,35.538607699952045,41.82095417987548,50.35383312063669,58.00673276300057,-21.42586411765726,-9.575139886152485
2022-06-26,38.60432223996366,54.346279170309856,-15.741956930346197,1.5855668928425548,2.023059490613931,3.0839849946322224,35.49661112999225,41.71203334993506,50.38108256870655,58.31147577191316,-21.786567519825354,-9.69734634086704
2022-06-27,38.42977999278,54.4678535729646,-16.038073580184605,1.691472955357492,1.97998324724619,3.246600918409051,35.11449300027932,41.74506698528068,50.58708640836207,58.34862073756713,-22.401411380266346,-9.674735780102864
2022-06-28,38.256628601289634,54.52097154203617,-16.264342940746534,1.6978486732144082,1.8817819137225782,3.1472176427807486,34.92884520178939,41.584412000789875,50.83267899113992,58.20926409293242,-22.432889520596802,-10.095796360896266
2022-06-29,38.247435746628256,54.591229827666254,-16.343794081037995,1.6244879307838764,1.7952618990392009,3.005921244736613,35.063439402291856,41.431432090964655,51.07251650554942,58.109943149783085,-22.235399720721755,-10.452188441354235
2022-06-30,38.003522643792905,54.769155573862406,-16.765632930069497,1.602889538727269,1.6654171657873544,2.895721434776878,34.86185914788746,41.14518613969835,51.50493792891919,58.03337321880562,-22.441246942232176,-11.090018917906816
2022-07-01,37.98046314557288,54.78710358368706,-16.80664043811418,1.5973290165190972,1.6553760207943118,2.884972245011041,34.84969827319544,41.11122801795031,51.54256658293021,58.03164058444391,-22.461186038335818,-11.15209483789254
2022-07-02,37.92571197425455,54.86249147952851,-16.93677950527396,1.602180868091342,1.7015940407388137,2.9476191890943935,34.785437472795515,41.06598647571358,51.52736715968043,58.197615799376585,-22.71411311589897,-11.15944589464895
2022-07-03,37.93448196930912,54.862293772667734,-16.927811803358615,1.5913192417540847,1.667915052134604,2.921703936469068,34.81549625547111,41.053467683147126,51.59318027048391,58.131407274851554,-22.654351518837988,-11.201272087879243
2022-07-04,37.96627321879248,55.015379050737955,-17.049105831945475,1.4974091751255678,1.5995653429282126,2.740084938989773,35.03135123554637,40.90119520203859,51.88023097859866,58.15052712287725,-22.419672312365428,-11.67853935152552
2022-07-05,37.92963963910051,54.899667527971154,-16.970027888870646,1.462858470156287,1.7030921838618407,2.751834173446667,35.06243703759419,40.79684224060683,51.561606847601944,58.237728208340364,-22.363622868826113,-11.57643290891518
2022-07-06,37.702766524774205,55.01295305562997,-17.310186530855766,1.5493496159541156,1.698565895175475,2.8441834831377375,34.666041277504135,40.739491772044275,51.68376390108604,58.342142210173904,-22.88478615780573,-11.735586903905801
2022-07-07,37.39555527829057,55.15449362946898,-17.758938351178408,1.7123437062541864,1.6543082081284335,2.9735408406532007,34.039361614032366,40.75174894254878,51.91204954153725,58.39693771740071,-23.58707839885868,-11.930798303498134
2022-07-08,37.38094887118693,55.16821572975738,-17.78726685857045,1.6949816963065174,1.6370170127497758,2.944102653783823,34.058784746426156,40.703112995947706,51.95966238476782,58.37676907474694,-23.557708059986744,-12.016825657154158
2022-07-09,37.36075405874695,54.824981204438785,-17.464227145691837,1.9959777228819737,1.8001158433385256,3.0942059669690307,33.44863772189828,41.27287039559562,51.29675415149528,58.35320825738229,-23.528870840951136,-11.399583450432537
2022-07-10,37.349246142956076,54.95678514452368,-17.607539001567602,1.9210584505640835,1.719265579956422,2.958144891733984,33.58397157985047,41.11452070606168,51.58702460780909,58.326545681238265,-23.405502989366212,-11.809575013768994
2022-07-11,37.318216351534595,54.93375528955245,-17.61553893801786,1.8358284166219105,1.6373021626878592,2.8221219511856184,33.71999265495565,40.91644004811354,51.72464305068425,58.14286752842065,-23.146897962341672,-12.084179913694047
2022-07-12,37.27691138795267,55.07006627065259,-17.793154882699916,1.8605246112344274,1.9251575524411118,3.2470586921553823,33.63028314993319,40.923539625972154,51.29675746786801,58.843375073437166,-24.157389919324466,-11.428919846075367
2022-07-13,37.28726513545041,55.13361752553501,-17.846352390084597,1.890725587051794,1.9602890833730808,3.4043078164003333,33.5814429848289,40.993087286071926,51.29145092212377,58.975784128946245,-24.51879571022925,-11.173909069939944
2022-07-14,37.340409602957926,55.073976169970436,-17.733566567012506,1.885333989764785,1.9338153773094937,3.3861833191408492,33.64515498301895,41.035664222896905,51.28369803044383,58.86425430949704,-24.37048587252857,-11.096647261496441
2022-07-15,37.3679500420308,55.053659016947016,-17.685708974916217,1.862266757707723,1.906372822013968,3.3440407690344056,33.71790719692366,41.017992887137936,51.31716828579964,58.79014974809439,-24.24002888222365,-11.131389067608783
2022-07-16,37.36520414200281,55.10576820830313,-17.740564066300323,1.8085585867256972,1.8760567789222986,3.250165945294725,33.820429312020444,40.909978971985176,51.428696921615426,58.78283949499084,-24.110889319077984,-11.370238813522661
2022-07-17,37.02003079986305,55.45418173482536,-18.434150934962307,1.908669969948927,1.8796910825294952,3.3984079198576094,33.27903765876315,40.76102394096295,51.76998721306755,59.13837625658317,-25.095030457883222,-11.773271412041392
2022-07-18,37.08889176038359,55.40846472618497,-18.31957296580138,2.0803032801824934,1.930152701722005,3.7069497656147123,33.011497331225904,41.166286189541275,51.625365430809836,59.1915640215601,-25.585194506406218,-11.053951425196544
2022-07-19,36.997806793192915,55.434011295328226,-18.436204502135308,1.973218697541763,1.8911173423887835,3.5485551612959982,33.13029814601106,40.86531544037477,51.72742130424621,59.140601286410245,-25.391372618275465,-11.48103638599515
2022-07-20,37.31607768111262,55.23527860498456,-17.919200923871937,2.126993219462617,1.8970370543906938,3.7850007273918114,33.14717097096589,41.484984391259346,51.517085978378795,58.95347123159032,-25.337802349559887,-10.500599498183988
2022-07-21,37.257845668989916,55.28195118307772,-18.024105514087807,2.1111638301523405,1.877111210745806,3.7558021068145204,33.11996456189133,41.3957267760885,51.602813210015945,58.9610891561395,-25.38547764344427,-10.662733384731347
2022-07-22,37.248318006933346,55.29101540036133,-18.042697393427986,2.0918332965276676,1.8597806651740896,3.7218742658237187,33.14832474573912,41.348311268127574,51.64584529662012,58.936185504102546,-25.337570954442473,-10.747823832413498
2022-07-23,37.23814567473983,55.30078765135793,-18.062641976618096,2.0707958016295027,1.8409796543529902,3.6849412678208284,33.179385903546006,41.29690544593366,51.69246752882607,58.90910777388979,-25.28512686154692,-10.840157091689273
2022-07-24,37.28332604045992,55.26889167445999,-17.98556563400007,2.0686952226943647,1.7546992187079329,3.6076640736275243,33.22868340397896,41.337968676940875,51.82968120579244,58.70810214312753,-25.056587218310018,-10.914544049690125
2022-07-25,37.343987429879,55.10786700649182,-17.763879576612823,1.9931669347277934,1.7809133112809874,3.545024687019079,33.437380237812526,41.250594621945474,51.61727691638109,58.59845709660256,-24.712127963170218,-10.815631190055427
2022-07-26,37.416407146761884,55.02683211537935,-17.610424968617465,1.912498550835233,1.8315265087098833,3.52106801104538,33.66790998712483,41.16490430639894,51.43704015830798,58.61662407245072,-24.51171827026641,-10.70913166696852
2022-07-27,37.558406154357506,54.875986783257694,-17.31758062890019,2.046868056944668,2.009046400262203,3.8588714094763663,33.54654476274596,41.57026754596905,50.93825583874378,58.81371772777161,-24.880968591473867,-9.75419266632651
2022-07-28,37.4655372353634,54.78561267703345,-17.32007544167005,2.0807155064365093,2.0031127585663504,3.8707263734254553,33.38733484274784,41.54373962797896,50.8595116702434,58.7117136838235,-24.906699133583942,-9.733451749756156
2022-07-29,37.60842796912427,54.82924614084683,-17.220818171722556,2.08981932850664,1.935562039095028,3.7767093579262236,33.51238208525126,41.70447385299728,51.03554454422057,58.62294773747308,-24.623168513257955,-9.818467830187156
2022-07-30,37.61432392556796,54.851521011566895,-17.237197085998936,2.0650788835082503,1.918025141838616,3.7334202319451752,33.56676931389179,41.66187853724413,51.092191733563205,58.610850289570585,-24.55470074061148,-9.919693431386392
2022-07-31,37.46759484422785,55.132981084497345,-17.665386240269502,1.915872284874043,1.8628461379617236,3.538399252291922,33.712485165874725,41.22270452258097,51.48180265409237,58.78415951490232,-24.60064877476167,-10.730123705777334
2022-08-01,37.40409657171211,55.176165102249506,-17.772068530537396,1.862224310446367,1.74712856364167,3.358135198555877,33.75413692323723,41.054056220186986,51.75179311751183,58.60053708698718,-24.354013519706914,-11.190123541367878
2022-08-02,37.47322207843477,55.02467751442002,-17.551455435985247,1.8275403025635235,1.8556164238091934,3.4384108420106894,33.89124308541027,41.05520107145928,51.387669323754004,58.661685705086036,-24.2907406863262,-10.812170185644295
2022-08-03,37.58171952859243,54.90548757344602,-17.323768044853583,1.9043665096949636,1.955828394929774,3.6377897979473244,33.8491611695903,41.31427788759456,51.07206391938366,58.738911227508375,-24.45383604883034,-10.193700040876827
2022-08-04,37.75818157006544,54.91431760722549,-17.156136037160053,1.8991844227047436,1.961284101323512,3.579146567475348,34.03578010156414,41.480583038566735,51.07020076863141,58.758434445819574,-24.171263309411735,-10.14100876490837
2022-08-05,37.760826799414616,54.90759999072136,-17.146773191306735,1.8760588039759356,1.9371975284958065,3.5354287006333465,34.08375154362178,41.43790205520745,51.110692834869575,58.70450714657314,-24.076213444548095,-10.217332938065375
2022-08-06,37.76782849208855,54.94380942060902,-17.175980928520474,1.8209549510926548,1.894337680037099,3.437474428940351,34.19875678794694,41.336900196230154,51.23090756773631,58.65671127348173,-23.91343080924356,-10.438531047797387
2022-08-07,37.83642328021825,54.991364166534225,-17.15494088631597,1.8022529707071848,1.8396346009046824,3.351730028667515,34.30400745763217,41.36883910280433,51.38568034876105,58.5970479843074,-23.724331742504297,-10.58555003012764
2022-08-08,37.85666708978507,54.97742955080885,-17.120762461023777,1.7714712326034923,1.8009276136300034,3.2862978477244442,34.38458347388222,41.328750705687916,51.44761142809404,58.50724767352366,-23.561906242563687,-10.679618679483866
2022-08-09,38.1222691113818,54.717296368492704,-16.595027257110903,1.8070747218017957,1.8245734218337444,3.396063267261563,34.58040265665028,41.664135566113316,51.14113246169857,58.29346027528684,-23.251311260943567,-9.93874325327824
2022-08-10,38.292247990967866,54.561674990559574,-16.26942699959171,1.9164053494775317,1.9176745444518695,3.624702589431928,34.5360935059919,42.04840247594383,50.80303288343391,58.32031709768524,-23.373844074878285,-9.16500992430513
2022-08-11,38.4338044107574,54.38450327550327,-15.950698864745863,2.012279483725261,2.080987350089619,3.905858311536565,34.48973662265589,42.37787219885892,50.30576806932762,58.46323848167892,-23.606181155357532,-8.295216574134196
2022-08-12,38.44838320156811,54.34711732092744,-15.89873411935933,1.9738725605376248,2.0479299661541104,3.8362159677331076,34.57959298291437,42.317173420221856,50.33317458726538,58.361060054589494,-23.417717416116222,-8.379750822602439
2022-08-13,38.497566793587026,54.32465675625848,-15.827089962671455,1.9584596071678293,2.0183590497017794,3.792270440431032,34.65898596353808,42.33614762363597,50.36867301884299,58.280640493673964,-23.259940025916276,-8.394239899426633
2022-08-14,38.598284410581726,54.22377930017447,-15.625494889592748,1.7690230095997423,1.7949530337089337,3.395409651117167,35.13099931176623,42.06556950939722,50.70567135410496,57.741887246243984,-22.280497805782396,-8.9704919734031
2022-08-15,38.640919119613834,54.17023034254627,-15.529311222932439,1.7540037559834465,1.786596326662965,3.376187576611218,35.20307175788628,42.07876648134139,50.668501542286855,57.67195914280568,-22.146638873090424,-8.911983572774451
2022-08-16,38.9499225541702,53.749100897126006,-14.799178342955809,1.7503682284028081,2.022600578946557,3.634304491890669,35.51920082650069,42.38064428183971,49.78480376239075,57.71339803186126,-21.92241514706152,-7.675941538850099
2022-08-17,39.16283556199897,53.496251147376604,-14.333415585377642,1.7004733608528246,2.0428151026825137,3.582954710146387,35.82990777472743,42.495763349270504,49.49233354611888,57.50016874863433,-21.35600681726456,-7.310824353490723
2022-08-18,39.15863236870758,53.56837800421018,-14.409745635502599,1.6926946425647935,2.1182625071402277,3.6655215775915684,35.84095086928058,42.476313868134575,49.41658349021534,57.720172518205025,-21.594167927582074,-7.225323343423125
2022-08-19,39.207885349525476,53.542626968266845,-14.33474161874137,1.692264878632444,2.093872550946412,3.6392662662368758,35.891046187405884,42.52472451164507,49.438636768411875,57.646617168121814,-21.467703500565648,-7.201779736917094
2022-08-20,38.96519045092076,53.733999175467034,-14.768808724546275,1.892855941277202,2.163950243446475,3.920458257868827,35.25519280601744,42.675188095824076,49.49265669831194,57.97534165262213,-22.452906909969176,-7.084710539123374
2022-08-21,39.01242393817061,53.69966316678636,-14.687239228615748,1.861598320007854,2.1211414024267277,3.8473810164994964,35.36369123095522,42.66115664538601,49.54222601802997,57.857100315542745,-22.228106020954762,-7.146372436276736
2022-08-22,39.42454838810609,53.3366631113691,-13.91211472326301,2.1188068411360517,2.1633198947363197,4.152581733101206,35.271686979479426,43.57740979673275,49.096556117685914,57.57677010505228,-22.05117492014137,-5.773054526384646
2022-08-23,39.82899517356221,52.95072080106201,-13.121725627499796,2.1626655294726036,2.171503474316949,4.211473956120778,35.59017073579591,44.06781961132852,48.694573991400794,57.20686761072323,-21.37621458149652,-4.867236673503072
2022-08-24,39.96053373321682,52.81595756416607,-12.85542383094925,2.0868759062758957,2.1237261817567816,4.0951433538609185,35.870256956916066,44.050810509517575,48.65345424792278,56.97846088040936,-20.88190480451665,-4.8289428573818505
2022-08-25,40.266558217868045,52.554161993914185,-12.28760377604614,2.1901405353764973,2.1757493679564677,4.25984325033051,35.97388276853011,44.55923366720598,48.28969323271951,56.81863075510886,-20.63689654669394,-3.93831100539834
2022-08-26,40.431480641351186,52.51408883925921,-12.082608197908018,2.222454188819424,2.10542845377082,4.203948434323491,36.07547043126512,44.787490851437255,48.3874490698684,56.640728608650015,-20.322347129182063,-3.842869266633974
2022-08-27,40.44535223008299,52.519227618903756,-12.073875388820767,2.1922380505257824,2.0764545250971547,4.145295730757929,36.14856565105246,44.74213880911352,48.44937674971333,56.58907848809418,-20.198655021106305,-3.949095756535227
2022-08-28,40.482689249433726,52.602773621389794,-12.120084371956068,2.090983188639552,1.9835190655442632,3.9487610491374188,36.384362199700206,44.581016299167246,48.71507625292304,56.49047098985655,-19.85965602826541,-4.380512715646727
2022-08-29,40.71646664505812,52.3351127104292,-11.618646065371083,2.1074162340856253,2.0371191709658167,4.032741779343787,36.58593082625029,44.84700246386595,48.3423591353362,56.3278662855222,-19.522819952884905,-3.7144721778572594
2022-08-30,40.67638132320042,52.263676738049035,-11.58729541484862,2.106928304635379,2.2266860629534033,4.190082348389811,36.54680184611507,44.80596080028576,47.89937205466036,56.62798142143771,-19.79985681769265,-3.3747340120045912
2022-08-31,40.60087659591478,52.35791903227254,-11.757042436357768,1.9447093782253682,2.073069937380183,3.888026149137377,36.78924621459306,44.4125069772365,48.29470195500738,56.4211361095377,-19.377573688667027,-4.136511184048509
2022-09-01,40.804803726634695,52.222628278178696,-11.417824551543998,1.9342570683821865,2.017578222731768,3.81536701519859,37.01365987260561,44.59594758066378,48.26817496162443,56.17708159473296,-18.895943901333233,-3.9397052017547614
2022-09-02,40.44951438685523,52.42736197523716,-11.977847588381932,2.3927566266323583,2.1135739447743207,4.356885249953396,35.7597113986558,45.13931737505465,48.284757043479495,56.56996690699483,-20.51734267829059,-3.438352498473277
2022-09-03,40.4890238215184,52.40697849177119,-11.917954670252792,2.371282573291713,2.087996825859088,4.3114623069522455,35.84130997786664,45.13673766517016,48.31450471308738,56.499452270455,-20.368420791879196,-3.46748854862639
2022-09-04,40.50323988467752,52.52558373699713,-12.022343852319608,2.285469022161783,2.086333169998198,4.201892522805925,36.02372060124043,44.98275916811461,48.43637072380066,56.6147967501936,-20.258053197019223,-3.786634507619995
2022-09-05,40.50906846102247,52.271729099068,-11.762660638045528,2.1738760073091448,2.165663925674265,4.09043091891063,36.24827148669655,44.76986543534839,48.02702780474644,56.516430393389555,-19.779905239110363,-3.745416036980693
2022-09-06,40.51420074989987,52.08773694020032,-11.573536190300452,2.0453161783112104,2.089629435920082,3.8761603146440446,36.5053810404099,44.52302045938984,47.99206324579696,56.18341063460368,-19.17081040700278,-3.976261973598124
2022-09-07,40.73109645228799,52.0187565548434,-11.287660102555405,2.150930989547762,2.162731412807351,4.076972889942926,36.51527171277438,44.94692119180161,47.77980298574099,56.257710123945806,-19.27852696684354,-3.29679323826727
2022-09-08,40.51396490490555,51.92752606135809,-11.41356115645254,2.343802174412169,2.079811403948395,4.125661908556979,35.9201126430577,45.1078171667534,47.85109570961923,56.003956413096944,-19.499858497224217,-3.32726381568086
2022-09-09,40.95618709573907,51.87766148835623,-10.921474392617165,2.5285436997276296,1.9355513035882674,4.06597718606626,36.000241444272916,45.91213274720522,48.083980933323225,55.67134204338924,-18.890789677307033,-2.9521591079272955
2022-09-10,40.95802865526866,51.98935690168221,-11.031328246413542,2.5200475294770848,2.0115771246355765,4.121827883363889,36.01873549749358,45.897321813043746,48.04666573739648,55.93204806596793,-19.110110897806763,-2.95254559502032
2022-09-11,40.75479862578532,52.13539047780696,-11.380591852021638,2.4640312242616766,1.9045642089848789,3.997657367847669,35.92529742623243,45.584299825338206,48.4024446281966,55.86833632741732,-19.21600029300307,-3.545183411040207
2022-09-12,40.77965361788133,52.05317536131704,-11.273521743435703,2.259551079754915,1.8115271241410402,3.724864135874987,36.3509335015617,45.20837373420096,48.502582198000596,55.60376852463348,-18.574255449750677,-3.9727880371207283
2022-09-13,40.95854641414775,51.73458664165734,-10.776040227509592,2.259465565949962,1.914976451298872,3.8700224650984,36.52999390488582,45.387098923409674,47.981232797111545,55.48794048620313,-18.361284259102455,-3.190796195916728
2022-09-14,41.369986276284216,51.40663445230863,-10.036648176024416,2.2827659085302434,1.9294461096330418,3.943408624192916,36.89576509556494,45.84420745700349,47.624920077427866,55.188348827189394,-17.76572907944253,-2.307567272606301
2022-09-15,41.18023105649848,51.54657425320665,-10.366343196708172,2.2730258524320477,1.8950711291047322,3.8986928251535518,36.725100385731665,45.63536172726529,47.83223484016138,55.26091366625192,-18.007781134009132,-2.724905259407211
2022-09-16,41.221339470924036,51.595643817178846,-10.37430434625481,2.2179809032462225,1.8703295109236495,3.8084030575438237,36.87409690056144,45.56858204128663,47.929797975768494,55.2614896585892,-17.838774339040704,-2.9098343534689155
2022-09-17,41.20201252839433,51.638764061196305,-10.436751532801976,2.2466698589905687,1.9574291940521418,3.943825210072808,36.79853960477281,45.60548545201584,47.80220284085411,55.4753252815385,-18.16664894454468,-2.7068541210592727
2022-09-18,41.25956942380303,51.613273527311655,-10.35370410350863,2.2028303797504,1.9281173571492107,3.8766369332489536,36.942021879492245,45.57711696811381,47.8341635072992,55.39238354732411,-17.951912492676577,-2.7554957143406806
2022-09-19,41.54189521926352,51.42102018204474,-9.87912496278122,2.3429306296129315,2.0313906925835816,4.157542637005619,36.949751185222176,46.13403925330487,47.43949442458092,55.40254593950856,-18.027908531312235,-1.730341394250205
2022-09-20,41.41392484730564,51.44844077753987,-10.034515930234235,2.318056220079508,2.0893520410293616,4.193287572274111,36.870534655949804,45.95731503866147,47.353310777122324,55.54357077795742,-18.253359571891494,-1.8156722885769767
2022-09-21,41.54879051374041,51.32829006617275,-9.779499552432343,2.27580481701247,1.962700279989138,3.9591323729056507,37.088213072395966,46.00936795508485,47.481397517394036,55.17518261495146,-17.539399003327418,-2.019600101537268
2022-09-22,41.588357476367115,51.25720711243712,-9.668849636070004,2.254112144256846,1.9658730338135397,3.9400327999753375,37.17029767362369,46.006417279110536,47.404095966162586,55.11031825871166,-17.391313924021667,-1.9463853481183424
2022-09-23,41.605332399865695,51.220351228845026,-9.615018828979334,2.207019166191491,1.9537094924547098,3.766791442317091,37.27957483413037,45.93108996560102,47.3910806236338,55.04962183405625,-16.997930055920833,-2.2321076020378356
2022-09-24,41.61435421208823,51.20047428473184,-9.586120072643608,2.1707254031714207,1.9235312665847297,3.7069376645148187,37.359732421872245,45.868976002304215,47.43035300222577,54.97059556723791,-16.85171789509265,-2.3205222501945633
2022-09-25,41.280348872306696,51.25588516145606,-9.975536289149362,2.178313417771408,1.8669045978278351,3.634964699721876,37.01085457347474,45.549843171138654,47.5967521497135,54.91501817319861,-17.10006710060424,-2.8510054776944855
2022-09-26,41.32771916888725,51.26035962730952,-9.932640458422272,2.1201337723049756,1.8107781697923182,3.5285380320646604,37.172256975169496,45.483181362605,47.711234414516575,54.80948484010246,-16.848575001269005,-3.016705915575537
2022-09-27,41.29587066452514,51.07218684047371,-9.776316175948578,2.0370113575489612,1.814075197386219,3.4565725374859597,37.303328403729175,45.288412925321104,47.516599453596726,54.6277742273507,-16.551198349421057,-3.0014340024760973
2022-09-28,41.31370062273622,51.090732354086356,-9.777031731350137,1.9826123886536011,1.77891146250787,3.3692358154397177,37.42778034097516,45.19962090449728,47.60406588757093,54.57739882060178,-16.380733929611985,-3.1733295330882907
2022-09-29,41.43237490792152,51.05375425052047,-9.621379342598955,1.8538446165187288,1.6469672553892745,3.137088528650221,37.79883945954481,45.06591035629823,47.82569842995749,54.28181007108345,-15.770072858753387,-3.472685826444522
2022-09-30,41.585075209952926,51.03661195708487,-9.451536747131945,1.796810608979825,1.5434419425870234,3.0031315091549162,38.06332641635247,45.106824003553385,48.01146574961431,54.061758164555435,-15.33767450507558,-3.565398989188309
2022-10-01,41.5765195281931,51.090563813618004,-9.514044285424902,1.7700329782652509,1.5562376919980074,2.984443984055885,38.107254890793214,45.04578416559299,48.04033793730191,54.140789689934095,-15.363554494174437,-3.664534076675367
2022-10-02,41.50193341382769,51.30819459603106,-9.806261182203366,1.7457255073058746,1.7132935991131242,3.1022899946241367,38.08031141950818,44.92355540814721,47.950139141769334,54.66625005029278,-15.886749571666673,-3.7257727927400586
2022-10-03,41.427429424259294,51.33147021916146,-9.904040794902164,1.7606805535234369,1.57092428019371,2.961653300265913,37.97649553935336,44.87836330916523,48.25245862998179,54.41048180834113,-15.708881263423354,-4.099200326380974
2022-10-04,41.410280125520444,51.19173882729975,-9.781458701779304,1.7396424726330404,1.6168809236694737,2.9666654172975235,38.000580879159685,44.8199793718812,48.02265221690758,54.36082543769192,-15.59612291968245,-3.966794483876158
2022-10-05,41.49726278692355,51.181401532312776,-9.68413874538923,1.6633543887736213,1.5331712551750007,2.825275245367845,38.23708818492725,44.75743738891985,48.176385872169774,54.18641719245578,-15.221678226310207,-4.146599264468254
2022-10-06,41.51064485429013,51.19418091320308,-9.683536058912951,1.628096244982303,1.4992766028923046,2.76117387622395,38.319576214124815,44.70171349445544,48.25559877153416,54.132763054871994,-15.095436856311894,-4.2716352615140085
2022-10-07,41.49593810433146,51.30275769617169,-9.806819591840231,1.5490727114529452,1.4807065825826098,2.6676338102470902,38.459755589883684,44.53212061877923,48.400572794309774,54.204942598033604,-15.035381859924527,-4.578257323755934
2022-10-08,41.47636591190556,51.31310200281027,-9.836736090904708,1.5349618561452378,1.4640708827942819,2.641925051282231,38.46784067386089,44.48489114995023,48.44352307253347,54.18268093308706,-15.014909191417882,-4.658562990391535
2022-10-09,41.433760991623195,51.36179612739863,-9.92803513577543,1.51665714825834,1.4636688015431516,2.6327381645089445,38.46111298103685,44.40640900220954,48.49300527637405,54.230586978423204,-15.088201938212961,-4.767868333337899
2022-10-10,41.24990709219679,51.654128033473256,-10.404220941276463,1.4622586969824116,1.5199903601986247,2.664108744890638,38.383880046111265,44.11593413828232,48.67494692748395,54.63330913946256,-15.625874081262115,-5.182567801290813
2022-10-11,41.42407215096498,51.39237585665677,-9.96830370569179,1.6814092345381049,1.9998301822645854,3.430550058526101,38.1285100512703,44.71963425065967,47.472708699418185,55.312043013895355,-16.692181820402947,-3.244425590980632
2022-10-12,41.33578686043199,51.4268311427373,-10.091044282305313,1.724426424961334,1.9186968283290637,3.4203821971212562,37.95591106750777,44.715662653356205,47.666185359212335,55.18747692626226,-16.794993388662974,-3.3870951759476515
2022-10-13,41.18107527263635,51.58435478936603,-10.403279516729684,1.7169005170304874,1.8920990129283595,3.4083681990936103,37.815950259256596,44.5462002860161,47.875840724026446,55.29286885470562,-17.08368118695316,-3.722877846506208
2022-10-14,41.411214769034096,51.55018080057229,-10.1389660315382,1.9818763048760688,1.9215170945844635,3.652133423849148,37.526737211477,45.295692326591194,47.78400729518675,55.31635430595784,-17.29714754228253,-2.98078452079387
2022-10-15,41.430558050560364,51.55855381991546,-10.127995769355094,1.960572024555171,1.899117517285146,3.6127518804335668,37.58783688243223,45.2732792186885,47.83628348603657,55.28082415379435,-17.208989455004883,-3.047002083705303
2022-10-16,41.33695222615722,51.52706761177174,-10.190115385614517,2.0033791399216225,2.089518508719973,3.8821758237594226,37.41032911191084,45.263575340403605,47.431611334680596,55.62252388886289,-17.799180000182986,-2.5810507710460486
2022-10-17,41.3171117649145,51.502294446428664,-10.185182681514164,1.8796357237549464,1.9858869551036866,3.6638708765665875,37.633025746354804,45.0011977834742,47.609956014425435,55.39463287843189,-17.366369599584676,-3.003995763443652
2022-10-18,41.194063710557195,51.55304262693505,-10.358978916377856,1.8588679709671685,1.912372901656503,3.5831834413981554,37.55068248746154,44.83744493365285,47.804791739688305,55.3012935141818,-17.38201846151824,-3.3359393712374716
2022-10-19,40.86794266016615,51.735231075423265,-10.867288415257109,1.9148217009949207,1.8953592524817955,3.610801830090581,37.114892126216105,44.620993194116195,48.020326940558945,55.450135210287584,-17.94446000223465,-3.7901168282795705
2022-10-20,40.661378380038066,51.90249404397536,-11.241115663937295,1.9653377045211993,1.923441811659304,3.7166356137489287,36.809316479176516,44.513440280899616,48.13254809312313,55.67243999482759,-18.525721466885194,-3.956509860989395
2022-10-21,40.68451033723541,51.89729052735447,-11.212780190119066,1.8977763573736774,1.8533795404534907,3.573485842552674,36.964868676783,44.40415199768782,48.264666628065626,55.529914426643316,-18.216812441522308,-4.208747938715825
2022-10-22,40.68549579953565,51.91696768793822,-11.231471888402567,1.8769723031020868,1.8381034714264521,3.5367772692025934,37.00663008545556,44.36436151361574,48.31428488394237,55.519650491934065,-18.16355533603965,-4.299388440765484
2022-10-23,40.67522164825337,52.021598367628236,-11.346376719374867,1.8119693277375437,1.820261456136202,3.4405499313779258,37.123761765887785,44.226681530618954,48.45388591360128,55.58931082165519,-18.089854584875603,-4.602898853874132
2022-10-24,40.68044198663287,51.96462466018743,-11.28418267355456,1.7283903111471737,1.7219647901673603,3.2771859237120218,37.29279697678441,44.068086996481334,48.589573671459405,55.33967564891546,-17.70746708403012,-4.8608982630789965
2022-10-25,40.72813096858324,51.83195727801454,-11.103826309431305,1.7066860554967227,1.7281382433462829,3.272616402386779,37.38302629980966,44.07323563735682,48.44480632105583,55.219108234973255,-17.518154458109393,-4.689498160753218
2022-10-26,41.01573852215056,51.68934848869668,-10.673609966546113,1.7455090458937694,1.6824821550188802,3.255297478647729,37.59454079219878,44.43693625210235,48.391683464859675,54.987013512533686,-17.053993024695664,-4.293226908396564
2022-10-27,41.205013176519806,51.50707590438761,-10.302062727867805,1.8958722394598186,1.7350032794448933,3.477430117024168,37.48910358717856,44.92092276586105,48.10646947667562,54.907682332099604,-17.117825757235174,-3.486299698500435
2022-10-28,41.30298161344249,51.58591435572295,-10.282932742280462,1.8871454048286807,1.7034551199889185,3.390337103176754,37.604176619978276,45.001786606906705,48.24714232054467,54.92468639090123,-16.927993464506898,-3.637872020054024
2022-10-29,41.3119416855595,51.62161202648088,-10.309670340921375,1.8671414963519852,1.6910120962507895,3.347672275532076,37.65234435270961,44.971539018409395,48.307228317829335,54.93599573513243,-16.871108000964245,-3.7482326808785063
2022-10-30,41.218959036368545,51.61095452886583,-10.391995492497285,1.8266130626959671,1.579161580940023,3.102543152265051,37.63879743348445,44.79912063925264,48.515797830223384,54.70611122750828,-16.472980070936785,-4.3110109140577855
2022-10-31,41.09860909055831,51.72445210521009,-10.625843014651775,1.7129102011598771,1.6394951608766475,3.0673996968174015,37.741305096284954,44.45591308483167,48.51104158989186,54.93786262052832,-16.637946420413883,-4.613739608889667
2022-11-01,41.109001004176314,51.69866378023746,-10.589662776061148,1.6737024502600402,1.6638710913677097,3.056292399561134,37.82854420166664,44.38945780668599,48.43747644115675,54.959851119318174,-16.579995879200972,-4.599329672921326
2022-11-02,41.10648622931138,51.7924719663763,-10.685985737064923,1.5715127051486537,1.6046424056429398,2.9109558022239392,38.02632132722002,44.18665113140274,48.647372851316135,54.93757108143646,-16.391459109423845,-4.980512364706002
2022-11-03,41.072605343786655,51.81748481237539,-10.744879468588735,1.5523423726027363,1.5795030901698843,2.868015143931373,38.030014293485294,44.11519639408802,48.721658755642416,54.913310869108365,-16.366189150694225,-5.123569786483245
2022-11-04,41.08219385806752,51.84248898184208,-10.760295123774556,1.5419914318683863,1.5617086821921131,2.8293516821927254,38.059890651605485,44.104497064529554,48.78153996474554,54.90343799893862,-16.305824420872298,-5.214765826676815
2022-11-05,41.11877254484585,51.77269851323863,-10.65392596839279,1.5253380468006195,1.5848090277978018,2.854218546794497,38.129109973116634,44.10843511657506,48.66647281875494,54.87892420772232,-16.248194320110002,-5.059657616675575
2022-11-06,41.10839106232708,51.772420921137716,-10.66402985881064,1.4903429544671907,1.5770657544106768,2.8202479896722528,38.187318871571385,44.029463253082774,48.68137204249279,54.86346979978264,-16.191715918568256,-5.136343799053025
2022-11-07,41.0215953045983,51.949992940856255,-10.928397636257953,1.866558411400108,1.6750882086272492,3.333923586867997,37.36314081825409,44.68004979094251,48.66682005194685,55.23316582976566,-17.462887866519228,-4.393907405996679
2022-11-08,40.93176885039183,52.006401806300474,-11.07463295590864,1.8301051231200818,1.6041216031251546,3.1816580102250236,37.34476280907647,44.518774891707196,48.86232346417517,55.15048014842578,-17.310682655949687,-4.8385832558675945
2022-11-09,40.99602905226742,51.872759234382244,-10.876730182114827,1.8692929173223785,1.6386254219281615,3.240374614314885,37.33221493431556,44.659843170219276,48.661053407403045,55.08446506136144,-17.227864426172,-4.525595938057652
2022-11-10,41.028444622595416,51.84134704707289,-10.812902424477471,1.8483929847153546,1.6223701412860572,3.210261669039333,37.405594372553324,44.65129487263751,48.66150157015221,55.02119252399356,-17.105015295794566,-4.520789553160379
2022-11-11,40.97756894975052,51.975546145668794,-10.997977195918274,1.809309043688358,1.7169995464031307,3.2476624190853216,37.431323224121336,44.523814675379704,48.610227034718655,55.34086525661893,-17.363395537325506,-4.632558854511044
2022-11-12,41.04896890373742,51.94086940366743,-10.891900499930006,1.8187252339636544,1.6735277627118494,3.2136199236163465,37.484267445168655,44.61367036230618,48.6607549887522,55.22098381858265,-17.190595550218045,-4.593205449641967
2022-11-13,41.024102155690535,51.991101805848054,-10.966999650157522,1.7581457595440626,1.640203412851972,3.1247399723869265,37.57813646698417,44.4700678443969,48.77630311665819,55.205900495037916,-17.091489996035897,-4.8425093042791465
2022-11-14,41.00983252000087,52.127606051239866,-11.117773531239,1.6555953134720347,1.596045017105395,2.9731302456877264,37.76486570559568,44.25479933440606,48.99935781771329,55.25585428476644,-16.94510881278694,-5.290438249691055
2022-11-15,40.962892893756646,52.066169380155486,-11.103276486398839,1.8038256610184695,1.802849123405157,3.360848975217387,37.42739459816045,44.498391189352844,48.53258509828138,55.59975366202959,-17.690540477824918,-4.5160124949727605
2022-11-16,41.05617048488537,52.07104246643849,-11.014871981553126,1.7406099945119353,1.785779132773418,3.2608298962785445,37.64457489564198,44.46776607412876,48.57091536620259,55.57116956667439,-17.406098578259073,-4.623645384847179
2022-11-17,41.08567815176371,52.09368831113179,-11.008010159368084,1.672023047519666,1.70898206940735,3.1312878060400364,37.80851297862516,44.36284332490226,48.74408345509339,55.4432931671702,-17.145334259206557,-4.870686059529612
2022-11-18,41.07564003383572,52.103769472024666,-11.028129438188952,1.6505458696577884,1.690922669394537,3.094072498700562,37.84057012930646,44.31070993836498,48.78956104001137,55.41797790403796,-17.092511535642053,-4.963747340735851
2022-11-19,40.86837633411203,52.236821821045794,-11.368445486933766,1.7519160846219068,1.6386949945809368,3.1598836888598907,37.434620808253094,44.30213185997096,49.02497963166716,55.44866401042443,-17.56181751709915,-5.17507345676838
2022-11-20,40.664636509612095,52.30339374020671,-11.638757230594619,1.712499950397733,1.5902751591265998,3.0554174897086726,37.30813660683254,44.02113641239165,49.18645442831857,55.42033305209485,-17.62737551042362,-5.650138950765621
2022-11-21,40.68656369418343,52.30102730055945,-11.61446360637602,1.69845807202614,1.5702811493142224,3.025501302598186,37.35758587301219,44.01554151535466,49.22327624790357,55.378778353215324,-17.544446159468464,-5.684481053283577
2022-11-22,40.78855087903689,52.06192820636593,-11.273377327329035,1.9589671357342997,2.0424519761512494,3.731598261280826,36.948975292997666,44.628126465076114,48.05872233310948,56.065134079622375,-18.587309919439456,-3.959444735218616
2022-11-23,40.76559079463793,52.053765205506004,-11.288174410868073,1.9444033431945549,2.0220993471266886,3.6948611844400303,36.9545602419766,44.57662134729926,48.090450485137694,56.01707992587431,-18.530102332370532,-4.046246489365614
2022-11-24,40.7664183441409,52.04536857286971,-11.278950228728814,1.9222923141995132,2.000090792435173,3.6538807575653323,36.99872540830986,44.534111279971945,48.125190619696774,55.96554652604265,-18.440556513556864,-4.117343943900763
2022-11-25,40.8226286022951,52.0547342772876,-11.2321056749925,1.9006448694807476,1.951712941808506,3.5663080017606186,37.09736465811283,44.547892546477364,48.22937691134293,55.88009164323227,-18.222069358443314,-4.242141991541688
2022-11-26,40.79321641860616,52.07443586645677,-11.281219447850615,1.8838986518122687,1.9302695165363741,3.5324797844733387,37.10077506105411,44.485657776158206,48.29110761404547,55.85776411886806,-18.20487982541836,-4.357559070282872
2022-11-27,40.898362461895765,52.0458501812414,-11.14748771934563,1.9415767253563745,1.8817235837679454,3.5366928292538904,37.09287208019727,44.70385284359426,48.357671957056226,55.73402840542657,-18.079405664683257,-4.215569774008005
2022-11-28,40.86244698349373,52.06874381036641,-11.20629682687268,1.9221211663414446,1.8575189358612099,3.498146086743634,37.0950894974645,44.629804469522966,48.42800669607844,55.709480924654386,-18.062663156890203,-4.349930496855158
2022-11-29,40.72344317716648,51.94973708292883,-11.226293905762347,1.8146646324538278,1.777710178462918,3.190175168072871,37.16670049755698,44.28018585677598,48.46542513314151,55.434049032716146,-17.479037235185174,-4.97355057633952
2022-11-30,40.71340003782277,52.01626782482565,-11.302867787002876,1.7012732268767634,1.6711146877227194,2.97405623456949,37.37890451314431,44.04789556250123,48.740883036889116,55.29165261276218,-17.132018006759075,-5.473717567246676
2022-12-01,40.729478930379045,52.06743037925101,-11.337951448871964,1.6530166884447668,1.6668545117065143,2.9201162092057475,37.4895662210273,43.96939163973079,48.80039553630624,55.334465222195774,-17.061379218915228,-5.614523678828699
2022-12-02,40.61802623569336,52.08948892678078,-11.471462691087424,1.6032475779931155,1.5795584449426199,2.797539614475447,37.47566098282685,43.76039148855986,48.99355437469325,55.185423478868316,-16.954640335459302,-5.988285046715548
2022-12-03,40.58967855848828,52.07476969382911,-11.485091135340827,1.5842423765249856,1.5537888535904352,2.7522641325023764,37.484563500499306,43.694793616477256,49.02934354079186,55.120195846866366,-16.879528835045484,-6.0906534356361695
2022-12-04,40.559569825724765,52.10071447051246,-11.541144644787693,1.5630186148463407,1.5306230510452457,2.7175149714685642,37.496053340625934,43.623086310823595,49.100693290463774,55.10073565056114,-16.867473988866077,-6.214815300709307
2022-12-05,40.81766116612175,52.05709909852612,-11.239437932404376,1.4930439590721492,1.3494342994020547,2.3996752797152685,37.89129500634034,43.74402732590316,49.412207871698094,54.70199032535415,-15.942801480646303,-6.5360743841624505
2022-12-06,40.816346657860215,51.93948609777946,-11.123139439919242,1.6812506800615363,1.5874519482569958,2.9343653191977555,37.5210953249396,44.11159799078083,48.828080279195746,55.05089191636317,-16.874495465546843,-5.371783414291642
2022-12-07,41.22271441416548,51.55046674487584,-10.327752330710362,2.006804504796414,1.870018022986763,3.651645731103141,37.28937758476451,45.15605124356645,47.885231419821785,55.2157020699299,-17.48497796367252,-3.1705266977482065
2022-12-08,41.355127324624064,51.261629099360576,-9.90650177473651,2.181043129154686,2.0803545942176496,4.047127369693938,37.08028279148088,45.629971857767245,47.18413409469398,55.33912410402717,-17.838871419336627,-1.9741321301363914
2022-12-09,41.28544038987891,51.35307573665558,-10.067635346776674,2.0810859438282647,1.9887210669990845,3.8673693628370356,37.206511939975506,45.36436883978231,47.45518244533738,55.25096902797379,-17.647679297937263,-2.487591395616085
2022-12-10,41.30703583690371,51.34667158923206,-10.039635752328351,2.049292819546728,1.949126941101191,3.799359733988709,37.29042191059212,45.32364976321529,47.52638278467373,55.16696039379039,-17.48638083094622,-2.5928906737104818
2022-12-11,41.47446133681767,51.181141057299016,-9.70667972048135,2.058335318344039,1.9267432370651965,3.798924983925991,37.44012411286335,45.508798560771986,47.40472431265123,54.9575578019468,-17.152572688976292,-2.2607867519864087
2022-12-12,41.59955256073024,50.91329866236832,-9.313746101638078,1.8953300794836476,2.0611477284938253,3.7617874295781335,37.88470560494229,45.314399516518186,46.87344911452042,54.95314821021622,-16.686849463611217,-1.940642739664936
2022-12-13,41.49827176692627,50.775014338375314,-9.276742571449038,1.8856203180971982,2.2973206153798715,3.8844828325343252,37.80245594345576,45.194087590396784,46.272265932230766,55.27776274451986,-16.890328923216316,-1.6631562196817606
2022-12-14,41.583846860368745,50.69369681458086,-9.109849954212118,1.819390154394041,2.221989552705382,3.761940644064931,38.01784215775643,45.14985156298106,46.33859729127831,55.04879633788341,-16.483253616579383,-1.736446291844854
2022-12-15,41.41777754122539,50.9074972477229,-9.48971970649751,1.8163751350011352,2.2255152714180486,3.790801538245057,37.857682276623166,44.977872805827616,46.54548731574353,55.26950717970227,-16.919690721457822,-2.059748691537199
2022-12-16,41.41200708971422,50.9733829054269,-9.561375815712678,1.7859566346780125,2.2199534255304805,3.741583265714194,37.91153208574532,44.912482093683124,46.62227419138716,55.32449161946664,-16.894879016512498,-2.227872614912857
2022-12-17,41.39606224297692,50.99163221465137,-9.595569971674445,1.7667065318406836,2.195562223137259,3.70212012689538,37.933317440569176,44.85880704538466,46.68833025730234,55.294934172000396,-16.85172542038939,-2.339414522959501
2022-12-18,41.51721713966804,50.848739705745146,-9.331522566077105,1.8224356882552555,2.305846509203429,3.889594413415709,37.94524319068774,45.08919108864834,46.329280547706425,55.36819886378387,-16.955127616371893,-1.7079175157823157
2022-12-19,41.53245393317543,50.89586375987195,-9.36340982669652,1.8019745129030325,2.23633152107794,3.804678697013234,38.00058388788549,45.064323978465374,46.512653978559186,55.279073541184715,-16.820580072842457,-1.906239580550582
2022-12-20,41.535970893944054,50.846201248888455,-9.310230354944398,1.8452939856933817,2.2953009273827774,3.9179300480849664,37.919194681985026,45.15274710590308,46.34741143121821,55.3449910665587,-16.989373249190933,-1.6310874606978638
2022-12-21,41.51697909394192,50.8964518159999,-9.379472722057988,1.825267367288598,2.287934391095412,3.892565214974812,37.93945505405627,45.09450313382757,46.4121004094529,55.38080322254691,-17.008900543408622,-1.7500449007073566
2022-12-22,41.46481052894889,50.94954487882783,-9.484734349878936,1.8246973133070812,2.2785540622935625,3.888601592797836,37.88840379486701,45.04121726303077,46.48357891673245,55.41551084092321,-17.106393471762694,-1.8630752279951777
2022-12-23,41.445053493898094,51.00537724389269,-9.56032374999459,1.800203010373056,2.2669669087938553,3.854535955434315,37.9166555935669,44.973451394229286,46.56212210265673,55.44863238512865,-17.115214222645847,-2.0054332773433323
2022-12-24,41.40020009691298,51.113985564719606,-9.713785467806622,1.7653310137756113,2.2605775724181516,3.8180157646067703,37.940151309912785,44.86024888391318,46.68325352278003,55.544717606659184,-17.197096366435893,-2.2304745691773515
2022-12-25,41.37935586982786,51.132156324093046,-9.752800454265184,1.7371711946622717,2.2220657472805447,3.7557351320261363,37.97450032828981,44.784211411365916,46.77690745942318,55.487405188762914,-17.11404131303641,-2.3915595954939572
2022-12-26,41.579058869669424,50.89690320613938,-9.317844336469955,1.8626119448928653,2.3322081409855655,4.022230058394815,37.92833945767941,45.22977828165944,46.32577524980767,55.468031162471085,-17.20141525092379,-1.4342734220161182
2022-12-27,41.65090584422238,50.80078241177412,-9.149876567551743,1.840864489201381,2.3018530686342897,3.9835921833341925,38.04281144538767,45.25900024305709,46.289150397250914,55.31241442629733,-16.95771724688676,-1.342035888216726
2022-12-28,41.674398440728304,50.75554909116165,-9.081150650433344,1.8566077574219109,2.3042348282217335,4.016116474630902,38.035447236181355,45.31334964527525,46.23924882784705,55.271849354476245,-16.95273894070991,-1.2095623601567764
2022-12-29,41.71712291001926,50.77428769287989,-9.05716478286063,1.9358168489420167,2.4325836848573408,4.240825505035285,37.92292188609291,45.51132393394562,46.0064236705595,55.542151715200276,-17.369182772729786,-0.7451467929914717
2022-12-30,41.63249840390934,50.85766071635425,-9.225162312444914,1.9370019252774273,2.4146181238717257,4.228480024792644,37.835974630365584,45.42902217745309,46.125009193565674,55.59031223914283,-17.512983161038495,-0.9373414638513324
2022-12-31,41.54445192539943,50.94505160316004,-9.40059967776061,1.93375547790034,2.3924512921298735,4.20765531418998,37.75429118871476,45.3346126620841,46.25584707058549,55.63425613573459,-17.647604093572973,-1.153595261948249
2023-01-01,41.45593805244227,51.03339039172874,-9.577452339286467,1.9260179743962624,2.3664985689613336,4.178550916875868,37.680942822625596,45.230933282258945,46.395053196564525,55.67172758689295,-17.76741213636317,-1.387492542209765
2023-01-02,41.56003586027059,50.96612863155309,-9.4060927712825,2.032599653293444,2.3669019503806346,4.291950801557974,37.57614053981544,45.543931180725735,46.32700080880704,55.60525645429914,-17.81831634233613,-0.9938692002288718
2023-01-03,41.77877494545052,50.33854943177094,-8.55977448632042,2.0207916639482115,2.8413768099405643,4.714957674920911,37.81802328411203,45.73952660678901,44.76945088428744,55.90764797925445,-17.801091529165404,0.6815425565245672
2023-01-04,41.8048891943775,50.37235745370586,-8.56746825932836,2.0823115964113077,2.8009485001966574,4.735540924526177,37.72355846541134,45.88621992334367,44.88249839332041,55.86221651409131,-17.849128471399666,0.7141919527429472
2023-01-05,41.81944096715653,50.35213862620429,-8.532697659047754,2.1320749161726433,2.7253863806119996,4.704309980880078,37.64057413145815,45.99830780285491,45.010381320204765,55.69389593220381,-17.75314522157271,0.687749903477199
2023-01-06,42.171447994571345,50.9164478584957,-8.744999863924361,2.0937884420402444,2.7608516258569615,4.298369365591276,38.06762264817247,46.27527334097022,45.505178671816054,56.32771704517535,-17.16980382048326,-0.320195907365461
2023-01-07,42.11753808833301,50.94832568393871,-8.830787595605692,2.0620437305387163,2.703743202852078,4.221335456441112,38.07593237647713,46.1591438001889,45.64898900634864,56.24766236152878,-17.104605090230272,-0.5569701009811112
2023-01-08,42.10452582844461,50.65546410078499,-8.55093827234038,1.8876640242796316,2.5942913023126133,3.9566276986641613,38.40470434085653,45.80434731603268,45.57065314825227,55.74027505331771,-16.305928561722137,-0.7959479829586238
2023-01-09,42.28732207804032,50.62075763925291,-8.333435561212589,1.7925191338519653,2.363001042850609,3.692327920484172,38.77398457569047,45.80065958039017,45.98927559526572,55.2522396832401,-15.570398285361566,-1.0964728370636116
2023-01-10,42.49852433204844,50.2187855672321,-7.720261235183664,2.0395945828758046,2.6970039261890255,4.411625545455753,38.500918949611865,46.496129714485015,44.93265787190161,55.504913262562596,-16.36704730427694,0.9265248339096113
2023-01-11,42.44875020394621,50.300039444317314,-7.851289240371103,2.0535082033089034,2.6436251085588873,4.350392874603173,38.42387412546076,46.47362628243166,45.118534231541894,55.48154465709273,-16.378059274593323,0.6754807938511158
2023-01-12,42.331048983014526,50.33905404623055,-8.008005063216029,2.0620695502398676,2.587455739718582,4.3250901320394615,38.28939266454439,46.372705301484665,45.26764079638213,55.41046729607897,-16.485181722013373,0.46917159558131516
2023-01-13,42.2635892802651,50.41358756757703,-8.149998287311929,2.0560843182999857,2.5339223763228342,4.260051490691387,38.23366401639713,46.293514544133075,45.44709970998428,55.380075425169785,-16.499699209067046,0.1997026344431898
2023-01-14,42.16567719526755,50.46163972642538,-8.295962531157832,2.0749499559662805,2.498723349911624,4.245032049340056,38.09877528157364,46.23257910896146,45.5641419605986,55.35913749225217,-16.61622534786434,0.02430028554867647
2023-01-15,41.58762755073282,50.7061902777865,-9.118562727053678,2.20230821417965,2.228983513624641,4.027651093644741,37.27110345094071,45.90415165052493,46.3373825910822,55.07499796449079,-17.012758870597374,-1.224366583509985
2023-01-16,41.4019951828161,50.79794735382321,-9.395952171007112,2.136735220196658,2.153342708117396,3.944286062833792,37.21399415123065,45.58999621440155,46.577395645913114,55.01849906173331,-17.126752854161346,-1.6651514878528797
2023-01-17,41.365833404820314,50.624857128069266,-9.259023723248955,2.1138452672147303,2.2130321341063084,3.9391129095990567,37.22269668107944,45.50897012856119,46.287314145220904,54.96240011091763,-16.979685026063105,-1.5383624204348036
2023-01-18,41.33339740656359,50.63909323545795,-9.30569582889436,2.035956610214671,2.1530340236796612,3.822731560107934,37.34292245054284,45.323872362584346,46.41914654904581,54.859039921870085,-16.79824968670591,-1.8131419710828087
2023-01-19,41.21908620216179,50.993042589124514,-9.773956386962725,1.9868741617477312,2.305138730443584,3.949142289086388,37.324812845136236,45.113359559187344,46.47497067745509,55.51111450079394,-17.514275273572046,-2.0336375003534046
2023-01-20,41.06190154705606,51.26563670604543,-10.203735158989364,1.9269010654452363,2.222927480570737,3.8396512293096117,37.2851754587834,44.83862763532872,46.90869884412678,55.62257456796407,-17.729451568436204,-2.6780187495425247
2023-01-21,41.174331398674916,51.18021433407252,-10.005882935397604,1.9652484271991355,2.1691566674814435,3.8437472959779084,37.32244448136461,45.02621831598522,46.92866726580889,55.43176140233614,-17.539627635514304,-2.4721382352809043
2023-01-22,41.29037479760615,51.20122791429177,-9.910853116685619,1.9043747632406451,2.0306155829609067,3.6361293329103352,37.557800261654485,45.02294933355781,47.221221371688394,55.18123445689515,-17.037666609189877,-2.7840396241813616
2023-01-23,41.15818010307297,51.05400416515915,-9.895824062086179,1.8279972615454474,2.0874451339993425,3.5105888552764837,37.575305470443894,44.74105473570205,46.96261170252044,55.14539662779786,-16.776578218428085,-3.015069905744271
2023-01-24,41.12512974059582,51.251611373246156,-10.126481632650343,1.9372367277460252,2.1322678012036533,3.724256677810799,37.32814575421361,44.922113726978026,47.072366482887,55.430856263605314,-17.426024721159507,-2.8269385441411767
2023-01-25,40.90993639451839,51.48555275014542,-10.575616355627034,2.0638352097202164,2.2025843109138203,3.932933864150049,36.86481938346677,44.95505340557001,47.16848750075434,55.80261799953651,-18.28416672936113,-2.867065981892938
2023-01-26,40.85091588112582,51.366866086920126,-10.515950205794299,1.9595375950686438,2.1266813668615008,3.748904716361181,37.01022219479128,44.69160956746036,47.19857060787159,55.535161565968664,-17.863803449862214,-3.168096961726384
2023-01-27,40.920378680761935,51.5746865962403,-10.654307915478364,2.0039122740198607,2.2025157338232786,3.659709276765972,36.99271062368301,44.84804673784086,47.25775575794667,55.89161743453393,-17.82733809793967,-3.48127773301706
2023-01-28,40.89397093829678,51.60231214480683,-10.708341206510047,1.9867807837015268,2.1849023952829634,3.6341260942094253,36.99988060224179,44.788061274351776,47.31990345005222,55.88472083956144,-17.83122835116052,-3.585454061859574
2023-01-29,40.872027950312145,51.625788922889846,-10.753760972577702,1.9480173777674534,2.1147915367165866,3.5083128108681434,37.05391388988794,44.69014201073635,47.480797510925335,55.77078033485436,-17.630054081879262,-3.8774678632761406
2023-01-30,40.90221361550156,51.44249196802449,-10.540278352522932,1.9990142059973846,2.3257865948187595,3.879040186489619,36.98414577174668,44.820281459256435,46.88395024217972,56.00103369386926,-18.143197118042586,-2.9373595870032787
2023-01-31,40.82659406366733,51.45870206448138,-10.63210800081405,1.9581868860579474,2.2507124671938232,3.79299391887824,36.988547766993754,44.664640360340904,47.04730562878149,55.87009850018127,-18.0663760818154,-3.1978399198127
2023-02-01,40.94773556383486,51.46363889864793,-10.515903334813066,1.9817693234715774,2.152002827029103,3.716824109235588,37.06346768983057,44.832003437839155,47.24571335767089,55.68156443962497,-17.80087858891482,-3.2309280807113137
2023-02-02,40.88991281313377,51.48230352188277,-10.592390708749004,1.9460287956800533,2.092009805072936,3.6351919953048872,37.07569637360086,44.704129252666675,47.38196430393982,55.58264273982572,-17.717367019546582,-3.4674143979514254
2023-02-03,41.20651905160401,51.23391737641708,-10.027398324813067,2.336856086161366,2.256610401918463,4.260470078228265,36.62628112272773,45.78675698048029,46.810960988656895,55.65687376417727,-18.377919678140465,-1.676876971485667
2023-02-04,41.31456863655466,51.42474233648048,-10.110173699925818,2.4103153349786237,2.2744064470151066,4.1519403537341395,36.59035057999656,46.03878669311276,46.96690570033087,55.882578972630085,-18.24797679324473,-1.9723706066069049
2023-02-05,41.285007994285465,51.43295506681835,-10.147947072532887,2.3149234303680055,2.1371859598097265,3.947873626708508,36.74775807076418,45.82225791780675,47.24407058559129,55.621839548045415,-17.885779380881562,-2.410114764184211
2023-02-06,41.34878244481751,51.23663926987142,-9.887856825053909,2.3348929398819935,2.232245573306372,4.1481005485141855,36.7723922826488,45.925172606986216,46.86143794619093,55.611840593551904,-18.018133900141713,-1.757579749966105
2023-02-07,41.245363113365194,51.193038686107435,-9.947675572742241,2.3021564973459046,2.2091102055367626,4.09485279629539,36.733136378567224,45.757589848163164,46.86318268325538,55.52289468895949,-17.973587053481204,-1.9217640920032775
2023-02-08,41.20592980561147,51.20532210795324,-9.99939230234177,2.2795959524777953,2.178882614604537,4.046623106331872,36.73792173875499,45.673937872467945,46.93471218332835,55.475932032578136,-17.93077359075224,-2.0680110139313017
2023-02-09,41.251954285687965,51.145032744058916,-9.893078458370955,2.2355711104043534,2.1675848458902705,4.017395034789338,36.870234909295434,45.6336736620805,46.89656644611399,55.393499042003846,-17.76717272655806,-2.0189841901838523
2023-02-10,41.20628377967485,51.19734699325494,-9.991063213580096,2.2122699077623436,2.1524318415625965,3.9884581806401087,36.870234760460654,45.54233279888904,46.97858058379225,55.41611340271763,-17.80844124763471,-2.1736851795254832
2023-02-11,41.2949655486793,51.01516536880589,-9.72019982012659,2.171139184618127,2.239693800300838,4.0611622602667,37.039532746827774,45.55039835053083,46.62536552021625,55.40496521739553,-17.680077850249322,-1.7603217900038572
2023-02-12,41.21515817259017,51.07688363284034,-9.86172546025017,2.1590588339325003,2.202030226457607,4.023386767705216,36.98340285808247,45.44691348709787,46.760904388983434,55.39286287669725,-17.747563524952394,-1.9758873955479466
2023-02-13,41.28082109059429,51.110371660166756,-9.829550569572465,2.0968165043519633,2.052748186518596,3.829366705033965,37.17106074206444,45.390581439124134,47.08698521459031,55.133758105743205,-17.335109311439034,-2.3239918277058944
2023-02-14,41.42484395139327,51.12616020515325,-9.701316253759979,2.012459841402357,1.9476613853717257,3.6029253846361073,37.48042266224465,45.36926524054189,47.30874388982467,54.94357652048183,-16.763050007646747,-2.6395824998732085
2023-02-15,41.373158869669886,51.17965117195691,-9.806492302287028,1.9984905642216737,1.938177182175575,3.5896901927272946,37.45611736379541,45.290200375544366,47.380823894892785,54.97847844902104,-16.842285080032525,-2.7706995245415307
2023-02-16,41.543873748714965,50.892614179821614,-9.348740431106652,2.1488038692723164,2.345460485225446,4.242993164827692,37.332218164941224,45.755529332488706,46.29551162877974,55.489716730863485,-17.66500703416893,-1.0324738280443757
2023-02-17,41.480542414594815,50.92342067876361,-9.442878264168797,2.122048633839149,2.296457410961791,4.170657890502699,37.32132709227008,45.63975773691955,46.4223641532785,55.424477204248724,-17.61736772955409,-1.2683887987835067
2023-02-18,41.42595055991415,50.947478287419585,-9.52152772750544,2.1074407524696217,2.2618409841778715,4.123306226485078,37.29536668507369,45.55653443475461,46.51426995843096,55.38068661640821,-17.603207931416193,-1.4398475235946862
2023-02-19,41.599800060898914,51.03203310209394,-9.432233041195026,2.1062352991738793,2.2216136992389552,4.081366296353847,37.47157887451811,45.72802124727972,46.67767025158559,55.38639595260229,-17.431710982048568,-1.4327551003414856
2023-02-20,41.819508597754144,50.825354046916154,-9.005845449162008,1.9964263139641243,2.026257920495624,3.781246749740493,37.90651302238446,45.73250417312383,46.85388852274473,54.796819571087575,-16.417089078653376,-1.5946018196706415
2023-02-21,41.857141798444665,50.76899352370943,-8.911851725264766,1.9896422304433588,1.9851714576802482,3.7477736732089437,37.957443026775685,45.756840570113646,46.878057466656145,54.65992958076272,-16.257488124754296,-1.5662153257752367
2023-02-22,41.69885777239469,50.889739079663634,-9.190881307268945,1.9419026622891524,1.9098086551782851,3.6383149354537334,37.89272855430795,45.50498699048143,47.146514115514194,54.632964043813075,-16.321978580758262,-2.0597840337796285
2023-02-23,41.636466359971074,50.982912270069505,-9.346445910098428,1.86003552785961,1.9420084389147723,3.6046618035942575,37.99079672536624,45.28213599457591,47.176575729796554,54.78924881034246,-16.41158304514317,-2.2813087750536836
2023-02-24,41.589971566535866,51.00070868849489,-9.410737121959025,1.8583981347107021,1.9208438511132093,3.5816418495849685,37.94751122250289,45.23243191056884,47.235854740313,54.765562636676776,-16.43075514714556,-2.3907190967724876
2023-02-25,41.63459835078476,51.0435948056455,-9.40899645486073,1.8198832610539208,1.8308895302124013,3.4359626590113272,38.06762715911908,45.20156954245045,47.45505132642919,54.6321382848618,-16.14348326652293,-2.6745096431985296
2023-02-26,41.69959158043895,51.02805446042463,-9.328462879985675,1.8613915990371368,1.7768718070778275,3.4129324312727802,38.05126404632616,45.347919114551736,47.54538571855208,54.51072320229717,-16.017810445280325,-2.6391153146910264
2023-02-27,41.66863989130546,51.04994943869393,-9.381309547388467,1.7985003448808026,1.7404843073107084,3.33285189184273,38.14357921533909,45.19370056727183,47.63860019636494,54.46129868102292,-15.913699255400218,-2.848919839376716
2023-02-28,41.62510096949266,51.075934288842504,-9.45083331934985,1.6457001853810305,1.607177913665676,3.0611453369208923,38.399528606145836,44.85067333283948,47.92586557805778,54.22600299962723,-15.4506781797148,-3.4509884589849023
2023-03-01,41.57533906720121,51.09317331734598,-9.51783425014477,1.6497730835308098,1.5900552688322849,3.0473571844654663,38.341783823480824,44.8088943109216,47.9766649904347,54.20968164425726,-15.490654331697083,-3.5450141685924557
2023-03-02,41.72431749765955,50.8795886258194,-9.155271128159855,1.8649773370861515,1.87498359248565,3.5786700760042356,38.06896191697069,45.379673078348404,47.20462078454753,54.554556467091274,-16.16946447712816,-2.141077779191553
2023-03-03,41.97666035092172,50.696539206815494,-8.719878855893775,1.993814485676666,1.8576661488281516,3.7043108578681876,38.06878395899545,45.884536742847985,47.05551355511232,54.33756485851867,-15.980328137315421,-1.4594295744721277
2023-03-04,41.91476788771792,50.725374269066364,-8.81060638134844,1.9988326107700127,1.8401832732657397,3.6919388191834766,37.9970559706087,45.832479804827145,47.11861505346551,54.33213348466722,-16.046806466948055,-1.574406295748827
2023-03-05,42.09155817952652,50.59342665775604,-8.501868478229516,1.8938519231591684,1.6678692396473491,3.4100150717093274,38.37960841013455,45.803507948918494,47.324402948047236,53.862450367464845,-15.185498018779798,-1.8182389376792347
2023-03-06,42.02737648162124,50.625206679737815,-8.59783019811657,1.9057310541397294,1.6572314197578153,3.4123126598635887,38.29214361550737,45.76260934773511,47.3770330970125,53.87338026246313,-15.285963011449205,-1.9096973847839367
2023-03-07,42.013638097804204,50.48626323448347,-8.472625136679268,1.8635518207582074,1.6966928665364562,3.409779728305199,38.361076529118115,45.66619966649029,47.160745216072016,53.81178125289492,-15.155793404157457,-1.7894568692010777
2023-03-08,41.94873517774818,50.52245928171423,-8.573724103966045,1.8741622751935398,1.6867019958342955,3.412416829275321,38.275377118368844,45.62209323712752,47.216523369879006,53.82839519354945,-15.262061089345675,-1.885387118586416
2023-03-09,42.12099237396417,50.32437185308595,-8.203379479121775,2.2055205945597693,1.9711656372942732,4.066026488708115,37.79817200862702,46.44381273930132,46.460887203989174,54.187856502182726,-16.17279139698968,-0.23396756125386986
2023-03-10,42.083982790464795,50.36650988171253,-8.282527091247733,2.1823152624312763,1.957979054560857,4.032031241877476,37.8066448760995,46.36132070483009,46.52887093477325,54.20414882865181,-16.185308325327586,-0.37974585716787956
2023-03-11,42.044834932969984,50.41067545601718,-8.365840523047197,2.1574003457621203,1.9429425165735814,3.994581802347492,37.81633025527623,46.27333961066374,46.602508123532964,54.2188427885014,-16.19522085564828,-0.5364601904461122
2023-03-12,42.25354263836328,50.41950519295373,-8.165962554590454,2.226844940170685,1.9322003134509185,4.017509657096819,37.888926555628736,46.61815872109782,46.63239257858993,54.20661780731753,-16.04028148250022,-0.29164362668068833
2023-03-13,42.01843347387315,50.7161143191021,-8.697680845228946,2.0971641808265513,1.8988777244698078,3.8426199005488093,37.90799167945311,46.12887526829319,46.994313979141275,54.43791465906292,-16.229215850304612,-1.1661458401532805
2023-03-14,42.06397250675448,50.59121315730797,-8.527240650553486,2.0511066202238006,1.8211597503950152,3.6854809658539707,38.043803531115834,46.08414148239313,47.021740046533736,54.1606862680822,-15.750783343627269,-1.3036979574797032
2023-03-15,42.05255919874294,50.56836402837309,-8.51580482963015,2.0129961330896977,1.7811320130746209,3.608594783951184,38.10708677788713,45.99803161959875,47.07734528274683,54.059382773999346,-15.588650606174472,-1.44295905308583
2023-03-16,42.09182933671636,50.51080118090303,-8.418971844186666,1.9531903239452724,1.7045550482210419,3.477097632890486,38.26357630178362,45.920082371649094,47.16987328638979,53.85172907541627,-15.23408320465202,-1.6038604837213137
2023-03-17,41.98441967434106,50.63824303424014,-8.653823359899077,1.9696973957850477,1.7333606349505324,3.5332096384253275,38.12381277860237,45.84502657007975,47.240856189737094,54.03562987874319,-15.57891425121272,-1.7287324685854353
2023-03-18,41.9413687507497,50.67960657178943,-8.738237821039727,1.9460725161499521,1.7162331993486655,3.496891058615423,38.1270666190958,45.75567088240361,47.31578950106604,54.04342364251281,-15.592144295925955,-1.8843313461534983
2023-03-19,41.974844564723,50.69884702688899,-8.724002462165988,1.7996943526410236,1.6110058389279236,3.254470785245151,38.44744363354659,45.50224549589941,47.54127558259026,53.85641847118772,-15.102765201246484,-2.3452397230854913
2023-03-20,41.65501960651698,50.96313586962533,-9.308116263108358,2.2589459852896887,2.115447344799123,4.2615842159865815,37.22748547534919,46.08255373768477,46.81685907381905,55.10941266543161,-17.660821326442058,-0.9554111997746588
2023-03-21,41.83899616117458,51.04111340080894,-9.202117239634358,2.369471987656115,1.972638317518778,4.059665513070256,37.19483106536859,46.483161256980566,47.17474229847213,54.907484503145746,-17.15906164525206,-1.245172834016656
2023-03-22,41.62127126701842,51.56216373345792,-9.9408924664395,2.503565698889864,2.3339099505450216,4.436405058927838,36.71428249719429,46.52826003684255,46.98770023038968,56.13662723652617,-18.636246381938065,-1.2455385509409371
2023-03-23,41.40092919701927,51.56914701038882,-10.16821781336954,2.442142413225953,2.3670964645981005,4.4476068079409705,36.614330067096404,46.18752832694214,46.92963793977654,56.208656081001095,-18.88552715693384,-1.4509084698052366
2023-03-24,41.36126633588235,51.57452646109197,-10.213260125209626,2.4261958576315945,2.339607398166226,4.404172862843413,36.605922454924425,46.11661021684027,46.988895960686165,56.160156961497776,-18.845438936382713,-1.5810813140365365
2023-03-25,41.348531180047104,51.58008772268199,-10.231556542634886,2.3957606205016484,2.31011448352083,4.348970723393963,36.652840363863874,46.044221996230334,47.05226333498116,56.10791211038281,-18.755539160487054,-1.707573924782718
2023-03-26,41.3347554285335,51.58582997436361,-10.251074545830118,2.3633629124055195,2.278552707695649,4.290005813101696,36.70256412021868,45.966946736848314,47.11986666728014,56.05179328144708,-18.659485939509445,-1.8426631521507932
2023-03-27,41.18766693467567,51.83326148707215,-10.645594552396487,2.1767938638139,2.206971463154133,4.039957415961038,36.921150961600425,45.45418290775091,47.50759741929005,56.15892555485425,-18.563911087680122,-2.7272780171128517
2023-03-28,41.1435183209835,51.80973128492503,-10.666212963941522,2.1107515087712065,2.140710617950422,3.9252506177469244,37.00644536379194,45.280591278175066,47.6139384737422,56.005524096107855,-18.359704174725493,-2.9727217531575505
2023-03-29,41.046989764443246,51.93655554102396,-10.889565776580712,2.0294161262951045,2.0895732017094635,3.7980681527274243,37.069334156904844,45.02464537198165,47.840992065673404,56.03211901637451,-18.333779355926463,-3.4453521972349606
2023-03-30,41.086864242207476,51.772681113870114,-10.685816871662642,2.0694335666475676,2.147072240443863,3.8979171233071757,37.030774451578246,45.142954032836705,47.56441952260014,55.98094270514009,-18.325734433344707,-3.0458993099805776
2023-03-31,41.2118463480747,51.62343246596985,-10.411586117895151,2.2235483161555356,2.1402969376358154,4.099542077319865,36.85369164840985,45.57000104773955,47.42845046820365,55.81841446373605,-18.446688589442086,-2.376483646348216
2023-04-01,41.133264352380614,51.662483289349446,-10.529218936968837,2.23179210072904,2.117598716429778,4.087401014929514,36.758951834951695,45.50757686980953,47.51198980514708,55.81297677355181,-18.540524926230685,-2.5179129477069893
2023-04-02,40.782389833879975,51.975347172167524,-11.192957338287549,2.270200525154346,2.0781677271175543,4.1279720220316785,36.332796804577455,45.231982863182495,47.90213842701712,56.04855591731793,-19.283782501469638,-3.10213217510546
2023-04-03,40.854993153414966,51.85944368477313,-11.004450531358167,2.2893094168014607,2.100503968075344,4.183822739370768,36.367946696484104,45.34203961034583,47.74245590734546,55.97643146220081,-19.204743100524873,-2.8041579621914607
2023-04-04,40.9525539657347,51.72790292680744,-10.775348961072739,2.2601319340153245,2.060308017364758,4.137436736294911,36.522695375064664,45.38241255640474,47.68969921277251,55.76610664084237,-18.884724964210765,-2.665972957934713
2023-04-05,40.92065897863746,51.72558948048756,-10.804930501850095,2.2321307223090763,2.0282531869149896,4.076198076067871,36.545682762911675,45.29563519436325,47.75021323413418,55.700965726840934,-18.79427873094312,-2.8155822727570676
2023-04-06,41.06335832689434,51.518019803947766,-10.454661477053428,2.308095356079003,2.176692711235071,4.314657060903668,36.539491428979495,45.58722522480918,47.25170208992703,55.7843375179685,-18.911389316424618,-1.9979336376822374
2023-04-07,41.023156348444566,51.52359410413,-10.500437755685434,2.2787942812437185,2.139727008665505,4.247899603173584,36.556719557206875,45.489593139682256,47.32972916714561,55.71745904111439,-18.82632097790566,-2.1745545334652086
2023-04-08,40.98096454951221,51.52984155827498,-10.548877008762771,2.2475874396232847,2.1008004854523556,4.177485638281252,36.575693167850574,45.38623593117384,47.41227260678836,55.6474105097616,-18.736748859794027,-2.361005157731517
2023-04-09,40.93697848428393,51.53669832732597,-10.599719843042044,2.214368399926582,2.059927529182034,4.103350190095227,36.59681642042783,45.277140548140025,47.499240370129186,55.57415628452276,-18.642286215628687,-2.5571534704553986
2023-04-10,40.961588255607985,51.5354654720531,-10.573877216445116,2.1150207718027825,1.8598269187119323,3.787843334219485,36.81614754287453,45.10702896834144,47.89020471137771,55.18072623272848,-17.998050151515308,-3.149704281374925
2023-04-11,40.92038692896166,51.53893429008333,-10.618547361121667,2.262705332246307,2.1766763137067415,4.2895077026930455,36.4854844777589,45.35528938016442,47.27264871521812,55.80521986494855,-19.025982458400037,-2.2111122638432974
2023-04-12,40.840178621572804,51.587256449733786,-10.747077828160986,2.2611171194802018,2.1520050061166485,4.264953035170223,36.40838906739161,45.271968175754,47.369326637745154,55.80518626172242,-19.106385777094623,-2.387769879227349
2023-04-13,40.91656950503127,51.487710096642424,-10.571140591611153,2.4319012551723094,2.260004529051091,4.570544912459969,36.15004304489354,45.683095965168995,47.05810121970229,55.91731897358256,-19.52940862003269,-1.6128725631896135
2023-04-14,41.09797054333942,51.722415229424364,-10.624444686084939,2.5397777224448324,2.552484550151183,4.69713991985206,36.12000620734755,46.07593487933129,46.71954551112805,56.72528494772068,-19.83083892899498,-1.4180504431749004
2023-04-15,40.956002223508406,51.853279739145115,-10.897277515636715,2.4863551552539036,2.5073042415849596,4.608656703629154,36.08274611921075,45.82925832780606,46.9389634256386,56.76759605265163,-19.930244654749856,-1.864310376523573
2023-04-16,40.66611130238833,51.91006045742663,-11.243949155038301,2.462971989058274,2.362579918496399,4.428520188504922,35.838686203834115,45.493536400942546,47.27940381717369,56.540717097679575,-19.92384872450795,-2.5640495855686556
2023-04-17,40.61584005140369,51.939898316544124,-11.32405826514044,2.2807162220136186,2.1847818445312366,4.149443920932547,36.14563625625699,45.08604384655038,47.6577259012629,56.22207073182535,-19.456968350168232,-3.1911481801126484
2023-04-18,40.61496981638488,51.88481525689526,-11.269845440510379,2.1674007967496993,2.1102034108448504,3.9694879848855047,36.36686425475547,44.86307537801429,47.74881657163935,56.020813942151165,-19.050041890885968,-3.489648990134789
2023-04-19,40.44197913447032,51.925312176768244,-11.483333042297925,2.0312420231604387,1.9271503812243076,3.649672154247731,36.460744769075866,44.42321349986478,48.1480974295686,55.70252692396789,-18.636690464623477,-4.329975619972373
2023-04-20,40.673000196525784,51.63975594096385,-10.966755744438062,2.177679264397233,2.142154630230935,4.06951604980383,36.404748838307206,44.94125155474436,47.44113286571122,55.838379016216486,-18.94300720205357,-2.9905042868225564
2023-04-21,40.64944935159824,51.642742263445754,-10.99329291184751,2.1486992319590583,2.1107287605554066,4.011070553730479,36.43799885695849,44.860899846238,47.50571389275716,55.77977063413435,-18.85499119715925,-3.1315946265357706
2023-04-22,40.6605348015925,51.60985454106713,-10.94931973947463,2.1119654669353625,2.083758649874382,3.94942499903684,36.52108248639919,44.79998711678581,47.52568758731334,55.694021494820916,-18.690192737586838,-3.2084467413624234
2023-04-23,40.62231405300967,51.711813237857115,-11.089499184847446,2.037158364692578,2.0357184215879993,3.830502557713947,36.629483658212216,44.61514444780712,47.721805131544635,55.701821344169595,-18.597284197966783,-3.58171417172811
2023-04-24,40.684262517768175,52.16910191853021,-11.484839400762038,2.05808493637599,2.186484846916259,3.5101431520523634,36.650416042471235,44.718108993065115,47.88359161857434,56.454612218486076,-18.36471997878467,-4.604958822739405
2023-04-25,40.60060242573651,52.10294715878713,-11.502344733050624,2.3479012428382413,2.3606864739235642,4.140442915485096,35.99871598977356,45.202488861699464,47.476001669896945,56.72989264767732,-19.61761284740141,-3.3870766186998367
2023-04-26,40.60785986285516,52.09432455941938,-11.48646469656422,2.31882140717637,2.3325124226798084,4.090296202052706,36.06296990478947,45.152749820920846,47.52260021096695,56.666048907871804,-19.50344525258752,-3.469484140540917
2023-04-27,40.78294982666153,51.86811338498033,-11.085163558318806,2.5976526867192065,2.5539032863951543,4.71207572315192,35.69155056069189,45.87434909263117,46.86246294364583,56.873763826314836,-20.32083197569657,-1.849495140941043
2023-04-28,40.78521260113692,51.864994208861745,-11.07978160772482,2.5636550454864584,2.52107466138239,4.651029419708537,35.76044871198346,45.80997649029038,46.923687872552264,56.806300545171226,-20.195799270353554,-1.9637639450960886
2023-04-29,40.78723774177328,51.86165872249815,-11.074420980724867,2.5260044709186475,2.484621628360708,4.583314405636921,35.836268978772736,45.73820650477383,46.99180033091116,56.731517114085136,-20.05771721577323,-2.0911247456765008
2023-04-30,40.81197754297254,51.80207976612837,-10.990102223155832,2.4301611908492444,2.402277875377871,4.4205408285166765,36.04886160890803,45.57509347703706,47.09361513038775,56.510544401869,-19.654362247048518,-2.325842199263146
2023-05-01,40.82793985171384,51.79344046645649,-10.96550061474264,2.3004225015064965,2.27814384056962,4.167719957861823,36.31911174876111,45.33676795466658,47.32827853894003,56.25860239397294,-19.13423173215181,-2.796769497333468
2023-05-02,40.93947977674717,51.55544967497417,-10.615969898226998,2.189751807887907,2.213632543202916,4.040299460689768,36.647566233286874,45.23139332020747,47.216729890296456,55.894169459651884,-18.534956841178943,-2.696982955275053
2023-05-03,40.67065351725221,51.8175089378931,-11.146855420640884,2.156853477125773,2.127969337765808,3.9617945271802237,36.443220702085696,44.89808633241873,47.646689035872114,55.98832883991409,-18.911972693914123,-3.3817381473676456
2023-05-04,40.8069319426691,51.62621869983224,-10.819286757163136,2.256333077032365,2.2722395293734414,4.25402012567975,36.38451911168567,45.229344773652535,47.1726292222603,56.07980817740419,-19.157166203495443,-2.4814073108308268
2023-05-05,40.87330969038874,51.73305149758944,-10.859741807200704,2.20950344632957,2.170915682446767,4.029209937582033,36.54268293558278,45.20393644519469,47.47805675999378,55.98804623518511,-18.756993284861487,-2.9624903295399196
2023-05-06,40.87165959560845,51.73364751416203,-10.861987918553577,2.1808918045627674,2.1429684052721623,3.9772076771140434,36.597111658665426,45.14620753255147,47.533429439828595,55.933865588495465,-18.657314965697104,-3.0666608714100523
2023-05-07,40.823994407857576,51.79480767445464,-10.97081326659706,2.1155219273499144,2.0822001930287644,3.868591356609438,36.677571430251746,44.970417385463406,47.71369529611826,55.87592005279102,-18.553252325551558,-3.3883742076425625
2023-05-08,40.836576039986895,51.66731609521145,-10.830740055224556,2.0276348032835223,2.2284415134343973,3.9329897383669072,36.86241182555119,44.8107402544226,47.29957072888003,56.03506146154287,-18.539399942423692,-3.122080168025418
2023-05-09,41.108718958217615,51.388257159287896,-10.279538201070277,2.386622913768909,2.4959205119222156,4.620731768485393,36.430938047230555,45.786499869204675,46.496252955920355,56.28026136265544,-19.336172467301648,-1.2229039348389072
2023-05-10,41.09941992073127,51.3655347201854,-10.266114799454131,2.3511305874874493,2.4607842834184317,4.551053994337448,36.49120396925587,45.70763587220667,46.54239752468528,56.188671915685525,-19.18618062835553,-1.346048970552733
2023-05-11,41.09076276069158,51.34848112523931,-10.257718364547724,2.209857664921217,2.3196669010384703,4.279762589242471,36.759441737446,45.42208378393717,46.80193399920391,55.89502825127471,-18.646053039462966,-1.8693836896324818
2023-05-12,41.01056875170102,51.40797822571971,-10.39740947401869,2.241767251131342,2.2984642746169497,4.296019396920616,36.61670493948359,45.404432563918455,46.90298824747049,55.91296820396893,-18.817607491983097,-1.9772114560542846
2023-05-13,41.106471845821765,51.57131558918863,-10.464843743366862,2.1467550085817475,2.2314614490622984,4.060205988601558,36.89883202900154,45.31411166264199,47.19765114902653,55.94498002935073,-18.422847481025915,-2.506840005707808
2023-05-14,40.91309987930904,51.774401622211606,-10.861301742902574,2.1485401928618915,2.2384006279953534,4.1023071318455555,36.70196110129973,45.124238657318344,47.38713639134071,56.1616668530825,-18.901823721319865,-2.8207797644852857
2023-05-15,40.623819347545464,51.90093170841396,-11.2771123608685,2.1844873654548236,2.2508174069610942,4.185404873049691,36.34222411125401,44.905414583836915,47.48932959077021,56.3125338260577,-19.480505912045896,-3.073718809691105
2023-05-16,40.79580655251457,51.749904078098275,-10.954097525583707,2.2410339981537155,2.2701265927215553,4.285667919686365,36.40337991613329,45.18823318889585,47.300455956364026,56.199352199832525,-19.354006648168983,-2.554188402998431
2023-05-17,40.76458594035945,51.81925691764803,-11.054670977288579,2.140186113464982,2.186893684401723,4.125541928606803,36.569821157968086,44.95935072275082,47.53294529622066,56.105568539075406,-19.140733157357914,-2.968608797219245
2023-05-18,40.620321338245176,52.10577826892119,-11.485456930676017,2.0422682191945,2.172262131072163,4.032639266093068,36.61747562862396,44.623167047866396,47.848144492019756,56.36341204582263,-19.38942989221843,-3.581483969133604
2023-05-19,40.60384078325541,52.408885898159454,-11.80504511490404,1.9452079404303906,2.4400380326865205,4.047110447993095,36.79123322001184,44.416448346498974,47.626411354093875,57.19136044222503,-19.737381592970507,-3.872708636837574
2023-05-20,40.383053900667875,52.53708783069603,-12.154033930028156,1.9252259047936187,2.3706873199951204,3.973503139926088,36.60961112727238,44.15649667406337,47.89054068350559,57.18363497788647,-19.94210008428329,-4.365967775773023
2023-05-21,40.328100901584484,52.595808636363145,-12.267707734778666,1.909401873663824,2.3493984351126933,3.9515580258556633,36.58567322920339,44.07052857396558,47.99098770354227,57.200629569184024,-20.012761465455768,-4.522654004101566
2023-05-22,40.135075010593674,52.96569584160038,-12.830620831006705,1.8116849562266604,2.348528393047542,3.876119031350589,36.58417249638942,43.68597752479793,48.362580191227195,57.56881149197356,-20.42781413245386,-5.233427529559551
2023-05-23,40.396389503028885,52.73969965846039,-12.343310155431505,2.006258439599596,2.30556746860617,4.048145156858004,36.46412296141368,44.32865604464409,48.2207874199923,57.25861189692848,-20.277674662873192,-4.4089456479898175
2023-05-24,40.2809299449785,52.801106663021024,-12.520176718042523,1.9681393225877006,2.20432836803847,3.9180500243095575,36.42337687270661,44.138483017250394,48.480623061665625,57.12159026437642,-20.199554765689257,-4.84079867039579
2023-05-25,40.15833531084813,52.90638978883048,-12.748054477982356,2.0015498327424006,2.2050146173804603,3.9825035465632497,36.235297638673025,44.081372983023236,48.584561138764776,57.228218438896185,-20.553761429246325,-4.942347526718386
2023-05-26,40.264789449350054,52.78417533663344,-12.519385887283379,2.0040439911286336,2.1953105824304493,3.99016741428842,36.33686322673793,44.192715671962176,48.48136659506976,57.08698407819712,-20.340114019288684,-4.6986577552780755
2023-05-27,40.239167812365515,52.76367634027827,-12.524508527912758,1.984897037425478,2.157547359777742,3.929865996410961,36.34876961901158,44.129566005719454,48.5348835151139,56.99246916544265,-20.22704588087824,-4.821971174947275
2023-05-28,40.159218404505786,52.79776142055351,-12.63854301604773,1.984467591488008,2.133761422457689,3.904196279383897,36.26966192518929,44.04877488382228,48.61558903253644,56.979933808570586,-20.29076772364017,-4.986318308455292
2023-05-29,40.11209347398918,52.79913839669768,-12.6870449227085,1.9705098170686537,2.1015643941655893,3.8530981211985402,36.249894232534615,43.97429271544374,48.680072184133124,56.91820460926223,-20.239117240257638,-5.134972605159361
2023-05-30,40.2195369821348,52.61936061223327,-12.39982363009847,2.036997959400455,2.2378241723616368,4.08718014652249,36.227020981709906,44.21205298255969,48.233225234404465,57.00549599006208,-20.41069671728255,-4.38895054291439
2023-05-31,39.98184114716847,52.93490705623835,-12.953065909069883,1.9853563271821058,2.3178641861205147,4.102234178681233,36.09054274589154,43.873139548445394,48.39189325144214,57.47792086103456,-20.993444899285098,-4.912686918854668
2023-06-01,39.793726522817344,52.99871885331636,-13.204992330499019,1.9197946822871241,2.1553932641427402,3.86290301161799,36.03092894553458,43.556524100100106,48.77414805559659,57.22328965103613,-20.77628223327028,-5.633702427727759
2023-06-02,39.796684775419166,53.13309083625593,-13.336406060836763,1.8262868755830948,2.0769397650988997,3.673042998009632,36.2171624992763,43.376207051562034,49.06228889666209,57.20389277584977,-20.535570336935642,-6.137241784737885
2023-06-03,39.763064579625265,53.157339629172384,-13.394275049547119,1.804861097551545,2.0464291430868737,3.6251233595806593,36.22553682842424,43.30059233082629,49.14633850872211,57.16834074962266,-20.49951683432521,-6.289033264769027
2023-06-04,39.72815861096225,53.18194449475903,-13.453785883796781,1.781731117093711,2.0138138067114824,3.5735298689317077,36.235965621458575,43.22035160046592,49.23486943360452,57.12901955591354,-20.457904426902928,-6.449667340690635
2023-06-05,39.8238130505398,53.084037655935234,-13.260224605395438,1.745973025724216,1.9944030760991718,3.5022386500256197,36.401705920120335,43.24592018095926,49.175007626780854,56.99306768508961,-20.124612359445653,-6.395836851345223
2023-06-06,39.92691629338207,52.970458904806954,-13.04354261142489,1.7186817627546855,1.966194516318118,3.4596159509298725,36.55830003838289,43.29553254838125,49.11671765282344,56.82420015679047,-19.82438987524744,-6.26269534760234
2023-06-07,40.05451540802743,52.71319618866212,-12.658680780634686,1.7695836991016876,2.107327124287086,3.670350932343433,36.58613135778812,43.522899458266735,48.58283502505943,56.8435573522648,-19.852568608027816,-5.464792953241558
2023-06-08,39.90049424791381,52.793438581435474,-12.892944333521665,2.3402539922270744,2.143654787092021,4.249627697527025,35.313596423148745,44.48739207267888,48.59187519873511,56.99500196413584,-21.222214620674634,-4.563674046368696
2023-06-09,39.767328898749845,52.763440210779365,-12.99611131202952,2.19279116252278,2.051400623138306,3.992930822606678,35.4694582202052,44.06519957729449,48.74269498942829,56.78418543213044,-20.82225572433861,-5.16996689972043
2023-06-10,39.77726445363937,53.09840351572087,-13.3211390620815,2.1142190637479445,2.3262019939266,3.9697328942126537,35.6333950886934,43.92113381858534,48.53904760762473,57.657759423817005,-21.1018155347383,-5.540462589424698
2023-06-11,39.451089253213354,53.3067957432032,-13.855706489989846,2.251550916750253,2.456463239913131,4.350686262945348,35.03804945638286,43.86412905004385,48.49212779297346,58.12146369343294,-22.383051565362727,-5.328361414616964
2023-06-12,39.82709046612124,53.08597922860291,-13.258888762481662,2.4252027144564337,2.346172487748023,4.388945159046683,35.073693145786635,44.58048778645585,48.48748115261678,57.68447730458904,-21.86122127421316,-4.656556250750164
2023-06-13,39.8948670587062,52.95919537338295,-13.064328314676754,2.365039701839967,2.2711984809776573,4.271132430174097,35.25938924309986,44.53034487431253,48.50764635066674,57.410744396099155,-21.43574787781798,-4.692908751535525
2023-06-14,40.062176141797806,52.81158522578459,-12.749409083986784,2.354301562986774,2.1914220966207036,4.2099987306788895,35.44774507834373,44.676607205251884,48.51639791640801,57.10677253516117,-21.001006596117406,-4.497811571856161
2023-06-15,40.06771216715276,52.71144017589032,-12.643728008737554,2.269694673855265,2.1813504729316002,4.147320473301424,35.61911060639645,44.51631372790908,48.43599324894438,56.986887102836256,-20.772476136408343,-4.514979881066763
2023-06-16,40.03646357447019,52.710477418316835,-12.674013843846643,2.2506975613322964,2.1542126584499495,4.100887816321055,35.625096354258886,44.447830794681494,48.48822060775493,56.932734228878736,-20.71175396383591,-4.636273723857375
2023-06-17,40.00338441604217,52.67832709633705,-12.674942680294881,2.2299237949933355,2.131604564938839,4.044934673250887,35.63273377785523,44.374035054229104,48.500382149056925,56.856272043617174,-20.60301463986662,-4.746870720723144
2023-06-18,39.98122268892231,52.61808246928712,-12.636859780364809,2.1820085222378376,2.0889689116124943,3.944810646270776,35.70448598533615,44.25795939250847,48.52370340252663,56.712461536047606,-20.368688647055528,-4.9050309136740875
2023-06-19,40.01219765219211,52.59791246138556,-12.58571480919346,2.1256155717093113,1.989182298650698,3.794844110395421,35.84599113164186,44.178404172742354,48.699115156030196,56.49670976674093,-20.023609265568485,-5.147820352818435
2023-06-20,40.00335927848791,52.51826649235132,-12.514907213863413,2.055205436429404,1.932473567708842,3.7118649213940618,35.97515662308628,44.03156193388955,48.73061829964199,56.30591468506066,-19.790162459795773,-5.239651967931052
2023-06-21,39.94845454671196,52.542216446150455,-12.593761899438498,2.0694683437834223,1.916574163747498,3.72840151876557,35.89229659289645,44.004612500527465,48.785731085205356,56.298701807095554,-19.901428876219015,-5.2860949226579805
2023-06-22,40.04822744592532,52.47815300521964,-12.429925559294313,2.074449385969327,1.8679111698894264,3.6928218883935355,35.98230664942544,44.1141482424252,48.81704711223637,56.13925889820291,-19.667856460545643,-5.191994658042984
2023-06-23,39.87777176719834,52.52058320852017,-12.64281144132183,2.0478134598872924,1.7873779569335269,3.580473527564152,35.864057385819244,43.891486148577435,49.01732241293046,56.02384400410988,-19.66053955534757,-5.625083327296093
2023-06-24,39.84942145674186,52.52680838961083,-12.677386932868968,2.028590991380736,1.764165112083577,3.540003255058994,35.87338311363562,43.8254597998481,49.06904476992702,55.98457200929464,-19.615793312784596,-5.73898055295334
2023-06-25,39.81429411973175,52.44355738720709,-12.629263267475343,2.0306267130690214,1.7798809678302483,3.5464873351579493,35.834265762116466,43.79432247734703,48.954990690259805,55.93212408415438,-19.580378444384923,-5.678148090565762
2023-06-26,39.68395869611368,52.590607712198846,-12.90664901608517,2.0528835347227283,1.8753683751690144,3.7165488076897404,35.66030696805713,43.70761042417023,48.91488569686758,56.26632972753011,-20.19108467915706,-5.622213353013279
2023-06-27,39.67535721976264,52.56276012845829,-12.887402908695648,2.0582058655729902,1.903011447495607,3.7651201415003723,35.64127372323958,43.7094407162857,48.8328576913669,56.292662565549676,-20.26703838603638,-5.507767431354918
2023-06-28,39.684295818634574,52.53050226585466,-12.846206447220087,2.0857232751032377,1.934712507350086,3.8347819815525086,35.59627819943223,43.77231343783692,48.73846575144849,56.32253878026083,-20.362379131063005,-5.330033763377171
2023-06-29,39.797388650875995,52.58523571474389,-12.787847063867892,1.9210097810283684,1.7332639591046575,3.4683086801881617,36.032209480060395,43.562567821691594,49.18803835489876,55.98243307458902,-19.58573207703669,-5.989962050699095
2023-06-30,39.74576428463459,52.617089408423865,-12.871325123789275,1.924852198582235,1.7228107525410072,3.4647709698777214,35.97305397541341,43.51847459385577,49.24038033344349,55.99379848340424,-19.662276224749608,-6.0803740228289405
2023-07-01,39.72317953503425,52.6186114769885,-12.895431941954252,1.9035274880144357,1.699191958574158,3.4204521238829892,35.99226565852595,43.454093411542544,49.28819523818315,55.94902771579385,-19.59951810476491,-6.191345779143593
2023-07-02,39.74404765658495,52.54159686588094,-12.797549209295994,1.8836132989849266,1.7377979510080181,3.437769240355431,36.05216559057449,43.435929722595404,49.13551288190523,55.94768084985665,-19.53557692039264,-6.0595214981993495
2023-07-03,39.71717432676794,52.54645762527664,-12.829283298508699,1.860585558140948,1.7109528424612785,3.389041439573529,36.07042663281168,43.363922020724196,49.19299005405253,55.899925196500746,-19.471804520072816,-6.186762076944582
2023-07-04,39.688650149087884,52.55187063893116,-12.863220489843275,1.8360484184588335,1.6825267271282562,3.3373954031079722,36.08999524890857,43.2873050492672,49.25411825375978,55.84962302410255,-19.4045154799349,-6.32192549975165
2023-07-05,39.67168500399198,52.529700603753454,-12.858015599761469,1.9732337332139842,1.8392274164540554,3.662925374181544,35.804146886892575,43.53922312109139,48.92481486750351,56.1345863400034,-20.037349333157294,-5.678681866365643
2023-07-06,39.63784693014572,52.64419948015823,-13.006352550012508,1.9134397062618003,1.7865700399782387,3.4722381274421688,35.88750510587259,43.38818875441885,49.14252220180088,56.14587675851558,-19.81193927979916,-6.2007658202258575
2023-07-07,39.542733667900364,52.7473740122695,-13.204640344369135,1.83690289740035,1.7600217786968777,3.3840141733352396,35.94240398899568,43.14306334680505,49.29773132602362,56.197016698515384,-19.837308124106205,-6.571972564632066
2023-07-08,39.54273366790037,52.7473740122695,-13.204640344369135,1.8369028974003498,1.7600217786968777,3.3840141733352396,35.942403988995686,43.14306334680506,49.29773132602362,56.197016698515384,-19.837308124106205,-6.571972564632066
2023-07-09,39.6425723790621,52.639892578815754,-12.997320199753657,1.8683994881808592,1.8298890777772638,3.518340436496602,35.980509382227616,43.30463537589659,49.05330998637232,56.22647517125919,-19.893267455286995,-6.1013729442203175
2023-07-10,39.60855139275992,52.5842021940426,-12.975650801282676,1.9930265794412652,1.923306943549645,3.7592958549737614,35.70221929705504,43.514883488464804,48.81452058468529,56.3538838033999,-20.343870677031248,-5.6074309255341035
2023-07-11,39.544926607630806,52.62770822507191,-13.082781617441102,1.9452769007293969,1.9478278382831893,3.7175986898347935,35.73218388220119,43.35766933306042,48.80996566203686,56.44545078810697,-20.3692750495173,-5.796288185364906
2023-07-12,39.763800735487735,52.59526925144898,-12.831468515961244,1.935840400175606,1.8810675354453197,3.6535959795309547,35.96955355114355,43.55804791983192,48.90837688197615,56.28216162092181,-19.992516635841916,-5.670420396080574
2023-07-13,39.73035824690929,52.59970053121246,-12.869342284303174,1.9106373632358644,1.8482680694132705,3.5957766494307997,35.98550901496699,43.47520747885159,48.977095115162456,56.22230594726247,-19.91706451718754,-5.821620051418807
2023-07-14,39.260209310047856,52.84498768881948,-13.58477837877162,2.4140618247599437,1.9582721068480626,4.210535521725137,34.52864813351837,43.991770486577344,49.006774359397276,56.68320101824168,-21.83742800135289,-5.332128756190352
2023-07-15,39.242867550306684,52.84106813631229,-13.598200586005602,2.371294605085114,1.9220130022948931,4.133409207993367,34.59513012433986,43.89060497627351,49.0739226518143,56.608213620810275,-21.6996826336726,-5.4967185383386035
2023-07-16,39.29721743344235,52.879678908267785,-13.582461474825438,2.2257796454168477,1.7982614985588943,3.8671088839218126,34.93468932842533,43.65974553845937,49.355086371092355,56.404271445443214,-21.16199488731219,-6.002928062338685
2023-07-17,40.03250447813991,52.53816085677948,-12.505656378639564,2.436108142398339,1.6859958352131037,3.9663684517001463,35.257732519039166,44.80727643724066,49.23360901976179,55.84271269379716,-20.279738543971852,-4.731574213307278
2023-07-18,40.1590699263652,52.42883417883806,-12.26976425247286,2.375898739767131,1.719706872933977,3.949612495354832,35.502308396421626,44.81583145630877,49.05820870788747,55.79945964978865,-20.011004743368332,-4.52852376157739
2023-07-19,40.1455756703092,52.42547961304994,-12.279903942740738,2.3356648798289945,1.6972890369165068,3.8902151168615164,35.56767250584437,44.72347883477403,49.098793100693584,55.75216612540629,-19.90472557178931,-4.655082313692166
2023-07-20,39.924420207020404,52.71914490656157,-12.794724699541169,2.2374367118999627,1.7699817399315358,3.8492396473805575,35.539044251696474,44.309796162344334,49.24998069629576,56.18830911682738,-20.339234408407062,-5.250214990675276
2023-07-21,39.89507404777375,52.71738705616737,-12.822313008393621,2.2129278883034975,1.7445857894529369,3.7982663949982043,35.557735386698894,44.2324127088486,49.29799890883961,56.13677520349513,-20.2669151425901,-5.377710874197141
2023-07-22,39.86370723702809,52.71612150507656,-12.852414268048472,2.1866380155649927,1.7175761175016244,3.7440598743643565,35.577896726520706,44.14951774753547,49.34967231477337,56.082570695379744,-20.19077162180261,-5.514056914294334
2023-07-23,39.87761149645312,52.681516684865294,-12.803905188412172,2.153064172812044,1.6801005721812452,3.6762049046671654,35.65760571774152,44.09761727516472,49.388519563390055,55.97451380634053,-20.009266801559814,-5.598543575264528
2023-07-24,39.75079888589421,52.621726946449186,-12.870928060554974,2.119251379818811,1.6329951024127418,3.559250586070042,35.59706618144934,43.90453159033908,49.42105654572021,55.82239734717816,-19.847059209252254,-5.894796911857692
2023-07-25,40.01279214468837,52.49692429723314,-12.484132152544774,2.219460972544356,1.62219081004164,3.653823215033474,35.66264863850143,44.36293565087531,49.317430309551526,55.67641828491476,-19.645625654010384,-5.322638651079164
2023-07-26,39.913241374724535,52.59349900884713,-12.680257634122597,2.26098148752323,1.7558224088898589,3.8423862274950746,35.481717659179004,44.344765090270066,49.15208708742301,56.03491093027125,-20.211334640012943,-5.149180628232251
2023-07-27,39.73372784957152,52.59111403706566,-12.85738618749414,1.9516903306520792,1.7462067584305256,3.500888210114916,35.90841480149345,43.559040897649595,49.16854879054183,56.01367928358949,-19.719127079319374,-5.995645295668904
2023-07-28,39.72413186387017,52.871831160516074,-13.147699296645902,1.872371497662796,2.191517355225189,3.6554499435117505,36.05428372845109,43.39397999928925,48.576457144274706,57.16720517675744,-20.312381185928935,-5.983017407362871
2023-07-29,39.72924016196423,52.83655373447325,-13.10731357250902,1.844959346430711,2.1692147252931337,3.608899689657707,36.11311984296003,43.345360480968424,48.584892872898706,57.08821459604779,-20.180756964238125,-6.033870180779914
2023-07-30,39.86864591752634,52.656518796557876,-12.787872879031543,1.9653603992953221,2.2971538331178425,3.901746563771702,36.01653953490751,43.720752300145165,48.154097283646905,57.158940309468846,-20.43529614402408,-5.1404496140390075
2023-07-31,40.02700344523264,52.588116822976446,-12.561113377743805,2.0473937772265893,2.3232608125613012,4.039347430493922,36.014111641868524,44.03989524859675,48.0345256303563,57.14170801559659,-20.478234341511893,-4.6439924139757185
2023-08-01,39.92348173774198,52.655350071060084,-12.731868333318108,2.1053859409089606,2.2943247151650583,4.044045273399909,35.79692529356042,44.05003818192354,48.15847362933657,57.1522265127836,-20.658197069181927,-4.805539597454287
2023-08-02,40.02099964014028,52.547611676881196,-12.526612036740914,2.1737890758590814,2.3785373532060925,4.2264812298984555,35.76037305145648,44.28162622882408,47.885678464597255,57.20954488916514,-20.81051524734189,-4.242708826139941
2023-08-03,39.78014866653585,52.50999030083739,-12.72984163430154,2.1000935590732706,2.2043272553650364,3.942611726604169,35.663965290752245,43.89633204231946,48.18950888032192,56.83047172135286,-20.457360618445712,-5.002322650157368
2023-08-04,39.65817746462266,52.63711468818203,-12.978937223559369,2.042330947712544,2.153877476763438,3.8555097451668856,35.65520880710608,43.66114612213924,48.415514833725695,56.85871454263837,-20.535736324086464,-5.422138123032273
2023-08-05,39.630583376713446,52.67614629790974,-13.045562921196291,2.018933875489689,2.1326431439812654,3.817227451266908,35.67347298075366,43.587693772673234,48.496165735706455,56.85612686011302,-20.527328725679432,-5.563797116713151
2023-08-06,39.549324356946016,52.657295693134,-13.107971336187989,2.068770170304839,2.115771472606375,3.8832003969166413,35.494534823148534,43.6041138907435,48.510383606825506,56.8042077794425,-20.719044114144605,-5.496898558231372
2023-08-07,39.35922192665264,52.72181461600933,-13.362592689356692,2.1321039350742086,2.061502470089805,3.912234296123378,35.180298213907186,43.53814563939809,48.681269774633314,56.76235945738535,-21.030571909758514,-5.694613468954871
2023-08-08,39.35950620685698,52.75447345916253,-13.394967252305554,2.092096751296457,1.9897673099582773,3.828620621433096,35.25899657431592,43.46001583939803,48.85452953164431,56.654417386680755,-20.899063670314423,-5.890870834296686
2023-08-09,39.388936393798524,52.726764458298454,-13.337828064499936,2.0652793360206125,1.9414625877577072,3.758783793849738,35.34098889519812,43.436883892398924,48.92149778629335,56.53203113030356,-20.705044300445422,-5.97061182855445
2023-08-10,39.38123940521447,52.71229524948782,-13.331055844273354,2.024664892087443,1.9023119330483838,3.683668872316214,35.412896216723084,43.34958259370586,48.98376386071299,56.440826638262656,-20.551046834013135,-6.111064854533575
2023-08-11,39.263338046916516,52.64525791299603,-13.381919866079517,1.9545920195094977,1.820035695015759,3.4958594302103587,35.432337688677904,43.09433840515513,49.07798795076514,56.21252787522692,-20.23380434929182,-6.530035382867214
2023-08-12,39.2471538574114,52.64858827292478,-13.401434415513386,1.9251317819295017,1.7906194050326805,3.4411036493471454,35.473895564829576,43.02041214999322,49.13897423906073,56.15820230678884,-20.14599756823379,-6.656871262792981
2023-08-13,39.26700770556266,52.615096601920726,-13.348088896358064,1.875788399999711,1.7451967425676573,3.3558270701040382,35.590462441563226,42.9435529695621,49.19451098648812,56.03568221735333,-19.925509953761978,-6.770667838954149
2023-08-14,39.34727941208412,52.953026346301044,-13.605746934216919,1.8711331080641649,1.7442034786131155,3.3640624905416843,35.67985852027836,43.01470030388988,49.53438752821934,56.37166516438275,-20.19930941567862,-7.012184452755218
2023-08-15,39.41160688829295,52.85779488877344,-13.446188000480488,1.8593333429271248,1.7125183859281388,3.3395861313428705,35.76731353615579,43.05590024043011,49.50125885235429,56.21433092519259,-19.991776817912516,-6.900599183048461
2023-08-16,39.46024971071944,52.917264178819124,-13.45701446809969,1.818293291996949,1.7086008406846473,3.2894568895000647,35.896394858405415,43.02410456303346,49.568406531077216,56.26612182656103,-19.904349971519817,-7.009678964679563
2023-08-17,39.5873263374544,52.67265907952299,-13.085332742068589,1.7898573416242898,1.873005737425281,3.42126932466653,36.07920594787079,43.09544672703801,49.001567834169435,56.34375032487654,-19.79102061841499,-6.37964486572219
2023-08-18,39.56362125116959,52.67497759469453,-13.111356343524939,1.7703717495955296,1.8471854134036043,3.377400033809051,36.093692621962354,43.03354988037683,49.05449418442347,56.295461004965595,-19.73106040979068,-6.4916522772592
2023-08-19,39.53897565107749,52.67743670016886,-13.138461049091367,1.7492096201601735,1.8195990105298108,3.330319693889661,36.110524795563556,42.96742650659143,49.11102263953043,56.24385076080729,-19.665887649115103,-6.611034449067631
2023-08-20,39.64894215672502,52.60490200482427,-12.95595984809925,1.8585557716943368,1.9467566819134532,3.6015218946365826,36.00617284420412,43.29171146924592,48.7892589082739,56.420545101374636,-20.01494276158695,-5.896976934611548
2023-08-21,39.814299871398795,52.43467400417387,-12.620374132775076,1.971373738857172,2.10464887806957,3.909434036118568,35.95040734323874,43.67819239955885,48.30956220315751,56.55978580519023,-20.28286484356747,-4.957883421982682
2023-08-22,39.91547797446919,52.36090800806441,-12.44543003359522,2.0380495713447093,2.167107594306134,4.044726041699155,35.92090081463356,43.91005513430482,48.11337712322439,56.60843889290444,-20.373093075325563,-4.517766991864877
2023-08-23,40.06379276213524,52.139185228605946,-12.075392466470703,2.0848384652145135,2.235061115092322,4.176091569958001,35.9775093703148,44.15007615395569,47.758465443024996,56.5199050141869,-20.260531943588383,-3.890252989353021
2023-08-24,40.10860078164626,52.14377341924012,-12.035172637593856,2.094052197061679,2.1773201172818775,4.110776508741748,36.00425847540537,44.21294308788715,47.87622598936764,56.4113208491126,-20.092294594727683,-3.978050680460031
2023-08-25,40.18432947621762,52.0712189414433,-11.886889465225677,2.0282072964809466,2.042188713655515,3.92889811354038,36.209043175114964,44.159615777320276,48.068529062678486,56.07390882020811,-19.58752976776482,-4.186249162686532
2023-08-26,40.21637048156809,52.05181666599768,-11.835446184429586,1.9892205776273884,2.051809182237001,3.911426507515612,36.31749814941841,44.11524281371777,48.03027066881315,56.0733626631822,-19.501842139160185,-4.169050229698986
2023-08-27,40.152427626384956,52.06287469848585,-11.910447072100892,1.9880362622390078,2.065205973617219,3.925848661288883,36.2558765523965,44.04897870037341,48.0150709901961,56.1106784067756,-19.6051104482271,-4.2157836959746815
2023-08-28,40.12124192318074,52.07820126398911,-11.956959340808373,1.942971205547823,2.046476804910427,3.861924890790276,36.313018360307005,43.929465486054475,48.06710672636467,56.089295801613545,-19.526332126757314,-4.387586554859432
2023-08-29,40.01000567527313,52.177493192747185,-12.167487517474058,1.94565478457718,2.0351874365151414,3.8651620808725426,36.19652229750186,43.8234890530444,48.188525817177506,56.166460568316865,-19.743205195984242,-4.591769838963875
2023-08-30,39.90884209006398,52.33300415432818,-12.424162064264202,1.8066608908261874,1.9160696295804134,3.5983867917816075,36.36778674404465,43.449897436083305,48.57750768035057,56.08850062830579,-19.477000176156153,-5.371323952372252
2023-08-31,39.69319123010725,52.66396877710573,-12.970777546998479,1.6926861590777584,1.9171714616269233,3.4851980773751574,36.37552635831484,43.01085610189966,48.90631271231696,56.4216248418945,-19.801765778653788,-6.13978931534317
2023-09-01,39.76792437694195,52.648566135534146,-12.880641758592201,1.6716854621408987,1.8363175258689204,3.369508876903009,36.491420871145785,43.04442788273811,49.049383784831065,56.24774848623723,-19.484879157322098,-6.276404359862304
2023-09-02,39.7734872869343,52.650289246477804,-12.876801959543505,1.6483766541695544,1.812061119563723,3.3241193835033362,36.54266904476197,43.004305529106624,49.098649452132904,56.201929040822705,-19.392075951210042,-6.361527967876966
2023-09-03,39.69213068200248,52.67189674471938,-12.979766062716903,1.6315045730836253,1.7560460282091126,3.242939347974875,36.494381718758575,42.88987964524638,49.23004652942952,56.113746960009244,-19.335927184747657,-6.623604940686149
2023-09-04,39.58523390235263,52.71854827798866,-13.133314375636038,1.572910107989319,1.6676195167830135,3.0988289934142137,36.50233009069356,42.66813771401169,49.45001402509396,55.98708253088336,-19.207019202727896,-7.05960954854418
2023-09-05,39.44947938762529,52.968253850741206,-13.51877446311592,1.5640469193419708,1.8542130255992686,3.260556703794482,36.38394742571503,42.51501134953555,49.33399632056664,56.60251138091577,-19.909465602553105,-7.128083323678735
2023-09-06,39.35805990821366,53.00025309853658,-13.642193190322917,1.5637902740288734,1.8559059894442882,3.266066068759354,36.29303097111707,42.423088845310254,49.36267735922578,56.63782883784739,-20.04368268509125,-7.240703695554584
2023-09-07,39.37312679095728,52.99478137657116,-13.621654585613882,1.515982300839219,1.8011604514734552,3.16773822129518,36.40180148131241,42.34445210060215,49.464506891683186,56.52505586145914,-19.830421499352433,-7.41288767187533
2023-09-08,39.401498857317,53.394599849153295,-13.993100991836297,1.4468687759312229,2.3063738421812134,3.3634686951785575,36.565636056491805,42.2373616581422,48.874107118478115,57.915092579828475,-20.58549963438627,-7.400702349286324
2023-09-09,39.41759845874406,53.37422457480203,-13.956626116057965,1.425101687608793,2.2724939575999326,3.315374434829307,36.62439915103083,42.21079776645729,48.920136417906164,57.82831273169789,-20.454760008323408,-7.458492223792523
2023-09-10,39.63048268555554,53.086899281790004,-13.45641659623446,1.4761422532373887,2.289706346030225,3.445214564642965,36.73724386921026,42.52372150190082,48.59907484357076,57.574723720009246,-20.20903714293467,-6.703796049534249
2023-09-11,39.53687838471031,52.96593784173973,-13.429059457029418,1.432163575434945,2.2379426537065172,3.364664471309266,36.72983777685782,42.343918992562806,48.57957024047496,57.352305443004504,-20.02380182079558,-6.834317093263256
2023-09-12,39.50630545532523,52.97368940314605,-13.467383947820815,1.5468998944135453,2.3070653709296423,3.6181502983616762,36.47438166227468,42.538229248375785,48.45184127612395,57.49553753016814,-20.5589585326097,-6.37580936303193
2023-09-13,39.57007672637368,52.92689082397196,-13.356814097598283,1.6346226323530635,2.321601074791319,3.725566364821369,36.36621636696167,42.77393708578568,48.376552717380974,57.477228930562944,-20.658924172648167,-6.054704022548401
2023-09-14,39.39588379092169,53.03642914255283,-13.640545351631136,1.6091253411817759,2.2144133835153594,3.6026533761736514,36.24199812220541,42.549769459637965,48.69617891086272,57.37667937424293,-20.701745968931494,-6.579344734330779
2023-09-15,39.351122563077475,53.057216068167754,-13.70609350509028,1.6115192359946733,2.190645204719,3.5795486317563685,36.19254486052792,42.50970026562703,48.763551466918514,57.350880669416995,-20.72200882333276,-6.690178186847798
2023-09-16,39.30470639783407,53.07867543725953,-13.773969039425458,1.612229279859487,2.164890483795952,3.5531247926955385,36.14473700930947,42.46467578635866,48.83549008901946,57.321860785499595,-20.73809363310871,-6.809844445742202
2023-09-17,39.27978388178926,53.00231655673854,-13.722532674949289,1.7655621452471444,2.1601781340924613,3.6767117577063493,35.81928207710485,42.74028568647366,48.76836741391732,57.236265699559766,-20.928887720053734,-6.516177629844845
2023-09-18,39.741537365694136,52.43013729742929,-12.688599931735157,1.960313396197868,2.2980159256507653,4.042165938363518,35.899323109146316,43.583751622241955,47.92602608315379,56.93424851170479,-20.611245170927653,-4.765954692542661
2023-09-19,39.81415241727683,52.61561339792892,-12.801460980652088,2.141619602134297,2.260185333467996,4.142823335712909,35.61657799709361,44.01172683746005,48.185650144331646,57.04557665152619,-20.92139471864939,-4.681527242654786
2023-09-20,39.65390802271145,52.82049327525512,-13.166585252543673,2.1174226018021853,2.238016464875414,4.132009816858995,35.503759723179165,43.80405632224373,48.43398100409931,57.207005546410926,-21.2653244935873,-5.067846011500043
2023-09-21,39.63664638614506,52.84137073375529,-13.204724347610231,2.0984303257061594,2.2191266406480135,4.097091697859609,35.52372294776099,43.74956982452913,48.491882518085184,57.1908589494254,-21.235024075415062,-5.174424619805398
2023-09-22,39.61807227996064,52.86341797497142,-13.245345695010773,2.077918749684072,2.1985024728168017,4.059100380143558,35.545351530579865,43.69079302934142,48.55435312825049,57.17248282169235,-21.201182440092147,-5.289508949929399
2023-09-23,39.63981690564257,53.00417757510821,-13.364360669465638,2.0120007506641113,2.1794370578798934,3.9281542994929994,35.69629543434091,43.583338376944226,48.73248094166362,57.2758742085528,-21.063543096471918,-5.665178242459359
2023-09-24,39.46031815092953,52.84416773601655,-13.383849585087026,2.035031034186627,2.1474660683051794,3.7180723989919016,35.47165732392374,43.44897897793532,48.6351342421384,57.053201229894704,-20.671271487111152,-6.096427683062899
2023-09-25,39.37206099499962,53.0154823357402,-13.643421340740577,2.0353311914933285,2.181909957144557,3.7936422507699556,35.3828118596727,43.361310130326544,48.73893881973687,57.29202585174353,-21.07896015224969,-6.2078825292314646
2023-09-26,39.44936395387019,52.960770020185315,-13.511406066315123,2.0384631150776276,2.1634494605841064,3.796949708306092,35.45397624831804,43.44475165942234,48.720409077440465,57.201130962930165,-20.953427494595065,-6.069384638035182
2023-09-27,39.53345919548676,52.843045043916234,-13.30958584842947,2.1331911150701885,2.2710599139633034,4.033735803196893,35.3524046099492,43.71451378102433,48.39176761254816,57.29432247528431,-21.21570802269538,-5.403463674163559
2023-09-28,39.30813554720982,53.01241466877359,-13.704279121563765,2.2015181586605173,2.2997447429096325,4.185725006310185,34.99315995623521,43.623111138184434,48.504914972670704,57.51991436487647,-21.908300133931725,-5.500258109195803
2023-09-29,39.03989654577192,53.34364720670882,-14.303750660936904,2.225499343787559,2.4066596170961536,4.351126695705996,34.6779178319483,43.401875259595535,48.62659435720036,58.060700056217286,-22.831958984520654,-5.775542337353153
2023-09-30,39.03387772730519,53.35511241912811,-14.321234691822921,2.1987446841759395,2.3782813715495017,4.29954610386612,34.72433814632035,43.34341730829003,48.69368093089109,58.01654390736513,-22.748345055400513,-5.8941243282453275
2023-10-01,39.159352707728935,53.179086341346384,-14.019733633617445,2.445526542828784,2.699632667880276,4.909324926053774,34.366120683784516,43.952584731673355,47.887806312301045,58.47036637039172,-23.642010488682843,-4.397456778552048
2023-10-02,38.824055507116675,53.494530267042144,-14.670474759925472,2.944261725952522,3.1719071634249545,5.938364527812088,33.05330252424973,44.59480848998362,47.27759222672923,59.711468307355055,-26.309669234437166,-3.0312802854137804
2023-10-03,38.95526295743937,53.43686718716584,-14.48160422972647,2.9156642476220536,3.1380990884108706,5.885869503064809,33.240561032100146,44.6699648827786,47.28619297388053,59.587541400451144,-26.017908455733497,-2.945300003719444
2023-10-04,39.04059726169526,53.3162317261422,-14.275634464446942,2.9746608756659816,3.1926182926197217,6.008534981660945,33.21026194538994,44.870932578000584,47.05869987260755,59.57376357967685,-26.05236302850239,-2.49890590039149
2023-10-05,38.95371070987529,53.31547177367469,-14.3617610637994,2.8834220826804584,3.0688225054912315,5.789307927430859,33.30220342782159,44.60521799192899,47.30057966291187,59.3303638844375,-25.708804601563884,-3.014717526034916
2023-10-06,38.91559466071669,53.32896896802517,-14.413374307308485,2.8468092641616782,3.0224702863659156,5.707414611138256,33.335848502959806,44.49534081847358,47.40492720674798,59.25301072930237,-25.599906945139466,-3.226841669477503
2023-10-07,38.66691649052621,53.48105098976214,-14.814134499235932,2.8180654843072817,2.904526457314176,5.556287751044468,33.14350814128394,44.190324839768486,47.788179133426354,59.17392284609792,-25.704458491283088,-3.923810507188776
2023-10-08,38.72085477460275,53.41014668539749,-14.689291910794742,2.633004821966585,2.706632060278604,5.1825225060882065,33.56016532354824,43.88154422565726,48.10514784725143,58.715145523543555,-24.84703602272763,-4.531547798861856
2023-10-09,38.4195761571063,53.83220808950202,-15.412631932395723,2.4953139718489865,2.5603387979588885,4.919555538137989,33.52876077228228,43.310391541930315,48.813944045502595,58.85047213350144,-25.05496078714618,-5.770303077645265
2023-10-10,38.45947396319982,53.73377851273885,-15.274304549539034,2.4016732444151603,2.401382447614443,4.648020498083406,33.7521944041461,43.166753522253536,49.027068915414546,58.44048811006316,-24.38442472578251,-6.164184373295557
2023-10-11,38.58133969302232,53.73059958068986,-15.149259887667542,2.353508191004629,2.2790063048783082,4.4526664172892865,33.96846363865325,43.1942157473914,49.26374722312838,58.19745193825135,-23.876486065554545,-6.422033709780541
2023-10-12,38.55921234035381,53.73099869573347,-15.171786355379657,2.3254976557307976,2.248168321052243,4.394631934092568,34.00123693512145,43.11718774558617,49.32458878647107,58.13740860499587,-23.78526494620109,-6.558307764558224
2023-10-13,38.5360053052463,53.73149795701002,-15.195492651763727,2.2953432422614424,2.2152142536860966,4.332490112049759,34.03713255041387,43.034878060078725,49.38967801978527,58.07331789423477,-23.687173271381255,-6.7038120321462
2023-10-14,38.54943730697977,53.73209045828797,-15.182653151308205,2.2588828506163683,2.180118093343792,4.263743638308717,34.122026919771685,42.97684769418785,49.45905899533414,58.0051219212418,-23.53959068239329,-6.82571562022312
2023-10-15,38.98306645094142,53.4420235477582,-14.458957096816777,2.3370583151405535,2.143615634773932,4.306598442369762,34.402432153265934,43.56370074861691,49.24053690360129,57.643510191915105,-22.89989004386151,-6.018024149772042
2023-10-16,38.94250284090229,53.739454140957065,-14.796951300054777,2.206500606606327,2.353881205846445,4.37765544769013,34.61776165195389,43.267244029850694,49.125846977498036,58.353061304416094,-23.37715597752743,-6.216746622582123
2023-10-17,39.2827442405572,53.44879803975316,-14.16605379919596,2.282392878433995,2.3977754396682656,4.5377370284059015,34.80925419882657,43.75623428228783,48.749158178003356,58.14843790150296,-23.060018374871525,-5.272089223520394
2023-10-18,39.51388657903437,53.22813696185592,-13.714250382821552,2.457736848455771,2.534338235229502,4.872007055724768,34.69672235606106,44.33105080200768,48.260834020806094,58.19543990290574,-23.263384212042098,-4.165116553601008
2023-10-19,39.36651167254309,53.53188475482813,-14.165373082285036,2.3702902111715254,2.6625099955728544,4.785487444038676,34.7207428586469,44.01228048643928,48.31336516350533,58.75040434615092,-23.54492847260084,-4.785817691969232
2023-10-20,39.16195712939362,53.66490202093461,-14.50294489154099,2.3301498543631216,2.551803678263739,4.650652809469667,34.5948634148419,43.72905084394534,48.663366811537685,58.66643723033154,-23.61822439810154,-5.387665384980442
2023-10-21,38.979970993462864,53.81086113098048,-14.83089013751761,2.312185614584147,2.4900190118414485,4.584153353418887,34.448087188877935,43.51185479804779,48.93042386777124,58.691298394189715,-23.815830710218627,-5.845949564816593
2023-10-22,39.091597373737535,53.67712507174908,-14.585527698011552,2.453520763977385,2.594240711437622,4.846056463985176,34.28269667634186,43.900498071133214,48.592413277331346,58.76183686616682,-24.083798367422496,-5.087257028600606
2023-10-23,38.85750763755115,53.78241539254679,-14.924907754995639,2.4664017937500313,2.563403843254224,4.847893810708517,34.02336012180109,43.69165515330121,48.75814385976851,58.80668692532507,-24.42677962398433,-5.423035886006945
2023-10-24,38.97236417741312,53.65880785943315,-14.686443682020029,2.3955868212312414,2.483080564572142,4.711694788032823,34.277014007799885,43.667714347026354,48.79196995287175,58.525645765994554,-23.92136546656436,-5.451521897475697
2023-10-25,39.01497474744519,53.62451830362202,-14.609543556176826,2.36131785502929,2.4380191591766835,4.636597112868885,34.38679175158778,43.643157743302595,48.84600075163572,58.403035855608316,-23.69727389739984,-5.521813214953811
2023-10-26,38.6102472027257,54.18560469005694,-15.57535748733124,2.4232535929371397,2.5613768018927803,4.84772170261461,33.86067016056891,43.359824244882496,49.16530615834709,59.20590322176679,-25.076892024455876,-6.073822950206605
2023-10-27,38.61760749994977,54.091854107961254,-15.474246608011484,2.35165155119133,2.51043581127945,4.720238740894772,34.00837045961477,43.22684454028477,49.171399917853535,59.01230829806897,-24.72591454016524,-6.222578675857729
2023-10-28,38.596436700199426,54.083288630777595,-15.48685193057817,2.3276083933308422,2.481325461084882,4.665111171799987,34.03432424927097,43.15854915112788,49.21989072705123,58.94668653450396,-24.630469827306143,-6.343234033850196
2023-10-29,38.49907897328441,53.741749955182826,-15.242670981898417,2.247783946726595,2.590219076744203,4.445215265859376,34.09342243770028,42.90473550886854,48.66492056476419,58.818579345601464,-23.955292902982794,-6.53004906081404
2023-10-30,38.480514196581055,53.93809392645262,-15.457579729871567,2.152840133596842,2.54476549388377,4.277300928560923,34.260947534731244,42.700080858430866,48.95035355844043,58.92583429446481,-23.841089549850977,-7.074069909892158
2023-10-31,38.44165629564463,54.02273300873786,-15.581076713093232,2.0468641344108347,2.462853014293247,4.09887416860071,34.429802592199394,42.45350999908986,49.1955411007231,58.84992491675262,-23.61487008355062,-7.547283342635842
2023-11-01,38.38825156638902,54.10860644340442,-15.720354877015396,1.9711883867955828,2.376053362879089,3.954738170122563,34.52472232826968,42.251780804508364,49.451541852161405,58.76567103464743,-23.47164169045562,-7.969068063575173
2023-11-02,38.32971135331347,54.2217477322531,-15.892036378939627,1.8855499654513392,2.2579754798568152,3.7600935034872403,34.634033421028846,42.025389285598095,49.79611579173374,58.64737967277246,-23.26181964577462,-8.522253112104636
2023-11-03,38.37687154762631,54.30492850006044,-15.92805695243413,1.8208366361957458,2.1803958211867234,3.601900812131764,34.808031740682644,41.94571135456997,50.03135269053446,58.57850430958642,-22.987782544212386,-8.868331360655873
2023-11-04,38.32822954269942,54.32527022450933,-15.997040681809912,1.750336193778226,2.0889695549849514,3.4554385427150924,34.89757060289409,41.758888482504744,50.23088989673883,58.41965055227983,-22.769700225531494,-9.224381138088331
2023-11-05,38.30057485423396,54.33772206181258,-16.037147207578624,1.6989627328161252,2.0339567160984116,3.36162214519919,34.97060789791435,41.63054181055357,50.35116689825969,58.324277225365464,-22.625926612169035,-9.448367802988212
2023-11-06,38.173331951220185,54.46315887745828,-16.289826926238096,1.7706038310484267,2.031602154683734,3.4705481848514776,34.70294844236527,41.6437154600751,50.48121865427816,58.445099100638394,-23.09210136854699,-9.4875524839292
2023-11-07,38.24936190824702,54.236255683606075,-15.986893775359055,1.7264536100859769,1.9982286650058663,3.4024793787628633,34.8655128324785,41.633210984015534,50.319727500194574,58.152783867017575,-22.65575335773427,-9.318034192983843
2023-11-08,38.3345241723659,54.14198912383256,-15.807464951466656,1.818411848079161,2.0954496030242153,3.622619017490315,34.770436950130744,41.89861139460106,50.0349079019051,58.24907034576002,-22.907798225747673,-8.70713167718564
2023-11-09,38.28666903793787,54.18232254945638,-15.895653511518507,1.95528900116014,2.1137785975656747,3.814460936771406,34.454302595664,42.11903548021174,50.039316498227656,58.325328600685104,-23.371996947590464,-8.41931007544655
2023-11-10,38.2736024968093,54.19805996338559,-15.924457466576287,1.9302986687779333,2.0871778888017594,3.7665999600823277,34.49021710600455,42.056987887614056,50.10719130133414,58.28892862543704,-23.30699338833765,-8.541921544814926
2023-11-11,38.20916546888679,54.33102404309227,-16.121858574205483,1.9000155646628283,2.1019400967341313,3.7576850172709513,34.48513496214765,41.93319597562593,50.21122145349337,58.45082663269117,-23.486921208056547,-8.756795940354419
2023-11-12,38.31295499808896,54.212088315671615,-15.89913331758265,1.9916188922958364,2.2085620915145294,3.9810189256180712,34.40938196918912,42.216528026988804,49.88330661630314,58.54087001504009,-23.70193041179407,-8.096336223371232
2023-11-13,38.242304374129766,54.45474445726531,-16.212440083135544,1.9464464234474939,2.2055238619043296,3.917427608108978,34.427269384172675,42.05733936408686,50.13191768793283,58.7775712265978,-23.890598195029142,-8.534281971241947
2023-11-14,38.38595566643022,54.220473648723754,-15.834517982293537,1.9386566574245314,2.1885142087014704,3.9145297675531068,34.586188617878136,42.185722714982305,49.930985799668875,58.50996149777863,-23.506996326697625,-8.162039637889448
2023-11-15,38.49583630884325,54.1964412861789,-15.70060497733565,2.0071175127311554,2.1066771856714253,3.8510807897534107,34.561885983890186,42.42978663379632,50.06735400226291,58.325528570094896,-23.248723325252335,-8.152486629418966
2023-11-16,38.7633232527799,53.93887863731264,-15.175555384532737,2.1951641172499587,2.2555794230348556,4.234714892388009,34.46080158296998,43.06584492258982,49.51794296816432,58.35981430646096,-23.475596573613235,-6.87551419545224
2023-11-17,38.57021438387794,54.14686743687126,-15.576653052993322,2.1938594258381525,2.264978803413924,4.2615578327045105,34.27024990923516,42.87017885852072,49.707508982179974,58.58622589156255,-23.929306405094163,-7.223999700892481
2023-11-18,38.51890384492779,54.19447824097552,-15.675574396047729,2.1843398726942636,2.2506213490536036,4.242225012172649,34.23759769444703,42.80020999540855,49.78326039683046,58.605696085120584,-23.99033541990612,-7.360813372189337
2023-11-19,38.22950159674565,54.38708457149739,-16.157582974751737,2.2029813397690186,2.178874631261023,4.199504489279209,33.911658170798376,42.54734502269292,50.116490294225784,58.657678848768995,-24.388611773738987,-7.926554175764487
2023-11-20,37.99875470641215,53.951116548345354,-15.95236184193321,2.0707865813598048,2.4548849090471854,4.130809505145401,33.940013006946934,42.057496405877366,49.139542126612874,58.762690970077834,-24.048748472018197,-7.855975211848223
2023-11-21,37.890748361330964,54.10816506545646,-16.217416704125498,2.029266360860341,2.4271777626497726,4.084904298564856,33.9133862940447,41.86811042861723,49.350896650662904,58.86543348025002,-24.223829129312616,-8.211004278938379
2023-11-22,37.8613409834558,54.15201742293969,-16.2906764394839,2.011018681482487,2.4107422683963895,4.056858457284128,33.91974436775012,41.802937599161474,49.42696257688277,58.87707226899661,-24.24211901576079,-8.33923386320701
2023-11-23,37.83042484029756,54.164678505291,-16.334253664993444,1.9910308273584345,2.3771286347261924,4.007673624222059,33.92800441867503,41.73284526192009,49.50550638122766,58.82385062935434,-24.189293968468682,-8.479213361518207
2023-11-24,37.834246300332254,54.178803375046634,-16.34455707471438,1.959409933654551,2.3415398348538243,3.944915243351437,33.99380283036933,41.674689770295174,49.58938529873314,58.76822145136013,-24.076590951683198,-8.612523197745563
2023-11-25,37.83727810234843,54.194295108785475,-16.357017006437047,1.926013367379707,2.303919067489655,3.8787442080930292,34.0622919022842,41.612264302412655,49.67861373650575,58.7099764810652,-23.959355654299383,-8.754678358574711
2023-11-26,37.80264076122243,53.986219824118216,-16.18357906289578,2.248361982142854,2.303253224234921,4.0806564858350045,33.39585127622243,42.209430246222425,49.47184350461777,58.50059614361866,-24.18166577513239,-8.185492350659171
2023-11-27,37.916182718165786,54.10962224144921,-16.19343952328342,2.075811237109455,2.096308595839016,3.7266898531281623,33.84759269343125,41.98477274290032,50.00085739360474,58.21838708929368,-23.497751635414616,-8.889127411152222
2023-11-28,37.66301236559725,54.2422669861869,-16.579254620589655,2.1338530293844205,2.0395193251120256,3.757034475219181,33.48066042800378,41.84536430319071,50.24480910896733,58.239724863406465,-23.94304219201925,-9.215467049160061
2023-11-29,37.632854657890036,54.293765036130026,-16.66091037823999,2.1067029674332463,2.0271500897320536,3.724779149233365,33.50371684172087,41.7619924740592,50.3205508602552,58.26697921200485,-23.961477510737385,-9.360343245742595
2023-11-30,37.45966217154471,54.633803986632294,-17.174141815087584,2.018310607910069,2.0941188911500634,3.714182756842709,33.50377338004097,41.415550963048446,50.52933095997817,58.73827701328642,-24.453940018499292,-9.894343611675875
2023-12-01,37.002745416266606,54.94436377393477,-17.94161835766816,2.221630807081866,2.188808634852575,4.063855738694562,32.64834903438615,41.35714179814706,50.65429884962372,59.234428698245814,-25.906775605509498,-9.976461109826818
2023-12-02,36.95840623245256,54.97263469669543,-18.014228464242866,2.197982217551338,2.1593508189263337,4.017154463012998,32.65036108605194,41.26645137885318,50.74030709159982,59.20496230179104,-25.88785121174834,-10.14060571673739
2023-12-03,36.994330336374134,54.928619273807485,-17.934288937433344,2.4014650952454066,2.5117697070471703,4.688282082249976,32.28745874969314,41.70120192305513,50.00555064799503,59.85168789961994,-27.123321818643298,-8.745256056223392
2023-12-04,37.159649721390885,54.94518363223994,-17.785533910849058,2.4716603580349834,2.666734761908306,4.929037086302597,32.315195419642315,42.004104023139455,49.718383498899655,60.17198376558022,-27.446446600002147,-8.124621221695968
2023-12-05,37.25333594322949,54.78037190280312,-17.52703595957363,2.5118942766962418,2.6470657423382384,4.962530848388882,32.33002316090485,42.176648725554124,49.592123047820174,59.96862075778606,-27.25359642241584,-7.800475496731423
2023-12-06,37.44100609631315,54.70317672427172,-17.262170627958568,2.5509174872253952,2.6282037034716876,4.991429013589233,32.44120782135138,42.44080437127493,49.55189746546721,59.85445598307623,-27.045371494593464,-7.478969761323672
2023-12-07,37.447676762723475,54.74205269585189,-17.294375933128414,2.4444490826202494,2.522373017043722,4.785324577571743,32.656556560787784,42.238796964659166,49.7982015824462,59.68590380925758,-26.673612105169028,-7.915139761087799
2023-12-08,37.72919428740496,54.895160456088796,-17.165966168683845,2.507626623086292,2.511843483140212,4.624233477273936,32.81424610615583,42.64414246865409,49.97194722913398,59.81837368304361,-26.229463784140762,-8.10246855322693
2023-12-09,37.692894710208996,54.91493647892968,-17.222041768720686,2.435910432737039,2.439328689622923,4.488951300085771,32.9185102620444,42.46727915837359,50.133852247268756,59.69602071059061,-26.020386316888796,-8.423697220552576
2023-12-10,37.83398432805111,54.72601120543184,-16.892026877380726,2.4165232680784667,2.4702796766162938,4.535373221600169,33.09759872261731,42.570369933484905,49.8842630392639,59.56775937159978,-25.781358391717056,-8.002695363044394
2023-12-11,37.88943347702807,54.6560999501586,-16.766666473130535,2.4317577900330987,2.453633822875078,4.547024453798317,33.1231882085632,42.65567874549294,49.84697765732345,59.46522224299375,-25.678834402575234,-7.854498543685834
2023-12-12,37.76585306243276,54.77147878177382,-17.005625719341065,2.3839956519382928,2.4035441297212103,4.505363256325669,33.09322158463371,42.43848454023181,50.06053228752025,59.48242527602739,-25.836137701739375,-8.175113736942754
2023-12-13,37.89474338625175,54.69591731691133,-16.801173930659576,2.316559029227437,2.277250632013866,4.3185062903996005,33.35428768896597,42.435199083537526,50.23250607816415,59.159328555658504,-25.265446259842793,-8.33690160147636
2023-12-14,38.02095224332187,54.683150997157725,-16.662198753835856,2.2049860913432098,2.1057871022721,4.038105229536115,33.699179504289184,42.34272498235456,50.55580827670441,58.81049371761104,-24.57688500372664,-8.747512503945071
2023-12-15,37.99194083857001,54.71122701398616,-16.719286175416148,2.186011852233148,2.087499172733445,4.005535227167629,33.707357608193036,42.27652406894698,50.61972863542861,58.802725392543714,-24.5701352206647,-8.868437130167596
2023-12-16,37.982999865460165,54.79470613347786,-16.811706268017694,2.10281569398599,2.0182472408991114,3.8542222965099007,33.86148110524763,42.1045186256727,50.8389415413156,58.75047072564012,-24.3659819691771,-9.25743056685829
2023-12-17,37.98372061241951,54.46460154866535,-16.480880936245843,1.9683374176163455,2.3727047540261568,3.9152536360789014,34.125779273891474,41.84166195094755,49.81410023077408,59.11510286655662,-24.15477806296049,-8.806983809531197
2023-12-18,37.968790427563086,54.6237187823327,-16.65492835476962,1.8650313218118197,2.289304558668091,3.7392298005793663,34.31332903681192,41.62425181831425,50.13668184734324,59.110755717322164,-23.983818763905177,-9.326037945634063
2023-12-19,37.9384172295477,54.64685975783631,-16.70844252828861,1.8345901727018452,2.254933924276369,3.685150634461761,34.34262049105209,41.53421396804332,50.227189266254626,59.066530249417994,-23.93133777183366,-9.485547284743559
2023-12-20,37.80611671910778,54.83106193981194,-17.024945220704158,1.8293188170403334,2.1902194813663187,3.622155094253624,34.22065183770872,41.39158160050683,50.53823175633396,59.12389212328992,-24.124369205441262,-9.925521235967055
2023-12-21,37.672299926779345,54.95885064199926,-17.28655071521992,1.9035046018417912,2.2739910105013235,3.8120036145756337,33.94143090716943,41.40316894638926,50.50182826141667,59.415873022581856,-24.75807779978816,-9.815023630651678
2023-12-22,37.648987955834365,54.95167755843074,-17.302689602596374,1.8833306943670363,2.243624205609875,3.7620315085269067,33.95765979487497,41.34031611679376,50.55417411543539,59.34918100142609,-24.676271359309112,-9.929107845883637
2023-12-23,37.62435526494204,54.94443985433395,-17.32008458939191,1.861522193910943,2.211153598150481,3.7086279260127686,33.97577176487659,41.27293876500749,50.61057880195901,59.27830090670889,-24.58899532437694,-10.051173854406883
2023-12-24,37.63583118468639,54.93713545496051,-17.301304270274127,1.8312252904084814,2.1765502668643784,3.650125351916449,34.04662961548576,41.225032753887014,50.671096931906334,59.20317397801469,-24.455549960030368,-10.147058580517886
2023-12-25,37.60633455982669,54.929768340131425,-17.32343378030473,1.8068584362685636,2.1398055767453,3.589987369912495,34.06489202474031,41.147777094913074,50.735749409710635,59.123787270552214,-24.35980902533322,-10.287058535276238
2023-12-26,37.82865180553596,54.66708817753276,-16.8384363719968,1.984420694072133,2.2984504581153162,4.002008050722022,33.939187245154585,41.71811636591734,50.16212527962674,59.17205107543878,-24.68237215141196,-8.994500592581636
2023-12-27,38.03736496530723,54.48760334624997,-16.45023838094273,2.273996879939441,2.4855650076413753,4.521513496657943,33.580331080625925,42.49439884998854,49.615895931272874,59.359310761227064,-25.312404834392296,-7.588071927493161
2023-12-28,38.22101776670801,54.32843009910976,-16.107412332401754,2.486583214326321,2.629774897832226,4.909528102124816,33.34731466662842,43.0947208667876,49.174071299358594,59.482788898860925,-25.73008741256639,-6.484737252237116
2023-12-29,38.16794125761193,54.385214542360835,-16.217273284748906,2.455630758406428,2.596638047154874,4.8509527048354375,33.354904971135326,42.98097754408853,49.29580396993728,59.47462511478439,-25.725140586226363,-6.7094059832714485
2023-12-30,38.06596294401355,54.443094412084825,-16.377131468071276,2.456975039021966,2.560395917473494,4.817427860585396,33.25029186753049,42.881634020496605,49.42471841383678,59.46147041033287,-25.819290074818653,-6.9349728613238995
2023-12-31,37.96273386529076,54.50186806149076,-16.5391341962,2.4529508084312694,2.5210435138196057,4.77601983809032,33.15495028076547,42.77051744981605,49.56062277440434,59.443113348577185,-25.900133078857024,-7.178135313542972
2024-01-01,37.8586273732133,54.561297186715,-16.702669813501696,2.443525375650119,2.4786053971162114,4.7266726627481965,33.06931763693907,42.647937109487536,49.70323060836723,59.419363765062776,-25.96694823248816,-7.438391394515232
2024-01-02,37.84775528576651,54.71478350462555,-16.867028218859044,2.2713200009330086,2.263936945797002,4.331450081897753,33.39596808393782,42.299542487595204,50.277467090863425,59.15209991838768,-25.35667037937864,-8.377386058339448
2024-01-03,37.8477552857665,54.71478350462555,-16.86702821885904,2.2713200009330086,2.2639369457970018,4.331450081897752,33.39596808393781,42.2995424875952,50.277467090863425,59.15209991838768,-25.356670379378635,-8.377386058339447
2024-01-04,37.5278244597785,55.224493036697275,-17.69666857691877,2.2827455158913645,2.3337966143821856,4.433027777140508,33.053643248631424,42.00200567092558,50.65025167250819,59.79873440088636,-26.38540302011417,-9.007934133723374
2024-01-05,37.69190172509623,55.730341779061185,-18.03844005396495,2.3168561518442115,2.369635283251247,4.156421550376688,33.15086366748157,42.232939782710886,51.08585662388874,60.37482693423363,-26.18502629270326,-9.891853815226643
2024-01-06,37.69190172509623,55.73034177906118,-18.03844005396495,2.3168561518442115,2.369635283251247,4.156421550376688,33.15086366748157,42.232939782710886,51.08585662388873,60.374826934233624,-26.18502629270326,-9.891853815226643
2024-01-07,37.69190172509624,55.730341779061185,-18.03844005396495,2.3168561518442115,2.369635283251247,4.156421550376688,33.15086366748158,42.23293978271089,51.08585662388874,60.37482693423363,-26.18502629270326,-9.891853815226643
2024-01-08,36.9087503281524,55.73446807172242,-18.825717743570014,2.896737602635858,2.2140636577327317,4.546769855276561,31.23114462698612,42.58635602931868,51.39490330256626,60.07403284087857,-27.737386659912072,-9.914048827227955
2024-01-09,37.363625471344825,55.30273950139097,-17.93911403004614,2.9148497202551233,2.250157350965882,4.692971222742682,31.650520019644784,43.07673092304486,50.89243109349784,59.71304790928409,-27.1373376266218,-8.740890433470485
2024-01-10,37.551897115283744,55.12610615634932,-17.57420904106558,2.999510066139025,2.365355690866097,4.928210212235661,31.672857385651255,43.43093684491623,50.490009002251774,59.76220331044687,-27.233501057047476,-7.9149170250836836
2024-01-11,37.32419704040048,55.307087717501965,-17.982890677101487,3.024143595258943,2.4317436275623963,5.049482738260592,31.39687559369295,43.25151848710801,50.54087020747967,60.07330522752426,-27.879876844092244,-8.085904510110728
2024-01-12,37.32419704040048,55.30708771750196,-17.982890677101484,3.0241435952589426,2.4317436275623963,5.049482738260592,31.39687559369295,43.251518487108,50.540870207479664,60.07330522752425,-27.879876844092244,-8.085904510110725
2024-01-13,37.32419704040048,55.307087717501965,-17.982890677101487,3.0241435952589426,2.4317436275623963,5.049482738260592,31.39687559369295,43.251518487108,50.54087020747967,60.07330522752426,-27.879876844092244,-8.085904510110728
2024-01-14,37.70113449578788,54.89579328895834,-17.194658793170454,3.2162685841497987,2.828634248997155,5.694620272253924,31.39724807085428,44.00502092072149,49.351670160923916,60.43991641699276,-28.356114526788147,-6.033203059552763
2024-01-15,37.99926194620378,54.624552126187154,-16.625290179983374,3.3586077734209523,2.9657889173813086,6.009971146430419,31.416390710298714,44.58213318210885,48.81160584811979,60.43749840425452,-28.404833626986996,-4.845746732979752
2024-01-16,38.3633272451048,54.21088066504069,-15.84755341993589,3.337737093914711,3.040705398502634,6.1165052778176365,31.821362541031966,44.90529194917763,48.25109808397553,60.17066324610585,-27.835903764458457,-3.8592030754133226
2024-01-17,38.60917871053264,53.78564243551492,-15.17646372498228,3.2162211049292493,2.999070227421336,5.9548830108107405,32.30538534487131,44.91297207619397,47.90746478976911,59.66382008126074,-26.84803442617133,-3.5048930237932296
2024-01-18,38.37927811710274,54.312736007925324,-15.933457890822586,2.7198623659296524,2.543472954183383,5.012644823823209,33.04834787988062,43.71020835432486,49.327529017725894,59.29794299812475,-25.758241745516074,-6.108674036129097
2024-01-19,38.379278117102736,54.312736007925324,-15.933457890822584,2.7198623659296524,2.543472954183383,5.012644823823209,33.048347879880616,43.710208354324855,49.327529017725894,59.29794299812475,-25.758241745516074,-6.108674036129095
2024-01-20,38.36577722698146,54.272470404825164,-15.906693177843708,2.5947046164244782,2.4293009194951454,4.781572637142706,33.28015617878948,43.45139827517343,49.51104060261468,59.03390020703565,-25.278575546643413,-6.534810809044004
2024-01-21,37.463004684320246,55.184713374229325,-17.72170868990908,2.8055568006016585,2.7350703761256283,5.343700133768149,31.964113355140995,42.9618960134995,49.823975437023094,60.545451311435556,-28.19536095209465,-7.248056427723508
2024-01-22,37.77922279963707,54.76136778679132,-16.98214498715425,2.831246390521234,2.840451542719891,5.4860474961512375,32.22997987421545,43.328465725058685,49.19408276306033,60.32865281052231,-27.734798079610677,-6.229491894697825
2024-01-23,38.09118117722639,54.61865229510045,-16.527471117874065,2.736413300413191,2.6932796914572235,5.238640323418962,32.72781110841653,43.454551246036246,49.33982409984429,59.897480490356614,-26.79520615177523,-6.2597360839729
2024-01-24,38.18806402294168,54.528892047036024,-16.340828024094346,2.7662217688256145,2.7146722956441365,5.296597364669295,32.76626935604348,43.60985868983988,49.20813434757352,59.84964974649853,-26.722158858846164,-5.959497189342528
2024-01-25,38.23360876294888,54.561595360046,-16.327986597097112,2.7030011990313825,2.6565658588180088,5.167297068693578,32.93572641284737,43.53149111305039,49.354726276762705,59.76846444332929,-26.455888851736525,-6.200084342457698
2024-01-26,38.23360876294889,54.561595360046006,-16.327986597097112,2.703001199031383,2.656565858818009,5.167297068693578,32.93572641284738,43.5314911130504,49.354726276762705,59.76846444332931,-26.455888851736525,-6.200084342457698
2024-01-27,38.23360876294889,54.561595360046,-16.327986597097112,2.7030011990313825,2.6565658588180088,5.167297068693578,32.93572641284738,43.5314911130504,49.354726276762705,59.76846444332929,-26.455888851736525,-6.200084342457698
2024-01-28,38.035097358982554,54.283279059447054,-16.2481817004645,2.8212911680672272,2.7613403112097226,5.037430846210512,32.50536666957079,43.56482804839432,48.871052049476,59.69550606941811,-26.121546159037102,-6.374817241891897
2024-01-29,38.568850282066514,54.00451038618428,-15.435660104117765,2.8485941938528057,2.6801667732835583,5.0905513036726795,32.98560566211501,44.152094902018014,48.75138351054851,59.25763726182005,-25.41314065931622,-5.458179548919313
2024-01-30,38.4534481232436,54.21998065930718,-15.766532536063583,2.6874938780251787,2.541160336249704,4.839106839258823,33.18596012231425,43.720936124172944,49.23930640025776,59.200654918356605,-25.251181941010877,-6.28188313111629
2024-01-31,38.544591779580074,54.11457238269757,-15.569980603117493,2.7161240413492114,2.5761120224888203,4.916153930428182,33.22098865853562,43.86819490062453,49.06539281861948,59.163751946775655,-25.20564230675673,-5.9343188994782565
2024-02-01,38.4684254529973,54.29188725614167,-15.823461803144363,2.573956703162424,2.4879220447799635,4.701076849931681,33.42347031479895,43.513380591195656,49.41556004837294,59.1682144639104,-25.03757242901046,-6.609351177278269
2024-02-02,38.32317777418132,54.5006906827694,-16.177512908588085,2.5448140583294117,2.5265774529581764,4.729623794018567,33.33534221985567,43.31101332850697,49.548598874971375,59.45278249056743,-25.447575544864478,-6.907450272311694
2024-02-03,38.27860591336818,54.509860696263424,-16.231254782895242,2.5538030313738234,2.509727375533422,4.717193792630943,33.273151971875485,43.28405985486088,49.59079504021792,59.42892635230893,-25.47695461645189,-6.985554949338594
2024-02-04,38.414836918795,54.54586964151365,-16.131032722718647,2.4451589463264254,2.40519870659376,4.495190750503893,33.622325383995204,43.20734845359479,49.83168017658988,59.26005910643742,-24.941606593706275,-7.320458851731017
2024-02-05,38.16108446266785,54.61719052935151,-16.456106066683656,2.4697953432172617,2.330054577655182,4.472811350970375,33.32028558996202,43.001883335373684,50.05028355714735,59.18409750155567,-25.22281631458559,-7.689395818781723
2024-02-06,38.3490595925265,54.57304069307637,-16.223981100549867,2.498654915960752,2.252864819979395,4.4003268740613795,33.45169595724343,43.24642322780957,50.15742564591676,58.988655740235984,-24.84862177371017,-7.5993404273895635
2024-02-07,38.77166611197455,54.39621379829947,-15.624547686324924,2.6610082381227,2.173796234773215,4.484438351063896,33.55608996525405,43.98724225869504,50.13557317814397,58.65685441845497,-24.41404685441016,-6.835048518239688
2024-02-08,38.662958881905446,54.51316241627217,-15.850203534366726,2.6676953860782344,2.214045815018984,4.545479710916329,33.434275925192104,43.89164183861879,50.173632618834965,58.85269221370938,-24.75934376776273,-6.941063300970722
2024-02-09,38.662958881905446,54.51316241627217,-15.850203534366726,2.6676953860782344,2.214045815018984,4.545479710916329,33.434275925192104,43.89164183861879,50.173632618834965,58.85269221370938,-24.75934376776273,-6.941063300970722
2024-02-10,38.675388950197146,54.690289136249795,-16.014900186052646,2.5121591993845502,2.1583921771510006,4.303710796356034,33.75155691940343,43.599220980990864,50.459840469033836,58.920737803465755,-24.450173346910475,-7.579627025194819
2024-02-11,38.70753143821677,54.645637652545,-15.938106214328227,2.477809767789986,2.13714113741488,4.25369863112383,33.851024293348395,43.56403858308514,50.45684102321184,58.83443428187816,-24.275355531330934,-7.600856897325521
2024-02-12,38.7272094306739,54.727632713096774,-16.000423282422872,2.3337792857550608,2.0632431622003837,4.041310893861598,34.15300203059398,43.30141683075382,50.68367611518402,58.77158931100953,-23.921392634391605,-8.07945393045414
2024-02-13,38.99118329985328,54.613716894493045,-15.62253359463976,2.362420186786016,2.016387676634874,4.0161414990930995,34.36083973375269,43.621526865953875,50.66159704828869,58.5658367406974,-23.494170932862236,-7.750896256417286
2024-02-14,39.15866002706897,54.516863857301566,-15.358203830232597,2.177845442182637,2.0413947590895147,3.6731789142104896,34.890082960391,43.42723709374694,50.515730129486116,58.517997585117016,-22.557634502085158,-8.158773158380036
2024-02-15,38.88834401981519,54.55276473967039,-15.664420719855194,2.3124122214398906,1.9709843153731976,3.70620667457772,34.35601606579301,43.42067197383738,50.68963548153892,58.41589399780185,-22.928585802027523,-8.400255637682864
2024-02-16,38.56578983954041,54.58073790755544,-16.014948068015034,2.3743050318434293,1.8631612521964922,3.643226096108855,33.91215197712729,43.21942770195353,50.928941853250315,58.23253396186056,-23.15567121638839,-8.874224919641678
2024-02-17,38.56578983954041,54.580737907555445,-16.014948068015034,2.37430503184343,1.8631612521964924,3.643226096108855,33.91215197712729,43.21942770195353,50.92894185325032,58.23253396186057,-23.15567121638839,-8.874224919641678
2024-02-18,38.63760579917752,54.46824495072838,-15.830639151550866,2.372977473680571,1.9403453059164577,3.734679723614246,33.9865699507636,43.28864164759144,50.66516815113213,58.27132175032464,-23.150611409834788,-8.510666893266944
2024-02-19,38.860228260309015,54.58928576114556,-15.72905750083655,2.331317938828203,1.925569887923673,3.604463852900519,34.290845100205736,43.42961142041229,50.81516878081516,58.36340274147596,-22.793806652521567,-8.664308349151533
2024-02-20,39.05726300735787,54.26801967709257,-15.210756669734694,2.270030882148444,2.0827955041157904,3.8356356665869353,34.60800247834692,43.50652353636882,50.18574048902562,58.350298865159516,-22.728602576245088,-7.692910763224301
2024-02-21,39.07569131579023,54.21243634716202,-15.136745031371786,2.2426249519434718,2.0838485057649034,3.8119899373295847,34.68014640998103,43.47123622159943,50.12809327586281,58.29677941846123,-22.60824530853777,-7.6652447542058
2024-02-22,39.30204569791373,54.13788910803693,-14.835843410123207,2.267449439976588,1.985747854550942,3.805034140022312,34.857844795559615,43.74624660026784,50.245823313117086,58.029954902956774,-22.293710324566938,-7.3779764956794756
2024-02-23,39.24232045208597,54.02171243373253,-14.779391981646562,2.187538621069318,1.9516842230627753,3.644445332785535,34.954744754790106,43.529896149381834,50.196411356529495,57.84701351093557,-21.92250483390621,-7.636279129386914
2024-02-24,39.24232045208597,54.02171243373254,-14.779391981646564,2.187538621069318,1.9516842230627756,3.644445332785535,34.954744754790106,43.529896149381834,50.196411356529495,57.84701351093558,-21.92250483390621,-7.6362791293869154
2024-02-25,38.12902057796008,54.28373987266303,-16.154719294702947,3.1357911961230163,2.0748152329650447,4.242073332768087,31.982869833558965,44.27517132236119,50.21710201605154,58.35037772927451,-24.4691830269284,-7.840255562477495
2024-02-26,37.74304648774222,54.64546786672353,-16.90242137898131,3.009624860350913,2.095070102014135,4.277508169801691,31.84418176145443,43.64191121403001,50.53913046677582,58.751805266671234,-25.28633739179262,-8.518505366169995
2024-02-27,37.784169133088234,54.49624400238975,-16.712074869301514,3.1155903957827977,2.10959031202229,4.514972692277143,31.67761195735395,43.890726308822515,50.36144699082606,58.63104101395344,-25.561421346164714,-7.862728392438314
2024-02-28,37.78342509708709,54.669842348568295,-16.886417251481205,2.8264405496582077,1.9808374781237663,4.1363423511691515,32.243601619757,43.32324857441718,50.787400891445714,58.55228380569088,-24.99364825977274,-8.779186243189669
2024-02-29,37.83279882626725,54.613798368087814,-16.78099954182056,2.782204779870687,1.9574680999661471,4.08546373254947,32.3796774577207,43.2859201948138,50.777160892154164,58.45043584402146,-24.78850845761752,-8.773490626023598
2024-03-01,37.794869606366724,54.74360071838571,-16.948731112018983,2.682358133321846,1.9408322374302143,3.978917270531423,32.53744766505591,43.05229154767754,50.939569533022485,58.54763190374893,-24.74740896226057,-9.150053261777394
2024-03-02,37.806570753743934,54.56678098329308,-16.760210229549145,2.6059403809820205,2.00890751953799,3.938262548244667,32.69892760701917,42.914213900468695,50.62932224499862,58.50423972158754,-24.47920482410869,-9.041215634989598
2024-03-03,37.833680393334056,54.527291846171096,-16.693611452837033,2.5764985915019927,1.9968508421503715,3.9066418746797855,32.78374315399015,42.88361763267796,50.61346419555637,58.441119496785824,-24.350629527209414,-9.036593378464653
2024-03-04,37.56603758351761,54.747851969503984,-17.18181438598637,2.4902740021297234,1.9649364283829647,3.881427399897198,32.68510053934335,42.44697462769187,50.896576569873375,58.59912736913459,-24.78941208978488,-9.574216682187863
2024-03-05,37.66892630667268,54.78672050328693,-17.117794196614252,2.4511315147471446,1.9022818787461926,3.7603105429031163,32.86470853776828,42.47314407557708,51.05824802094439,58.51519298562947,-24.48800286070436,-9.747585532524145
2024-03-06,37.80127573408335,54.54651659823617,-16.74524086415282,2.20517925312907,1.8612037846766074,3.5323153588282032,33.47912439795037,42.12342707021632,50.89855718027002,58.194476016202316,-23.6685789674561,-9.821902760849541
2024-03-07,37.84135854048025,54.50670291710992,-16.665344376629665,2.1790867733675405,1.841019651193114,3.498395610292689,33.57034846467987,42.112368616280634,50.898304400771416,58.11510143344842,-23.522199772803337,-9.808488980455994
2024-03-08,37.84135854048025,54.50670291710992,-16.665344376629665,2.1790867733675405,1.841019651193114,3.498395610292689,33.57034846467987,42.112368616280634,50.898304400771416,58.11510143344842,-23.522199772803337,-9.808488980455994
2024-03-09,37.84135854048026,54.506702917109926,-16.66534437662967,2.1790867733675405,1.8410196511931143,3.498395610292689,33.57034846467988,42.112368616280634,50.89830440077142,58.11510143344843,-23.52219977280334,-9.808488980455998
2024-03-10,37.539050850372156,54.689054527125904,-17.150003676753748,2.3507419198413437,1.876464926121785,3.7637365191177277,32.93159668748312,42.14650501326119,51.01118327192721,58.3669257823246,-24.526927254224496,-9.773080099283002
2024-03-11,37.862794538446856,54.41287061010048,-16.55007607165362,2.226865316943884,1.8038093276997635,3.6482385963875537,33.498138517236846,42.227450559656866,50.87740432780894,57.948336892392014,-23.700623720573226,-9.399528422734015
2024-03-12,37.97128767093433,54.341083397729705,-16.369795726795374,2.1328388811213075,1.7245211552887014,3.501125996533016,33.790923463936565,42.151651877932096,50.96102193336385,57.72114486209556,-23.232002680000086,-9.507588773590662
2024-03-13,37.99677019453512,54.44718891957166,-16.450418725036542,2.065549233456953,1.7346706871844915,3.4194396684485042,33.94829369695949,42.045246692110744,51.047234372690056,57.84714346645326,-23.152520475195608,-9.748316974877474
2024-03-14,38.200653175864154,54.28102859908894,-16.080375423224787,2.178241778894146,1.8076840741194116,3.645781846957383,33.93129928923163,42.47000706249668,50.7379678138149,57.824089384362985,-23.226107843261257,-8.934643003188317
2024-03-15,38.562241607491615,54.17056798841775,-15.608326380926131,2.1490844626009546,1.691442698862535,3.492857922601897,34.35003606079374,42.77444715418949,50.855340298647185,57.48579567818832,-22.45432790922585,-8.762324852626413
2024-03-16,38.56224160749162,54.17056798841776,-15.608326380926133,2.1490844626009546,1.6914426988625353,3.4928579226018974,34.35003606079375,42.774447154189495,50.85534029864719,57.485795678188325,-22.454327909225853,-8.762324852626413
2024-03-17,38.556952660786045,54.32749554291375,-15.770542882127705,2.124834695197142,1.7020872007599916,3.4898262266102162,34.39227665819965,42.72162866337244,50.99140462942417,57.66358645640334,-22.61060228628373,-8.93048347797168
2024-03-18,38.556952660786045,54.32749554291375,-15.770542882127705,2.124834695197142,1.7020872007599916,3.4898262266102162,34.39227665819965,42.72162866337244,50.99140462942417,57.66358645640334,-22.61060228628373,-8.93048347797168
2024-03-19,38.52652006037387,54.2257071759863,-15.699187115612428,1.995317441166289,1.6605687348810536,3.2066092688942165,34.61569787568794,42.437342245059796,50.97099245561944,57.480421896353164,-21.98414128264509,-9.414232948579764
2024-03-20,39.0676599042415,53.70059318625946,-14.632933282017959,2.395750426756795,1.9758906423846623,4.045594535150875,34.37198906779818,43.76333074068482,49.827847527185526,57.573338845333396,-22.562298570913676,-6.703567993122244
2024-03-21,39.335119180024215,53.57231153272043,-14.237192352696216,2.3327393528953584,2.0580573297403624,4.121484683955401,34.76295004834931,43.90728831169912,49.53851916642932,57.606103899011536,-22.315302333248802,-6.159082372143629
2024-03-22,39.33511918002421,53.57231153272042,-14.237192352696214,2.3327393528953584,2.0580573297403624,4.1214846839554005,34.7629500483493,43.90728831169911,49.53851916642931,57.60610389901153,-22.3153023332488,-6.159082372143629
2024-03-23,39.335119180024215,53.57231153272043,-14.237192352696216,2.3327393528953584,2.0580573297403624,4.121484683955401,34.76295004834931,43.90728831169912,49.53851916642932,57.606103899011536,-22.315302333248802,-6.159082372143629
2024-03-24,39.284804437240965,53.659707027355715,-14.374902590114752,2.214702857011606,1.967625096303009,3.9258194108935434,34.943986837498215,43.625622036983714,49.80316183860182,57.51625221610961,-22.069508635466097,-6.680296544763407
2024-03-25,38.4300116026456,54.03514252741759,-15.605130924771991,2.4965889136958745,2.0269975888688956,3.6743767583845277,33.53669733180168,43.323325873489516,50.06222725323455,58.00805780160063,-22.806909371205666,-8.403352478338316
2024-03-26,38.39165660766415,54.15842630944267,-15.766769701778516,2.4257289885428373,2.0276739240037855,3.628341338569905,33.63722779012019,43.14608542520811,50.184185418395245,58.13266720049009,-22.87831872537553,-8.655220678181504
2024-03-27,38.35775618223556,54.07407967679409,-15.716323494558532,2.34142540523922,1.9792422937981926,3.5011628618004367,33.76856238796669,42.946949976504435,50.19476478094963,57.95339457263855,-22.578602703687388,-8.854044285429676
2024-03-28,38.4950137744264,53.964308070478616,-15.469294296052214,2.191744622543466,1.791377087075286,3.18536950922209,34.199194314241204,42.79083323461159,50.45320897981105,57.47540716114618,-21.712618534127508,-9.225970057976918
2024-03-29,38.69060586758648,53.843598884031294,-15.152993016444816,2.1879791826165635,1.7551102599781832,3.208889651016803,34.402166669658016,42.97904506551494,50.40358277447405,57.283614993588536,-21.44241673243775,-8.863569300451882
2024-03-30,38.69060586758648,53.843598884031294,-15.152993016444816,2.1879791826165635,1.7551102599781832,3.208889651016803,34.402166669658016,42.97904506551494,50.40358277447405,57.283614993588536,-21.44241673243775,-8.863569300451882
2024-03-31,38.88083268151422,53.75976990968698,-14.87893722817276,2.199560771249802,1.7141944599258985,3.2189698283957133,34.56969356986461,43.19197179316383,50.39994876823222,57.11959105114174,-21.188118091828358,-8.569756364517161
2024-04-01,38.88083268151422,53.75976990968698,-14.87893722817276,2.199560771249802,1.7141944599258985,3.218969828395713,34.56969356986461,43.19197179316383,50.39994876823222,57.11959105114174,-21.188118091828358,-8.569756364517161
2024-04-02,38.78717107792535,53.94167145850854,-15.154500380583185,2.1426411443854034,1.7724822992524387,3.2486617495078156,34.58759443492996,42.98674772092074,50.467606151973754,57.41573676504332,-21.521877409618504,-8.787123351547866
2024-04-03,38.706959177465485,54.167959084632265,-15.460999907166777,2.022851511585754,1.767303270144563,3.1555368644772828,34.74217021475741,42.67174814017356,50.70404467514892,57.63187349411561,-21.64585216154225,-9.276147652791302
2024-04-04,38.87034393616268,54.04479251428898,-15.174448578126299,2.0407743293047615,1.7642461394409403,3.2185042325109494,34.87042625072535,42.870261621600015,50.58687008098474,57.50271494759322,-21.48271687384776,-8.866180282404837
2024-04-05,39.17129851555531,53.93235317696981,-14.761054661414507,2.2215310504803862,1.7393974298696857,3.5132117489123216,34.817097656613754,43.52549937449686,50.52313421442523,57.3415721395144,-21.646949689282657,-7.875159633546357
2024-04-06,39.17129851555531,53.93235317696981,-14.761054661414507,2.221531050480386,1.7393974298696857,3.5132117489123216,34.817097656613754,43.52549937449686,50.52313421442523,57.3415721395144,-21.646949689282657,-7.875159633546357
2024-04-07,39.27598897453637,53.66448343717563,-14.388494462639263,2.1004086320051947,1.7796582915532846,3.4403986546671437,35.15918805580618,43.39278989326655,50.176353185731195,57.15261368862007,-21.131675825786864,-7.645313099491662
2024-04-08,39.34741933274281,53.715353019986274,-14.367933687243465,1.9625219025439757,1.7230637222719354,3.252450047583555,35.50087640375662,43.193962261729,50.33814812433328,57.09255791563927,-20.742735780507232,-7.993131593979697
2024-04-09,39.15010915038505,54.04524121943798,-14.895132069052934,2.021755942604959,2.042792433229718,3.66694044281437,35.18746750287933,43.11275079789077,50.04136805030774,58.04911438856823,-22.0823353369691,-7.707928801136769
2024-04-10,39.15010915038505,54.04524121943799,-14.895132069052936,2.021755942604959,2.0427924332297183,3.66694044281437,35.18746750287933,43.11275079789077,50.04136805030774,58.04911438856824,-22.082335336969102,-7.707928801136771
2024-04-11,39.36478071623347,54.010514194612696,-14.645733478379228,1.9260622535357288,1.962085171818567,3.53935292345606,35.58969869930344,43.1398627331635,50.1648272578483,57.85620113137709,-21.582865208353105,-7.70860174840535
2024-04-12,39.4152502399882,54.43825043778369,-15.023000197795488,1.8324934834032818,2.3764679218809612,3.6295123217882095,35.823563012517766,43.00693746745863,49.780373310897005,59.09612756467037,-22.13684434850038,-7.9091560470905975
2024-04-13,39.4152502399882,54.43825043778369,-15.023000197795488,1.8324934834032818,2.3764679218809612,3.6295123217882095,35.823563012517766,43.00693746745863,49.780373310897005,59.09612756467037,-22.13684434850038,-7.9091560470905975
2024-04-14,38.824088680275196,54.64153664219207,-15.817447961916878,1.9637374949353683,2.0652415431918127,3.522508947135151,34.975163190201876,42.673014170348516,50.59366321753612,58.689410066848026,-22.721565498301775,-8.913330425531981
2024-04-15,38.875321489938514,54.507051527288624,-15.631730037350108,1.920888687450309,1.9894956643324275,3.4437417991169355,35.110379662535905,42.64026331734112,50.607640025197064,58.406463029380184,-22.381463963619304,-8.881996111080914
2024-04-16,39.078658570297996,54.32250078692531,-15.243842216627316,2.0268814232593715,2.180501625774182,3.8515685449031034,35.10597098070963,43.051346159886364,50.04871760040791,58.59628397344271,-22.792916564637398,-7.694767868617234
2024-04-17,38.979620450624935,54.376092346509935,-15.396471895884996,1.9299691392584644,2.0572662381363678,3.6531731152856066,35.196880937678344,42.76235996357153,50.343850519762654,58.40833417325722,-22.556691201844785,-8.236252589925208
2024-04-18,39.11246512319541,54.24040981851856,-15.127944695323142,1.902838813415264,2.0226278927628165,3.6149267530503546,35.382901048901495,42.84202919748933,50.27605914870344,58.204760488333676,-22.213201131301837,-8.042688259344448
2024-04-19,39.11246512319542,54.24040981851856,-15.127944695323142,1.902838813415264,2.0226278927628165,3.6149267530503546,35.3829010489015,42.84202919748934,50.27605914870344,58.204760488333676,-22.213201131301837,-8.042688259344448
2024-04-20,39.19236762539177,54.13954776882608,-14.947180143434315,1.8463390788137053,1.9734065592707073,3.5250818175005425,35.57354303091691,42.811192219866626,50.27167091265549,58.007424624996666,-21.85634050573538,-8.03801978113325
2024-04-21,39.19236762539177,54.13954776882608,-14.947180143434315,1.8463390788137053,1.9734065592707073,3.5250818175005425,35.57354303091691,42.811192219866626,50.27167091265549,58.007424624996666,-21.85634050573538,-8.03801978113325
2024-04-22,38.71417778282995,54.593979645174215,-15.879801862344262,2.079661950929816,2.0004909930003545,3.7811142048448207,34.63804035900751,42.79031520665239,50.67301729889352,58.51494199145491,-23.29078570384011,-8.468818020848413
2024-04-23,38.65566086956061,54.69836169677339,-16.042700827212776,2.074992276421195,2.014643264326987,3.826494183310856,34.58867600777507,42.722645731346155,50.7496608986925,58.64706249485428,-23.542629426502053,-8.5427722279235
2024-04-24,38.87392650053517,54.513064765095976,-15.639138264560803,2.1117050394867998,2.02231891601856,3.895577920422503,34.734984623141045,43.012868377929294,50.5493196896996,58.47680984049235,-23.27447098858891,-8.003805540532696
2024-04-25,39.00734452810575,54.42203072462875,-15.414686196523002,2.029077705722389,1.9158135474379576,3.7335456269778735,35.03035222488987,42.98433683132163,50.66703617165035,58.17702527760714,-22.732435625399635,-8.096936767646369
2024-04-26,39.00734452810575,54.42203072462875,-15.414686196523004,2.029077705722389,1.9158135474379576,3.7335456269778735,35.03035222488987,42.98433683132163,50.66703617165035,58.17702527760714,-22.732435625399635,-8.096936767646373
2024-04-27,39.00734452810575,54.42203072462875,-15.414686196523002,2.029077705722389,1.9158135474379576,3.7335456269778735,35.03035222488987,42.98433683132163,50.66703617165035,58.17702527760714,-22.732435625399635,-8.096936767646369
2024-04-28,38.88095252709914,54.06314463171192,-15.182192104612781,2.015974345321817,2.2954454730333698,3.711683735003918,34.929642810268376,42.832262243929904,49.56407150456651,58.56221775885733,-22.45709222522046,-7.907291984005102
2024-04-29,38.79071650977697,54.209176117863066,-15.418459608086092,1.9923718317740362,2.307808601826289,3.731793354656025,34.88566771949986,42.695765300054084,49.68587125828354,58.73248097744259,-22.7327745832119,-8.104144632960283
2024-04-30,38.108266464727876,54.58197012018134,-16.473703655453466,2.362731792957806,2.250199957775202,4.057718264658842,33.47731215053058,42.73922077892517,50.171578202941944,58.99236203742073,-24.426831454184796,-8.520575856722136
2024-05-01,38.08749127352973,54.39921856210468,-16.311727288574946,2.228392051243044,2.1583859558776375,3.8130252761827923,33.71984285309336,42.455139693966096,50.16878208858451,58.62965503562485,-23.78525682989322,-8.838197747256674
2024-05-02,37.996330436867744,54.469707897893635,-16.47337746102589,2.195918738891823,2.1170082655177787,3.762493450371342,33.69232970863977,42.30033116509572,50.32037169747879,58.61904409830848,-23.847864623753722,-9.098890298298059
2024-05-03,37.75337605810197,54.73437867941125,-16.981002621309276,2.23403088204012,2.1894344358669855,3.938222866663264,33.37467552930334,42.1320765869006,50.443087185111956,59.025670173710544,-24.69991943996927,-9.26208580264928
2024-05-04,38.117605981539654,54.52416426478189,-16.406558283242237,2.1613876344128378,2.028479648170574,3.761506345051421,33.881286218090494,42.353925744988814,50.54834415436756,58.49998437519621,-23.77911071954302,-9.034005846941453
2024-05-05,38.117605981539654,54.52416426478189,-16.406558283242237,2.1613876344128378,2.0284796481705736,3.761506345051421,33.881286218090494,42.353925744988814,50.54834415436756,58.49998437519621,-23.77911071954302,-9.034005846941453
2024-05-06,38.1276348043284,54.5640152162645,-16.4363804119361,2.1242537026429917,2.002780423333084,3.710314603203576,33.964097547148135,42.29117206150867,50.638565586531655,58.48946484599735,-23.70859703421511,-9.16416378965709
2024-05-07,37.97106016601057,54.65304544969707,-16.6819852836865,1.948724265563001,1.948708425220048,3.500591594335781,34.151560605507086,41.79055972651405,50.83357693626577,58.472513963128364,-23.543144808584632,-9.82082575878837
2024-05-08,37.77439846681498,54.58217270743851,-16.807774240623534,2.025311593698709,1.8560115256449987,3.3880777809201543,33.80478774316551,41.744009190464446,50.944390117174315,58.219955297702704,-23.448406691227035,-10.167141790020032
2024-05-09,37.84054345368357,54.58182194158851,-16.741278487904935,1.983858808996824,1.7987766284419862,3.296525866199125,33.952180188049795,41.72890671931735,51.056219749842214,58.1074241333348,-23.202469185655218,-10.280087790154651
2024-05-10,37.84054345368357,54.58182194158851,-16.741278487904935,1.983858808996824,1.7987766284419862,3.296525866199125,33.952180188049795,41.72890671931735,51.056219749842214,58.1074241333348,-23.202469185655218,-10.280087790154651
2024-05-11,37.84054345368357,54.5818219415885,-16.741278487904932,1.983858808996824,1.7987766284419862,3.296525866199125,33.952180188049795,41.72890671931735,51.05621974984221,58.107424133334796,-23.202469185655218,-10.280087790154647
2024-05-12,38.02717447248599,54.46459061509116,-16.437416142605173,2.01104028708354,1.775036339370703,3.334581387404358,34.08553550980225,41.96881343516973,50.98551938992458,57.94366184025774,-22.973195661917714,-9.901636623292632
2024-05-13,38.47863564451632,54.10514232349334,-15.626506678977025,2.1225166848025716,1.9890555213314516,3.711615725683672,34.318502942303276,42.63876834672936,50.20659350168369,58.00369114530299,-22.90127350131702,-8.351739856637028
2024-05-14,38.514990621133556,54.22812809223484,-15.713137471101287,2.0360845937923306,1.967415969871978,3.5762813180604667,34.52426481730059,42.50571642496652,50.37199279128576,58.08426339318392,-22.722648854499802,-8.703626087702773
2024-05-15,38.544186003859174,54.0477166531202,-15.50353064926103,1.9314273554246193,1.8281277357093666,3.3074329368703324,34.75858838722692,42.329783620491426,50.46458629112984,57.630847015110554,-21.986099205526884,-9.020962092995179
2024-05-16,38.59562129142278,54.05342034832608,-15.4577990569033,2.0482803167658616,1.7912597219183153,3.4629535489441294,34.58099187056169,42.61025071228387,50.54255129336618,57.564289403285976,-22.245188012833793,-8.670410100972806
2024-05-17,38.59562129142278,54.053420348326085,-15.457799056903301,2.048280316765862,1.7912597219183153,3.4629535489441294,34.58099187056169,42.61025071228387,50.54255129336619,57.56428940328598,-22.245188012833793,-8.670410100972807
2024-05-18,38.59562129142278,54.053420348326085,-15.457799056903303,2.048280316765862,1.7912597219183153,3.4629535489441294,34.58099187056169,42.61025071228387,50.54255129336619,57.56428940328598,-22.245188012833797,-8.67041010097281
2024-05-19,38.59562129142278,54.053420348326085,-15.457799056903301,2.0482803167658616,1.7912597219183153,3.4629535489441294,34.58099187056169,42.61025071228387,50.54255129336619,57.56428940328598,-22.245188012833793,-8.670410100972807
2024-05-20,38.336108469282856,54.4809782939238,-16.14486982464094,2.10993986318278,1.8626450689077214,3.702256099059005,34.200626337444604,42.47159060112111,50.83019395886466,58.13176262898293,-23.40129177879659,-8.888447870485289
2024-05-21,38.15105652326735,54.6775262814572,-16.526469758189855,2.133705604623207,1.9140534914350706,3.8037551072245703,33.968993538205865,42.333119508328835,50.925981438244456,58.42907112466994,-23.98182976835001,-9.071109748029697
2024-05-22,38.15105652326735,54.6775262814572,-16.526469758189855,2.133705604623207,1.9140534914350706,3.8037551072245703,33.968993538205865,42.333119508328835,50.925981438244456,58.42907112466994,-23.98182976835001,-9.071109748029697
2024-05-23,38.0199489653241,54.458459451476664,-16.438510486152566,1.8974233550281594,1.8156130820360448,3.342203352452217,34.300999189468904,41.73889874117929,50.899857810686015,58.01706109226731,-22.989229056958912,-9.88779191534622
2024-05-24,38.01994896532409,54.45845945147666,-16.438510486152566,1.8974233550281592,1.8156130820360448,3.342203352452217,34.3009991894689,41.738898741179284,50.89985781068601,58.017061092267305,-22.989229056958912,-9.88779191534622
2024-05-25,38.0199489653241,54.458459451476664,-16.438510486152566,1.8974233550281594,1.8156130820360448,3.342203352452217,34.300999189468904,41.73889874117929,50.899857810686015,58.01706109226731,-22.989229056958912,-9.88779191534622
2024-05-26,37.67317077989753,54.333105024168795,-16.659934244271263,2.133930092553936,1.7774894160691332,3.2661760404757585,33.49066779849182,41.855673761303244,50.84922576867329,57.8169842796643,-23.06163928360375,-10.258229204938775
2024-05-27,37.67317077989753,54.333105024168795,-16.659934244271263,2.133930092553936,1.7774894160691332,3.266176040475758,33.49066779849182,41.855673761303244,50.84922576867329,57.8169842796643,-23.061639283603746,-10.258229204938777
2024-05-28,37.678114685583466,54.60736175759914,-16.92924707201568,2.0262028663413663,1.8933209949202499,3.215312777042338,33.70675706755439,41.64947230361254,50.89645260755545,58.318270907642834,-23.231260115018664,-10.627234029012698
2024-05-29,38.16032741101685,54.28430440457883,-16.123976993561985,2.135627577228159,1.8178417109113452,3.3902506143828943,33.97449735964966,42.34615746238404,50.7213346511926,57.84727415796507,-22.768868197752457,-9.479085789371513
2024-05-30,38.26543371768097,54.23231889407519,-15.966885176394225,2.140867111323905,1.7916568370773405,3.388835984003956,34.06933417948612,42.46153325587582,50.72067149340361,57.74396629474678,-22.609003705041978,-9.324766647746472
2024-05-31,37.643476284654504,54.69943691441658,-17.05596062976208,2.1329358679853567,1.7566056566158317,3.4859356997756414,33.462921983403206,41.8240305859058,51.25648982744955,58.14238400138361,-23.888394601322336,-10.223526658201823
2024-06-01,37.756431391911285,54.69002536776241,-16.933593975851128,2.0440932811610026,1.661276416589665,3.31561306819963,33.75000856083572,41.76285422298685,51.43392359124667,57.94612714427815,-23.4321955895224,-10.434992362179853
2024-06-02,37.75643139191128,54.6900253677624,-16.933593975851128,2.0440932811610026,1.661276416589665,3.3156130681996294,33.75000856083571,41.762854222986846,51.43392359124666,57.946127144278144,-23.4321955895224,-10.434992362179855
2024-06-03,37.761568185350875,54.76516089426461,-17.00359270891374,1.9848580041503927,1.6386446354761046,3.248507048575265,33.871246497216106,41.65188987348564,51.55341740873145,57.97690437979777,-23.37066652412126,-10.63651889370622
2024-06-04,37.668069886056884,54.87277341667209,-17.204703530615202,1.929553247020664,1.613142467466126,3.192144150392765,33.88614552189638,41.44999425021739,51.71101418043848,58.034532652905696,-23.46130606538502,-10.948100995845383
2024-06-05,37.20757586858046,55.199119350404,-17.991543481823534,1.8767016343995837,1.5765164562687957,3.139135060592051,33.52924066515728,40.885911072003644,52.109147096117155,58.28909160469084,-24.144248200583952,-11.838838763063114
2024-06-06,37.1674862346737,55.341484869725136,-18.173998635051433,1.8186168256599322,1.611810371617684,3.1075995644784054,33.602997256380235,40.73197521296717,52.18233654135447,58.5006331980958,-24.26489378142911,-12.083103488673759
2024-06-07,37.16748623467371,55.34148486972514,-18.173998635051433,1.8186168256599322,1.611810371617684,3.1075995644784054,33.60299725638024,40.73197521296718,52.18233654135448,58.500633198095805,-24.26489378142911,-12.083103488673759
2024-06-08,37.16748623467371,55.34148486972514,-18.173998635051433,1.8186168256599322,1.611810371617684,3.107599564478406,33.60299725638024,40.73197521296718,52.18233654135448,58.500633198095805,-24.26489378142911,-12.083103488673757
2024-06-09,37.30428210645376,55.238905688427735,-17.934623581973973,1.9343929455679965,1.678644044468648,3.317124925510045,33.51287193314049,41.095692279767036,51.94876336126919,58.529048015586284,-24.436188435973662,-11.433058727974284
2024-06-10,37.61118195606663,55.31688489939403,-17.705702943327402,1.9835233878215432,1.6691459111042446,3.2961244253966213,33.72347611593641,41.498887796196854,52.04535891362971,58.58841088515835,-24.16610681710478,-11.245299069550025
2024-06-11,37.421989814550834,55.510916865056345,-18.08892705050551,1.9172322409241205,1.7346739841451662,3.3230133080600854,33.66421462233956,41.17976500676211,52.11095585613182,58.91087787398087,-24.602033134303277,-11.575820966707743
2024-06-12,37.76883233874777,55.112846318202244,-17.344013979454473,1.7388751147063108,1.9369514952790858,3.3101534384510365,34.3606371139234,41.17702756357214,51.316421387455236,58.90927124894925,-23.831914718818503,-10.856113240090442
2024-06-13,37.76883233874777,55.112846318202244,-17.344013979454473,1.7388751147063108,1.9369514952790858,3.3101534384510365,34.3606371139234,41.17702756357214,51.316421387455236,58.90927124894925,-23.831914718818503,-10.856113240090442
2024-06-14,37.76883233874777,55.11284631820225,-17.344013979454473,1.7388751147063108,1.9369514952790858,3.3101534384510365,34.3606371139234,41.17702756357214,51.31642138745524,58.90927124894926,-23.831914718818503,-10.856113240090442
2024-06-15,37.76883233874777,55.112846318202244,-17.344013979454473,1.7388751147063108,1.9369514952790858,3.3101534384510365,34.3606371139234,41.17702756357214,51.316421387455236,58.90927124894925,-23.831914718818503,-10.856113240090442
2024-06-16,37.76883233874777,55.112846318202244,-17.344013979454473,1.7388751147063108,1.9369514952790858,3.3101534384510365,34.3606371139234,41.17702756357214,51.316421387455236,58.90927124894925,-23.831914718818503,-10.856113240090442
2024-06-17,38.90641039935788,54.14029736270927,-15.233886963351384,2.261528627968017,2.311732895619394,4.362013308123502,34.47381428854057,43.339006510175196,49.609300887295255,58.67129383812328,-23.783433047273448,-6.684340879429321
2024-06-18,38.817737278409666,54.44339228740039,-15.625655008990728,2.1334489144767446,2.242107075968344,4.1656274205985095,34.636177406035245,42.99929715078409,50.04886241850244,58.83792215629835,-23.790284753363807,-7.46102526461765
2024-06-19,38.81773727840966,54.44339228740039,-15.625655008990726,2.1334489144767446,2.242107075968344,4.1656274205985095,34.63617740603524,42.99929715078408,50.04886241850244,58.83792215629835,-23.790284753363807,-7.461025264617648
2024-06-20,39.27818579942307,54.02092888903408,-14.742743089611004,2.190370255187476,2.2806301141971494,4.300472843634947,34.98506009925562,43.57131149959052,49.55089386520767,58.490963912860494,-23.1716698631355,-6.313816316086509
2024-06-21,39.27818579942307,54.020928889034074,-14.742743089611004,2.190370255187476,2.2806301141971494,4.300472843634947,34.98506009925562,43.57131149959052,49.55089386520766,58.49096391286049,-23.1716698631355,-6.313816316086509
2024-06-22,39.09807477339479,54.00364805792479,-14.905573284529998,2.2140908911211996,2.17541603637222,4.17655408695758,34.75845662679724,43.437692919992344,49.73983262663524,58.26746348921434,-23.091619294966854,-6.71952727409314
2024-06-23,38.60854919494292,54.30105087184098,-15.692501676898065,2.2114291659123806,2.0232420125522363,4.042291429904985,34.27414802975465,42.942950360131185,50.3354965272386,58.26660521644336,-23.615392879511834,-7.769610474284295
2024-06-24,38.434455399467446,54.272472930703124,-15.83801753123568,2.3533346649284135,2.179740950950925,3.5393133426304146,33.82191945620775,43.04699134272714,50.00018066683931,58.544765194566935,-22.775071682791292,-8.900963379680068
2024-06-25,38.11546115029747,54.67500004433093,-16.559538894033462,2.3173704499320227,2.249986217797135,3.718133538383637,33.573415068430705,42.657507232164235,50.26502705744854,59.084973031213316,-23.847080629265392,-9.271997158801533
2024-06-26,38.11546115029747,54.67500004433093,-16.559538894033462,2.3173704499320227,2.249986217797135,3.718133538383637,33.573415068430705,42.657507232164235,50.26502705744854,59.084973031213316,-23.847080629265392,-9.271997158801533
2024-06-27,38.127495463743365,54.655516493473186,-16.52802102972982,2.2734425178304027,2.2090667243698854,3.6499087710996854,33.67154812879578,42.58344279869095,50.32574571370821,58.985287273238164,-23.681842221085205,-9.374199838374437
2024-06-28,38.224613345689896,54.78147955111514,-16.556866205425248,2.055511821090375,2.00299155031977,3.2845958928559242,34.195810176352765,42.25341651502703,50.85561611248839,58.70734298974189,-22.99467415542286,-10.119058255427635
2024-06-29,38.02172169525819,54.88377802347307,-16.862056328214884,2.1873035508781116,2.0013884987403956,3.4628920820718245,33.734606735537085,42.30883665497929,50.961056565941895,58.806499481004245,-23.649324809075658,-10.074787847354107
2024-06-30,37.62575241056556,54.97488451566312,-17.349132105097564,2.3067018900550575,1.7463564582229438,3.4548772349853656,33.10461670605765,42.14688811507347,51.55202585754615,58.39774317378009,-24.12069148566888,-10.577572724526247
2024-07-01,37.71507792991778,54.95918329339655,-17.244105363478766,2.2230787790825013,1.702633928415024,3.35431222581683,33.35784352291608,42.07231233691949,51.6220207937031,58.29634579309,-23.818557326079752,-10.669653400877781
2024-07-02,37.55704681690369,55.180453455563864,-17.623406638660168,2.1788325485539723,1.7747640927320887,3.4274030966607207,33.286535021737905,41.82755861206948,51.70191583380897,58.65899107731876,-24.34111670811518,-10.905696569205155
2024-07-03,37.555779347416134,55.20304509607818,-17.647265748662047,2.1564781363748,1.7634926941636797,3.396231110460141,33.329082200121526,41.78247649471074,51.746599415517366,58.65949077663899,-24.303878725163923,-10.990652772160171
2024-07-04,37.55577934741613,55.20304509607818,-17.647265748662043,2.1564781363748,1.7634926941636797,3.3962311104601404,33.32908220012152,41.782476494710735,51.746599415517366,58.65949077663899,-24.30387872516392,-10.990652772160168
2024-07-05,37.555779347416134,55.20304509607818,-17.647265748662043,2.1564781363748,1.7634926941636797,3.3962311104601404,33.329082200121526,41.78247649471074,51.746599415517366,58.65949077663899,-24.30387872516392,-10.990652772160168
2024-07-06,37.555779347416134,55.20304509607818,-17.647265748662043,2.1564781363748,1.7634926941636797,3.3962311104601404,33.329082200121526,41.78247649471074,51.746599415517366,58.65949077663899,-24.30387872516392,-10.990652772160168
2024-07-07,36.85421413590163,56.08585387931479,-19.231639743413158,2.575759835932515,2.4695237717094733,4.708477277269161,31.805724857473898,41.90270341432936,51.24558728676422,60.92612047186536,-28.460255206860715,-10.003024279965603
2024-07-08,37.21306446600818,55.56160633062548,-18.348541864617303,2.338211086821534,2.4169568743084398,4.45313482980192,32.63017073583797,41.79595819617838,50.82437085698094,60.29884180427002,-27.076686131029064,-9.62039759820554
2024-07-09,37.05229093006306,55.605952297914335,-18.55366136785128,2.1954755247141513,2.1892679975405915,4.0799523218260365,32.749158901623325,41.35542295850279,51.314987022734776,59.896917573093894,-26.55036791863031,-10.55695481707225
2024-07-10,37.458203731697544,55.36761218668708,-17.909408454989542,2.245501720620803,2.0790474980296345,4.043688978197144,33.05702035928077,41.85938710411432,51.292679090549,59.442545282825165,-25.835038852255945,-9.98377805772314
2024-07-11,37.698886155659395,55.24816265131149,-17.549276495652094,2.2636751106786765,2.013061751929425,4.007241799092778,33.262082938729186,42.1356893725896,51.30256161752982,59.19376368509316,-25.40347042187394,-9.695082569430248
2024-07-12,37.698886155659395,55.24816265131149,-17.549276495652094,2.2636751106786765,2.013061751929425,4.007241799092778,33.262082938729186,42.1356893725896,51.30256161752982,59.19376368509316,-25.40347042187394,-9.695082569430248
2024-07-13,37.698886155659395,55.248162651311496,-17.549276495652098,2.2636751106786765,2.013061751929425,4.007241799092778,33.262082938729186,42.1356893725896,51.302561617529825,59.19376368509317,-25.403470421873944,-9.695082569430252
2024-07-14,37.844960438170844,55.19845703786875,-17.35349659969791,2.0938219893379597,1.8738054944451732,3.7295931097970616,33.741069339068446,41.94885153727324,51.52579826875621,58.87111580698129,-24.66349909490015,-10.043494104495668
2024-07-15,38.01316712099157,54.888827850091396,-16.875660729099828,2.032237186991043,2.0868498843386987,3.8772651094895134,34.029982234489125,41.99635200749401,50.798602076787546,58.979053623395245,-24.475100343699275,-9.27622111450038
2024-07-16,37.944248702146936,55.0595397845739,-17.115291082426964,2.0032011077645584,2.1646542702025013,3.9197829557662294,34.0179745309284,41.87052287336547,50.816817414976995,59.302262154170805,-24.798065675728772,-9.432516489125154
2024-07-17,37.944248702146936,55.05953978457389,-17.11529108242696,2.0032011077645584,2.1646542702025013,3.9197829557662294,34.0179745309284,41.87052287336547,50.81681741497699,59.3022621541708,-24.798065675728772,-9.43251648912515
2024-07-18,37.944248702146936,55.05953978457389,-17.11529108242696,2.0032011077645584,2.1646542702025013,3.9197829557662294,34.0179745309284,41.87052287336547,50.81681741497699,59.3022621541708,-24.798065675728772,-9.43251648912515
2024-07-19,37.94424870214693,55.05953978457389,-17.11529108242696,2.0032011077645584,2.1646542702025013,3.9197829557662294,34.01797453092839,41.870522873365466,50.81681741497699,59.3022621541708,-24.798065675728772,-9.43251648912515
2024-07-20,38.049344498589136,54.87465233438215,-16.825307835793005,1.943141236657326,2.1543157784865863,3.861317274384645,34.24078767474078,41.85790132243749,50.65219340854844,59.097111260215854,-24.393489693586908,-9.257125977999102
2024-07-21,37.898806799207584,55.052252936451175,-17.153446137243588,2.0808424556578773,2.0260747975622135,3.8168173291720935,33.82035558611815,41.97725801229702,51.081146333229235,59.023359539673116,-24.634408102420892,-9.672484172066284
2024-07-22,37.91021740411838,54.889414819281136,-16.97919741516276,2.011825795898215,2.1166052682816163,3.8473844665668864,33.96703884415788,41.85339596407888,50.74086849344917,59.0379611451131,-24.520070969633856,-9.43832386069166
2024-07-23,37.910151683391526,54.94052043773121,-17.030368754339683,1.9644141045630223,2.0818398070101942,3.7660324240357537,34.059900038448,41.76040332833505,50.86011441599123,59.02092645947119,-24.41179230544976,-9.648945203229605
2024-07-24,38.50313347101802,54.40558408903433,-15.902450618016305,2.1942365653429805,2.125870153947351,4.076395508361017,34.20242980294577,42.80383713909026,50.23887858729752,58.572289590771135,-23.8921858144039,-7.912715421628712
2024-07-25,38.367236282438,54.353697140491406,-15.986460858053409,2.1148201515963754,1.9885130220810334,3.8518981453271053,34.22218878530911,42.51228377956689,50.45621161721258,58.25118266377023,-23.536181222894534,-8.436740493212284
2024-07-26,38.48796028970393,54.42035413201117,-15.932393842307242,2.106108851165088,1.9460655229275716,3.7412998943075,34.35998694142035,42.6159336379875,50.60606570707313,58.23464255694921,-23.265341635149944,-8.599446049464541
2024-07-27,38.48796028970393,54.42035413201117,-15.93239384230724,2.1061088511650876,1.9460655229275716,3.7412998943075,34.35998694142036,42.615933637987496,50.60606570707313,58.23464255694921,-23.26534163514994,-8.59944604946454
2024-07-28,38.15232173449615,54.67653870968662,-16.52421697519047,2.16285362854371,1.933351794573427,3.8500858461341902,33.913128622550474,42.39151484644182,50.8871691923227,58.465908227050534,-24.070385233613482,-8.978048716767457
2024-07-29,38.315698498556415,54.50712767976599,-16.19142918120958,2.1790182777236975,1.9506869334606642,3.9129236100830416,34.04482267421797,42.58657432289486,50.68378129018309,58.330474069348895,-23.86075945697234,-8.522098905446818
2024-07-30,38.28976419455989,54.62935286510644,-16.339588670546544,2.1336219159742043,1.9903874670432649,3.8884680394834956,34.10786523925045,42.471663149869336,50.72819342970164,58.53051230051124,-23.960986027934194,-8.718191313158894
2024-07-31,38.42588699104533,54.582231906688605,-16.156344915643274,2.160290288343797,1.949793036129499,3.8701944738374436,34.19171802589149,42.66005595619917,50.76063755587479,58.40382625750242,-23.741926084364664,-8.570763746921884
2024-08-01,38.31757433409329,54.35311772750291,-16.035543393409622,2.090457568678383,1.9623772971548559,3.7429920201892153,34.22027749948366,42.414871168702916,50.5068582250794,58.19937722992643,-23.371807752980484,-8.69927903383876
2024-08-02,38.23147649276641,54.69525808447996,-16.46378159171355,2.0208483943518982,2.191214475286271,3.850842834094857,34.27061363983669,42.19233934569613,50.40047771291887,58.99003845604105,-24.011433546539468,-8.916129636887629
2024-08-03,38.19475409340375,54.64988085037366,-16.45512675696991,1.9936987214477966,2.1557261705783666,3.7704606407612906,34.287104599366074,42.10240358744143,50.42465755604007,58.87510414470726,-23.845229612862042,-9.065023901077781
2024-08-04,38.67634292875809,54.32975074873443,-15.653407819976344,2.2599051255616818,2.072462456702228,3.979673498564347,34.246928882657194,43.105756974858984,50.26772433359807,58.3917771638708,-23.453567877162463,-7.8532477627902235
2024-08-05,38.27805674769473,54.50135721070743,-16.223300463012706,2.3135318878288227,1.985698875157938,3.9734239726163914,33.74353424755024,42.81257924783922,50.609387415397876,58.39332700601699,-24.011211449340834,-8.435389476684579
2024-08-06,38.30354601236715,54.532583997406284,-16.22903798503913,2.2506038563690844,1.931521504847299,3.858534085095251,33.89236245388374,42.71472957085056,50.74680184790558,58.31836614690699,-23.791764791825823,-8.666311178252439
2024-08-07,38.51923434602405,54.268396675247914,-15.749162329223862,2.2382711115982907,2.00545611945197,3.9495894790530377,34.1322229672914,42.9062457247567,50.33770268112205,58.199090669373774,-23.490357708167817,-8.007966950279908
2024-08-08,38.51923434602406,54.26839667524792,-15.749162329223866,2.238271111598291,2.00545611945197,3.949589479053038,34.132222967291405,42.90624572475671,50.33770268112206,58.19909066937378,-23.49035770816782,-8.007966950279911
2024-08-09,38.51923434602406,54.26839667524792,-15.749162329223864,2.2382711115982907,2.00545611945197,3.949589479053038,34.132222967291405,42.90624572475671,50.33770268112206,58.19909066937378,-23.49035770816782,-8.00796695027991
2024-08-10,38.51923434602406,54.26839667524792,-15.749162329223864,2.238271111598291,2.00545611945197,3.949589479053038,34.132222967291405,42.90624572475671,50.33770268112206,58.19909066937378,-23.49035770816782,-8.00796695027991
2024-08-11,38.57456716034931,54.23551383901542,-15.660946678666104,2.245528756544696,1.9962614113765735,3.9521281125380687,34.17333079752171,42.975803523176914,50.322841472717336,58.1481862053135,-23.407117779240718,-7.914775578091489
2024-08-12,38.475945445325245,54.43952596282694,-15.963580517501697,2.1168898610677918,1.9438497128214636,3.7827736967572623,34.32684131763237,42.62504957301812,50.62958052569687,58.24947139995701,-23.377816963145932,-8.549344071857462
2024-08-13,38.08703338388801,54.451289999029036,-16.36425661514102,2.0336598629391007,1.7951111349845978,3.4347426125109513,34.10106005252737,42.07300671524865,50.93287217445923,57.969707823598846,-23.096352135662485,-9.632161094619555
2024-08-14,38.39958920478404,54.2729130752165,-15.873323870432463,2.0880201696190013,1.6686560397011538,3.399071845972324,34.3070696723308,42.49210873723729,51.00234723740224,57.54347891303076,-22.535504688538218,-9.211143052326708
2024-08-15,38.752280209905635,54.064954388004935,-15.312674178099304,2.003051727193049,1.5538151489452143,3.251130815426803,34.82629882460726,42.67826159520401,51.01947669607232,57.11043207993755,-21.68489057633584,-8.94045777986277
2024-08-16,38.752280209905635,54.06495438800494,-15.312674178099305,2.003051727193049,1.5538151489452143,3.251130815426803,34.82629882460726,42.67826159520401,51.019476696072324,57.11043207993756,-21.68489057633584,-8.940457779862772
2024-08-17,38.752280209905635,54.06495438800494,-15.312674178099305,2.003051727193049,1.5538151489452143,3.2511308154268033,34.82629882460726,42.67826159520401,51.019476696072324,57.11043207993756,-21.68489057633584,-8.940457779862772
2024-08-18,38.7878192552466,54.062262734447756,-15.27444347920115,2.002235973915824,1.5389242060513297,3.2333413063022274,34.86343674637159,42.712201764121616,51.04597129058715,57.078554178308366,-21.611792439553515,-8.937094518848784
2024-08-19,38.7878192552466,54.06226273444775,-15.27444347920115,2.002235973915824,1.5389242060513297,3.2333413063022274,34.86343674637159,42.712201764121616,51.04597129058714,57.07855417830836,-21.611792439553515,-8.937094518848784
2024-08-20,39.45219026548932,53.22575922908202,-13.773568963592705,2.3785447955739745,2.2083898706068044,4.389093908941533,34.79024246616433,44.11413806481431,48.897315082692685,57.55420337547136,-22.37619302511811,-5.170944902067301
2024-08-21,39.446179055378074,53.25947526026487,-13.813296204886795,2.3513538729761607,2.194008801753612,4.346641267656895,34.8375254643448,44.05483264641135,48.95921800882779,57.55973251170195,-22.33271308949431,-5.293879320279281
2024-08-22,39.67936374575461,53.08966152616886,-13.41029778041426,2.3145284545407443,2.123053968464168,4.256154139514545,35.142887974854744,44.21583951665447,48.92847574797909,57.25084730435863,-21.752359893862767,-5.068235666965752
2024-08-23,39.67936374575461,53.08966152616887,-13.41029778041426,2.3145284545407443,2.1230539684641685,4.256154139514545,35.142887974854744,44.21583951665447,48.9284757479791,57.250847304358636,-21.752359893862767,-5.068235666965752
2024-08-24,39.67936374575461,53.08966152616887,-13.41029778041426,2.3145284545407443,2.1230539684641685,4.256154139514545,35.142887974854744,44.21583951665447,48.9284757479791,57.250847304358636,-21.752359893862767,-5.068235666965752
2024-08-25,39.52348282616115,53.1336992520017,-13.610216425840543,2.0731085251593164,1.8845228133070844,3.7888456621962012,35.46019011684889,43.58677553547341,49.440034537919814,56.82736396608358,-21.036353923745096,-6.184078927935988
2024-08-26,39.45599221649793,53.22205186340457,-13.76605964690664,1.9912309835635236,1.8208198083944176,3.6522687605485946,35.553179488713425,43.35880494428244,49.65324503895152,56.79085868785763,-20.924506417581885,-6.6076128762313955
2024-08-27,40.26160329594709,52.605870925201806,-12.344267629254716,2.8836031909257853,2.4309390289609247,5.218603188544746,34.60974104173255,45.91346555016163,47.841230428438394,57.37051142196522,-22.57272987880242,-2.115805379707014
2024-08-28,41.295578804743116,51.86176283305601,-10.566184028312895,3.12702836217278,2.7288802783670634,5.758532128431099,35.16660321488447,47.42455439460176,46.51315748745657,57.21036817865546,-21.85290700003785,0.720538943412059
2024-08-29,41.54549062039735,51.76054007893579,-10.215049458538436,3.0841136575382393,2.621619342207935,5.601559019425018,35.500627851622404,47.5903533891723,46.62216616820824,56.89891398966334,-21.19410513661147,0.7640062195345987
2024-08-30,41.125062998951194,52.21829299867708,-11.093229999725887,3.1905815010550773,2.8452016616239026,5.940417022964054,34.87152325688324,47.378602741019144,46.64169774189423,57.79488825545993,-22.736447364735433,0.5499873652836591
2024-08-31,41.125062998951194,52.218292998677086,-11.093229999725887,3.1905815010550778,2.8452016616239026,5.940417022964054,34.87152325688324,47.378602741019144,46.641697741894234,57.79488825545994,-22.736447364735433,0.5499873652836591
2024-09-01,41.11093205397452,52.23420972034571,-11.123277666371187,3.1596539328306776,2.818639698675977,5.883880523095016,34.91801034562639,47.30385376232265,46.709675910940796,57.758743529750625,-22.65568349163742,0.4091281588950437
2024-09-02,41.09927099808604,52.26441676722381,-11.165145769137766,3.1106150802008004,2.779386360304367,5.795991711479982,35.00246544089247,47.19607655527961,46.81681950102725,57.71201403342037,-22.52528952363853,0.19499798536299906
2024-09-03,40.33717436488732,52.97282095639544,-12.635646591508124,3.014673288513079,2.7676165736357867,5.696347952324859,34.42841471940169,46.24593401037295,47.54829247206929,58.397349440721584,-23.800488578064847,-1.4708046049514003
2024-09-04,40.24671291498746,52.99095000512389,-12.74423709013643,2.666826753853026,2.4559740918916724,5.016239444773849,35.01973247743553,45.47369335253939,48.17724078501622,57.80465922523157,-22.576066401893172,-2.912407778379686
2024-09-05,40.346794248229706,53.0534617009254,-12.706667452695694,2.4062831498980444,2.2044302564662157,4.510799576468197,35.63047927442954,45.06310922202987,48.73277839825162,57.37414500359919,-21.54783462257336,-3.8655002828180276
2024-09-06,40.168131221020104,53.24489961895112,-13.076768397931025,2.350088280852881,2.174385676065345,4.431772383648371,35.56195819054846,44.77430425149175,48.98310369386304,57.506695544039204,-21.763042269881833,-4.390494525980216
2024-09-07,40.168131221020104,53.24489961895113,-13.076768397931026,2.350088280852881,2.174385676065345,4.431772383648371,35.56195819054846,44.77430425149175,48.98310369386306,57.506695544039204,-21.763042269881836,-4.390494525980218
2024-09-08,40.27500720532573,53.2440405967366,-12.96903339141087,2.243632590773674,2.0768535735402116,4.214100357613383,35.87748732740933,44.67252708324213,49.17340759259779,57.314673600875416,-21.228670092333097,-4.70939669048864
2024-09-09,40.27500720532573,53.244040596736596,-12.969033391410868,2.243632590773674,2.0768535735402116,4.214100357613383,35.87748732740933,44.67252708324213,49.17340759259778,57.31467360087541,-21.228670092333097,-4.709396690488639
2024-09-10,40.159877737623155,53.46966825746689,-13.309790519843732,2.2023895888223444,2.152593127872886,4.2406304119218685,35.84319414353136,44.47656133171495,49.250585726836036,57.68875078809775,-21.621426127210594,-4.9981549124768705
2024-09-11,40.15987773762316,53.46966825746689,-13.309790519843732,2.2023895888223444,2.152593127872886,4.2406304119218685,35.84319414353137,44.476561331714954,49.250585726836036,57.68875078809775,-21.621426127210594,-4.9981549124768705
2024-09-12,39.846151384036574,53.375193443259256,-13.52904205922268,2.2147696709264975,1.9756381959840448,4.024845811930226,35.50520282902064,44.18709993905251,49.502942579130526,57.24744430738799,-21.417739850605923,-5.6403442678394375
2024-09-13,39.6003080172555,53.47914279251715,-13.878834775261648,2.1002736383594014,1.9332762605794775,3.855833629289819,35.48377168607107,43.71684434843993,49.68992132178138,57.26836426325293,-21.436268688669692,-6.321400861853603
2024-09-14,39.60030801725551,53.47914279251716,-13.87883477526165,2.1002736383594014,1.9332762605794775,3.8558336292898194,35.48377168607108,43.716844348439935,49.689921321781384,57.268364263252934,-21.436268688669696,-6.321400861853604
2024-09-15,39.49257313316916,53.61757096325323,-14.12499783008407,2.018577700134454,1.8939741789179037,3.7411755431459386,35.53616084090563,43.44898542543269,49.905381572574136,57.32976035393232,-21.457701894650107,-6.79229376551803
2024-09-16,39.547945220635135,53.67183759321813,-14.12389237258299,2.0408491114587073,1.7920402501346693,3.6827910150667864,35.547880962176066,43.548009479094205,50.159438702954176,57.18423648348208,-21.34216276211389,-6.905621983052089
2024-09-17,39.804623640048334,53.27329405870582,-13.468670418657485,2.0631296715103686,1.9135300275891296,3.810665297191242,35.76088948388801,43.84835779620866,49.52277520463113,57.023812912780514,-20.937574401152318,-5.999766436162651
2024-09-18,39.80462364004833,53.273294058705815,-13.468670418657483,2.0631296715103686,1.9135300275891294,3.8106652971912416,35.76088948388801,43.848357796208646,49.522775204631124,57.02381291278051,-20.937574401152318,-5.99976643616265
2024-09-19,39.93828717714047,53.24148474662444,-13.303197569483975,2.0381681668336786,1.8439831635504598,3.7108967490098848,35.943477570146456,43.93309678413448,49.62727774606554,56.855691747183336,-20.57655519754335,-6.029839941424601
2024-09-20,40.129501692905514,52.87166576828902,-12.742164075383501,2.047862984540063,2.140911121482422,3.998448332653052,36.11569024320699,44.143313142604036,48.675479970183474,57.067851566394566,-20.579122807383484,-4.905205343383519
2024-09-21,40.129501692905514,52.87166576828901,-12.742164075383501,2.047862984540063,2.1409111214824224,3.998448332653052,36.11569024320699,44.143313142604036,48.67547997018347,57.06785156639456,-20.579122807383484,-4.905205343383519
2024-09-22,40.57961104204414,52.464911429026046,-11.885300386981902,2.360830067780454,2.0354333061868166,4.195331658056605,35.952384109194455,45.20683797489383,48.47546214889989,56.454360709152205,-20.108150436772846,-3.662450337190956
2024-09-23,40.390180954017644,52.60251040538169,-12.212329451364045,2.51000572921616,2.1127320285008326,4.437144070413114,35.47056972475397,45.30979218328132,48.46155562952006,56.74346518124332,-20.90913182937375,-3.515527073354342
2024-09-24,40.28859839268021,52.82736267507415,-12.538764282393938,2.3689103866946972,2.0635032797386814,4.2520127942639805,35.6455340347586,44.93166275060182,48.782896246786336,56.87182910336196,-20.87270935915134,-4.204819205636536
2024-09-25,40.59122805769922,52.53940688436057,-11.948178826661346,2.360327329527433,2.0671116036882697,4.277977799556779,35.96498649182545,45.21746962357299,48.48786814113156,56.590945627589576,-20.333015313792632,-3.5633423395300596
2024-09-26,40.812852186504905,52.22901951831,-11.416167331805092,2.4377229945722596,2.326139012900715,4.614908907842412,36.03491511714328,45.59078925586653,47.66978705302459,56.7882519835954,-20.46138879117622,-2.370945872433964
2024-09-27,40.81285218650491,52.229019518310004,-11.416167331805092,2.4377229945722596,2.326139012900715,4.614908907842412,36.034915117143285,45.59078925586654,47.6697870530246,56.78825198359541,-20.46138879117622,-2.370945872433964
2024-09-28,40.812852186504905,52.22901951831,-11.416167331805092,2.4377229945722596,2.326139012900715,4.614908907842412,36.03491511714328,45.59078925586653,47.66978705302459,56.7882519835954,-20.46138879117622,-2.370945872433964
2024-09-29,40.91918517159696,52.091089331606945,-11.171904160009984,2.2640364584599,2.207650483714866,4.31985985002528,36.48167371301555,45.35669663017836,47.76409438352581,56.41808427968808,-19.638829466059534,-2.7049788539604354
2024-09-30,40.91918517159696,52.091089331606945,-11.171904160009984,2.2640364584598998,2.207650483714866,4.31985985002528,36.48167371301555,45.35669663017836,47.76409438352581,56.41808427968808,-19.638829466059534,-2.7049788539604354
2024-10-01,40.14479569428137,52.922357484293336,-12.777561790011967,2.2269856096415572,2.2875365868974185,4.3635117176153955,35.77990389938392,44.50968748917882,48.438785773974395,57.40592919461228,-21.330044756538143,-4.225078823485793
2024-10-02,40.14479569428137,52.922357484293336,-12.777561790011966,2.2269856096415572,2.2875365868974185,4.3635117176153955,35.77990389938392,44.50968748917882,48.438785773974395,57.40592919461228,-21.33004475653814,-4.2250788234857914
2024-10-03,40.339415637065244,52.92785658839296,-12.588440951327717,2.228251793363721,2.180524663738522,4.217361943945489,35.97204212207235,44.706789152058136,48.65402824746546,57.201684929320464,-20.854470361460876,-4.322411541194558
2024-10-04,40.14434125777692,53.19413141347372,-13.049790155696797,2.2454055987971056,2.4195732543186015,4.502537952617964,35.743346284134596,44.54533623141925,48.451767835009264,57.936494991938176,-21.874764542828007,-4.224815768565588
2024-10-05,40.14434125777693,53.19413141347373,-13.0497901556968,2.2454055987971056,2.4195732543186015,4.502537952617964,35.7433462841346,44.545336231419256,48.45176783500927,57.93649499193818,-21.87476454282801,-4.224815768565589
2024-10-06,39.84091492252482,53.595288986008704,-13.75437406348389,2.5006010469951003,2.5325379364993825,4.90406973133715,34.93973687041442,44.74209297463521,48.631514630469916,58.55906334154749,-23.366350736904703,-4.142397390063078
2024-10-07,39.655570445752396,53.57854813907301,-13.92297769332061,2.4490847272797187,2.4243229381640257,4.715055586934962,34.85536438028414,44.45577651122065,48.826875180271514,58.3302210978745,-23.164486643713136,-4.681468742928082
2024-10-08,39.79439340731651,53.354756957486295,-13.56036355016978,2.4028749212057603,2.45746448919483,4.704998401024107,35.08475856175322,44.504028252879806,48.53812655866443,58.17138735630816,-22.782160416177028,-4.338566684162531
2024-10-09,39.79439340731651,53.354756957486295,-13.56036355016978,2.4028749212057603,2.45746448919483,4.704998401024107,35.08475856175322,44.504028252879806,48.53812655866443,58.17138735630816,-22.782160416177028,-4.338566684162531
2024-10-10,39.6557869883723,53.21246976222905,-13.556682773856751,2.463611701904696,2.2938430625511637,4.576962851568815,34.8271080526391,44.4844659241055,48.71653735962877,57.70840216482933,-22.52752996293163,-4.585835584781874
2024-10-11,39.40403534800473,53.35740957297261,-13.95337422496788,2.4807796550034813,2.2347919774151777,4.541404677763202,34.54170722419791,44.26636347181156,48.97721729723886,57.737601848706355,-22.854527393383755,-5.052221056552003
2024-10-12,39.333344639378,53.343276482854975,-14.009931843476974,2.401030048071135,2.150643179282072,4.37541837769913,34.62732574515857,44.039363533597424,49.128015851462116,57.558537114247834,-22.585751863767268,-5.434111823186679
2024-10-13,39.246776353944384,53.425406426565864,-14.178630072621484,2.558457591127181,2.0689507395957665,4.470843824821062,34.23219947533511,44.26135323255366,49.37026297695816,57.48054987617357,-22.941483969270763,-5.415776175972203
2024-10-14,39.180993145433995,53.517202767224155,-14.336209621790166,2.542199986988937,2.02638208633614,4.427346424422579,34.19828117093568,44.16370511993231,49.545493878005324,57.48891165644299,-23.01380861365842,-5.658610629921911
2024-10-15,39.15817640085805,53.598717704721096,-14.440541303863041,2.4843439346145173,2.0043171052356503,4.343080424207629,34.2888622890136,44.02749051270251,49.67025617845922,57.52717923098297,-22.952978935309993,-5.928103672416089
2024-10-16,39.52956543303187,53.4590932812927,-13.929527848260836,2.5622693677352006,1.9779151730579898,4.390429858330148,34.50751747227088,44.55161339379286,49.58237954209904,57.335807020486364,-22.53477037058793,-5.3242853259337455
2024-10-17,39.701117725087364,53.37895164185676,-13.677833916769389,2.3301933344707946,1.8387591859720995,4.02332526076184,35.133938789524606,44.26829666065012,49.77498363735145,56.98291964636207,-21.563551427862595,-5.792116405676182
2024-10-18,39.701117725087364,53.37895164185675,-13.677833916769389,2.330193334470794,1.8387591859720995,4.02332526076184,35.133938789524606,44.26829666065012,49.77498363735144,56.98291964636206,-21.563551427862595,-5.792116405676182
2024-10-19,39.701117725087364,53.37895164185675,-13.677833916769389,2.330193334470794,1.8387591859720995,4.02332526076184,35.133938789524606,44.26829666065012,49.77498363735144,56.98291964636206,-21.563551427862595,-5.792116405676182
2024-10-20,40.01575351228389,53.0800337282713,-13.06428021598742,2.363296561805327,1.9557863670225692,4.16425611959902,35.38369225114545,44.647814773422326,49.24669244890707,56.91337500763554,-21.226222210401502,-4.9023382215733395
2024-10-21,40.01575351228389,53.08003372827131,-13.064280215987422,2.363296561805327,1.9557863670225692,4.16425611959902,35.38369225114545,44.647814773422326,49.246692448907076,56.913375007635544,-21.226222210401502,-4.902338221573341
2024-10-22,39.35379310420066,53.684076605480314,-14.330283501279657,2.687308011591347,2.1780332080833498,4.729190822185591,34.08666940148162,44.6209168069197,49.41513151763695,57.95302169332368,-23.599497512763413,-5.0610694897959
2024-10-23,39.09049014493702,53.76434112442406,-14.673850979487035,2.766521935948738,2.041098721239159,4.666200053587184,33.668107150477496,44.51287313939655,49.763787630795306,57.76489461805281,-23.819603084517915,-5.528098874456154
2024-10-24,39.1223814476457,53.80145133554667,-14.679069887900972,2.713277842311416,2.0061401985348803,4.568402608357185,33.804356876715325,44.44040601857608,49.86941654641831,57.73348612467504,-23.633139000281055,-5.72500077552089
2024-10-25,39.1223814476457,53.80145133554667,-14.679069887900974,2.713277842311416,2.0061401985348803,4.568402608357185,33.804356876715325,44.44040601857608,49.86941654641831,57.73348612467504,-23.633139000281055,-5.725000775520892
2024-10-26,39.1223814476457,53.80145133554667,-14.679069887900972,2.713277842311416,2.0061401985348803,4.568402608357185,33.804356876715325,44.44040601857608,49.86941654641831,57.73348612467504,-23.633139000281055,-5.72500077552089
2024-10-27,39.24451754246924,53.903278639132594,-14.658761096663351,2.8983804081160915,2.1810233134831893,4.935563281957499,33.563691942561704,44.925343142376775,49.62847294470554,58.178084333559646,-24.332465129300047,-4.985057064026654
2024-10-28,38.95441043462668,54.01350601228408,-15.059095577657402,2.9238595523222317,2.1763487032780726,4.954858174763613,33.223645712075104,44.68517515717826,49.74786255385906,58.27914947070911,-24.770617600194086,-5.34757355512072
2024-10-29,38.72637821460871,54.21161706251095,-15.485238847902243,2.939495832662705,2.1825883751138275,5.002890364935805,32.96496638258981,44.48779004662761,49.93374384728785,58.489490277734056,-25.29090396317642,-5.679573732628066
2024-10-30,38.72637821460871,54.211617062510946,-15.485238847902242,2.9394958326627045,2.1825883751138275,5.002890364935805,32.96496638258981,44.48779004662761,49.93374384728784,58.48949027773405,-25.29090396317642,-5.679573732628064
2024-10-31,38.672206990417756,54.47336707358606,-15.801160083168304,2.6808524940090446,2.081169719898327,4.619262767738855,33.41773610216003,43.926677878675484,50.39427442258534,58.55245972458678,-24.854915107936456,-6.747405058400149
2024-11-01,38.672206990417756,54.47336707358606,-15.801160083168302,2.6808524940090446,2.0811697198983268,4.619262767738855,33.41773610216003,43.926677878675484,50.39427442258534,58.55245972458678,-24.854915107936456,-6.7474050584001475
2024-11-02,38.4351801120431,54.67603983655959,-16.24085972451649,2.4361547639133714,1.82263966819148,4.111478663769009,33.660316774772895,43.210043449313304,51.10366608690429,58.24841358621489,-24.299357905503747,-8.182361543529233
2024-11-03,38.511204733005854,54.564411707279895,-16.053206974274044,2.4247079587233062,1.8278964236430335,4.120754356814531,33.758777133908175,43.26363233210353,50.98173471693955,58.14708869762024,-24.129885513630526,-7.976528434917563
2024-11-04,38.46169830070049,54.63321919706049,-16.17152089636,2.3294861380183547,1.7325709949021373,3.9359234857477063,33.895905470184516,43.027491131216465,51.237380047052305,58.02905834706868,-23.885930928425505,-8.457110864294496
2024-11-05,38.46169830070049,54.63321919706049,-16.17152089636,2.3294861380183547,1.7325709949021373,3.9359234857477063,33.895905470184516,43.027491131216465,51.237380047052305,58.02905834706868,-23.885930928425505,-8.457110864294496
2024-11-06,38.53604147159488,54.57134054953255,-16.035299077937676,2.39352340885214,1.7950457594474558,4.0676819176069,33.84473559024468,43.227347352945074,51.053050861015535,58.089630238049565,-24.0079556364472,-8.062642519428152
2024-11-07,38.5652684159838,54.52977253122968,-15.964504115245884,2.3290773564909513,1.7494068968417789,3.962728791829005,34.000276797261535,43.13026003470607,51.10093501341979,57.95861004903957,-23.73145254723073,-8.197555683261035
2024-11-08,38.5652684159838,54.52977253122968,-15.964504115245884,2.3290773564909513,1.7494068968417789,3.9627287918290053,34.000276797261535,43.13026003470607,51.10093501341979,57.95861004903957,-23.731452547230734,-8.197555683261033
2024-11-09,38.28697803599984,54.84101832283355,-16.554040286833708,2.3709597372730893,1.8953612616076811,4.158341469577646,33.63989695094458,42.93405912105509,51.12611025008249,58.555926395584606,-24.704389567205894,-8.403691006461521
2024-11-10,38.28697803599984,54.84101832283355,-16.554040286833708,2.3709597372730893,1.8953612616076811,4.158341469577646,33.63989695094458,42.93405912105509,51.12611025008249,58.555926395584606,-24.704389567205894,-8.403691006461521
2024-11-11,38.40420913235493,54.44639206138429,-16.042182929029362,2.25187745626091,2.085724268505651,4.152676378903056,33.990529318083546,42.81788894662631,50.358372495113215,58.53441162765536,-24.181428631679353,-7.902937226379372
2024-11-12,38.339327216432714,54.50482072086406,-16.16549350443135,2.1856018710219947,2.026750635040737,4.035443800656766,34.0555475492296,42.62310688363583,50.532389476184214,58.47725196554391,-24.07496335371861,-8.256023655144089
2024-11-13,38.339327216432714,54.50482072086406,-16.165493504431346,2.1856018710219947,2.0267506350407376,4.035443800656766,34.0555475492296,42.62310688363583,50.532389476184214,58.47725196554391,-24.07496335371861,-8.256023655144086
2024-11-14,38.464445954516705,54.12930472759078,-15.664858773074071,2.072976642692307,2.1432057187246305,4.005238985639835,34.40141173483978,42.52748017419363,49.9286215188905,58.329987936291054,-23.515127184928147,-7.814590361219995
2024-11-15,38.464445954516705,54.12930472759077,-15.664858773074071,2.072976642692307,2.1432057187246305,4.005238985639835,34.40141173483978,42.52748017419363,49.928621518890495,58.32998793629105,-23.515127184928147,-7.814590361219995
2024-11-16,38.4644459545167,54.12930472759077,-15.664858773074071,2.072976642692307,2.1432057187246305,4.005238985639835,34.401411734839776,42.52748017419362,49.928621518890495,58.32998793629105,-23.515127184928147,-7.814590361219995
2024-11-17,38.24300745166453,54.40003418176997,-16.157026730105436,2.0716261782772967,2.1839903072799802,4.067580040532781,34.18262014224103,42.303394761088036,50.11941317950121,58.68065518403873,-24.129483609549688,-8.184569850661184
2024-11-18,37.615187366885635,55.08203587960282,-17.46684851271718,2.1783058884075976,2.330277947105265,4.371004210417797,33.345707825606745,41.884666908164526,50.514691103276505,59.649380655929136,-26.034016765136066,-8.899680260298299
2024-11-19,37.548012297029786,55.15839150754701,-17.610379210517227,2.1064078109970974,2.2586148103958092,4.233346184265874,33.419452987475474,41.6765716065841,50.73150647917122,59.585276535922794,-25.90773773167834,-9.313020689356115
2024-11-20,37.59172336514214,54.93613840707555,-17.344415041933413,1.9724882029079185,2.1205921681988156,3.9663865211081233,33.72564648744262,41.45780024284166,50.779777757405874,59.09249905674523,-25.118532623305335,-9.570297460561491
2024-11-21,38.19983475353945,54.45220232689223,-16.25236757335278,2.3045131079589356,2.25449667200153,4.452126190036649,33.682989061939935,42.71668044513896,50.033388849769224,58.87101580401523,-24.978534905824617,-7.526200240880948
2024-11-22,38.150255244869314,55.007756467456645,-16.857501222587327,2.1086134792593514,2.5768246386008737,4.303293889261776,34.01737282552099,42.28313766421764,49.95718017579893,60.05833275911436,-25.29195724554041,-8.423045199634245
2024-11-23,38.150255244869314,55.007756467456645,-16.857501222587327,2.1086134792593514,2.5768246386008737,4.303293889261776,34.01737282552099,42.28313766421764,49.95718017579893,60.05833275911436,-25.29195724554041,-8.423045199634245
2024-11-24,38.55765778535639,54.57282832441179,-16.0151705390554,2.3537829071745735,2.794720213022625,4.83803867086129,33.94424328729423,43.17107228341855,49.09517670688744,60.05047994193613,-25.49772633394353,-6.532614744167272
2024-11-25,38.6919355283272,54.52563805098434,-15.833702522657141,2.380824530915772,2.728697322758032,4.793607642963237,34.025519447732286,43.35835160892211,49.1773912983786,59.87388480359008,-25.229173502865088,-6.438231542449197
2024-11-26,38.627059480176456,54.44947811454686,-15.822418634370402,2.314404499426539,2.5941975080438806,4.607201804215526,34.09082666130044,43.16329229905247,49.36485099878085,59.53410523031286,-24.852534170632833,-6.792303098107972
2024-11-27,38.14871414948689,54.55239022667821,-16.403676077191317,2.617363742732627,2.478706851686962,4.699655423166662,33.01868121373094,43.27874708524284,49.69412479737177,59.410655655984655,-25.615000706597975,-7.192351447784661
2024-11-28,38.1487141494869,54.55239022667822,-16.403676077191317,2.617363742732627,2.478706851686962,4.699655423166662,33.01868121373095,43.27874708524285,49.69412479737177,59.41065565598467,-25.615000706597975,-7.192351447784661
2024-11-29,38.1487141494869,54.55239022667821,-16.403676077191317,2.617363742732627,2.478706851686962,4.699655423166662,33.01868121373095,43.27874708524285,49.69412479737177,59.410655655984655,-25.615000706597975,-7.192351447784661
2024-11-30,38.39661591217482,54.0237988462163,-15.627182934041477,2.5131719449500887,2.686773645317046,4.816828769061517,33.47079890007265,43.322432924276995,48.757722501394895,59.28987519103771,-25.06816732140205,-6.186198546680904
2024-12-01,38.39661591217482,54.0237988462163,-15.627182934041477,2.5131719449500887,2.686773645317046,4.816828769061517,33.47079890007265,43.322432924276995,48.757722501394895,59.28987519103771,-25.06816732140205,-6.186198546680904
2024-12-02,37.86457197208111,54.43102834224225,-16.56645637016114,2.4578902898070316,2.4614601007024817,4.568494850545256,33.04710700405933,42.68203694010289,49.60656654486539,59.25549013961911,-25.52070627722984,-7.6122064630924395
2024-12-03,37.86457197208111,54.43102834224224,-16.566456370161138,2.4578902898070316,2.4614601007024817,4.568494850545256,33.04710700405933,42.68203694010289,49.60656654486538,59.255490139619106,-25.52070627722984,-7.612206463092436
2024-12-04,37.88334260786749,54.21200306044688,-16.328660452579392,2.186314191835132,2.299547304780997,3.922752554387122,33.59816679187063,42.16851842386435,49.70489034307613,58.719115777817635,-24.017255459178152,-8.640065445980632
2024-12-05,37.78570564094238,53.71646483684756,-15.930759195905175,1.9268404348343557,2.2076356221406273,3.5155701820600513,34.00909838866704,41.56231289321772,49.389499017451925,58.04343065624319,-22.821276752742875,-9.040241639067474
2024-12-06,37.78570564094238,53.71646483684756,-15.930759195905175,1.9268404348343557,2.2076356221406273,3.515570182060052,34.00909838866704,41.56231289321772,49.389499017451925,58.04343065624319,-22.821276752742875,-9.040241639067474
2024-12-07,37.811839955456115,53.70387378978918,-15.892033834333068,1.9015684113039018,2.173497789143162,3.466049893870834,34.08476586930047,41.53891404161176,49.44381812306858,57.963929456509774,-22.6854916263199,-9.098576042346233
2024-12-08,37.98644535873368,53.624495125384314,-15.638049766650632,1.7461063800139582,1.949555839115741,3.1159712476660797,34.56407685390632,41.40881386356104,49.80336568071746,57.445624570051166,-21.74535341207615,-9.530746121225114
2024-12-09,37.92553482053141,53.888830923132446,-15.963296102601038,1.5355781890606452,1.7864403055159777,2.8052237252704386,34.915801569972544,40.93526807109028,50.38740792432113,57.39025392194376,-21.4615346041311,-10.465057601070978
2024-12-10,37.43280904142139,54.68412713123719,-17.251318089815797,1.6616928366900958,2.2177937997411044,3.5301342697189693,34.17589108150881,40.68972700133398,50.33725128374463,59.03100297872975,-24.170381258464978,-10.332254921166617
2024-12-11,36.908006727741274,55.453504799539864,-18.545498071798587,2.1268735582550793,2.970530064978342,4.866543009485557,32.73933455356132,41.07667890192123,49.63126587218231,61.27574372689742,-28.08392237039028,-9.007073773206894
2024-12-12,37.21618301239407,55.1999393781671,-17.983756365773033,2.2137335399839033,2.788622032169259,4.778889377550665,32.87726527402562,41.55510075076252,49.734240195115355,60.66563856121885,-27.350379545772334,-8.61713318577373
2024-12-13,37.107902849213495,55.252438560281384,-18.144535711067885,2.1248028095495046,2.6510659524644273,4.560058840081188,32.94328934249646,41.27251635593053,50.056349293451106,60.44852782711166,-27.082251037627014,-9.206820384508756
2024-12-14,37.107902849213495,55.25243856028138,-18.144535711067885,2.1248028095495046,2.6510659524644273,4.560058840081188,32.94328934249646,41.27251635593053,50.0563492934511,60.448527827111654,-27.082251037627014,-9.206820384508756
2024-12-15,37.42891218976195,55.109108514600216,-17.680196324838267,2.2140378201460336,2.521427168467311,4.523757686943039,33.08939806227573,41.76842631724818,50.167111264404284,60.05110576479615,-26.546761391246623,-8.813631258429911
2024-12-16,37.61679808541206,54.41003296999637,-16.79323488458431,2.1868443181329744,3.2292697197211058,5.1157786840318895,33.33058322187143,41.903012948952686,48.08066431934301,60.73940162064974,-26.820161105286815,-6.766308663881809
2024-12-17,37.44567523880836,54.65121547549373,-17.20554023668537,2.1635589318245305,3.186115692717593,5.073220562616386,33.20509973243228,41.686250745184445,48.40642871776725,60.89600223322021,-27.149052539413486,-7.262027933957253
2024-12-18,37.53928338590644,54.515503697688246,-16.976220311781812,2.0820298802744484,3.0661344643705934,4.88738774938726,33.45850482056852,41.62006195124435,48.505880147521886,60.525127247854606,-26.555500300580842,-7.396940322982783
2024-12-19,37.61720647923135,54.56568230344011,-16.948475824208764,1.9737514006062937,2.901724465153326,4.61165215192057,33.74865373404301,41.48575922441969,48.87830235173959,60.253062255140634,-25.98731404197308,-7.909637606444447
2024-12-20,37.528610723278945,55.142085756257245,-17.6134750329783,1.9509696268956,3.1038847339190783,4.498018624794022,33.704710254563565,41.352511191994324,49.05847167777585,61.22569983473864,-26.42959153757458,-8.797358528382018
2024-12-21,37.528610723278945,55.142085756257245,-17.613475032978304,1.9509696268956003,3.1038847339190783,4.498018624794022,33.704710254563565,41.352511191994324,49.05847167777585,61.22569983473864,-26.429591537574588,-8.797358528382022
2024-12-22,37.528610723278945,55.142085756257245,-17.613475032978304,1.9509696268956003,3.1038847339190783,4.498018624794022,33.704710254563565,41.352511191994324,49.05847167777585,61.22569983473864,-26.429591537574588,-8.797358528382022
2024-12-23,37.50492158304875,55.08602427102464,-17.581102687975896,1.9385212209861666,3.097761410648547,4.4586769290916655,33.70541998991586,41.304423176181636,49.01441190615349,61.15763663589579,-26.32010946899556,-8.842095906956231
2024-12-24,37.338609562544185,55.29733376371839,-17.95872420117421,1.932530805956511,3.0717058965039463,4.503920921020251,33.55084918286943,41.12636994221894,49.27679020657066,61.317877320866124,-26.786409206373904,-9.131039195974518
2024-12-25,37.338609562544185,55.2973337637184,-17.95872420117421,1.932530805956511,3.0717058965039463,4.503920921020251,33.55084918286943,41.12636994221894,49.276790206570666,61.31787732086613,-26.786409206373904,-9.131039195974518
2024-12-26,37.338609562544185,55.29733376371839,-17.95872420117421,1.932530805956511,3.0717058965039463,4.503920921020251,33.55084918286943,41.12636994221894,49.27679020657066,61.317877320866124,-26.786409206373904,-9.131039195974518
2024-12-27,37.338609562544185,55.29733376371839,-17.95872420117421,1.932530805956511,3.0717058965039463,4.503920921020251,33.55084918286943,41.12636994221894,49.27679020657066,61.317877320866124,-26.786409206373904,-9.131039195974518
2024-12-28,37.338609562544185,55.2973337637184,-17.95872420117421,1.932530805956511,3.0717058965039463,4.503920921020252,33.55084918286943,41.12636994221894,49.276790206570666,61.31787732086613,-26.786409206373904,-9.131039195974516
2024-12-29,37.338609562544185,55.29733376371839,-17.95872420117421,1.932530805956511,3.0717058965039463,4.503920921020251,33.55084918286943,41.12636994221894,49.27679020657066,61.317877320866124,-26.786409206373904,-9.131039195974518
2024-12-30,37.338609562544185,55.29733376371839,-17.95872420117421,1.932530805956511,3.0717058965039463,4.503920921020251,33.55084918286943,41.12636994221894,49.27679020657066,61.317877320866124,-26.786409206373904,-9.131039195974518
2024-12-31,37.07091874321282,55.55178737625143,-18.48086863303861,1.8831560249290937,2.8917704918349334,4.347439965306546,33.3799329343518,40.761904552073844,49.883917212254964,61.2196575402479,-27.00185096503944,-9.95988630103778
2025-01-01,37.07091874321282,55.55178737625143,-18.48086863303861,1.8831560249290937,2.8917704918349334,4.347439965306546,33.3799329343518,40.761904552073844,49.883917212254964,61.2196575402479,-27.00185096503944,-9.95988630103778
2025-01-02,37.07091874321282,55.55178737625143,-18.48086863303861,1.8831560249290937,2.8917704918349334,4.347439965306546,33.3799329343518,40.761904552073844,49.883917212254964,61.2196575402479,-27.00185096503944,-9.95988630103778
2025-01-03,37.07091874321282,55.55178737625143,-18.48086863303861,1.8831560249290937,2.8917704918349334,4.347439965306546,33.3799329343518,40.761904552073844,49.883917212254964,61.2196575402479,-27.00185096503944,-9.95988630103778
2025-01-04,37.07091874321282,55.551787376251426,-18.480868633038607,1.8831560249290937,2.8917704918349334,4.347439965306546,33.3799329343518,40.761904552073844,49.88391721225496,61.219657540247894,-27.001850965039438,-9.959886301037777
2025-01-05,37.07091874321282,55.55178737625143,-18.480868633038607,1.8831560249290937,2.8917704918349334,4.347439965306546,33.3799329343518,40.761904552073844,49.883917212254964,61.2196575402479,-27.001850965039438,-9.959886301037777
2025-01-06,37.07091874321282,55.55178737625143,-18.48086863303861,1.8831560249290937,2.8917704918349334,4.347439965306546,33.3799329343518,40.761904552073844,49.883917212254964,61.2196575402479,-27.00185096503944,-9.95988630103778
2025-01-07,37.07091874321282,55.551787376251426,-18.480868633038607,1.8831560249290937,2.8917704918349334,4.347439965306546,33.3799329343518,40.761904552073844,49.88391721225496,61.219657540247894,-27.001850965039438,-9.959886301037777
2025-01-08,35.756932732348204,55.60537364125647,-19.848440908908266,1.5686504186561254,1.6168710548217688,2.627657115666068,32.6823779117822,38.83148755291421,52.436306373805806,58.774440908707135,-24.99864885561376,-14.698232962202773
2025-01-09,36.50174123176441,54.697537517620624,-18.195796285856208,2.04384475333787,2.319989017904579,4.05208687888518,32.49580551522219,40.50767694830664,50.15035904252765,59.2447159927136,-26.13788656847116,-10.253706003241255
2025-01-10,36.231317885171876,54.95548625161365,-18.724168366441774,2.0981994415931497,2.352265377362486,4.208179787740696,32.118846979649305,40.34378879069445,50.34504611198318,59.56592639124412,-26.97220075041354,-10.476135982470009
2025-01-11,37.11747452947536,54.122961134631076,-17.005486605155713,2.7340958689787045,2.456431588930614,4.906270034673691,31.7586466262771,42.47630243267362,49.30835522032707,58.93756704893508,-26.62177587311615,-7.389197337195279
2025-01-12,36.92869979767747,54.64339224332101,-17.71469244564354,2.598452650432822,2.6618207774333573,4.9360417586911876,31.835732602829136,42.021666992525795,49.42622351955163,59.86056096709039,-27.389334292678267,-8.040050598608811
2025-01-13,37.431055531907376,54.282956354326195,-16.851900822418823,2.418390484667296,2.408073021454662,4.556214291883602,32.69101018195948,42.171100881855274,49.56313323227506,59.002779476377334,-25.782080834510683,-7.921720810326963
2025-01-14,37.40268781054462,54.413143403851144,-17.01045559330652,2.3307658977838015,2.3525355214181847,4.420442961374053,32.83438665088837,41.97098897020087,49.8021737818715,59.024113025830786,-25.67452379759966,-8.346387389013378
2025-01-15,37.595612770059766,54.10823875196564,-16.51262598190587,2.2978404626865827,2.430294158220058,4.481560480572729,33.09184546319406,42.09938007692547,49.344862201854326,58.87161530207695,-25.29648452382842,-7.728767439983322
2025-01-16,37.42671401642043,54.296044556653804,-16.86933054023337,2.178355768390879,2.308523770612806,4.262489616718708,33.15713671037431,41.69629132246656,49.7713379662527,58.82075114705491,-25.223810189002037,-8.514850891464704
2025-01-17,37.35599589454724,55.023109466272665,-17.667113571725423,2.099276757451007,3.20117460226104,4.810790544579344,33.241413449943266,41.47057833915122,48.74880724584103,61.2974116867043,-27.09626303910094,-8.237964104349908
2025-01-18,37.35599589454724,55.023109466272665,-17.667113571725427,2.099276757451007,3.20117460226104,4.810790544579344,33.241413449943266,41.47057833915122,48.74880724584103,61.2974116867043,-27.09626303910094,-8.237964104349912
2025-01-19,37.224810279913584,55.323779353870705,-18.09896907395712,2.02657389632564,3.0212847516329338,4.611252430392527,33.25272544311533,41.196895116711836,49.40206124067016,61.24549746707125,-27.137023837526478,-9.060914310387767
