end_date,dem,rep,net,dem_std,rep_std,net_std,dem_lower_ci,dem_upper_ci,rep_lower_ci,rep_upper_ci,net_lower_ci,net_upper_ci
2020-11-23,44.39925830550123,44.064397226072046,-0.33486107942918153,0,0,0,44.39925830550123,44.39925830550123,44.064397226072046,44.064397226072046,-0.33486107942918153,-0.33486107942918153
2020-11-24,44.39925830550123,44.064397226072046,-0.33486107942918153,0,0,0,44.39925830550123,44.39925830550123,44.064397226072046,44.064397226072046,-0.33486107942918153,-0.33486107942918153
2020-11-25,44.39925830550123,44.064397226072046,-0.33486107942918153,0,0,0,44.39925830550123,44.39925830550123,44.064397226072046,44.064397226072046,-0.33486107942918153,-0.33486107942918153
2020-11-26,44.39925830550123,44.064397226072046,-0.33486107942918153,0,0,0,44.39925830550123,44.39925830550123,44.064397226072046,44.064397226072046,-0.33486107942918153,-0.33486107942918153
2020-11-27,44.39925830550123,44.064397226072046,-0.33486107942918153,0,0,0,44.39925830550123,44.39925830550123,44.064397226072046,44.064397226072046,-0.33486107942918153,-0.33486107942918153
2020-11-28,44.39925830550123,44.064397226072046,-0.33486107942918153,0,0,0,44.39925830550123,44.39925830550123,44.064397226072046,44.064397226072046,-0.33486107942918153,-0.33486107942918153
2020-11-29,44.39925830550123,44.064397226072046,-0.33486107942918153,0,0,0,44.39925830550123,44.39925830550123,44.064397226072046,44.064397226072046,-0.33486107942918153,-0.33486107942918153
2020-11-30,44.39925830550123,44.064397226072046,-0.33486107942918153,0,0,0,44.39925830550123,44.39925830550123,44.064397226072046,44.064397226072046,-0.33486107942918153,-0.33486107942918153
2020-12-01,44.39925830550123,44.064397226072046,-0.33486107942918153,0,0,0,44.39925830550123,44.39925830550123,44.064397226072046,44.064397226072046,-0.33486107942918153,-0.33486107942918153
2020-12-02,44.39925830550123,44.064397226072046,-0.33486107942918153,0,0,0,44.39925830550123,44.39925830550123,44.064397226072046,44.064397226072046,-0.33486107942918153,-0.33486107942918153
2020-12-03,44.39925830550123,44.064397226072046,-0.33486107942918153,0,0,0,44.39925830550123,44.39925830550123,44.064397226072046,44.064397226072046,-0.33486107942918153,-0.33486107942918153
2020-12-04,44.39925830550123,44.064397226072046,-0.33486107942918153,0,0,0,44.39925830550123,44.39925830550123,44.064397226072046,44.064397226072046,-0.33486107942918153,-0.33486107942918153
2020-12-05,44.39925830550123,44.064397226072046,-0.33486107942918153,0,0,0,44.39925830550123,44.39925830550123,44.064397226072046,44.064397226072046,-0.33486107942918153,-0.33486107942918153
2020-12-06,44.39925830550123,44.064397226072046,-0.33486107942918153,0,0,0,44.39925830550123,44.39925830550123,44.064397226072046,44.064397226072046,-0.33486107942918153,-0.33486107942918153
2020-12-07,44.39925830550123,44.064397226072046,-0.33486107942918153,0,0,0,44.39925830550123,44.39925830550123,44.064397226072046,44.064397226072046,-0.33486107942918153,-0.33486107942918153
2020-12-08,44.39925830550123,44.064397226072046,-0.33486107942918153,0,0,0,44.39925830550123,44.39925830550123,44.064397226072046,44.064397226072046,-0.33486107942918153,-0.33486107942918153
2020-12-09,44.39925830550123,44.064397226072046,-0.33486107942918153,0,0,0,44.39925830550123,44.39925830550123,44.064397226072046,44.064397226072046,-0.33486107942918153,-0.33486107942918153
2020-12-10,44.39925830550123,44.064397226072046,-0.33486107942918153,0,0,0,44.39925830550123,44.39925830550123,44.064397226072046,44.064397226072046,-0.33486107942918153,-0.33486107942918153
2020-12-11,44.39925830550123,44.064397226072046,-0.33486107942918153,0,0,0,44.39925830550123,44.39925830550123,44.064397226072046,44.064397226072046,-0.33486107942918153,-0.33486107942918153
2020-12-12,44.39925830550123,44.064397226072046,-0.33486107942918153,0,0,0,44.39925830550123,44.39925830550123,44.064397226072046,44.064397226072046,-0.33486107942918153,-0.33486107942918153
2020-12-13,47.03755820650791,46.55495743600189,-0.48260077050601446,0.7410989297097446,0.699598823186255,0.04150010652348956,45.58500430427681,48.49011210873901,45.183743742556835,47.92617112944695,-0.563940979292054,-0.40126056171997493
2020-12-14,47.03755820650791,46.55495743600189,-0.48260077050601446,0.7410989297097446,0.699598823186255,0.04150010652348956,45.58500430427681,48.49011210873901,45.183743742556835,47.92617112944695,-0.563940979292054,-0.40126056171997493
2020-12-15,47.03755820650791,46.55495743600189,-0.4826007705060144,0.7410989297097444,0.6995988231862549,0.04150010652348955,45.58500430427681,48.49011210873901,45.183743742556835,47.92617112944695,-0.5639409792920539,-0.4012605617199749
2020-12-16,47.03755820650791,46.5549574360019,-0.48260077050601446,0.7410989297097444,0.6995988231862549,0.04150010652348956,45.58500430427681,48.49011210873901,45.18374374255684,47.926171129446956,-0.563940979292054,-0.40126056171997493
2020-12-17,47.03755820650791,46.55495743600189,-0.48260077050601446,0.7410989297097447,0.699598823186255,0.041500106523489566,45.58500430427681,48.49011210873901,45.183743742556835,47.92617112944695,-0.563940979292054,-0.40126056171997493
2020-12-18,47.03755820650792,46.5549574360019,-0.48260077050601446,0.7410989297097446,0.6995988231862549,0.04150010652348956,45.585004304276815,48.49011210873902,45.18374374255684,47.926171129446956,-0.563940979292054,-0.40126056171997493
2020-12-19,47.03755820650791,46.55495743600189,-0.4826007705060144,0.7410989297097444,0.6995988231862549,0.04150010652348955,45.58500430427681,48.49011210873901,45.183743742556835,47.92617112944695,-0.5639409792920539,-0.4012605617199749
2020-12-20,47.03755820650791,46.5549574360019,-0.48260077050601446,0.7410989297097444,0.6995988231862548,0.04150010652348955,45.58500430427681,48.49011210873901,45.18374374255684,47.926171129446956,-0.563940979292054,-0.40126056171997493
2020-12-21,47.03755820650791,46.55495743600189,-0.48260077050601446,0.7410989297097446,0.699598823186255,0.04150010652348956,45.58500430427681,48.49011210873901,45.183743742556835,47.92617112944695,-0.563940979292054,-0.40126056171997493
2020-12-22,47.03755820650791,46.55495743600189,-0.48260077050601446,0.7410989297097446,0.699598823186255,0.04150010652348956,45.58500430427681,48.49011210873901,45.183743742556835,47.92617112944695,-0.563940979292054,-0.40126056171997493
2020-12-23,47.03755820650791,46.5549574360019,-0.48260077050601446,0.7410989297097444,0.6995988231862549,0.04150010652348956,45.58500430427681,48.49011210873901,45.18374374255684,47.926171129446956,-0.563940979292054,-0.40126056171997493
2020-12-24,47.03755820650792,46.5549574360019,-0.4826007705060145,0.7410989297097446,0.699598823186255,0.041500106523489566,45.585004304276815,48.49011210873902,45.18374374255684,47.926171129446956,-0.5639409792920541,-0.401260561719975
2020-12-25,47.03755820650791,46.55495743600189,-0.48260077050601446,0.7410989297097447,0.699598823186255,0.041500106523489566,45.58500430427681,48.49011210873901,45.183743742556835,47.92617112944695,-0.563940979292054,-0.40126056171997493
2020-12-26,47.03755820650792,46.5549574360019,-0.4826007705060145,0.7410989297097446,0.699598823186255,0.041500106523489566,45.585004304276815,48.49011210873902,45.18374374255684,47.926171129446956,-0.5639409792920541,-0.401260561719975
2020-12-27,47.03755820650792,46.5549574360019,-0.48260077050601446,0.7410989297097446,0.6995988231862549,0.04150010652348956,45.585004304276815,48.49011210873902,45.18374374255684,47.926171129446956,-0.563940979292054,-0.40126056171997493
2020-12-28,47.03755820650791,46.55495743600189,-0.4826007705060144,0.7410989297097444,0.6995988231862549,0.04150010652348955,45.58500430427681,48.49011210873901,45.183743742556835,47.92617112944695,-0.5639409792920539,-0.4012605617199749
2020-12-29,47.03755820650791,46.55495743600189,-0.48260077050601446,0.7410989297097447,0.699598823186255,0.041500106523489566,45.58500430427681,48.49011210873901,45.183743742556835,47.92617112944695,-0.563940979292054,-0.40126056171997493
2020-12-30,47.03755820650792,46.5549574360019,-0.4826007705060145,0.7410989297097446,0.699598823186255,0.041500106523489566,45.585004304276815,48.49011210873902,45.18374374255684,47.926171129446956,-0.5639409792920541,-0.401260561719975
2020-12-31,47.03755820650792,46.5549574360019,-0.48260077050601446,0.7410989297097446,0.6995988231862549,0.04150010652348956,45.585004304276815,48.49011210873902,45.18374374255684,47.926171129446956,-0.563940979292054,-0.40126056171997493
2021-01-01,47.03755820650791,46.5549574360019,-0.48260077050601446,0.7410989297097444,0.6995988231862549,0.04150010652348956,45.58500430427681,48.49011210873901,45.18374374255684,47.926171129446956,-0.563940979292054,-0.40126056171997493
2021-01-02,47.03755820650792,46.5549574360019,-0.4826007705060145,0.7410989297097446,0.699598823186255,0.041500106523489566,45.585004304276815,48.49011210873902,45.18374374255684,47.926171129446956,-0.5639409792920541,-0.401260561719975
2021-01-03,47.03755820650791,46.55495743600189,-0.48260077050601446,0.7410989297097446,0.699598823186255,0.04150010652348956,45.58500430427681,48.49011210873901,45.183743742556835,47.92617112944695,-0.563940979292054,-0.40126056171997493
2021-01-04,47.03755820650792,46.5549574360019,-0.4826007705060145,0.7410989297097446,0.699598823186255,0.041500106523489566,45.585004304276815,48.49011210873902,45.18374374255684,47.926171129446956,-0.5639409792920541,-0.401260561719975
2021-01-05,47.03755820650792,46.5549574360019,-0.4826007705060145,0.7410989297097447,0.6995988231862551,0.04150010652348957,45.585004304276815,48.49011210873902,45.18374374255684,47.926171129446956,-0.5639409792920541,-0.40126056171997493
2021-01-06,47.03755820650791,46.5549574360019,-0.48260077050601446,0.7410989297097444,0.6995988231862548,0.04150010652348955,45.58500430427681,48.49011210873901,45.18374374255684,47.926171129446956,-0.563940979292054,-0.40126056171997493
2021-01-07,47.03755820650791,46.55495743600189,-0.48260077050601446,0.7410989297097447,0.6995988231862551,0.041500106523489566,45.58500430427681,48.49011210873901,45.183743742556835,47.92617112944695,-0.563940979292054,-0.40126056171997493
2021-01-08,47.03755820650791,46.5549574360019,-0.48260077050601446,0.7410989297097444,0.6995988231862548,0.04150010652348955,45.58500430427681,48.49011210873901,45.18374374255684,47.926171129446956,-0.563940979292054,-0.40126056171997493
2021-01-09,47.03755820650792,46.5549574360019,-0.4826007705060145,0.7410989297097447,0.6995988231862551,0.04150010652348957,45.585004304276815,48.49011210873902,45.18374374255684,47.926171129446956,-0.5639409792920541,-0.40126056171997493
2021-01-10,47.03755820650792,46.5549574360019,-0.4826007705060145,0.7410989297097446,0.699598823186255,0.041500106523489566,45.585004304276815,48.49011210873902,45.18374374255684,47.926171129446956,-0.5639409792920541,-0.401260561719975
2021-01-11,47.0375582065079,46.55495743600189,-0.4826007705060144,0.7410989297097444,0.6995988231862548,0.04150010652348955,45.5850043042768,48.490112108739005,45.183743742556835,47.92617112944695,-0.5639409792920539,-0.4012605617199749
2021-01-12,47.03755820650791,46.55495743600189,-0.48260077050601446,0.7410989297097447,0.699598823186255,0.041500106523489566,45.58500430427681,48.49011210873901,45.183743742556835,47.92617112944695,-0.563940979292054,-0.40126056171997493
2021-01-13,47.03755820650791,46.55495743600189,-0.48260077050601446,0.7410989297097447,0.6995988231862551,0.041500106523489566,45.58500430427681,48.49011210873901,45.183743742556835,47.92617112944695,-0.563940979292054,-0.40126056171997493
2021-01-14,47.03755820650791,46.5549574360019,-0.48260077050601446,0.7410989297097443,0.6995988231862548,0.04150010652348955,45.58500430427681,48.49011210873901,45.18374374255684,47.926171129446956,-0.563940979292054,-0.40126056171997493
2021-01-15,47.03755820650791,46.55495743600189,-0.48260077050601446,0.7410989297097446,0.699598823186255,0.04150010652348956,45.58500430427681,48.49011210873901,45.183743742556835,47.92617112944695,-0.563940979292054,-0.40126056171997493
2021-01-16,47.03755820650791,46.5549574360019,-0.48260077050601446,0.7410989297097444,0.6995988231862548,0.04150010652348955,45.58500430427681,48.49011210873901,45.18374374255684,47.926171129446956,-0.563940979292054,-0.40126056171997493
2021-01-17,47.03755820650792,46.5549574360019,-0.4826007705060145,0.7410989297097446,0.699598823186255,0.041500106523489566,45.585004304276815,48.49011210873902,45.18374374255684,47.926171129446956,-0.5639409792920541,-0.401260561719975
2021-01-18,47.03755820650792,46.5549574360019,-0.48260077050601446,0.7410989297097446,0.6995988231862549,0.04150010652348956,45.585004304276815,48.49011210873902,45.18374374255684,47.926171129446956,-0.563940979292054,-0.40126056171997493
2021-01-19,47.03755820650791,46.5549574360019,-0.48260077050601446,0.7410989297097444,0.6995988231862549,0.04150010652348956,45.58500430427681,48.49011210873901,45.18374374255684,47.926171129446956,-0.563940979292054,-0.40126056171997493
2021-01-20,47.03755820650791,46.55495743600189,-0.48260077050601446,0.7410989297097446,0.699598823186255,0.04150010652348956,45.58500430427681,48.49011210873901,45.183743742556835,47.92617112944695,-0.563940979292054,-0.40126056171997493
2021-01-21,47.03755820650791,46.55495743600189,-0.48260077050601446,0.7410989297097448,0.6995988231862551,0.04150010652348957,45.58500430427681,48.49011210873901,45.183743742556835,47.92617112944695,-0.563940979292054,-0.40126056171997493
2021-01-22,45.14726417649881,43.34289383100007,-1.8043703454987317,0.07348882213269918,0.11899193569664065,0.047868679681874055,45.00322608511872,45.2913022678789,43.109669637034656,43.57611802496548,-1.8981929576752048,-1.7105477333222585
2021-01-23,45.14641010021195,42.814510397722685,-2.331899702489269,0.059495455764149656,0.5113328013709091,0.5019685307600421,45.02979900691422,45.26302119350969,41.8122981070357,43.81672268840967,-3.3157580227789514,-1.3480413821995865
2021-01-24,45.146038750796045,43.00902952829466,-2.1370092225013817,0.05225076364472879,0.4798665382446035,0.47269631368815357,45.043627254052375,45.248450247539715,42.06849111333524,43.94956794325408,-3.0634939973301627,-1.2105244476726007
2021-01-25,45.145809823325834,42.81332312746428,-2.3324866958615518,0.0472326946492606,0.5068989440165459,0.5009650367002165,45.05323374181328,45.23838590483839,41.81980119719185,43.80684505773671,-3.314378167793976,-1.3505952239291275
2021-01-26,45.14564928657342,42.69676157056981,-2.448887716003612,0.043368047308375665,0.4860615218262312,0.4806385814692483,45.06064791384901,45.23065065929784,41.7440809877904,43.64944215334923,-3.390939335683339,-1.5068360963238852
2021-01-27,44.930180600836884,42.61978224473982,-2.3103983560970662,0.4134110738033802,0.45561028740003506,0.5011844291234913,44.11989489618226,45.74046630549151,41.72678608143575,43.512778408043886,-3.292719837179109,-1.3280768750150234
2021-01-28,44.97181189478198,42.565421857546795,-2.4063900372351856,0.3809309552870651,0.4244008395246096,0.49090843358043346,44.22518722241933,45.71843656714463,41.73359621207856,43.39724750301503,-3.368570567052835,-1.444209507417536
2021-01-29,44.824841738898485,42.525194814015286,-2.299646924883202,0.4683859294396864,0.39488380834387565,0.5008793854158925,43.9068053171967,45.74287816060027,41.75122254966129,43.29916707836928,-3.2813705202983514,-1.3179233294680528
2021-01-30,44.87783325181632,42.49438451891646,-2.3834487328998613,0.4441701794528531,0.36767207238818206,0.4948064406648933,44.007259700088724,45.748406803543915,41.77374725703562,43.2150217807973,-3.353269356603052,-1.4136281091966705
2021-01-31,44.91947881175378,42.62606414958288,-2.2934146621709,0.4194830165434817,0.45618767739572075,0.500564642303901,44.097292099328556,45.741665524179,41.731936301887266,43.520191997278495,-3.274521361086546,-1.3123079632552543
2021-02-01,44.952887879108914,42.73170541222175,-2.2211824668871656,0.3954034788327546,0.4914435613308247,0.49339352143217385,44.17789706059671,45.727878697621115,41.76847603201333,43.69493479243017,-3.1882337688942264,-1.2541311648801048
2021-02-02,44.98013448217644,42.81786437006564,-2.1622701121107935,0.37239818065032826,0.5022157761678123,0.479472178852231,44.250234048101795,45.71003491625108,41.83352144877673,43.802207291354556,-3.1020355826611663,-1.2225046415604206
2021-02-03,45.002655344356654,42.8890826469515,-2.1135726974051567,0.35064674982320915,0.4998449879181433,0.46201153590162025,44.315387714703164,45.689922974010145,41.90938647063194,43.868778823271064,-3.0191153077723323,-1.2080300870379812
2021-02-04,45.02147738980297,42.94860652316565,-2.0728708666373157,0.33018995264963974,0.4899639493067837,0.44280175254594406,44.37430508260967,45.66864969699626,41.98827718252436,43.908935863806946,-2.940762301627366,-1.2049794316472653
2021-02-05,45.037354248847066,42.99881840502043,-2.0385358438266334,0.3110011102238097,0.4757037474217555,0.4228857480280727,44.4277920728084,45.64691642488573,42.06643906007379,43.93119774996707,-2.867391909961656,-1.209679777691611
2021-02-06,45.05123680220308,43.04272521887398,-2.008511583329096,0.2924820811918328,0.4583770786109904,0.40227014570664854,44.47797192306709,45.62450168133907,42.14430614479644,43.94114429295153,-2.7969610689141273,-1.2200620977440648
2021-02-07,44.93396102675149,43.08095833274061,-1.853002694010886,0.40871636047493826,0.43916662324138245,0.5511542139514398,44.132876960220614,45.735045093282366,42.2201917511875,43.941724914293715,-2.933264953355708,-0.7727404346660638
2021-02-08,44.83213601454839,43.114168542866054,-1.7179674716823317,0.4642214080580299,0.41893982572763977,0.6227209340941692,43.922262054754654,45.742009974342125,42.29304648443988,43.93529060129223,-2.938500502506903,-0.49743444085776
2021-02-09,44.7438337381937,43.14297871822432,-1.6008550199693814,0.4906405006224673,0.39832243773177334,0.6565812660119512,43.78217835697367,45.705489119413734,42.362266740270044,43.923690696178596,-2.887754301352806,-0.31395573858595704
2021-02-10,44.66728910342088,43.16796045370832,-1.4993286497125589,0.49997546196799963,0.37775833645783974,0.6681649114024497,43.6873371979636,45.647241008878154,42.42755411425095,43.90836679316568,-2.80893187606136,-0.18972542336375753
2021-02-11,44.60092602040451,43.18962500255131,-1.4113010178532,0.49850500456783353,0.3575562710109829,0.6656246162679933,43.62385621145155,45.57799582935746,42.488814711369784,43.890435293732835,-2.7159252657384667,-0.10667676996793318
2021-02-12,44.6720771819154,43.079704338879125,-1.592372843036272,0.49964071369634266,0.439100167578571,0.7770933412755606,43.69278138307057,45.65137298076023,42.219068010425126,43.940340667333125,-3.1154757919363707,-0.06926989413617313
2021-02-13,44.73331719268183,42.9848104349557,-1.7485067577261346,0.49245032822699614,0.4790111128714824,0.8307759793230182,43.768114549356916,45.698519836006746,42.04594865372759,43.9236722161838,-3.37682767719925,-0.12018583825301898
2021-02-14,44.78612850776548,42.90275787740223,-1.883370630363249,0.47992823166903353,0.4966024318567508,0.8518954438391861,43.84546917369418,45.72678784183679,41.929417110963,43.87609864384146,-3.5530857002880536,-0.21365556043844403
2021-02-15,44.83175604674352,42.95965294583259,-1.872103100910935,0.4640243135179877,0.4858087192783493,0.7953630731452005,43.92226839224826,45.74124370123878,42.00746785604702,43.91183803561815,-3.431014724275528,-0.313191477546342
2021-02-16,44.871247183078836,43.00858689582941,-1.862660287249425,0.4460523327479054,0.47085964552975107,0.7430437562616142,43.996984610892945,45.74550975526473,42.0857019905911,43.93147180106772,-3.319026049522189,-0.40629452497666096
2021-02-17,44.90548496690781,43.050777263966246,-1.854707702941561,0.4269162300998119,0.4533559834475093,0.6945734912838972,44.06872915591217,45.74224077790344,42.162199536409126,43.939354991523366,-3.2160717458579997,-0.4933436600251224
2021-02-18,44.47158099601964,43.635529917376616,-0.8360510786430171,0.9932803136189199,1.159849032649994,2.0990227355507662,42.524751581326555,46.418410410712724,41.36222581338263,45.9088340213706,-4.950135640322519,3.2780334830364852
2021-02-19,44.53252803202683,43.51047204034483,-1.022055991681999,0.968568077514208,1.174829484383923,2.0903589637961275,42.63413460009898,46.43092146395468,41.20780625095234,45.81313782973732,-5.119159560722409,3.0750475773584114
2021-02-20,44.58878662219934,43.39638860174778,-1.1923980204515614,0.941405430865203,1.1755987295618027,2.065946668586995,42.743631977703544,46.43394126669514,41.09221509180665,45.70056211168891,-5.241653490882071,2.856857449978949
2021-02-21,44.53323468351553,43.39982124105845,-1.1334134424570812,0.9055450168374629,1.1179063581304656,1.9686471686495748,42.7583664505141,46.30810291651696,41.20872477912273,45.59091770299416,-4.991961893010248,2.7251350080960854
2021-02-22,44.48463365155054,43.40148311225638,-1.0831505392941556,0.8684206851118311,1.0625499244559016,1.8738151397548237,42.78252910873135,46.186738194369724,41.318885260322816,45.48408096418994,-4.75582821321361,2.589527134625299
2021-02-23,44.72660859623957,43.198995888824165,-1.5276127074154113,1.1039528907055676,1.0996466323847698,2.1425681931432465,42.56286093045666,46.890356262022486,41.04368848935002,45.35430328829831,-5.727046365976174,2.671820951145352
2021-02-24,44.66982648088331,43.21511901615184,-1.4547074647314673,1.0695772887846104,1.0522110794012685,2.0603701612993652,42.57345499486547,46.766197966901146,41.15278530052535,45.277452731778325,-5.4930329808782234,2.5836180514152884
2021-02-25,44.40525058996312,43.10567475374705,-1.2995758362160672,1.096513654871623,0.9833934708665802,1.8495347254686951,42.25608382641474,46.5544173535115,41.17822355084856,45.03312595664555,-4.9246638981347095,2.3255122257025755
2021-02-26,44.38014801310531,43.126109292421305,-1.2540387206840087,1.0553262410317177,0.9467932065253193,1.7815352681976835,42.311708580683145,46.44858744552748,41.27039460763168,44.98182397721093,-4.745847846351468,2.2377704049834506
2021-02-27,44.35713680485347,43.14509086017278,-1.2120459446806877,1.0142349226420875,0.9103140763467358,1.71351110048279,42.36923635647498,46.34503725323196,41.36087527053318,44.92930644981238,-4.570527701626956,2.146435812265581
2021-02-28,44.59098946086737,43.11937197426417,-1.4716174866032008,0.988920047366585,0.8097922744726462,1.5878371576888304,42.652706168028864,46.529272753705875,41.53217911629778,44.706564832230555,-4.5837783156733085,1.6405433424669067
2021-03-01,44.63832982426806,43.136268170763046,-1.502061653505016,0.9643070782917537,0.7824505607140879,1.5319609161467895,42.74828795081623,46.5283716977199,41.60266507176343,44.66987126976266,-4.504705049152723,1.5005817421426915
2021-03-02,44.68239175137772,43.152289319222255,-1.5301024321554673,0.9377946885543647,0.7549257556793182,1.4759084787935917,42.84431416181117,46.520469340944274,41.672634838090794,44.63194380035372,-4.422883050590906,1.3626781862799722
2021-03-03,44.63360931677983,43.16742149611678,-1.4661878206630539,0.913092989561936,0.72734200777273,1.432832198677589,42.84394705723844,46.42327157632123,41.74183116088223,44.59301183135133,-4.274538930071128,1.3421632887450203
2021-03-04,44.58863697887865,43.18165909425189,-1.4069778846267582,0.8865035173277477,0.6998186833228811,1.3877881692818523,42.85109008491626,46.326183872841035,41.810014474939045,44.55330371356474,-4.127042696419188,1.3130869271656722
2021-03-05,44.547244809809655,43.1950047772838,-1.3522400325258541,0.8584827337733922,0.6724686047951897,1.341304053340614,42.8646186516138,46.22987096800551,41.876966311885226,44.51304324268237,-3.9811959770734573,1.276715912021749
2021-03-06,44.50921775425369,43.30489269496947,-1.2043250592842234,0.829425850008843,0.7280357859412228,1.3632866163648814,42.88354308823636,46.13489242027102,41.87794255452467,44.73184283541426,-3.8763668273593908,1.4677167087909442
2021-03-07,44.474350502270134,43.30558674075117,-1.1687637615189705,0.7996760015321703,0.6946344482774626,1.307233470822305,42.90698553926708,46.041715465273185,41.94410322212734,44.667070259374995,-3.730941364330688,1.393413841292747
2021-03-08,44.544294812196995,43.306663412026346,-1.2376314001706523,0.7893171102885405,0.6623179087324387,1.2617581462376772,42.99723327603146,46.09135634836253,42.00852031091077,44.604806513141924,-3.7106773667964994,1.235414566455195
2021-03-09,44.60726446041013,43.30800846025909,-1.2992560001510425,0.7737323725347387,0.6310943749765898,1.2146820026857739,43.09074901024204,46.123779910578214,42.071063485304975,44.5449534352132,-3.6800327254151592,1.0815207251130743
2021-03-10,44.6639209485292,43.309532451756375,-1.3543884967728241,0.7542967991253705,0.6009702109655006,1.166740435702157,43.18549922224348,46.14234267481493,42.131630838263995,44.487434065248756,-3.6411997507490517,0.9324227572034032
2021-03-11,44.71485951712294,43.31116556537338,-1.4036939517495592,0.7320667993855904,0.57194863836846,1.118518153772778,43.280008590327185,46.14971044391869,42.190146234171195,44.43218489657556,-3.595989533144204,0.7886016296450857
2021-03-12,44.76061963019263,43.31285361175725,-1.4477660184353804,0.7078667713403508,0.5440289867741441,1.0704803447888276,43.37320075836554,46.148038502019716,42.24655679767992,44.379150425834574,-3.5459074942214825,0.6503754573507217
2021-03-13,44.801692413325455,43.314554925729475,-1.4871374875959782,0.682346531849018,0.5172063492507246,1.0229958258501153,43.46429321090138,46.13909161574953,42.300830481198055,44.328279370260894,-3.492209306262204,0.5179343310702478
2021-03-14,44.83852609869567,43.3162379010773,-1.5222881976183589,0.6560211479343023,0.49147153254646603,0.9763547843586056,43.55272464874444,46.124327548646896,42.352953697286225,44.27952210486838,-3.4359435749612257,0.39136717972450796
2021-03-15,44.871530174791744,43.31787901092493,-1.5536511638668065,0.6292996411111303,0.46681121572290846,0.9307827429906333,43.63810287821393,46.10495747136956,42.402929028108034,44.23282899374183,-3.377985340128448,0.27068301239483494
2021-03-16,44.901078701055745,43.3194612041111,-1.5816174969446448,0.6025063594391754,0.44320825003359887,0.886451796069257,43.72016623655496,46.08199116555653,42.45077303404525,44.18814937417695,-3.3190630172403885,0.1558280233510987
2021-03-17,44.92751308727853,43.20572897712262,-1.7217841101559106,0.5758973317920392,0.5242325338988744,0.9270566432529546,43.79875431696613,46.05627185759092,42.17823321068082,44.23322474356441,-3.5388151309317015,0.09524691061988033
2021-03-18,44.83495799502584,43.10540452268411,-1.7295534723417243,0.599858586749881,0.5675545147635361,0.8772668481684394,43.65923516499607,46.01068082505561,41.99299767374758,44.21781137162064,-3.4489964947518654,-0.010110449931583165
2021-03-19,44.753652464947514,43.01685657760535,-1.7367958873421645,0.6082338775300498,0.5889206269672251,0.8300511621580926,43.561514064988614,45.945790864906414,41.86257214874959,44.17114100646111,-3.3636961651720263,-0.10989560951230293
2021-03-20,44.682161854750454,42.93866760180617,-1.7434942529442798,0.6062201622196172,0.5961085108920201,0.7852818825863286,43.493970336800004,45.870353372700905,41.770294920457815,44.10704028315453,-3.282646742813484,-0.2043417630750759
2021-03-21,44.62488600167725,43.14020785795674,-1.4846781437205028,0.5309507700566352,0.6005085734976059,0.7640848155206205,43.584222492366244,45.66554951098825,41.96321105390143,44.317204662012045,-2.982284382140919,0.012928094699913295
2021-03-22,44.67715876325874,43.16333063211082,-1.5138281311479094,0.5278376637819554,0.573797853075351,0.734520815948627,43.64259694224611,45.71172058427137,42.03868684008313,44.28797442413851,-2.953488930407218,-0.07416733188860047
2021-03-23,44.62374858767604,43.18380682523347,-1.4399417624425719,0.5260565023700252,0.5474797735865496,0.7309291581751572,43.59267784303079,45.65481933232129,42.11074646900383,44.25686718146311,-2.87256291246588,-0.007320612419263739
2021-03-24,44.57530013479166,43.20193999657641,-1.3733601382152594,0.5196423254501434,0.5216975408589457,0.7208061238612886,43.55680117690938,45.59379909267394,42.17941281649287,44.22446717665994,-2.786140140983385,0.03941986455286628
2021-03-25,44.531407454429996,43.21799518216983,-1.313412272260166,0.5097436465477515,0.4965621107203965,0.7058545467595096,43.5323099071964,45.53050500166359,42.244733445157856,44.191256919181804,-2.696887183908805,0.0700626393884729
2021-03-26,44.491694462995774,43.232205567384746,-1.2594888956110286,0.49723992850523424,0.47215805508822395,0.687359005803751,43.51710420312551,45.466284722866035,42.30677577941183,44.15763535535766,-2.6067125469863806,0.08773475576432332
2021-03-27,44.455811040417835,43.24477746024482,-1.2110335801730185,0.48281837849825,0.44854811336739703,0.6663090603227183,43.509487018561266,45.402135062274404,42.36562315804472,44.12393176244492,-2.5169993384055465,0.09493217805950938
2021-03-28,44.42343056747085,43.25589409045079,-1.1675364770200674,0.46702316502854463,0.42577684352299766,0.6434776386461007,43.5080651640149,45.3387959709268,42.42137147714571,44.090416703755864,-2.428752648766425,0.09367969472629012
2021-03-29,44.39424833384477,43.26571858975341,-1.1285297440913558,0.4502886826074292,0.40387363040361973,0.6194736047080626,43.51168251593421,45.27681415175533,42.474126274162316,44.05731090534451,-2.3426980093191583,0.08563852113644677
2021-03-30,44.3679804424401,43.274396395402285,-1.0935840470378213,0.43296307620841085,0.38285521400310146,0.5947786069028401,43.51937281307161,45.21658807180859,42.5240001759562,44.024792614848366,-2.259350116567388,0.07218202249174532
2021-03-31,44.34436296829505,43.2820572410321,-1.0623057272629501,0.4153255315655128,0.36272784267838615,0.5697738929298856,43.530324926426644,45.15840101016346,42.57111066938246,43.993003812681735,-2.179062557405526,0.05445110287962551
2021-04-01,44.20843494619351,43.28881684656496,-0.9196180996285498,0.5482373672780729,0.3434891212873712,0.671330227123712,43.13388970632849,45.28298018605854,42.615578168841715,43.96205552428821,-2.2354253447910253,0.3961891455339258
2021-04-02,44.20372155387846,43.29477838270124,-0.9089431711772202,0.5164128856605437,0.3251296029438429,0.6336406890772103,43.19155229798379,45.21589080977313,42.657524360931305,43.93203240447117,-2.1508789217685527,0.332992579414112
2021-04-03,44.19909286840954,43.30003376111611,-0.8990591072934251,0.4865213553767673,0.30763416019320866,0.5980601159104804,43.24551101187107,45.152674724948,42.69707080713742,43.9029967150948,-2.0712569344779665,0.2731387198911164
2021-04-04,44.194628890182,43.304664785000284,-0.8899641051817205,0.4584218909302472,0.29098316355032183,0.5644575769094748,43.29612198395872,45.093135796405285,42.73433778444166,43.87499178555891,-1.996300955924291,0.21637274556085007
2021-04-05,44.19038079295607,43.30874418360512,-0.88163660935095,0.4319906030305027,0.27515349044762033,0.5327170443734459,43.34367921101629,45.03708237489585,42.76944334232778,43.84804502488246,-1.925762016322904,0.16248879762100388
2021-04-06,44.18637903524186,43.312336547241806,-0.8740424880000558,0.407117018935548,0.26011938445781596,0.5027336452734305,43.38842967812819,44.984328392355536,42.802502553704485,43.822170540779126,-1.8594004327359794,0.11131545673586785
2021-04-07,44.13416508767824,43.20426410893654,-0.9299009787416985,0.45676064432986874,0.3956475030728747,0.6291086472766255,43.2389142247917,45.02941595056478,42.42879500291371,43.979733214959374,-2.1629539274038843,0.30315196992048743
2021-04-08,44.135482935518816,43.10470910783645,-1.030773827682364,0.43206659678754605,0.4642161658794169,0.6568137774854836,43.28863240581523,44.9823334652224,42.19484542271279,44.01457279296011,-2.3181288315539117,0.2565811761891841
2021-04-09,44.13661543042161,43.13392990321394,-1.0026855272076693,0.40863506036554376,0.44219248747818063,0.6230090721230583,43.33569071210514,44.93754014873807,42.267232627756705,44.000627178671174,-2.223783308568864,0.21841225415352494
2021-04-10,44.13759247163302,43.2772414404857,-0.8603510311473106,0.3864127267360933,0.5683253042781687,0.7022362627426182,43.38022352723028,44.89496141603576,42.16332384410049,44.39115903687092,-2.2367341061228423,0.5160320438282211
2021-04-11,44.138904017472754,43.151605906668934,-0.9872981108038162,0.33719541551668764,0.8396324936859102,0.9135290457136737,43.478001003060044,44.799807031885464,41.50592621904455,44.79728559429332,-2.7778150404026167,0.8032188187949841
2021-04-12,44.13949961468831,43.26858240369331,-0.8709172109949964,0.32113819470167065,0.8753646204386455,0.9394236830697078,43.510068753073035,44.76893047630359,41.55286774763356,44.984297059753054,-2.712187629811624,0.9703532078216309
2021-04-13,44.08594324880456,43.27725964469715,-0.8086836041074069,0.49629933094999645,0.8152804519744548,0.9576845938383779,43.11319656014257,45.05868993746655,41.67930995882722,44.87520933056709,-2.685745408030628,1.0683781998158137
2021-04-14,43.99083238948687,43.27875453125152,-0.7120778582353448,0.5516041629698665,0.774200870498784,0.9597186690234146,42.90968823006593,45.071976548907806,41.7613208250739,44.79618823742914,-2.5931264495212374,1.168970733050548
2021-04-15,43.904687045362984,43.280854154613735,-0.6238328907492525,0.5837708080741394,0.7349149178334982,0.952700000072659,42.76049626153767,45.0488778291883,41.840420915660076,44.721287393567394,-2.491124890891664,1.243459109393159
2021-04-16,44.42159427716927,42.60474983352602,-1.8168444436432536,0.8598479172046124,1.1624185631520643,1.8889068136935874,42.73629235944823,46.10689619489031,40.32640944974798,44.883090217304066,-5.5191017984826845,1.8854129111961775
2021-04-17,44.67060074587756,42.60527499712265,-2.0653257487549097,1.028525613337441,1.0660177469785204,1.8890176361200317,42.65469054373617,46.68651094801894,40.51588021304475,44.694669781200545,-5.767800315550172,1.6371488180403522
2021-04-18,44.64331119137443,42.64686135164689,-1.9964498397275379,1.0022250961389871,1.0466046105577758,1.8521238625519314,42.67895000294202,46.60767237980684,40.59551631495365,44.69820638834013,-5.626612610329323,1.6337129308742475
2021-04-19,44.54225169364656,42.68810034153542,-1.8541513521111472,1.04349873055563,1.0257909678175965,1.8763941104350323,42.49699418175753,46.587509205535596,40.67755004461293,44.698650638457906,-5.53188380856381,1.8235811043415162
2021-04-20,44.88964416247111,42.42406444841676,-2.4655797140543476,1.1637672381190354,1.1302652162484084,2.0591480721498456,42.6086603757578,47.170627949184414,40.208744624569874,44.63938427226364,-6.501509935468045,1.57035050735935
2021-04-21,44.800550971644405,42.52533938627736,-2.2752115853670474,1.2002246543555843,1.1863500800085982,2.173686955209444,42.44811064910746,47.15299129418135,40.200093229460506,44.85058554309421,-6.535638017577558,1.9852148468434625
2021-04-22,44.71162219116245,42.56450812849732,-2.1471140626651244,1.228605513277122,1.166770505915237,2.1871159639929454,42.30355538513929,47.119688997185605,40.27763793690346,44.851378320091186,-6.433861352091297,2.1396332267610485
2021-04-23,44.75221551236972,42.897476593782145,-1.8547389185875827,1.2049677354130286,1.2126060975242283,2.0125004061102234,42.390478750960185,47.11395227377926,40.52076864263466,45.27418454492963,-5.799239714563621,2.089761877388455
2021-04-24,44.73045188335226,42.91659833173605,-1.8138535516162142,1.1775977469961438,1.1864602721133295,1.9708758405847435,42.42236029923982,47.0385434674647,40.59113619839392,45.242060465078175,-5.676770199162312,2.049063095929883
2021-04-25,44.7072387115895,42.9361922311993,-1.7710464803902028,1.1499415849018848,1.1593174784476845,1.9281998298264333,42.453353205181806,46.96112421799719,40.66392997344184,45.20845448895676,-5.550318146850012,2.0082251860696063
2021-04-26,44.68287303369164,42.956110651287844,-1.726762382403802,1.1219126875257988,1.1312221131808828,1.884377363609291,42.48392416614108,46.881821901242205,40.73891530945331,45.173305993122376,-5.420142015078013,1.9666172502704085
2021-04-27,44.46665104493014,42.97427813831975,-1.4923729066103935,1.1457763507740175,1.0473371240134095,1.803209971237365,42.220929397413066,46.71237269244721,40.921497375253466,45.02705890138603,-5.026664450235629,2.041918637014842
2021-04-28,44.39032316420637,42.99302366879597,-1.3972994954103992,1.1572790468931484,1.0214257641047262,1.7973503254742336,42.1220562322958,46.658590096116946,40.99102917115071,44.995018166441234,-4.920106133339897,2.1255071425190986
2021-04-29,44.383114571508706,43.011834280040766,-1.3712802914679445,1.1212373101425641,0.9947096468085153,1.7464295675067187,42.18548944362928,46.58073969938813,41.062203372296075,44.96146518778546,-4.7942822437811135,2.051721660845224
2021-04-30,44.374779009091824,43.030581070372335,-1.3441979387194865,1.0851133062682086,0.9672699786824253,1.6949498543136212,42.24795692880613,46.501601089377516,41.134731912154784,44.926430228589886,-4.666299653174184,1.9779037757352111
2021-05-01,44.36555545297702,43.0491402995498,-1.3164151534272228,1.048959874357176,0.9392001831356329,1.64298480877742,42.30959409923695,46.42151680671709,41.20830794060396,44.88997265849564,-4.536665378630966,1.90383507177652
2021-05-02,44.35566025055976,43.06739578940306,-1.2882644611567,1.0128431174618404,0.9106037830412124,1.5906343611516573,42.37048774033455,46.34083276078496,41.282612374642284,44.85217920416383,-4.405907809013948,1.8293788867005485
2021-05-03,44.3452886789538,43.08524104345781,-1.2600476354959826,0.9768391296562207,0.8815920227599534,1.5380197278988528,42.43068398482761,46.25989337307999,41.3573206788483,44.81316140806732,-4.274566302177734,1.7544710311857687
2021-05-04,44.334615792840175,43.1025809807574,-1.2320348120827758,0.9410309055214664,0.8522813300004374,1.4852784033130295,42.4901952180181,46.17903636766225,41.432109573956545,44.77305238755826,-4.143180482576314,1.6791108584107621
2021-05-05,44.32379693823124,43.1193332144737,-1.2044637237575455,0.9055054452924811,0.8227907277398339,1.4325592216703313,42.549006265457976,46.098587611004504,41.506663388103625,44.73200304084377,-4.012279798231395,1.6033523507163037
2021-05-06,44.3129681858025,43.13542884288321,-1.1775393429192857,0.8703510891049954,0.793239306059273,1.3800175920712894,42.60708005115671,46.018856320448286,41.58067980300703,44.690177882759386,-3.882373823379013,1.5272951375404413
2021-05-07,44.30224684461766,43.150812755380514,-1.151434089237145,0.8356551206289374,0.763743854257392,1.3278110252481812,42.66436280818495,45.94013088105038,41.653874801036025,44.647750709725,-3.75394369872358,1.45107552024929
2021-05-08,44.30020073006571,43.190094637169054,-1.1101060928966628,0.7299812144272363,0.6798033769261779,1.1648008965683252,42.86943754978833,45.73096391034309,41.857680018393744,44.522509255944364,-3.39311585017058,1.1729036643772544
2021-05-09,44.30149024336229,43.266433599565346,-1.0350566437969446,0.6885841299582078,0.9519332424024175,1.1732066435427464,42.9518653486442,45.65111513808038,41.40064444445661,45.13222275467408,-3.3345416651407276,1.2644283775468383
2021-05-10,44.29161793429564,43.27043385756322,-1.0211840767324187,0.6676474253324798,0.924463034164019,1.1392258441918746,42.98302898064398,45.600206887947294,41.45848631060174,45.082381404524696,-3.254066731348493,1.2116985778836555
2021-05-11,44.40580301583521,43.32452865990173,-1.0812743559334852,0.7091628144604892,0.8582942852183475,1.0679579659321037,43.01584389949265,45.79576213217777,41.64227186087377,45.00678545892969,-3.1744719691604084,1.0119232572934378
2021-05-12,44.322002796061156,43.32524679950141,-0.9967559965597487,0.7573269964551151,0.833482584332512,1.0848499507409994,42.83764188300913,45.806363709113185,41.69162093420968,44.958872664793134,-3.123061900012108,1.1295499068926103
2021-05-13,44.24123524606111,43.39774662908953,-0.8434886169715753,0.792159555529081,0.849479777900457,1.19270756290896,42.68860251722411,45.793867974898106,41.73276626440464,45.062726993774426,-3.1811954402731373,1.4942182063299865
2021-05-14,44.16361681724503,43.46695256136812,-0.696664255876914,0.8163204517251033,0.8580641471054716,1.269432472109409,42.56362873186383,45.76360490262623,41.785146833041395,45.14875828969484,-3.1847519012113557,1.7914233894575275
2021-05-15,44.08926886232525,43.45449297851952,-0.6347758838057271,0.8316736372114923,0.8283622624133992,1.24399240015724,42.45918853339072,45.719349191259774,41.830902944189255,45.07808301284978,-3.0730009881139173,1.803449220502463
2021-05-16,44.099810808154466,43.443150413772365,-0.6566603943820982,0.7983990414886639,0.7986149771639753,1.1954126275310533,42.534948686836685,45.664672929472246,41.87786505853097,45.00843576901376,-2.9996691443429624,1.6863483555787662
2021-05-17,44.79066171772248,43.186892974637125,-1.6037687430853529,1.767328477793367,0.9159304221148663,2.441194574674511,41.32669790124748,48.25462553419748,41.39166934729199,44.98211660198226,-6.388510109447394,3.1809726232766886
2021-05-18,45.05130428633282,43.16121968405823,-1.8900846022745899,1.8126385684766617,0.8543011333015424,2.429990501649294,41.498532692118566,48.60407588054708,41.48678946278721,44.835649905329255,-6.652865985507207,2.8726967809580266
2021-05-19,44.93225366826114,43.23959170599886,-1.6926619622622796,1.8207137010765184,0.880593263829259,2.480627745808987,41.36365481415116,48.50085252237112,41.513628908893516,44.96555450310421,-6.554692344047894,3.1693684195233347
2021-05-20,44.8162189133039,43.31518607469506,-1.501032838608838,1.8200952822760434,0.8980896311993151,2.5122178709230627,41.24883216004285,48.38360566656495,41.5549303975444,45.07544175184572,-6.424979865618041,3.422914188400365
2021-05-21,44.7036097557074,43.311436478741705,-1.3921732769656925,1.811556501333142,0.8659545987425665,2.464347438514423,41.15295901309444,48.254260498320356,41.61416546520628,45.00870749227713,-6.222294256453962,3.4379477025225764
2021-05-22,44.59481179267687,43.30874375778788,-1.2860680348889904,1.795837229273584,0.8339999201785278,2.4123510944407682,41.074970823300646,48.1146527620531,41.67410391423797,44.94338360133779,-6.014276179992896,3.4421401102149147
2021-05-23,44.572933557721925,43.3069389873252,-1.265994570396723,1.7317858890766575,0.8023025128620791,2.3240639853646785,41.178633215131676,47.96723390031217,41.73442606211553,44.879451912534876,-5.821159981711492,3.2891708409180467
2021-05-24,45.31858441287802,42.89850671670135,-2.420077696176674,2.4174210277983055,1.2173597929908206,3.519863588819435,40.580439198393336,50.0567296273627,40.51248152243934,45.28453191096336,-9.319010330262767,4.478854937909418
2021-05-25,45.303058574603064,42.79581553057981,-2.507243044023256,2.258720180796806,1.1753779923285008,3.312076998260276,40.875967020241326,49.7301501289648,40.492074665615945,45.09955639554367,-8.998913960613397,3.9844278725668847
2021-05-26,45.23815047255598,42.82639924014646,-2.411751232409525,2.2038737486278057,1.1451512625265854,3.231743833684802,40.91855792524548,49.55774301986648,40.58190276559435,45.070895714698565,-8.745969146431737,3.9224666816126863
2021-05-27,45.17355551607688,42.932257094905964,-2.2412984211709137,2.1472282123490887,1.1763137434461146,3.1956808631881692,40.964988219872666,49.3821228122811,40.62668215775158,45.237832032060346,-8.504832913019726,4.022236070677898
2021-05-28,45.10974666559725,43.033782933577655,-2.0759637320195936,2.0889136701217024,1.1956693285851994,3.15049864779643,41.01547587215871,49.20401745903579,40.69027104955067,45.37729481760464,-8.250941081700596,4.099013617661409
2021-05-29,45.04715315777123,43.048965577861956,-1.9981875799092663,2.029104513293951,1.1530739096065314,3.0530747562217977,41.07010831171508,49.02419800382737,40.788940715033156,45.308990440690756,-7.982214102103989,3.985838942285457
2021-05-30,44.98615572328345,43.14954306977019,-1.8366126535132636,1.968011596704841,1.1654204866618927,2.9996474848732193,41.128852993741965,48.84345845282494,40.86531891591288,45.4337672236275,-7.715921723864773,4.042696416838246
2021-05-31,44.92708318564523,43.156776321841065,-1.7703068638041624,1.905873922276465,1.1192089970374637,2.8957278874738055,41.19157029798336,48.6625960733071,40.96312668764764,45.35042595603449,-7.445933523252821,3.9053197956444965
2021-06-01,44.70028794423472,42.8019200899544,-1.8983678542803128,1.7915823384192429,1.4781605486819556,2.7143199463205234,41.188786560933,48.21178932753643,39.904725414537765,45.699114765371036,-7.218434949068539,3.4216992405079134
2021-06-02,44.66273709413039,42.835408229887996,-1.8273288642423988,1.7321633084699843,1.428681156548119,2.6280855275137074,41.26769700952922,48.05777717873156,40.035193163053684,45.63562329672231,-6.978376498169266,3.3237187696844677
2021-06-03,44.626380632553946,42.86836178462191,-1.7580188479320364,1.6723911590283886,1.3791908400120425,2.5411486901560565,41.348493960858306,47.904267304249586,40.16514773819831,45.571575831045514,-6.738670280637907,3.2226325847738337
2021-06-04,44.500805424973535,42.900521756270024,-1.6002836687035134,1.6623582063668976,1.32980555230177,2.50274348005722,41.24258334049441,47.75902750945266,40.294102873758554,45.506940638781494,-6.5056608896156645,3.305093552208638
2021-06-05,44.36930855029101,42.734738167855255,-1.634570382435756,1.616987767413464,1.6459579855520448,2.606340287092859,41.20001252616062,47.5386045744214,39.50866051617325,45.96081581953726,-6.74299734513776,3.473856580266248
2021-06-06,44.26489520188549,42.77897442029037,-1.4859207815951172,1.5912798617015345,1.5878565128223914,2.554283634950804,41.14598667295048,47.383803730820496,39.66677565515848,45.891173185422254,-6.492316706098693,3.520475142908458
2021-06-07,44.1675652098152,42.82129693012441,-1.34626827969079,1.5595116405889153,1.5297949152734642,2.495239440376326,41.110922394260925,47.22420802536948,39.82289889618842,45.8196949640604,-6.236937582828388,3.5444010234468086
2021-06-08,44.44966157452753,42.95674071122424,-1.492920863303296,1.4788994410506502,1.4142092967839548,2.3980493905702023,41.55101867006826,47.348304478986805,40.18489048952769,45.728590932920795,-6.193097668820893,3.2072559422143003
2021-06-09,44.356132271428265,43.058036064778584,-1.2980962066496802,1.469060336264362,1.4147060859000797,2.4243015430678336,41.47677401235011,47.23549053050642,40.28521213641443,45.83085999314274,-6.049727231062635,3.453534817763274
2021-06-10,44.434929340295774,43.106259032907424,-1.328670307388353,1.3587658760738723,1.3364034302587342,2.270338520047447,41.77174822319098,47.098110457400566,40.4869083096003,45.725609756214546,-5.778533806681349,3.121193191904643
2021-06-11,44.42225398572851,43.11483585840155,-1.3074181273269616,1.3130295620806824,1.290696175767483,2.1938362182777267,41.84871604405037,46.99579192740665,40.585071353897284,45.64460036290581,-5.607337115151306,2.9925008604973824
2021-06-12,44.4088564792074,43.124350374450096,-1.2845061047573068,1.267358857895937,1.2451257399518567,2.1175716086643237,41.92483311773137,46.892879840683435,40.68390392414446,45.56479682475573,-5.434946457739381,2.8659342482247676
2021-06-13,44.39498827823311,43.134539133363475,-1.2604491448696336,1.2218551623562774,1.1997896189930262,2.0416819166896527,42.00015216001481,46.78982439645141,40.78295148013714,45.48612678658981,-5.262145701581353,2.7412474118420858
2021-06-14,44.380870180781244,43.23146759003037,-1.1494025907508698,1.176627912040467,1.2024111590709865,2.0048475199469693,42.07467947318193,46.68706088838056,40.87474171825124,45.5881934618095,-5.07890372984693,2.78009854834519
2021-06-15,43.96241972770637,42.84939115251132,-1.113028575195051,1.4022349286059073,1.8155095668021404,1.9869870284685915,41.21403926763879,46.71080018777395,39.29099240157913,46.407789903443515,-5.0075231509934905,2.7814660006033884
2021-06-16,43.896467146228964,42.87634607263475,-1.0201210735942088,1.3702507521968403,1.7518962887643956,1.9444537476529467,41.21077567192316,46.58215862053477,39.44262934665654,46.31006279861297,-4.831250418993984,2.791008271805566
2021-06-17,43.807535966941735,42.1526676592514,-1.6548683076903379,1.1444701637752004,1.9032446321234417,1.9128064246427678,41.56437444594234,46.05069748794113,38.422308180289455,45.88302713821334,-5.403968899990163,2.094232284609487
2021-06-18,43.83055009702437,42.21459323769998,-1.6159568593243951,1.1142429711724053,1.8661829119207811,1.8624815643538915,41.646633873526454,46.01446632052229,38.556874730335245,45.872311745064714,-5.266420725458023,2.034507006809232
2021-06-19,43.85262793717055,42.27673268745635,-1.575895249714202,1.083070795975292,1.8271553297992598,1.8115037608156173,41.72980917705898,45.97544669728212,38.6955082410498,45.857957133862904,-5.126442620912812,1.974652121484408
2021-06-20,43.913848955142214,42.455553181206334,-1.4582957739358786,1.0655143856736038,1.8400898188698003,1.7851768098351195,41.82544075922195,46.00225715106248,38.84897713622153,46.06212922619114,-4.957242321212712,2.0406507733409556
2021-06-21,43.756437751644526,42.4942593557971,-1.2621783958474277,1.0885684174730164,1.754044666781836,1.6913762605566003,41.62284365339741,45.89003184989164,39.0563318089047,45.932186902689494,-4.577275866538365,2.052919074843509
2021-06-22,43.9316411385579,42.698639921461265,-1.2330012170966311,0.9805598381514927,1.6371039428346177,1.565018743352775,42.009743855780975,45.853538421334825,39.489916193505415,45.907363649417114,-4.3004379540680695,1.8344355198748077
2021-06-23,43.943994363647924,42.78583622179409,-1.1581581418538294,0.9561603573509165,1.6380830451741462,1.557871824503721,42.069920063240126,45.81806866405572,39.575193453252766,45.99647899033542,-4.211586917881123,1.895270634173464
2021-06-24,43.95046511183602,42.6981939872969,-1.2522711245391158,0.9107594739844598,1.6172354823374813,1.660855623964195,42.16537654282648,45.735553680845555,39.528412441915435,45.86797553267836,-4.507548147508938,2.003005898430706
2021-06-25,43.96307815492669,42.783677923547764,-1.1794002313789254,0.8876092016413433,1.618395050026297,1.648001751940882,42.22336411970966,45.702792190143725,39.61162362549622,45.955732221599305,-4.409483665183054,2.050683202425203
2021-06-26,43.9752202954303,42.8051346004351,-1.1700856949951963,0.8637625273232019,1.5746128473115466,1.5991064181107102,42.28224574187682,45.668194848983774,39.71889341970447,45.891375781165735,-4.304334274492188,1.9641628845017958
2021-06-27,44.05412971934531,42.82799495662127,-1.2261347627240482,0.887905530194492,1.5303435205157225,1.5549170956990628,42.31383488016411,45.794424558526515,39.82852165641045,45.827468256832084,-4.273772270294211,1.821502744846115
2021-06-28,44.059371304514755,42.851902381707234,-1.2074689228075184,0.8594290971468421,1.4856109114919733,1.505995411266247,42.374890274106946,45.743852334922565,39.94010499518296,45.763699768231504,-4.159219928889362,1.7442820832743258
2021-06-29,44.10214174986842,42.696452532880144,-1.4056892169882733,0.7937224226745548,1.5014914281912362,1.571919818888387,42.546445801426295,45.65783769831055,39.75352933362532,45.639375732134965,-4.486652062009512,1.675273628032965
2021-06-30,44.104686447381354,42.73022344539294,-1.3744630019884176,0.7681485378678027,1.4609962058512145,1.5266809202639038,42.59911531316046,45.61025758160225,39.866670881924556,45.59377600886132,-4.366757605705669,1.617831601728834
2021-07-01,44.107216840220175,42.838817156919575,-1.2683996833005962,0.7424170818678003,1.473254991969949,1.530448992547369,42.652079359759284,45.56235432068107,39.951237372658476,45.726396941180674,-4.268079708693439,1.731280342092247
2021-07-02,44.10970897809373,42.943532197652445,-1.1661767804412793,0.7166066049982338,1.4764789939331653,1.5263355323513785,42.70516003229719,45.51425792389027,40.04963336954344,45.83743102576145,-4.157794423849982,1.8254408629674228
2021-07-03,44.11214281420434,42.9630606268019,-1.1490821874024375,0.6907997931162557,1.425014356877386,1.4716816938291455,42.758175219696476,45.466110408712204,40.170032487322224,45.75608876628157,-4.033578307307563,1.7354139325026874
2021-07-04,44.114501811475044,42.98321804072664,-1.1312837707484034,0.6650809989109321,1.3738767740748519,1.4174851111450992,42.81094305360962,45.41806056934047,40.29041956353993,45.676016517913354,-3.9095545885927976,1.646987047095991
2021-07-05,44.116772635288996,43.00367990186832,-1.11309273342068,0.6395340294778423,1.3231493061191577,1.363837712862681,42.86328593751242,45.37025933306557,40.41030726187477,45.59705254186186,-3.7862146506315346,1.560029183790175
2021-07-06,44.048092035755424,42.905851301787415,-1.1422407339680065,0.6100241276484273,1.2567070520647534,1.239694544960359,42.852444745564505,45.24373932594634,40.442705479740496,45.36899712383433,-3.57204204209031,1.287560574154297
2021-07-07,44.05493195857793,42.93258675882661,-1.1223451997513185,0.5879871194979546,1.2142899853121731,1.1954275734516293,42.902477204361944,45.20738671279392,40.55257838761475,45.31259513003847,-3.465383243716512,1.2206928442138747
2021-07-08,44.076671496345966,42.87080283943719,-1.2058686569087782,0.5667543069569161,1.1626584566750968,1.1530435899255427,42.96583305471041,45.187509937981524,40.591992264354,45.14961341452038,-3.465834093162842,1.0540967793452856
2021-07-09,44.081711603411975,42.90484739583983,-1.176864207572149,0.5452803490367014,1.1236427817650019,1.1120274322009498,43.01296211930004,45.15046108752391,40.702507543580424,45.10718724809924,-3.3564379746860107,1.0027095595417128
2021-07-10,44.086526336806,42.93735160907605,-1.1491747277299469,0.5239800754997465,1.0844096563402386,1.071090322148018,43.0595253888265,45.113527284785505,40.81190868264918,45.062794535502924,-3.248511759140062,0.9501623036801683
2021-07-11,44.184506776354944,42.968257802684384,-1.216248973670563,0.5896103812886033,1.0451151319817384,1.04267479606768,43.02887042902928,45.340143123680605,40.919832144000175,45.016683461368594,-3.259891573963216,0.82739362662209
2021-07-12,44.27458701249384,42.99752464420882,-1.2770623682850155,0.6302666484366085,1.0059128483958122,1.0112359913341404,43.039264381558084,45.509909643429594,41.02593546135303,44.96911382706462,-3.2590849112999307,0.7049601747298997
2021-07-13,44.377200408772715,42.89120372534793,-1.4859966834247837,0.6129998418824429,0.9932192285460771,1.0243237944216157,43.175720718683124,45.57868009886231,40.94449403739762,44.83791341329824,-3.49367132049115,0.5216779536415828
2021-07-14,44.44411800720176,42.92474528230496,-1.5193727248968023,0.6259558547806724,0.9610606034201742,0.9850326068320717,43.21724453183164,45.67099148257188,41.04106649960142,44.8084240650085,-3.450036634287663,0.4112911844940583
2021-07-15,44.412827208481524,42.95667544692203,-1.456151761559501,0.603154879060644,0.9284960493506582,0.96492253323429,43.23064364552266,45.595010771440386,41.13682319019474,44.776527703649315,-3.347399926698709,0.43509640357970736
2021-07-16,44.3846702283515,42.986933865144344,-1.3977363632071569,0.5798852149878359,0.8956868603222939,0.9416445960720137,43.24809520697534,45.52124524972766,41.23138761891265,44.74248011137604,-3.2433597715083033,0.4478870450939898
2021-07-17,44.35933588516707,43.01548418239489,-1.3438517027721761,0.5564116716414096,0.8627909365317733,0.9158872325164173,43.268769008749906,45.449902761584234,41.32441394679262,44.70655441799717,-3.138990678504354,0.45128727296000193
2021-07-18,44.33655088814345,43.04231252653752,-1.294238361605933,0.532950286979589,0.8299596771334843,0.8882335174250288,43.291968325663454,45.381133450623445,41.415591559355896,44.66903349371915,-3.0351760557589893,0.44669933254712335
2021-07-19,44.31607195869566,43.06742544113962,-1.2486465175560444,0.5096775397625553,0.7973354234831039,0.8591809611652886,43.317103980761054,45.315039936630264,41.504648011112735,44.6302028711665,-2.93264120144001,0.4353481663279213
2021-07-20,44.31994888817672,42.69222037893531,-1.6277285092414113,0.45901949715350837,1.3186779945198077,1.4006320078751557,43.420270673755844,45.21962710259759,40.10761150967649,45.27682924819413,-4.372967244676716,1.1175102261938938
2021-07-21,44.303375197704156,42.74337741434351,-1.5599977833606429,0.44074324011630067,1.2769479257098209,1.3622159194954566,43.43951844707621,45.1672319483321,40.24055947995227,45.24619534873476,-4.229940985571738,1.109945418850452
2021-07-22,44.28817266337953,42.79167394440003,-1.4964987189794905,0.42256878217004407,1.234377964837558,1.3217550294294096,43.45993785032624,45.11640747643281,40.372293133318415,45.21105475548165,-4.0871385766611334,1.0941411387021525
2021-07-23,44.68500154419077,42.8315180673567,-1.853483476834068,0.966963407415988,1.0825921078527991,1.4723242384452904,42.789753265655435,46.5802498227261,40.709637535965214,44.95339859874818,-4.739238984186837,1.0322720305187012
2021-07-24,44.612756235506964,42.645588396685326,-1.967167838821637,0.8761358107948575,1.1157795052077017,1.4165629670972608,42.895530046349045,46.329982424664884,40.45866056647823,44.83251622689242,-4.743631254332268,0.8092955766889944
2021-07-25,44.581771828239134,42.68980161982783,-1.8919702084113,0.8552591501544221,1.0925894907937674,1.399919880782079,42.905463893936464,46.258079762541804,40.548326217872045,44.83127702178362,-4.635813174744174,0.8518727579215746
2021-07-26,44.5517319485552,42.81302516661447,-1.7387067819407316,0.833315914463183,1.1449204951618053,1.4625358300473317,42.91843275620736,46.18503114090304,40.56898099609734,45.05706933713161,-4.605277008833502,1.1278634449520386
2021-07-27,44.4193984649943,42.73293686918387,-1.6864615958104339,0.8338394637931337,1.283492568013094,1.455493808983183,42.78507311595976,46.05372381402884,40.2172914358782,45.24858230248953,-4.539229461417472,1.1663062697966047
2021-07-28,44.39687452108449,42.770487422417894,-1.6263870986665954,0.7702673024869254,1.186832923438645,1.3525031933380145,42.88715060821012,45.90659843395886,40.44429489247815,45.09667995235764,-4.2772933576091035,1.024519160275913
2021-07-29,44.38063355589432,42.802640460706485,-1.5779930951878378,0.7481771601984062,1.1545540183045586,1.3216114186189185,42.914206321905446,45.847060789883194,40.53971458482955,45.06556633658342,-4.168351475680918,1.0123652853052425
2021-07-30,44.36482628811989,42.834694182885904,-1.5301321052339887,0.7255958607580664,1.1217174521560538,1.2894691944308077,42.94265840103408,45.786994175205706,40.63612797666004,45.03326038911177,-4.057491726318371,0.9972275158503945
2021-07-31,44.349521249320325,42.86637626128389,-1.4831449880364331,0.7026231130607526,1.0883647982838565,1.2561232812343286,42.97237994772125,45.7266625509194,40.73318125664753,44.999571265920245,-3.945146619255717,0.9788566431828507
2021-08-01,44.334778298999375,42.897447240117884,-1.4373310588814896,0.6793618579170811,1.0545649794784957,1.2216630493525178,43.003229057481896,45.66632754051685,40.830499880340035,44.96439459989573,-3.8317906356124247,0.9571285178494453
2021-08-02,44.39490454420122,43.0125118251653,-1.3823927190359202,0.6316639689271846,0.9647682792036661,1.0957596495391746,43.156843165103936,45.6329659232985,41.12156599792611,44.903457652404484,-3.5300816321327027,0.765296194060862
2021-08-03,44.50962482538683,43.053772670778194,-1.4558521546086372,0.6707095731897253,1.050826262434838,1.2938497017418795,43.19503406193497,45.82421558883869,40.99415319640591,45.11339214515048,-3.991797570022721,1.0800932608054468
2021-08-04,44.487362075860915,43.14064818789126,-1.3467138879696545,0.6558493526698176,1.0696500570308811,1.3216022414131279,43.20189734462807,45.77282680709376,41.04413407611073,45.23716229967179,-3.937054281139385,1.243626505200076
2021-08-05,44.465526603109126,43.224382336831766,-1.2411442662773633,0.640175449406247,1.0801446651137876,1.3385704288867522,43.21078272227288,45.72027048394537,41.10729879320874,45.34146588045479,-3.8647423068953977,1.3824537743406708
2021-08-06,44.444231168867965,43.22550854054423,-1.21872262832373,0.6237630113185414,1.0405885262038044,1.293703254979626,43.221655666683624,45.666806671052306,41.185955029184775,45.26506205190369,-3.7543810080837967,1.3169357514363367
2021-08-07,44.60090770307247,43.2539305721139,-1.346977130958568,0.6611935323563213,0.9349730190957811,1.2080951516124014,43.304968379654085,45.89684702649086,41.42138345468617,45.08647768954163,-3.7148436281188753,1.0208893662017389
2021-08-08,44.56903277895804,43.25513623936793,-1.3138965395901137,0.6489297691116909,0.9016652221604777,1.1722092239237634,43.29713043149913,45.84093512641695,41.487872403933395,45.02240007480246,-3.61142661848069,0.9836335393004627
2021-08-09,44.53845118599775,43.25706572305616,-1.2813854629415915,0.6353076513042981,0.8685273572203958,1.1359294654527374,43.29324818944133,45.78365418255417,41.55475210290418,44.959379343208134,-3.507807215228957,0.945036289345774
2021-08-10,44.636147597989925,43.14029423756608,-1.4958533604238458,0.6620735711767104,0.984922330502581,1.3923874906357476,43.338483398483575,45.933811797496276,41.20984646978102,45.07074200535114,-4.2249328420699115,1.2332261212222195
2021-08-11,44.6803237840754,43.14832508275927,-1.531998701316132,0.652014625276785,0.950857537905964,1.3432680131648322,43.4023751185329,45.958272449617894,41.284644308463584,45.01200585705496,-4.164804007119203,1.1008066044869391
2021-08-12,44.72135600490457,43.15698595896654,-1.5643700459380383,0.639368305882973,0.9169682336128796,1.2938175035135595,43.46819412537394,45.9745178844352,41.35972822108529,44.95424369684778,-4.100252352824615,0.9715122609485383
2021-08-13,44.7594102864115,43.166083388662436,-1.5933268977490647,0.6246120912093566,0.8833142173983748,1.244308840917434,43.53517058764116,45.98364998518184,41.43478752256162,44.89737925476325,-4.032172225947235,0.8455184304491064
2021-08-14,44.79463663974956,43.1754482564071,-1.6191883833424596,0.608154979337916,0.8499627676753361,1.1949894800122223,43.60265288024725,45.986620399251876,41.50952123176344,44.84137528105076,-3.9613677641664156,0.7229909974814961
2021-08-15,44.827175862799,43.1849338462553,-1.6422420165436986,0.5903523162362001,0.8169854242834755,1.1460828273954653,43.67008532297605,45.984266402621955,41.583642414659685,44.78622527785091,-3.8885643582388107,0.6040803251514133
2021-08-16,45.11368273813016,43.80574769758247,-1.3079350405476906,0.7939961198838691,1.5920225743471754,1.30231095659475,43.557450343157775,46.66991513310254,40.685383451862,46.926111943302935,-3.8604645154734003,1.244594434378019
2021-08-17,45.11985200767763,43.80378787500356,-1.316064132674067,0.9234569114444726,1.4249271881203847,1.1233785813396855,43.30987646124646,46.9298275541088,41.0109305862876,46.596645163719515,-3.517886152099851,0.8857578867517166
2021-08-18,45.10539027144381,43.371575134362075,-1.7338151370817347,1.6629086842261736,1.568593073762148,1.9555159056212792,41.84608925036051,48.36469129252711,40.297132709788265,46.446017558935885,-5.566626312099442,2.0989960379359722
2021-08-19,45.057104704726,43.36949379310697,-1.687610911619033,1.638957644804124,1.5333137907369712,1.9214917332396695,41.844747720909915,48.26946168854209,40.36419876326251,46.37478882295143,-5.453734708768785,2.0785128855307193
2021-08-20,45.009078408795695,43.367488255134916,-1.6415901536607793,1.6125657369309998,1.496650591770894,1.8850826441655892,41.848449564410934,48.169707253180455,40.43405309526396,46.30092341500587,-5.336352136225334,2.0531718289037757
2021-08-21,44.96146245795253,43.425879193010154,-1.5355832649423782,1.5838259966420118,1.4769175020318275,1.8870983564930048,41.857163504534185,48.06576141137087,40.531120889027775,46.32063749699253,-5.234296043668667,2.163129513783911
2021-08-22,44.91442739834413,43.48274254214457,-1.4316848561995619,1.5528512945571107,1.454049630575424,1.8820699906660254,41.870838861012196,47.958015935676066,40.63280526621674,46.3326798180724,-5.120542037904972,2.257172325505848
2021-08-23,44.86815505434472,43.47083773041686,-1.3973173239278582,1.519775997154946,1.4124879954461498,1.8321460547108561,41.88939409992103,47.84691600876841,40.70236125934241,46.23931420149131,-4.988323591161136,2.1936889433054194
2021-08-24,44.798645141770116,43.320928250428146,-1.47771689134197,1.4263152115596205,1.4002491844499352,1.7500266800063216,42.00306732711326,47.594222956426975,40.576439848906276,46.06541665195002,-4.90776918415436,1.9523354014704202
2021-08-25,44.75902834165641,43.3192900067228,-1.4397383349336057,1.3936607353691701,1.3589751570537152,1.7048873751844618,42.02745330033284,47.490603382979984,40.655698698897524,45.98288131454808,-4.781317590295151,1.9018409204279394
2021-08-26,44.72022768968741,43.318148641591335,-1.4020790480960752,1.3594206790835872,1.3170412813756152,1.6584793198799694,42.05576315868358,47.38469222069124,40.73674773009513,45.89954955308754,-4.652698515060815,1.848540418868665
2021-08-27,44.682409205536686,43.31743331927384,-1.3649758862628443,1.323757284619324,1.2746030983067391,1.6109472365887274,42.08784492768281,47.27697348339056,40.81921124659263,45.81565539195505,-4.522432469976749,1.7924806974510612
2021-08-28,44.645727384978635,43.317080667154386,-1.3286467178242496,1.2868484368036404,1.231822567657845,1.5624582420679385,42.1235044488435,47.16795032111377,40.90270843454501,45.73145289976376,-4.391064872277409,1.7337714366289096
2021-08-29,44.444853545747385,43.316298959684396,-1.1285545860629846,1.2308985748387167,1.1043768444861726,1.4635892263780312,42.0322923390635,46.85741475243127,41.151720344491494,45.4808775748773,-3.9971894697639256,1.7400802976379564
2021-08-30,44.42530579353754,43.31645126482193,-1.10885452871561,1.1945092999933504,1.069384492124997,1.419247136391643,42.08406756555057,46.76654402152451,41.22045766025693,45.412444869386924,-3.8905789160432303,1.6728698586120103
2021-08-31,44.505502377294185,43.34362247659005,-1.1618799007041352,1.1489372209558588,1.0330823383008207,1.4389571693491603,42.2535854242207,46.75741933036767,41.31878109352044,45.368463859659656,-3.982235952628489,1.6584761512202189
2021-09-01,44.48249755046956,43.34033971002208,-1.1421578404474773,1.1163128808821283,0.9993493010859634,1.3947676738148527,42.29452430394059,46.67047079699853,41.38161507989359,45.299064340150565,-3.875902481124588,1.5915868002296338
2021-09-02,44.58712743463961,43.32022147280896,-1.2669059618306526,1.097975538289805,0.918263704007877,1.3546925694490062,42.435095379591594,46.73915948968763,41.52042461295352,45.1200183326644,-3.9221033979507043,1.3882914742893993
2021-09-03,44.48665906259992,43.31932915080925,-1.1673299117906653,1.127722996007411,0.8888118029834421,1.3650069530202071,42.276321990425394,46.696996134774444,41.57725801696171,45.0614002846568,-3.842743539710271,1.5080837161289407
2021-09-04,44.390287777017285,43.318804864280665,-1.0714829127366226,1.146269025072536,0.8591283132235613,1.3670231521536502,42.14360048787511,46.63697506615946,41.63491337036248,45.00269635819885,-3.7508482909577765,1.6078824654845316
2021-09-05,44.29814838862236,43.3981359182898,-0.9000124703325548,1.155348096921688,0.874174875307303,1.4540554390910987,42.03366611865585,46.562630658588866,41.68475316268749,45.111518673892114,-3.7499611309511085,1.9499361902859986
2021-09-06,44.21036413121853,43.473036790115955,-0.7373273411025745,1.156354809725965,0.8808683718837216,1.512801449727785,41.94390870415564,46.47681955828143,41.74653478122386,45.19953879900805,-3.7024181825690334,2.227763500363884
2021-09-07,44.110195491071295,43.38938200349334,-0.7208134875779622,0.9835934574989854,0.9153398438266502,1.3099557270749131,42.18235231437328,46.03803866776931,41.595315909593104,45.18344809739357,-3.2883267126447917,1.8466997374888674
2021-09-08,44.099520077308306,43.56843532599351,-0.5310847513147917,0.9923193403945926,0.9054104524139253,1.3942096445408607,42.15457417013491,46.044465984481704,41.79383083926222,45.343039812724804,-3.2637356546148784,2.201566151985295
2021-09-09,44.10510909722474,43.551077092899845,-0.5540320043248961,0.9652619858724399,0.8819005798236853,1.3566262843467092,42.21319560491476,45.99702258953472,41.82255195644542,45.27960222935427,-3.213019521644446,2.104955512994654
2021-09-10,44.110105893589314,43.534745655993056,-0.5753602375962601,0.937637051947633,0.8576976509941733,1.3181116384231524,42.27233727177195,45.947874515406674,41.853658260044476,45.21583305194164,-3.1588590489056383,2.0081385737131185
2021-09-11,44.060228622926616,43.565461991130476,-0.4947666317961432,0.893146491570441,0.8253328246521652,1.2459876565831292,42.30966149944855,45.81079574640468,41.94780965481223,45.18311432744872,-2.9369024386990765,1.94736917510679
2021-09-12,44.066887829871014,43.547674669015905,-0.5192131608551132,0.8675000034839102,0.8022396092828502,1.2111078456875115,42.36658782304255,45.76718783669948,41.97528503482152,45.12006430321029,-2.8929845384026356,1.8545582166924095
2021-09-13,44.29115276267298,43.22601335003246,-1.0651394126405194,1.1735832771060504,0.942607833738018,1.5790595563327763,41.99092953954512,46.59137598580084,41.37850199590594,45.07352470415898,-4.160096143052761,2.0298173177717223
2021-09-14,44.310197415778234,43.24800110265889,-1.0621963131193437,1.1438604467788691,0.9146592128665301,1.5236397618184805,42.06823094009165,46.552163891464815,41.45526904544049,45.04073315987729,-4.0485302462835655,1.9241376200448779
2021-09-15,44.303948164707975,43.3109776040506,-0.9929705606573824,1.114843954716463,0.9253180736769538,1.512789210004448,42.11885401346371,46.48904231595224,41.49735417964377,45.12460102845743,-3.9580374122661004,1.9720962909513355
2021-09-16,44.29731182711985,43.309787042265405,-0.9875247848544423,1.084960066588404,0.8970061599511541,1.4705565112274575,42.170790096606574,46.423833557633124,41.55165496876114,45.06791911576967,-3.869815546860259,1.894765977151374
2021-09-17,44.29037616013533,43.30905829994972,-0.9813178601856107,1.0543133647227543,0.8684511426723739,1.4274935925400225,42.223921965278734,46.35683035499193,41.606894060311866,45.01122253958757,-3.7792053015640548,1.8165695811928335
2021-09-18,44.28322559283976,43.30873232944954,-0.9744932633902192,1.0230185046928895,0.8397201173828247,1.3837409781167636,42.2781093236417,46.288341862037825,41.6628808993792,44.95458375951988,-3.6866255804990757,1.7376390537186372
2021-09-19,45.104314576722835,44.143206805243004,-0.9611077714798328,1.7411791966850678,1.6778663020238929,1.1742293827156933,41.6916033512201,48.51702580222557,40.85458885327618,47.43182475720983,-3.262597361602592,1.340381818642926
2021-09-20,45.03550079668044,44.046256589921065,-0.9892442067593714,1.6934823221337831,1.6546421348290907,1.1384064067109883,41.71627544529822,48.35472614806265,40.803158005656044,47.289355174186085,-3.2205207639129085,1.2420323503941655
2021-09-21,45.606713487799425,44.73031074244422,-0.8764027453552076,2.587897765634054,2.8291669890410693,1.1140748786018777,40.53443386715668,50.67899310844217,39.18514344392372,50.275478040964714,-3.0599895074148877,1.3071840167044728
2021-09-22,45.45818809153881,44.56148710604327,-0.8967009854955321,2.4607986961991704,2.6933638160076274,1.044404422262494,40.63502264698843,50.281353536089185,39.282494026668324,49.84048018541822,-2.9437336531300202,1.1503316821389562
2021-09-23,45.551436939413165,43.97076506723935,-1.5806718721738169,2.3297366523879015,2.9392498253226855,2.219551613480042,40.98515310073288,50.11772077809345,38.20983540960688,49.731694724871815,-5.9309930345946995,2.7696492902470653
2021-09-24,45.488158992092934,43.927929369914445,-1.5602296221784955,2.26971923579304,2.8447291033074156,2.1532692587151496,41.03950928993858,49.93680869424729,38.35226032743191,49.50359841239698,-5.780637369260189,2.6601781249031977
2021-09-25,45.424351313112815,43.95668007854662,-1.4676712345661989,2.2329580841301997,2.7767411131281525,2.1393359898458724,41.04775346821762,49.80094915800801,38.51426749681544,49.399092660277795,-5.660769774664108,2.725427305531711
2021-09-26,45.26911515163405,43.50259999768212,-1.7665151539519266,2.076408032822828,2.796374451049823,2.1627799428799404,41.199355407301304,49.33887489596679,38.021706073624465,48.98349392173977,-6.00556384199661,2.472533534092756
2021-09-27,45.22444020502378,43.48823997401983,-1.7362002310039597,2.01241826415353,2.6955410732827954,2.091068135833511,41.280100407282866,49.1687800027647,38.204979470385545,48.77150047765411,-5.834693777237641,2.362293315229722
2021-09-28,45.83159947947254,44.31426800758573,-1.5173314718868016,2.814697626095025,3.6428796299473305,2.032738720077367,40.31479213232629,51.348406826618785,37.174223932888964,51.4543120822825,-5.501499363238441,2.4668364194648373
2021-09-29,45.73447369990347,44.067657891244615,-1.6668158086588551,2.6124049479772773,3.4282307727440346,2.02390743751797,40.614160001868,50.854787397938935,37.348325576666305,50.786990205822924,-5.633674386194077,2.3000427688763665
2021-09-30,45.66213268411549,44.08658625467559,-1.5755464294399029,2.573960696092175,3.3496583232467336,2.0194648635890426,40.61716971977483,50.70709564845615,37.52125594111199,50.65191656823919,-5.533697562074426,2.3826047031946205
2021-10-01,45.58876212612237,44.10466647263068,-1.4840956534916852,2.532205207011749,3.267948927819192,2.010028708040807,40.62563992037934,50.551884331865395,37.699486574105066,50.5098463711563,-5.423751921251666,2.4555606142682964
2021-10-02,45.514796585467195,44.1219123715727,-1.392884213894498,2.4871623830328025,3.1833782232464234,1.9956652931239507,40.639958314722904,50.38963485621149,37.882491054009705,50.36133368913569,-5.304388188417441,2.5186197606284457
2021-10-03,45.44068489253874,44.138330790518104,-1.3023541020206342,2.438905318763703,3.0962590544550683,1.9764855784141877,40.660430467761884,50.2209393173156,38.06966304378617,50.20699853725004,-5.176265835712442,2.5715576316711735
2021-10-04,44.54518295316746,44.014019373644594,-0.5311635795228657,2.5703738702971433,2.859970128723241,2.1781063135710226,39.50725016738506,49.583115738949864,38.40847792134704,49.619560825942145,-4.80025195412207,3.7379247950763386
2021-10-05,44.46106142294393,43.79522800154254,-0.6658334214013822,2.3273510180265453,2.738822080756611,2.147277390974834,39.8994534276119,49.02266941827595,38.42713672325958,49.1633192798255,-4.874497107712057,3.542830264909292
2021-10-06,44.38923415720543,43.82373269795149,-0.5655014592539355,2.2910159114633664,2.674901180854777,2.1380156245145283,39.898842970737235,48.879625343673624,38.580926383476125,49.06653901242686,-4.756012083302411,3.62500916479454
2021-10-07,44.318218185557775,43.85212138857102,-0.46609679698675266,2.2509893010069315,2.608479243178522,2.1229907668628494,39.90627915558419,48.730157215531364,38.73950207194112,48.964740705200924,-4.6271587000379375,3.6949651060644326
2021-10-08,44.24827552503469,43.880257233696454,-0.36801829133824276,2.207469446057296,2.53979094288504,2.1024348117609213,39.92163541076239,48.574915639306994,38.902266985641774,48.858247481751135,-4.488790522389648,3.7527539397131626
2021-10-09,44.144891768224504,43.95899216433169,-0.18589960389281482,2.028116567552895,2.319264762803384,1.9587205437037871,40.16978329582083,48.12000024062818,39.41323322923706,48.50475109942632,-4.024991869552237,3.653192661766608
2021-10-10,44.14850432925802,43.98042174430789,-0.16808258495013104,1.9730333558478697,2.258877453044876,1.906647894507553,40.28135895179619,48.01564970671984,39.55302193633993,48.40782155227585,-3.905112458184935,3.5689472882846727
2021-10-11,44.07319354612052,43.90463502577099,-0.16855852034952956,1.8504305028424257,2.112743737913045,1.7637669619132692,40.44634976054937,47.700037331691675,39.76365729946143,48.04561275208056,-3.6255417656995372,3.288424725000478
2021-10-12,44.1860819134625,43.76947642134992,-0.4166054921125797,1.7128081361072431,2.0127846283739053,1.9068414777839646,40.82897796669231,47.5431858602327,39.82441854973707,47.714534292962774,-4.15401478856915,3.3208038043439907
2021-10-13,44.149239848805095,43.83924796902789,-0.30999187977720616,1.6340500752133653,1.9183965153062612,1.8402953975278327,40.9465017013869,47.35197799622329,40.079190799027614,47.59930513902816,-3.9169708589317582,3.2969870993773456
2021-10-14,44.098189424993045,43.99128662880456,-0.10690279618848905,1.6049864175959043,2.006352939382578,2.0923859243880543,40.95241604650507,47.24396280348102,40.058834867614706,47.92373838999441,-4.207979207989076,3.9941736156120973
2021-10-15,44.10271891769355,44.0117051639578,-0.09101375373575632,1.5598025989752051,1.9522717311672897,2.035262546074208,41.04550582370215,47.15993201168495,40.18525257086991,47.838157757045686,-4.080128344041204,3.898100836569691
2021-10-16,44.038134529668746,44.0317560298058,-0.0063784998629503546,1.532901515557159,1.8965931641369582,2.001798105126003,41.033647559176714,47.04262150016078,40.31443342809736,47.74907863151424,-3.929902785909916,3.9171457861840153
2021-10-17,44.02725224278209,44.140487463777184,0.11323522099509811,1.4149084156373246,1.7454273491690024,1.8782108979130248,41.25403174813293,46.80047273743125,40.71944985940594,47.56152506814843,-3.5680581389144304,3.7945285809046267
2021-10-18,44.08118935415013,44.100413130559105,0.01922377640896678,1.4202284088202148,1.6933269117477123,1.8936626009353488,41.297541672862515,46.86483703543775,40.78149238353359,47.41933387758462,-3.6923549214243168,3.73080247424225
2021-10-19,43.81727499238365,43.981624870076814,0.1643498776931611,1.3257506313637868,1.5912617046407698,1.703268452663297,41.21880375491063,46.41574622985667,40.862751928980906,47.10049781117272,-3.1740562895269013,3.502756044913223
2021-10-20,43.83609989797464,44.000042331121065,0.16394243314642515,1.2940218655703142,1.5528780083973197,1.6576211588701046,41.299817041456826,46.372382754492456,40.95640143466232,47.04368322757981,-3.08499503823898,3.41287990453183
2021-10-21,43.46097197449408,43.79882651025676,0.33785453576268243,1.7135297381712398,1.6065171788869583,1.6005205164162468,40.10245368767845,46.81949026130971,40.65005283963832,46.9476001808752,-2.7991656764131614,3.474874747938526
2021-10-22,43.389614319896445,43.77509068193354,0.38547636203709446,1.6044154339159546,1.4786838684254069,1.4579976999265418,40.244960069421175,46.534268570371715,40.87687029981974,46.67331106404734,-2.472199129818928,3.2431518538931163
2021-10-23,43.37072281292161,43.80238205265723,0.4316592397356152,1.5653279670532068,1.4476780635606488,1.4328819387350158,40.30267999749733,46.4387656283459,40.96493304807836,46.6398310572361,-2.3767893601850156,3.240107839656246
2021-10-24,43.377437921760055,43.843319389278406,0.4658814675183457,1.5110717702812777,1.3989471248183214,1.386090922549197,40.41573725200875,46.33913859151136,41.101383024634494,46.58525575392232,-2.2508567406780804,3.182619675714772
2021-10-25,43.35965055389028,43.86849157518741,0.5088410212971243,1.4724001218765743,1.3674499565604123,1.3597700287617551,40.4737463150122,46.24555479276837,41.188289660329005,46.54869349004582,-2.1563082350759157,3.1739902776701645
2021-10-26,43.46787077512905,43.899162265143396,0.43129149001434597,1.564059617009652,1.2299939751852225,1.7547963473996107,40.40231392579013,46.53342762446797,41.48837407378036,46.30995045650643,-3.008109350888891,3.8706923309175827
2021-10-27,43.50447481118065,43.86429718321774,0.3598223720370826,1.5340664450416914,1.2065496583397248,1.7348290114399063,40.49770457889893,46.51124504346237,41.49945985287188,46.229134513563594,-3.0404424903851335,3.760087234459299
2021-10-28,42.91875851247789,43.41268737242286,0.4939288599449629,2.2155517267170612,1.7161180318541223,1.636630948278116,38.57627712811245,47.261239896843335,40.04909602998878,46.776278714856936,-2.7138677986801447,3.70172551857007
2021-10-29,42.979380548782935,43.45723999701098,0.47785944822805093,2.1796609021209963,1.6870805513013225,1.5976113472975615,38.70724518062578,47.251515916940086,40.150562116460385,46.763917877561575,-2.6534587924751696,3.609177688931271
2021-10-30,43.08018687233497,43.588637585831485,0.5084507134965158,2.0273777361772565,1.5852779231112748,1.478056181843612,39.106526509427546,47.053847235242394,40.481492856533386,46.695782315129584,-2.3885394029169635,3.4054408299099954
2021-10-31,43.076799128103204,43.62489367001843,0.5480945419152214,1.977266881878179,1.5556386836110188,1.4498255857926081,39.20135603962197,46.95224221658444,40.57584185014083,46.67394548989603,-2.2935636062382905,3.3897526900687334
2021-11-01,43.03556422765944,43.735467295381795,0.6999030677223536,1.9071688343753763,1.5500935929966484,1.4706346305166198,39.297513312283705,46.77361514303518,40.69728385310837,46.773650737655224,-2.1825408080902213,3.582346943534928
2021-11-02,43.14478198782691,43.68529905328391,0.5405170654570007,1.8201913525419606,1.592652550699556,1.6889066306732574,39.57720693684467,46.71235703880915,40.56370005391278,46.80689805265504,-2.769739930662584,3.850774061576585
2021-11-03,43.141638473672685,43.77697047774407,0.6353320040713846,1.772034268594785,1.5982642446323112,1.6886481632218004,39.66845130722691,46.61482564011846,40.64437255826474,46.9095683972234,-2.674418395843344,3.945082403986113
2021-11-04,43.65186919224603,44.04133219580243,0.3894630035563988,2.0861708493875852,1.5456994640034731,2.2201145570062923,39.56297432744636,47.7407640570457,41.011761246355626,47.07090314524924,-3.9619615281759337,4.740887535288731
2021-11-05,43.39903251542057,44.6668457145884,1.2678131991678205,2.0960863554723965,2.1850596807436315,3.1985351144118863,39.29070325869468,47.50736177214647,40.38412874033088,48.949562688845916,-5.001315625079477,7.536942023415118
2021-11-06,43.436633175284626,44.6999240929065,1.263290917621872,2.056154995679169,2.1416666428446205,3.1274468893895864,39.40656938375346,47.466696966815796,40.50225747293104,48.89759071288196,-4.866504985581717,7.393086820825461
2021-11-07,43.494097968328006,44.665482457732736,1.171384489404734,1.9929335817492382,2.0679427908943224,3.0312485302410876,39.5879481480995,47.40024778855651,40.61231458757987,48.718650327885605,-4.769862629867798,7.112631608677266
2021-11-08,43.09893682162794,44.521939866564864,1.4230030449369244,2.3217600266440828,2.0312729399961436,2.916233146832212,38.54828716940553,47.64958647385034,40.540644904172424,48.503234828957304,-4.2928139228542115,7.138820012728059
2021-11-09,42.68636396123093,43.30140181941364,0.6150378581827096,2.905310993760554,4.214063057769956,3.300997369197958,36.99195441346025,48.380773509001614,35.041838226184524,51.56096541264276,-5.854916985445288,7.084992701810708
2021-11-10,42.617208677933824,43.888601064298484,1.2713923863646601,2.741448576450681,4.203492426183645,3.6018341417377506,37.24396946809049,47.99044788777716,35.64975590897854,52.12744621961843,-5.788202531441331,8.330987304170652
2021-11-11,42.68312214608338,43.90202668542961,1.2189045393462277,2.701602205904549,4.114536994290814,3.5329580489487435,37.38798182251046,47.97826246965629,35.83753417661961,51.96651919423961,-5.7056932365933095,8.143502315285765
2021-11-12,42.6970044305795,43.91670567495448,1.2197012443749802,2.6399651456734325,4.021725997305272,3.4525281307873392,37.522672745059566,47.87133611609943,36.03412272023615,51.79928862967281,-5.547253891968205,7.986656380718165
2021-11-13,42.712287438219484,43.93245365837555,1.2201662201560624,2.576171730965115,3.925289644890083,3.3689531158403687,37.66299084552786,47.76158403091111,36.23888595439099,51.62602136236011,-5.38298188689106,7.823314327203184
2021-11-14,42.788639067126645,43.949085499446774,1.1604464323201258,2.5314259584718544,3.8255101729958416,3.2915379993698344,37.82704418852181,47.75023394573148,36.45108556037492,51.44708543851863,-5.29096804644475,7.611860911085001
2021-11-15,42.62202051540511,44.18822581185507,1.5662052964499646,2.3903213452060603,3.489349057365962,3.1907767397547833,37.93699067880124,47.307050352008986,37.349101659417784,51.027349964292355,-4.687717113469411,7.820127706369339
2021-11-16,42.70367558868732,44.127563512784306,1.4238879240969864,2.246002056949779,3.2834319216132384,3.0007110255338962,38.30151155706575,47.105839620308885,37.69203694642236,50.56309007914625,-4.45750568594945,7.305281534143423
2021-11-17,42.7746317557032,44.13479077534526,1.3601590196420574,2.214711546318516,3.2048061234104295,2.9414420530264502,38.433797124918904,47.11546638648749,37.85337077346082,50.4162107772297,-4.4050674042897855,7.1253854435739
2021-11-18,43.05306110012021,44.12547123809205,1.0724101379718347,2.260486899905799,2.9813711175538895,2.98923142912725,38.622506776304846,47.483615423935575,38.281983847686426,49.96895862849767,-4.786483463117575,6.931303739061244
2021-11-19,43.19464988575888,44.08796288624397,0.8933130004850895,2.0833681045769707,2.697633422367226,2.8155570236378096,39.111248400788014,47.27805137072974,38.80060137840421,49.375324394083734,-4.625178765845018,6.411804766815196
2021-11-20,43.19057294472382,44.09491299684666,0.9043400521228411,2.0362300887340092,2.6380945596528833,2.7519201751142264,39.19956197080516,47.181583918642474,38.924247659927005,49.265578333766314,-4.489423491101043,6.298103595346724
2021-11-21,43.09024182400661,43.912767525924984,0.8225257019183709,2.028342600521836,2.607904705706286,2.612259669583259,39.11469032698381,47.06579332102941,38.801274302740666,49.0242607491093,-4.297503250464816,5.942554654301558
2021-11-22,43.025392110494124,43.91407676285277,0.8886846523586417,1.9109872036485598,2.4018009571437444,2.4245851086103185,39.27985719134295,46.7709270296453,39.20654688685104,48.62160663885451,-3.8635021605175823,5.6408714652348655
2021-11-23,42.922187237186535,43.98654246670113,1.0643552295145926,1.930772013888217,2.2898482173207695,2.442194069953893,39.13787408996563,46.70650038440744,39.49843996075242,48.47464497264984,-3.7223451475950378,5.851055606624223
2021-11-24,42.92769830810034,44.00058963275431,1.0728913246539735,1.8845572783204672,2.237686941824264,2.3841055671070794,39.23396604259222,46.62143057360846,39.61472322677876,48.38645603872987,-3.599955586875902,5.745738236183849
2021-11-25,42.991470935786936,44.01513136237337,1.0236604265864324,1.8581689157891954,2.183629283108287,2.332979290320329,39.34945986084011,46.63348201073376,39.73521796748113,48.29504475726561,-3.5489789824414126,5.5962998356142775
2021-11-26,43.05481236596841,44.03005598698143,0.975243621013022,1.8287846683191311,2.127814787357008,2.2793805214340144,39.47039441606291,46.63923031587391,39.8595390037617,48.200572970201165,-3.492342200997646,5.44282944302369
2021-11-27,43.11747208416628,44.04524866972105,0.9277765855547655,1.7965128731167088,2.070411297829494,2.223491944394781,39.59630685285753,46.63863731547503,39.98724252597524,48.103254813466855,-3.430267625459006,5.285820796568537
2021-11-28,43.17918669270196,44.060593606136834,0.8814069134348709,1.7614926847144623,2.0116114731093355,2.165524663373307,39.72666103066162,46.631712354742305,40.117835118842535,48.00335209343113,-3.36302142677681,5.125835253646552
2021-11-29,43.23969029006783,44.075976356528805,0.8362860664609778,1.7238945417254978,1.9516287135530912,2.1057153786643275,39.86085698828585,46.6185235918498,40.250784077964745,47.901168635092866,-3.290916075721104,4.963488208643059
2021-11-30,42.59641095506929,43.579725185983804,0.9833142309145196,2.1611193406609295,1.9977222900010685,2.00058542130305,38.360617047373864,46.83220486276471,39.66418949758171,47.4952608743859,-2.9378331948394583,4.904461656668498
2021-12-01,42.562993830656616,43.651505791321064,1.0885119606644487,2.113654104373178,1.936662320919146,2.0107758667494235,38.42023178608519,46.70575587522804,39.85564764231954,47.44736394032259,-2.852608738164421,5.029632659493319
2021-12-02,43.13963627861814,43.84369829067983,0.7040620120616933,2.288838055859831,1.7951660466407358,2.0093912909355827,38.65351368913287,47.62575886810341,40.32517283926399,47.36222374209567,-3.2343449181720487,4.6424689422954355
2021-12-03,43.19570937415109,43.80691630322525,0.611206929074151,2.2405209017786585,1.7511860495676863,1.9891022160324718,38.804288406664924,47.58713034163726,40.37459164607259,47.23924096037791,-3.2874334143494934,4.509847272497796
2021-12-04,42.45272958529244,44.13010957782256,1.6773799925301167,3.1516499799975395,1.9324496948153007,3.9064193244099576,36.27549562449726,48.629963546087616,40.34250817598457,47.91771097966055,-5.9792018833134,9.333961868373633
2021-12-05,42.54307719519557,44.1438108627537,1.6007336675581303,3.0927744091832237,1.8816804920483619,3.8172141060011064,36.48123935319646,48.60491503719469,40.455717098338916,47.83190462716849,-5.881005980204038,9.082473315320298
2021-12-06,42.70865781710955,44.10760716642859,1.398949349319045,2.973832982258159,1.7944395746269008,3.671983670094866,36.879945171883556,48.53737046233554,40.590505600159865,47.62470873269732,-5.798138644066892,8.596037342704982
2021-12-07,42.76286674406125,44.09823027245799,1.335363528396738,2.799048741242164,1.6758646907382868,3.4393077895139155,37.276731211226604,48.249002276895894,40.813535478610945,47.382925066305035,-5.4056797390505364,8.076406795844012
2021-12-08,42.83487114768461,44.11338141114191,1.278510263457299,2.7441858496920695,1.632865218427592,3.358803274392838,37.456266882288155,48.21347541308106,40.912965583023826,47.31379723925999,-5.3047441543526634,7.861764681267262
2021-12-09,42.97331631791908,44.155765872811244,1.1824495548921643,2.571100237213641,1.518612107101312,3.125670368360044,37.933959852980344,48.01267278285781,41.17928614289267,47.13224560272982,-4.943864367093522,7.308763476877851
2021-12-10,43.03587859998726,44.2309517916029,1.1950731916156405,2.5166812284042264,1.5055585161596838,3.039947707083595,38.103183392314975,47.96857380765954,41.28005709992992,47.181846483275876,-4.763224314268205,7.153370697499486
2021-12-11,43.00116780321482,44.539955384754556,1.5387875815397405,2.3626107372678944,1.6184054729109856,3.146443870003941,38.370450758169746,47.631884848259894,41.36788065784903,47.712030111660084,-4.628242403667985,7.705817566747465
2021-12-12,43.06388430300598,44.52905750105196,1.465173198045976,2.312574053684191,1.5737077636449677,3.0749437702551936,38.53123915778497,47.59652944822699,41.44459028430782,47.613524717796096,-4.5617165916542035,7.492062987746156
2021-12-13,43.50013491300596,44.42734642906112,0.9272115160551619,2.179845692623394,2.0371577412426545,3.120734817573997,39.227637355464104,47.77263247054781,40.43451725622551,48.42017560189672,-5.189428726389872,7.043851758500196
2021-12-14,43.175563822877294,44.30293157727277,1.1273677543954785,2.133708414672106,1.830617143696961,2.8402206202662446,38.99349533011997,47.35763231563462,40.71492197562673,47.890941178918816,-4.43946466132636,6.694200170117318
2021-12-15,43.217595855571766,44.30447294057805,1.0868770850062852,2.097470064441697,1.791165070290956,2.7858061479502636,39.10655452926604,47.32863718187749,40.793789402807775,47.81515647834833,-4.373302964976231,6.547057134988801
2021-12-16,43.26045784142144,44.30605252994387,1.0455946885224268,2.0587652159016816,1.7498989697543499,2.7283437581125787,39.225278018254144,47.29563766458874,40.87625054922535,47.73585451066239,-4.3019590773782275,6.393148454423081
2021-12-17,43.94468246531556,43.93590131356448,-0.00878115175108546,2.1431767079943023,1.613921683243551,2.8980174985322233,39.74405611764673,48.14530881298439,40.77261481440712,47.09918781272184,-5.688895448874243,5.671333145372072
2021-12-18,43.952970580047754,43.90527561230192,-0.047694967745836356,2.101841033617083,1.5868687929362344,2.8463064742192627,39.83336215415827,48.072579005937236,40.7950127781469,47.015538446456944,-5.626455657215591,5.531065721723919
2021-12-19,44.12513623238189,44.180940283953106,0.055804051571211884,2.060864686197748,1.7456255186803935,2.69977910726218,40.085841447434305,48.16443101732948,40.75951426733953,47.60236630056668,-5.235762998662661,5.347371101805084
2021-12-20,43.80572851885883,44.03862315779232,0.23289463893349466,2.057119755571336,1.6799099765337664,2.4732107182450735,39.77377379793901,47.83768323977865,40.74599960378614,47.33124671179851,-4.61459836882685,5.080387646693839
2021-12-21,43.805816075536065,43.883765248066915,0.07794917253085,1.9685074557449478,1.7660188285241052,2.451033641033309,39.947541462275964,47.664090688796165,40.42236834415967,47.34516215197416,-4.726076763894435,4.881975108956135
2021-12-22,43.75718100355102,43.917810817087165,0.16062981353614222,1.896982853963029,1.688211446404924,2.3612920708731187,40.03909460978348,47.475267397318554,40.608916382133515,47.226705252040816,-4.46750264537517,4.788762272447455
2021-12-23,43.773801713858475,43.93505806395615,0.16125635009767514,1.8606288796720476,1.657133297252536,2.3146029484214585,40.126969109701264,47.420634318015686,40.68707680134118,47.18303932657112,-4.375365428808384,4.697878129003734
2021-12-24,43.790627864077955,43.9526444491014,0.1620165850234406,1.8224375894762657,1.6243444330108125,2.2656351610192536,40.21865018870447,47.36260553945144,40.76892936040021,47.13635953780259,-4.278628330574296,4.602661500621178
2021-12-25,43.807597633652016,43.97049341884042,0.1628957851884004,1.7824779539549607,1.58990505520869,2.2144932995511266,40.31394084390029,47.30125442340374,40.854279510631386,47.08670732704945,-4.177511081931808,4.503302652308609
2021-12-26,43.76860333350378,43.98851906472172,0.21991573121793523,1.745724190617031,1.5538966580851659,2.174288339203038,40.346983919894406,47.19022274711316,40.94288161487479,47.03415651456865,-4.041689413620019,4.48152087605589
2021-12-27,43.78993515876648,44.00662838192418,0.21669322315769862,1.7028562106767569,1.5164215823248754,2.118576067679764,40.45233698584004,47.12753333169292,41.03444208056742,46.97881468328094,-3.935715869494639,4.369102315810037
2021-12-28,43.74695849279475,44.0899357613812,0.34297726858645416,1.662215104334041,1.5100356101881969,2.11588363770809,40.48901688830003,47.004900097289465,41.130265965412335,47.04960555735006,-3.804154661321402,4.49010919849431
2021-12-29,43.70560070358641,44.17084674901758,0.4652460454311625,1.619777041000186,1.4983837948258494,2.1046574880403006,40.53083770322605,46.88036370394678,41.23401451115891,47.107678986876245,-3.659882631127827,4.590374721990152
2021-12-30,43.42301675177445,43.7339310748636,0.31091432308914585,1.5954801176853348,1.7674290743859278,1.9734652575237825,40.295875721111194,46.5501577824377,40.26977008906718,47.19809206066002,-3.5570775816574676,4.17890622783576
2021-12-31,43.403064542040184,43.76487319737342,0.36180865533323653,1.5513227866939512,1.7220925210404874,1.9278790952494034,40.36247188012004,46.44365720396033,40.38957185613406,47.140174538612776,-3.416834371355594,4.140451682022067
2022-01-01,43.384005309096935,43.7960167702053,0.4120114611083651,1.5061180311236386,1.6755993860828176,1.8804000213649297,40.4320139680946,46.33599665009927,40.51184197348297,47.080191566927624,-3.273572580766897,4.097595502983627
2022-01-02,43.365847206633724,43.82712067216416,0.4612734655304417,1.4600431163649579,1.6280661284324571,1.8311815680604437,40.5041626985584,46.227531714709045,40.63611106043655,47.01813028389178,-3.127842407868028,4.050389338928912
2022-01-03,43.34859896880223,43.85795790207884,0.5093589332766066,1.4132859244874136,1.579633768147625,1.7804083027538726,40.5785585568069,46.11863938079756,40.76187571650949,46.95404008764818,-2.9802413401209833,3.998959206674197
2022-01-04,43.276596489205545,44.162666653216306,0.8860701640107606,1.1596626210861443,1.6212768900610113,1.727067849355303,41.0036577518767,45.54953522653439,40.98496394869672,47.34036935773589,-2.4989828207256335,4.271123148747154
2022-01-05,43.26795455397401,44.17090242756235,0.9029478735883447,1.1290843981719296,1.579156096869041,1.682733233756825,41.054949133557024,45.48095997439099,41.07575647769903,47.266048377425676,-2.3952092645750325,4.2011050117517215
2022-01-06,43.32401418799992,44.179263664025115,0.8552494760251895,1.1182685269631147,1.5359615133927638,1.6448071264046675,41.13220787515222,45.515820500847624,41.1687790977753,47.18974823027493,-2.3685724917279587,4.0790714437783375
2022-01-07,43.378179174776044,44.18768970734751,0.8095105325714638,1.1042550743802344,1.491821502530736,1.6048116439308633,41.213839228990786,45.5425191205613,41.263719562387266,47.11165985230775,-2.335920289533028,3.9549413546759555
2022-01-08,43.43039797680499,44.196120455902864,0.765722479097871,1.0873427318152538,1.4468825304339983,1.5629868126304456,41.29920622244709,45.56158973116289,41.36023069625223,47.0320102155535,-2.297731673657802,3.829176631853544
2022-01-09,43.506333720196125,44.16399972165208,0.6576660014559546,1.0580608542431251,1.3905302083469857,1.527176482192277,41.4325344458796,45.58013299451265,41.43856051329199,46.889438930012176,-2.335599903640908,3.6509319065528176
2022-01-10,43.36101729515603,44.38049009464567,1.019472799489643,0.9931659933916048,1.5178627144191381,1.7827673179771315,41.41441194810849,45.307622642203576,41.40547917438416,47.35550101490718,-2.474751143745535,4.513696742724821
2022-01-11,43.35805296854345,44.15987656169762,0.8018235931541767,0.950999049079899,1.579287001824314,1.7576895647457302,41.494094832346846,45.22201110474005,41.064474038121965,47.25527908527328,-2.6432479537474545,4.246895140055808
2022-01-12,43.39932172556786,44.16909688823394,0.7697751626660757,0.9434436400709643,1.540257595126844,1.7185563105525894,41.55017219102877,45.248471260106946,41.15019200178532,47.188001774682554,-2.5985952060169994,4.138145531349151
2022-01-13,43.440479118740264,44.178301759212154,0.7378226404718887,0.9338387535475787,1.4998860711989712,1.6776689335499135,41.610155161787006,45.27080307569352,41.23852505966217,47.118078458762135,-2.5504084692859417,4.026053750229719
2022-01-14,43.37400366551731,44.25632533783335,0.882321672316043,0.9379666747174671,1.4693743748557726,1.6753340771213714,41.53558898307107,45.21241834796354,41.37635156311604,47.13629911255067,-2.401333118841845,4.165976463473931
2022-01-15,43.35332219266608,44.39544211802918,1.042119925363102,0.9100892173159879,1.519710339867358,1.7254670935271652,41.56954732672674,45.13709705860541,41.416809851889155,47.374074384169205,-2.3397955779501416,4.424035428676346
2022-01-16,43.17016156120292,44.515279229214094,1.3451176680111776,1.0096551571615087,1.526388488500627,1.8594031337685477,41.19123745316636,45.149085669239476,41.523557791752864,47.507000666675324,-2.299312474175176,4.989547810197531
2022-01-17,42.843412523710185,44.7888089246981,1.945396400987915,1.1286778042521195,1.498365565612022,2.098223584281515,40.63120402737603,45.05562102004434,41.85201241609854,47.725605433297666,-2.167121824203855,6.057914626179684
2022-01-18,43.115644527162374,44.772044338658226,1.6563998114958547,1.4830146000914812,1.3927505763903183,2.3106929295066414,40.20893591098307,46.022353143341675,42.042253208933204,47.50183546838325,-2.872558330337162,6.185357953328872
2022-01-19,43.2645250626621,44.857567877353034,1.5930428146909326,1.482785998139996,1.3219850046405999,2.2554990464470728,40.35826450630771,46.17078561901649,42.26647726825746,47.44865848644861,-2.8277353163453296,6.013820945727195
2022-01-20,43.21196395431603,45.25134503492892,2.039381080612885,1.3818566286690062,1.5473328715825887,2.3224508232037024,40.50352496212478,45.92040294650729,42.21857260662704,48.28411746323079,-2.512622532866372,6.591384694092142
2022-01-21,43.21405351764512,45.25297793110171,2.038924413456595,1.3472227280061355,1.5113543216958278,2.264349498806177,40.57349697075309,45.85461006453715,42.29072346057789,48.215232401625535,-2.3992006042035117,6.4770494311167015
2022-01-22,43.21525096904523,45.255086787525485,2.0398358184802605,1.3118090381427066,1.4741942794590517,2.204942423173892,40.64410525428553,45.78639668380493,42.36566599978575,48.14450757526522,-2.281851330940568,6.361522967901089
2022-01-23,43.36324219830257,45.0731983946499,1.7099561963473258,1.2260040319872012,1.4690756391522939,2.1782763230683786,40.96027429560766,45.76621010099748,42.193810141911406,47.952586647388394,-2.5594653968666963,5.979377789561348
2022-01-24,43.29848610082459,45.2591726658982,1.9606865650736072,1.1515969966913502,1.636347576692189,2.3339760582500104,41.041355987309544,45.555616214339636,42.05193141558151,48.46641391621489,-2.613906509096413,6.535279639243628
2022-01-25,43.242162404633795,45.144324054680716,1.9021616500469258,1.1104261217252172,1.6228677357161532,2.2281083900200573,41.06572720605237,45.41859760321522,41.96350329267705,48.32514481668438,-2.4649307943923864,6.2692540944862385
2022-01-26,43.240439794566804,45.15205615103694,1.9116163564701356,1.085227863449649,1.5889635473492585,2.179848860309876,41.11339318220549,45.367486406928116,42.03768759823239,48.26642470384149,-2.360887409737221,6.184120122677492
2022-01-27,43.25292341696593,45.08224187131629,1.8293184543503687,0.9602182728338651,1.384507497788741,1.8962335827464358,41.370895602211554,45.1349512317203,42.36860717565036,47.79587656698222,-1.8872993678326453,5.545936276533382
2022-01-28,43.25239556874557,45.107535602441466,1.8551400336958912,0.934744029582342,1.3614654729875986,1.8580877555228352,41.42029727076418,45.08449386672696,42.43906327538577,47.77600792949716,-1.7867119671288656,5.496992034520648
2022-01-29,43.25049726475021,45.07122995905414,1.8207326943039348,0.9147434713739904,1.3440146347955078,1.8247020277084778,41.45760006085719,45.04339446864323,42.43696127485495,47.705498643253335,-1.7556832800046815,5.397148668612552
2022-01-30,43.3226667919643,44.98566413374529,1.6629973417809882,0.9127907989566153,1.3401926458582907,1.8452424216764722,41.53359682600934,45.11173675791927,42.35888654786304,47.61244171962754,-1.9536778047048973,5.279672488266874
2022-01-31,43.36527155425721,44.9537247590187,1.5884532047614857,0.9084192363049892,1.3172925378056441,1.8295734280798754,41.58476985109943,45.145773257414994,42.37183138491964,47.53561813311776,-1.99751071427507,5.174417123798041
2022-02-01,43.439983160445344,44.77279788826002,1.3328147278146778,0.9019393865526336,1.3679284014237352,1.928400491281055,41.672181962802185,45.2077843580885,42.0916582214695,47.453937555050544,-2.44685023509619,5.112479690725546
2022-02-02,43.4254669380316,44.749777588389406,1.3243106503578148,0.8812799179202145,1.338827774806425,1.8808429224270795,41.69815829890798,45.15277557715522,42.12567514976881,47.37388002701,-2.362141477599261,5.0107627783148905
2022-02-03,43.410971910223786,44.78377540744097,1.3728034972171792,0.8599249763847828,1.3119935504268208,1.842716400717065,41.72551895650961,45.09642486393796,42.2122680486044,47.35528276627754,-2.238920648188268,4.984527642622627
2022-02-04,43.396549418216075,44.756845098162124,1.3602956799460508,0.8379161986698715,1.2811005919257985,1.7922741316384803,41.754233668823126,45.038865167609025,42.24588793798756,47.26780225833669,-2.1525616180653704,4.8731529779574725
2022-02-05,43.38225721651509,44.73055185518357,1.348294638668476,0.8153072407363882,1.2489297521888774,1.7407090398540142,41.78425502467177,44.980259408358414,42.282649540893374,47.17845416947377,-2.0634950794453917,4.760084356782343
2022-02-06,43.15462950617309,44.57413339190918,1.4195038857360953,0.8770563189783827,1.1966062216365856,1.5884935434755736,41.43559912097546,44.873659891370714,42.22878519750147,46.919481586316884,-1.6939434594760288,4.532951230948219
2022-02-07,44.29363490382687,44.51008551818921,0.21645061436233481,2.3160242542842275,1.066311242502976,2.7670501589320855,39.754227365429784,48.833042442223956,42.420115482883375,46.60005555349504,-5.206967697144552,5.639868925869223
2022-02-08,44.039072099174284,44.38856556191378,0.3494934627394954,2.2324776272866265,1.1504303811436447,2.5822023368666915,39.66341594969249,48.414728248656075,42.133722014872234,46.643409108955325,-4.71162311751922,5.4106100429982105
2022-02-09,44.026228653587715,44.74855593705026,0.7223272834625487,2.154187179599436,1.5764143076671506,2.6498011592066826,39.80402178157282,48.24843552560261,41.65878389402265,47.83832798007788,-4.47128298858255,5.9159375555076466
2022-02-10,43.90745799383356,44.74107318810981,0.8336151942762426,2.119636205103311,1.5300418459212837,2.601670224694957,39.75297103183107,48.06194495583605,41.74219117010409,47.739955206115525,-4.265658446125872,5.932888834678359
2022-02-11,43.77749142000096,44.81050036997115,1.0330089499701836,2.1449349414443373,1.5283086693006833,2.697320778797831,39.57341893477006,47.981563905231866,41.815015378141815,47.80598536180049,-4.253739776473566,6.319757676413932
2022-02-12,43.650277970689444,44.886785548660534,1.2365075779710872,2.174072072649334,1.531012192191437,2.789066696724924,39.38909670829675,47.91145923308214,41.886001651965316,47.88756944535575,-4.230063147609764,6.703078303551939
2022-02-13,43.509135079144414,44.969916283020005,1.4607812038755983,2.1600463860603885,1.5095733064978536,2.80071998999688,39.27544416246605,47.74282599582278,42.01115260228421,47.9286799637558,-4.028629976518286,6.950192384269482
2022-02-14,43.48499660068676,45.04357903009531,1.5585824294085442,2.0120678614732603,1.399934493879342,2.6009245336817393,39.541343592199176,47.42864960917435,42.2997074220918,47.78745063809882,-3.5392296566076644,6.656394515424752
2022-02-15,43.41979962265423,44.835691422004345,1.415891799350108,1.9067242222356862,1.5504068527458768,2.522451302351647,39.682620147072285,47.15697909823618,41.79689399062243,47.87448885338626,-3.52811275325912,6.359896351959336
2022-02-16,43.34268569701484,44.84543467965097,1.5027489826361313,1.8073618705592778,1.4567488685449133,2.3903898475549483,39.80025643071866,46.885114963311025,41.99020689730294,47.700662461999,-3.1824151185715674,6.18791308384383
2022-02-17,43.34072799144245,44.86674833613704,1.5260203446945995,1.7631589600149526,1.4260667827826141,2.334135932118007,39.884936429813145,46.796519553071754,42.07165744188312,47.66183923039097,-3.048886082256694,6.100926771645893
2022-02-18,43.28077870451184,44.888554271040576,1.60777556652874,1.7395617510241237,1.394101023152667,2.304070314310831,39.871237672504556,46.69031973651912,42.156116265661346,47.620992276419805,-2.9082022495204884,6.123753382577968
2022-02-19,43.16062366800116,44.97083107552666,1.8102074075254964,1.7666858860160466,1.400022251145787,2.396495292200966,39.69791933140971,46.62332800459261,42.22678746328092,47.7148746877724,-2.886923365188397,6.5073381802393895
2022-02-20,42.95027555414689,44.81226051184536,1.861984957698472,1.5908432673865218,1.9505903470364485,2.5234028014025176,39.832222750069306,46.06832835822448,40.98910343165392,48.635417592036795,-3.083884533050462,6.807854448447406
2022-02-21,42.99427488437525,44.777965932408016,1.7836910480327652,1.588350812804471,1.9007122540441759,2.5255282100615983,39.88110729127849,46.10744247747201,41.05256991448143,48.5033619503346,-3.166344243687967,6.733726339753498
2022-02-22,43.460799204396196,45.14837318932717,1.6875739849309697,1.848267131985065,2.3837179966830107,2.495240799688601,39.83819562570547,47.083402783086925,40.47628591582847,49.820460462825864,-3.203097982458688,6.578245952320627
2022-02-23,43.3958994263197,45.19868084735345,1.8027814210337483,1.7415746634550144,2.2156572421758383,2.3225048036786227,39.982413085947876,46.80938576669153,40.85599265268881,49.54136904201809,-2.7493279941763524,6.3548908362438485
2022-02-24,43.25492989861026,45.2194806051355,1.9645507065252437,1.8388749067611563,1.9956125210321918,2.38889788720112,39.65073508135839,46.85912471586212,41.308080063912406,49.1308811463586,-2.717689152388952,6.6467905654394395
2022-02-25,43.187678022300666,45.28376531109605,2.096087288795379,1.842284848021587,1.998864681048494,2.4716984361407173,39.57679972017836,46.798556324422975,41.365990536241,49.201540085951095,-2.7484416460404266,6.940616223631185
2022-02-26,43.11510154173993,45.361171052063376,2.2460695103234416,1.8508090895640101,2.004053800859034,2.5502746286171156,39.487515726194474,46.74268735728539,41.43322560237967,49.28911650174708,-2.7524687617661048,7.244607782412988
2022-02-27,42.990779517569244,45.26994925505779,2.2791697374885436,1.7964869939541177,1.9537848201300483,2.4666713618022515,39.469665009419174,46.511894025719315,41.44053100760289,49.099367502512685,-2.5555061316438694,7.1138456066209566
2022-02-28,42.920715371312376,45.31147083731441,2.3907554660020325,1.7992044890136831,1.927748922313817,2.4837375513673785,39.39427457284556,46.44715616977919,41.53308294957933,49.08985872504949,-2.4773701346780297,7.258881066682095
2022-03-01,42.881319216121085,45.20769087489039,2.3263716587693026,1.7276364506775546,1.9050662359586943,2.4096940953701527,39.49515177279308,46.26748665944909,41.47376105241135,48.94162069736943,-2.3966287681561966,7.049372085694802
2022-03-02,42.902130576476246,45.16238191208741,2.2602513356111613,1.690039458719093,1.8732699953927134,2.3641918077231567,39.58965323738683,46.214607915565665,41.49077272111769,48.83399110305713,-2.3735646075262258,6.894067278748548
2022-03-03,42.956882974628826,45.08152445304315,2.1246414784143237,1.657918167689524,1.8434679547585482,2.358005172125029,39.707363365957356,46.206402583300296,41.4683272617164,48.694721644369906,-2.4970486589507326,6.74633161577938
2022-03-04,42.973415702855256,45.03993991666351,2.066524213808256,1.6176683860836307,1.8068873886951646,2.3054803501653556,39.80278566613134,46.14404573957917,41.498440634820994,48.58143919850603,-2.452217272515841,6.585265700132353
2022-03-05,42.93303570273328,44.999111055266745,2.066075352533464,1.5873075320708816,1.7682635220553362,2.242131631803617,39.82191293987435,46.044158465592204,41.533314552038284,48.464907558495206,-2.3285026458016254,6.460653350868553
2022-03-06,42.96400498021891,44.90137566519787,1.9373706849789554,1.522066860128471,1.728921328290917,2.1769996065424153,39.98075393436711,45.94725602607071,41.512689861747674,48.29006146864806,-2.329548543844179,6.204289913802089
2022-03-07,42.86645441323616,44.97968388876655,2.1132294755303835,1.421558796792996,1.609751083537056,2.078095157604849,40.08019917152189,45.652709654950435,41.82457176503392,48.13479601249918,-1.9598370333751207,6.186295984435888
2022-03-08,42.91424020415419,44.84624822623022,1.9320080220760323,1.4022522611166308,1.4969451535973557,2.0603635979012327,40.165825772365594,45.662654635942786,41.91223572517941,47.78026072728104,-2.106304629810384,5.970320673962449
2022-03-09,42.92855951879158,44.873299148039436,1.9447396292478523,1.369813233609821,1.4649676921162804,2.0094763686909247,40.24372558091633,45.61339345666683,42.001962471491524,47.74463582458735,-1.9938340533863603,5.883313311882064
2022-03-10,42.94246228604133,44.84384374246523,1.9013814564239058,1.3361780544812243,1.4328430004305976,1.9639289323713012,40.32355329925813,45.56137127282452,42.03547146162126,47.6522160233092,-1.9479192510238443,5.750682163871656
2022-03-11,42.926336329238325,44.85024231601838,1.9239059867800608,1.3138650320379832,1.418188132990083,1.9732018831407139,40.35116086644388,45.50151179203277,42.07059357535782,47.62989105667894,-1.9435697041757383,5.79138167773586
2022-03-12,42.94070922541698,44.820184450446604,1.879475225029624,1.2786030330406453,1.3839545077850133,1.924485708926809,40.434647280657316,45.446771170176646,42.10763361518798,47.53273528570523,-1.8925167644669214,5.6514672145261695
2022-03-13,43.11665269386296,44.87784643427869,1.761193740415726,1.1415981874412116,1.2045793209069982,1.6642855143714674,40.87912024647819,45.35418514124773,42.516870965300974,47.2388219032564,-1.5008058677523501,5.023193348583803
2022-03-14,43.097978658686976,44.60133464263013,1.5033559839431487,1.1622923175996691,1.2120261081450685,1.747633451392251,40.81988571619163,45.376071601182325,42.2257634706658,46.97690581459446,-1.922005580785663,4.92871754867196
2022-03-15,42.9684784053764,44.67826137900746,1.7097829736310521,1.2684580679834478,1.171747286538912,1.836567857940431,40.482300592128844,45.45465621862396,42.381636697391194,46.974886060623724,-1.8898900279321926,5.309455975194297
2022-03-16,42.97607259874915,44.66307275761487,1.6870001588657202,1.246281442961929,1.152057800523096,1.8054978591574375,40.53336097054377,45.41878422695453,42.4050394685896,46.92110604664014,-1.8517756450828575,5.225775962814298
2022-03-17,43.07273466755442,44.70760627630397,1.6348716087495463,1.2575338700542675,1.1360257145184893,1.732375305703695,40.60796828224806,45.53750105286078,42.48099587584773,46.93421667676021,-1.760583990429696,5.030327207928789
2022-03-18,43.03159939501103,44.69089650489652,1.6592971098854936,1.2478270291502558,1.1157106122625153,1.7011806550941024,40.58585841787653,45.47734037214553,42.50410370486199,46.87768930493105,-1.6750169740989471,4.993611193869935
2022-03-19,43.31631519449805,44.58125618518629,1.264940990688242,1.2335224417414847,1.000168632227352,1.6758122073426078,40.89861120868474,45.734019180311364,42.62092566602068,46.5415867043519,-2.019650935703269,4.549532917079754
2022-03-20,43.32265734091556,44.75336025386366,1.4307029129480986,1.1913195848779592,1.1132447590964942,1.6380364337408657,40.98767095455476,45.657643727276366,42.57140052603453,46.93531998169279,-1.7798484971839983,4.6412543230801955
2022-03-21,43.54731601949931,45.04541875014249,1.4981027306431716,2.014879277003308,2.245004713843317,1.449789603249416,39.59815263657283,47.4964794024258,40.64520951100959,49.44562798927539,-1.3434848917256836,4.339690353012027
2022-03-22,43.547920869299794,45.08777346577706,1.5398525964772667,1.8520141890962132,2.2827824081713035,1.4690729465922303,39.917973058671215,47.17786867992837,40.613519945761304,49.56202698579282,-1.3395303788435047,4.419235571798038
2022-03-23,43.53909965801889,45.06796492515768,1.528865267138785,1.8281116273868996,2.2559084730494416,1.4501356225182633,39.95600086834057,47.122198447697215,40.646384317980775,49.48954553233459,-1.313400552997011,4.3711310872745806
2022-03-24,43.504904514412196,45.28784421712259,1.7829397027103948,1.734655371300683,2.258079257981275,1.5958907962014572,40.104979986662855,46.90482904216154,40.86200887147929,49.71367956276589,-1.3450062578444613,4.910885663265251
2022-03-25,43.39952922570994,45.24430210839098,1.8447728826810466,1.726993148754117,2.1844435156920694,1.5521212926223715,40.01462265415187,46.78443579726801,40.96279281763453,49.525811399147436,-1.1973848508588014,4.886930616220894
2022-03-26,43.3931705476074,45.2508184608251,1.8576479132177053,1.7015437302144127,2.1513917139549017,1.5296852368186333,40.05814483638715,46.728196258827644,41.034090701473495,49.46754622017671,-1.140535150946816,4.855830977382227
2022-03-27,43.40635051598406,45.17781683578347,1.7714663197994072,1.6668714788184087,2.1099051734756804,1.5168231409326045,40.13928241749998,46.67341861446814,41.04240269577113,49.313230975795804,-1.2015070364284974,4.744439676027312
2022-03-28,43.39850594662273,45.18789057797345,1.7893846313507187,1.6398353650305246,2.074861804820716,1.4930103213721724,40.1844286311629,46.61258326208255,41.121161440524844,49.25461971542205,-1.136915598538739,4.7156848612401765
2022-03-29,43.260547283920694,45.086587346517554,1.8260400625968576,1.606187784570938,1.9888947155874244,1.4269552948797686,40.112419226161656,46.40867534167973,41.1883537039662,48.98482098906891,-0.9707923153674887,4.622872440561204
2022-03-30,43.21306401637182,45.09966742085965,1.8866034044878313,1.5922690941611564,1.9518352598973117,1.4267274664436083,40.09221659181595,46.333911440927686,41.274070311460925,48.92526453025838,-0.9097824297416408,4.682989238717303
2022-03-31,43.23115009836726,45.05827271595438,1.827122617587118,1.5366841281072434,1.8875646085154303,1.3882229563297808,40.21924920727706,46.24305098945746,41.35864608326414,48.75789934864462,-0.8937943768192524,4.548039611993488
2022-04-01,43.18048280300504,45.025459703532164,1.844976900527122,1.5221800488813313,1.8542335842643634,1.3598556011232534,40.19700990719763,46.16395569881245,41.391161878374014,48.659757528690314,-0.8203400776744549,4.510293878728699
2022-04-02,43.181460901194804,44.99245556060094,1.8109946594061317,1.4874455439890388,1.8188404719663702,1.3357839511691356,40.26606763497629,46.09685416741332,41.42752823554685,48.557382885655024,-0.8071418848853742,4.429131203697637
2022-04-03,43.237110186134146,45.01448371684959,1.7773735307154475,1.4678761742388597,1.776863081241553,1.3100670776765533,40.36007288462598,46.11414748764231,41.531832077616144,48.497135356083035,-0.7903579415305968,4.345105002961492
2022-04-04,43.30911722278468,45.241293986671316,1.9321767638866356,1.3173860749889275,1.6069965163590232,1.309932816272862,40.72704051580638,45.89119392976298,42.09158081460763,48.391007158735,-0.635291556008174,4.499645083781445
2022-04-05,43.23723294351478,45.07168506363946,1.8344521201246695,1.2477412544657367,1.6544085017066497,1.3258413748712752,40.791660084761936,45.68280580226763,41.82904440029442,48.31432572698449,-0.7641969746230299,4.433101214872369
2022-04-06,43.23256494314609,45.086426779095625,1.8538618359495371,1.2191062014647218,1.6183771441269674,1.297703626867231,40.84311678827523,45.62201309801694,41.91440757660677,48.25844598158448,-0.6896372727102358,4.39736094460931
2022-04-07,43.17278532664435,45.10093267763876,1.9281473509944083,1.2149335189758657,1.5807861363283022,1.3023242937688548,40.79151562945165,45.55405502383705,42.00259185043529,48.19927350484223,-0.6244082647925473,4.480702966781363
2022-04-08,43.11199958496002,45.068391553036996,1.9563919680769783,1.1987807326222877,1.5441624839191679,1.2640574842544225,40.76238934902033,45.4616098208997,42.04183308455543,48.094950021518564,-0.5211607010616899,4.433944637215647
2022-04-09,43.11608701331539,45.02493169863442,1.9088446853190293,1.1654035292844782,1.513211432959987,1.2425810938407633,40.83189609591781,45.400277930712974,42.05903729003285,47.99082610723599,-0.5266142586088667,4.344303629246925
2022-04-10,43.11974229779878,44.98242169641324,1.862679398614462,1.1313623124115308,1.4801971625962285,1.2188930307073234,40.902272165472176,45.33721243012538,42.081235257724636,47.883608135101845,-0.5263509415718917,4.251709738800816
2022-04-11,43.000444176567584,44.959190364610365,1.9587461880427797,1.2309353172709163,1.4232532174203587,1.3520409897396846,40.58781095471659,45.41307739841858,42.169614058466465,47.748766670754264,-0.6912541518470019,4.608746527932562
2022-04-12,42.93456150576586,44.84318499405823,1.9086234882923587,1.159042618352818,1.3436931372510863,1.2636273457086091,40.66283797379434,45.20628503773739,42.2095464450461,47.47682354307035,-0.5680861092965153,4.385333085881233
2022-04-13,42.950268236655006,44.81074272897269,1.8604744923176826,1.1228571999262036,1.3103019533011593,1.2344995003740535,40.74946812479965,45.151068348510364,42.24255090050242,47.37893455744296,-0.5591445284154624,4.2800935130508275
2022-04-14,42.965166884286404,44.779217061550945,1.8140501772645452,1.086300258589835,1.2755358720892833,1.203804607358339,40.83601837745033,45.09431539112248,42.279166752255946,47.27926737084594,-0.5454068531577994,4.17350720768689
2022-04-15,42.905127179687405,44.82285550878234,1.9177283290949325,1.0702918405049875,1.2427342696344683,1.215228763553607,40.807355172297626,45.00289918707718,42.38709634029878,47.258614677265896,-0.464120047470137,4.299576705660002
2022-04-16,42.84783801966302,44.86407545863951,2.016237438976488,1.0511770911166622,1.2082476661360646,1.2176064314268917,40.787530921074364,44.90814511825168,42.49591003301283,47.2322408842662,-0.3702711666202201,4.402746044573195
2022-04-17,42.812841574077396,44.800410436180265,1.9875688621028664,1.0106710265877434,1.157005616920111,1.1576090473579568,40.83192636196542,44.79375678618937,42.532679427016845,47.068141445343684,-0.28134487071872893,4.256482594924462
2022-04-18,43.27797261003441,45.13342488164239,1.8554522716079813,1.487681899479945,2.143994312552302,1.193368983784506,40.36211608705372,46.1938291330151,40.93119602903988,49.3356537342449,-0.48355093660965065,4.1944554798256135
2022-04-19,43.22426789783113,44.94677384657617,1.722505948745037,1.4198640696058504,2.1041515382198264,1.2516947927254651,40.441334321403666,46.0072014742586,40.822636831665314,49.07091086148703,-0.7308158449968747,4.175827742486948
2022-04-20,43.04669934249163,45.118952482504305,2.072253140012674,1.3905971751062134,2.0058409995994877,1.462801548961256,40.32112887928345,45.77226980569981,41.18750412328931,49.0504008417193,-0.794837895951388,4.939344175976736
2022-04-21,43.35651494145148,45.049798275323475,1.6932833338719961,1.6404761511491501,1.8597112143956884,1.7301054740613333,40.14118168519914,46.571848197703815,41.404764295107924,48.694832255539026,-1.697723395288217,5.084290063032209
2022-04-22,43.42681404123856,45.0140801031553,1.5872660619167436,1.572656725910377,1.7573634881176754,1.6690937598102786,40.34440685845422,46.509221224022895,41.56964766644466,48.45851253986594,-1.6841577073114025,4.85868983114489
2022-04-23,43.20237736612733,45.12587713066553,1.9234997645382028,1.6800408744766997,1.8549852711135504,2.2767471744367076,39.909497252152995,46.495257480101664,41.49010599928297,48.76164826204809,-2.5389246973577437,6.38592422643415
2022-04-24,43.158576885303525,45.09629796405934,1.9377210787558135,1.6610363442073917,1.8254746685864534,2.2314597876457793,39.90294565065704,46.41420811995001,41.51836761362989,48.674228314488786,-2.435940105029914,6.3113822625415406
2022-04-25,42.98934217057484,44.9911938414671,2.001851670892264,1.5872556287037438,1.6938997370033264,2.0635010464919583,39.8783211383155,46.100363202834174,41.67115035694058,48.31123732599362,-2.0426103802319746,6.046313722016502
2022-04-26,42.92510289442436,45.47572750516789,2.5506246107435273,1.4097354572154932,1.961185858804562,2.299534633015951,40.16202139828199,45.68818439056673,41.63180322191095,49.31965178842483,-1.956463269967737,7.057712491454792
2022-04-27,42.90852697561409,45.69135650766242,2.7828295320483374,1.3058571553627174,2.2567400393506167,2.5057289236926903,40.34904695110316,45.46800700012501,41.26814603053521,50.114566984789626,-2.1283991583893354,7.69405822248601
2022-04-28,43.192397793698056,45.40330832877436,2.2109105350763025,1.5086237869978196,2.2577521508594125,2.923255474925477,40.23549517118233,46.149300416213784,40.97811411308991,49.82850254445881,-3.5186701957776316,7.940491265930237
2022-04-29,43.15658137565866,45.370753690004456,2.2141723143457996,1.497361988723173,2.2304721166467076,2.8770905421611754,40.22175187776124,46.09141087355608,40.999028341376906,49.742479038632005,-3.4249251482901037,7.853269776981703
2022-04-30,43.11971344588501,45.336631329690746,2.2169178838057326,1.4843665707312057,2.201013761478263,2.828099380954372,40.210354967251845,46.02907192451818,41.02264435719335,49.65061830218814,-3.326156902864836,7.759992670476301
2022-05-01,42.89075114770757,45.37793054581482,2.4871793981072514,1.4906361742723315,2.0601514661623654,2.7806808028771424,39.969104246133796,45.81239804928134,41.340033672136585,49.415827419493056,-2.9629549755319475,7.93731377174645
2022-05-02,42.91051316089134,45.349337403888256,2.4388242429969167,1.4518986175926765,2.0141519160198973,2.7188864597663986,40.06479187040969,45.75623445137299,41.40159964848926,49.29707515928725,-2.890193218145224,7.767841704139057
2022-05-03,43.461689174321315,45.6537292101717,2.192040035850387,2.6939089365893722,2.3769754466762967,2.751639156848752,38.181627658606146,48.74175069003648,40.99485733468616,50.312601085657235,-3.201172711573167,7.585252783273941
2022-05-04,43.45350594253957,45.60843276361489,2.1549268210753225,2.648084189763548,2.3490019527333446,2.7113169602677414,38.26326093060302,48.643750954476126,41.00438893625754,50.212476590972244,-3.1592544210494506,7.469108063200096
2022-05-05,43.07249295133181,45.50096018938862,2.4284672380568093,2.605314132735166,2.3835930283648943,2.755410144731554,37.96607725117089,48.17890865149273,40.82911785379343,50.172802524983815,-2.972136645617037,7.829071121730656
2022-05-06,43.15717902831518,45.16659815280899,2.009419124493812,2.325587907002776,2.2346945154859204,2.683304685633288,38.599026730589735,47.71533132604062,40.78659690245658,49.546599403161395,-3.2498580593474324,7.268696308335056
2022-05-07,43.157333391651576,45.14051889359582,1.9831855019442397,2.2877913204805704,2.2032252987973684,2.6430726781714973,38.67326240350966,47.64140437979349,40.822197307952976,49.45884047923866,-3.197236947271895,7.163607951160374
2022-05-08,43.15741211205403,45.11231697530263,1.954904863248601,2.2464043955721724,2.16850525663258,2.5989120853376932,38.75445949673257,47.56036472737549,40.862046672302775,49.36258727830249,-3.138962824013278,7.0487725505104795
2022-05-09,43.2565296060948,45.189962828648426,1.9334332225536233,2.100314322839117,2.0344874008542844,2.5528747898018214,39.13991353333013,47.37314567885947,41.20236752297403,49.17755813432282,-3.0702013654579465,6.9370678105651935
2022-05-10,43.80825577179568,45.53164915991848,1.7233933881228036,2.6253171811154568,2.6340789482628657,2.4683349922733773,38.662634096809384,48.95387744678197,40.36885442132326,50.6944438985137,-3.114543196733016,6.561329972978624
2022-05-11,43.82447462339367,45.49235639799333,1.6678817745996641,2.5816675657696764,2.5987996868334564,2.4438975586908276,38.764406194485105,48.884543052302234,40.39870901179976,50.58600378418691,-3.122157440434358,6.457920989633686
2022-05-12,43.79836771874371,45.45140890836348,1.653041189619766,2.5383051652317263,2.560926325972429,2.4002008318530614,38.82328959488953,48.773445842597894,40.431993309457525,50.47082450726944,-3.0513524408122343,6.3574348200517665
2022-05-13,43.95732999129488,45.28317973596202,1.3258497446671478,2.430264171109606,2.4046437325255563,2.374880872732494,39.19401221592005,48.72064776666971,40.57007802021193,49.996281451712115,-3.32891676588854,5.980616255222836
2022-05-14,43.885224266577225,45.226571775253056,1.3413475086758326,2.3843797489715923,2.3484407575754362,2.3112302996128418,39.211839958592904,48.558608574561546,40.6236278904052,49.82951566010091,-3.188663878565337,5.871358895917003
2022-05-15,43.85695276949627,45.21303119227044,1.3560784227741818,2.105322308007151,2.077925724809368,2.054226420211948,39.73052104580225,47.983384493190286,41.14029677164408,49.2857656128968,-2.6702053608412353,5.382362206389599
2022-05-16,43.80558852647987,45.26822778337001,1.4626392568901345,1.969628688127902,1.972375935125201,2.044770782882788,39.94511629774919,47.66606075521056,41.40237095052461,49.134084616215404,-2.5451114775601305,5.470389991340399
2022-05-17,43.78142614354921,45.19348366962123,1.412057526072019,1.8481700020991814,1.8583855837291865,1.9846564471037074,40.15901293943482,47.403839347663606,41.55104792551202,48.83591941373044,-2.4778691102512473,5.301984162395286
2022-05-18,43.79709134004711,45.16362986045074,1.3665385204036322,1.816414468331907,1.832278792845975,1.96317716311053,40.23691898211657,47.35726369797765,41.57236342647263,48.75489629442885,-2.4812887192930067,5.214365760100271
2022-05-19,43.94501161126487,45.20580488077793,1.2607932695130644,1.6890093029549562,1.6719635446801602,1.795920228044438,40.634553377473154,47.25546984505658,41.92875633320482,48.48285342835105,-2.259210377454034,4.780796916480163
2022-05-20,43.93383707995342,45.184444705614005,1.2506076256605854,1.6634105905362928,1.6445136950168247,1.7889330326009567,40.67355232250229,47.19412183740455,41.96119786338103,48.40769154784698,-2.2557011182372895,4.756916369558461
2022-05-21,43.94344804634751,45.15365413675901,1.2102060904114946,1.6328497381640947,1.6219853009509873,1.7675154803316513,40.74306255954589,47.143833533149134,41.97456294689508,48.33274532662294,-2.254124251038542,4.674536431861531
2022-05-22,43.879174234924996,44.91563584621917,1.036461611294168,1.5609315287169367,1.6316935734064943,1.7504776486086429,40.8197484386398,46.93860003121019,41.717516442342436,48.1137552500959,-2.3944745799787723,4.467397802567108
2022-05-23,43.71265325704785,44.89662676657691,1.1839735095290647,1.570286678454846,1.5353859833905699,1.6933427917964217,40.63489136727635,46.79041514681934,41.88727023913139,47.90598329402243,-2.1349783623919216,4.502925381450051
2022-05-24,43.6272511960523,45.14929514771677,1.522043951664467,1.5621011882777052,1.7590588237569247,2.1954188409799187,40.565532867028,46.6889695250766,41.7015398531532,48.59705044228034,-2.7809769766561736,5.825064879985108
2022-05-25,43.67995877487087,45.125677304798636,1.4457185299277615,1.473602814520397,1.638705833285434,2.0705443389847282,40.79169725841089,46.568220291330846,41.913813871559185,48.337540738038086,-2.612548374482306,5.503985434337829
2022-05-26,43.6211531007106,45.13318630074376,1.512033200033161,1.406880502452173,1.5687799495794328,1.982055783365027,40.863667315904344,46.37863888551686,42.05837759956807,48.20799500191945,-2.3727961353622913,5.396862535428614
2022-05-27,43.59848833489763,45.10106073393628,1.5025723990386461,1.3825036673961664,1.5463176357872657,1.9429131167888753,40.88878114680114,46.30819552299412,42.07027816779324,48.13184330007932,-2.3055373098675496,5.310682107944841
2022-05-28,43.575921005986686,45.06832890513483,1.4924078991481402,1.3566264969465127,1.5221075335636451,1.902063669631474,40.91693307197152,46.23490894000185,42.084998139350084,48.05165967091957,-2.2356368933295494,5.220452691625829
2022-05-29,43.553495811718285,45.0866139481889,1.5331181364706137,1.3292917156954824,1.4884865884368674,1.864719542532436,40.94808404895514,46.15890757448143,42.16918023485264,48.004047661525156,-2.1217321668929614,5.187968439834188
2022-05-30,43.53127041271117,45.04930192389937,1.5180315111882003,1.3005593886384557,1.4623968744139244,1.8207286007640058,40.9821740109798,46.08036681444255,42.183004050048076,47.915599797750666,-2.050596546309251,5.0866595686856515
2022-05-31,43.56867269265407,45.14980658705968,1.5811338944056172,1.2237387922787686,1.492832796543924,1.8321770090344776,41.17014465978768,45.967200725520456,42.22385430583359,48.07575886828577,-2.0099330433019587,5.172200832113194
2022-06-01,43.60320425798296,45.10638753101477,1.503183273031808,1.1988485688740556,1.465424745959669,1.812815666785805,41.253461062989814,45.952947452976105,42.23415502893381,47.97862003309572,-2.04993543386837,5.056301979931986
2022-06-02,43.63686259886614,45.12702479924773,1.4901622003815906,1.1724329057381397,1.4247191013777996,1.7621193537728994,41.33889410361938,45.934831094112894,42.33457536054724,47.919474237948215,-1.963591733013292,4.943916133776473
2022-06-03,43.64494060883837,45.168836150851654,1.523895542013281,1.1524491179407468,1.3840248515982412,1.738346336334219,41.386140337674505,45.90374088000223,42.456147441719104,47.881524859984204,-1.8832632772017885,4.93105436122835
2022-06-04,43.67762593657568,45.1155900732079,1.437964136632219,1.1241843606740634,1.357930189773573,1.718180714552598,41.47422458965452,45.88102728349684,42.454046901251694,47.7771332451641,-1.9296700638908733,4.8055983371553115
2022-06-05,43.63887547781127,45.10631676963505,1.4674412918237856,1.1223175889293926,1.3031800221698393,1.6420304541300963,41.43913300350966,45.83861795211288,42.55208392618216,47.66054961308794,-1.7509383982712032,4.685820981918774
2022-06-06,42.67265975177183,45.16437651047139,2.491716758699561,2.204637639950106,1.1107418872715846,2.44781999234093,38.35156997746962,46.99374952607404,42.987322411419086,47.3414306095237,-2.306010426288661,7.289443943687783
2022-06-07,43.13865131489387,45.5490401561497,2.410388841255833,1.8974188196103072,1.4717005907000273,2.211268848258726,39.41971042845767,46.85759220133007,42.66450699837765,48.433573313921755,-1.9236981013312695,6.744475783842936
2022-06-08,43.184794830738895,45.49137371630721,2.3065788855683156,1.8672746813650412,1.4625773107883941,2.214321383766994,39.524936455263415,46.844653206214375,42.62472218716196,48.35802524545246,-2.0334910266149926,6.646648797751624
2022-06-09,43.77036721057746,45.45758573804684,1.6872185274693767,2.3498735910515265,1.362571343756259,2.5595704825911105,39.16461497211647,48.376119449038455,42.78694590428457,48.128225571809104,-3.3295396184091994,6.703976673347952
2022-06-10,43.737690363759086,45.405421986024685,1.6677316222656007,2.3017674696910495,1.3534408144612198,2.50421379723416,39.22622612316463,48.24915460435354,42.75267798968069,48.05816598236868,-3.240527420313353,6.5759906648445545
2022-06-11,43.70537205665155,45.35291907227023,1.6475470156186844,2.2512535652157952,1.341771777779709,2.4465939114500665,39.29291506882859,48.117829044474504,42.723046387822,47.98279175671846,-3.1477770508234455,6.442871082060814
2022-06-12,43.72326798703897,45.37645741120891,1.6531894241699394,2.0987130229921385,1.3322287341147683,2.3581804436801153,39.609790461974384,47.83674551210356,42.76528909234396,47.98762573007386,-2.968844245443086,6.275223093782965
2022-06-13,43.94649569986142,45.46223551264234,1.5157398127809145,1.9804338553942347,1.4799096176189068,2.1331562319159505,40.064845343288724,47.82814605643412,42.56161266210928,48.36285836317539,-2.6652464017743487,5.696726027336178
2022-06-14,43.892883845943466,45.66885444954243,1.7759706035989633,1.9283613515601525,1.8073688082962027,2.507343981937066,40.113295596885564,47.67247209500137,42.12641158528187,49.21129731380299,-3.1384236009976862,6.690364808195612
2022-06-15,43.84719420045072,45.34970203219783,1.5025078317471088,1.798630080709747,1.8686705846423217,2.424928213978056,40.32187924225962,47.372509158641826,41.68710768629888,49.012296378096785,-3.250351467649881,6.255367131144099
2022-06-16,43.861459631535176,45.307201840918324,1.44574220938315,1.762109218718724,1.8412617522736676,2.3898256294314995,40.40772556284648,47.31519370022387,41.69832880646194,48.91607487537471,-3.2383160243025886,6.129800443068889
2022-06-17,43.86108786872681,45.25932305385753,1.3982351851307144,1.7177632849472875,1.8002604979960366,2.3380235442480615,40.49427183023013,47.22790390722349,41.7308124777853,48.78783362992976,-3.184290961595486,5.980761331856915
2022-06-18,43.74443212899649,45.47108222135067,1.7266500923541757,1.5085806535408488,1.6414489120707294,2.1659413337152325,40.787614048056426,46.70125020993656,42.25384235369204,48.6883220890093,-2.5185949217276797,5.9718951064360315
2022-06-19,43.76806804394986,45.45066673424599,1.6825986902961343,1.445004072778349,1.588163653716429,2.0936096324894735,40.9358600613043,46.600276026595424,42.337865972961794,48.56346749553019,-2.4208761893832333,5.786073569975502
2022-06-20,43.74941701547447,45.390535828960836,1.641118813486368,1.362667651745663,1.491238825193404,1.9558275799670966,41.07858841805297,46.42024561289597,42.46770773158176,48.31336392633991,-2.1923032432491416,5.474540870221877
2022-06-21,43.78321068899814,45.517457703647196,1.7342470146490547,1.4069920298937566,1.6125355152714158,2.296502267621794,41.02550631040638,46.5409150675899,42.35688809371522,48.67802731357917,-2.7668974298896614,6.23539145918777
2022-06-22,43.79154946342451,45.509255455532184,1.7177059921076743,1.371381508493275,1.5685775141903924,2.2356116598091207,41.103641706777694,46.479457220071325,42.43484352771902,48.58366738334535,-2.664092861118202,6.09950484533355
2022-06-23,43.80672009133933,45.507843580056395,1.7011234887170594,1.3458878426067662,1.5362857918148496,2.1927051762977783,41.168779919830065,46.44466026284859,42.49672342809929,48.5189637320135,-2.596578656826586,5.998825634260705
2022-06-24,43.80329660648578,45.72866186312151,1.9253652566357333,1.2675925811760056,1.5954754549454673,2.190546130548649,41.31881514738081,46.28777806559075,42.60152997142839,48.85579375481463,-2.3681051592396187,6.218835672511085
2022-06-25,44.09238782947841,45.43549540336494,1.3431075738865257,1.419723949846872,1.6497130755014404,2.534387578345552,41.30972888777854,46.87504677117828,42.202057775382116,48.66893303134776,-3.624292079670756,6.310507227443807
2022-06-26,44.094600372765285,45.39117829931535,1.2965779265500665,1.391976954579336,1.632782053953683,2.496187577046564,41.366325541789784,46.822875203740786,42.19092547356613,48.59143112506457,-3.595949724461198,6.189105577561332
2022-06-27,44.29439568776892,45.0172453158275,0.7228496280585824,1.3314261618967074,1.6961035980447383,2.4316071983426637,41.68480041045137,46.903990965086464,41.69288226365981,48.34160836799519,-4.043100480693039,5.488799736810203
2022-06-28,44.17094390166649,45.188122564834536,1.0171786631680513,1.5002500990377967,1.8710177088840845,2.890115492024718,41.23045370755241,47.111434095780574,41.52092785542173,48.85531727424734,-4.647447701200396,6.681805027536499
2022-06-29,44.33164848327541,45.17032650184853,0.8386780185731232,1.4500944915244143,1.7471710914510497,2.7262641129931913,41.48946327988756,47.17383368666326,41.74587116260447,48.59478184109258,-4.5047996428935315,6.182155680039778
2022-06-30,44.54722873950923,45.19381631559792,0.6465875760886882,1.5175960780421742,1.6527805075139923,2.6222943947658965,41.57274042654657,47.52171705247189,41.954366520870494,48.43326611032535,-4.493109437652469,5.786284589829846
2022-07-01,44.57230582363027,45.16198594560636,0.5896801219760877,1.4941149866560923,1.6308737310721884,2.5899924332305133,41.643840449784335,47.50077119747621,41.96547343270487,48.35849845850785,-4.486705047155718,5.666065291107893
2022-07-02,44.597673961897094,45.08342108928935,0.48574712739225634,1.4689997773856893,1.6429212145776169,2.5869821851256285,41.71843439822114,47.476913525573046,41.86329550871722,48.30354666986148,-4.584737955453975,5.5562322102384885
2022-07-03,44.70446304741613,45.04129814838867,0.3368351009725439,1.4815278208299398,1.6034410266262271,2.576771977871113,41.80066851858945,47.608257576242806,41.898553736201265,48.184042560576074,-4.713637975654837,5.387308177599925
2022-07-04,44.72493803076633,45.011101439171775,0.28616340840544263,1.4506444771011686,1.574158714859437,2.5299540163485092,41.88167485564804,47.56820120588462,41.92575035804728,48.09645252029627,-4.6725464636376355,5.244873280448521
2022-07-05,44.4083808773764,44.454493643079076,0.04611276570267157,1.5311647923267855,1.755576157741794,2.231600978229796,41.407297884415904,47.4094638703369,41.01356437390516,47.89542291225299,-4.327825151627728,4.420050683033072
2022-07-06,44.259695329353654,44.797361206066086,0.5376658767124335,1.6863653965679501,1.6777046740998052,2.436141434416921,40.954419152080476,47.56497150662683,41.50906004483047,48.0856623673017,-4.2371713347447315,5.312503088169599
2022-07-07,44.13408950418385,44.66590018241536,0.5318106782315144,1.6194282427307651,1.6570059647924866,2.3198045766793567,40.96001014843155,47.308168859936146,41.41816849142209,47.91363187340864,-4.015006292060025,5.078627648523054
2022-07-08,44.16916600602559,44.65479655057323,0.4856305445476397,1.601930742497204,1.6293842160968421,2.2924399065090637,41.02938175073107,47.30895026132011,41.46120348702342,47.84838961412304,-4.007551672210125,4.978812761305404
2022-07-09,44.20546708415117,44.64326393757849,0.43779685342732366,1.5827968416847769,1.600185997651175,2.2627843758666293,41.103185274449004,47.30774889385333,41.50689938218218,47.779628492974794,-3.99726052327127,4.872854230125918
2022-07-10,43.7864139922451,44.27455852167232,0.48814452942722236,1.8230282554134203,1.6014202842660725,2.059233781436173,40.2132786116348,47.359549372855405,41.13577476451081,47.413342278833824,-3.5479536821876767,4.524242741042121
2022-07-11,43.80956632512276,44.24322411440042,0.4336577892776569,1.7358125032667548,1.4984453721256257,1.923013493940941,40.40737381871992,47.2117588315256,41.30627118503419,47.18017704376665,-3.3354486588465875,4.202764237401901
2022-07-12,43.854144869076045,44.2464282773151,0.3922834082390511,1.7227180998383076,1.4730850679581236,1.90290507244642,40.47761739339296,47.23067234475913,41.35918154411718,47.133675010513016,-3.337410533755932,4.121977350234034
2022-07-13,43.900681197188746,44.39295795297208,0.49227675578333946,1.6264225150242815,1.3726944245480932,1.785929044814473,40.712893067741156,47.088469326636336,41.70247688085782,47.08343902508634,-3.0081441720530275,3.9926976836197063
2022-07-14,43.94150165066175,44.39117133752942,0.44966968686767306,1.614359597571453,1.34986814968873,1.770986491157315,40.7773568394217,47.1056464619018,41.74542976413951,47.036912910919334,-3.0214638358006645,3.9208032095360106
2022-07-15,43.977064900584416,44.379712610085576,0.4026477095011617,1.5914440702573607,1.32276048899805,1.7447338936288208,40.85783452287999,47.09629527828884,41.7871020516494,46.972323168521754,-3.017030722011327,3.8223261410136504
2022-07-16,44.14698480540555,44.453642537906084,0.30665773250052736,1.6234885860858448,1.3025242543604516,1.6920938247744375,40.9649471766773,47.329022434133805,41.9006949993596,47.00659007645257,-3.00984616405737,3.6231616290584245
2022-07-17,44.203793874735474,44.419414768998166,0.21562089426269185,1.5929105409828903,1.2779277225049532,1.68792852467546,41.08168921440901,47.32589853506194,41.914676432888456,46.92415310510788,-3.0927190141012098,3.5239608026265934
2022-07-18,44.34672003225522,44.25334393139916,-0.09337610085606612,1.4496406016791128,1.1877037540574047,1.6166194109003043,41.50542445296416,47.188015611546284,41.92544457344665,46.58124328935167,-3.2619501462206624,3.07519794450853
2022-07-19,44.31341110754095,44.283675838284466,-0.02973526925648712,1.4243573601500867,1.1413577268269106,1.5988938918395137,41.52167068164678,47.10515153343512,42.046614693703724,46.52073698286521,-3.1635672972619338,3.10409675874896
2022-07-20,44.6975192118996,44.4495803063913,-0.24793890550830985,1.3406637025528183,1.0265096242001805,1.385709752591719,42.06981835489608,47.32522006890313,42.43762144295894,46.46153916982365,-2.9639300205880788,2.4680522095714594
2022-07-21,44.71008040624306,44.44676781080791,-0.2633125954351429,1.3236526563159032,1.0119379360225063,1.3688191144523143,42.115721199863884,47.30443961262223,42.4633694562038,46.430166165412025,-2.946198059761679,2.419572868891393
2022-07-22,44.723318136791534,44.44374916380393,-0.2795689729876082,1.305376743821077,0.9963845431454996,1.3506732928066265,42.164779718902224,47.28185655468084,42.49083545923875,46.396662868369106,-2.926888626888596,2.36775068091338
2022-07-23,44.697860154705914,44.440536713166985,-0.25732344153893155,1.2880379937838917,0.9798442788811534,1.3303787197483115,42.173305686889485,47.222414622522344,42.52004192655993,46.36103149977404,-2.864865732245622,2.3502188491677587
2022-07-24,44.888035985542565,44.27444965220715,-0.6135863333354155,1.3008330054770194,1.106852174995125,1.6260577469532798,42.338403294807605,47.437668676277525,42.10501938921671,46.4438799151976,-3.8006595173638438,2.573486850693013
2022-07-25,45.06908173777202,44.385975259908356,-0.6831064778636604,1.3210244415773553,1.0412437053279104,1.7102610435698613,42.4798738322804,47.658289643263636,42.34513759746565,46.42681292235106,-4.035218123260589,2.6690051675332676
2022-07-26,45.02117445380374,44.30605228120632,-0.7151221725974176,1.2833194052581312,1.0463675457908501,1.6356096931230482,42.5058684194978,47.536480488109675,42.25517189145626,46.35693267095638,-3.920917171118592,2.4906728259237565
2022-07-27,45.02515206267834,44.3074250088005,-0.7177270538778394,1.2649146447799393,1.0311718919508945,1.6119083973868962,42.54591935890966,47.50438476644702,42.286328100576746,46.328521917024254,-3.877067512756156,2.441613405000477
2022-07-28,45.19499545601472,44.37160121444989,-0.8233942415648364,1.2747599782913503,1.0514749406496087,1.5373386683355506,42.69646589856367,47.693525013465774,42.31071033077666,46.43249209812312,-3.8365780315025155,2.1897895483728425
2022-07-29,45.05143320978142,44.54912991418198,-0.5023032955994375,1.4605797282173383,1.2050596267206106,2.0827823879476033,42.18869694247544,47.914169477087405,42.187213045809585,46.91104678255438,-4.58455677597674,3.5799501847778643
2022-07-30,45.089191086883915,44.5437559093536,-0.5454351775303158,1.4518651316051532,1.1864886546740292,2.0637395847841353,42.24353542893782,47.93484674483001,42.218238146192505,46.869273672514694,-4.590364763707221,3.4994944086465893
2022-07-31,45.08775024090994,44.559139338853754,-0.5286109020561817,1.4137011959169739,1.1626586869651447,2.0127189480698977,42.31689589691267,47.85860458490721,42.28032831240207,46.83795036530544,-4.473540040273181,3.4163182361608175
2022-08-01,45.057483011748516,44.1773237351307,-0.8801592766178155,1.8637005516968357,1.2249318230557427,2.2949941175721835,41.404629930422715,48.71033609307432,41.776457361941446,46.57819010831995,-5.378347747059295,3.6180291938236637
2022-08-02,45.02031097013457,44.12216661402538,-0.8981443561091872,1.6966836311062743,1.2840992933191753,2.121573434734838,41.69481105316627,48.345810887102864,41.6053319991198,46.639001228930965,-5.056428288189469,3.260139575971095
2022-08-03,45.02292986452043,44.16296932634848,-0.8599605381719435,1.6711214883296692,1.2838924669433474,2.0988270546371797,41.74753174739428,48.29832798164658,41.64654009113952,46.67939856155744,-4.973661565260816,3.253740488916929
2022-08-04,45.116850155635525,44.35578534112024,-0.7610648145152854,1.615963884052819,1.3900111910737438,2.017977509248323,41.949560942892,48.28413936837905,41.6313634066157,47.08020727562478,-4.716300732641999,3.1941711036114278
2022-08-05,45.11694307495399,44.3538786850925,-0.7630643898614875,1.5895866836069241,1.3668690739006157,1.984566175838555,42.00135317508442,48.232532974823556,41.674815300247296,47.03294206993771,-4.652814094505056,3.1266853147820806
2022-08-06,45.14936897311304,44.40645846816794,-0.7429105049451009,1.5432638729478019,1.3412324819024173,1.9444736590742404,42.12457178213535,48.174166164090735,41.7776428036392,47.03527413269668,-4.554078876730612,3.06825786684041
2022-08-07,44.88291185547692,44.32383969084385,-0.5590721646330694,1.7150138103493462,1.3276312025152044,1.9209284898959669,41.5214847871922,48.24433892376164,41.72168253391405,46.925996847773646,-4.324092004829165,3.2059476755630256
2022-08-08,44.94404460582442,44.3509584913578,-0.5930861144666199,1.690913879634056,1.3109524881758097,1.891188684166861,41.62985340174168,48.25823580990717,41.781491614533216,46.920425368182386,-4.299815935433667,3.1136437065004277
2022-08-09,44.76605102490645,44.07758947656687,-0.6884615483395814,1.656802812714676,1.4001159866278616,1.732607885939978,41.518717511985685,48.01338453782722,41.33336214277626,46.82181681035748,-4.084373004781939,2.7074499081027756
2022-08-10,44.777938674808496,44.12748783193259,-0.6504508428759057,1.6280244527015408,1.397619780397035,1.7096859258670976,41.587010747513474,47.96886660210352,41.388153062354405,46.866822601510776,-4.001435257575417,2.7005335718236054
2022-08-11,44.8015111419773,44.1627521282622,-0.6387590137151028,1.600958133584535,1.381566468026044,1.6764556440168548,41.663633200151615,47.939389083802986,41.45488185093115,46.870622405593245,-3.9246120759881378,2.6470940485579324
2022-08-12,44.83121708699209,44.20286003186885,-0.6283570551232449,1.5639515433200686,1.3563998758721783,1.6321277586312546,41.76587206208475,47.89656211189943,41.54431627515938,46.86140378857832,-3.827327462040504,2.570613351794014
2022-08-13,44.90616747650826,44.238714259557014,-0.6674532169512427,1.5670927415129892,1.3371580176040943,1.6044951624974941,41.8346657031428,47.97766924987372,41.61788454505299,46.85954397406104,-3.812263735446331,2.4773573015438455
2022-08-14,44.90861245308997,44.33339080629274,-0.5752216467972316,1.400516187465499,1.2000870838108744,1.4982017866144541,42.163600725657595,47.65362418052235,41.98122012202343,46.68556149056205,-3.511697148561562,2.3612538549670985
2022-08-15,44.94558424717557,44.31774986266238,-0.6278343845131876,1.3653308634560215,1.1643462754783076,1.4650829605809002,42.269535754801765,47.62163273954937,42.0356311627249,46.599868562599866,-3.499396987251752,2.243728218225377
2022-08-16,44.98509972177638,44.35505051478063,-0.6300492069957455,1.2915029760778642,1.13657257135481,1.5257606959147882,42.45375388866376,47.516445554888996,42.1273682749252,46.582732754636055,-3.6205401709887304,2.3604417569972393
2022-08-17,44.88020134584932,44.52453915149432,-0.355662194355008,1.292676211529961,1.1986700748647912,1.720166495985179,42.346555971250595,47.41384672044805,42.175145804759325,46.87393249822931,-3.7271885264859588,3.015864137775943
2022-08-18,44.96899236923691,44.53729891360676,-0.4316934556301484,1.267112272965896,1.1521619666169527,1.6818774704892396,42.48545231422375,47.452532424250066,42.279061459037536,46.79553636817599,-3.728173297789058,2.864786386528761
2022-08-19,44.98150215238998,44.55724546982515,-0.4242566825648287,1.2440585129982653,1.1340558767603734,1.6477978293590303,42.54314746691338,47.419856837866575,42.33449595137482,46.779994988275476,-3.653940428108528,2.8054270629788705
2022-08-20,45.04144635957382,44.57727637785207,-0.4641699817217431,1.2528308350794737,1.114691054006668,1.6254626992232712,42.58589792281805,47.49699479632959,42.392481911999006,46.76207084370514,-3.650076872199355,2.7217369087558687
2022-08-21,44.6948104548386,44.1306908742316,-0.5641195806070067,2.126733424370887,1.6824843989007365,1.457965365767503,40.52641294307166,48.86320796660554,40.833021452386156,47.42836029607704,-3.4217316975113126,2.293492536297299
2022-08-22,44.77137515800413,44.0850601717284,-0.6863149862757311,1.989838941753712,1.5617610281973262,1.3886882984287112,40.871290832166856,48.67145948384141,41.02400855646164,47.146111786995164,-3.4081440511960053,2.035514078644543
2022-08-23,44.75535448203784,44.2176300449334,-0.5377244371044407,1.8795674619926188,1.6157586669240884,1.4436574523930215,41.0714022565323,48.43930670754337,41.05074305776219,47.38451703210461,-3.3672930437947626,2.2918441695858816
2022-08-24,44.826548982584676,44.212016297329264,-0.6145326852554106,1.7939602369487484,1.551834639879017,1.3966372146074362,41.31038691816513,48.34271104700422,41.17042040316639,47.25361219149214,-3.3519416258859858,2.1228762553751643
2022-08-25,45.09027454951057,43.98090935362876,-1.1093651958818078,1.7952040361903432,1.5096380616045988,1.6488253661542136,41.5716746385775,48.60887446044364,41.022018752883746,46.939799954373775,-4.341062913544066,2.122332521780451
2022-08-26,45.082927325823896,44.182045455787645,-0.900881870036252,1.7770854412309498,1.7898903073324404,2.093881757996904,41.59983986101123,48.56601479063656,40.67386045341606,47.69023045815923,-5.004890115710184,3.20312637563768
2022-08-27,45.11913507582501,44.20552385729939,-0.9136112185256186,1.766703923195196,1.7713347128235344,2.0666567796769546,41.65639538636242,48.581874765287594,40.733707820165264,47.677339894433516,-4.964258506692449,3.137036069641212
2022-08-28,45.139507500413266,44.05694771670134,-1.082559783711931,1.635090612388707,1.6366149664088232,1.9097144965832085,41.9347299001314,48.34428510069513,40.84918238254004,47.26471305086263,-4.825600197015019,2.6604806295911576
2022-08-29,45.178332082770496,43.99476706548773,-1.1835650172827679,1.5856313261152477,1.5395105337199206,1.9681796791344113,42.07049468358461,48.28616948195638,40.97732641939668,47.012207711578775,-5.041197188386214,2.6740671538206784
2022-08-30,45.25925928965537,43.96033263815061,-1.2989266515047566,1.5798351901967824,1.5109267733124712,1.9719923963812354,42.162782316869674,48.35573626244106,40.998916162458166,46.921749113843056,-5.164031748411977,2.5661784454024645
2022-08-31,45.27008101222193,44.015801274383826,-1.2542797378381028,1.5252661905494942,1.4743848006200735,1.9111154250100364,42.28055927874492,48.25960274569894,41.12600706516848,46.90559548359917,-5.000065970857774,2.491506495181569
2022-09-01,45.4203928065712,44.02818708048565,-1.3922057260855474,1.4711438448016163,1.6804864768357328,2.0177644747943178,42.53695087076003,48.30383474238237,40.734433585887615,47.32194057508369,-5.347024096682411,2.5626126445113155
2022-09-02,45.41582157847474,44.054642384001546,-1.36117919447319,1.4507273429503365,1.6662014658622208,1.9982033496306728,42.57239598629208,48.2592471706574,40.78888751091159,47.3203972570915,-5.277657759749308,2.5552993708029286
2022-09-03,45.42777022002222,44.10984827753768,-1.3179219424845403,1.4176227342630534,1.628402474764382,1.948793285717325,42.64922966086663,48.206310779177805,40.918179426999494,47.301517128075865,-5.137556782490497,2.5017128975214162
2022-09-04,45.42276452888456,44.13697004348315,-1.285794485401404,1.3953304048600088,1.6116376420178515,1.9266615467711485,42.68791693535894,48.15761212241017,40.97816026512817,47.29577982183814,-5.062051117072855,2.490462146270047
2022-09-05,45.41816160631502,44.16617593481562,-1.2519856714993998,1.3709879251620107,1.5926333187566133,1.9016554476740914,42.73102527299748,48.10529793963256,41.044614630052656,47.28773723957858,-4.979230348940619,2.47525900594182
2022-09-06,45.38567938519557,44.08719871418992,-1.2984806710056587,1.2904851260707468,1.5354329342232325,1.7793237283348655,42.85632853809691,47.915030232294235,41.077750163112384,47.09664726526745,-4.785955178541995,2.1889938365306776
2022-09-07,45.25239629163769,44.24456897093989,-1.0078273206978015,1.314849101215479,1.4311964656355958,1.9384001722306319,42.67529205325535,47.82950053002003,41.43942389829412,47.04971404358565,-4.80709165826984,2.791437016874237
2022-09-08,45.51977958339376,44.321723923842825,-1.198055659550936,1.4308976842682892,1.352371565905125,1.8983809713737732,42.71522012222792,48.32433904455961,41.67107565466878,46.97237219301687,-4.918882363443531,2.5227710443416598
2022-09-09,45.74322842811332,44.47488146228839,-1.268346965824937,1.5299209922281594,1.4256081075069793,1.8039105198402283,42.744583283346124,48.741873572880515,41.68068957157471,47.269073353002064,-4.804011584711784,2.2673176530619106
2022-09-10,45.77159066025465,44.4578648576145,-1.3137258026401497,1.508523922345655,1.4025408376066135,1.7847591063792734,42.81488377245717,48.72829754805213,41.70888481590554,47.206844899323464,-4.811853651143526,2.184402045863226
2022-09-11,45.486899940029176,44.460626844256964,-1.0262730957722164,1.5544693883913823,1.2725727745558717,1.8363604473213373,42.44013993878207,48.533659941276284,41.96638420612746,46.95486948238647,-4.625539572522038,2.5729933809776044
2022-09-12,45.34185889041054,44.24331756333555,-1.0985413270749893,1.512986728868636,1.3260742930420635,1.8915211538810248,42.37640490182802,48.307312878993066,41.64421194897311,46.842423177697995,-4.805922788681798,2.6088401345318193
2022-09-13,45.296797304585645,44.338290687798555,-0.9585066167870935,1.4420449843713983,1.2667013833863066,1.829500163682817,42.47038913521771,48.12320547395358,41.855555976361394,46.821025399235715,-4.5443269376054145,2.627313704031228
2022-09-14,45.514509629610494,44.39499186050454,-1.1195177691059552,1.4036561439621231,1.159063351917796,1.7006396367064227,42.76334358744473,48.26567567177626,42.12322769074566,46.66675603026342,-4.4527714570505434,2.2137359188386334
2022-09-15,45.43913690381296,44.42463521164726,-1.0145016921656993,1.319469140378975,1.0433649598329706,1.570352385014067,42.85297738867017,48.02529641895575,42.379639890374634,46.46963053291988,-4.092392366793271,2.0633889824618716
2022-09-16,45.488397973170244,44.436080687799596,-1.0523172853706526,1.2276293603523372,0.9643877579621188,1.4505831945014536,43.08224442687966,47.894551519460826,42.54588068219384,46.32628069340535,-3.8954603465935014,1.7908257758521964
2022-09-17,45.51119297033782,44.45158701324872,-1.059605957089093,1.2184958852889987,0.9525465684204211,1.4292799314325588,43.12294103517138,47.899444905504254,42.584595739144696,46.31857828735274,-3.860994622696908,1.7417827085187223
2022-09-18,45.54378045325688,44.41333729303198,-1.1304431602249005,1.200849748081752,0.9430159329544496,1.43289335376636,43.190114947016646,47.89744595949711,42.565026064441255,46.2616485216227,-3.938914133606966,1.6780278131571649
2022-09-19,45.71678718024473,44.29242510823769,-1.4243620720070422,1.319811819139992,0.8973463609088391,1.587477707507785,43.12995601473035,48.30361834575911,42.533626240856364,46.05122397561901,-4.5358183787223005,1.6870942347082163
2022-09-20,45.73084853501871,44.378799792282464,-1.3520487427362502,1.270907092705155,0.8887699409283009,1.5545910122248572,43.239870633316606,48.22182643672081,42.636810708062995,46.12078887650193,-4.399047126696971,1.6949496412244698
2022-09-21,45.55043086276489,44.45854068696968,-1.0918901757952137,1.1692305360622133,1.1700505438597466,1.7785997009220256,43.258739012082955,47.84212271344683,42.165241621004576,46.75183975293478,-4.577945589602384,2.3941652380119565
2022-09-22,45.51617786003862,44.45192465303103,-1.0642532070075872,1.1678629277526222,1.1515317701252425,1.7709783738202896,43.227166521643476,47.80518919843376,42.194922383585556,46.7089269224765,-4.535370819695355,2.4068644056801807
2022-09-23,45.429106632035825,44.66438852993729,-0.7647181020985347,1.2016842497756766,1.437975078922317,2.17809872732638,43.0738055024755,47.78440776159615,41.84595737524955,47.482819684625035,-5.033791607658239,3.50435540346117
2022-09-24,45.49319571244031,44.61676760503705,-0.8764281074032695,1.2082447959901232,1.4235002558013103,2.193559444839821,43.12503591229967,47.86135551258095,41.82670710366648,47.406828106407616,-5.175804619289318,3.422948404482779
2022-09-25,45.49627691883879,44.564780192459615,-0.93149672637917,1.1465024961299908,1.3075535772329863,2.0222588156787293,43.24913202642401,47.74342181125357,42.00197518108296,47.12758520383627,-4.895124005109479,3.0321305523511395
2022-09-26,45.66228097027775,44.60285080137107,-1.0594301689066805,1.1301916724022383,1.2251765620752735,1.8987446313387777,43.447105292369365,47.87745664818613,42.20150473970353,47.00419686303861,-4.780969646330685,2.6621093085173237
2022-09-27,45.76500282143687,44.8687372376988,-0.8962655837380687,1.0788955663812454,1.422306052607288,1.982198388356709,43.650367511329634,47.87963813154411,42.08101737458852,47.656457100809085,-4.781374424917218,2.9888432574410806
2022-09-28,45.80511594662079,44.838607676096906,-0.9665082705238789,1.094641436083647,1.3991136378715507,1.9851754424969694,43.65961873189684,47.950613161344734,42.096344945868665,47.58087040632515,-4.857452137817939,2.924435596770181
2022-09-29,45.89470417067998,44.91854115091804,-0.976163019761937,1.1289737194977216,1.3002387429092594,1.8901595417348758,43.68191568046444,48.10749266089552,42.37007321481589,47.46700908702019,-4.680875721562293,2.728549682038419
2022-09-30,45.931867487810145,44.79676281704674,-1.1351046707634012,1.096194616864647,1.2740949407976747,1.8479482336048791,43.78332603875543,48.080408936864856,42.2995367330833,47.29398890101018,-4.7570832086289645,2.4868738671021617
2022-10-01,45.950189877798714,44.77080451956285,-1.1793853582358587,1.0766518791575932,1.2601404885193304,1.8278256800097843,43.83995219464983,48.060427560947595,42.30092916206496,47.24067987706074,-4.761923691055036,2.4031529745833184
2022-10-02,46.01444129146703,44.761509167126285,-1.2529321243407456,1.0780329702551732,1.232841016074844,1.8220350121241315,43.90149666976689,48.12738591316717,42.34514077561959,47.17787755863298,-4.824120748104043,2.318256499422552
2022-10-03,45.6631395111033,44.55276755729715,-1.1103719538061525,1.2150369329209652,1.027250109316259,1.6416378938269418,43.28166712257821,48.04461189962839,42.53935734303728,46.56617777155702,-4.3279822257069585,2.1072383180946535
2022-10-04,45.88124301523505,44.62523976596479,-1.2560032492702617,1.363939899813906,1.2513202920123798,2.008991129552529,43.20792081159979,48.55456521887031,42.172651993620526,47.07782753830906,-5.193625863193219,2.681619364652695
2022-10-05,45.9524303016636,44.63924531138856,-1.3131849902750388,1.3215074884236901,1.1528575792485125,1.935226822463541,43.36227562435317,48.54258497897403,42.37964445606147,46.89884616671564,-5.106229562303579,2.4798595817535016
2022-10-06,45.966346145109505,44.655128974344315,-1.3112171707651905,1.2984795072441375,1.1332820939794384,1.8972432151864875,43.421326310911,48.51136597930801,42.43389607014461,46.87636187854402,-5.029813872530706,2.407379531000325
2022-10-07,45.75490354127344,44.50679800463223,-1.2481055366412095,1.4515176667014338,1.1924350838702613,1.7767182841402687,42.90992891453863,48.59987816800825,42.16962524024652,46.84397076901794,-4.730473373556136,2.234262300273717
2022-10-08,45.733451994728796,44.529289340172774,-1.2041626545560213,1.4211435075042942,1.1713128205258232,1.746108046424578,42.94801072002038,48.518893269437214,42.23351621194216,46.82506246840339,-4.626534425548194,2.2182091164361513
2022-10-09,45.7729220617192,44.54583283196129,-1.227089229757905,1.3743896729146323,1.1320145330543994,1.6805200519843757,43.07911830280652,48.46672582063188,42.32708434717467,46.764581316747915,-4.520908531647281,2.066730072131471
2022-10-10,45.820770846617755,44.68485426286319,-1.1359165837545646,1.2004090038211594,1.059291691439694,1.470386542174342,43.467969199128284,48.173572494107226,42.60864254764139,46.76106597808499,-4.017874206416275,1.746041038907146
2022-10-11,45.991892582940174,45.03953171319428,-0.9523608697459003,1.7935774256318822,1.6695488822372588,1.441860901670408,42.47648082870168,49.50730433717867,41.76721590400925,48.31184752237931,-3.7784082370199,1.8736864975280993
2022-10-12,45.94638730396505,44.92491070166372,-1.0214766023013326,1.5984702261199901,1.8926701037888716,1.777566190259477,42.81338566076987,49.079388947160226,41.21527729823753,48.63454410508991,-4.505506335209907,2.462553130607242
2022-10-13,45.38847080032872,45.14548142824205,-0.24298937208666585,2.006732588148693,1.7918036327158422,2.500454703873367,41.455274927557284,49.321666673100154,41.633546308119,48.6574165483651,-5.143880591678466,4.6579018475051335
2022-10-14,45.316559695423216,45.4169850618576,0.10042536643439075,1.9383326494161535,1.9771543779011491,2.7817631646817125,41.51742770256755,49.11569168827888,41.54176248117135,49.29220764254386,-5.351830436341766,5.5526811692105476
2022-10-15,45.35911228323773,45.400353294321235,0.04124101108350167,1.9108961713597845,1.9390592571652958,2.74123242766774,41.613755787372554,49.1044687791029,41.599797150277254,49.200909438365215,-5.3315745471452685,5.4140565693122715
2022-10-16,44.843601436979796,45.02609211043871,0.18249067345891834,2.094163054396217,2.0563709194781037,2.389109736725104,40.73904185036321,48.948161023596384,40.99560510826163,49.05657911261579,-4.500164410522285,4.865145757440122
2022-10-17,44.79942239307919,45.329951320282596,0.5305289272034116,2.009191464351004,2.0723329961065566,2.399050103717101,40.86140712295122,48.73743766320716,41.26817864791374,49.39172399265145,-4.171609276082107,5.232667130488929
2022-10-18,44.95766142806614,45.615337124944524,0.6576756968783841,1.6872331326949597,1.9234192329087927,2.133613690274329,41.650684487984016,48.26463836814826,41.84543542844329,49.38523882144576,-3.5242071360593,4.839558529816069
2022-10-19,44.82911293415384,45.57653756372373,0.7474246295698893,1.6393055630278606,1.7664959024842388,2.053057645312533,41.61607403061923,48.04215183768845,42.114205594854624,49.03886953259284,-3.2765683552426754,4.771417614382454
2022-10-20,44.84207679433201,45.559670307488055,0.7175935131560492,1.616442167417504,1.743745370789099,2.029960002259323,41.6738501461937,48.01030344247032,42.14192938074142,48.97741123423469,-3.261128091272224,4.696315117584322
2022-10-21,44.951771289821785,45.62761628751147,0.675844997689684,1.478816278927189,1.5916523284251194,1.841846414825156,42.053291383124495,47.850251196519075,42.50797772379824,48.7472548512247,-2.934173975367622,4.28586397074699
2022-10-22,44.963427601947515,45.60754702904183,0.6441194270943176,1.4560487628043755,1.570309890656734,1.8204276190067448,42.10957202685094,47.81728317704409,42.52973964335463,48.685354414729034,-2.923918706158902,4.212157560347537
2022-10-23,45.36238765770747,45.84992053413764,0.4875328764301713,1.9380443614204022,1.857573435177809,1.8160134044029839,41.56382070932349,49.16095460609146,42.20907660118913,49.490764467086144,-3.071853396199677,4.046919149060019
2022-10-24,45.311133382922236,46.075497785108894,0.7643644021866568,1.7830103436157851,2.108547698178731,1.873293291695562,41.816433109435295,48.80583365640918,41.94274429667858,50.208251273539204,-2.9072904495366445,4.436019253909958
2022-10-25,45.525505025475496,46.140594242103425,0.6150892166279256,1.7481697592717067,1.9539172638940312,1.7668964335633808,42.09909229730295,48.95191775364804,42.31091640487112,49.97027207933573,-2.8480277931563007,4.078206226412152
2022-10-26,45.48088923108981,46.15125070339828,0.6703614723084723,1.6029577030456108,1.7841059584623693,1.623475896422764,42.33909213312042,48.622686329059206,42.65440302481204,49.648098381984525,-2.511651284680145,3.85237422929709
2022-10-27,45.68751667398757,46.458194208211346,0.7706775342237769,1.7830278593922309,1.67115735030537,1.7436367543132107,42.1927820695788,49.182251278396336,43.18272580161282,49.73366261480987,-2.646850504230116,4.18820557267767
2022-10-28,45.41466656390267,46.42646222635514,1.0117956624524682,1.885374409179224,1.8253297215723343,1.9110967898361102,41.71933272191139,49.11000040589395,42.84881597207337,50.004108480636916,-2.733954045626308,4.757545370531244
2022-10-29,45.378827231403456,46.449048111015244,1.0702208796117836,1.8652213398362545,1.7993876494610601,1.9016076894856868,41.722993405324395,49.034661057482516,42.92224831807157,49.97584790395892,-2.6569301917801624,4.79737195100373
2022-10-30,45.20287564437095,46.6351610022442,1.4322853578732535,1.7054597016775073,1.6338980794477704,1.8347838836752677,41.86017462908303,48.54557665965886,43.43272076652657,49.837601237961834,-2.163891054130271,5.0284617698767775
2022-10-31,45.350866067765104,46.822072936090436,1.47120686832533,1.6307049022862234,1.6085008508596226,1.853239167630003,42.154684459284105,48.5470476762461,43.669411268405575,49.974734603775296,-2.1611419002294756,5.103555636880136
2022-11-01,45.58389676266582,47.028158005328194,1.4442612426623727,1.8643818254788842,1.7876732311918748,1.9283144727263783,41.92970838472721,49.23808514060443,43.52431847219212,50.53199753846427,-2.335235123881329,5.223757609206074
2022-11-02,45.59242980780952,46.87342879647147,1.2809989886619466,1.81507821112927,1.7437727900806745,2.0332424665698814,42.03487651399615,49.149983101622894,43.45563412791335,50.291223465029596,-2.704156245815021,5.266154223138914
2022-11-03,45.59242980780953,46.87342879647147,1.2809989886619468,1.81507821112927,1.7437727900806748,2.0332424665698814,42.03487651399616,49.1499831016229,43.45563412791335,50.291223465029596,-2.7041562458150206,5.266154223138914
2022-11-04,45.602660460635924,46.8737275100554,1.271067049419481,1.8112630649840071,1.7365261710647184,2.0255727742715806,42.05258485326727,49.15273606800458,43.47013621476856,50.27731880534225,-2.699055588152817,5.241189686991779
2022-11-05,45.68748812513493,46.49970821580604,0.8122200906711139,1.7633457552069949,1.9402507398559272,2.2584489399477814,42.23133044492921,49.14364580534064,42.69681676568842,50.30259966592366,-3.6143398316265376,5.238780012968766
2022-11-06,46.030525669462115,47.01557275097799,0.985047081515879,1.9742517242763464,2.3140060590277165,2.2865992519962735,42.160992289880475,49.900059049043755,42.48012087528366,51.551024626672316,-3.4966874523968166,5.466781615428575
2022-11-07,46.281400357149344,47.10715043075001,0.825750073600669,1.8283402626422405,2.056070893451577,2.0654011687132887,42.69785344237055,49.86494727192814,43.07725147958492,51.1370493819151,-3.2224362170773766,4.873936364278714
2022-11-08,45.97574432920791,47.11492529539207,1.139180966184161,1.8456244108934505,1.9546268280230423,2.0362106208619757,42.35832048385675,49.593168174559075,43.28385671246691,50.94599387831723,-2.851791850705311,5.1301537830736335
