end_date,dem,rep,net,dem_std,rep_std,net_std,dem_lower_ci,dem_upper_ci,rep_lower_ci,rep_upper_ci,net_lower_ci,net_upper_ci
2022-11-11,46.796372383054774,44.4868462334019,-2.309526149652875,0,0,0,46.796372383054774,46.796372383054774,44.4868462334019,44.4868462334019,-2.309526149652875,-2.309526149652875
2022-11-12,47.32375668033149,44.486846233401906,-2.83691044692959,0.4992495370680483,7.105427357601002e-15,0.4992495370680483,46.34522758767812,48.30228577298487,44.48684623340189,44.48684623340192,-3.8154395395829646,-1.858381354276215
2022-11-13,47.4988490633197,44.4868462334019,-3.012002829917804,0.4571686712241923,0,0.4571686712241923,46.602798467720284,48.39489965891912,44.4868462334019,44.4868462334019,-3.9080534255172212,-2.115952234318387
2022-11-14,47.58587161858444,44.4868462334019,-3.099025385182543,0.40766431365492106,0,0.40766431365492106,46.786849563820795,48.38489367334809,44.4868462334019,44.4868462334019,-3.898047439946188,-2.300003330418898
2022-11-15,47.391598791814474,44.4868462334019,-2.9047525584125733,0.49084817517714263,0,0.49084817517714263,46.429536368467275,48.35366121516167,44.4868462334019,44.4868462334019,-3.866814981759773,-1.9426901350653738
2022-11-16,47.26336802926355,44.271414322680535,-2.991953706583021,0.49890952349180895,0.411121639620573,0.46553215406940285,46.285505363219606,48.2412306953075,43.46561590902421,45.07721273633686,-3.9043967285590506,-2.0795106846069915
2022-11-17,47.17286123173349,44.119359917502756,-3.0535013142307386,0.48450489729133933,0.4821204450404682,0.4364356986649974,46.22323163304247,48.12249083042452,43.17440384522344,45.064315989782074,-3.9089152836141334,-2.1980873448473437
2022-11-18,47.10591731579833,44.00689193061579,-3.099025385182543,0.4623060321435828,0.49959800842598356,0.40766431365492106,46.199797492796904,48.012037138799755,43.02767983410086,44.986104027130715,-3.898047439946188,-2.300003330418898
2022-11-19,46.778109725498695,43.70738566811853,-3.070724057380163,0.5731742330125883,0.5381893130223058,0.33686573263020825,45.65468822879402,47.90153122220337,42.65253461459481,44.76223672164225,-3.730980893335371,-2.410467221424955
2022-11-20,46.6527846872401,43.78660709461128,-2.8661775926288233,0.6231928526918854,0.5654099314164658,0.6418982758198282,45.431326695964,47.8742426785162,42.678403629035,44.89481056018755,-4.1242982132356865,-1.6080569720219602
2022-11-21,46.548212804561444,43.85475535782041,-2.6934574467410375,0.6440649863155252,0.5787743506915572,0.7744113642134026,45.28584543138302,47.81058017773987,42.72035763046496,44.98915308517586,-4.2113037205993065,-1.1756111728827683
2022-11-22,46.459757306753644,43.91416025912348,-2.545597047630171,0.6485374291658019,0.5833597651324308,0.8447527914274132,45.188623945588674,47.730890667918615,42.77077511946391,45.05754539878304,-4.2013125188279,-0.889881576432441
2022-11-23,46.384101151895344,43.966495184762195,-2.4176059671331442,0.6430761104887939,0.5820645502736133,0.881719262482899,45.12367197533731,47.64453032845338,42.825648666225916,45.107341703298474,-4.145775721599627,-0.6894362126666622
2022-11-24,46.42447169565081,44.01299670799951,-2.411474987651298,0.618637636402866,0.5766802350468418,0.8311340785819803,45.211941928301194,47.63700146300042,42.882703447307705,45.14328996869132,-4.04049778167198,-0.7824521936306168
2022-11-25,46.3556534706019,44.054601266071465,-2.3010522045304347,0.6137513279215933,0.5683796688065283,0.8539038585685751,45.15270086787558,47.55860607332822,42.94057711521067,45.16862541693226,-3.9747037673248418,-0.6274006417360276
2022-11-26,46.29380361815892,44.093369689217205,-2.200433928941718,0.6029435995614559,0.5574923806133105,0.8620646374278248,45.112034163018464,47.47557307329937,43.000684623215115,45.186054755219295,-3.8900806183002548,-0.5107872395831814
2022-11-27,46.23843787509908,44.020820858274504,-2.217617016824573,0.5878562855666918,0.5618392320858099,0.8135345313821589,45.08623955538837,47.390636194809794,42.91961596338632,45.12202575316269,-3.8121446983336043,-0.6230893353155416
2022-11-28,46.29908439056002,43.95672981777866,-2.3423545727813617,0.5797686877850861,0.557502028382827,0.8388801180166543,45.16273776250125,47.435431018618786,42.864025842148315,45.049433793409,-3.986559604094004,-0.6981495414687193
2022-11-29,46.35327510951825,43.900211652666876,-2.453063456851376,0.5672088828628192,0.5471430826278628,0.8456939820068877,45.24154569910713,47.46500451992937,42.82781121071626,44.97261209461749,-4.110623661584876,-0.7955032521178762
2022-11-30,46.40163309567251,43.85043418571123,-2.551198909961282,0.5514840520301272,0.5326296543685898,0.8397661261959731,45.32072435369346,47.48254183765156,42.8064800631488,44.89438830827366,-4.19714051730539,-0.9052573026171749
2022-12-01,46.33078466384151,43.9205928117621,-2.4101918520794143,0.552750607633687,0.5418748431243448,0.882270401901321,45.24739347287949,47.41417585480354,42.85851811923838,44.982667504285814,-4.139441839806004,-0.6809418643528251
2022-12-02,46.26837817291896,43.98288868742047,-2.285489485498488,0.5463821561476951,0.5422191826373036,0.9001511629229862,45.19746914686947,47.33928719896844,42.920139089451354,45.045638285389586,-4.049785764827542,-0.5211932061694351
2022-12-03,46.21339374559652,44.038215711256285,-2.175178034340239,0.5347802065748073,0.5363368214247579,0.901538096351338,45.1652245407099,47.26156295048314,42.98699554126376,45.08943588124881,-3.9421927031888613,-0.4081633654916166
2022-12-04,46.16493402086946,44.08736652478605,-2.077567496083411,0.5196093594947753,0.5260618131501262,0.8915609102085577,45.1464996762597,47.18336836547922,43.0562853710118,45.118447678560294,-3.825026880092184,-0.3301081120746381
2022-12-05,46.12221051942356,44.01351525949518,-2.108695259928384,0.5020570570284683,0.5319238745367251,0.8407155861602095,45.138178687647766,47.106242351199356,42.9709444654032,45.05608605358716,-3.7564978088023944,-0.4608927110543737
2022-12-06,46.084531013442586,43.949078628340075,-2.135452385102513,0.48298619618243366,0.5284728611039468,0.7923770011621891,45.13787806892502,47.03118395796015,42.91327182057634,44.98488543610381,-3.6885113073804034,-0.5823934628246223
2022-12-07,46.05128804478218,43.892791296592904,-2.1584967481892807,0.4630310497126169,0.518799122515463,0.7465387508668938,45.143747187345454,46.95882890221891,42.875945016462595,44.90963757672321,-3.6217126998883926,-0.6952807964901688
2022-12-08,46.02194862345613,43.84357204282618,-2.1783765806299513,0.44266065374133035,0.5049548446999172,0.7031562565584988,45.15433374212313,46.88956350478914,42.853860547214346,44.83328353843802,-3.556562843484609,-0.8001903177752938
2022-12-09,45.99604506986003,43.80049366192761,-2.19555140793242,0.4222223237365348,0.48835706439676396,0.6621596963104438,45.16848931533642,46.82360082438364,42.843313815709955,44.75767350814527,-3.4933844127008897,-0.89771840316395
2022-12-10,46.093544156127116,43.88313585410771,-2.210408302019416,0.4742407690531905,0.5102627898917254,0.6234630376916193,45.16403224878286,47.02305606347137,42.883020785919925,44.88325092229549,-3.4323958558949896,-0.9884207481438421
2022-12-11,46.05777120998021,43.95529645777296,-2.102474752207249,0.45497817360832943,0.5178900427721386,0.6556700426371709,45.166013989707885,46.949528430252535,42.94023197393957,44.97036094160635,-3.387588035776104,-0.8173614686383941
2022-12-12,46.026506826146154,44.01841345530647,-2.008093370839681,0.4350582502618727,0.5161927330810947,0.6681753419982742,45.17379265563288,46.87922099665943,43.006675698467525,45.03015121214542,-3.3177170411562984,-0.6984697005230633
2022-12-13,45.99914065271555,44.07370339358515,-1.925437259130407,0.41492567794755475,0.5082373034293657,0.6678489806931119,45.18588632393835,46.81239498149276,43.07755827886359,45.069848508306706,-3.2344212612889063,-0.6164532569719077
2022-12-14,45.99648061875843,44.17663876862594,-1.8198418501324884,0.4003850092940061,0.5032588109935743,0.6379224540863925,45.21172600054218,46.78123523697469,43.190251499078535,45.16302603817335,-3.0701698601418177,-0.5695138401231592
2022-12-15,46.09231301533906,44.21294539892902,-1.8793676164100384,0.45644050723857393,0.4841556741975184,0.6201825592254779,45.197689621151454,46.98693640952666,43.264000277501886,45.16189052035616,-3.094925432491975,-0.6638098003281017
2022-12-16,46.057331323017635,44.244941838374686,-1.8123894846429496,0.4388965999592329,0.4642108749890053,0.611467677961918,45.19709398709754,46.91756865893773,43.33508852339624,45.154795153353135,-3.010866133448309,-0.6139128358375903
2022-12-17,46.026647099933804,44.153631285827736,-1.8730158141060647,0.42054705141725307,0.5011774433541534,0.5966575852447675,45.20237487915599,46.85091932071162,43.171323496853596,45.135939074801875,-3.042464681185809,-0.7035669470263204
2022-12-18,45.999697203662755,44.07379771246099,-1.925899491201774,0.40184051029928475,0.5182801563884336,0.5780688564594173,45.212089803476154,46.78730460384936,43.05796860593966,45.08962681898232,-3.0589144498622316,-0.7928845325413161
2022-12-19,45.976000992352766,44.00389894897858,-1.9721020433741812,0.3831020878431766,0.5228063800349576,0.5570693697200754,45.22512090018014,46.726881084525395,42.97919844411006,45.0285994538471,-3.063958008025529,-0.8802460787228334
2022-12-20,45.95556231755249,43.943145942653864,-2.0124163748986277,0.36461813612604377,0.5196088896696278,0.5347602429720566,45.240910770745444,46.67021386435954,42.924712518901394,44.96157936640633,-3.0605464511238587,-0.9642862986733967
2022-12-21,45.93754783672978,43.8898768975397,-2.047670939190079,0.34657599475272277,0.510754020524428,0.5117411605781182,45.25825888701444,46.61683678644511,42.88879901731182,44.89095477776758,-3.0506836139231908,-1.0446582644569673
2022-12-22,45.921649083886265,43.84309756839369,-2.078551515492573,0.32907309025584847,0.498062544070425,0.48850208916568827,45.276665826984804,46.56663234078773,42.86689498201566,44.81930015477172,-3.036015610257322,-1.121087420727824
2022-12-23,45.907601604383146,43.80196197750808,-2.105639626875069,0.3121746575036405,0.482798453794862,0.46539313394738463,45.29573927567601,46.51946393309028,42.855677008070145,44.74824694694601,-3.0178101694119426,-1.193469084338195
2022-12-24,45.89517756233934,43.765746568906664,-2.129430993432677,0.2959220003699203,0.465861908682028,0.4426637373089899,45.3151704416143,46.475184683064384,42.85265722788989,44.678835909923436,-2.9970519185582973,-1.261810068307057
2022-12-25,45.884179845887324,43.733829724663686,-2.1503501212236342,0.28033853630328043,0.44790497910958543,0.4204898369862355,45.334716314732894,46.433643377041754,42.8559359656089,44.61172348371847,-2.974510201716656,-1.3261900407306126
2022-12-26,45.8744373103843,43.828078366238046,-2.0463589441462573,0.2654342819892548,0.48809691608946815,0.4818257991806472,45.354186117685366,46.39468850308324,42.871408410702685,44.78474832177341,-2.9907375105403258,-1.1019803777521888
2022-12-27,45.86580089833982,43.787208789525174,-2.0785921088146466,0.2512092219013361,0.47168122614940206,0.4600509371489035,45.3734308234132,46.35817097326644,42.86271358627235,44.711703992778,-2.9802919456264974,-1.176892272002796
2022-12-28,45.73533444083997,43.87430652416226,-1.8610279166777146,0.42352800963963816,0.49864314196043474,0.7233711769203267,44.90521954194628,46.56544933973366,42.896965965919804,44.85164708240471,-3.2788354234415547,-0.44322040991387435
2022-12-29,45.744626957794026,43.82696052261622,-1.9176664351778046,0.3969593452102183,0.48455577242650205,0.6918947604666291,44.966586641182,46.522667274406054,42.87723120866028,44.77668983657216,-3.273780165692398,-0.5615527046632114
2022-12-30,45.752401543172205,43.78574971305999,-1.9666518301122073,0.3721893444370975,0.4680141453174645,0.6596558612116528,45.02291042807549,46.48189265826892,42.86844198823776,44.70305743788222,-3.2595773180870466,-0.673726342137368
2022-12-31,45.758931023177865,43.7498052504959,-2.009125772681964,0.34908568372380827,0.44997293469283844,0.6273604249507141,45.0747230830792,46.44313896327653,42.86785829849794,44.631752202493864,-3.2387522055853637,-0.7794993397785641
2023-01-01,45.76443306272563,43.71839808803018,-2.046034974695456,0.32752540525510965,0.4311036136358069,0.5954918063551096,45.12248326842561,46.40638285702565,42.873435005303996,44.56336117075636,-3.213198915151471,-0.8788710342394412
2023-01-02,45.76908286379959,43.69091248919012,-2.078170374609472,0.307394902509617,0.41188376696835,0.5643787065974065,45.16658885488074,46.371576872718435,42.883620305932155,44.49820467244808,-3.1843526395403887,-0.9719881096785552
2023-01-03,45.77302254035046,43.543115089295696,-2.2299074510547654,0.2885895349168879,0.5541791688704938,0.6664286122837361,45.20738705191336,46.33865802878756,42.45692391830953,44.629306260281865,-3.536107531130888,-0.92370737097864275
2023-01-04,45.7763681468486,43.5382501848522,-2.2381179619964,0.2710130672176369,0.5192803530343918,0.6241594105345507,45.24518253510203,46.30755375859516,42.52046069290479,44.556039676799614,-3.461470406644119,-1.0147655173486805
2023-01-05,45.77921502006774,43.5336398742341,-2.2455751458336386,0.25457704162825073,0.4868802874138922,0.5848878389821341,45.28024401847637,46.27818602165911,42.57935451090287,44.48792523756533,-3.3919553102386217,-1.0991949814286557
2023-01-06,45.65761911967014,43.65334596102188,-2.004273158648264,0.40274557231878994,0.5538268856242884,0.8407560180844138,44.86823779792531,46.447000441414964,42.56784526519827,44.73884665684548,-3.6521549540937146,-0.35639136320281284
2023-01-07,45.676024242699064,43.63300703280891,-2.0430172098901496,0.3793479027722523,0.5211319951978907,0.7917459911971286,44.93250235326545,46.41954613213268,42.611588322221046,44.65442574339678,-3.5948393526365217,-0.4911950671437775
2023-01-08,45.69180052651269,43.61530995588961,-2.076490570623075,0.35711241262103766,0.4903190809976304,0.7452476858223287,44.99186019777545,46.39174085524992,42.654284557134254,44.57633535464496,-3.5371760348348396,-0.615805106411311
2023-01-09,45.70536394224826,43.59987746095767,-2.1054864812905882,0.3360480624936588,0.4613038061686157,0.701243573833518,45.04670973976069,46.36401814473583,42.695722000867185,44.50403292104816,-3.4799238860042836,-0.7310490765768931
2023-01-10,45.5927237640899,43.58639414230371,-2.0063296217861857,0.4348495913557738,0.4339980513777648,0.7068040385651467,44.74041856503258,46.445028963147216,42.73575796160329,44.43703032300413,-3.391665537373873,-0.620993706198498
2023-01-11,45.494827957727544,43.57459434317279,-1.9202336145547487,0.4843660589516827,0.4083127586072764,0.7002892531223225,44.545470482182246,46.44418543327284,42.77430133630253,44.37488735004305,-3.292800550674501,-0.5476666784349966
2023-01-12,45.40958691940448,43.56425291025952,-1.8453340091449613,0.5085027428720088,0.38415979091978675,0.6858304700429357,44.41292154337535,46.40625229543362,42.81129972005674,44.3172061004623,-3.1895617304291153,-0.5011062878608072
2023-01-13,45.45974275509589,43.55517801206332,-1.904564743032567,0.4923263427813553,0.3614531427242117,0.6599859809082493,44.49478312324443,46.424702386947345,42.84672985232387,44.26362617180278,-3.1981372656127354,-0.6109922204523983
2023-01-14,45.37837400246604,43.54720547434622,-1.8311685281198202,0.5101831313683854,0.3401097130806384,0.6485000711971186,44.378415064984004,46.37833293994807,42.88059043670817,44.213820511984274,-3.102228667666173,-0.5601083885734677
2023-01-15,45.307497037919546,43.54019425251566,-1.767302785403884,0.5148288311684923,0.32004978062636136,0.6313634149947688,44.2984325288293,46.31656154700979,42.91289668248799,44.16749182254333,-3.0047750787936307,-0.5298304920141372
2023-01-16,45.61927744795806,43.13969718276105,-2.479580265197018,0.8209277005945923,0.7670272637998082,1.507860567919188,44.010259154792664,47.22829574112346,41.636323745713426,44.64307061980867,-5.434986978318626,0.4758264479245904
2023-01-17,45.64539313718656,43.166701195576614,-2.478691941609948,0.7837924202527694,0.7408380073603615,1.4410014438131022,44.10915999349113,47.181626280881986,41.714658701150306,44.61874369000292,-5.3030547714836285,0.34567088826373205
2023-01-18,45.86764303160461,43.51045980708052,-2.357183224524084,0.8182793965228029,0.7852841768854834,1.2003644600742331,44.263815414419916,47.4714706487893,41.97130282038498,45.04961679377607,-4.70989756626958,-0.0044688827785868135
2023-01-19,45.87136674303799,43.50799406253417,-2.3633726805038138,0.7870146222309833,0.760699183067217,1.159303608200484,44.328818083465265,47.41391540261071,42.017023663722426,44.99896446134592,-4.635607752576762,-0.09113760843086549
2023-01-20,45.80449898880433,43.53457264292242,-2.269926345881916,0.721515719664551,0.658234688282222,1.029305845365689,44.39032817826181,47.218669799346856,42.24443265388926,44.82471263195558,-4.287365802798666,-0.2524868889651657
2023-01-21,45.78463144245401,43.41750423455389,-2.3671272079001127,0.6484115231482823,0.6780877697518065,0.9520677425841987,44.513744857083374,47.05551802782464,42.08845220584035,44.74655626326743,-4.233179983365142,-0.5010744324350833
2023-01-22,45.728833221836005,43.42089258890639,-2.3079406329296157,0.6714985133799739,0.6605075025940687,0.9586995169471968,44.412696135611256,47.044970308060755,42.12629788382202,44.71548729399076,-4.186991686146121,-0.42888957971311004
2023-01-23,45.67388569647387,43.42430868851043,-2.2495770079634307,0.6888255473397352,0.642429429120391,0.9612622562954124,44.323787623687984,47.02398376925975,42.16514700743446,44.683470369586395,-4.133651030302439,-0.3655029856244225
2023-01-24,45.60975166703329,43.62022399410999,-1.9895276729232942,0.6767069119011011,0.7697969923686707,1.0283328750146805,44.28340611970713,46.93609721435944,42.111421889067394,45.12902609915259,-4.005060107952068,0.02600476210547953
2023-01-25,45.56436739513439,43.61324415274792,-1.951123242386472,0.6844019193205375,0.7500447348385096,1.0128821479001882,44.22293963326614,46.90579515700264,42.14315647246444,45.083331833031394,-3.9363722522708406,0.03412576749789675
2023-01-26,45.519515156038885,43.606273538827644,-1.9132416172112399,0.6888583685118242,0.7297058257398221,0.9956796703974816,44.16935275375571,46.86967755832206,42.176050120377596,45.03649695727769,-3.864773771190304,0.038290536767824124
2023-01-27,45.54470272392923,43.53004393903151,-2.0146587848977204,0.668460471183748,0.763267439483453,1.0271949709314092,44.23452020040908,46.854885247449374,42.03403975764394,45.02604812041908,-4.027960927923282,-0.0013566418721584483
2023-01-28,45.567925885646794,43.45679573194229,-2.111130153704503,0.6474140894106024,0.7866079398831951,1.046941586446185,44.29899427040201,46.836857500891576,41.91504416977123,44.99854729411336,-4.163135663139026,-0.05912464426998021
2023-01-29,45.58932586398131,43.38661328743326,-2.2027125765480426,0.6258768260420439,0.8015297929803524,1.0569831344851046,44.3626072849389,46.81604444302371,41.81561489319177,44.957611681674756,-4.274399520138848,-0.13102563295723746
2023-01-30,45.52982685187143,43.31958376975374,-2.210243082117688,0.6387956559906527,0.8093828910404672,1.0161835876614649,44.27778736612975,46.7818663376131,41.73319330331442,44.90597423619306,-4.2019629139341585,-0.2185232503012169
2023-01-31,45.473362600508594,43.25578595388551,-2.2175766466230864,0.6455126894098193,0.8112379708466273,0.9759538986199421,44.208157729265345,46.73856747175184,41.66575953102612,44.845812376744895,-4.130446287918173,-0.3047070053279999
2023-02-01,45.33457840434791,43.28063690889992,-2.05394149544799,0.7766673040178966,0.7810043877079171,1.0770572534085119,43.81231048847283,46.856846320222985,41.749868308992404,44.81140550880744,-4.164973712128674,0.05709072123269321
2023-02-02,45.20468800404042,43.30295744913947,-1.901730554900952,0.8612490159628111,0.7507029260070924,1.1421824371772935,43.51663993275331,46.892736075327534,41.83157971416557,44.77433518411337,-4.140408131768448,0.33694702196654314
2023-02-03,45.174473271637794,43.3230025838715,-1.8514706877662959,0.8294879724110586,0.7205142684088174,1.102461881368695,43.548676845712116,46.80026969756347,41.910794617790216,44.73521054995278,-4.0122959752489376,0.30935459971634627
2023-02-04,45.14551731290964,43.340994812576085,-1.804522500333554,0.7981081057669129,0.6905948707198601,1.0624202649252565,43.58122542560649,46.70980920021279,41.98742886596516,44.69456075918701,-3.886866219587057,0.2778212189199487
2023-02-05,45.11794422171144,43.35713125919747,-1.7608129625139681,0.7671147094846158,0.6610797795615039,1.0222489274387612,43.614399391121594,46.621489052301285,42.06141489125692,44.65284762713802,-3.76442086029394,0.2427949352660037
2023-02-06,45.222454468772625,43.458247623481824,-1.7642068452907969,0.7255144735103151,0.5883574741872666,0.8723895178991556,43.800446100692405,46.644462836852846,42.305066974074784,44.611428272888865,-3.474090300373142,-0.054323390208451894
2023-02-07,45.192600518613155,43.463024220940085,-1.729576297673071,0.7051274960862582,0.5649871574500869,0.8448694428307673,43.81055062628409,46.57465041094222,42.35564939233792,44.57039904954225,-3.385520405621375,-0.07363218972476737
2023-02-08,45.16383330553297,43.467163570699284,-1.6966697348336814,0.6842172714578131,0.5419255940591932,0.8168989398641819,43.822767453475656,46.50489915759028,42.40498940634327,44.5293377350553,-3.297791656967478,-0.09554781269988477
2023-02-09,45.226684738061635,43.38031798826366,-1.8463667497979768,0.6783496792958346,0.5907056944129806,0.9067012769773131,43.8971193666418,46.55625010948147,42.22253482721422,44.53810114931311,-3.6235012526735106,-0.06923224692244312
2023-02-10,45.37695140706193,43.29993492230847,-2.077016484753459,0.7908786635061051,0.6213558906388672,1.120880284459833,43.826829226589965,46.9270735875339,42.082077376656294,44.51779246796065,-4.2739418422947315,0.11990887278781326
2023-02-11,45.418785710864505,43.225682441178364,-2.193103269686138,0.7609033101943118,0.6390997115428031,1.1232945586858003,43.92741522288365,46.91015619884536,41.97304700655447,44.47831787580226,-4.3947606047103065,0.00855406533803027
2023-02-12,45.358874639029494,43.25525972496222,-2.1036149140672715,0.7453600738965596,0.6130922051415701,1.0962444497189499,43.89796889419224,46.81978038386675,42.053599002884745,44.4569204470397,-4.252254035516414,0.045024207381870074
2023-02-13,45.20400130652588,43.28156174830392,-1.9224395582219576,0.8486491191773788,0.5870008971520566,1.169349871305346,43.54064903293822,46.867353580113544,42.13103998988589,44.43208350672195,-4.214365305980436,0.3694861895365207
2023-02-14,45.16571751825558,43.30495184389967,-1.8607656743559085,0.8126925343947979,0.5610657825998029,1.1210892753638728,43.57284015084178,46.75859488566939,42.20526291000406,44.40464077779529,-4.058100654069099,0.33656930535728224
2023-02-15,45.13061033734325,43.32574755169296,-1.804862785650287,0.7773035774668637,0.5354763711678944,1.0729628662660569,43.6070953255082,46.6541253491783,42.27621386420389,44.37528123918204,-3.9078700035317584,0.29814443223118436
2023-02-16,45.204642002268734,43.34422902136593,-1.8604129809028007,0.7630110155668324,0.5103815848022304,1.0255241391988845,43.709140411757744,46.700143592779725,42.343881115153565,44.3445769275783,-3.8704402937326146,0.1496143319270129
2023-02-17,45.16272517568888,43.36064510757743,-1.8020800681114428,0.7320915020426064,0.48589718745458,0.9835388981404611,43.727825831685365,46.59762451969239,42.40828662016646,44.31300359498841,-3.729816308466747,0.12565617224386094
2023-02-18,45.124941200089374,43.37521790357768,-1.7497232965116933,0.7010795936014519,0.4621115635662145,0.9412951323902918,43.75082519663053,46.49905720354822,42.469479238987894,44.28095656816746,-3.5946617559966656,0.0952151629732787
2023-02-19,44.98006080672521,43.38814621077344,-1.5919145959517709,0.7829999573041172,0.4390903499601753,0.997166854055215,43.44538089040914,46.514740723041285,42.5275291248515,44.24876329669539,-3.5463616298999923,0.3625324379964505
2023-02-20,44.33686901256573,43.80823667613122,-0.5286323364345069,1.380052701201796,0.8740796801862483,2.173240823180036,41.63196571821021,47.041772306921246,42.09504050296618,45.52143284929627,-4.788184349867377,3.7309196769983632
2023-02-21,44.28033774232293,43.785414547958666,-0.4949231943642656,1.3316462301590832,0.8430858067591339,2.08417425243025,41.67031113121112,46.890364353434734,42.13296636671076,45.43786272920657,-4.579904729127556,3.590058340399024
2023-02-22,44.31767539361161,43.70363578175906,-0.6140396118525452,1.3468133257432526,0.8602995708578247,2.1174404477581548,41.67792127515483,46.95742951206839,42.01744862287772,45.3898229406404,-4.764222889458528,3.5361436657534377
2023-02-23,44.3285137741863,43.63884031310498,-0.6896734610813148,1.286815723227563,0.9149615451278005,2.0940949158226556,41.80635495666027,46.850672591712325,41.84551568465449,45.43216494155547,-4.794099496093719,3.4147525739310898
2023-02-24,44.36848701519688,43.537667500251835,-0.8308195149450435,1.2404394960567744,0.9384015336285377,2.061719047783662,41.9372256029256,46.79974842746815,41.6984004943399,45.37693450616377,-4.871788848601021,3.2101498187109336
2023-02-25,44.28073715074164,43.75211127495971,-0.5286258757819347,1.1198856332160605,0.9390545926772809,1.9444241182818114,42.085761309638166,46.47571299184512,41.91156427331224,45.59265827660718,-4.3396971476142845,3.2824453960504156
2023-02-26,44.318302125272695,43.738063905381054,-0.5802382198916437,1.0873817931473435,0.9054080997091924,1.8834892017169196,42.1870338107039,46.44957043984149,41.963464029951034,45.512663780811074,-4.271877055256806,3.1114006154735185
2023-02-27,44.74279015129137,43.707166968769734,-1.035623182521637,1.1882120097280366,0.7720054163269214,1.7852249039996069,42.413894612224425,47.07168569035832,42.19403635276897,45.2202975847705,-4.534663994360867,2.4634176293175924
2023-02-28,44.74722942836109,43.69672291551498,-1.0505065128461102,1.1518446401295588,0.7486407276093213,1.7315558869392813,42.489613933707155,47.00484492301502,42.22938708940071,45.164058741629255,-4.444356051247102,2.343343025554881
2023-03-01,44.751375609998114,43.68600079082761,-1.0653748191704961,1.1149987658726968,0.7251096586325266,1.6771368342882642,42.56597802888763,46.9367731911086,42.26478585990786,45.107215721747366,-4.3525630143754945,2.221813376034502
2023-03-02,44.755242961768516,43.6751264798159,-1.0801164819526212,1.0778139661077475,0.7014574990407825,1.6221619041616226,42.64272758819733,46.8677583353397,42.30026978169597,45.049983177935836,-4.259553814109402,2.099320850204159
2023-03-03,44.75343207753068,43.69185166696444,-1.0615804105662392,1.0498960569650768,0.646191096824723,1.5500588795670496,42.695635805879135,46.81122834918223,42.42531711718798,44.9583862167409,-4.0996958145176565,1.976534993385178
2023-03-04,44.82963695266435,43.68035390009286,-1.1492830525714937,1.0513995132753122,0.6262933530867976,1.5344003610466317,42.76889390664474,46.89037999868396,42.45281892804274,44.90788887214298,-4.156707760222892,1.8581416550799046
2023-03-05,44.90226400525056,43.59066215458848,-1.3116018506620795,1.04696880284253,0.6841775279437957,1.5909781525546154,42.8502051516792,46.95432285882192,42.24967419981864,44.931650109358316,-4.429919029669126,1.8067153283449668
2023-03-06,44.889868920944494,43.58694582963241,-1.3029230913120837,1.0083040839031323,0.6581571150085659,1.5312056749272271,42.91359291649435,46.866144925394636,42.29695788421562,44.8769337750492,-4.304086214169449,1.6982400315452815
2023-03-07,44.87887030926999,43.58275275085155,-1.2961175584184492,0.9698542885543476,0.6325084212387315,1.4719943485660152,42.97795590370347,46.77978471483652,42.34303624522364,44.82246925647946,-4.181226481607839,1.5889913647709404
2023-03-08,44.86910666380253,43.57821873053404,-1.2908879332684982,0.9317437650794531,0.6072644389320851,1.413494320933936,43.04288888424681,46.69532444335826,42.38798043022715,44.76845703084093,-4.061336802299012,1.479560935762016
2023-03-09,44.82874217292659,43.8144212634743,-1.01432090945229,0.8566694162787135,0.9308947973030568,1.5431901598960547,43.14967011702031,46.50781422883287,41.98986746076031,45.638975066188294,-4.038973622848557,2.010331803943977
2023-03-10,44.82395793547487,43.792991644047426,-1.0309662914274444,0.823950142449891,0.8999516745372572,1.4864433871645233,43.20901565627309,46.43890021467666,42.0290863619544,45.55689692614045,-3.94439533026991,1.882462747415021
2023-03-11,44.819792076157675,43.77210918536313,-1.047682890794548,0.7915377611679929,0.868903530038082,1.4301402447225202,43.26837806426841,46.37120608804694,42.06905826648849,45.475160104237766,-3.8507577704506875,1.7553919888615916
2023-03-12,44.816173523335415,43.75189632860544,-1.0642771947299756,0.7595293277225341,0.8378469360084068,1.374424762162032,43.32749604099925,46.30485100567158,42.10971633402896,45.39407632318192,-3.7581497285675587,1.6295953391076072
2023-03-13,44.90622981044116,43.63926226769212,-1.2669675427490452,0.78192538438953,0.8839352913387325,1.4711511511839601,43.373656057037685,46.43880356384464,41.9067490966682,45.371775438716035,-4.150423799069607,1.6164887135715167
2023-03-14,44.98910996059878,43.53507979207326,-1.4540301685255181,0.7923056680945242,0.9112256382644839,1.52992120109768,43.43619085113352,46.542029070064046,41.749077541074875,45.32108204307165,-4.452675722676971,1.5446153856259344
2023-03-15,45.16335700353745,43.34081316742805,-1.822543836109394,0.928254151319956,1.063026259087715,1.8578512463653627,43.34397886695034,46.98273514012456,41.25728169961613,45.424344635239976,-5.463932278985505,1.818844606766717
2023-03-16,45.3224850378274,43.162941993305935,-2.1595430445214574,1.0103035082147884,1.1556357264200625,2.0548284595265427,43.34229016172641,47.30267991392839,40.897895969522615,45.427988017089255,-6.187006825193482,1.8679207361505665
2023-03-17,45.36512255621332,43.1028191772102,-2.2623033790031206,0.9695390302563798,1.1168907324883603,1.9809766438921061,43.464826056910816,47.26541905551583,40.91371334153301,45.29192501288739,-6.145017601031649,1.6204108430254074
2023-03-18,45.40463923287541,43.04704569451245,-2.357593538362964,0.9292775476160705,1.0773898232892234,1.9066262365074724,43.58325523954791,47.22602322620291,40.93536164086557,45.158729748159324,-6.09458096191761,1.379393885191682
2023-03-19,45.33489861003092,43.10171958060417,-2.2331790294267493,0.900503813312791,1.031080135690293,1.8356370432205806,43.56991113593785,47.09988608412399,41.0808025146512,45.12263664655714,-5.831027634139087,1.3646695752855886
2023-03-20,45.346034909890456,43.13958241092932,-2.2064524989611325,0.8664287521358706,0.965709785738913,1.7085617375157105,43.64783455570415,47.04423526407676,41.24679123088105,45.03237359097759,-5.555233504491925,1.14232850656966
2023-03-21,45.38952615500734,43.18087153998329,-2.2086546150240474,0.8336829182156127,0.9226369493921959,1.6209378027336665,43.75550763530474,47.02354467470994,41.37250311917459,44.989239960792,-5.385692708382034,0.9683834783339389
2023-03-22,45.32179070663241,43.217307374235446,-2.1044833323969736,0.8112304632935248,0.8800666490460191,1.5614149413482323,43.731778998577106,46.91180241468772,41.49237674210525,44.94223800636564,-5.164856617439509,0.9558899526455615
2023-03-23,45.20656511269252,43.46518069459108,-1.741384418101437,0.7799508264984831,1.107336158893317,1.7286619518303008,43.6778614927555,46.73526873262955,41.294801823160185,45.63555956602198,-5.129561843688826,1.6467930074859525
2023-03-24,45.161708872626875,43.47315530888445,-1.6885535637424243,0.7509401726950413,1.054801730609452,1.6492508058027047,43.689866134144594,46.633551611109155,41.405743916889925,45.540566700878976,-4.921085143115725,1.5439780156308769
2023-03-25,45.121564011140734,43.47958851959415,-1.641975491546583,0.721095726038876,1.0040535838553648,1.5715784722835981,43.70821638810454,46.53491163417693,41.511643495237635,45.44753354395067,-4.722269297222436,1.4383183141292695
2023-03-26,45.08566348852353,43.48472247940534,-1.6009410091181866,0.6908652468847805,0.9551284611814923,1.4959549054966514,43.73156760462936,46.4397593724177,41.61267069548962,45.356774263321064,-4.533012623891623,1.33113060565525
2023-03-27,45.04560797512544,43.63764574720915,-1.4079622279162947,0.5630706581802847,0.8174373586768009,1.2450953423976554,43.94198948509209,46.1492264651588,42.03546852420262,45.23982297021568,-3.848349099015699,1.0324246431831097
2023-03-28,45.024556055921195,43.71259745738219,-1.3119585985390099,0.5439386046039412,0.8195180255300364,1.2326282945713438,43.95843639089747,46.09067572094492,42.10634212734332,45.31885278742106,-3.7279100558988434,1.1039928588208239
2023-03-29,45.00486819842462,43.69625024240087,-1.3086179560237456,0.5245469161074312,0.7883758275100646,1.1808798500616637,43.97675624285405,46.03298015399518,42.151033620481144,45.2414668643206,-3.6231424621446067,1.0059065500971152
2023-03-30,44.9865102159571,43.68068313225764,-1.3058270836994559,0.5050086306510481,0.7575499834068244,1.1301467371031526,43.996693299881045,45.97632713203315,42.195885164780265,45.16548109973502,-3.5209146884216347,0.9092605210227231
2023-03-31,44.60760920376152,43.769245190211294,-0.8383640135502333,0.7288930632767388,0.7591696909459189,1.3290324264924172,43.17897879973911,46.036239607783926,42.28127259595729,45.2572177844653,-3.443267569475371,1.7665395423749044
2023-04-01,44.61693951102552,43.68430931008819,-0.9326302009373357,0.7066029566009338,0.8027438657388121,1.3379579475540095,43.23199771608769,46.00188130596335,42.11093133324012,45.25768728693626,-3.5550277781431943,1.6897673762685228
2023-04-02,44.626407062602645,43.60228615285762,-1.0241209097450275,0.6841058909771693,0.8341004472678556,1.339753364056953,43.28555951628739,45.9672546089179,41.967449276212626,45.23712302950262,-3.650037503296655,1.6017956838066005
2023-04-03,44.63592375720695,43.52335265827832,-1.1125710989286386,0.6614643839275753,0.8554517272397659,1.3351307251870141,43.339453564708904,45.932393949705,41.84666727288838,45.20003804366826,-3.729427320295186,1.504285122437909
2023-04-04,44.64540716300893,43.52792408492456,-1.1174830780843799,0.6387456067205567,0.8208216566453971,1.2846510441811305,43.393465773836645,45.89734855218122,41.91911363789958,45.136734531949536,-3.6353991246793957,1.400432968510636
2023-04-05,44.73812852958317,43.531073089762806,-1.2070554398203648,0.6924469273679692,0.7868500940873318,1.2775633773706934,43.38093255194195,46.09532450722439,41.988846905351636,45.073299274173976,-3.7110796594669235,1.2969687798261942
2023-04-06,44.82522725171095,43.53303942333861,-1.2921878283723403,0.7280227621213481,0.7535814664552595,1.2644392422690982,43.39830263795311,46.25215186546879,42.056019749086296,45.01005909759092,-3.7704887432197727,1.1861130864750922
2023-04-07,44.906832674231445,43.534029334031644,-1.3728033401998052,0.7501834560306555,0.7210607317044742,1.2461221647823084,43.43647310041136,46.37719224805153,42.12075029989087,44.947308368172415,-3.81520278317313,1.0695961027735195
2023-04-08,44.89114347994265,43.53422088592586,-1.35692259401679,0.7173427031904579,0.6893315122734498,1.192426193601155,43.48515178168935,46.297135178195944,42.1831311218699,44.885310649981825,-3.6940779334750538,0.9802327454414739
2023-04-09,44.87755664898498,43.53376790649977,-1.3437887424852093,0.6851936319050927,0.6584345617328092,1.1398592670729297,43.534577130451,46.22053616751896,42.24323616550346,44.824299647496076,-3.5779129059481516,0.890335420977733
2023-04-10,44.884962870653375,43.65545223268293,-1.2295106379704441,0.6018473573448553,0.647037695895522,1.0298216843242158,43.70534205025746,46.06458369104929,42.38725834872771,44.92364611663815,-3.2479611392459073,0.7889398633050189
2023-04-11,44.87487073928658,43.56030351997978,-1.314567219306799,0.5776874425817656,0.7018627839346511,1.0339686670681354,43.74260335182632,46.00713812674684,42.18465246346787,44.935954576491696,-3.341145806760344,0.7120113681467461
2023-04-12,44.865826198065086,43.47105347316012,-1.3947727249049666,0.5538338887330041,0.737972485674317,1.0308524001785588,43.780311776148395,45.95134061998178,42.024627401238455,44.91747954508178,-3.415243429254942,0.6256979794450086
2023-04-13,44.81406385784421,43.54932911743558,-1.264734740408625,0.7030463794678444,0.8811723729893329,1.418587351129654,43.436092954087236,46.192034761601185,41.82223126637649,45.276426968494675,-4.045165948622747,1.515696467805497
2023-04-14,44.893630687759114,43.46670315214697,-1.4269275356121442,0.7285089445108275,0.8957364076266121,1.4770418021461398,43.46575315651789,46.321508219000336,41.71105979319881,45.22234651109513,-4.3219294678185785,1.4680743965942897
2023-04-15,44.968367786454984,43.476937223238494,-1.4914305632164953,0.7434545937806523,0.857092457645223,1.436726725552741,43.5111967826449,46.425538790265065,41.797036006253855,45.15683844022313,-4.307414945299867,1.324553818866877
2023-04-16,44.9471877465576,43.485137714019714,-1.462050032537885,0.7121983969967864,0.8193332115498729,1.3751460839991059,43.5512788884439,46.3430966046713,41.879244619381964,45.091030808657464,-4.157336357176132,1.2332362921003623
2023-04-17,44.88638719993498,43.402885250279866,-1.4835019496551203,0.7281805461837025,0.763213834774181,1.33609690270227,43.459153329414924,46.313621070455035,41.90698613412247,44.89878436643726,-4.10225187895157,1.135247979641329
2023-04-18,44.954408390124286,43.33406204921303,-1.6203463409112597,0.742310425152357,0.7750084532599099,1.3775382541490504,43.49947995682567,46.409336823422905,41.815045480823606,44.853078617602456,-4.320321319043399,1.0796286372208792
2023-04-19,45.01911809181801,43.26865805143417,-1.75046004038384,0.7494798925507451,0.7800901821959468,1.4026688046498699,43.55013750241855,46.488098681217465,41.73968129433012,44.79763480853823,-4.499690897497585,0.9987708167299048
2023-04-20,44.79962503901542,43.46061686985539,-1.339008169160026,0.8420199049652459,0.8364481212549438,1.5976237425798174,43.14926602528354,46.4499840527473,41.821178552195704,45.10005518751508,-4.470350704616468,1.792334366296416
2023-04-21,44.79070699512827,43.470719148557194,-1.3199878465710742,0.8112567360489589,0.806131748867655,1.5392558727807462,43.200643792472306,46.38077019778423,41.89070092077659,45.0507373763378,-4.3369293572213365,1.6969536640791885
2023-04-22,44.858287046900855,43.47911914459884,-1.379167902302016,0.8250162483688556,0.7759934881374146,1.5047374824352606,43.241255200097896,46.475318893703815,41.958171907849504,45.00006638134818,-4.328453367875127,1.5701175632710949
2023-04-23,44.92354395167155,43.486034207061145,-1.4375097446104013,0.8325783987039389,0.7461107226876154,1.4687574562879395,43.291690290211825,46.55539761313127,42.02365719059342,44.94841122352887,-4.316274358934763,1.4412548697139602
2023-04-24,44.65162086917177,42.87792270713805,-1.7736981620337213,1.150263356442658,1.6929583972182911,1.5078791651394279,42.39710469054416,46.90613704779938,39.5597242485902,46.196121165685895,-4.729141325707,1.1817450016395574
2023-04-25,44.453919596645505,42.82900417271885,-1.6249154239266543,1.2602334514534768,1.5440554587933228,1.4299938147656532,41.98386203179669,46.92397716149432,39.80265547348393,45.85535287195376,-4.427703300867335,1.177872453014026
2023-04-26,44.53063429444686,42.868707884238844,-1.6619264102080145,1.2641034566076095,1.5083975612623108,1.3964758975911924,42.05299151949595,47.00827706939778,39.912248664164714,45.825167104312975,-4.399019169486751,1.0751663490707224
2023-04-27,44.65540861411041,42.984600867842964,-1.6708077462674389,1.232283939519141,1.4427845388139653,1.3058227624568313,42.24013209265289,47.07068513556792,40.156743171767594,45.812458563918334,-4.230220360682829,0.8886048681479504
2023-04-28,44.7907162489387,43.01576193194283,-1.7749543169958673,1.3095599962677182,1.4058470376337793,1.3313198903197356,42.223978656253976,47.357453841623425,40.26030173818063,45.77122212570504,-4.384341302022549,0.8344326680308145
2023-04-29,44.850296487321444,42.97424306452573,-1.8760534227957133,1.2901664119960279,1.3688801056418796,1.3469954661319103,42.321570319809226,47.37902265483366,40.291238057467645,45.657248071583815,-4.516164536414258,0.7640576908228311
2023-04-30,44.76640105051648,43.225234812690424,-1.5411662378260562,1.2781275262661613,1.5348230153735831,1.8296009098556798,42.2612710990348,47.271531001998156,40.2169817025582,46.23348792282265,-5.127184021143188,2.0448515454910763
2023-05-01,44.755876041935394,43.174838079987104,-1.5810379619482915,1.233334847350404,1.4997674042120375,1.7796646577729682,42.3385397411286,47.17321234274219,40.23529396773151,46.1143821922427,-5.069180691183309,1.907104767286726
2023-05-02,44.80636210189147,43.16102543605504,-1.6453366658364297,1.1537304215719955,1.4041778822592608,1.6563172273179458,42.54505047561036,47.067673728172586,40.40883678682689,45.913214085283194,-4.891718431379603,1.601045099706744
2023-05-03,44.86875701990522,43.11610496422863,-1.7526520556765808,1.143654873537101,1.3715608873427547,1.658828152659687,42.6271934677725,47.110320572037935,40.42784562503683,45.804364303420435,-5.003955234889568,1.498651123536406
2023-05-04,44.92951311108113,43.14758216324426,-1.781930947836869,1.130224458969389,1.330235293741738,1.608266063010128,42.71427317150113,47.14475305066113,40.540320987510455,45.75484333897806,-4.934132431336719,1.3702705356629816
2023-05-05,44.98841516097489,43.17685910340659,-1.8115560575682985,1.1136958229770924,1.2879961128809083,1.5573457056684639,42.80557134793979,47.17125897400999,40.65238672216001,45.701331484653174,-4.863953640678488,1.2408415255418905
2023-05-06,45.045262278327456,43.204061740183,-1.841200538144454,1.0943392413761783,1.2450887599424436,1.5061666897216082,42.90035736523015,47.19016719142476,40.76368777069581,45.64443570967019,-4.793287249998806,1.1108861737098978
2023-05-07,45.040067295738304,43.27274356187986,-1.7673237338584453,1.1299955060095161,1.2225657718120397,1.5894402681146889,42.82527610395965,47.254858487516955,40.87651464912826,45.66897247463145,-4.882626659363235,1.3479791916463446
2023-05-08,45.09550794957755,43.20698483231019,-1.8885231172673627,1.1061868743624124,1.19734699150131,1.5888764432524642,42.92738167582722,47.263634223327884,40.860184728967624,45.55378493565276,-5.002720946042192,1.2256747115074673
2023-05-09,45.14847489397312,43.23405901289596,-1.914415881077166,1.08018413981253,1.1534389700673235,1.5301700101913407,43.03131397994056,47.26563580800568,40.973318631564005,45.49479939422792,-4.913549101052194,1.0847173388978615
2023-05-10,45.198849030174,43.258798688585806,-1.9400503415882007,1.0522901630953485,1.1095238524135018,1.4720222217759313,43.13636031050712,47.261337749840884,41.08413193785534,45.43346543931627,-4.825213896269026,0.9451132130926245
2023-05-11,45.24654691804758,43.28137536941858,-1.9651715486289987,1.0228075253755464,1.0658196739164263,1.4145574040952946,43.24184416831151,47.25124966778365,41.19236880854239,45.370381930294776,-4.737704060655776,0.8073609633977787
2023-05-12,45.291520154332105,43.398316866931594,-1.8932032874005125,0.9920332863155897,1.0808667381105006,1.3672297107366778,43.347134913153546,47.23590539551066,41.279818060235016,45.51681567362817,-4.572973520444401,0.7865669456433757
2023-05-13,45.53567023028539,43.36327989334977,-2.172390336935619,1.184666742157903,0.9693419714717365,1.5143660377748962,43.2137234156559,47.85761704491488,41.463369629265166,45.26319015743437,-5.140547770974416,0.7957670971031776
2023-05-14,45.754723509227354,43.23126274323446,-2.5234607659928963,1.169201879008055,0.934269326884604,1.594481045323233,43.46308782637156,48.046359192083145,41.400094862540634,45.062430623928286,-5.648643614826433,0.6017220828406402
2023-05-15,45.760287514660384,43.168817754405836,-2.5914697602545465,1.1288901943334737,0.9224416314685536,1.5530995943291344,43.54766273376678,47.97291229555399,41.36083215672747,44.976803352084204,-5.635544965139649,0.45260544463055696
2023-05-16,45.76521081422775,43.11060020691872,-2.654610607309034,1.0885377138697154,0.9067398825555619,1.5091179390019591,43.63167689504311,47.89874473341239,41.333390037109815,44.88781037672762,-5.6124817677528736,0.3032605531348058
2023-05-17,45.769559128165355,43.05641314094223,-2.713145987223122,1.0482909596174594,0.8878533143112834,1.4630905289543392,43.71490884731514,47.82420940901557,41.31622064489212,44.796605636992346,-5.580803423973627,0.15451144952738316
2023-05-18,45.54210760955702,43.103180086134365,-2.4389275234226524,0.9837153430959601,0.7811601197829628,1.3818084379972535,43.61402553708894,47.4701896820251,41.572106251359756,44.634253920908975,-5.147272061897269,0.26941701505196436
2023-05-19,45.55864623816999,43.060626630560776,-2.4980196076092165,0.9555974401922799,0.7710685545710818,1.356201028353974,43.68567525539312,47.43161722094686,41.54933226360146,44.571920997520095,-5.1561736231830055,0.16013440796457257
2023-05-20,45.574701574217386,43.095129502138484,-2.479572072078901,0.926873510048102,0.7517600534470346,1.311255570261633,43.75802949452311,47.391373653911664,41.6216797973823,44.56857920689467,-5.049632989791702,0.09048884563389947
2023-05-21,45.511594441604345,43.048805102317694,-2.4627893392866502,0.9196900264575549,0.7420433068919045,1.2660331589661085,43.709001989747534,47.314186893461155,41.59440022080956,44.503209983825826,-4.944214330860223,0.018635652286922433
2023-05-22,45.53419640688843,43.08667742938462,-2.4475189775038033,0.8901592302488718,0.7231179767482738,1.2207116905805124,43.78948431560064,47.278908498176214,41.669366194958,44.50398866381124,-4.840113891041607,-0.054924063965998915
2023-05-23,45.55546216309235,43.12183185064416,-2.433630312448191,0.8602396262484656,0.7027889299663818,1.1754653669244113,43.86939249564536,47.241531830539344,41.74436554791006,44.49929815337827,-4.737542431620037,-0.1297181932763447
2023-05-24,45.51057653896965,43.1456243604365,-2.3649521785331498,0.8954778560423041,0.6699347397285875,1.154536206892092,43.75543994112674,47.265713136812565,41.83255227056847,44.45869645030453,-4.62784314404165,-0.10206121302464988
2023-05-25,45.270221396541075,43.2785699952853,-1.9916514012557684,0.9957206204620196,0.6349777109512228,1.3349871675259795,43.31860898043551,47.221833812646636,42.03401368182091,44.523126308749696,-4.608226249606688,0.6249234470951512
2023-05-26,45.1834661923323,43.15779208631307,-2.02567410601922,0.9879695401679394,0.6412704966428142,1.2772785088329783,43.247045893603136,47.11988649106146,41.900901912893154,44.41468225973299,-4.5291399833318575,0.47779177129341743
2023-05-27,45.15066885045083,43.11245015819317,-2.038218692257656,0.9619213336153752,0.643000372371801,1.239351905564179,43.265303036564696,47.03603466433696,41.85216942834444,44.3727308880419,-4.467348427163447,0.3909110426481348
2023-05-28,45.120122716530894,43.06883472534075,-2.0512879911901405,0.9346788906047218,0.6414472097339711,1.2010089000324595,43.28815209094564,46.95209334211615,41.81159819426217,44.32607125641933,-4.405265435253761,0.30268945287348004
2023-05-29,45.091701605436114,43.10256276196671,-1.989138843469406,0.9064646978560751,0.6276694353950801,1.1763926527531074,43.31503079763821,46.86837241323402,41.872330668592355,44.332794855341064,-4.294868442865496,0.3165907559266845
2023-05-30,45.06529730660802,43.134178418216436,-1.931118888391579,0.8774891067463227,0.6124697725102409,1.1487526189364534,43.345418657385224,46.78517595583081,41.93373766409636,44.33461917233651,-4.182674021507028,0.32043624472386956
2023-05-31,45.040812899537784,43.163767741421864,-1.8770451581159144,0.8479515025023746,0.5960896272213432,1.118622706632051,43.37882795463313,46.702797844442436,41.995432072068034,44.332103410775694,-4.069545663114734,0.31545534688290555
2023-06-01,45.018158003783505,43.191405704069226,-1.8267522997142747,0.8180403921891112,0.5787485768532973,1.0864804443692035,43.414798835092846,46.621517172474164,42.05705849343676,44.32575291470169,-3.9562539706779134,0.3027493712493641
2023-06-02,45.08515035218253,43.21716209463564,-1.8679882575468876,0.8159046219857368,0.5606480517838008,1.0515443352278262,43.485977293090485,46.684323411274576,42.11829191313939,44.31603227613189,-3.9290151545934267,0.19303863949965172
2023-06-03,45.14738977847975,43.24110546849723,-1.906284309982518,0.808346044208938,0.5419733053293379,1.0158321526273393,43.563031531830234,46.731748025129264,42.17883779005173,44.30337314694273,-3.8973153291321028,0.08474670916706706
2023-06-04,45.20520972441908,43.16994224643604,-2.0352674779830378,0.7964822489944797,0.5623951034239868,1.0550098499192735,43.644104516389895,46.76631493244826,42.06764784372502,44.272236649147054,-4.103086783824814,0.032551827858738225
2023-06-05,45.25868790711397,43.200627356209,-2.058060550904977,0.7810775129261962,0.5440725852292544,1.0107960841959045,43.72777598177863,46.78959983244932,42.134245089159656,44.26700962325834,-4.03922087592895,-0.07690022588100409
2023-06-06,45.20981392779467,43.22862033814983,-1.9811935896448356,0.7580154157605788,0.5250225118726873,0.9896730964080588,43.72410371290393,46.69552414268541,42.199576214879364,44.2576644614203,-3.9209528586046307,-0.04143432068504049
2023-06-07,44.952410899406296,42.717423004175686,-2.234987895230613,0.8007776357778964,0.9493176084401597,0.874765356320932,43.382886733281616,46.521935065530975,40.856760491632976,44.578085516718396,-3.9495279936196397,-0.5204477968415864
2023-06-08,44.9815343025113,42.88925148716143,-2.0922828153498667,0.7904176677061998,1.0562427892711546,1.039220182167044,43.432315673807146,46.53075293121545,40.819015620189965,44.9594873541329,-4.129154372397273,-0.05541125830246063
2023-06-09,45.0360567630081,42.92850324452014,-2.1075535184879572,0.7916128000463738,1.0331177681629686,1.0057958342438316,43.484495674917206,46.58761785109899,40.90359241892072,44.95341407011956,-4.078913353605867,-0.13619368337004745
2023-06-10,45.010657226156944,42.96657210121682,-2.0440851249401266,0.7641632020278056,1.0084926704649997,0.9938330049519578,43.51289735018244,46.508417102131446,40.98992646710542,44.94321773532822,-3.9919978146459636,-0.09617243523428942
2023-06-11,44.893571941165405,43.006197827498674,-1.8873741136667304,0.8906885748613084,0.9668415077507942,1.1002251375413497,43.147822334437244,46.639321547893566,41.11118847230712,44.90120718269023,-4.043815383247775,0.26906715591431474
2023-06-12,44.87983876641463,42.958421630082725,-1.9214171363319024,0.8567974420670338,0.9422080517951457,1.0660331543113457,43.20051577996324,46.55916175286602,41.11169384856424,44.805149411601214,-4.01084211878214,0.16800784611833497
2023-06-13,44.86777663986786,42.99931853788055,-1.868458101987317,0.8231251152548117,0.9183521533157448,1.0394323751336578,43.25445141396843,46.48110186576729,41.19934831738169,44.799288758379404,-3.9057455572492863,0.1688293532746521
2023-06-14,44.94501802491365,43.037994365715114,-1.9070236591985361,0.8325809357839058,0.8930885014897739,1.0060305138652719,43.313159390777194,46.57687665905011,41.28754090279516,44.78844782863507,-3.8788434663744686,0.06479614797739663
2023-06-15,45.01720772773978,43.07445116011562,-1.9427565676241592,0.8342989553154359,0.8666753936667116,0.9718499553105496,43.38198177532153,46.65243368015803,41.375767388528864,44.77313493170238,-3.8475824800328366,-0.03793065521548189
2023-06-16,45.08451085478407,43.10870174133236,-1.9758091134517104,0.8297589695418129,0.8393584233142973,0.9371668270090895,43.45818327448212,46.710838435086025,41.46355923163634,44.75384425102838,-3.812656094389526,-0.138962132513895
2023-06-17,45.14709552586432,43.14077198598213,-2.006323539882191,0.8201412422657754,0.8113694567777786,0.9022294405858821,43.539618691023406,46.75457236070524,41.55048785069768,44.731056121266576,-3.77469324343052,-0.23795383633386225
2023-06-18,45.20513806772493,43.170701582821735,-2.034436484903197,0.8064136134610125,0.7829253308116544,0.867260185811335,43.624567385341344,46.78570875010852,41.636167934430894,44.705235231212576,-3.734266449093414,-0.33460652071298047
2023-06-19,45.228361986839865,43.243544799661464,-1.9848171871784026,0.8020494378395768,0.7948141637813774,0.9742853671135783,43.65634508867429,46.800378885005436,41.68570903864997,44.80138056067296,-3.894416506721016,-0.0752178676357893
2023-06-20,45.521446666459816,43.48781055599729,-2.0336361104625302,1.136307805535084,0.8495338502696869,1.3051224008111246,43.29428336761105,47.74860996530858,41.8227242094687,45.15289690252588,-4.591676016052334,0.5244037951272742
2023-06-21,45.49007171702568,43.46617147960878,-2.0239002374168993,1.0571279880184752,0.8324632626017529,1.2763772425447912,43.41810086050947,47.56204257354189,41.83454348490935,45.09779947430822,-4.52559963280469,0.47779915797089156
2023-06-22,45.463535050919695,43.58335870928796,-1.8801763416317405,0.939776337869371,0.8638714824752367,1.2657340945573927,43.621573428695726,47.305496673143665,41.89017060363649,45.27654681493942,-4.36101516696423,0.6006624837007493
2023-06-23,45.482046219061935,43.52125868098359,-1.9607875380783395,0.9179357531875478,0.8789928188705532,1.2764264913423295,43.68289214281434,47.28120029530953,41.79843275599731,45.244084605969874,-4.462583461109306,0.5410083849526264
2023-06-24,45.434947837684874,43.52546470151662,-1.9094831361682567,0.9076367982052373,0.8509990200983154,1.2467680613726926,43.65597971320261,47.213915962167135,41.85750662212392,45.193422780909316,-4.353148536458734,0.5341822641222207
2023-06-25,45.35623866163258,43.52100989910209,-1.8352287625304915,0.9320199351819975,0.8161839265190383,1.2250722733421027,43.52947958867587,47.18299773458929,41.921289403124774,45.120730395079406,-4.2363704182810125,0.5659128932200299
2023-06-26,45.31569784385207,43.52349726658495,-1.7922005772671288,0.9138079134836691,0.7886547237662187,1.1910354579455316,43.52463433342408,47.10676135428006,41.97773400800316,45.06926052516673,-4.126630074840371,0.542228920306113
2023-06-27,44.82316632135783,43.26494780382824,-1.5582185175295888,1.492998065620228,0.931602986326176,1.239083282632454,41.896890112742184,47.74944252997348,41.43900595062894,45.090889657027546,-3.986821751489199,0.8703847164300209
2023-06-28,44.81493041044851,43.280154239971296,-1.53477617047721,1.4488728235302133,0.9059306374156281,1.201181269281589,41.97513967632929,47.65472114456773,41.504530190636665,45.05577828930593,-3.8890914582691245,0.8195391173147044
2023-06-29,45.00416675508931,43.43750829492407,-1.5666584601652387,1.408297608376497,1.30025378897804,1.1431918385263793,42.243903442671375,47.76443006750724,40.889010868527116,45.98600572132103,-3.807314463676942,0.6739975433464647
2023-06-30,44.989807147930456,43.44174478682044,-1.5480623611100104,1.3731587234189522,1.2673825392585756,1.1132825260193842,42.29841605002931,47.6811982458316,40.95767500987363,45.925814563767254,-3.7300961121080034,0.6339713898879824
2023-07-01,45.03849057412237,43.44570321006611,-1.592787364056263,1.3503169461096056,1.233523488054887,1.096764630958567,42.391869359747545,47.685111788497196,41.027997173478525,45.86340924665369,-3.7424460407350546,0.5568713126225282
2023-07-02,45.020075920986535,43.44939581530339,-1.5706801056831463,1.3129425445669276,1.1987931344353662,1.0655624879499377,42.44670853363536,47.59344330833771,41.099761271810074,45.799030358796706,-3.659182582065024,0.5178223706987317
2023-07-03,45.071920382061606,43.3835969292276,-1.688323452834006,1.2886395995575317,1.1887260374475612,1.1223673051757248,42.54618676692884,47.59765399719437,41.05369389583038,45.71349996262482,-3.8881633709784262,0.5115164653104143
2023-07-04,45.04924804924427,43.39304644687378,-1.6562016023704882,1.2497057079746552,1.1514564016997446,1.0875999715937894,42.599824861613946,47.49867123687459,41.13619189954228,45.64990099420528,-3.7878975466943157,0.47549434195333906
2023-07-05,44.787905096134445,43.128094096997174,-1.6598109991372687,1.5068228004825743,1.3353569923424216,1.0053533897248783,41.8345324071886,47.74127778508029,40.51079439200603,45.74539380198832,-3.6303036429980304,0.3106816447234928
2023-07-06,44.7623693543436,43.28756259606643,-1.4748067582771682,1.46991386853102,1.3487667143387634,1.2678085587146446,41.8813381720228,47.643400536664394,40.643979835962455,45.931145356170404,-3.9597115333578716,1.0100980168035352
2023-07-07,44.82761906919142,43.301008643833114,-1.526610425358304,1.4483820532682234,1.3091914110808431,1.245037707707768,41.988790244785704,47.66644789359714,40.73499347811466,45.86702380955157,-3.966884332465529,0.9136634817489213
2023-07-08,44.81747769253571,43.31396649739306,-1.5035111951426519,1.400600180338427,1.268884560480355,1.2037844663052721,42.072301339072396,47.562654045999025,40.82695275885156,45.80098023593456,-3.8629287491009854,0.8559063588156817
2023-07-09,44.80900732679402,43.32641043018717,-1.4825968966068515,1.3525639492968893,1.2280138993202738,1.1621686463406753,42.15798198617212,47.460032667415916,40.91950318751943,45.7333176728549,-3.760447443434575,0.795253650220872
2023-07-10,44.80199445385407,43.25816666117164,-1.5438277926824242,1.3044460371410576,1.2075990945338169,1.1420423031659706,42.2452802210576,47.358708686650544,40.89127243588536,45.62506088645792,-3.7822307068877263,0.6945751215228781
2023-07-11,44.646639615640304,43.08635247154056,-1.5602871440997517,1.2858617406360862,1.1769759612957247,1.0749700424471833,42.12635060399357,47.166928627287035,40.779479587400935,45.39322535568018,-3.667228427296231,0.5466541390967274
2023-07-12,43.815456172267574,42.70205987141688,-1.1133963008506966,1.8410727983386042,1.2417041008543175,1.1708750382254753,40.20695348752391,47.423958857011236,40.26831983374242,45.13579990909134,-3.4083113757726284,1.1815187740712352
2023-07-13,43.86448667925671,42.74688255815232,-1.1176041211043881,1.8028118052715658,1.2217625354487582,1.1361031656866598,40.33097554092444,47.39799781758897,40.35222798867276,45.141537127631885,-3.344366325850241,1.109158083641465
2023-07-14,43.913890139203545,42.858140810373044,-1.0557493288305002,1.7628196259424251,1.2631241393753134,1.117971092741723,40.45876367235639,47.3690166060507,40.38241749719743,45.33386412354866,-3.2469726706042774,1.135474012943277
2023-07-15,43.963311031657526,42.895467193482155,-1.0678438381753723,1.721155271739203,1.2328457268632096,1.082224279465794,40.589846699048685,47.336775364266366,40.47908956883026,45.31184481813405,-3.1890034259283286,1.0533157495775838
2023-07-16,44.02252124759971,42.99857581184051,-1.0239454357592026,1.6562367893706706,1.250558922323453,1.0866160245620897,40.7762971404332,47.268745354766224,40.54748032408654,45.44967129959448,-3.153712843900898,1.1058219723824931
2023-07-17,43.99391384793214,43.02951353568227,-0.9644003122498733,1.6008413457367618,1.2154282028121737,1.064804650131007,40.85626481028809,47.131562885576194,40.64727425817041,45.41175281319413,-3.0514174265066467,1.1226168020068998
2023-07-18,43.89322291123291,42.94134751672198,-0.951875394510931,1.451287838904523,1.512025353334125,1.3194344740943134,41.048698746980044,46.73774707548578,39.9777778241871,45.904917209256865,-3.537966963735785,1.6342161747139232
2023-07-19,43.94446225163724,43.04006318537257,-0.9043990662646743,1.4244566136049917,1.5180513521802133,1.2892079748629324,41.152527288971456,46.736397214303025,40.06468253509935,46.01544383564578,-3.4312466969960216,1.6224485644666728
2023-07-20,43.995113704374745,43.06471488654412,-0.930398817830626,1.395606010851426,1.4745006290753875,1.2521819146880602,41.25972592310595,46.73050148564354,40.17469365355636,45.95473611953187,-3.384675370619224,1.5238777349579717
2023-07-21,44.04491345355649,43.01491422715512,-1.0299992264013744,1.3648511150406208,1.4336243003506137,1.2634792348511406,41.369805268076874,46.720021639036105,40.205010598467915,45.82481785584232,-3.50641852670961,1.4464200739068611
2023-07-22,44.093609837629124,42.96864585999582,-1.1249639776333096,1.3323346086292172,1.3910539457641118,1.2660228292506606,41.482234004715856,46.70498567054239,40.24218012629816,45.695111593693476,-3.6063687229646044,1.3564407676979853
2023-07-23,44.14097019044486,42.92571078634743,-1.2152594040974354,1.2982237923464282,1.347155991450043,1.261073728905867,41.59645155744586,46.68548882344386,40.28528504310535,45.566136529589514,-3.686963912752935,1.256445104558064
2023-07-24,44.169962083549734,42.92034649252615,-1.2496155910235787,1.2561512996827369,1.3154901461185888,1.2957304686815316,41.70790553617157,46.632018630927895,40.341985806133714,45.498707178918586,-3.7892473096393804,1.2900161275922233
2023-07-25,44.08723030740918,42.763378205658206,-1.3238521017509743,1.2231904806633462,1.359365629879302,1.200686556745272,41.68977696530902,46.484683649509336,40.099021571094774,45.42773484022164,-3.6771977529717073,1.0294935494697586
2023-07-26,44.134651765454244,42.816837873271375,-1.3178138921828646,1.1944387530864113,1.3254316849626044,1.156337628401566,41.793551809404875,46.47575172150361,40.21899177074467,45.41468397579808,-3.584235643849934,0.9486078594842047
2023-07-27,44.038019370071645,42.879635795866804,-1.1583835742048394,1.274178874217649,1.1951066929516936,1.2071745289172833,41.540628776605054,46.535409963538235,40.53722667768149,45.22204491405212,-3.5244456508827144,1.2076785024730357
2023-07-28,44.15830473317259,42.92078863211834,-1.23751610105425,1.3140184549282146,1.166116848281987,1.2042143556780307,41.58282856151329,46.733780904831896,40.635199609485646,45.20637765475103,-3.59777623818319,1.12274403607469
2023-07-29,44.274137437296034,42.96046937411899,-1.3136680631770354,1.3401065945157142,1.1356868394672468,1.195884221420049,41.647528512045234,46.90074636254683,40.73452316876319,45.1864155794748,-3.657601137160331,1.0302650108062603
2023-07-30,44.37799601769022,42.92123763164537,-1.456758386044852,1.345332438013374,1.0901692045909788,1.2641187042701896,41.74114443918401,47.01484759619643,40.78450599064705,45.05796927264369,-3.9344310464144234,1.0209142743247195
2023-07-31,44.48314318923767,42.88152220560151,-1.601620983636156,1.3509542535690646,1.056156673439546,1.3182474160339257,41.835272852242305,47.13101352623304,40.811455125660004,44.95158928554302,-4.18538591906265,0.9821439517903385
2023-08-01,44.41624493808829,43.08096205462334,-1.33528288346495,1.3758794060911121,1.121231114939802,1.7166001532098287,41.71952130214971,47.11296857402687,40.88334906934133,45.278575039905355,-4.6998191837562135,2.029253416826314
2023-08-02,44.432880942141686,43.115490782377904,-1.3173901597637812,1.3262756830201268,1.0864988295244478,1.6493593242504718,41.833380603422235,47.03238128086114,40.985953076509986,45.24502848824582,-4.550134435294706,1.9153541157671434
2023-08-03,44.37307202141379,43.42887412157144,-0.9441978998423532,1.1250841423872553,1.0769629714959486,1.646378765320614,42.16790710233477,46.57823694049281,41.31802669743938,45.5397215457035,-4.171100279870757,2.28270448018605
2023-08-04,44.389647223520775,43.43711706519795,-0.9525301583228232,1.0967566737068972,1.047421435306088,1.5996083402319055,42.24000414305526,46.53929030398629,41.38417105199802,45.49006307839789,-4.087762505177357,2.1827021885317115
2023-08-05,44.47051759351501,43.4444169133678,-1.0261006801472103,1.117735293714995,1.0172848650658122,1.5854518075248787,42.279756417833624,46.6612787691964,41.45053857783881,45.43829524889679,-4.133586222895972,2.081384862601552
2023-08-06,44.483214541570405,43.45086924802762,-1.0323452935427846,1.0847388431440064,0.9866408150596528,1.535856699888724,42.35712640900815,46.60930267413266,41.517053250510706,45.38468524554454,-4.042624425324684,1.9779338382391143
2023-08-07,44.483214541570405,43.45086924802762,-1.0323452935427846,1.0847388431440061,0.9866408150596527,1.535856699888724,42.35712640900815,46.60930267413266,41.517053250510706,45.38468524554454,-4.042624425324684,1.9779338382391143
2023-08-08,44.53886572620777,43.487285461932096,-1.051580264275669,1.0284486482172415,0.927468182513992,1.4434119027601224,42.52310637570197,46.55462507671356,41.669447824204674,45.30512309965952,-3.8806675936855086,1.7775070651341707
2023-08-09,44.53886572620777,43.4872854619321,-1.051580264275669,1.0284486482172415,0.927468182513992,1.4434119027601227,42.52310637570197,46.55462507671356,41.66944782420468,45.305123099659525,-3.8806675936855095,1.7775070651341711
2023-08-10,44.53886572620777,43.4872854619321,-1.051580264275669,1.0284486482172415,0.927468182513992,1.4434119027601227,42.52310637570197,46.55462507671356,41.66944782420468,45.305123099659525,-3.8806675936855095,1.7775070651341711
2023-08-11,44.34679362877344,43.358768822010035,-0.9880248067634041,1.023596091450462,0.8878688752198833,1.3187496752907606,42.34054528953053,46.35304196801635,41.618545826579066,45.098991817441004,-3.572774170333295,1.5967245568064865
2023-08-12,44.34679362877344,43.358768822010035,-0.9880248067634041,1.023596091450462,0.8878688752198833,1.3187496752907606,42.34054528953053,46.35304196801635,41.618545826579066,45.098991817441004,-3.572774170333295,1.5967245568064865
2023-08-13,44.34679362877344,43.358768822010035,-0.9880248067634041,1.023596091450462,0.8878688752198833,1.3187496752907606,42.34054528953053,46.35304196801635,41.618545826579066,45.098991817441004,-3.572774170333295,1.5967245568064865
2023-08-14,44.06372279619493,43.69436814622795,-0.3693546499669805,1.1264813556805062,1.0828379197924944,1.8303791365135886,41.85581933906114,46.27162625332872,41.572005823434665,45.81673046902124,-3.956897757533614,3.218188457599653
2023-08-15,44.174324964002594,43.711543034388605,-0.4627819296139856,1.0856272504806561,1.0053374563835449,1.7222934122988767,42.04649555306051,46.30215437494468,41.74108161987686,45.68200444890035,-3.8384770177197836,2.9129131584918126
2023-08-16,44.34216589810747,43.84171748541206,-0.500448412695403,1.020456298097819,0.9301955008310597,1.5353253469608992,42.342071553835744,46.34226024237919,42.018534303783184,45.66490066704094,-3.5096860927387654,2.508789267347959
2023-08-17,44.34216589810747,43.84171748541206,-0.500448412695403,1.020456298097819,0.9301955008310597,1.5353253469608992,42.342071553835744,46.34226024237919,42.018534303783184,45.66490066704094,-3.5096860927387654,2.508789267347959
2023-08-18,44.34216589810747,43.84171748541206,-0.5004484126954029,1.020456298097819,0.9301955008310596,1.535325346960899,42.342071553835744,46.34226024237919,42.018534303783184,45.66490066704094,-3.5096860927387645,2.508789267347959
2023-08-19,44.34216589810747,43.84171748541206,-0.500448412695403,1.020456298097819,0.9301955008310597,1.5353253469608992,42.342071553835744,46.34226024237919,42.018534303783184,45.66490066704094,-3.5096860927387654,2.508789267347959
2023-08-20,44.29470241440087,43.93751876336274,-0.3571836510381257,1.0171963660256464,1.0003731074371234,1.6252145675679346,42.3009975369906,46.28840729181113,41.97678747278598,45.8982500539395,-3.5426042034712775,2.828236901395026
2023-08-21,46.209053986991556,44.89941311774665,-1.3096408692449069,3.7055216944024805,2.010669375825346,2.292872210766337,38.9462314659627,53.471876508020415,40.95850114112897,48.840325094364324,-5.803670402346928,3.1843886638571135
2023-08-22,46.181689871595275,44.75344682030175,-1.4282430512935318,3.441631456240231,1.9035350273392881,2.1455880656392017,39.43609221736442,52.92728752582613,41.02251816671674,48.48437547388675,-5.6335956599463675,2.7771095573593034
2023-08-23,46.15531880113705,44.74901349801271,-1.4063053031243438,3.4078146170377974,1.8809177157394623,2.116126964938527,39.47600215174297,52.83463545053113,41.06241477516336,48.435612220862055,-5.553914154403857,2.7413035481551686
2023-08-24,46.15531880113705,44.7490134980127,-1.4063053031243435,3.407814617037797,1.8809177157394623,2.116126964938527,39.47600215174297,52.83463545053113,41.062414775163354,48.43561222086205,-5.553914154403856,2.741303548155169
2023-08-25,45.92218928818878,45.08830217355178,-0.8338871146369999,3.113500254843907,1.8392495335885597,2.254754369691186,39.819728788694725,52.02464978768284,41.483373087718206,48.69323125938536,-5.2532056792317245,3.5854314499577242
2023-08-26,45.30259502520472,44.779139977425025,-0.5234550477796867,2.9917925772347647,1.7280489266117054,2.078117313609336,39.43868157382458,51.16650847658485,41.39216408126608,48.16611587358397,-4.596564982453986,3.549654886894612
2023-08-27,45.30259502520471,44.77913997742502,-0.5234550477796867,2.9917925772347647,1.7280489266117054,2.078117313609336,39.43868157382457,51.16650847658485,41.392164081266074,48.16611587358396,-4.596564982453986,3.549654886894612
2023-08-28,45.30259502520471,44.779139977425025,-0.5234550477796869,2.991792577234765,1.7280489266117054,2.0781173136093356,39.43868157382457,51.16650847658485,41.39216408126608,48.16611587358397,-4.596564982453985,3.5496548868946105
2023-08-29,44.89022584792648,44.631684296186954,-0.2585415517395244,2.896405058101428,1.626104117337176,1.9786957125042257,39.21327193404768,50.56717976180528,41.44452022620609,47.81884836616782,-4.136785148247807,3.619702044768758
2023-08-30,44.846006644068176,44.495968424913656,-0.3500382191545226,2.8164190770259756,1.6697529978256531,1.9551482388994748,39.325825253097264,50.36618803503909,41.22325254917538,47.768684300651934,-4.182128767397494,3.482052329088448
2023-08-31,44.367486061095455,44.374167150371086,0.006681089275628122,2.642587426384371,1.4906234301217482,1.8501279227316845,39.18801470538209,49.54695741680882,41.45254522733246,47.295789073409715,-3.6195696392784735,3.63293181782973
2023-09-01,44.27129764971713,44.46089359285228,0.18959594313515718,2.501875679438238,1.423804736547882,1.8146668197384546,39.36762131801818,49.17497398141607,41.67023630921843,47.25155087648613,-3.3671510235522137,3.7463429098225283
2023-09-02,44.27129764971713,44.46089359285229,0.18959594313515712,2.5018756794382386,1.4238047365478823,1.8146668197384548,39.36762131801818,49.17497398141607,41.67023630921844,47.251550876486135,-3.367151023552214,3.7463429098225287
2023-09-03,44.27129764971712,44.46089359285228,0.1895959431351572,2.5018756794382386,1.4238047365478823,1.8146668197384546,39.36762131801817,49.174973981416066,41.67023630921843,47.25155087648613,-3.3671510235522137,3.7463429098225283
2023-09-04,44.27129764971713,44.46089359285229,0.18959594313515726,2.5018756794382386,1.423804736547882,1.8146668197384546,39.36762131801818,49.17497398141607,41.67023630921844,47.251550876486135,-3.3671510235522137,3.7463429098225283
2023-09-05,44.204729312417385,44.34605288071344,0.14132356829605638,2.265427452948782,1.3131984024708356,1.63861766743277,39.764491504637775,48.644967120196995,41.7721840118706,46.91992174955627,-3.0703670598721726,3.3530141964642852
2023-09-06,44.07035056658502,44.19599857868093,0.12564801209590395,1.8826876454464738,1.1078286643312023,1.3533596514477424,40.38028278150993,47.76041835166011,42.02465439659177,46.367342760770086,-2.5269369047416714,2.778232928933479
2023-09-07,44.07035056658502,44.19599857868092,0.12564801209590407,1.8826876454464736,1.107828664331202,1.3533596514477424,40.38028278150993,47.76041835166011,42.024654396591764,46.36734276077008,-2.526936904741671,2.7782329289334795
2023-09-08,44.07035056658502,44.19599857868092,0.125648012095904,1.8826876454464736,1.1078286643312023,1.3533596514477424,40.38028278150993,47.76041835166011,42.024654396591764,46.36734276077008,-2.5269369047416714,2.778232928933479
2023-09-09,44.07035056658502,44.19599857868092,0.125648012095904,1.8826876454464736,1.107828664331202,1.3533596514477424,40.38028278150993,47.76041835166011,42.024654396591764,46.36734276077008,-2.5269369047416714,2.778232928933479
2023-09-10,44.088835405546725,44.18153936119186,0.09270395564513247,1.8275002317686342,1.074508990680213,1.3166580992404673,40.5069349512802,47.67073585981325,42.075501739458645,46.287576982925074,-2.4879459188661834,2.6733538301564486
2023-09-11,43.99223157083397,44.02230179871766,0.030070227883695604,1.7780599173710967,1.1552847881554995,1.2771220751262216,40.50723413278662,47.477229008881324,41.75794361393288,46.286659983502446,-2.4730890393636984,2.53322949513109
2023-09-12,44.17634371539526,43.98436541169273,-0.19197830370253346,1.6411608652739533,1.0457199636027892,1.2303792181633428,40.95966841945831,47.393019011332214,41.93475428303126,46.033976540354196,-2.6035215713026854,2.2195649638976183
2023-09-13,44.176343715395255,43.98436541169272,-0.19197830370253344,1.6411608652739533,1.0457199636027892,1.2303792181633428,40.9596684194583,47.39301901133221,41.93475428303125,46.03397654035419,-2.6035215713026854,2.2195649638976183
2023-09-14,44.17735763766575,44.05759497027483,-0.11976266739092756,1.4139856389267431,0.9494335309547093,1.1841671985855684,41.40594578536933,46.94876948996217,42.196705249603596,45.91848469094606,-2.4407303766186415,2.2012050418367863
2023-09-15,44.17735763766575,44.05759497027483,-0.11976266739092759,1.413985638926743,0.9494335309547093,1.1841671985855682,41.40594578536933,46.94876948996217,42.196705249603596,45.91848469094606,-2.440730376618641,2.201205041836786
2023-09-16,44.17735763766576,44.05759497027483,-0.11976266739092757,1.413985638926743,0.9494335309547092,1.1841671985855682,41.40594578536934,46.948769489962174,42.196705249603596,45.91848469094606,-2.440730376618641,2.201205041836786
2023-09-17,44.17735763766575,44.05759497027482,-0.11976266739092753,1.413985638926743,0.9494335309547092,1.1841671985855682,41.40594578536933,46.94876948996217,42.19670524960359,45.91848469094605,-2.440730376618641,2.201205041836786
2023-09-18,43.94589248056638,44.01195030407154,0.06605782350516153,1.1282823985488337,0.8168851044101876,0.9590871464616773,41.73445897941066,46.157325981722096,42.41085549942757,45.61304510871551,-1.813752983559726,1.9458686305700488
2023-09-19,43.41515461735709,43.98264069512366,0.5674860777665744,1.2609788796849932,0.8309608622331631,1.2540796915253094,40.943636013174505,45.886673221539674,42.353957405146666,45.61132398510066,-1.890510117623032,3.0254822731561806
2023-09-20,43.37083143634743,44.206266710404115,0.8354352740566847,1.1700304712768477,0.9450547816797678,1.3353916412260896,41.07757171264481,45.66409116005005,42.35395933831177,46.05857408249646,-1.7819323427464506,3.4528028908598203
2023-09-21,43.37083143634742,44.20626671040411,0.8354352740566847,1.1700304712768475,0.9450547816797678,1.3353916412260896,41.077571712644804,45.66409116005004,42.35395933831176,46.058574082496456,-1.7819323427464506,3.4528028908598203
2023-09-22,43.37083143634743,44.206266710404115,0.8354352740566848,1.1700304712768477,0.9450547816797679,1.3353916412260898,41.07757171264481,45.66409116005005,42.35395933831177,46.05857408249646,-1.781932342746451,3.4528028908598207
2023-09-23,43.37083143634742,44.20626671040411,0.8354352740566848,1.1700304712768477,0.9450547816797679,1.3353916412260896,41.077571712644804,45.66409116005004,42.35395933831176,46.058574082496456,-1.7819323427464506,3.4528028908598203
2023-09-24,43.40146442729986,44.20620615528242,0.8047417279825643,1.16113476984916,0.9284520225146919,1.3219709171448053,41.1256402783955,45.67728857620421,42.386440191153625,46.02597211941122,-1.7863212696212538,3.3958047255863826
2023-09-25,43.5229895229475,44.23466892280273,0.7116793998552381,1.0585386433335395,0.8273577090491526,1.1887761319029098,41.44825378201376,45.59772526388124,42.613047813066395,45.85629003253907,-1.618321818674465,3.041680618384941
2023-09-26,43.5833029439888,43.87393672561353,0.29063378162473225,0.9565615932931232,1.1680172924669594,1.469912304132355,41.70844222113428,45.45816366684332,41.584622832378294,46.16325061884877,-2.5903943344746834,3.1716618977241477
2023-09-27,43.58330294398879,43.873936725613525,0.2906337816247322,0.9565615932931231,1.1680172924669592,1.4699123041323547,41.70844222113427,45.45816366684331,41.58462283237829,46.163250618848764,-2.590394334474683,3.1716618977241473
2023-09-28,43.54773570373558,44.45884232004287,0.9111066163072832,1.0530759432768553,1.3769669969862819,1.7255372471126613,41.483706854912946,45.61176455255822,41.75998700594975,47.157697634135985,-2.470946388033533,4.293159620648099
2023-09-29,43.54773570373558,44.45884232004287,0.9111066163072832,1.0530759432768553,1.3769669969862819,1.7255372471126613,41.483706854912946,45.61176455255822,41.75998700594975,47.157697634135985,-2.470946388033533,4.293159620648099
2023-09-30,43.54773570373559,44.45884232004287,0.9111066163072833,1.0530759432768553,1.376966996986282,1.7255372471126613,41.48370685491295,45.61176455255823,41.75998700594975,47.157697634135985,-2.470946388033533,4.293159620648099
2023-10-01,43.51890109511654,44.468153233172544,0.9492521380560063,1.050262645961944,1.3604131946753135,1.7155818428367473,41.46038630903113,45.57741588120195,41.80174337160893,47.13456309473616,-2.4132882739040187,4.3117925500160315
2023-10-02,43.51890109511654,44.468153233172544,0.9492521380560062,1.050262645961944,1.3604131946753135,1.7155818428367473,41.46038630903113,45.57741588120195,41.80174337160893,47.13456309473616,-2.4132882739040187,4.3117925500160315
2023-10-03,43.79255533462474,44.57042678843728,0.7778714538125442,1.088508868293169,1.1998648013292734,1.5653740508656901,41.659077952770126,45.92603271647935,42.21869177783191,46.922161799042655,-2.2902616858842086,3.846004593509297
2023-10-04,43.79255533462474,44.57042678843728,0.7778714538125443,1.0885088682931687,1.1998648013292734,1.5653740508656901,41.659077952770126,45.92603271647935,42.21869177783191,46.922161799042655,-2.2902616858842086,3.846004593509297
2023-10-05,44.13362166278991,44.49075192327053,0.35713026048061647,1.2021940001055718,0.9104239292646319,1.5679145483315675,41.77732142258299,46.489921902996834,42.706321021911855,46.275182824629205,-2.7159822542492558,3.4302427752104885
2023-10-06,44.13362166278992,44.49075192327054,0.35713026048061636,1.2021940001055718,0.9104239292646319,1.5679145483315677,41.777321422583,46.48992190299684,42.70632102191186,46.27518282462921,-2.715982254249256,3.430242775210489
2023-10-07,44.13362166278991,44.49075192327053,0.3571302604806165,1.2021940001055718,0.9104239292646319,1.5679145483315677,41.77732142258299,46.489921902996834,42.706321021911855,46.275182824629205,-2.715982254249256,3.430242775210489
2023-10-08,44.13362166278991,44.49075192327053,0.3571302604806165,1.2021940001055718,0.9104239292646319,1.5679145483315677,41.77732142258299,46.489921902996834,42.706321021911855,46.275182824629205,-2.715982254249256,3.430242775210489
2023-10-09,44.13362166278991,44.49075192327053,0.3571302604806164,1.2021940001055715,0.9104239292646318,1.5679145483315675,41.77732142258299,46.489921902996834,42.706321021911855,46.275182824629205,-2.7159822542492558,3.4302427752104885
2023-10-10,43.875030822526824,44.15912457433603,0.28409375180920976,1.1896802453981696,1.0502474497458711,1.415379004516767,41.54325754154641,46.20680410350724,42.100639572834126,46.21760957583794,-2.490049097043653,3.058236600662073
2023-10-11,43.801148819261414,44.10304915958985,0.3019003403284428,1.2098136934241221,1.0571802820832712,1.3848592134424282,41.42991398015013,46.172383658372695,42.03097580670664,46.17512251247306,-2.412423718018717,3.016224398675602
2023-10-12,43.801148819261414,44.10304915958985,0.3019003403284428,1.2098136934241221,1.0571802820832712,1.3848592134424282,41.42991398015013,46.172383658372695,42.03097580670664,46.17512251247306,-2.412423718018717,3.016224398675602
2023-10-13,44.0799741134586,44.09924972602941,0.019275612570816034,1.2766885351574535,0.9590826519754466,1.4147289792924165,41.577664584549986,46.58228364236721,42.21944772815754,45.979051723901286,-2.7535931868423202,2.7921444119839527
2023-10-14,44.0799741134586,44.09924972602941,0.019275612570816062,1.2766885351574535,0.9590826519754466,1.4147289792924165,41.577664584549986,46.58228364236721,42.21944772815754,45.979051723901286,-2.7535931868423202,2.7921444119839527
2023-10-15,44.0799741134586,44.09924972602941,0.01927561257081603,1.2766885351574535,0.9590826519754466,1.4147289792924165,41.577664584549986,46.58228364236721,42.21944772815754,45.979051723901286,-2.7535931868423202,2.7921444119839527
2023-10-16,44.05246745899623,44.28581175488239,0.23334429588615602,1.128891190762814,0.8801036226605835,1.3137756372304532,41.83984072510112,46.26509419289135,42.56080865446764,46.010814855297134,-2.3416559530855325,2.808344544857844
2023-10-17,44.50800932892618,44.2010948536953,-0.30691447523087345,1.1578383608680252,0.8431868481785351,1.169801485507318,42.23864614162485,46.77737251622751,42.54844863126537,45.85374107612523,-2.5997253868252166,1.98589643636347
2023-10-18,45.63098991322948,45.062901218469676,-0.5680886947598061,2.3400727297237904,1.7787249164996994,1.1423960252654113,41.04444736297085,50.217532463488105,41.576600382130266,48.549202054809086,-2.807184904280012,1.6710075147604
2023-10-19,45.47769404345546,45.03590089200543,-0.44179315145002945,2.214748517460796,1.658007816426424,1.1117630016270965,41.136786949232295,49.81860113767862,41.78620557180964,48.28559621220122,-2.6208486346391386,1.7372623317390796
2023-10-20,45.47769404345546,45.03590089200542,-0.44179315145002945,2.214748517460796,1.6580078164264238,1.1117630016270963,41.136786949232295,49.81860113767862,41.78620557180963,48.28559621220121,-2.620848634639138,1.7372623317390792
2023-10-21,45.47769404345545,45.03590089200542,-0.44179315145002945,2.214748517460796,1.6580078164264238,1.1117630016270963,41.13678694923229,49.81860113767861,41.78620557180963,48.28559621220121,-2.620848634639138,1.7372623317390792
2023-10-22,45.50733343174199,44.93476098329739,-0.5725724484446006,2.165307206080589,1.6816704113915397,1.2298359237223442,41.26333130782404,49.75133555565994,41.63868697696997,48.2308349896248,-2.9830508589403952,1.837905962051194
2023-10-23,45.507333431742,44.934760983297394,-0.5725724484446006,2.165307206080589,1.6816704113915397,1.2298359237223442,41.263331307824046,49.75133555565995,41.63868697696998,48.23083498962481,-2.9830508589403952,1.837905962051194
2023-10-24,45.00872032638391,44.585106784312806,-0.4236135420711002,2.022175351417116,1.5622364366400137,1.0310692073136707,41.045256637606364,48.97218401516145,41.52312336849838,47.64709020012723,-2.4445091884058945,1.5972821042636942
2023-10-25,45.00872032638391,44.585106784312806,-0.4236135420711002,2.022175351417116,1.5622364366400134,1.0310692073136707,41.045256637606364,48.97218401516145,41.52312336849838,47.64709020012723,-2.4445091884058945,1.5972821042636942
2023-10-26,44.84453943785143,44.2820866045782,-0.5624528332732358,1.5061799679315098,1.3543131042351935,0.9321216214769167,41.89242670070567,47.79665217499719,41.627632920277215,46.93654028887918,-2.3894112113679924,1.264505544821521
2023-10-27,44.91105202856644,44.27459469742349,-0.6364573311429483,1.4231434528102518,1.2696488875938843,0.8961469885948764,42.12169086105835,47.70041319607453,41.786082877739474,46.7631065171075,-2.392905428788906,1.1199907665030095
2023-10-28,44.879388190573884,44.26432007833312,-0.6150681122407656,1.375282780740623,1.2243927392731309,0.8647711053966983,42.183833940322266,47.5749424408255,41.86451030935778,46.66412984730846,-2.3100194788182944,1.079883254336763
2023-10-29,44.879388190573884,44.26432007833312,-0.6150681122407655,1.3752827807406227,1.2243927392731309,0.8647711053966983,42.183833940322266,47.5749424408255,41.86451030935778,46.66412984730846,-2.310019478818294,1.0798832543367631
2023-10-30,44.87938819057388,44.264320078333114,-0.6150681122407656,1.3752827807406227,1.2243927392731309,0.8647711053966983,42.18383394032226,47.574942440825495,41.864510309357776,46.66412984730845,-2.3100194788182944,1.079883254336763
2023-10-31,44.64478504387517,44.09361315242323,-0.5511718914519393,1.4455797864354494,1.2416644876960201,0.8298711100377179,41.811448662461686,47.47812142528865,41.65995075653903,46.52727554830743,-2.1777192671258665,1.0753754842219876
2023-11-01,44.92747584108623,44.11053371014309,-0.8169421309431341,1.3750074524372795,1.092989480192976,0.8796859357691209,42.23246123430916,47.62249044786329,41.96827432896485,46.25279309132132,-2.541126565050611,0.907242303164343
2023-11-02,45.32704425577458,44.47150832744701,-0.8555359283275634,1.5725675354802864,1.3128949644981485,0.813946576753997,42.24481188623322,48.40927662531594,41.89823419703064,47.044782457863384,-2.450871218765397,0.7397993621102705
2023-11-03,45.32704425577458,44.47150832744702,-0.8555359283275634,1.5725675354802864,1.3128949644981485,0.813946576753997,42.24481188623322,48.40927662531594,41.898234197030646,47.04478245786339,-2.450871218765397,0.7397993621102705
2023-11-04,45.327044255774574,44.47150832744701,-0.8555359283275633,1.5725675354802862,1.3128949644981485,0.813946576753997,42.244811886233215,48.40927662531593,41.89823419703064,47.044782457863384,-2.450871218765397,0.7397993621102706
2023-11-05,45.327044255774574,44.47150832744701,-0.8555359283275634,1.5725675354802864,1.3128949644981485,0.813946576753997,42.244811886233215,48.40927662531593,41.89823419703064,47.044782457863384,-2.450871218765397,0.7397993621102705
2023-11-06,45.3124811428159,44.45036149033264,-0.8621196524832635,1.5522499954054656,1.3002615690683286,0.8002987036473509,42.270071151821185,48.35489113381061,41.90184881495872,46.99887416570656,-2.4307051116320713,0.7064658066655443
2023-11-07,45.132147963211004,44.37710252425008,-0.7550454389609311,1.5110367015135195,1.2182313575945256,0.7916987115770043,42.170516028244506,48.0937798981775,41.989369063364805,46.76483598513535,-2.30677491365186,0.7966840357299974
2023-11-08,45.132147963211004,44.37710252425007,-0.7550454389609311,1.5110367015135195,1.2182313575945256,0.7916987115770043,42.170516028244506,48.0937798981775,41.9893690633648,46.76483598513534,-2.30677491365186,0.7966840357299974
2023-11-09,45.132147963211004,44.37710252425008,-0.7550454389609311,1.5110367015135195,1.2182313575945256,0.7916987115770043,42.170516028244506,48.0937798981775,41.989369063364805,46.76483598513535,-2.30677491365186,0.7966840357299974
2023-11-10,45.13214796321101,44.37710252425008,-0.7550454389609312,1.5110367015135195,1.2182313575945256,0.7916987115770043,42.17051602824451,48.09377989817751,41.989369063364805,46.76483598513535,-2.30677491365186,0.7966840357299972
2023-11-11,45.132147963211004,44.37710252425008,-0.7550454389609311,1.5110367015135195,1.2182313575945256,0.7916987115770043,42.170516028244506,48.0937798981775,41.989369063364805,46.76483598513535,-2.30677491365186,0.7966840357299974
2023-11-12,45.13214796321101,44.37710252425008,-0.7550454389609311,1.5110367015135198,1.2182313575945256,0.7916987115770043,42.17051602824451,48.09377989817751,41.989369063364805,46.76483598513535,-2.30677491365186,0.7966840357299974
2023-11-13,44.69979328564827,44.69717138253032,-0.0026219031179485733,1.6337620692993342,1.2315974514826211,1.6640827705699608,41.49761962982157,47.90196694147497,42.28324037762438,47.11110238743626,-3.2642241334350715,3.2589803271991746
2023-11-14,44.61573617392177,44.60864302528142,-0.007093148640355187,1.3020439948967186,1.0259887155285876,1.2617070920251385,42.0637299439242,47.167742403919334,42.597705142845385,46.61958090771745,-2.4800390490096267,2.465852751728916
2023-11-15,44.61573617392177,44.60864302528141,-0.0070931486403551834,1.3020439948967186,1.0259887155285876,1.2617070920251385,42.0637299439242,47.167742403919334,42.59770514284538,46.61958090771744,-2.4800390490096267,2.465852751728916
2023-11-16,44.724241609214545,44.759626266907794,0.035384657693248556,1.187770659021287,0.9692344585823065,1.1343969759070058,42.39621111753282,47.05227210089627,42.85992672808647,46.65932580572912,-2.188033415084483,2.25880273047098
2023-11-17,44.71648980575482,45.011673780480066,0.29518397472524943,1.0622557792552358,0.9775964985056018,1.1177859627306592,42.634468478414554,46.79851113309508,43.09558464340909,46.92776291755104,-1.8956765122268429,2.486044461677342
2023-11-18,44.71648980575482,45.011673780480066,0.2951839747252494,1.0622557792552358,0.9775964985056017,1.1177859627306592,42.634468478414554,46.79851113309508,43.09558464340909,46.92776291755104,-1.8956765122268429,2.4860444616773414
2023-11-19,44.71648980575482,45.011673780480066,0.2951839747252494,1.0622557792552358,0.9775964985056019,1.1177859627306592,42.634468478414554,46.79851113309508,43.09558464340908,46.92776291755105,-1.8956765122268429,2.4860444616773414
2023-11-20,44.387804828307324,44.73402651538131,0.34622168707398393,0.9920123591162208,0.8792275757076801,0.9671261381697306,42.44346060443953,46.33214905217512,43.01074046699426,46.45731256376836,-1.549345543738688,2.2417889178866557
2023-11-21,44.387804828307324,44.73402651538131,0.346221687073984,0.9920123591162209,0.8792275757076801,0.9671261381697307,42.44346060443953,46.33214905217512,43.01074046699426,46.45731256376836,-1.549345543738688,2.241788917886656
2023-11-22,44.29518261679011,44.77807888886208,0.48289627207197766,0.9757744163759163,0.8406784319913295,0.9940412779100063,42.38266476069331,46.207700472886906,43.13034916215908,46.42580861556509,-1.4654246326316347,2.43121717677559
2023-11-23,44.29518261679011,44.77807888886208,0.48289627207197766,0.9757744163759163,0.8406784319913295,0.9940412779100063,42.38266476069331,46.207700472886906,43.13034916215908,46.42580861556509,-1.4654246326316347,2.43121717677559
2023-11-24,44.29518261679011,44.77807888886208,0.48289627207197766,0.9757744163759163,0.8406784319913295,0.9940412779100062,42.38266476069331,46.207700472886906,43.13034916215908,46.42580861556509,-1.4654246326316345,2.43121717677559
2023-11-25,44.2951826167901,44.77807888886208,0.4828962720719776,0.9757744163759163,0.8406784319913295,0.9940412779100063,42.3826647606933,46.2077004728869,43.13034916215908,46.42580861556509,-1.4654246326316347,2.43121717677559
2023-11-26,44.29518261679011,44.77807888886208,0.48289627207197766,0.9757744163759163,0.8406784319913295,0.9940412779100062,42.38266476069331,46.207700472886906,43.13034916215908,46.42580861556509,-1.4654246326316345,2.43121717677559
2023-11-27,44.49783892425013,44.68448379395477,0.18664486970463748,0.7791664465003212,0.7172840550931205,0.9053921207700214,42.970672689109506,46.02500515939076,43.27860704597225,46.09036054193729,-1.5879236870046045,1.9612134264138794
2023-11-28,44.49783892425014,44.684483793954776,0.18664486970463748,0.7791664465003212,0.7172840550931205,0.9053921207700215,42.97067268910951,46.025005159390766,43.27860704597226,46.090360541937294,-1.5879236870046047,1.9612134264138796
2023-11-29,44.49783892425013,44.684483793954776,0.1866448697046375,0.7791664465003212,0.7172840550931205,0.9053921207700214,42.970672689109506,46.02500515939076,43.27860704597226,46.090360541937294,-1.5879236870046045,1.9612134264138794
2023-11-30,44.52556852547776,44.68300179142126,0.15743326594350385,0.7780786287611894,0.7031490346845296,0.900368710253762,43.000534413105825,46.05060263784969,43.304829683439586,46.06117389940294,-1.6072894061538696,1.9221559380408773
2023-12-01,44.52556852547776,44.68300179142126,0.15743326594350382,0.7780786287611894,0.7031490346845296,0.900368710253762,43.000534413105825,46.05060263784969,43.304829683439586,46.06117389940294,-1.6072894061538696,1.9221559380408773
2023-12-02,44.52556852547776,44.68300179142126,0.15743326594350385,0.7780786287611894,0.7031490346845296,0.900368710253762,43.000534413105825,46.05060263784969,43.304829683439586,46.06117389940294,-1.6072894061538696,1.9221559380408773
2023-12-03,44.52556852547776,44.68300179142126,0.15743326594350382,0.7780786287611894,0.7031490346845296,0.900368710253762,43.000534413105825,46.05060263784969,43.304829683439586,46.06117389940294,-1.6072894061538696,1.9221559380408773
2023-12-04,44.30896738118248,44.64847628239018,0.3395089012076948,1.0111425711876647,0.6794708900398078,1.0347379106604713,42.32712794165465,46.2908068207103,43.316713337912155,45.9802392268682,-1.6885774036868286,2.367595206102218
2023-12-05,43.912180510068,44.15121265362556,0.23903214355756094,1.0745334663102994,1.0058210705206796,0.8945931362610875,41.80609491609981,46.018266104036186,42.17980335540503,46.122621951846085,-1.5143704035141705,1.9924346906292922
2023-12-06,44.05541951435983,43.91434299723649,-0.14107651712334665,0.9447403216819962,0.9350333882765235,0.9578250498727644,42.203728483863124,45.90711054485654,42.0816775562145,45.747008438258476,-2.018413614873965,1.7362605806272717
2023-12-07,43.80784598907528,44.77749854159191,0.9696525525166293,1.3661366742128884,1.2478559340558621,2.2173057588423557,41.13021810761802,46.485473870532545,42.33170091084242,47.2232961723414,-3.3762667348143878,5.315571839847646
2023-12-08,43.80784598907529,44.77749854159192,0.9696525525166293,1.3661366742128884,1.2478559340558621,2.2173057588423557,41.13021810761803,46.48547387053255,42.33170091084243,47.223296172341406,-3.3762667348143878,5.315571839847646
2023-12-09,44.12431230994773,44.54885033497758,0.4245380250298509,1.545419598114626,1.326734483950287,2.557020357445029,41.09528989764306,47.1533347222524,41.948450746435014,47.149249923520145,-4.587221875562406,5.4362979256221085
2023-12-10,44.240224581772246,44.52076640328456,0.28054182151231216,1.4676069204304412,1.2362994116084127,2.4068369015137927,41.36371501772858,47.11673414581591,42.097619556532074,46.94391325003705,-4.436858505454722,4.997942148479345
2023-12-11,44.240224581772246,44.52076640328456,0.28054182151231216,1.4676069204304412,1.2362994116084127,2.4068369015137927,41.36371501772858,47.11673414581591,42.097619556532074,46.94391325003705,-4.436858505454722,4.997942148479345
2023-12-12,44.34965476812442,44.29555875367684,-0.054096014447573136,1.377385693062129,1.2896088158033088,2.391453604868802,41.64997880972264,47.04933072652619,41.76792547470236,46.82319203265133,-4.741345079990425,4.633153051095278
2023-12-13,44.34965476812442,44.29555875367685,-0.054096014447573004,1.3773856930621293,1.2896088158033088,2.391453604868802,41.64997880972264,47.04933072652619,41.767925474702366,46.823192032651335,-4.741345079990425,4.633153051095278
2023-12-14,44.349654768124424,44.29555875367685,-0.05409601444757301,1.3773856930621293,1.2896088158033088,2.3914536048688024,41.64997880972265,47.0493307265262,41.767925474702366,46.823192032651335,-4.741345079990426,4.633153051095279
2023-12-15,44.34965476812442,44.29555875367684,-0.0540960144475731,1.377385693062129,1.2896088158033088,2.391453604868802,41.64997880972264,47.04933072652619,41.76792547470236,46.82319203265133,-4.741345079990425,4.633153051095278
2023-12-16,44.62527091476674,44.42490888462836,-0.20036203013837967,1.3421319704908978,1.1767498723009413,2.1496996326319397,41.99469225260458,47.255849576928895,42.118479134918516,46.7313386343382,-4.413773310096982,4.013049249820222
2023-12-17,44.508014908431214,44.48787294267297,-0.020141965758239472,1.3010118330015383,1.1065068757605636,2.094421720043267,41.9580317157482,47.05799810111423,42.319119466182265,46.65662641916368,-4.125208537043043,4.084924605526564
2023-12-18,44.38538607135514,44.40397141899851,0.01858534764336826,1.2038953096526037,1.0088985591828474,1.8838118223553382,42.02575126443604,46.74502087827425,42.42653024300013,46.38141259499689,-3.6736858241730945,3.710856519459831
2023-12-19,44.3974100681981,44.40077421861795,0.003364150419848242,1.196343224216344,0.9991845192503906,1.8683881040448034,42.05257734873406,46.742242787662136,42.44237256088718,46.359175876348715,-3.6586765335079665,3.6654048343476626
2023-12-20,44.3974100681981,44.40077421861795,0.0033641504198482657,1.196343224216344,0.9991845192503906,1.8683881040448036,42.05257734873406,46.742242787662136,42.44237256088718,46.359175876348715,-3.658676533507967,3.665404834347663
2023-12-21,44.3974100681981,44.40077421861794,0.003364150419848254,1.1963432242163439,0.9991845192503906,1.8683881040448034,42.05257734873406,46.742242787662136,42.44237256088717,46.35917587634871,-3.6586765335079665,3.6654048343476626
2023-12-22,44.3974100681981,44.40077421861795,0.003364150419848281,1.196343224216344,0.9991845192503906,1.8683881040448036,42.05257734873406,46.742242787662136,42.44237256088718,46.359175876348715,-3.6586765335079665,3.6654048343476635
2023-12-23,44.3974100681981,44.40077421861795,0.0033641504198482796,1.196343224216344,0.9991845192503906,1.8683881040448036,42.05257734873406,46.742242787662136,42.44237256088718,46.359175876348715,-3.6586765335079665,3.6654048343476635
2023-12-24,44.3974100681981,44.40077421861795,0.0033641504198482644,1.1963432242163439,0.9991845192503905,1.8683881040448034,42.05257734873406,46.742242787662136,42.44237256088718,46.359175876348715,-3.6586765335079665,3.6654048343476626
2023-12-25,44.39741006819809,44.40077421861794,0.0033641504198483065,1.1963432242163439,0.9991845192503906,1.8683881040448034,42.052577348734054,46.74224278766213,42.44237256088717,46.35917587634871,-3.658676533507966,3.665404834347663
2023-12-26,44.3974100681981,44.40077421861795,0.0033641504198482384,1.196343224216344,0.9991845192503906,1.8683881040448034,42.05257734873406,46.742242787662136,42.44237256088718,46.359175876348715,-3.6586765335079665,3.6654048343476626
2023-12-27,44.39741006819809,44.40077421861794,0.0033641504198483707,1.1963432242163439,0.9991845192503906,1.8683881040448036,42.052577348734054,46.74224278766213,42.44237256088717,46.35917587634871,-3.6586765335079665,3.6654048343476635
2023-12-28,44.39741006819809,44.40077421861794,0.0033641504198482497,1.1963432242163439,0.9991845192503905,1.8683881040448034,42.052577348734054,46.74224278766213,42.44237256088717,46.35917587634871,-3.6586765335079665,3.6654048343476626
2023-12-29,44.3974100681981,44.40077421861795,0.0033641504198482306,1.1963432242163439,0.9991845192503906,1.8683881040448034,42.05257734873406,46.742242787662136,42.44237256088718,46.359175876348715,-3.6586765335079665,3.6654048343476626
2023-12-30,44.3974100681981,44.40077421861795,0.0033641504198481833,1.196343224216344,0.9991845192503905,1.8683881040448034,42.05257734873406,46.742242787662136,42.44237256088718,46.359175876348715,-3.6586765335079665,3.6654048343476626
2023-12-31,44.3974100681981,44.40077421861795,0.003364150419848416,1.196343224216344,0.9991845192503906,1.8683881040448036,42.05257734873406,46.742242787662136,42.44237256088718,46.359175876348715,-3.6586765335079665,3.6654048343476635
2024-01-01,44.3974100681981,44.40077421861795,0.0033641504198483195,1.196343224216344,0.9991845192503906,1.8683881040448036,42.05257734873406,46.742242787662136,42.44237256088718,46.359175876348715,-3.6586765335079665,3.6654048343476635
2024-01-02,43.60176863561269,45.16120138801013,1.5594327523974387,1.1269221725023388,0.9764705739678731,1.950193572923839,41.39300117750811,45.810536093717275,43.247319063033096,47.07508371298716,-2.262946650533286,5.381812155328163
2024-01-03,43.60176863561269,45.16120138801013,1.5594327523974387,1.1269221725023388,0.9764705739678731,1.950193572923839,41.39300117750811,45.810536093717275,43.247319063033096,47.07508371298716,-2.262946650533286,5.381812155328163
2024-01-04,43.07367761475226,44.54615286791203,1.4724752531597631,1.051410670116365,1.0286203067088722,1.4813361913904612,41.01291270132419,45.13444252818034,42.53005706676264,46.56224866906142,-1.430943681965541,4.375894188285067
2024-01-05,42.99020221137271,44.63511928065244,1.644917069279732,0.988574892478164,0.9709560224087955,1.4246626172553678,41.05259542211551,44.927809000629914,42.7320454767312,46.53819308457368,-1.147421660540789,4.437255799100253
2024-01-06,42.990202211372704,44.63511928065244,1.644917069279732,0.988574892478164,0.9709560224087954,1.4246626172553678,41.0525954221155,44.92780900062991,42.7320454767312,46.53819308457368,-1.147421660540789,4.437255799100253
2024-01-07,42.99020221137271,44.63511928065245,1.644917069279732,0.988574892478164,0.9709560224087955,1.4246626172553678,41.05259542211551,44.927809000629914,42.73204547673121,46.538193084573685,-1.147421660540789,4.437255799100253
2024-01-08,42.990202211372704,44.63511928065244,1.644917069279732,0.9885748924781639,0.9709560224087954,1.4246626172553678,41.0525954221155,44.92780900062991,42.7320454767312,46.53819308457368,-1.147421660540789,4.437255799100253
2024-01-09,43.569247987987104,44.62727101534736,1.058023027360256,1.220315191297672,0.79859278835338,1.4025429601800525,41.177430213043664,45.961065762930545,43.06202915017474,46.192512880519985,-1.690961174592647,3.807007229313159
2024-01-10,43.569247987987104,44.62727101534736,1.0580230273602558,1.220315191297672,0.79859278835338,1.4025429601800525,41.177430213043664,45.961065762930545,43.06202915017474,46.192512880519985,-1.6909611745926472,3.8070072293131587
2024-01-11,43.5692479879871,44.627271015347354,1.0580230273602558,1.2203151912976717,0.79859278835338,1.4025429601800523,41.177430213043664,45.96106576293053,43.06202915017473,46.19251288051998,-1.6909611745926467,3.8070072293131583
2024-01-12,43.73918028448847,44.81182076575944,1.0726404812709767,0.952564746531234,0.6488048271612386,1.0688854746491498,41.87215338128725,45.60620718768969,43.54016330452342,46.08347822699547,-1.022375049041357,3.1676560115833103
2024-01-13,43.73918028448847,44.81182076575944,1.0726404812709767,0.952564746531234,0.6488048271612386,1.0688854746491498,41.87215338128725,45.60620718768969,43.54016330452342,46.08347822699547,-1.022375049041357,3.1676560115833103
2024-01-14,43.828502431089476,44.77970286238034,0.9512004312908638,0.9846373651443086,0.6400029008724678,1.1358236269543194,41.89861319540663,45.75839166677232,43.5252971766703,46.03410854809038,-1.2750138775396018,3.1774147401213297
2024-01-15,43.82850243108948,44.77970286238035,0.9512004312908638,0.9846373651443086,0.6400029008724678,1.1358236269543194,41.89861319540664,45.758391666772326,43.52529717667031,46.03410854809039,-1.2750138775396018,3.1774147401213297
2024-01-16,43.58643764488553,44.53851308737224,0.9520754424867153,0.944188681493101,0.6900630708952461,0.9780752997485882,41.73582782915905,45.43704746061201,43.18598946841755,45.89103670632692,-0.9649521450205176,2.869103029993948
2024-01-17,43.58643764488553,44.538513087372245,0.9520754424867153,0.944188681493101,0.6900630708952461,0.9780752997485882,41.73582782915905,45.43704746061201,43.18598946841756,45.89103670632693,-0.9649521450205176,2.869103029993948
2024-01-18,43.591758312538424,44.61779553741654,1.0260372248781195,0.7263248067955764,1.5923195484371697,1.6332743899568885,42.1681616912191,45.01535493385775,41.49684922247969,47.73874185235339,-2.1751805794373817,4.227255029193621
2024-01-19,43.59342157084922,44.64677561740865,1.0533540465594233,0.7014390247640393,1.5516510096265859,1.588935563742794,42.21860108231171,44.96824205938674,41.60553963854054,47.68801159627676,-2.0609596583764525,4.1676677514952996
2024-01-20,43.59342157084922,44.64677561740865,1.053354046559423,0.7014390247640393,1.5516510096265856,1.5889355637427938,42.21860108231171,44.96824205938674,41.60553963854054,47.68801159627676,-2.0609596583764525,4.167667751495299
2024-01-21,43.59342157084923,44.64677561740865,1.0533540465594233,0.7014390247640393,1.5516510096265859,1.588935563742794,42.218601082311714,44.968242059386746,41.60553963854054,47.68801159627676,-2.0609596583764525,4.1676677514952996
2024-01-22,43.4037602615346,44.57579699422552,1.1720367326909147,1.13937274115607,1.5566108808897816,1.6562369911407957,41.1705896888687,45.6369308342005,41.52483966768155,47.62675432076949,-2.074187769945045,4.418261235326874
2024-01-23,43.71843664498111,44.59915133393384,0.8807146889527298,1.1197818245499596,1.3818441802744055,1.4803142628735366,41.52366426886319,45.91320902109903,41.890736740596004,47.307565927271675,-2.020701266279402,3.7821306441848614
2024-01-24,43.718436644981104,44.59915133393384,0.8807146889527298,1.1197818245499596,1.3818441802744055,1.4803142628735366,41.523664268863186,45.91320902109902,41.890736740596004,47.307565927271675,-2.020701266279402,3.7821306441848614
2024-01-25,43.718436644981104,44.59915133393383,0.8807146889527295,1.1197818245499596,1.3818441802744053,1.4803142628735364,41.523664268863186,45.91320902109902,41.890736740596,47.30756592727167,-2.020701266279402,3.7821306441848606
2024-01-26,43.71843664498111,44.59915133393384,0.8807146889527296,1.1197818245499596,1.3818441802744053,1.4803142628735366,41.52366426886319,45.91320902109903,41.890736740596004,47.307565927271675,-2.020701266279402,3.7821306441848614
2024-01-27,43.71843664498111,44.59915133393384,0.8807146889527298,1.1197818245499596,1.3818441802744055,1.4803142628735366,41.52366426886319,45.91320902109903,41.890736740596004,47.307565927271675,-2.020701266279402,3.7821306441848614
2024-01-28,43.718436644981104,44.59915133393383,0.8807146889527298,1.1197818245499596,1.3818441802744053,1.4803142628735366,41.523664268863186,45.91320902109902,41.890736740596,47.30756592727167,-2.020701266279402,3.7821306441848614
2024-01-29,43.61529457446444,44.339979638434954,0.7246850639705136,1.103483463060039,1.2117759510643176,1.20595047403322,41.45246698686677,45.77812216206212,41.96489877434889,46.71506050252102,-1.6389778651345976,3.088347993075625
2024-01-30,43.69297138602075,44.77077082822497,1.0777994422042174,1.0029933536872506,1.3839123157355282,1.103578611711236,41.72710441279374,45.65883835924776,42.05830268938333,47.483238967066605,-1.085214636749805,3.24081352115824
2024-01-31,43.6175170382194,44.477232897309555,0.8597158590901633,0.9260000272592719,1.3689450152782294,1.106847480790825,41.802556984791224,45.43247709164757,41.794100667364226,47.160365127254884,-1.3097052032598535,3.0291369214401804
2024-02-01,43.880079388107475,44.504818732661384,0.6247393445539092,1.0289338123453788,1.266966278865668,1.198990703396958,41.86336911591053,45.89678966030442,42.02156482608468,46.98807263923809,-1.7252824341041282,2.974761123211947
2024-02-02,43.915451781283394,44.48367311625497,0.5682213349715727,1.0124035985681525,1.2370059437152081,1.1884750970131839,41.931140728089815,45.899762834476974,42.05914146657316,46.90820476593678,-1.7611898551742677,2.897632525117413
2024-02-03,43.8478269332391,44.45003643945509,0.6022095062159915,1.0749526619355676,1.2356518334738182,1.1887974571494229,41.740919715845386,45.95473415063281,42.028158845846406,46.871914033063774,-1.727833509796877,2.9322525222288602
2024-02-04,43.8478269332391,44.45003643945509,0.6022095062159913,1.0749526619355676,1.235651833473818,1.1887974571494229,41.740919715845386,45.95473415063281,42.028158845846406,46.871914033063774,-1.7278335097968773,2.9322525222288602
2024-02-05,43.847826933239105,44.4500364394551,0.6022095062159915,1.0749526619355676,1.2356518334738182,1.188797457149423,41.74091971584539,45.95473415063282,42.02815884584641,46.87191403306378,-1.7278335097968776,2.9322525222288607
2024-02-06,44.09644665764187,44.3768149117878,0.2803682541459236,1.2084949889803407,1.183975838620979,1.420370917540386,41.7277964792404,46.46509683604334,42.05622226809068,46.697407555484915,-2.5035587442332328,3.06429525252508
2024-02-07,44.09644665764188,44.3768149117878,0.2803682541459236,1.208494988980341,1.183975838620979,1.4203709175403862,41.72779647924041,46.465096836043344,42.05622226809068,46.697407555484915,-2.503558744233233,3.0642952525250804
2024-02-08,44.214587526942715,44.563846254689295,0.3492587277465805,1.077284799862141,1.0888095428374258,1.2477745970167475,42.10310931921292,46.32606573467251,42.42977955072794,46.69791295865065,-2.0963794824062445,2.7948969378994057
2024-02-09,44.21458752694272,44.5638462546893,0.34925872774658057,1.077284799862141,1.088809542837426,1.2477745970167478,42.103109319212926,46.32606573467252,42.42977955072795,46.697912958650655,-2.096379482406245,2.794896937899406
2024-02-10,44.214587526942715,44.563846254689295,0.3492587277465804,1.077284799862141,1.0888095428374258,1.2477745970167475,42.10310931921292,46.32606573467251,42.42977955072794,46.69791295865065,-2.0963794824062445,2.7948969378994057
2024-02-11,44.21458752694272,44.5638462546893,0.3492587277465805,1.077284799862141,1.088809542837426,1.2477745970167478,42.103109319212926,46.32606573467252,42.42977955072795,46.697912958650655,-2.096379482406245,2.794896937899406
2024-02-12,44.21458752694272,44.5638462546893,0.34925872774658046,1.077284799862141,1.0888095428374258,1.2477745970167478,42.103109319212926,46.32606573467252,42.42977955072795,46.697912958650655,-2.096379482406245,2.794896937899406
2024-02-13,44.33406440036378,44.42721739650122,0.0931529961374408,0.9975270357271627,1.0272395987891232,1.245562626182887,42.37891141033854,46.28921739038902,42.41382778287454,46.4406070101279,-2.3481497511810177,2.5344557434558994
2024-02-14,44.17608804693623,44.66171893257464,0.4856308856384114,0.9256438567854903,0.9883142828127377,1.0900945128574715,42.361826087636665,45.99035000623579,42.72462293826167,46.598814926887606,-1.6509543595622325,2.6222161308390555
2024-02-15,44.176088046936236,44.661718932574644,0.48563088563841145,0.9256438567854905,0.9883142828127378,1.0900945128574715,42.36182608763667,45.9903500062358,42.724622938261675,46.59881492688761,-1.6509543595622325,2.6222161308390555
2024-02-16,44.176088046936236,44.66171893257465,0.48563088563841145,0.9256438567854905,0.9883142828127377,1.0900945128574715,42.36182608763667,45.9903500062358,42.72462293826168,46.59881492688762,-1.6509543595622325,2.6222161308390555
2024-02-17,44.176088046936236,44.661718932574644,0.48563088563841145,0.9256438567854904,0.9883142828127377,1.0900945128574715,42.36182608763667,45.9903500062358,42.724622938261675,46.59881492688761,-1.6509543595622325,2.6222161308390555
2024-02-18,44.17608804693623,44.661718932574644,0.4856308856384114,0.9256438567854904,0.9883142828127377,1.0900945128574715,42.361826087636665,45.99035000623579,42.724622938261675,46.59881492688761,-1.6509543595622325,2.6222161308390555
2024-02-19,44.17608804693623,44.661718932574644,0.4856308856384114,0.9256438567854904,0.9883142828127378,1.0900945128574715,42.361826087636665,45.99035000623579,42.724622938261675,46.59881492688761,-1.6509543595622325,2.6222161308390555
2024-02-20,44.10304303208987,44.301280584557674,0.19823755246780514,0.8323941687922994,1.160238922963412,1.1504976952655706,42.47155046125697,45.734535602922776,42.02721229554938,46.575348873565964,-2.056737930252713,2.4532130351883232
2024-02-21,44.10304303208987,44.301280584557674,0.19823755246780508,0.8323941687922994,1.1602389229634122,1.1504976952655706,42.47155046125697,45.734535602922776,42.02721229554938,46.575348873565964,-2.056737930252713,2.4532130351883232
2024-02-22,44.43228574970343,44.29493610785666,-0.13734964184677484,1.0025791520395304,1.0409527458587131,1.2285470907681078,42.46723061170595,46.39734088770091,42.25466872597358,46.33520348973973,-2.545301939752266,2.2706026560587165
2024-02-23,44.43228574970343,44.29493610785666,-0.13734964184677478,1.0025791520395302,1.0409527458587131,1.2285470907681078,42.46723061170595,46.39734088770091,42.25466872597358,46.33520348973973,-2.545301939752266,2.2706026560587165
2024-02-24,44.43228574970343,44.29493610785666,-0.13734964184677484,1.0025791520395304,1.0409527458587131,1.2285470907681078,42.46723061170595,46.39734088770091,42.25466872597358,46.33520348973973,-2.545301939752266,2.2706026560587165
2024-02-25,44.441446165472904,44.64713858967338,0.2056924242004757,0.8821253556962303,1.1238773831690236,1.253229684270361,42.71248046830829,46.170411862637515,42.4443389186621,46.84993826068467,-2.250637756969432,2.662022605370383
2024-02-26,44.441446165472904,44.64713858967338,0.20569242420047565,0.8821253556962303,1.1238773831690236,1.253229684270361,42.71248046830829,46.170411862637515,42.4443389186621,46.84993826068467,-2.250637756969432,2.662022605370383
2024-02-27,44.945624190764214,44.63832685399971,-0.30729733676450477,1.294828292374791,1.9802948066040453,1.3867879335781073,42.40776073770962,47.483487643818805,40.756949033055776,48.51970467494364,-3.0254016865775952,2.4108070130485855
2024-02-28,44.851720275163615,44.62088597705655,-0.23083429810706707,1.3234070979805748,1.9298214378960215,1.3895311962315569,42.25784236312169,47.44559818720554,40.83843595878035,48.40333599533275,-2.954315442720919,2.4926468465067844
2024-02-29,44.851720275163615,44.620885977056545,-0.23083429810706702,1.3234070979805748,1.9298214378960212,1.3895311962315569,42.25784236312169,47.44559818720554,40.838435958780344,48.403335995332746,-2.954315442720919,2.4926468465067844
2024-03-01,44.82554251537115,44.35272025424135,-0.4728222611298006,1.1823421577645075,1.802384800439799,1.3294963576220509,42.50815188615271,47.142933144589584,40.82004604537934,47.88539446310335,-3.0786351220690205,2.132990599809419
2024-03-02,44.82554251537115,44.35272025424135,-0.4728222611298005,1.1823421577645075,1.802384800439799,1.3294963576220509,42.50815188615271,47.142933144589584,40.82004604537934,47.88539446310335,-3.07863512206902,2.1329905998094194
2024-03-03,44.82554251537115,44.35272025424135,-0.47282226112980047,1.1823421577645075,1.802384800439799,1.3294963576220509,42.50815188615271,47.142933144589584,40.82004604537934,47.88539446310335,-3.07863512206902,2.1329905998094194
2024-03-04,44.82554251537115,44.35272025424135,-0.4728222611298007,1.1823421577645075,1.8023848004397993,1.3294963576220509,42.50815188615271,47.142933144589584,40.82004604537934,47.88539446310335,-3.0786351220690205,2.132990599809419
2024-03-05,44.252523355896514,44.444472270244006,0.19194891434749434,1.5848396127379945,1.6412785196309791,1.8105363975356985,41.146237714930045,47.35880899686298,41.22756637176729,47.661378168720724,-3.356702424822475,3.740600253517463
2024-03-06,44.624357756867376,44.25519293824372,-0.3691648186236616,1.4819970015366413,1.445349110267301,1.8005241924867796,41.71964363385556,47.52907187987919,41.422308682119805,47.08807719436763,-3.898192235897749,3.1598625986504265
2024-03-07,44.692312533059585,44.2461237987103,-0.4461887343492831,1.4447830978163108,1.3902581006234631,1.7522120487229984,41.86053766133961,47.52408740477956,41.521217921488315,46.971029675932286,-3.8805243498463597,2.988146881147794
2024-03-08,44.69231253305959,44.24612379871031,-0.4461887343492831,1.444783097816311,1.3902581006234631,1.7522120487229988,41.86053766133962,47.524087404779564,41.52121792148832,46.97102967593229,-3.8805243498463606,2.9881468811477947
2024-03-09,44.692312533059585,44.24612379871031,-0.4461887343492832,1.4447830978163108,1.3902581006234631,1.7522120487229986,41.86053766133961,47.52408740477956,41.52121792148832,46.97102967593229,-3.88052434984636,2.9881468811477943
2024-03-10,44.692312533059585,44.2461237987103,-0.44618873434928313,1.4447830978163108,1.3902581006234631,1.7522120487229986,41.86053766133961,47.52408740477956,41.521217921488315,46.971029675932286,-3.88052434984636,2.9881468811477943
2024-03-11,44.94901237725651,44.340053944243664,-0.6089584330128408,1.3515302781290335,1.2916294885206112,1.566724713934193,42.3000130321236,47.598011722389415,41.808460146743265,46.87164774174406,-3.679738872323859,2.4618220062981777
2024-03-12,44.771271481011695,44.234733623698375,-0.5365378573133182,1.2784210031905647,1.208365422092273,1.4277257552365705,42.26556631475819,47.2769766472652,41.86633739639752,46.60312985099923,-3.334880337576996,2.26180462295036
2024-03-13,44.792915963438475,44.30392125440285,-0.4889947090356294,1.176837599212597,1.1230691623846067,1.3177719764412341,42.486314268981786,47.09951765789516,42.10270569612902,46.50513681267668,-3.071827782860448,2.0938383647891894
2024-03-14,44.824284281375014,44.33626672838056,-0.4880175529944507,1.1538018633736504,1.1026640264173215,1.2827647103977131,42.562832629162656,47.08573593358737,42.17504523660261,46.49748822015851,-3.0022363853739686,2.026201279385067
2024-03-15,44.688482690180976,44.44784309226709,-0.24063959791388145,0.9923360762248646,0.9428148810858934,1.1444367107840292,42.74350398078024,46.63346139958171,42.59992592533874,46.29576025919545,-2.4837355510505787,2.002456355222816
2024-03-16,44.688482690180976,44.44784309226709,-0.24063959791388148,0.9923360762248645,0.9428148810858934,1.144436710784029,42.74350398078024,46.63346139958171,42.59992592533874,46.29576025919545,-2.4837355510505783,2.0024563552228156
2024-03-17,44.72613928827939,44.49218397131431,-0.23395531696507355,0.9818709043929684,0.9408336003987411,1.116997421181505,42.80167231566917,46.65060626088961,42.64815011453278,46.33621782809584,-2.4232702624808233,1.955359628550676
2024-03-18,44.726139288279384,44.49218397131431,-0.23395531696507363,0.9818709043929684,0.9408336003987411,1.1169974211815048,42.801672315669165,46.6506062608896,42.64815011453278,46.33621782809584,-2.423270262480823,1.9553596285506756
2024-03-19,44.762409448014026,44.55365044019191,-0.20875900782211484,0.8795267605390282,0.8673256600489946,1.0084919172949594,43.03853699735753,46.48628189867052,42.85369214649588,46.25360873388794,-2.185403165720235,1.7678851500760053
2024-03-20,44.762409448014026,44.55365044019191,-0.20875900782211484,0.8795267605390282,0.8673256600489946,1.0084919172949594,43.03853699735753,46.48628189867052,42.85369214649588,46.25360873388794,-2.185403165720235,1.7678851500760053
2024-03-21,45.51011586740993,44.39416900838224,-1.1159468590276884,1.4836285736879575,0.7930837747568255,1.7694624340410297,42.60220386298153,48.418027871838326,42.839724809858865,45.94861320690562,-4.584093229748106,2.3521995116927297
2024-03-22,45.51011586740993,44.39416900838224,-1.1159468590276884,1.4836285736879575,0.7930837747568257,1.7694624340410297,42.60220386298153,48.418027871838326,42.839724809858865,45.94861320690562,-4.584093229748106,2.3521995116927297
2024-03-23,45.51011586740994,44.39416900838225,-1.1159468590276884,1.4836285736879575,0.7930837747568257,1.7694624340410297,42.60220386298154,48.41802787183833,42.83972480985887,45.94861320690563,-4.584093229748106,2.3521995116927297
2024-03-24,45.51011586740993,44.39416900838224,-1.1159468590276884,1.4836285736879575,0.7930837747568256,1.7694624340410297,42.60220386298153,48.418027871838326,42.839724809858865,45.94861320690562,-4.584093229748106,2.3521995116927297
2024-03-25,45.51011586740993,44.39416900838224,-1.1159468590276884,1.4836285736879575,0.7930837747568255,1.7694624340410297,42.60220386298153,48.418027871838326,42.839724809858865,45.94861320690562,-4.584093229748106,2.3521995116927297
2024-03-26,45.361204389092684,44.31942662264232,-1.0417777664503631,1.2930124462331876,0.7980633339850549,1.557460287869747,42.82689999447564,47.89550878370973,42.75522248803161,45.88363075725302,-4.094399930675067,2.010844397774341
2024-03-27,45.06501085402041,44.115757367317286,-0.9492534867031243,1.2427545838227319,0.7749856997200796,1.3623972290610433,42.629211869727854,47.50080983831296,42.59678539586593,45.63472933876864,-3.619552055662769,1.7210450822565209
2024-03-28,45.12695001509551,44.7909933474457,-0.3359566676498079,1.0545899601104274,1.3822160692647951,1.6115003203153633,43.05995369327907,47.19394633691195,42.0818498516867,47.5001368432047,-3.49449729546792,2.8225839601683043
2024-03-29,45.125672175783656,44.56854126885189,-0.5571309069317738,0.92804696092392025,1.2842872725976855,1.4761472666145126,43.306700132372775,46.94464421919454,42.051338214560424,47.08574432314335,-3.450379549496218,2.336117735632671
2024-03-30,45.125672175783656,44.56854126885189,-0.5571309069317738,0.92804696092392025,1.2842872725976855,1.4761472666145126,43.306700132372775,46.94464421919454,42.051338214560424,47.08574432314335,-3.450379549496218,2.336117735632671
2024-03-31,45.125672175783656,44.56854126885189,-0.5571309069317738,0.92804696092392025,1.2842872725976855,1.4761472666145128,43.306700132372775,46.94464421919454,42.051338214560424,47.08574432314335,-3.450379549496219,2.336117735632671
2024-04-01,45.12567217578365,44.568541268851874,-0.5571309069317736,0.9280469609239201,1.2842872725976855,1.4761472666145126,43.30670013237277,46.94464421919453,42.05133821456041,47.08574432314334,-3.450379549496218,2.336117735632671
2024-04-02,45.08477130641143,44.245055762170985,-0.8397155442404515,0.8455883043971835,1.3537022006314787,1.464125026094537,43.427418229792956,46.74212438302991,41.59179944893329,46.89831207540868,-3.709400595385744,2.029969506904841
2024-04-03,45.44871239989512,44.52799823786298,-0.9207141620321417,0.957066242829908,1.2613694312222277,1.2706291961033978,43.572862563948505,47.32456223584174,42.05571415266741,47.00028232305855,-3.411147386394801,1.5697190623305177
2024-04-04,45.44871239989512,44.52799823786298,-0.9207141620321418,0.957066242829908,1.2613694312222274,1.2706291961033975,43.572862563948505,47.32456223584174,42.05571415266741,47.00028232305855,-3.4111473863948008,1.5697190623305173
2024-04-05,45.448712399895115,44.527998237862974,-0.9207141620321417,0.9570662428299079,1.2613694312222274,1.2706291961033975,43.5728625639485,47.32456223584173,42.055714152667406,47.00028232305854,-3.4111473863948008,1.5697190623305173
2024-04-06,45.448712399895115,44.527998237862974,-0.9207141620321417,0.9570662428299079,1.2613694312222274,1.2706291961033975,43.5728625639485,47.32456223584173,42.055714152667406,47.00028232305854,-3.4111473863948008,1.5697190623305173
2024-04-07,45.44871239989512,44.527998237862974,-0.9207141620321417,0.957066242829908,1.2613694312222274,1.2706291961033975,43.572862563948505,47.32456223584174,42.055714152667406,47.00028232305854,-3.4111473863948008,1.5697190623305173
2024-04-08,45.448712399895115,44.527998237862974,-0.9207141620321417,0.9570662428299079,1.2613694312222274,1.2706291961033975,43.5728625639485,47.32456223584173,42.055714152667406,47.00028232305854,-3.4111473863948008,1.5697190623305173
2024-04-09,45.090341667377,44.62480221636593,-0.4655394510110697,1.0778433742468065,1.1011606660478817,1.360824484624761,42.97776865385325,47.20291468090074,42.46652731091208,46.78307712181978,-3.132755440875601,2.201676538853462
2024-04-10,45.16596139750492,44.67724318538099,-0.4887182121239303,0.9035416781602688,0.9191950957105407,1.132276872462641,43.3950197083108,46.93690308669905,42.87562079778833,46.478865572973646,-2.7079808821507068,1.730544457902846
2024-04-11,45.045484839113506,44.605903775942174,-0.43958106317132933,0.9006326987298138,0.878459412665328,1.065225884256712,43.28024474960307,46.81072492862394,42.88412332711813,46.327684224766216,-2.5274237963144848,1.648261669971826
2024-04-12,45.045484839113506,44.60590377594218,-0.43958106317132933,0.9006326987298139,0.878459412665328,1.065225884256712,43.28024474960307,46.81072492862394,42.88412332711814,46.32768422476622,-2.5274237963144848,1.648261669971826
2024-04-13,45.23759267432164,44.54483374103026,-0.6927589332913806,0.9762646045798214,0.8346209000223709,1.190416321736847,43.32411404934519,47.15107129929809,42.908976776986414,46.180690705074106,-3.0259749238956006,1.6404570573128394
2024-04-14,45.765308842969254,44.41402112110661,-1.3512877218626507,1.3264891379895944,0.7799719290236801,1.6391895326697021,43.16539013250965,48.36522755342886,42.88527614022019,45.94276610199302,-4.564099205895267,1.8615237621699654
2024-04-15,45.808456284354556,44.331173713534916,-1.4772825708196409,1.2223415235077533,0.7512512750938226,1.5311496293005296,43.41266689827936,48.20424567042975,42.85872121435102,45.80362621271881,-4.4783358442486785,1.523770702609397
2024-04-16,45.582743362703404,44.493364776184954,-1.0893785865184515,1.1886169760251395,0.6895522669009974,1.4852036397497768,43.25305408969413,47.912432635712676,43.141842333059,45.844887219310905,-4.000377720428014,1.821620547391111
2024-04-17,45.31993303017817,44.44799690666984,-0.8719361235083222,1.2472561509403974,0.7067630620576748,1.3671407599165963,42.875310974334994,47.764555086021346,43.0627413050368,45.833252508302884,-3.551532012944851,1.8076597659282068
2024-04-18,45.31993303017816,44.44799690666984,-0.8719361235083222,1.2472561509403974,0.7067630620576747,1.3671407599165963,42.87531097433499,47.76455508602134,43.0627413050368,45.833252508302884,-3.551532012944851,1.8076597659282068
2024-04-19,45.31993303017816,44.44799690666984,-0.8719361235083222,1.2472561509403974,0.7067630620576747,1.3671407599165963,42.87531097433499,47.76455508602134,43.0627413050368,45.833252508302884,-3.551532012944851,1.8076597659282068
2024-04-20,45.31993303017816,44.44799690666984,-0.8719361235083222,1.2472561509403974,0.7067630620576747,1.3671407599165963,42.87531097433499,47.76455508602134,43.0627413050368,45.833252508302884,-3.551532012944851,1.8076597659282068
2024-04-21,45.31993303017816,44.44799690666984,-0.8719361235083222,1.2472561509403974,0.7067630620576747,1.3671407599165963,42.87531097433499,47.76455508602134,43.0627413050368,45.833252508302884,-3.551532012944851,1.8076597659282068
2024-04-22,45.31993303017817,44.44799690666985,-0.8719361235083223,1.2472561509403974,0.7067630620576747,1.3671407599165963,42.875310974334994,47.764555086021346,43.06274130503681,45.83325250830289,-3.5515320129448513,1.8076597659282065
2024-04-23,45.2629583915894,44.350682516144325,-0.9122758754450713,1.1585116203695027,0.6902145579990734,1.2526227258014306,42.99227561566518,47.53364116751362,42.99786198246614,45.70350304982251,-3.367416418015875,1.5428646671257327
2024-04-24,45.2629583915894,44.350682516144325,-0.9122758754450713,1.1585116203695027,0.6902145579990734,1.2526227258014306,42.99227561566518,47.53364116751362,42.99786198246614,45.70350304982251,-3.367416418015875,1.5428646671257327
2024-04-25,45.26295839158939,44.350682516144325,-0.9122758754450712,1.1585116203695027,0.6902145579990734,1.2526227258014306,42.992275615665164,47.53364116751362,42.99786198246614,45.70350304982251,-3.367416418015875,1.5428646671257327
2024-04-26,45.26295839158939,44.350682516144325,-0.912275875445071,1.1585116203695027,0.6902145579990734,1.2526227258014306,42.992275615665164,47.53364116751362,42.99786198246614,45.70350304982251,-3.3674164180158748,1.542864667125733
2024-04-27,45.26295839158939,44.350682516144325,-0.9122758754450712,1.1585116203695027,0.6902145579990734,1.2526227258014306,42.992275615665164,47.53364116751362,42.99786198246614,45.70350304982251,-3.367416418015875,1.5428646671257327
2024-04-28,45.140810040615236,44.14788931935177,-0.9929207212634669,1.2064404516040617,1.0031308400491743,1.2455037652637928,42.77618675547127,47.5054333257592,42.18175287285539,46.11402576584815,-3.434108101180501,1.448266658653567
2024-04-29,45.22249150799033,44.3210058503948,-0.9014856575955247,1.0574559995222672,0.9224359380008249,1.0933636194865328,43.149877748926684,47.29510526705397,42.51303141191318,46.12898028887641,-3.044478351789129,1.2415070365980796
2024-04-30,45.15511323758406,43.99480886852126,-1.1603043690627985,0.9497341350435965,1.0315545029645539,1.079207355828693,43.29363433289861,47.01659214226951,41.97296204271073,46.01665569433179,-3.275550786487037,0.9549420483614397
2024-05-01,45.155113237584054,43.994808868521254,-1.1603043690627985,0.9497341350435965,1.0315545029645539,1.079207355828693,43.293634332898606,47.0165921422695,41.972962042710726,46.01665569433178,-3.275550786487037,0.9549420483614397
2024-05-02,45.155113237584054,43.994808868521254,-1.1603043690627985,0.9497341350435965,1.0315545029645539,1.0792073558286928,43.293634332898606,47.0165921422695,41.972962042710726,46.01665569433178,-3.2755507864870363,0.9549420483614393
2024-05-03,45.155113237584054,43.99480886852126,-1.1603043690627985,0.9497341350435965,1.0315545029645539,1.079207355828693,43.293634332898606,47.0165921422695,41.97296204271073,46.01665569433179,-3.275550786487037,0.9549420483614397
2024-05-04,44.61321725821873,44.419753116409424,-0.19346414180930782,0.8349270530654863,0.8192912149652353,1.1846511206220658,42.97676023421038,46.24967428222708,42.81394233507756,46.025563897741286,-2.5153803382285567,2.128452054609941
2024-05-05,44.613217258218725,44.419753116409424,-0.19346414180930782,0.8349270530654863,0.8192912149652353,1.1846511206220658,42.976760234210374,46.249674282227076,42.81394233507756,46.025563897741286,-2.5153803382285567,2.128452054609941
2024-05-06,44.613217258218725,44.419753116409424,-0.1934641418093079,0.8349270530654863,0.8192912149652353,1.1846511206220658,42.976760234210374,46.249674282227076,42.81394233507756,46.025563897741286,-2.5153803382285567,2.128452054609941
2024-05-07,44.6613257148471,44.32349393745624,-0.3378317773908614,0.7631805738217817,0.7628691079616884,1.1107680176805093,43.16549179015641,46.157159639537795,42.828270485851334,45.81871738906115,-2.5149370920446597,1.8392735372629367
2024-05-08,44.36031858531585,44.15196298549097,-0.20835559982488916,0.9155215693576436,0.7668163891660412,1.0292726356096327,42.56589630937487,46.15474086125683,42.649002862725524,45.65492310825641,-2.2257299656197693,1.8090187659699908
2024-05-09,45.31503241243817,44.47405746124398,-0.8409749511941844,1.8704392840635005,0.8785074849861534,1.4354012951403992,41.648971415673714,48.98109340920263,42.75218279067112,46.19593213181684,-3.6543614896693666,1.9724115872809977
2024-05-10,45.31503241243817,44.47405746124399,-0.8409749511941842,1.8704392840635005,0.8785074849861533,1.4354012951403994,41.648971415673714,48.98109340920263,42.75218279067113,46.195932131816846,-3.654361489669367,1.9724115872809984
2024-05-11,45.315032412438164,44.47405746124398,-0.8409749511941842,1.8704392840635005,0.8785074849861533,1.4354012951403992,41.64897141567371,48.98109340920262,42.75218279067112,46.19593213181684,-3.654361489669366,1.972411587280998
2024-05-12,45.31503241243817,44.47405746124399,-0.8409749511941843,1.8704392840635007,0.8785074849861534,1.4354012951403994,41.648971415673714,48.98109340920263,42.75218279067113,46.195932131816846,-3.654361489669367,1.9724115872809982
2024-05-13,45.41914435314539,44.21181384868852,-1.207330504456865,1.7370192214359683,1.0160405575520859,1.563002940396396,42.01458667913089,48.82370202715989,42.220374355886435,46.20325334149061,-4.270816267633801,1.8561552587200714
2024-05-14,45.541260257970336,44.18259436886789,-1.358665889102445,1.6049637725768953,0.9152261507870622,1.4538344858447405,42.39553126371962,48.68698925222105,42.38875111332525,45.97643762441053,-4.208181481358136,1.4908497031532464
2024-05-15,45.69827857303713,44.52518772556109,-1.1730908474760409,1.4583133056269546,1.1485053704412915,1.4241303101315375,42.8399844940083,48.55657265206596,42.27411719949616,46.77625825162602,-3.964386255333854,1.6182045603817723
2024-05-16,44.89260866289659,44.952460730785944,0.0598520678893498,1.511126606683511,1.2764342174467773,2.0280928969156387,41.93080051379691,47.85441681199627,42.45064966459026,47.45427179698163,-3.9152100100653016,4.034914145844001
2024-05-17,44.8926086628966,44.952460730785944,0.059852067889349714,1.5111266066835112,1.2764342174467773,2.0280928969156387,41.93080051379692,47.85441681199628,42.45064966459026,47.45427179698163,-3.9152100100653016,4.034914145844001
2024-05-18,44.89260866289659,44.952460730785944,0.05985206788934972,1.511126606683511,1.2764342174467773,2.0280928969156387,41.93080051379691,47.85441681199627,42.45064966459026,47.45427179698163,-3.9152100100653016,4.034914145844001
2024-05-19,44.8926086628966,44.952460730785944,0.059852067889349735,1.5111266066835112,1.2764342174467773,2.0280928969156387,41.93080051379692,47.85441681199628,42.45064966459026,47.45427179698163,-3.9152100100653016,4.034914145844001
2024-05-20,44.8926086628966,44.952460730785944,0.059852067889349866,1.511126606683511,1.2764342174467773,2.0280928969156387,41.93080051379692,47.85441681199628,42.45064966459026,47.45427179698163,-3.9152100100653016,4.034914145844001
2024-05-21,45.19217276338982,44.89865335058944,-0.2935194128003828,1.5511342753168977,1.2865496674140848,2.143461980241559,42.1519495837687,48.23239594301094,42.377016002457836,47.42029069872105,-4.4947048940738386,3.907666068473073
2024-05-22,45.19217276338983,44.89865335058944,-0.29351941280038263,1.5511342753168977,1.2865496674140848,2.143461980241559,42.151949583768705,48.23239594301095,42.377016002457836,47.42029069872105,-4.494704894073838,3.907666068473073
2024-05-23,45.05431990832206,44.92180181492945,-0.13251809339260465,1.2643400415505242,1.0288631837904945,1.7320692928653856,42.57621342688303,47.532426389761085,42.905229974700084,46.93837365515882,-3.52737390740876,3.262337720623551
2024-05-24,45.05431990832206,44.92180181492945,-0.13251809339260473,1.2643400415505242,1.0288631837904945,1.7320692928653856,42.57621342688303,47.532426389761085,42.905229974700084,46.93837365515882,-3.5273739074087604,3.2623377206235507
2024-05-25,45.05431990832206,44.92180181492945,-0.13251809339260462,1.2643400415505242,1.0288631837904945,1.7320692928653856,42.57621342688303,47.532426389761085,42.905229974700084,46.93837365515882,-3.52737390740876,3.262337720623551
2024-05-26,45.05431990832206,44.92180181492945,-0.13251809339260467,1.2643400415505242,1.0288631837904945,1.7320692928653856,42.57621342688303,47.532426389761085,42.905229974700084,46.93837365515882,-3.5273739074087604,3.2623377206235507
2024-05-27,45.05431990832206,44.92180181492945,-0.13251809339260476,1.2643400415505242,1.0288631837904945,1.7320692928653856,42.57621342688303,47.532426389761085,42.905229974700084,46.93837365515882,-3.5273739074087604,3.2623377206235507
2024-05-28,45.006514872925266,44.74371904902938,-0.2627958238958857,1.1454304360523297,1.0226419644147078,1.5977344812056404,42.7614712182627,47.25155852758783,42.73934079877655,46.74809729928221,-3.3943554070589412,2.8687637592671695
2024-05-29,45.05596931352449,44.765406232941444,-0.29056308058304364,1.0487080771029347,0.9327057435933188,1.4572502981559088,43.00050148240274,47.111437144646246,42.93730297549854,46.59350949038435,-3.1467736649686247,2.5656475038025377
2024-05-30,44.94180243200618,44.703981875092936,-0.23782055691324003,1.08609050639377,0.9056734876031547,1.4027400812021618,42.81306503947439,47.07053982453797,42.928861839390756,46.479101910795116,-2.9871911160694773,2.511550002242997
2024-05-31,44.94180243200618,44.703981875092936,-0.23782055691324008,1.08609050639377,0.9056734876031547,1.4027400812021618,42.81306503947439,47.07053982453797,42.928861839390756,46.479101910795116,-2.9871911160694773,2.511550002242997
2024-06-01,44.94180243200618,44.703981875092936,-0.23782055691324003,1.08609050639377,0.9056734876031547,1.4027400812021618,42.81306503947439,47.07053982453797,42.928861839390756,46.479101910795116,-2.9871911160694773,2.511550002242997
2024-06-02,44.94180243200617,44.703981875092936,-0.23782055691324003,1.08609050639377,0.9056734876031547,1.4027400812021618,42.81306503947438,47.07053982453796,42.928861839390756,46.479101910795116,-2.9871911160694773,2.511550002242997
2024-06-03,45.26326277778122,44.60416085194615,-0.6591019258350704,1.205034026133311,0.8494700131611037,1.563973498087039,42.901396086559934,47.62512946900251,42.93919962615038,46.26912207774191,-3.7244899820856667,2.4062861304155256
2024-06-04,45.38538022966696,44.86004624949183,-0.5253339801751293,1.1136241682333092,0.8968309975281137,1.4245182888553325,43.20267685992967,47.56808359940425,43.102257494336726,46.617835004646935,-3.317389826331581,2.266721865981322
2024-06-05,45.12552521540339,44.98405589382696,-0.14146932157643,1.1709841506389955,0.8653507575481768,1.55695006401506,42.830396280150964,47.42065415065582,43.28796840903254,46.68014337862139,-3.1930914470459477,2.9101528038930873
2024-06-06,45.11308637118333,44.63101590434757,-0.48207046683576293,1.003431810805251,0.909518250036752,1.3465408716582394,43.146360022005034,47.07981272036162,42.84836013427554,46.413671674419604,-3.1212905752859124,2.157149641614386
2024-06-07,45.11308637118333,44.631015904347564,-0.4820704668357629,1.0034318108052507,0.9095182500367519,1.3465408716582392,43.146360022005034,47.07981272036162,42.84836013427553,46.4136716744196,-3.1212905752859115,2.157149641614386
2024-06-08,45.11308637118333,44.631015904347564,-0.4820704668357629,1.0034318108052507,0.9095182500367519,1.3465408716582392,43.146360022005034,47.07981272036162,42.84836013427553,46.4136716744196,-3.1212905752859115,2.157149641614386
2024-06-09,45.14302924211291,44.634668718066216,-0.5083605240466984,0.9845629106242685,0.8851634278788032,1.3149771012327245,43.21328593728934,47.07277254693648,42.899748399423764,46.36958903670867,-3.085715642462838,2.0689945943694417
2024-06-10,44.98255627898425,45.05015869593049,0.06760241694624568,0.9239055989795647,1.114141591833493,1.6001919197939276,43.1717013049843,46.79341125298419,42.86644117593684,47.23387621592414,-3.0687737458498527,3.2039785797423437
2024-06-11,44.95211899639249,45.15196975086746,0.19985075447496434,0.8625285289260154,1.077729758270201,1.5281052401727657,43.2615630796975,46.64267491308748,43.039619424657864,47.26432007707705,-2.795235516263656,3.194937025213585
2024-06-12,45.282595603760726,45.10662203083205,-0.17597357292867682,1.028331501331783,0.9709868502700483,1.5640077731786568,43.26706586115043,47.29812534637102,43.20348780430275,47.009756257361346,-3.2414288083588443,2.8894816625014905
2024-06-13,45.23403894931589,45.18277897018336,-0.05125997913253443,1.0066951789586287,0.9722275871731687,1.5768402524507423,43.26091639855697,47.207161500074804,43.27721289932395,47.088345041042764,-3.1418668739359896,3.0393469156709205
2024-06-14,45.23403894931589,45.18277897018336,-0.05125997913253439,1.0066951789586287,0.9722275871731687,1.5768402524507423,43.26091639855697,47.207161500074804,43.27721289932395,47.088345041042764,-3.1418668739359896,3.0393469156709205
2024-06-15,45.23403894931589,45.18277897018336,-0.05125997913253444,1.0066951789586287,0.9722275871731687,1.5768402524507423,43.26091639855697,47.207161500074804,43.27721289932395,47.088345041042764,-3.1418668739359896,3.0393469156709205
2024-06-16,45.23403894931589,45.18277897018336,-0.05125997913253431,1.0066951789586287,0.9722275871731687,1.5768402524507423,43.26091639855697,47.207161500074804,43.27721289932395,47.088345041042764,-3.141866873935989,3.039346915670921
2024-06-17,45.23403894931589,45.18277897018336,-0.05125997913253431,1.0066951789586287,0.9722275871731687,1.5768402524507423,43.26091639855697,47.207161500074804,43.27721289932395,47.088345041042764,-3.141866873935989,3.039346915670921
2024-06-18,45.87887456359737,45.51778097348289,-0.3610935901144785,1.2248213158894583,0.8812103187035197,1.3472241184726446,43.478224784454035,48.27952434274071,43.79060874882399,47.24495319814179,-3.001652862320862,2.279465682091905
2024-06-19,45.87887456359737,45.51778097348289,-0.3610935901144784,1.2248213158894583,0.8812103187035197,1.3472241184726448,43.478224784454035,48.27952434274071,43.79060874882399,47.24495319814179,-3.0016528623208623,2.2794656820919053
2024-06-20,45.533911317933565,45.30362135823698,-0.23028995969658803,1.3262314484356272,0.9163932994166166,1.249127122340149,42.93449767899973,48.1333249568674,43.50749049138041,47.09975222509355,-2.6785791194832798,2.217999200090104
2024-06-21,45.533911317933565,45.303621358236974,-0.23028995969658808,1.3262314484356272,0.9163932994166165,1.249127122340149,42.93449767899973,48.1333249568674,43.50749049138041,47.09975222509354,-2.6785791194832798,2.217999200090104
2024-06-22,45.533911317933565,45.303621358236974,-0.23028995969658805,1.3262314484356272,0.9163932994166165,1.249127122340149,42.93449767899973,48.1333249568674,43.50749049138041,47.09975222509354,-2.6785791194832798,2.217999200090104
2024-06-23,45.533911317933565,45.303621358236974,-0.23028995969658803,1.3262314484356272,0.9163932994166165,1.249127122340149,42.93449767899973,48.1333249568674,43.50749049138041,47.09975222509354,-2.6785791194832798,2.217999200090104
2024-06-24,45.988497198798825,44.808171707308894,-1.1803254914899302,1.4006721939263693,1.076304708849069,1.8315361810054118,43.243179698703145,48.733814698894506,42.69861447796472,46.91772893665307,-4.770136406260537,2.4094854232806773
2024-06-25,45.78480229362538,44.83322154888417,-0.9515807447412143,1.348774138701733,0.9937491646119083,1.7056114208974293,43.14120498176999,48.42839960548078,42.88547318624483,46.780969911523506,-4.294579129700176,2.391417640217747
2024-06-26,45.78480229362539,44.833221548884175,-0.9515807447412145,1.348774138701733,0.9937491646119083,1.7056114208974293,43.141204981769995,48.428399605480784,42.88547318624484,46.78096991152351,-4.294579129700176,2.391417640217747
2024-06-27,45.78480229362538,44.83322154888417,-0.9515807447412145,1.348774138701733,0.9937491646119083,1.7056114208974293,43.14120498176999,48.42839960548078,42.88547318624483,46.780969911523506,-4.294579129700176,2.391417640217747
2024-06-28,45.78480229362539,44.833221548884175,-0.9515807447412146,1.348774138701733,0.9937491646119084,1.7056114208974293,43.141204981769995,48.428399605480784,42.88547318624484,46.78096991152351,-4.294579129700176,2.391417640217747
2024-06-29,45.78480229362539,44.833221548884175,-0.9515807447412145,1.348774138701733,0.9937491646119083,1.7056114208974293,43.141204981769995,48.428399605480784,42.88547318624484,46.78096991152351,-4.294579129700176,2.391417640217747
2024-06-30,45.61522024910622,45.608317174076326,-0.006903075029902274,1.0427615038269897,1.3298427848664156,1.8854863852054413,43.571407701605324,47.65903279660712,43.00182531573815,48.2148090324145,-3.702456390032567,3.6886502399727625
2024-07-01,45.681447189907956,45.11406396215899,-0.5673832277489698,0.9521722476933329,1.4720250460057025,1.971129041829204,43.81518958442902,47.54770479538689,42.22889487198781,47.99923305233016,-4.43079614973421,3.29602969423627
2024-07-02,45.02027608834319,45.21057091919706,0.19029483085387242,1.366476573157261,1.2581442783302703,2.0430183672755042,42.34198200495496,47.69857017173142,42.74460813366973,47.67653370472439,-3.814021169006116,4.194610830713861
2024-07-03,45.049997669429914,45.21377515733932,0.16377748790940377,1.3458614669547797,1.2321744959085668,2.004794847542013,42.41210919419854,47.687886144661285,42.798713145358526,47.628837169320114,-3.765620413272942,4.0931753890917495
2024-07-04,45.04999766942991,45.21377515733931,0.16377748790940375,1.3458614669547795,1.2321744959085668,2.0047948475420125,42.412109194198536,47.68788614466128,42.79871314535852,47.62883716932011,-3.765620413272941,4.093175389091749
2024-07-05,45.049997669429914,45.21377515733931,0.16377748790940377,1.3458614669547797,1.2321744959085668,2.004794847542013,42.41210919419854,47.687886144661285,42.79871314535852,47.62883716932011,-3.765620413272942,4.0931753890917495
2024-07-06,45.04999766942991,45.21377515733931,0.16377748790940383,1.3458614669547797,1.2321744959085668,2.004794847542013,42.412109194198536,47.68788614466128,42.79871314535852,47.62883716932011,-3.7656204132729414,4.0931753890917495
2024-07-07,45.049997669429914,45.21377515733931,0.1637774879094037,1.3458614669547795,1.2321744959085668,2.0047948475420125,42.41210919419854,47.687886144661285,42.79871314535852,47.62883716932011,-3.765620413272941,4.093175389091749
2024-07-08,45.398271324824165,44.60955311599512,-0.7887182088290422,1.2600001754870689,1.2492439903887602,2.039397344584528,42.92867098086951,47.86787166877882,42.16103489483315,47.05807133715709,-4.785937004214717,3.208500586556633
2024-07-09,45.72291480155847,44.65836469632062,-1.064550105237849,1.2583446797822617,1.1835849439713573,1.9010097228337153,43.256559229185235,48.1892703739317,42.33853820613676,46.978191186504475,-4.790529161991931,2.661428951516233
2024-07-10,45.73759957163428,44.523081664473644,-1.2145179071606331,1.1608368689544468,1.1380325519045675,1.7888961700913582,43.46235930848356,48.01283983478499,42.292537862740694,46.75362546620659,-4.720754400539695,2.291718586218429
2024-07-11,45.48355765589044,44.37876016208315,-1.1047974938072929,1.1758354960587314,1.07174246911578,1.631634168764186,43.17892008361533,47.788195228165556,42.27814492261622,46.47937540155007,-4.302800464585097,2.0932054769705117
2024-07-12,45.48355765589044,44.37876016208315,-1.104797493807293,1.1758354960587314,1.07174246911578,1.6316341687641862,43.17892008361533,47.788195228165556,42.27814492261622,46.47937540155007,-4.302800464585098,2.093205476970512
2024-07-13,45.48355765589044,44.378760162083154,-1.104797493807293,1.1758354960587314,1.07174246911578,1.6316341687641862,43.17892008361533,47.788195228165556,42.27814492261623,46.47937540155008,-4.302800464585098,2.093205476970512
2024-07-14,45.48355765589044,44.37876016208315,-1.104797493807293,1.1758354960587314,1.07174246911578,1.6316341687641862,43.17892008361533,47.788195228165556,42.27814492261622,46.47937540155007,-4.302800464585098,2.093205476970512
2024-07-15,45.016925439814294,44.03442808329343,-0.9824973565208629,1.462100866094123,1.2203112998879888,1.5019294849316307,42.15120774226981,47.88264313735878,41.642617935512966,46.42623823107389,-3.926279146986859,1.9612844339451332
2024-07-16,45.001531082249016,44.20072485960552,-0.8008062226434981,1.3559171406646284,1.2123601052912665,1.3761373582680567,42.34393348654635,47.659128677951685,41.82449905323464,46.576950665976405,-3.498035444848889,1.896422999561893
2024-07-17,45.001531082249024,44.20072485960552,-0.8008062226434981,1.3559171406646284,1.2123601052912667,1.3761373582680567,42.343933486546355,47.65912867795169,41.82449905323464,46.576950665976405,-3.498035444848889,1.896422999561893
2024-07-18,45.001531082249024,44.20072485960553,-0.8008062226434982,1.3559171406646287,1.2123601052912667,1.3761373582680567,42.34393348654635,47.6591286779517,41.824499053234646,46.57695066597641,-3.498035444848889,1.8964229995618929
2024-07-19,45.0445327757574,44.19837992602816,-0.8461528497292414,1.2996181635495652,1.1550361122389194,1.3147071280446427,42.49728117520026,47.59178437631455,41.93450914603988,46.46225070601644,-3.4229788206967413,1.7306731212382582
2024-07-20,45.0445327757574,44.19837992602816,-0.8461528497292414,1.299618163549565,1.1550361122389194,1.3147071280446427,42.49728117520026,47.59178437631455,41.93450914603988,46.46225070601644,-3.4229788206967413,1.7306731212382582
2024-07-21,44.893391916347646,44.97743632852186,0.08404441217421753,1.7217510758755015,1.6682084329925944,2.865907391629433,41.51875980763166,48.26802402506363,41.70774779985638,48.247124857187345,-5.53313407541947,5.701222899767906
2024-07-22,44.984709552175886,44.84454651189823,-0.14016304027765708,1.6612327725907534,1.6239449366089311,2.8054169015144255,41.728693317898006,48.240725786453766,41.661614436144724,48.027478587651736,-5.638780167245931,5.3584540866906165
2024-07-23,45.020481438332034,44.92946431101111,-0.09101712732092648,1.6715567480865265,1.5261327148675712,2.627870665368513,41.74423021208244,48.296732664581626,41.93824418987067,47.920684432151546,-5.241643631443211,5.059609376801359
2024-07-24,45.10312373104495,45.07648795477506,-0.02663577626988731,1.6710260670948005,1.5765162028816522,2.566098956467096,41.82791263953914,48.37833482255076,41.986516197127024,48.1664597124231,-5.056189730945396,5.002918178405621
2024-07-25,45.18648200334158,44.993249635791045,-0.19323236755053563,1.5257665285737263,1.4310119811362219,2.244982188171724,42.19597960733708,48.17698439934608,42.18846615276405,47.79803311881804,-4.593397456367114,4.206932721266043
2024-07-26,45.028799993749985,44.77548585542571,-0.25331413832428223,1.4786144046252512,1.4461235296230013,2.0977676413107584,42.130715760684495,47.926884226815474,41.94108373736462,47.60988797348679,-4.364938715293369,3.8583104386448044
2024-07-27,45.07384959650777,44.73378588735948,-0.34006370914829187,1.4925243599263844,1.4485715243272272,2.138372657016845,42.14850185105206,47.99919734196348,41.89458569967812,47.572986075040845,-4.531274116901308,3.8511466986047243
2024-07-28,44.865485697273975,44.22652254199883,-0.638963155275141,1.4783921924000272,1.8428753130171145,2.1184492512988364,41.96783700016992,47.76313439437803,40.61448692848529,47.838558155512374,-4.79112368782086,3.513197377270578
2024-07-29,44.9357840192827,44.219916368690086,-0.7158676505926163,1.4596685202106856,1.8079855968340997,2.1126038126799203,42.074833719669755,47.796734318895645,40.67626459889525,47.76356813848492,-4.85657112344526,3.424835822260027
2024-07-30,45.12026625799272,44.36849545520412,-0.7517708027885988,1.5041794366283896,1.7892076168530138,2.017458805084456,42.172074562201075,48.06845795378436,40.86164852617221,47.87534238423603,-4.705990060754132,3.2024484551769348
2024-07-31,45.63279011313137,44.62960187041464,-1.0031882427167311,1.6109775776008752,1.6360810639111842,1.8238164102400474,42.47527406103366,48.79030616522908,41.42288298514872,47.83632075568056,-4.577868406787224,2.5714919213537613
2024-08-01,45.995408448856054,44.56093073027677,-1.4344777185792787,1.7517948101223328,1.5296951165126642,2.0108031038677265,42.56189062101628,49.428926276695826,41.56272830191195,47.55913315864159,-5.375651802160022,2.5066963650014653
2024-08-02,45.99540844885605,44.56093073027677,-1.4344777185792785,1.7517948101223328,1.5296951165126642,2.0108031038677265,42.561890621016275,49.42892627669582,41.56272830191195,47.55913315864159,-5.375651802160022,2.5066963650014653
2024-08-03,45.85572600084692,44.144737770776466,-1.710988230070459,1.7619738499457496,2.006735009395509,2.037167808962113,42.402257254953255,49.30919474674059,40.21153715236127,48.077938389191665,-5.703837135636201,2.2818606754952824
2024-08-04,45.739538967392754,44.35885771617131,-1.3806812512214446,1.7035853150880789,1.72328261016682,1.9979159956004926,42.40051174982012,49.07856618496539,40.981223800244344,47.73649163209827,-5.2965966025984095,2.5352341001555208
2024-08-05,45.739538967392754,44.35885771617131,-1.3806812512214446,1.7035853150880789,1.72328261016682,1.9979159956004928,42.40051174982012,49.07856618496539,40.981223800244344,47.73649163209827,-5.29659660259841,2.535234100155521
2024-08-06,45.749552306848976,44.48963864939469,-1.2599136574542826,1.6246018397360869,1.6979531854876428,1.9452748693602442,42.565332700966245,48.93377191273171,41.16165040583891,47.81762689295047,-5.0726524014003616,2.552825086491796
2024-08-07,45.74955230684898,44.4896386493947,-1.2599136574542829,1.624601839736087,1.697953185487643,1.9452748693602444,42.56533270096625,48.933771912731714,41.16165040583892,47.81762689295048,-5.0726524014003616,2.5528250864917963
2024-08-08,45.77967229695524,44.66146235224789,-1.1182099447073544,1.455419187416436,1.5626714013334388,1.7659686690862049,42.92705068961902,48.63229390429146,41.59862640563435,47.72429829886143,-4.579508536116316,2.343088646701607
2024-08-09,45.77967229695525,44.661462352247895,-1.1182099447073544,1.4554191874164362,1.562671401333439,1.7659686690862049,42.92705068961903,48.632293904291465,41.598626405634356,47.724298298861434,-4.579508536116316,2.343088646701607
2024-08-10,45.77967229695525,44.66146235224789,-1.1182099447073544,1.4554191874164362,1.562671401333439,1.7659686690862049,42.92705068961903,48.632293904291465,41.59862640563435,47.72429829886143,-4.579508536116316,2.343088646701607
2024-08-11,45.77967229695525,44.66146235224789,-1.1182099447073544,1.4554191874164362,1.562671401333439,1.765968669086205,42.92705068961903,48.632293904291465,41.59862640563435,47.72429829886143,-4.579508536116316,2.3430886467016077
2024-08-12,46.05310540705384,44.65128342683042,-1.4018219802234184,1.4477033552833984,1.4187648941551567,1.7164074767621467,43.215606830698384,48.8906039834093,41.87050423428631,47.43206261937453,-4.765980634677225,1.962336674230389
2024-08-13,46.03026499405499,44.801148165894766,-1.229116828160226,1.35205076576701,1.3813845732301449,1.6645871105127816,43.38024549315165,48.68028449495833,42.09363440236368,47.50866192942585,-4.491707564765278,2.033473908444826
2024-08-14,46.23914398082119,44.7920110384404,-1.447132942380788,1.2978498098354303,1.249885278383315,1.575030007581023,43.695358353543746,48.782929608098634,42.3422358928091,47.2417861840717,-4.5341917572395936,1.6399258724780172
2024-08-15,46.693627604376864,44.50295123457218,-2.1906763698046854,1.2634360939996678,1.1169260849512748,1.6991671791363718,44.21729286013752,49.16996234861621,42.31377610806768,46.69212636107668,-5.521044040911974,1.1396913013026033
2024-08-16,46.693627604376864,44.50295123457218,-2.190676369804686,1.2634360939996678,1.1169260849512748,1.6991671791363718,44.21729286013752,49.16996234861621,42.31377610806768,46.69212636107668,-5.521044040911974,1.1396913013026029
2024-08-17,46.693627604376864,44.50295123457218,-2.1906763698046854,1.2634360939996678,1.1169260849512748,1.6991671791363718,44.21729286013752,49.16996234861621,42.31377610806768,46.69212636107668,-5.521044040911974,1.1396913013026033
2024-08-18,46.69362760437686,44.50295123457217,-2.1906763698046854,1.2634360939996676,1.1169260849512748,1.6991671791363718,44.21729286013751,49.1699623486162,42.31377610806767,46.692126361076674,-5.521044040911974,1.1396913013026033
2024-08-19,46.693627604376864,44.50295123457218,-2.1906763698046854,1.2634360939996678,1.1169260849512748,1.6991671791363718,44.21729286013752,49.16996234861621,42.31377610806768,46.69212636107668,-5.521044040911974,1.1396913013026033
2024-08-20,46.871525473434176,44.531708908977194,-2.3398165644569797,1.2446078649650871,1.0386102049042374,1.5958662732614775,44.43209405810261,49.310956888765745,42.49603290736489,46.567384910589496,-5.467714460049475,0.7880813311355159
2024-08-21,46.91791884484777,44.58755868815872,-2.3303601566890473,1.241007824903659,1.0544421076057742,1.5646965843488447,44.4855435080366,49.35029418165894,42.520852157251404,46.65426521906604,-5.397165462012783,0.7364451486346884
2024-08-22,46.91791884484777,44.58755868815872,-2.3303601566890473,1.241007824903659,1.0544421076057742,1.5646965843488447,44.4855435080366,49.35029418165894,42.520852157251404,46.65426521906604,-5.397165462012783,0.7364451486346884
2024-08-23,46.91791884484777,44.58755868815872,-2.330360156689047,1.241007824903659,1.0544421076057742,1.5646965843488447,44.4855435080366,49.35029418165894,42.520852157251404,46.65426521906604,-5.397165462012783,0.7364451486346888
2024-08-24,46.570534938158424,43.99806122631222,-2.5724737118462087,1.2371792344372932,1.3793078460528394,1.4230905983578668,44.14566363866133,48.995406237655516,41.29461784804865,46.70150460457578,-5.361731284627627,0.21678386093521018
2024-08-25,46.582612261077564,44.41564796920509,-2.1669642918724783,1.0910597312809809,1.4431509757135552,1.4602100412627688,44.44413518776684,48.72108933438829,41.58707205680652,47.24422388160366,-5.028975972747505,0.6950473890025486
2024-08-26,46.48420236564134,44.32978489891243,-2.1544174667289013,1.0438334640868745,1.369315203870252,1.3658844858827184,44.438288776031065,48.53011595525161,41.645927099326734,47.013642698498124,-4.831551059059029,0.5227161256012267
2024-08-27,46.53433845271625,44.50718700011064,-2.0271514526056067,0.9921604424911223,1.38461596613941,1.3403428164672389,44.58970398543365,48.478972919998846,41.7933397064774,47.221034293743884,-4.654223372881395,0.5999204676701813
2024-08-28,46.59039587500386,43.66292730434725,-2.9274685706566137,1.1640841355638591,1.3925270637592737,1.746778247266488,44.30879096929869,48.87200078070902,40.93357425937907,46.39228034931543,-6.35115393529893,0.4962167939857025
2024-08-29,46.59039587500386,43.66292730434724,-2.9274685706566133,1.1640841355638591,1.3925270637592737,1.746778247266488,44.30879096929869,48.87200078070902,40.933574259379064,46.39228034931542,-6.35115393529893,0.49621679398570295
2024-08-30,46.590395875003864,43.66292730434725,-2.9274685706566137,1.1640841355638594,1.3925270637592737,1.7467782472664881,44.3087909692987,48.87200078070903,40.93357425937907,46.39228034931543,-6.35115393529893,0.49621679398570295
2024-08-31,46.590395875003864,43.66292730434725,-2.9274685706566137,1.1640841355638594,1.3925270637592737,1.746778247266488,44.3087909692987,48.87200078070903,40.93357425937907,46.39228034931543,-6.35115393529893,0.4962167939857025
2024-09-01,46.61351877784767,43.7217270167981,-2.891791761049572,1.150910211992434,1.4041211161715106,1.7275189177029489,44.3577347623425,48.869302793352844,40.96964962910194,46.47380440449426,-6.277728839747351,0.4941453176482078
2024-09-02,46.61723382540075,43.73496446926948,-2.8822693561312747,1.122895661997376,1.371055207193644,1.6858172785144054,44.416358327885895,48.81810932291561,41.04769626316994,46.42223267536902,-6.1864712220195095,0.42193250975695973
2024-09-03,46.64882871158335,44.06906011742207,-2.579768594161278,1.062944601137831,1.6227259442625586,1.8268301548385297,44.5654572933532,48.7322001298135,40.888517266667456,47.24960296817668,-6.160355697644796,1.0008185093222401
2024-09-04,46.46495163183551,43.58400541126076,-2.8809462205747485,1.2502903657275375,1.5068942310166378,1.5969168482067457,44.01438251500954,48.915520748661486,40.630492718468155,46.53751810405337,-6.01090324305997,0.2490108019104733
2024-09-05,46.241914256174056,43.96554845783445,-2.2763657983396017,1.3746177187637183,1.4841494769513297,1.9661993756318372,43.54766352739717,48.93616498495094,41.05661548300984,46.87448143265906,-6.130116574578002,1.5773849778987992
2024-09-06,46.240112483762935,43.96581125827873,-2.2743012254842134,1.3752037026485375,1.4842514780419978,1.9670997092073497,43.5447132265718,48.93551174095407,41.056678361316415,46.87494415524104,-6.129816655530618,1.5812142045621917
2024-09-07,46.238267525497406,43.96611424180726,-2.272153283690145,1.375811153640464,1.4843551574820342,1.9680211325154762,43.5416776643621,48.934857386632714,41.05677813314247,46.87545035047205,-6.129474703420478,1.5851681360401884
2024-09-08,46.23637894333316,43.96645865104407,-2.269920292289079,1.3764402918158976,1.4844602735175627,1.9689634654093102,43.538555971373995,48.93420191529232,41.05691651494965,46.876000787138494,-6.129088684491327,1.5892480999131688
2024-09-09,46.23444630504623,43.96684576510733,-2.267600539938896,1.377091330392693,1.4845665607391132,1.969926499295309,43.53534729747655,48.933545312615905,41.05709530605867,46.87659622415599,-6.128656478557701,1.5934553986799092
2024-09-10,46.18695772647692,44.28735705257468,-1.8996006739022417,1.3028940853463615,1.6656774879886451,2.122718972304336,43.63328531919805,48.740630133755786,41.022629176116936,47.55208492903242,-6.0601298596187405,2.2609285118142566
2024-09-11,46.18468092845391,44.29181366151687,-1.8928672669370399,1.3024951427900395,1.6673800451124912,2.124456201572772,43.63179044858543,48.73757140832239,41.023748773096386,47.55987854993735,-6.056801422019673,2.2710668881455933
2024-09-12,46.18235655667494,44.296424737574625,-1.8859318191003196,1.3020849077082493,1.6691092434912358,2.1262102654268573,43.63027013756677,48.73444297578311,41.0249706203318,47.56787885481745,-6.05330393933696,2.281440301136321
2024-09-13,46.2157412936112,43.83990599168076,-2.3758353019304455,1.2817960562674906,1.7117822224741803,1.6846676922887678,43.70342102332692,48.72806156389549,40.48481283563137,47.19499914773015,-5.67778397881643,0.9261133749555395
2024-09-14,46.214908313004464,43.83844234959614,-2.3764659634083216,1.2813626201259471,1.7133398944195994,1.6816445076194135,43.70343757755761,48.72637904845132,40.480296156533726,47.19658854265856,-5.672489198342372,0.9195572715257287
2024-09-15,46.37114788025649,44.085334338430755,-2.2858135418257284,1.2497494292152078,1.7047434851617653,1.5725435028157244,43.92163899899468,48.82065676151829,40.7440371075137,47.42663156934781,-5.367998807344549,0.7963717236930914
2024-09-16,46.92267556578616,44.79008049858776,-2.1325950671983946,1.771960275825243,2.2244717501591205,1.5197973569918717,43.449633425168685,50.39571770640363,40.430115868275884,49.15004512889964,-5.111397886902463,0.8462077525056739
2024-09-17,47.13536656122781,44.71541567071947,-2.41995089050834,1.5838685042746237,1.9645738916489783,1.4460110037519869,44.03098429284955,50.23974882960607,40.864850843087474,48.56598049835147,-5.254132457862234,0.41423067684555415
2024-09-18,47.14312849537132,44.721863167115735,-2.4212653282555907,1.5838960709264573,1.9661592175162168,1.4414231574332157,44.03869219635546,50.24756479438718,40.86819110078395,48.57553523344752,-5.246454716824694,0.4039240603135119
2024-09-19,46.902753103170774,44.69956804467989,-2.2031850584908836,1.7781583261338472,1.903639246794933,1.5609843687955876,43.41756278394843,50.387943422393114,40.96843512096182,48.430700968397964,-5.2627144213302355,0.8563443043484678
2024-09-20,46.90715540571021,44.70514236527613,-2.2020130404340845,1.7813958629194084,1.9044469000255126,1.5589851775465673,43.415619514388176,50.39869129703225,40.972426441226126,48.43785828932614,-5.257623988425356,0.8535979075571873
2024-09-21,46.91161549086155,44.710790246076435,-2.200825244785118,1.7846889629236171,1.9052219796498955,1.5569787123224847,43.41362512353126,50.40960585819184,40.97655516596264,48.44502532619023,-5.2525035209371875,0.850853031366952
2024-09-22,46.91613265127364,44.71651117491141,-2.1996214763622297,1.7880392989645173,1.9059622736287662,1.5549668001724508,43.411575625303186,50.4206896772441,40.98082511859903,48.45219723122379,-5.247356404700233,0.8481134519757738
2024-09-23,46.17391575022403,44.23539095921908,-1.9385247910049537,2.3831531190142963,2.0195438911230252,1.5771355596950078,41.50293563695601,50.844895863492056,40.27708493261795,48.19369698582021,-5.029710488007169,1.1526609059972617
2024-09-24,46.191140076110415,44.6538283075853,-1.5373117685251163,1.9675794934676656,1.7612876303900449,1.3834150190730783,42.33468426891379,50.04759588330704,41.201704552020814,48.105952063149786,-4.24880520590835,1.1741816688581173
2024-09-25,46.73026804531461,44.28064801214758,-2.4496200331670304,2.0256884133059505,1.710555795457228,2.1256767349920827,42.75991875523495,50.70061733539427,40.92795865305141,47.63333737124375,-6.615946433751512,1.7167063674174514
2024-09-26,46.73222123136976,44.27815590443455,-2.4540653269352144,2.028992523813552,1.7090244127686864,2.1312745419105474,42.755395884695204,50.70904657804432,40.928468055407926,47.62784375346117,-6.631363429079887,1.7232327752094583
2024-09-27,46.734196184352676,44.275514450592844,-2.458681733759836,2.0322839495873586,1.7074034966220424,2.1370045075787334,42.75091964316145,50.7174727255439,40.929003597213644,47.622025303972045,-6.6472105686141525,1.7298471010944811
2024-09-28,46.73619429227805,44.27271761426752,-2.4634766780105335,2.0355591467475427,1.7056889500618495,2.1428692673679204,42.746498364652865,50.725890219903235,40.92956727214629,47.61586795638875,-6.663500442051657,1.73654708603059
2024-09-29,46.73821715855962,44.26975923881949,-2.4684579197401306,2.038814293846034,1.7038764901613346,2.1488714083365483,42.74214114262139,50.73429317449785,40.93016131810327,47.609357159535705,-6.680245880079765,1.743330040599504
2024-09-30,46.740266634804485,44.26663305925873,-2.4736335755457532,2.0420452711537678,1.7019616421660406,2.1550134530680527,42.7378579033431,50.74267536626587,40.93078824061329,47.60247787790417,-6.697459943559137,1.75019279246763
2024-10-01,46.54503379573175,45.245045023196354,-1.299988772535392,1.3900565731958474,1.3213331498180267,1.612646234405825,43.82052291226789,49.269544679195604,42.65523204955302,47.83485799683969,-4.4607753919708095,1.860797846900025
2024-10-02,46.543789727076565,45.254211373622084,-1.289578353454485,1.3828543283665098,1.3125879110205618,1.6056123211893414,43.83339524347821,49.25418421067492,42.681539068021785,47.826883679222384,-4.4365785029855935,1.8574217960766242
2024-10-03,46.6437808512704,45.722474992323704,-0.9213058589466925,1.176155145693157,1.3274479781529231,1.4713963574408773,44.33851676571181,48.94904493682899,43.12067695514398,48.32427302950343,-3.8052427195308116,1.9626310016374269
2024-10-04,46.94559354702586,45.24144818843009,-1.7041453585957669,1.0508474383112656,1.2800451175248144,1.646622543851297,44.885932567935775,49.00525452611594,42.73255975808146,47.750336618778725,-4.931525544544309,1.5232348273527752
2024-10-05,46.94559354702586,45.24144818843009,-1.7041453585957669,1.0508474383112656,1.2800451175248144,1.646622543851297,44.885932567935775,49.00525452611594,42.73255975808146,47.750336618778725,-4.931525544544309,1.5232348273527752
2024-10-06,46.94559354702586,45.24144818843009,-1.7041453585957669,1.0508474383112656,1.2800451175248144,1.646622543851297,44.885932567935775,49.00525452611594,42.73255975808146,47.750336618778725,-4.931525544544309,1.5232348273527752
2024-10-07,46.900077244897545,45.46815314510422,-1.4319240997933338,0.9777679605470112,1.285671795521473,1.622657845271413,44.9836520422254,48.81650244756969,42.94823642588213,47.988069864326306,-4.612333476525303,1.7484852769386359
2024-10-08,47.01695677443458,46.02282682322853,-0.99412995120606,0.8370578684912962,1.6975638538344484,1.6553575622956367,45.37632335219164,48.657590196677525,42.69560166971301,49.35005197674405,-4.238630773305508,2.250370870893388
2024-10-09,47.01695677443458,46.02282682322852,-0.9941299512060598,0.837057868491296,1.6975638538344484,1.6553575622956367,45.37632335219164,48.657590196677525,42.695601669713,49.35005197674404,-4.238630773305508,2.2503708708933883
2024-10-10,47.06899096321283,45.846623013443306,-1.222367949769525,0.7574363589013033,1.562295156440357,1.5533610159273958,45.58441569976628,48.553566226659385,42.784524506820205,48.90872152006641,-4.266955540987221,1.8222196414481706
2024-10-11,46.79359468370698,45.74509642645864,-1.0484982572483397,0.8558228096976981,1.4003821607802778,1.424861199732196,45.11618197669949,48.47100739071447,43.00034739132929,48.48984546158798,-3.8412262087234437,1.7442296942267645
2024-10-12,46.793594683706985,45.745096426458645,-1.0484982572483397,0.8558228096976981,1.4003821607802778,1.4248611997321963,45.116181976699494,48.471007390714476,43.0003473913293,48.48984546158799,-3.8412262087234446,1.744229694226765
2024-10-13,47.224685631710166,46.07080026798889,-1.1538853637212738,1.029247102022157,1.320184335774728,1.2360144504114834,45.20736131174674,49.242009951673595,43.48323896987043,48.65836156610736,-3.5764736865277813,1.2687029590852337
2024-10-14,47.224685631710166,46.07080026798889,-1.1538853637212738,1.029247102022157,1.320184335774728,1.2360144504114834,45.20736131174674,49.242009951673595,43.48323896987043,48.65836156610736,-3.5764736865277813,1.2687029590852337
2024-10-15,47.15420928784625,46.1656311391434,-0.9885781487028524,0.9701743171584737,1.2404088721183197,1.204327748427491,45.25266762621564,49.05575094947686,43.734429749791495,48.596832528495305,-3.349060535620735,1.37190423821503
2024-10-16,46.913381995230594,45.62676413621848,-1.286617859012114,1.1397105012452884,1.3200468803884542,1.2567222157159061,44.67954941278983,49.147214577671356,43.03947225065711,48.214056021779854,-3.74979340181529,1.1765576837910618
2024-10-17,46.913381995230594,45.62676413621848,-1.286617859012114,1.1397105012452884,1.3200468803884542,1.2567222157159061,44.67954941278983,49.147214577671356,43.03947225065711,48.214056021779854,-3.74979340181529,1.1765576837910618
2024-10-18,46.72201985641893,45.41458383381992,-1.3074360225990134,1.0687028404273338,1.2319142716997626,1.1101961346727542,44.627362289181356,48.81667742365651,43.000031861288385,47.82913580635145,-3.4834204465576115,0.8685484013595848
2024-10-19,46.282302681724246,45.508325517206345,-0.7739771645179019,1.4464831418911022,1.1625912888210257,1.6313642314728536,43.44719572361769,49.117409639830804,43.22964659111713,47.78700444329556,-3.971451058204695,2.423496729168891
2024-10-20,46.282302681724246,45.508325517206345,-0.773977164517902,1.4464831418911024,1.1625912888210257,1.6313642314728536,43.44719572361769,49.117409639830804,43.22964659111713,47.78700444329556,-3.971451058204695,2.423496729168891
2024-10-21,46.3499990059288,45.03747838980745,-1.3125206161213547,1.2048597046010558,1.2065422314628234,1.5649780061575793,43.98847398491073,48.71152402694687,42.67265561614031,47.40230116347458,-4.37987750819021,1.7548362759475007
2024-10-22,46.40806727019225,45.6019621540159,-0.8061051161763509,1.039138492258162,1.4051680351070945,1.5848611702236093,44.37135582536625,48.444778715018245,42.847832805206,48.356091502825805,-3.912433009814625,2.3002227774619235
2024-10-23,46.003921162734976,45.49117499384308,-0.5127461688918941,1.1742611165263586,1.3026681567835874,1.350710390166866,43.70236937434331,48.30547295112664,42.93794540654725,48.04440458113891,-3.1601385336189516,2.1346461958351632
2024-10-24,46.16460342373966,45.611152688783825,-0.5534507349558347,1.2525859999193154,1.295877040266858,1.294738607408071,43.70953486389781,48.61967198358152,43.07123368986078,48.15107168770687,-3.0911384054756534,1.9842369355639842
2024-10-25,46.16460342373966,45.611152688783825,-0.5534507349558347,1.2525859999193154,1.2958770402668582,1.294738607408071,43.70953486389781,48.61967198358152,43.07123368986078,48.15107168770687,-3.0911384054756534,1.9842369355639842
2024-10-26,46.34384438991733,45.690373417424865,-0.6534709724924658,1.2025960751717508,1.1893710187634237,1.1954474386943263,43.9867560825807,48.70093269725396,43.35920622064855,48.02154061420118,-2.996547952333345,1.6896060073484138
2024-10-27,46.430241140853425,45.84740655738324,-0.582834583470192,1.1527462506308093,1.1756572821940467,1.148046801904303,44.17085848961704,48.68962379208981,43.543118284282905,48.15169483048357,-2.833006315202626,1.667337148262242
2024-10-28,46.77001794866576,46.30978952412331,-0.4602284245424509,1.485689475945469,1.767299216317533,1.1513119238850633,43.85806657581264,49.68196932151888,42.84588306014095,49.77369598810567,-2.7167997953571748,1.796342946272273
2024-10-29,46.39558616606369,46.25171025741218,-0.14387590865150687,1.3273667243733018,1.522665472397177,1.2273405708645266,43.79394738629202,48.997224945835356,43.26728593151371,49.236134583310644,-2.549463427545979,2.261711610242965
2024-10-30,46.401539932564745,46.10305420061695,-0.2984857319477941,1.2809512717055678,1.6048725716943015,1.3572982972113818,43.89087544002183,48.91220442510766,42.95750396009612,49.248604441137786,-2.9587903944821026,2.361818930586514
2024-10-31,46.42294640579911,46.17240861310261,-0.25053779269650034,1.1584463450549582,1.3955174459308022,1.2606322960676575,44.15239156949139,48.69350124210683,43.43719441907824,48.907622807126984,-2.7213770929891092,2.2203015075961083
2024-11-01,46.438776563651196,46.11578104877926,-0.32299551487193146,1.1011015610564276,1.3362353090725412,1.2170486719098204,44.2806175039806,48.59693562332179,43.49675984299708,48.734802254561444,-2.708410911815179,2.062419882071316
2024-11-02,46.835682731265855,45.978876799657435,-0.856805931608418,1.1567071690506723,1.2286140180415217,1.2751340890716665,44.56853667992654,49.10282878260517,43.570793324296055,48.386960275018815,-3.356068746188884,1.642456882972048
2024-11-03,46.82247699506336,45.958145729912005,-0.8643312651513544,1.1073743467401753,1.1772818534112983,1.2200645089090942,44.65202327545262,48.9929307146741,43.65067329722586,48.26561816259815,-3.2556577026131794,1.5269951723104704
