end_date,dem,rep,net,dem_std,rep_std,net_std,dem_lower_ci,dem_upper_ci,rep_lower_ci,rep_upper_ci,net_lower_ci,net_upper_ci
2016-11-04,48.743745397675475,42.029643121898786,-6.714102275776689,0,0,0,48.743745397675475,48.743745397675475,42.029643121898786,42.029643121898786,-6.714102275776689,-6.714102275776689
2016-11-05,48.310538108975805,41.787040070584275,-6.523498038391528,0.4335831608272244,0.2428135457531459,0.1907696150740785,47.460715113754446,49.160361104197165,41.31112552090811,42.262954620260444,-6.897406483936722,-6.149589592846334
2016-11-06,48.29858254599392,41.80730512920644,-6.491277416787481,0.34866231605897463,0.19693303215506006,0.15930260222884862,47.61520440651833,48.98196068546952,41.421316386182525,42.193293872230356,-6.803510517156025,-6.1790443164189375
2016-11-07,48.20655898624947,41.90311027880007,-6.303448707449406,0.32857737890764177,0.22550845849021875,0.3263298787738137,47.56254732359049,48.850570648908445,41.461113700159245,42.345106857440896,-6.943055269846081,-5.663842145052731
2016-11-08,48.12911932137348,42.076350245718174,-6.0527690756553065,0.3195418217389058,0.37062475708570985,0.535679023866794,47.50281735076523,48.75542129198173,41.34992572183018,42.80277476960617,-7.102699962434222,-5.002838188876391
2016-11-09,48.09891461850703,42.385930355717626,-5.712984262789398,0.29245464761483425,0.70727448132497,0.8363887876448657,47.52570350918196,48.6721257278321,40.99967237232069,43.772188339114564,-7.352306286573334,-4.073662239005461
2016-11-10,47.81709185714999,42.9500835439744,-4.867008313175592,0.6909654030747303,1.4336056733628104,2.0635745628787596,46.46279966712352,49.17138404717646,40.14021642418329,45.75995066376551,-8.911614456417961,-0.8224021699332233
2016-11-11,47.58968806249806,43.36634783569464,-4.2233402268034235,0.8719726282923117,1.7166119502975072,2.5442127283568783,45.88062171104513,49.298754413950995,40.00178841311153,46.73090725827775,-9.209997174382906,0.76331672077605806
2016-11-12,47.432799722143706,43.76742374552842,-3.665375976615289,0.9567141856164126,2.0376222368468118,2.955496186321803,45.55763991833554,49.30795952595187,39.773684161308665,47.76116332974817,-9.458148501806022,2.1273965485754447
2016-11-13,47.507607956058834,44.155324530713315,-3.352283425345523,0.9406931801721814,2.427120234539784,3.077054352649157,45.66384932292136,49.35136658919631,39.398168871015336,48.912480190411294,-9.383309956537872,2.6787431058468245
2016-11-14,47.50760795605884,44.155324530713315,-3.3522834253455236,0.9406931801721815,2.427120234539784,3.0770543526491574,45.663849322921365,49.35136658919632,39.398168871015336,48.912480190411294,-9.383309956537872,2.678743105846825
2016-11-15,47.507607956058834,44.155324530713315,-3.352283425345523,0.9406931801721814,2.427120234539784,3.077054352649157,45.66384932292136,49.35136658919631,39.398168871015336,48.912480190411294,-9.383309956537872,2.6787431058468245
2016-11-16,47.50760795605884,44.15532453071332,-3.3522834253455236,0.9406931801721815,2.4271202345397844,3.0770543526491574,45.663849322921365,49.35136658919632,39.39816887101534,48.9124801904113,-9.383309956537872,2.678743105846825
2016-11-17,47.50760795605884,44.155324530713315,-3.352283425345523,0.9406931801721815,2.427120234539784,3.0770543526491574,45.663849322921365,49.35136658919632,39.398168871015336,48.912480190411294,-9.383309956537872,2.6787431058468254
2016-11-18,47.507607956058834,44.155324530713315,-3.352283425345523,0.9406931801721815,2.427120234539784,3.077054352649157,45.66384932292136,49.35136658919631,39.398168871015336,48.912480190411294,-9.383309956537872,2.6787431058468245
2016-11-19,47.507607956058834,44.155324530713315,-3.352283425345523,0.9406931801721815,2.427120234539784,3.077054352649157,45.66384932292136,49.35136658919631,39.398168871015336,48.912480190411294,-9.383309956537872,2.6787431058468245
2016-11-20,47.50760795605884,44.155324530713315,-3.352283425345523,0.9406931801721815,2.4271202345397844,3.0770543526491574,45.663849322921365,49.35136658919632,39.398168871015336,48.912480190411294,-9.383309956537872,2.6787431058468254
2016-11-21,47.50760795605884,44.15532453071332,-3.3522834253455236,0.9406931801721815,2.4271202345397844,3.0770543526491574,45.663849322921365,49.35136658919632,39.39816887101534,48.9124801904113,-9.383309956537872,2.678743105846825
2016-11-22,47.50760795605884,44.155324530713315,-3.352283425345523,0.9406931801721815,2.4271202345397844,3.0770543526491574,45.663849322921365,49.35136658919632,39.398168871015336,48.912480190411294,-9.383309956537872,2.6787431058468254
2016-11-23,47.50760795605884,44.155324530713315,-3.352283425345523,0.9406931801721815,2.427120234539784,3.077054352649157,45.663849322921365,49.35136658919632,39.398168871015336,48.912480190411294,-9.383309956537872,2.6787431058468245
2016-11-24,47.50760795605885,44.15532453071332,-3.3522834253455236,0.9406931801721815,2.4271202345397844,3.0770543526491574,45.66384932292137,49.351366589196324,39.39816887101534,48.9124801904113,-9.383309956537872,2.678743105846825
2016-11-25,47.50760795605884,44.155324530713315,-3.352283425345523,0.9406931801721815,2.427120234539784,3.077054352649157,45.663849322921365,49.35136658919632,39.398168871015336,48.912480190411294,-9.383309956537872,2.6787431058468245
2016-11-26,47.507607956058834,44.155324530713315,-3.3522834253455227,0.9406931801721815,2.427120234539784,3.077054352649157,45.66384932292136,49.35136658919631,39.398168871015336,48.912480190411294,-9.38330995653787,2.678743105846825
2016-11-27,47.50760795605884,44.155324530713315,-3.3522834253455227,0.9406931801721815,2.427120234539784,3.077054352649157,45.663849322921365,49.35136658919632,39.398168871015336,48.912480190411294,-9.38330995653787,2.678743105846825
2016-11-28,47.50760795605884,44.155324530713315,-3.352283425345523,0.9406931801721815,2.427120234539784,3.0770543526491574,45.663849322921365,49.35136658919632,39.398168871015336,48.912480190411294,-9.383309956537872,2.6787431058468254
2016-11-29,47.50760795605884,44.155324530713315,-3.352283425345523,0.9406931801721815,2.427120234539784,3.0770543526491574,45.663849322921365,49.35136658919632,39.398168871015336,48.912480190411294,-9.383309956537872,2.6787431058468254
2016-11-30,47.50760795605884,44.155324530713315,-3.352283425345523,0.9406931801721815,2.427120234539784,3.0770543526491574,45.663849322921365,49.35136658919632,39.398168871015336,48.912480190411294,-9.383309956537872,2.6787431058468254
2016-12-01,47.50760795605884,44.155324530713315,-3.3522834253455227,0.9406931801721815,2.427120234539784,3.077054352649157,45.663849322921365,49.35136658919632,39.398168871015336,48.912480190411294,-9.38330995653787,2.678743105846825
2016-12-02,47.50760795605884,44.155324530713315,-3.352283425345523,0.9406931801721815,2.427120234539784,3.0770543526491574,45.663849322921365,49.35136658919632,39.398168871015336,48.912480190411294,-9.383309956537872,2.6787431058468254
2016-12-03,47.50760795605884,44.155324530713315,-3.3522834253455236,0.9406931801721815,2.4271202345397844,3.0770543526491574,45.663849322921365,49.35136658919632,39.398168871015336,48.912480190411294,-9.383309956537872,2.678743105846825
2016-12-04,47.50760795605884,44.155324530713315,-3.352283425345523,0.9406931801721815,2.427120234539784,3.0770543526491574,45.663849322921365,49.35136658919632,39.398168871015336,48.912480190411294,-9.383309956537872,2.6787431058468254
2016-12-05,47.50760795605884,44.155324530713315,-3.352283425345523,0.9406931801721815,2.427120234539784,3.077054352649157,45.663849322921365,49.35136658919632,39.398168871015336,48.912480190411294,-9.383309956537872,2.6787431058468245
2016-12-06,47.50760795605884,44.155324530713315,-3.352283425345523,0.9406931801721815,2.427120234539784,3.0770543526491574,45.663849322921365,49.35136658919632,39.398168871015336,48.912480190411294,-9.383309956537872,2.6787431058468254
2016-12-07,47.50760795605884,44.155324530713315,-3.3522834253455236,0.9406931801721814,2.427120234539784,3.0770543526491574,45.663849322921365,49.35136658919632,39.398168871015336,48.912480190411294,-9.383309956537872,2.678743105846825
2016-12-08,47.50760795605884,44.155324530713315,-3.3522834253455236,0.9406931801721815,2.427120234539784,3.0770543526491574,45.663849322921365,49.35136658919632,39.398168871015336,48.912480190411294,-9.383309956537872,2.678743105846825
2016-12-09,47.50760795605884,44.155324530713315,-3.352283425345523,0.9406931801721815,2.427120234539784,3.077054352649157,45.663849322921365,49.35136658919632,39.398168871015336,48.912480190411294,-9.383309956537872,2.6787431058468245
2016-12-10,47.50760795605884,44.155324530713315,-3.352283425345523,0.9406931801721815,2.427120234539784,3.0770543526491574,45.663849322921365,49.35136658919632,39.398168871015336,48.912480190411294,-9.383309956537872,2.6787431058468254
2016-12-11,47.50760795605884,44.155324530713315,-3.352283425345523,0.9406931801721815,2.427120234539784,3.0770543526491574,45.663849322921365,49.35136658919632,39.398168871015336,48.912480190411294,-9.383309956537872,2.6787431058468254
2016-12-12,47.50760795605884,44.155324530713315,-3.352283425345523,0.9406931801721815,2.427120234539784,3.0770543526491574,45.663849322921365,49.35136658919632,39.398168871015336,48.912480190411294,-9.383309956537872,2.6787431058468254
2016-12-13,47.507607956058834,44.155324530713315,-3.352283425345523,0.9406931801721815,2.427120234539784,3.077054352649157,45.66384932292136,49.35136658919631,39.398168871015336,48.912480190411294,-9.383309956537872,2.6787431058468245
2016-12-14,47.50760795605884,44.155324530713315,-3.352283425345523,0.9406931801721815,2.427120234539784,3.0770543526491574,45.663849322921365,49.35136658919632,39.398168871015336,48.912480190411294,-9.383309956537872,2.6787431058468254
2016-12-15,47.507607956058834,44.155324530713315,-3.352283425345523,0.9406931801721814,2.427120234539784,3.077054352649157,45.66384932292136,49.35136658919631,39.398168871015336,48.912480190411294,-9.383309956537872,2.6787431058468245
2016-12-16,47.50760795605884,44.155324530713315,-3.3522834253455236,0.9406931801721815,2.4271202345397844,3.0770543526491574,45.663849322921365,49.35136658919632,39.398168871015336,48.912480190411294,-9.383309956537872,2.678743105846825
2016-12-17,47.50760795605884,44.155324530713315,-3.3522834253455236,0.9406931801721815,2.427120234539784,3.0770543526491574,45.663849322921365,49.35136658919632,39.398168871015336,48.912480190411294,-9.383309956537872,2.678743105846825
2016-12-18,47.50760795605884,44.155324530713315,-3.352283425345523,0.9406931801721815,2.427120234539784,3.0770543526491574,45.663849322921365,49.35136658919632,39.398168871015336,48.912480190411294,-9.383309956537872,2.6787431058468254
2016-12-19,47.50760795605884,44.155324530713315,-3.3522834253455236,0.9406931801721815,2.4271202345397844,3.0770543526491574,45.663849322921365,49.35136658919632,39.398168871015336,48.912480190411294,-9.383309956537872,2.678743105846825
2016-12-20,47.50760795605884,44.155324530713315,-3.352283425345523,0.9406931801721815,2.427120234539784,3.0770543526491574,45.663849322921365,49.35136658919632,39.398168871015336,48.912480190411294,-9.383309956537872,2.6787431058468254
2016-12-21,47.50760795605884,44.155324530713315,-3.352283425345523,0.9406931801721815,2.427120234539784,3.0770543526491574,45.663849322921365,49.35136658919632,39.398168871015336,48.912480190411294,-9.383309956537872,2.6787431058468254
2016-12-22,47.50760795605884,44.155324530713315,-3.352283425345523,0.9406931801721815,2.427120234539784,3.0770543526491574,45.663849322921365,49.35136658919632,39.398168871015336,48.912480190411294,-9.383309956537872,2.6787431058468254
2016-12-23,47.50760795605884,44.15532453071332,-3.352283425345523,0.9406931801721815,2.4271202345397844,3.0770543526491574,45.663849322921365,49.35136658919632,39.39816887101534,48.9124801904113,-9.383309956537872,2.6787431058468254
2016-12-24,47.50760795605884,44.15532453071332,-3.352283425345523,0.9406931801721816,2.4271202345397844,3.0770543526491574,45.663849322921365,49.35136658919632,39.39816887101534,48.9124801904113,-9.383309956537872,2.6787431058468254
2016-12-25,47.507607956058834,44.155324530713315,-3.352283425345523,0.9406931801721815,2.427120234539784,3.0770543526491574,45.66384932292136,49.35136658919631,39.398168871015336,48.912480190411294,-9.383309956537872,2.6787431058468254
2016-12-26,47.50760795605884,44.155324530713315,-3.352283425345523,0.9406931801721815,2.4271202345397844,3.0770543526491574,45.663849322921365,49.35136658919632,39.398168871015336,48.912480190411294,-9.383309956537872,2.6787431058468254
2016-12-27,47.50760795605884,44.155324530713315,-3.3522834253455236,0.9406931801721815,2.427120234539784,3.0770543526491574,45.663849322921365,49.35136658919632,39.398168871015336,48.912480190411294,-9.383309956537872,2.678743105846825
2016-12-28,47.50760795605884,44.155324530713315,-3.3522834253455236,0.9406931801721815,2.4271202345397844,3.0770543526491574,45.663849322921365,49.35136658919632,39.398168871015336,48.912480190411294,-9.383309956537872,2.678743105846825
2016-12-29,47.50760795605884,44.155324530713315,-3.352283425345523,0.9406931801721815,2.427120234539784,3.077054352649157,45.663849322921365,49.35136658919632,39.398168871015336,48.912480190411294,-9.383309956537872,2.6787431058468245
2016-12-30,47.50760795605884,44.155324530713315,-3.352283425345523,0.9406931801721815,2.4271202345397844,3.0770543526491574,45.663849322921365,49.35136658919632,39.398168871015336,48.912480190411294,-9.383309956537872,2.6787431058468254
2016-12-31,47.50760795605884,44.155324530713315,-3.352283425345523,0.9406931801721815,2.4271202345397844,3.0770543526491574,45.663849322921365,49.35136658919632,39.398168871015336,48.912480190411294,-9.383309956537872,2.6787431058468254
2017-01-01,47.50760795605884,44.155324530713315,-3.352283425345523,0.9406931801721815,2.427120234539784,3.0770543526491574,45.663849322921365,49.35136658919632,39.398168871015336,48.912480190411294,-9.383309956537872,2.6787431058468254
2017-01-02,47.50760795605884,44.155324530713315,-3.3522834253455236,0.9406931801721815,2.4271202345397844,3.0770543526491574,45.663849322921365,49.35136658919632,39.398168871015336,48.912480190411294,-9.383309956537872,2.678743105846825
2017-01-03,47.50760795605884,44.155324530713315,-3.3522834253455236,0.9406931801721815,2.4271202345397844,3.0770543526491574,45.663849322921365,49.35136658919632,39.398168871015336,48.912480190411294,-9.383309956537872,2.678743105846825
2017-01-04,47.50760795605884,44.15532453071332,-3.3522834253455236,0.9406931801721815,2.427120234539784,3.0770543526491574,45.663849322921365,49.35136658919632,39.39816887101534,48.9124801904113,-9.383309956537872,2.678743105846825
2017-01-05,47.50760795605884,44.155324530713315,-3.352283425345523,0.9406931801721814,2.427120234539784,3.077054352649157,45.663849322921365,49.35136658919632,39.398168871015336,48.912480190411294,-9.383309956537872,2.6787431058468245
2017-01-06,47.50760795605884,44.15532453071332,-3.3522834253455236,0.9406931801721815,2.427120234539784,3.0770543526491574,45.663849322921365,49.35136658919632,39.39816887101534,48.9124801904113,-9.383309956537872,2.678743105846825
2017-01-07,47.50760795605884,44.15532453071332,-3.3522834253455236,0.9406931801721815,2.427120234539784,3.0770543526491574,45.663849322921365,49.35136658919632,39.39816887101534,48.9124801904113,-9.383309956537872,2.678743105846825
2017-01-08,47.50760795605884,44.155324530713315,-3.352283425345523,0.9406931801721815,2.4271202345397844,3.0770543526491574,45.663849322921365,49.35136658919632,39.398168871015336,48.912480190411294,-9.383309956537872,2.6787431058468254
2017-01-09,47.50760795605884,44.155324530713315,-3.3522834253455236,0.9406931801721815,2.427120234539784,3.0770543526491574,45.663849322921365,49.35136658919632,39.398168871015336,48.912480190411294,-9.383309956537872,2.678743105846825
2017-01-10,47.50760795605884,44.155324530713315,-3.3522834253455227,0.9406931801721815,2.427120234539784,3.077054352649157,45.663849322921365,49.35136658919632,39.398168871015336,48.912480190411294,-9.38330995653787,2.678743105846825
2017-01-11,47.50760795605884,44.155324530713315,-3.352283425345523,0.9406931801721815,2.427120234539784,3.0770543526491574,45.663849322921365,49.35136658919632,39.398168871015336,48.912480190411294,-9.383309956537872,2.6787431058468254
2017-01-12,47.50760795605884,44.155324530713315,-3.3522834253455236,0.9406931801721815,2.427120234539784,3.0770543526491574,45.663849322921365,49.35136658919632,39.398168871015336,48.912480190411294,-9.383309956537872,2.678743105846825
2017-01-13,47.50760795605884,44.155324530713315,-3.3522834253455227,0.9406931801721814,2.4271202345397844,3.077054352649157,45.663849322921365,49.35136658919632,39.398168871015336,48.912480190411294,-9.38330995653787,2.678743105846825
2017-01-14,47.50760795605884,44.155324530713315,-3.352283425345523,0.9406931801721815,2.427120234539784,3.077054352649157,45.663849322921365,49.35136658919632,39.398168871015336,48.912480190411294,-9.383309956537872,2.6787431058468245
2017-01-15,47.50760795605884,44.155324530713315,-3.352283425345523,0.9406931801721815,2.4271202345397844,3.0770543526491574,45.663849322921365,49.35136658919632,39.398168871015336,48.912480190411294,-9.383309956537872,2.6787431058468254
2017-01-16,47.50760795605884,44.155324530713315,-3.3522834253455236,0.9406931801721815,2.4271202345397844,3.0770543526491574,45.663849322921365,49.35136658919632,39.398168871015336,48.912480190411294,-9.383309956537872,2.678743105846825
2017-01-17,47.50760795605884,44.155324530713315,-3.352283425345524,0.9406931801721815,2.427120234539784,3.077054352649157,45.663849322921365,49.35136658919632,39.398168871015336,48.912480190411294,-9.383309956537872,2.6787431058468236
2017-01-18,47.50760795605884,44.15532453071332,-3.3522834253455236,0.9406931801721815,2.427120234539784,3.0770543526491574,45.663849322921365,49.35136658919632,39.39816887101534,48.9124801904113,-9.383309956537872,2.678743105846825
2017-01-19,47.50760795605884,44.15532453071332,-3.3522834253455236,0.9406931801721815,2.427120234539784,3.0770543526491574,45.663849322921365,49.35136658919632,39.39816887101534,48.9124801904113,-9.383309956537872,2.678743105846825
2017-01-20,47.507607956058834,44.155324530713315,-3.352283425345523,0.9406931801721815,2.427120234539784,3.077054352649157,45.66384932292136,49.35136658919631,39.398168871015336,48.912480190411294,-9.383309956537872,2.6787431058468245
2017-01-21,47.50760795605884,44.155324530713315,-3.352283425345523,0.9406931801721815,2.4271202345397844,3.0770543526491574,45.663849322921365,49.35136658919632,39.398168871015336,48.912480190411294,-9.383309956537872,2.6787431058468254
2017-01-22,47.50760795605884,44.155324530713315,-3.352283425345523,0.9406931801721815,2.427120234539784,3.077054352649157,45.663849322921365,49.35136658919632,39.398168871015336,48.912480190411294,-9.383309956537872,2.6787431058468245
2017-01-23,47.50760795605884,44.155324530713315,-3.352283425345523,0.9406931801721815,2.4271202345397844,3.0770543526491574,45.663849322921365,49.35136658919632,39.398168871015336,48.912480190411294,-9.383309956537872,2.6787431058468254
2017-01-24,46.2537550991028,40.838049206710146,-5.4157058923926495,0.051181136865727006,0.13437971540900845,0.12104291471806425,46.153440070845974,46.35407012735962,40.574664964508486,41.101433448911806,-5.652950005240055,-5.178461779545244
2017-01-25,46.2537550991028,40.83804920671015,-5.41570589239265,0.051181136865727006,0.13437971540900842,0.12104291471806425,46.153440070845974,46.35407012735962,40.57466496450849,41.10143344891181,-5.652950005240056,-5.178461779545245
2017-01-26,46.2537550991028,40.83804920671015,-5.41570589239265,0.051181136865727006,0.13437971540900845,0.12104291471806425,46.153440070845974,46.35407012735962,40.57466496450849,41.10143344891181,-5.652950005240056,-5.178461779545245
2017-01-27,46.2537550991028,40.83804920671015,-5.41570589239265,0.051181136865727006,0.13437971540900842,0.12104291471806425,46.153440070845974,46.35407012735962,40.57466496450849,41.10143344891181,-5.652950005240056,-5.178461779545245
2017-01-28,46.2537550991028,40.83804920671015,-5.41570589239265,0.051181136865727006,0.13437971540900845,0.12104291471806425,46.153440070845974,46.35407012735962,40.57466496450849,41.10143344891181,-5.652950005240056,-5.178461779545245
2017-01-29,46.2537550991028,40.83804920671015,-5.41570589239265,0.05118113686572701,0.13437971540900845,0.12104291471806426,46.153440070845974,46.35407012735962,40.57466496450849,41.10143344891181,-5.652950005240056,-5.178461779545245
2017-01-30,46.2537550991028,40.83804920671015,-5.41570589239265,0.051181136865727,0.13437971540900842,0.12104291471806423,46.153440070845974,46.35407012735962,40.57466496450849,41.10143344891181,-5.652950005240056,-5.178461779545245
2017-01-31,44.32701022678384,42.120359292666144,-2.206650934117695,1.4395789700304882,0.9611816251233019,2.3970711984601087,41.505435445524085,47.1485850080436,40.23644330742447,44.004275277907816,-6.904910483099508,2.491608614864118
2017-02-01,44.32701022678384,42.120359292666144,-2.206650934117695,1.4395789700304882,0.9611816251233019,2.3970711984601087,41.505435445524085,47.1485850080436,40.23644330742447,44.004275277907816,-6.904910483099508,2.491608614864118
2017-02-02,44.32701022678384,42.120359292666144,-2.206650934117695,1.4395789700304882,0.9611816251233019,2.3970711984601087,41.505435445524085,47.1485850080436,40.23644330742447,44.004275277907816,-6.904910483099508,2.491608614864118
2017-02-03,44.32701022678384,42.120359292666144,-2.206650934117695,1.4395789700304882,0.9611816251233019,2.3970711984601087,41.505435445524085,47.1485850080436,40.23644330742447,44.004275277907816,-6.904910483099508,2.491608614864118
2017-02-04,44.32701022678384,42.12035929266615,-2.206650934117695,1.4395789700304884,0.9611816251233019,2.3970711984601087,41.505435445524085,47.1485850080436,40.23644330742448,44.00427527790782,-6.904910483099508,2.491608614864118
2017-02-05,44.32701022678384,42.120359292666144,-2.2066509341176954,1.4395789700304884,0.961181625123302,2.397071198460109,41.505435445524085,47.1485850080436,40.23644330742447,44.004275277907816,-6.90491048309951,2.4916086148641186
2017-02-06,46.18665631705808,44.568402453967614,-1.6182538630904655,1.6444799810272652,2.1938586091253,1.437081264305036,42.96347555424464,49.40983707987152,40.268439580082024,48.868365327853205,-4.434933141128336,1.1984254149474047
2017-02-07,46.18665631705807,44.56840245396761,-1.6182538630904655,1.644479981027265,2.1938586091253,1.437081264305036,42.96347555424463,49.409837079871515,40.26843958008202,48.8683653278532,-4.434933141128336,1.1984254149474047
2017-02-08,46.58058461408264,43.82261737695036,-2.7579672371322737,1.4021947162945771,2.2345066742728577,2.0976197074409018,43.832282970145265,49.32888625802001,39.44298429537556,48.202250458525164,-6.869301863716441,1.3533673894518934
2017-02-09,46.58058461408264,43.82261737695036,-2.7579672371322737,1.4021947162945771,2.2345066742728577,2.0976197074409018,43.832282970145265,49.32888625802001,39.44298429537556,48.202250458525164,-6.869301863716441,1.3533673894518934
2017-02-10,46.58058461408264,43.82261737695036,-2.7579672371322737,1.4021947162945774,2.2345066742728577,2.0976197074409018,43.832282970145265,49.32888625802001,39.44298429537556,48.202250458525164,-6.869301863716441,1.3533673894518934
2017-02-11,46.58058461408264,43.82261737695036,-2.7579672371322737,1.4021947162945771,2.2345066742728577,2.0976197074409018,43.832282970145265,49.32888625802001,39.44298429537556,48.202250458525164,-6.869301863716441,1.3533673894518934
2017-02-12,46.58058461408264,43.82261737695037,-2.757967237132274,1.4021947162945774,2.2345066742728577,2.0976197074409018,43.832282970145265,49.32888625802001,39.44298429537557,48.20225045852517,-6.869301863716441,1.353367389451893
2017-02-13,46.58058461408264,43.82261737695037,-2.7579672371322737,1.4021947162945774,2.2345066742728577,2.0976197074409018,43.832282970145265,49.32888625802001,39.44298429537557,48.20225045852517,-6.869301863716441,1.3533673894518934
2017-02-14,46.58058461408264,43.82261737695037,-2.7579672371322737,1.4021947162945771,2.2345066742728577,2.0976197074409018,43.832282970145265,49.32888625802001,39.44298429537557,48.20225045852517,-6.869301863716441,1.3533673894518934
2017-02-15,46.58058461408264,43.82261737695036,-2.7579672371322737,1.4021947162945771,2.2345066742728577,2.0976197074409018,43.832282970145265,49.32888625802001,39.44298429537556,48.202250458525164,-6.869301863716441,1.3533673894518934
2017-02-16,46.58058461408264,43.82261737695037,-2.7579672371322737,1.4021947162945774,2.2345066742728577,2.0976197074409018,43.832282970145265,49.32888625802001,39.44298429537557,48.20225045852517,-6.869301863716441,1.3533673894518934
2017-02-17,46.58058461408264,43.82261737695037,-2.757967237132274,1.4021947162945774,2.2345066742728577,2.0976197074409018,43.832282970145265,49.32888625802001,39.44298429537557,48.20225045852517,-6.869301863716441,1.353367389451893
2017-02-18,46.58058461408264,43.82261737695037,-2.757967237132274,1.4021947162945774,2.2345066742728577,2.0976197074409018,43.832282970145265,49.32888625802001,39.44298429537557,48.20225045852517,-6.869301863716441,1.353367389451893
2017-02-19,46.58058461408264,43.82261737695037,-2.7579672371322737,1.4021947162945774,2.2345066742728577,2.0976197074409018,43.832282970145265,49.32888625802001,39.44298429537557,48.20225045852517,-6.869301863716441,1.3533673894518934
2017-02-20,46.41086306201127,43.30095159695607,-3.10991146505521,1.2620720204070899,2.1914831285699754,1.947678637941475,43.93720190201338,48.88452422200917,39.005644664958915,47.59625852895322,-6.927361595420502,0.7075386653100808
2017-02-21,46.410863062011266,43.30095159695606,-3.10991146505521,1.2620720204070897,2.1914831285699754,1.947678637941475,43.93720190201337,48.88452422200916,39.00564466495891,47.596258528953214,-6.927361595420502,0.7075386653100808
2017-02-22,45.17247882226639,43.6449285571181,-1.5275502651482915,1.3408644317846656,1.4713223017614037,1.7940260333541367,42.54438453596845,47.800573108564336,40.761136845665746,46.52872026857045,-5.0438412905223995,1.9887407602258165
2017-02-23,45.17247882226639,43.64492855711809,-1.5275502651482915,1.3408644317846656,1.4713223017614037,1.7940260333541367,42.54438453596845,47.800573108564336,40.76113684566574,46.528720268570446,-5.0438412905223995,1.9887407602258165
2017-02-24,45.17247882226639,43.6449285571181,-1.5275502651482915,1.3408644317846656,1.4713223017614037,1.7940260333541367,42.54438453596845,47.800573108564336,40.761136845665746,46.52872026857045,-5.0438412905223995,1.9887407602258165
2017-02-25,45.17247882226639,43.6449285571181,-1.5275502651482915,1.3408644317846656,1.4713223017614037,1.7940260333541367,42.54438453596845,47.800573108564336,40.761136845665746,46.52872026857045,-5.0438412905223995,1.9887407602258165
2017-02-26,45.17247882226639,43.64492855711809,-1.5275502651482913,1.3408644317846656,1.4713223017614037,1.7940260333541365,42.54438453596845,47.800573108564336,40.76113684566574,46.528720268570446,-5.043841290522399,1.9887407602258163
2017-02-27,45.17247882226639,43.64492855711809,-1.5275502651482913,1.3408644317846656,1.4713223017614037,1.7940260333541365,42.54438453596845,47.800573108564336,40.76113684566574,46.528720268570446,-5.043841290522399,1.9887407602258163
2017-02-28,45.172478822266385,43.64492855711809,-1.5275502651482913,1.3408644317846654,1.4713223017614034,1.7940260333541365,42.54438453596844,47.80057310856433,40.76113684566574,46.528720268570446,-5.043841290522399,1.9887407602258163
2017-03-01,45.172478822266385,43.64492855711809,-1.5275502651482915,1.3408644317846654,1.4713223017614034,1.7940260333541367,42.54438453596844,47.80057310856433,40.76113684566574,46.528720268570446,-5.0438412905223995,1.9887407602258165
2017-03-02,45.17247882226639,43.64492855711809,-1.5275502651482913,1.3408644317846656,1.4713223017614034,1.7940260333541365,42.54438453596845,47.800573108564336,40.76113684566574,46.528720268570446,-5.043841290522399,1.9887407602258163
2017-03-03,45.17247882226639,43.6449285571181,-1.5275502651482913,1.3408644317846656,1.4713223017614034,1.7940260333541365,42.54438453596845,47.800573108564336,40.761136845665746,46.52872026857045,-5.043841290522399,1.9887407602258163
2017-03-04,45.17247882226639,43.64492855711809,-1.5275502651482913,1.3408644317846656,1.4713223017614034,1.7940260333541367,42.54438453596845,47.800573108564336,40.76113684566574,46.528720268570446,-5.0438412905223995,1.9887407602258167
2017-03-05,45.172478822266385,43.64492855711809,-1.5275502651482913,1.3408644317846654,1.4713223017614034,1.7940260333541365,42.54438453596844,47.80057310856433,40.76113684566574,46.528720268570446,-5.043841290522399,1.9887407602258163
2017-03-06,45.17247882226638,43.64492855711809,-1.527550265148291,1.3408644317846656,1.4713223017614034,1.7940260333541365,42.54438453596843,47.80057310856432,40.76113684566574,46.528720268570446,-5.043841290522399,1.9887407602258165
2017-03-07,45.17247882226639,43.64492855711809,-1.5275502651482913,1.3408644317846656,1.4713223017614037,1.7940260333541365,42.54438453596845,47.800573108564336,40.76113684566574,46.528720268570446,-5.043841290522399,1.9887407602258163
2017-03-08,45.17247882226639,43.64492855711809,-1.5275502651482913,1.3408644317846656,1.4713223017614034,1.7940260333541367,42.54438453596845,47.800573108564336,40.76113684566574,46.528720268570446,-5.0438412905223995,1.9887407602258167
2017-03-09,45.17247882226639,43.6449285571181,-1.5275502651482915,1.3408644317846656,1.4713223017614037,1.7940260333541367,42.54438453596845,47.800573108564336,40.761136845665746,46.52872026857045,-5.0438412905223995,1.9887407602258165
2017-03-10,45.17247882226639,43.64492855711809,-1.5275502651482913,1.3408644317846656,1.4713223017614034,1.7940260333541365,42.54438453596845,47.800573108564336,40.76113684566574,46.528720268570446,-5.043841290522399,1.9887407602258163
2017-03-11,45.17247882226639,43.64492855711809,-1.5275502651482913,1.3408644317846656,1.4713223017614037,1.7940260333541365,42.54438453596845,47.800573108564336,40.76113684566574,46.528720268570446,-5.043841290522399,1.9887407602258163
2017-03-12,44.38998706027842,42.015279351102926,-2.3747077091754907,0.6190237976587868,0.878385988105528,0.7438871998412635,43.1767004168672,45.603273703689645,40.29364281441609,43.73691588778976,-3.832726620864367,-0.9166887974866142
2017-03-13,44.38998706027842,42.015279351102926,-2.3747077091754907,0.6190237976587868,0.8783859881055281,0.7438871998412635,43.1767004168672,45.603273703689645,40.29364281441609,43.73691588778976,-3.832726620864367,-0.9166887974866142
2017-03-14,44.38998706027842,42.015279351102926,-2.3747077091754902,0.6190237976587869,0.8783859881055281,0.7438871998412635,43.1767004168672,45.603273703689645,40.29364281441609,43.73691588778976,-3.8327266208643667,-0.9166887974866138
2017-03-15,44.38998706027842,42.01527935110293,-2.3747077091754907,0.6190237976587869,0.8783859881055281,0.7438871998412635,43.1767004168672,45.603273703689645,40.293642814416096,43.73691588778977,-3.832726620864367,-0.9166887974866142
2017-03-16,44.38998706027842,42.015279351102926,-2.3747077091754907,0.6190237976587868,0.878385988105528,0.7438871998412635,43.1767004168672,45.603273703689645,40.29364281441609,43.73691588778976,-3.832726620864367,-0.9166887974866142
2017-03-17,44.360591360190135,42.315806152854876,-2.044785207335259,0.388201288706048,0.6004203842174447,0.5356777361424114,43.59971683432628,45.12146588605399,41.138982199788686,43.492630105921066,-3.0947135701743855,-0.9948568444961323
2017-03-18,44.36059136019014,42.31580615285488,-2.044785207335259,0.38820128870604803,0.6004203842174448,0.5356777361424115,43.59971683432629,45.121465886054,41.13898219978869,43.49263010592107,-3.0947135701743855,-0.9948568444961323
2017-03-19,44.36059136019014,42.315806152854876,-2.044785207335259,0.388201288706048,0.6004203842174448,0.5356777361424114,43.59971683432629,45.121465886054,41.138982199788686,43.492630105921066,-3.0947135701743855,-0.9948568444961323
2017-03-20,44.492681624792304,42.31875669197962,-2.1739249328126773,0.45424815096498466,0.5447854435970585,0.5599038841591114,43.602355248900935,45.383008000683674,41.250977222529386,43.38653616142986,-3.2713365457645356,-1.076513319860819
2017-03-21,44.492681624792304,42.31875669197963,-2.1739249328126777,0.4542481509649846,0.5447854435970585,0.5599038841591114,43.602355248900935,45.383008000683674,41.25097722252939,43.386536161429866,-3.271336545764536,-1.0765133198608194
2017-03-22,44.49268162479231,42.31875669197964,-2.1739249328126777,0.4542481509649846,0.5447854435970585,0.5599038841591114,43.60235524890094,45.38300800068368,41.2509772225294,43.38653616142987,-3.271336545764536,-1.0765133198608194
2017-03-23,44.49268162479231,42.31875669197963,-2.1739249328126777,0.45424815096498466,0.5447854435970585,0.5599038841591114,43.60235524890094,45.38300800068368,41.25097722252939,43.386536161429866,-3.271336545764536,-1.0765133198608194
2017-03-24,44.49268162479231,42.31875669197963,-2.1739249328126777,0.45424815096498455,0.5447854435970584,0.5599038841591114,43.60235524890094,45.38300800068368,41.25097722252939,43.386536161429866,-3.271336545764536,-1.0765133198608194
2017-03-25,44.49268162479231,42.31875669197964,-2.1739249328126777,0.45424815096498466,0.5447854435970585,0.5599038841591114,43.60235524890094,45.38300800068368,41.2509772225294,43.38653616142987,-3.271336545764536,-1.0765133198608194
2017-03-26,44.49268162479231,42.31875669197963,-2.1739249328126777,0.45424815096498466,0.5447854435970585,0.5599038841591114,43.60235524890094,45.38300800068368,41.25097722252939,43.386536161429866,-3.271336545764536,-1.0765133198608194
2017-03-27,46.04081088637988,40.33957605613179,-5.701234830248086,1.134987365236461,1.4462999399000982,2.536132371290631,43.81623565051642,48.26538612224334,37.5048281739276,43.17432393833598,-10.672054277977722,-0.7304153825184487
2017-03-28,46.147190311979465,41.49204604688944,-4.65514426509002,0.9049128166566426,2.0446396003902367,2.5923991529602635,44.37356119133244,47.92081943262649,37.48455243012458,45.4995396636543,-9.736246604892138,0.42595807471209657
2017-03-29,46.14719031197947,41.49204604688945,-4.655144265090021,0.9049128166566426,2.0446396003902367,2.5923991529602635,44.37356119133245,47.920819432626494,37.48455243012459,45.49953966365431,-9.736246604892138,0.4259580747120957
2017-03-30,46.14719031197947,41.49204604688945,-4.655144265090021,0.9049128166566426,2.0446396003902367,2.5923991529602635,44.37356119133245,47.920819432626494,37.48455243012459,45.49953966365431,-9.736246604892138,0.4259580747120957
2017-03-31,46.147190311979465,41.49204604688945,-4.655144265090021,0.9049128166566426,2.0446396003902367,2.5923991529602635,44.37356119133244,47.92081943262649,37.48455243012459,45.49953966365431,-9.736246604892138,0.4259580747120957
2017-04-01,45.27308825689884,41.46974190741926,-3.803346349479576,1.0849617004142675,1.4473116341158483,2.0235838326063837,43.14656332408687,47.399613189710806,38.633011104552196,44.30647271028633,-7.769570661388087,0.16287796242893604
2017-04-02,45.27308825689883,41.469741907419255,-3.8033463494795754,1.0849617004142675,1.4473116341158483,2.0235838326063833,43.14656332408687,47.39961318971079,38.633011104552196,44.306472710286315,-7.769570661388086,0.1628779624289356
2017-04-03,45.27308825689883,41.469741907419255,-3.803346349479576,1.0849617004142675,1.4473116341158483,2.0235838326063837,43.14656332408687,47.39961318971079,38.633011104552196,44.306472710286315,-7.769570661388087,0.16287796242893604
2017-04-04,45.27308825689884,41.46974190741926,-3.803346349479576,1.0849617004142675,1.4473116341158483,2.0235838326063837,43.14656332408687,47.399613189710806,38.633011104552196,44.30647271028633,-7.769570661388087,0.16287796242893604
2017-04-05,45.273088256898845,41.46974190741927,-3.8033463494795763,1.0849617004142678,1.4473116341158483,2.0235838326063837,43.14656332408688,47.39961318971081,38.63301110455221,44.30647271028633,-7.769570661388088,0.1628779624289356
2017-04-06,45.27308825689884,41.46974190741926,-3.8033463494795763,1.0849617004142678,1.4473116341158485,2.0235838326063837,43.14656332408687,47.399613189710806,38.633011104552196,44.30647271028633,-7.769570661388088,0.1628779624289356
2017-04-07,45.27308825689884,41.46974190741926,-3.803346349479576,1.0849617004142675,1.4473116341158483,2.0235838326063837,43.14656332408687,47.399613189710806,38.633011104552196,44.30647271028633,-7.769570661388087,0.16287796242893604
2017-04-08,45.27308825689884,41.46974190741926,-3.803346349479576,1.0849617004142678,1.4473116341158483,2.0235838326063837,43.14656332408687,47.399613189710806,38.633011104552196,44.30647271028633,-7.769570661388087,0.16287796242893604
2017-04-09,45.9075066480179,41.95847675644439,-3.9490298915735034,0.9225165758550227,1.2118873220569948,1.5277952865071052,44.099374159342055,47.715639136693746,39.58317760521268,44.3337759076761,-6.943508653127429,-0.9545511300195773
2017-04-10,45.9075066480179,41.9584767564444,-3.949029891573504,0.9225165758550228,1.211887322056995,1.5277952865071052,44.099374159342055,47.715639136693746,39.58317760521269,44.333775907676106,-6.94350865312743,-0.9545511300195777
2017-04-11,44.98259683138363,41.18547799396208,-3.79711883742155,1.1992891924150197,1.2133088954308076,1.1290227112888227,42.63199001425019,47.33320364851707,38.8073925589177,43.563563429006464,-6.010003351547643,-1.5842343232954574
2017-04-12,44.9097015489009,40.67355079283578,-4.236150756065117,0.9955257637277761,1.3234044953101578,1.167658682898705,42.95847105199446,46.86093204580734,38.079677982027874,43.26742360364369,-6.524761774546578,-1.947539737583655
2017-04-13,44.9097015489009,40.67355079283578,-4.236150756065117,0.9955257637277761,1.3234044953101578,1.167658682898705,42.95847105199446,46.86093204580734,38.079677982027874,43.26742360364369,-6.524761774546578,-1.947539737583655
2017-04-14,44.909701548900905,40.67355079283578,-4.236150756065117,0.9955257637277762,1.3234044953101578,1.167658682898705,42.958471051994465,46.860932045807346,38.079677982027874,43.26742360364369,-6.524761774546578,-1.947539737583655
2017-04-15,44.50672993024892,41.04454552631393,-3.462184403934987,1.05754775055467,1.3878824237255716,1.7571393182305877,42.43393633916177,46.57952352133608,38.324295975811815,43.76479507681605,-6.9061774676669385,-0.018191340203035367
2017-04-16,44.506729930248916,41.04454552631393,-3.4621844039349865,1.05754775055467,1.3878824237255716,1.7571393182305879,42.43393633916176,46.57952352133607,38.324295975811815,43.76479507681605,-6.9061774676669385,-0.01819134020303448
2017-04-17,44.50672993024892,41.04454552631394,-3.462184403934987,1.05754775055467,1.3878824237255716,1.7571393182305877,42.43393633916177,46.57952352133608,38.32429597581182,43.76479507681606,-6.9061774676669385,-0.018191340203035367
2017-04-18,44.01903824890416,39.778077218163716,-4.2409610307404435,1.4812866277362677,2.80630877029838,1.9465952562632238,41.11571645854107,46.92236003926725,34.27771202837889,45.27844240794854,-8.056287733016362,-0.425634328464525
2017-04-19,44.01903824890416,39.778077218163716,-4.2409610307404435,1.4812866277362677,2.80630877029838,1.9465952562632238,41.11571645854107,46.92236003926725,34.27771202837889,45.27844240794854,-8.056287733016362,-0.425634328464525
2017-04-20,44.71481579004692,40.74944171200916,-3.9653740780377666,1.3571811926055857,2.4029838628536906,1.5407271104060318,42.05474065253997,47.37489092755387,36.03959334081593,45.45929008320239,-6.985199214433589,-0.9455489416419445
2017-04-21,44.71481579004693,40.74944171200916,-3.965374078037767,1.3571811926055857,2.4029838628536906,1.5407271104060318,42.05474065253998,47.37489092755388,36.03959334081593,45.45929008320239,-6.985199214433589,-0.9455489416419449
2017-04-22,44.71481579004693,40.74944171200916,-3.965374078037767,1.3571811926055857,2.4029838628536906,1.5407271104060318,42.05474065253998,47.37489092755388,36.03959334081593,45.45929008320239,-6.985199214433589,-0.9455489416419449
2017-04-23,44.71481579004692,40.74944171200915,-3.9653740780377666,1.3571811926055857,2.4029838628536906,1.5407271104060316,42.05474065253997,47.37489092755387,36.03959334081592,45.45929008320238,-6.985199214433589,-0.9455489416419449
2017-04-24,44.46283883743629,41.929436321573576,-2.533402515862711,1.298454326649639,3.1328612613674345,3.1770980679903333,41.917868357203,47.007809317669576,35.7890282492934,48.06984439385375,-8.760514729123765,3.6937096973983423
2017-04-25,45.05778919211591,41.81932020226299,-3.238468989852921,1.6200959073915306,2.834943961283502,2.6776815451451625,41.88240121362851,48.23317717060331,36.26283003814733,47.37581036637866,-8.48672481833744,2.0097868386315976
2017-04-26,45.05778919211591,41.81932020226299,-3.238468989852921,1.6200959073915306,2.834943961283502,2.6776815451451625,41.88240121362851,48.23317717060331,36.26283003814733,47.37581036637866,-8.48672481833744,2.0097868386315976
2017-04-27,45.05778919211592,41.81932020226299,-3.238468989852921,1.6200959073915306,2.834943961283502,2.677681545145163,41.88240121362852,48.23317717060332,36.26283003814733,47.37581036637866,-8.486724818337441,2.0097868386315985
2017-04-28,45.05778919211592,41.819320202263,-3.238468989852921,1.6200959073915306,2.8349439612835026,2.677681545145163,41.88240121362852,48.23317717060332,36.262830038147335,47.375810366378666,-8.486724818337441,2.0097868386315985
2017-04-29,45.05778919211591,41.81932020226299,-3.238468989852921,1.6200959073915306,2.834943961283502,2.6776815451451625,41.88240121362851,48.23317717060331,36.26283003814733,47.37581036637866,-8.48672481833744,2.0097868386315976
2017-04-30,44.96135119806493,42.05148662986939,-2.909864568195541,1.4771012906770897,2.5883740861750106,2.466794152024373,42.06623266833784,47.856469727792025,36.97827342096637,47.12469983877241,-7.744781106163312,1.9250519697722295
2017-05-01,44.96135119806493,42.05148662986939,-2.909864568195541,1.4771012906770897,2.5883740861750106,2.466794152024373,42.06623266833784,47.856469727792025,36.97827342096637,47.12469983877241,-7.744781106163312,1.9250519697722295
2017-05-02,44.49757530513363,41.51791723801833,-2.9796580671153077,1.7554402401345164,2.700043268388793,2.263123939362928,41.05691243446998,47.93823817579728,36.22583243197629,46.81000204406036,-7.415380988266647,1.4560648540360317
2017-05-03,44.49757530513363,41.51791723801832,-2.9796580671153072,1.7554402401345164,2.700043268388793,2.263123939362928,41.05691243446998,47.93823817579728,36.225832431976286,46.810002044060354,-7.415380988266646,1.4560648540360321
2017-05-04,44.49757530513363,41.51791723801832,-2.9796580671153072,1.7554402401345164,2.700043268388793,2.263123939362928,41.05691243446998,47.93823817579728,36.225832431976286,46.810002044060354,-7.415380988266646,1.4560648540360321
2017-05-05,44.49757530513363,41.51791723801832,-2.9796580671153072,1.7554402401345164,2.700043268388793,2.2631239393629277,41.05691243446998,47.93823817579728,36.225832431976286,46.810002044060354,-7.415380988266646,1.4560648540360313
2017-05-06,44.70457944427921,40.75959157099189,-3.9449878732873245,1.6246223570056686,2.674588549893352,2.5076728137561535,41.5203196245481,47.88883926401032,35.51739801320092,46.001785128782856,-8.860026588249386,0.9700508416747367
2017-05-07,44.704579444279204,40.75959157099188,-3.944987873287324,1.6246223570056684,2.674588549893352,2.5076728137561535,41.520319624548094,47.888839264010315,35.51739801320091,46.00178512878285,-8.860026588249385,0.9700508416747371
2017-05-08,44.70457944427921,40.75959157099189,-3.9449878732873245,1.6246223570056686,2.674588549893352,2.5076728137561535,41.5203196245481,47.88883926401032,35.51739801320092,46.001785128782856,-8.860026588249386,0.9700508416747367
2017-05-09,46.01237111751942,39.7872522359956,-6.225118881523817,2.823532454586853,2.377717600565141,3.9143734296790074,40.478247506529186,51.54649472850966,35.12692573888793,44.44757873310328,-13.89729080369467,1.4470530406470372
2017-05-10,46.01237111751942,39.7872522359956,-6.225118881523817,2.8235324545868528,2.3777176005651404,3.914373429679007,40.47824750652919,51.54649472850965,35.12692573888793,44.44757873310328,-13.89729080369467,1.4470530406470363
2017-05-11,45.93299678425217,39.697884082880336,-6.235112701371827,2.603180662243532,2.133625652743363,3.540960875325078,40.83076268625484,51.03523088224949,35.51597780350335,43.879790362257324,-13.17539601700898,0.7051706142653256
2017-05-12,45.93299678425216,39.697884082880336,-6.235112701371826,2.6031806622435316,2.133625652743363,3.5409608753250774,40.83076268625484,51.03523088224948,35.51597780350335,43.879790362257324,-13.175396017008978,0.7051706142653256
2017-05-13,45.93299678425217,39.697884082880336,-6.235112701371827,2.6031806622435316,2.133625652743363,3.540960875325078,40.83076268625484,51.03523088224949,35.51597780350335,43.879790362257324,-13.17539601700898,0.7051706142653256
2017-05-14,46.096914753780425,39.1695145472632,-6.927400206517233,2.2437076656671855,1.9247640905021728,3.0535215830837195,41.69924772907274,50.49458177848811,35.39697692987894,42.94205216464746,-12.912302509361323,-0.9424979036731429
2017-05-15,46.096914753780425,39.16951454726319,-6.927400206517232,2.2437076656671855,1.9247640905021728,3.0535215830837195,41.69924772907274,50.49458177848811,35.39697692987893,42.94205216464745,-12.912302509361322,-0.942497903673142
2017-05-16,45.73582219224016,38.64803774021709,-7.087784452023068,2.189394640716374,2.07972894248534,2.7814336667026724,41.44460869643606,50.02703568804425,34.57176901294582,42.72430646748836,-12.539394438760306,-1.6361744652858299
2017-05-17,45.73582219224016,38.64803774021709,-7.087784452023068,2.189394640716374,2.07972894248534,2.781433666702672,41.44460869643606,50.02703568804425,34.57176901294582,42.72430646748836,-12.539394438760304,-1.6361744652858308
2017-05-18,45.73582219224016,38.64803774021709,-7.087784452023068,2.189394640716374,2.07972894248534,2.7814336667026724,41.44460869643606,50.02703568804425,34.57176901294582,42.72430646748836,-12.539394438760306,-1.6361744652858299
2017-05-19,45.73582219224016,38.648037740217084,-7.087784452023067,2.189394640716374,2.07972894248534,2.781433666702672,41.44460869643606,50.02703568804425,34.57176901294582,42.72430646748835,-12.539394438760304,-1.6361744652858299
2017-05-20,45.735822192240164,38.64803774021709,-7.087784452023069,2.189394640716374,2.07972894248534,2.781433666702672,41.44460869643607,50.02703568804426,34.57176901294582,42.72430646748836,-12.539394438760306,-1.6361744652858317
2017-05-21,45.735822192240164,38.64803774021709,-7.087784452023069,2.189394640716374,2.07972894248534,2.7814336667026724,41.44460869643607,50.02703568804426,34.57176901294582,42.72430646748836,-12.539394438760308,-1.6361744652858308
2017-05-22,45.380373478960955,38.86004050446763,-6.520332974493326,1.9873120933927515,1.8080842098571634,2.5638926409467464,41.48524177591116,49.27550518201075,35.316195453147586,42.40388555578767,-11.545562550748949,-1.4951033982377027
2017-05-23,44.93800413517319,39.377986618614585,-5.560017516558602,2.19094688022472,1.6263278575380447,2.533699651639143,40.643748249932734,49.23226002041364,36.19038401784002,42.56558921938915,-10.526068833771323,-0.593966199345882
2017-05-24,45.15354504271681,39.56080034183989,-5.592744700876921,2.1343625357412166,1.6024298028225492,2.3760770941870812,40.97019447266402,49.336895612769595,36.42003792830769,42.70156275537208,-10.2498558054836,-0.9356335962702413
2017-05-25,44.88664230801626,39.35199129037895,-5.534651017637318,2.122952616341747,1.570450143400504,2.317652226754625,40.72565517998644,49.04762943604609,36.27390900931396,42.430073571443934,-10.077249382076383,-0.9920526531982521
2017-05-26,44.59337556905217,39.403427249893,-5.189948319159176,2.1417553593413055,1.4980040187882468,2.425958341633115,40.395535064743214,48.79121607336113,36.467339373068036,42.33951512671796,-9.944826668760081,-0.4350699695582705
2017-05-27,44.46379389284552,39.36062606057017,-5.103167832275356,2.0548727792395347,1.4172692669098652,2.330156446321838,40.43624324553603,48.49134454015501,36.582778297426835,42.138473823713504,-9.670274467066157,-0.5360611974845542
2017-05-28,44.181888919384335,39.492383808715765,-4.6895051106685735,2.124459593720229,1.4174795949547125,2.564550361450848,40.01794811569269,48.34582972307598,36.714123802604526,42.270643814827004,-9.716023819112236,0.33701359777508877
2017-05-29,43.829944171809814,39.663017660916935,-4.166926510892872,2.2994435980606225,1.4666546066186819,2.9570969314110354,39.323034719610995,48.33685362400863,36.78837463194432,42.53766068988955,-9.9628364964585,1.628983474672757
2017-05-30,44.011622077807765,39.54846041978624,-4.463161658021531,2.286499763696298,1.9235444367673271,2.6843380004346376,39.53008254096302,48.49316161465251,35.77831332372228,43.318607515850196,-9.72446413887342,0.7981408228303586
2017-05-31,43.91220883923524,39.5578993528736,-4.354309486361636,2.330484019887283,1.8844443069628687,2.597646572592274,39.34446016025617,48.47995751821431,35.86438851122637,43.25141019452082,-9.445696768642494,0.7370777959192214
2017-06-01,43.83960985555941,39.40135785731602,-4.438251998243389,2.293991781305283,1.931201772355451,2.517538514219918,39.343385964201055,48.335833746917764,35.616202383499335,43.18651333113271,-9.372627486114428,0.4961234896276503
2017-06-02,43.940771067922086,39.43860485567155,-4.502166212250531,2.1715664413314615,2.191490690988613,2.3502159180456967,39.68450084291242,48.19704129293175,35.143283101333864,43.733926610009235,-9.1085894116200965,0.10425698711903486
2017-06-03,43.74107367717433,39.258157804571105,-4.482915872603224,2.304616663915519,2.2669857528794193,2.280887501170496,39.22402501589991,48.25812233844874,34.814865728927444,43.70144988021477,-8.953455374897395,-0.012376370309051588
2017-06-04,43.64803942100485,39.04204354923445,-4.605995871770405,2.2789602293134736,2.369410026422576,2.242714202151038,39.18127737155044,48.11480147045926,34.3979998974462,43.6860872010227,-9.00171570798644,-0.21027603555437047
2017-06-05,43.81854852472285,38.86466224005257,-4.953886284670285,2.2026788295699333,2.2665069379964855,2.1560463898768587,39.50129801876578,48.13579903067992,34.422308641579455,43.30701583852568,-9.179737208828929,-0.7280353605116421
2017-06-06,44.55238614978242,39.07202636356084,-5.480359786221587,2.400024850069807,1.951606883967171,2.1447294773458245,39.8483374436456,49.256434855919245,35.24687687098518,42.89717585613649,-9.684029561819404,-1.2766900106237715
2017-06-07,44.46222137297465,38.98836305294167,-5.473858320032985,2.4061247023823342,1.9594647963969731,2.0966608457596903,39.746216956305275,49.17822578964403,35.1478120520036,42.82891405387974,-9.583313577721977,-1.3644030623439924
2017-06-08,44.48805270939461,38.89480845249177,-5.5932442569028344,2.3469198913743834,1.979098647308239,2.11153884512591,39.88808972230082,49.0880156964884,35.01577510376762,42.77384180121592,-9.731860393349617,-1.454628120456051
2017-06-09,44.506118662889236,38.87115365094252,-5.634965011946719,2.292818842708734,1.9421745180703105,2.070854289024583,40.01219373118012,49.00004359459835,35.06449159552471,42.67781570636033,-9.693839418434901,-1.5760906054585364
2017-06-10,44.55879061918752,38.87157656809357,-5.687214051093946,2.2444252100434827,1.8978336542829957,2.0357903231209353,40.1597172075023,48.95786403087274,35.151822605698904,42.59133053048824,-9.67736308441098,-1.6970650177769127
2017-06-11,45.222788040525806,39.24386599820395,-5.978922042321859,2.42326690235598,1.8506905859169984,1.9267718264444214,40.473184911908085,49.97239116914353,35.616512449806635,42.87121954660127,-9.755394822152924,-2.2024492624907928
2017-06-12,45.25938508699584,39.62559009987466,-5.633794987121179,2.201964628726246,1.8668826466950674,1.9133854839226303,40.9435344146924,49.57523575929928,35.96650011235232,43.28468008739699,-9.384030535609535,-1.8835594386328243
2017-06-13,44.72375038997184,39.710161360532496,-5.013589029439339,2.3633400508365447,1.8188946203626017,2.3104990058270323,40.09160389033221,49.35589688961147,36.145127904621795,43.2751948164432,-9.542167080860322,-0.48501097801835513
2017-06-14,44.64645002366018,39.840915007757495,-4.805535015902685,2.3645551818743447,1.8952821645480988,2.5216221023742005,40.011921867186466,49.28097818013389,36.12616196524322,43.55566805027177,-9.747914336556118,0.13684430475074727
2017-06-15,44.52702841238175,39.97422693306616,-4.55280147931559,2.4080972573110886,1.9625703734125215,2.7901101930442276,39.80715778805202,49.24689903671149,36.12758900117762,43.82086486495471,-10.021417457682276,0.9158144990510957
2017-06-16,44.44611569760268,40.06753033301496,-4.378585364587723,2.3996769664203543,1.96508891354509,2.8668648896495506,39.74274884341878,49.149482551786576,36.21595606246658,43.91910460356333,-9.997640548300842,1.240469819125396
2017-06-17,44.54157179467662,40.02760057950212,-4.5139712151745,2.3752835148169966,1.9197081641351461,2.843614858807513,39.886016105635306,49.197127483717935,36.26497257779724,43.790228581207,-10.087456338437226,1.0595139080882259
2017-06-18,44.72948063302079,39.893654117997734,-4.835826515023058,2.4497021091516045,1.9578993309871373,3.091556058945771,39.928064499083646,49.53089676695794,36.056171429262946,43.73113680673252,-10.89527639055677,1.2236233605106532
2017-06-19,45.27091162998442,39.50360450957743,-5.767307120406987,2.3826004107327265,2.128560821197659,3.5151858871458312,40.60101482494827,49.940808435020564,35.33162530003002,43.67558371912484,-12.657071459212816,1.122457218398842
2017-06-20,45.52830559578568,39.533358657887476,-5.994946937898205,2.7334832839437815,2.2356721249592297,3.4510915720427078,40.170678359255874,50.88593283231549,35.151441292967384,43.91527602280757,-12.759086419101912,0.7691925433055022
2017-06-21,45.484127632609045,39.52927255539773,-5.954855077211317,2.6917542228615576,2.1835580000353825,3.366495110078717,40.20828935580039,50.7599659094177,35.249498875328385,43.80904623546708,-12.553185492965602,0.6434753385429683
2017-06-22,45.43844387515219,39.46915863157647,-5.9692852435757215,2.6474620839281005,2.1571411797783973,3.2791166869710953,40.24941819065311,50.62746955965127,35.24116191921081,43.69715534394213,-12.396353950039067,0.45778346288762517
2017-06-23,45.27763807546298,39.42127214085432,-5.856365934608665,2.6996355790008586,2.117370697099856,3.225251474385222,39.986352340621295,50.56892381030467,35.271225574538605,43.571318707170036,-12.1778588244037,0.4651269551863697
2017-06-24,45.0656216737951,39.8662830561965,-5.199338617598598,2.6501278441269402,2.221186340215617,3.1846402679299746,39.871371099306295,50.259872248283905,35.51275782937389,44.21980828301911,-11.441233542741347,1.0425563075441522
2017-06-25,45.45593675100511,39.73489084566425,-5.721045905340854,2.721201667009716,1.9612028425259107,3.158004256266581,40.12238148366607,50.789492018344156,35.89093327431347,43.57884841701504,-11.910734247623353,0.46864243694164465
2017-06-26,45.3508563472049,39.6318245802632,-5.719031766941705,2.726295212762781,1.9974791132961949,3.0838992444480526,40.007317730189854,50.69439496421995,35.716765518202656,43.54688364232374,-11.763474286059889,0.3254107521764782
2017-06-27,45.63679146060999,40.15077309398546,-5.486018366624534,2.39976619695482,1.9353315296162974,2.5902962909076557,40.933249714578544,50.34033320664144,36.35752329593751,43.9440228920334,-10.562999096803539,-0.4090376364455288
2017-06-28,45.587546185169295,40.08271541279821,-5.504830772371086,2.3815316113913116,1.952745437254196,2.5416892118773515,40.919744226842326,50.25534814349626,36.255334355779986,43.91009646981643,-10.486541627650695,-0.5231199170914778
2017-06-29,45.55866323732935,39.97126711294145,-5.587396124387901,2.347837237855897,2.0357000091605304,2.530478579319364,40.956902251131794,50.1604242235269,35.981295094986805,43.96123913089609,-10.547134139853855,-0.6276581089219473
2017-06-30,45.628542475637744,40.0292373663169,-5.599305109320844,2.206912152909553,2.0284103265342455,2.3756410211260546,41.302994655935024,49.954090295340464,36.05355312630978,44.00492160632402,-10.255561510727912,-0.9430487079137775
2017-07-01,45.540857607422545,39.97027917628128,-5.5705784311412625,2.231103791249954,2.0264702034622344,2.3329029874313885,41.16789417657264,49.91382103827245,35.998397577495304,43.94216077506726,-10.143068286506784,-0.998088575775741
2017-07-02,45.54952104113805,39.88989073119082,-5.6596303099472305,2.1856062924470825,2.0474877476977706,2.332658639917361,41.265732707941766,49.833309374334334,35.876814745703186,43.90296671667845,-10.231641244185258,-1.0876193757092025
2017-07-03,45.484427783413416,39.844480866464565,-5.639946916948849,2.182311147369518,2.032158312753366,2.2875342482727596,41.20709793456916,49.76175763225767,35.86145057346797,43.82751115946116,-10.123514043563457,-1.156379790334241
2017-07-04,44.913601796139105,39.62928055372796,-5.28432124241115,2.5460720876810843,1.93568994546059,2.3603956329701767,39.92330050428418,49.90390308799403,35.835328260625204,43.423232846830714,-9.910696683032697,-0.6579458017896034
2017-07-05,44.96804698725034,39.595292356346995,-5.3727546309033425,2.5150882483733175,1.9143000814086528,2.3657811049171085,40.038474020438635,49.897619954062044,35.84326419678604,43.34732051590795,-10.009685596540875,-0.7358236652658103
2017-07-06,44.92646648602365,39.90375148139968,-5.022715004623967,2.306914879340028,2.136682795950431,2.659503136676246,40.404913322517196,49.4480196495301,35.715853201336834,44.09164976146253,-10.23534115250941,0.18991114326147507
2017-07-07,44.881439629563744,39.71208544220167,-5.169354187362076,2.2770312753382447,2.3378682175571526,2.7244895253523813,40.41845832990079,49.3444209292267,35.12986373578965,44.29430714861369,-10.509353657052744,0.1706452823285911
2017-07-08,44.88006724063577,39.584686948082805,-5.295380292552963,2.229668149509129,2.3818050156279007,2.7410361994987227,40.509917667597875,49.25021681367366,34.91634911745212,44.25302477871349,-10.667811243570458,0.0770506584645334
2017-07-09,46.60699071310129,40.35629486611687,-6.250695846984416,3.3469435720453475,2.4149298527338723,3.069984387501783,40.04698131189241,53.16700011431017,35.62303235475848,45.08955737747526,-12.267865246487911,-0.233526447480922
2017-07-10,46.52801284822128,40.2647132837404,-6.2632995644808815,3.3344142610329643,2.4442521611297123,3.023647032561573,39.99256089659667,53.06346479984589,35.473979047926164,45.05544751955463,-12.189647748301564,-0.3369513806601985
2017-07-11,46.09712077674985,39.65469603173522,-6.44242474501463,3.296673267601583,2.7828837058636893,2.8255353868203805,39.63564117225074,52.55860038124895,34.20024396824239,45.10914809522805,-11.980474103182576,-0.9043753868466844
2017-07-12,45.96988123663107,39.65654904734893,-6.31333218928213,3.333124697501251,2.7367194077297436,2.8616481556562334,39.43695682952861,52.502805643733524,34.292579008198636,45.02051908649923,-11.922162574368347,-0.704501804195913
2017-07-13,46.28377901555238,39.42437414943564,-6.859404866116741,3.502659016127573,2.507506035595041,3.285517203062231,39.41856734394234,53.148990687162424,34.50966231966936,44.339085979201926,-13.299018584118713,-0.4197911481147676
2017-07-14,45.9852886974673,39.429430230320655,-6.555858467146639,3.8908645487595317,2.470419389331705,3.687775607762461,38.359194181898616,53.61138321303598,34.58740822723051,44.2714522334108,-13.783898658361064,0.6721817240677845
2017-07-15,45.59481976511712,39.81631101786655,-5.778508747250569,4.0139575833127035,2.4915265202871897,3.9641721333701367,37.727462901824225,53.46217662841002,34.93291903810366,44.699702997629444,-13.548286128656038,1.9912686341548982
2017-07-16,45.2384929345174,39.83953414588162,-5.398958788635782,4.49781026627002,2.4553651204289135,4.492967485868796,36.422784812628166,54.05420105640664,35.02701850984095,44.652049781922294,-14.205175060938622,3.407257483667059
2017-07-17,45.419859650145845,39.955910051184425,-5.463949598961417,4.45473697004793,2.285597651336214,4.3535103289532,36.6885751888519,54.15114411143979,35.476138654565446,44.435681447803404,-13.996829843709689,3.068930645786855
2017-07-18,45.158530278028444,39.61655098397998,-5.541979294048467,4.221674224318289,2.293998692580861,4.0617926720907525,36.884048798364596,53.43301175769229,35.12031354652149,44.11278842143847,-13.503092931346341,2.419134343249408
2017-07-19,45.05003767020375,39.56650875399545,-5.483528916208299,4.202259096097809,2.2799477438355025,4.000700061295004,36.81360984185204,53.28646549855546,35.09781117607787,44.03520633191303,-13.324901036346507,2.3578432039299084
2017-07-20,44.94820195324988,39.577460664158714,-5.3707412890911606,4.165783617463678,2.2404047770327846,3.973839153595295,36.783266063021074,53.11313784347868,35.18626730117445,43.968654027142975,-13.159466030137938,2.4179834519556174
2017-07-21,44.87365761615941,39.54686984384204,-5.326787772317368,4.110173919568229,2.2103135620954686,3.9015107377595,36.81771673380568,52.929598498513144,35.21465526213492,43.87908442554916,-12.973748818325987,2.3201732736912524
2017-07-22,44.652039758528474,39.47697258321324,-5.175067175315239,4.0613013326682275,2.154817414356171,3.807470650854694,36.691889146498745,52.6121903705582,35.25353045107514,43.700414715351336,-12.63770965099044,2.2875753003599613
2017-07-23,44.434684555401844,39.51017228060226,-4.924512274799578,4.01094400906751,2.0834548769172945,3.7957451399831297,36.573234297629526,52.29613481317416,35.426600721844366,43.59374383936016,-12.364172749166512,2.5151481995673564
2017-07-24,44.22876650420685,39.988392901838594,-4.2403736023682574,3.5304523323920054,2.1520925092542282,3.674699438360122,37.30907993271852,51.14845307569519,35.770291583700306,44.20649421997688,-11.442784501554097,2.9620372968175817
2017-07-25,44.212219756808786,39.61547036772638,-4.596749389082405,3.203584824596462,2.1452989505100235,3.427895926089832,37.93319350059972,50.49124601301785,35.41068442472674,43.82025631072602,-11.315425404218477,2.121926626053665
2017-07-26,44.36701575229197,39.528595753478946,-4.838419998813023,3.153443908854243,2.120606658080296,3.4513623065355588,38.18626569093765,50.547765813646286,35.37220670364157,43.684984803316325,-11.603090119622719,1.926250121996672
2017-07-27,44.49629869150528,39.491939498580756,-5.004359192924525,3.060526506544279,2.052985968067242,3.3692102191979747,38.4976667386785,50.494930644332065,35.46808700116896,43.51579199599255,-11.608011222552555,1.5992928367035049
2017-07-28,44.75585664765692,39.32447713190483,-5.431379515752086,3.0344701221048083,2.0671604767765848,3.521874627661679,38.808295208331494,50.703418086982346,35.272842597422724,43.37611166638693,-12.334253785968976,1.4714947544648043
2017-07-29,45.28185208768603,39.133280463865276,-6.148571623820753,2.8737366343347706,1.865675701896733,3.307657630690525,39.64932828438988,50.914375890982186,35.47655608814768,42.79000483958287,-12.631580579974182,0.33443733233267636
2017-07-30,45.37179531430133,38.987579263634395,-6.384216050666932,2.7508496119941417,1.865532704588064,3.262235279637574,39.98013007479281,50.76346055380985,35.331135162641786,42.644023364627,-12.778197198756576,0.009765097422712365
2017-07-31,45.52194952239349,39.361108498511946,-6.160841023881539,2.3248718997397075,1.781399951026838,2.8245111421662035,40.965200598903664,50.07869844588332,35.869564594499344,42.85265240252455,-11.696882862527298,-0.6247991852357799
2017-08-01,45.69833310047243,39.011888335691935,-6.686444764780492,2.3783819783987705,1.6582720413986793,2.7782514282124446,41.03670442281084,50.35996177813402,35.76167513455052,42.26210153683335,-12.131817564076883,-1.2410719654841005
2017-08-02,45.631609576887314,39.01590689758243,-6.615702679304882,2.3442106525436675,1.6220977843455942,2.7282260538354284,41.03695669790173,50.2262624558729,35.83659524026507,42.195218554899796,-11.963025744822321,-1.2683796137874426
2017-08-03,45.515956939592215,39.03761168779398,-6.478345251798238,2.356141648228805,1.5897188277055565,2.735114712143706,40.89791930906376,50.13399457012067,35.92176278549108,42.15346059009687,-11.839170087599902,-1.1175204159965748
2017-08-04,45.429377352348226,39.10776669662377,-6.3216106557244585,2.3355067737289215,1.57925689582616,2.755005291407767,40.85178407583954,50.00697062885691,36.0124231808045,42.20311021244304,-11.721421026883682,-0.9218002845652356
2017-08-05,45.43755494598633,39.10794094719851,-6.329613998787821,2.276571111643281,1.541710378319313,2.683035963148313,40.975475567165496,49.89963432480716,36.086188605692655,42.12969328870436,-11.588364486558515,-1.0708635110171274
2017-08-06,45.74188521431343,39.25181985862805,-6.490065355685372,2.0164683109642474,1.6045605002242986,2.390970875551718,41.7896073248235,49.694163103803355,36.106881278188425,42.39675843906768,-11.17636827176674,-1.8037624396040046
2017-08-07,45.75339095588902,39.19628422834678,-6.557106727542241,1.9700705630398627,1.5942352369057275,2.3532555788166287,41.89205265233089,49.614729259447145,36.07158316401155,42.320985292682,-11.169487662022833,-1.9447257930616484
2017-08-08,45.615178309328186,38.97933033028486,-6.635847979043326,2.1041892551702657,1.5893031540242135,2.336832791267301,41.490967369194465,49.73938924946191,35.8642961483974,42.09436451217232,-11.216040249927236,-2.0556557081594162
2017-08-09,45.71676299641718,38.94188139335499,-6.774881603062194,2.099446280419562,1.5641584081766289,2.360880259024277,41.60184828679484,49.83167770603952,35.876130913328794,42.007631873381186,-11.402206910749776,-2.147556295374611
2017-08-10,45.732226741753905,38.914376820515585,-6.81784992123832,2.044842370980226,1.5322069546085682,2.3042137736675703,41.724335694632664,49.740117788875146,35.91125118948279,41.91750245154838,-11.334108917626757,-2.301590924849882
2017-08-11,45.73655443646812,38.93248393716254,-6.804070499305584,1.9872204972072134,1.4927571328339724,2.235758621999567,41.84160226194198,49.63150661099426,36.00667995680795,41.858287917517124,-11.186157398424736,-2.421983600186432
2017-08-12,45.897875256100185,39.28069710804857,-6.617178148051618,1.818774858247286,1.6014593895974263,2.052797254538755,42.333076533935504,49.46267397826487,36.141836704437615,42.41955751165953,-10.640660766947578,-2.5936955291556583
2017-08-13,45.8739500694443,39.21091093631969,-6.663039133124603,1.7753692050364949,1.5965604214488114,2.0099455487966917,42.39422642757277,49.35367371131583,36.08165251028002,42.34016936235936,-10.60253240876612,-2.7235458574830878
2017-08-14,45.56965159919454,39.27738178573454,-6.292269813460002,1.8400125278142583,1.5964356395200194,2.3521410053918803,41.9632270446786,49.17607615371049,36.148367932275306,42.406395639193775,-10.902466184028087,-1.682073442891916
2017-08-15,45.643797208123885,39.02581560709041,-6.617981601033477,1.633059329174676,1.7724191641506453,2.270087042609566,42.44300092294152,48.84459349330625,35.55187404535514,42.499757168825674,-11.067352204548225,-2.1686109975187273
2017-08-16,45.721459376297915,38.85807111546898,-6.86338826082894,1.6317881534235683,1.8921976190724474,2.4777356263879815,42.52315459558772,48.91976415700811,35.149363782086986,42.566778448850975,-11.719750088549384,-2.0070264331084964
2017-08-17,45.694140758113114,38.8815770058813,-6.812563752231815,1.5321903130796006,1.821973892875681,2.4554315114256666,42.691047744477096,48.69723377174913,35.310508175844966,42.45264583591763,-11.625209514626121,-1.9999179898375088
2017-08-18,45.66246246663301,38.7930167705673,-6.8694456960657115,1.4922157576661241,1.8148695088124607,2.3974720827307667,42.73771958160741,48.58720535165861,35.235872533294874,42.35016100783972,-11.568490978218014,-2.170400413913409
2017-08-19,45.51083238125132,38.701516819911056,-6.809315561340266,1.4207086726242897,1.678162816649927,2.184025498707373,42.72624338290771,48.29542137959493,35.412317699277196,41.990715940544916,-11.090005538806716,-2.528625583873815
2017-08-20,45.489979269872975,38.66205473823034,-6.827924531642637,1.3766511607765775,1.6346697257114782,2.1120542238521693,42.791742994750884,48.18821554499507,35.45810207583584,41.86600740062484,-10.96755081039289,-2.688298252892385
2017-08-21,45.590699185054014,38.3711351424881,-7.219564042565911,1.4166493854805948,1.7440856585328461,2.4431162224313954,42.81406638951205,48.36733198059598,34.95272725176372,41.78954303321248,-12.008071838531446,-2.4310562466003764
2017-08-22,45.356546771531285,38.21415387214104,-7.142392899390245,1.5310828642555863,1.641964555369813,2.2392092653115316,42.35562435759034,48.35746918547223,34.995903343616206,41.432404400665874,-11.531243059400847,-2.7535427393796432
2017-08-23,45.313261724411845,38.24655616411796,-7.066705560293884,1.5080900830924848,1.6111717202346563,2.2097923938660826,42.357405161550574,48.269118287273116,35.088659592458036,41.40445273577789,-11.397898652271405,-2.7355124683163625
2017-08-24,45.268112453453185,38.271514508846934,-6.996597944606256,1.4880719894823193,1.579625689292907,2.179729834023438,42.35149135406784,48.18473355283853,35.17544815783284,41.36758085986103,-11.268868419292193,-2.7243274699203175
2017-08-25,45.30018560681695,38.29034233161721,-7.009843275199742,1.45820619317854,1.546483265810162,2.1270002467519373,42.44210146818701,48.158269745446894,35.25923513062929,41.32144953260513,-11.17876375883354,-2.840922791565945
2017-08-26,45.33907181401654,38.31743084668157,-7.0216409673349744,1.433849919969131,1.517826604031653,2.0774984884952343,42.52872597087705,48.149417657156036,35.34249070277953,41.292370990583606,-11.093538004785634,-2.949743929884315
2017-08-27,45.41601792551277,38.275251354806464,-7.140766570706309,1.4436753801487268,1.49927532246799,2.099681229589618,42.586414180421265,48.24562167060427,35.336671722769204,41.213830986843725,-11.25614178070196,-3.0253913607106577
2017-08-28,45.18245159956752,38.43105185016292,-6.751399749404599,1.477975651311328,1.5328291020856724,2.0614448620257995,42.28561932299732,48.07928387613772,35.426706810075004,41.43539689025084,-10.791831678975166,-2.710967819834032
2017-08-29,45.003288814515294,38.13085814720749,-6.872430667307806,1.4309349122164172,1.7146052604734088,2.0254701846730594,42.198656386571116,47.80792124245947,34.770231836679606,41.491484457735375,-10.842352229267002,-2.9025091053486096
2017-08-30,44.78604605712457,38.704163940149854,-6.08188211697472,1.4812467032341161,2.1164329789766496,2.631329118398878,41.8828025187857,47.68928959546344,34.555955301355624,42.852372578944085,-11.23928718903652,-0.9244770449129192
2017-08-31,44.64504473653799,38.82340490187246,-5.821639834665528,1.5586759115239808,2.1260374726566695,2.7868077690037567,41.590039949950985,47.700049523124996,34.65637145546538,42.99043834827953,-11.283783061912892,-0.3594966074181647
2017-09-01,44.56299147033892,38.931472168509494,-5.63151930182943,1.5451068930347165,2.1112448086904863,2.8063427835587045,41.53458195999088,47.59140098068696,34.79343234347614,43.06951199354285,-11.13195115760449,-0.1310874460543694
2017-09-02,44.55578007055038,39.04099568456194,-5.514784385988436,1.4996588662810952,2.108337968576419,2.772185611198865,41.61644869263943,47.49511144846132,34.90865326615216,43.17333810297173,-10.948268183938211,-0.08130058803866014
2017-09-03,44.82626006395322,39.39741352506603,-5.428846538887195,1.493610851027862,2.064433133847498,2.605995742682647,41.89878279593861,47.753737331967834,35.351124582724935,43.44370246740712,-10.536598194545183,-0.32109488322920754
2017-09-04,44.82268936469784,39.50324131663482,-5.319448048063014,1.4524319689188172,2.0639540593566648,2.581790910004768,41.97592270561695,47.66945602377872,35.45789136029576,43.54859127297388,-10.379758231672358,-0.2591378644536695
2017-09-05,44.61599156306643,39.220195163650594,-5.395796399415839,1.4635691725178102,2.1471423603916024,2.4052611326220235,41.74739598493152,47.48458714120134,35.011796137283056,43.42859419001813,-10.110108219355006,-0.6814845794766731
2017-09-06,44.52728597091187,39.385640525576186,-5.14164544533568,1.4753614085408753,2.2160382980417457,2.588948450276289,41.63557761017175,47.41899433165199,35.04220546141436,43.72907558973801,-10.215984407877206,-0.06730648279415341
2017-09-07,44.474838804466806,39.51995005898949,-4.954888745477319,1.4526349967672592,2.235127555291363,2.642517087302666,41.62767421080298,47.32200339813063,35.13910005061842,43.90080006736056,-10.134222236590546,0.224444745635906
2017-09-08,44.40920448087269,39.637701424009705,-4.771503056862982,1.4356732093547502,2.227496311588211,2.674906912437241,41.59528499053738,47.223123971208,35.27180865329681,44.0035941947226,-10.014320605239973,0.4713144915140104
2017-09-09,44.33202124584375,39.74694994459129,-4.585071301252449,1.42584935785215,2.208154362663178,2.701081060734506,41.537356504453534,47.12668598723396,35.41896739377147,44.07493249541112,-9.879190180292081,0.7090475777871834
2017-09-10,44.325460699655785,39.74459747797792,-4.580863221677864,1.380055272693847,2.13629736872098,2.608142597808091,41.62055236517585,47.030369034135724,35.5574546352848,43.93174032067104,-9.692822713381723,0.5310962700259942
2017-09-11,44.25081364151483,39.534728428541435,-4.7160852129733986,1.3262438143894273,1.9662601964937239,2.4480023004364413,41.651375765311556,46.85025151771811,35.68085844341373,43.388598413669136,-9.514169721828823,0.08199929588202615
2017-09-12,44.349497496556324,38.76261509185962,-5.586882404696706,1.311919671931672,2.5068173839641203,2.8768993514192345,41.77813493957025,46.9208600535424,33.84925301928995,43.6759771644293,-11.225605133478405,0.05184032408499384
2017-09-13,44.533058533838776,38.667651261113726,-5.865407272725049,1.4615044649120832,2.4529517437756936,2.9721700252495378,41.668509782611096,47.39760728506646,33.859865843313365,43.475436678914086,-11.690860522214143,-0.039954023235955205
2017-09-14,44.736850055564965,38.55149693263495,-6.185353122930016,1.6185343664813339,2.410131292793617,3.1082276033037997,41.56452269726155,47.90917741386838,33.82763959875946,43.27535426651043,-12.277479225405463,-0.09322702045456843
2017-09-15,44.963031908753656,38.48321702989211,-6.479814878861544,1.7898437492525912,2.3440336119264806,3.1938403404098232,41.454938160218575,48.47112565728874,33.88891115051621,43.07752290926801,-12.739741946064797,-0.21988781165829074
2017-09-16,45.06178462443106,38.45360053264164,-6.6081840917894255,1.768546554653919,2.26805381483688,3.1130853014206483,41.595433377309384,48.52813587155274,34.00821505556135,42.898986009721924,-12.709831282573896,-0.5065369010049547
2017-09-17,45.366163306291895,38.56479956020293,-6.801363746088968,1.6706439534101112,2.068244706726253,2.8119500982072725,42.09170115760808,48.64062545497571,34.511039935019475,42.61855918538638,-12.312785938575221,-1.2899415536027137
2017-09-18,45.603737494701164,38.93932943111724,-6.664408063583922,1.5551721585364493,2.248356539428553,2.704094568546804,42.55560006396972,48.65187492543261,34.53255061383727,43.3461082483972,-11.964433417935657,-1.3643827092321867
2017-09-19,45.26793955286519,38.640565908109544,-6.627373644755643,1.6604247669881642,2.196692672925023,2.4515772473252575,42.013507009568386,48.52237209616199,34.3350482691765,42.94608354704259,-11.432465049513148,-1.8222822399981382
2017-09-20,45.203287136431605,39.20327332100064,-6.0000138154309655,1.4948637108627743,2.3910947644266773,2.647825104857422,42.27335426314057,48.13322000972264,34.51672758272435,43.889819059276924,-11.189751020951512,-0.8102766099104182
2017-09-21,45.26337977677772,39.1694068189577,-6.0939729578200215,1.4814680806218041,2.3395986301387426,2.6135148622365767,42.35970233875898,48.16705721479646,34.58379350388576,43.755020134029635,-11.216462087803713,-0.9714838278363311
2017-09-22,45.392014230316825,39.04961447779245,-6.342399752524375,1.5415584212411626,2.337525182428124,2.7533967085015223,42.37055972468415,48.4134687359495,34.468065120233334,43.63116383535157,-11.739057301187358,-0.945742203861391
2017-09-23,45.483163832048085,38.948970112848805,-6.5341937191992825,1.5455689184305925,2.3139402426921194,2.792185531815557,42.45384875192413,48.51247891217204,34.41364723717225,43.48429298852536,-12.006877361557773,-1.0615100768407908
2017-09-24,45.48825189568225,39.13204181023304,-6.356210085449203,1.4035629598413162,2.171662564806372,2.597732092406761,42.73726849439327,48.23923529697122,34.875583183212555,43.388500437253526,-11.447764986566455,-1.2646551843319518
2017-09-25,45.504048131423815,39.05047742728703,-6.4535707041367925,1.3375009905219215,2.0616643746973202,2.552287011931574,42.88254619000085,48.12555007284678,35.00961525288028,43.091339601693775,-11.456053247522679,-1.4510881607509072
2017-09-26,45.00083907949457,38.85140090351612,-6.149438175978453,1.3782833678795308,1.8090981334079015,2.2283976538575145,42.29940367845069,47.70227448053845,35.30556856203663,42.39723324499561,-10.517097577539182,-1.7817787744177247
2017-09-27,44.88646968560381,38.93813619007819,-5.948333495525613,1.399732540650038,1.7863150837644868,2.2830568793618187,42.14299390592973,47.629945465277885,35.4369586258998,42.43931375425658,-10.423124979074778,-1.4735420119764484
2017-09-28,44.783263268171076,39.04823305918943,-5.73503020898165,1.4045492613401869,1.7802854812304074,2.3431839171612077,42.03034671594431,47.53617982039784,35.55887351597783,42.53759260240103,-10.327670686617616,-1.1423897313456832
2017-09-29,44.69247579038114,39.23540894447636,-5.457066845904781,1.2999461218091175,1.6909961143210916,2.22921600340418,42.14458139163527,47.240370189127006,35.921056560407024,42.5497613285457,-9.826330212576973,-1.087803479232588
2017-09-30,44.69671726588856,39.20009431823931,-5.496622947649254,1.2554620141368775,1.6430422781286507,2.1553142350699694,42.23601171818028,47.15742281359684,35.979731453107156,42.42045718337146,-9.721038848386394,-1.2722070469121132
2017-10-01,44.652418768885134,39.43094164773889,-5.221477121146237,1.1641753945547184,1.67217706446142,2.1413028798955787,42.370634995557886,46.93420254221238,36.15347460139451,42.708408694083275,-9.418430765741572,-1.024523476550903
2017-10-02,44.676355070375,39.40778038564909,-5.268574684725911,1.140452552342636,1.6399334065028845,2.0994597711017966,42.441068067783434,46.91164207296657,36.193510908903434,42.622049862394746,-9.383515836085433,-1.1536335333663894
2017-10-03,44.551889965190185,38.98844521927685,-5.563444745913344,1.210437351554164,1.9609588812635934,2.084398488692933,42.179432756144024,46.924347174236345,35.14496581200021,42.83192462655349,-9.648865783751493,-1.4780237080751952
2017-10-04,44.58695898243398,38.99770442786968,-5.589254554564298,1.1937978027556422,1.9213011569316707,2.038225883889917,42.24711528903292,46.926802675835035,35.23195416028361,42.76345469545575,-9.584177286988535,-1.5943318221400609
2017-10-05,44.65226715997153,38.95642944022267,-5.6958377197488606,1.2017776061759067,1.8871855243124427,2.0418100281678626,42.296783051866754,47.007751268076305,35.257545812570285,42.655313067875056,-9.69778537495787,-1.6938900645398496
2017-10-06,44.86428467797769,39.14449306793853,-5.719791610039165,1.261197046872408,1.977008166325601,1.9876439485268937,42.39233846610777,47.33623088984761,35.26955706194035,43.019429073936706,-9.615573749151876,-1.8240094709264532
2017-10-07,44.82328326897486,39.09894671061374,-5.724336558361119,1.2401638561199444,1.9427037968025929,1.9356017571297424,42.39256211097977,47.254004426969956,35.29124726888065,42.90664615234682,-9.518116002335415,-1.9305571143868243
2017-10-08,44.77169017796978,39.03057021427778,-5.741119963691997,1.2239348038924391,1.9176067971272148,1.88388649168209,42.3727779623406,47.17060239359896,35.27206089190844,42.78907953664712,-9.433537487388893,-2.0487024399951004
2017-10-09,44.93960115584334,39.02076139762297,-5.918839758220376,1.304446609608886,1.7425259324295006,1.7360512953940168,42.38288580100993,47.496316510676756,35.605410570061146,42.43611222518479,-9.32150029719265,-2.5161792192481025
2017-10-10,44.839392765497294,39.04092268538032,-5.79847008011697,1.2491834554180254,1.897681929029323,1.743996378029871,42.390993192877964,47.287792338116624,35.32146610448285,42.760379266277795,-9.216702981055517,-2.380237179178423
2017-10-11,44.733757866470995,39.01090197933219,-5.722855887138808,1.3138674959924725,1.8640902426192751,1.736598268117847,42.15857757432575,47.30893815861624,35.35728510379841,42.66451885486597,-9.126588492649788,-2.319123281627828
2017-10-12,44.69468557604233,39.085509726509514,-5.609175849532824,1.227740927185149,1.8947634572061252,1.7825729516592523,42.28831335875944,47.101057793325225,35.37177335038551,42.79924610263352,-9.103018834784958,-2.1153328642806897
2017-10-13,44.629877672527805,39.04224148852352,-5.587636184004281,1.231973519755666,1.8630891782297037,1.7403068950425347,42.215209573806696,47.04454577124891,35.39058669919331,42.69389627785374,-8.998637698287649,-2.176634669720913
2017-10-14,44.55301293092502,39.136232584473845,-5.416780346451176,1.212604076104649,1.8501036996358826,1.8234684430009491,42.176308941759906,46.92971692009014,35.51002933318752,42.76243583576017,-8.990778494733036,-1.8427821981693162
2017-10-15,45.31514148685149,38.85974400600535,-6.455397480846144,2.1689902247074073,1.7648162313545415,2.950749743144027,41.06392064642497,49.56636232727801,35.40070419255045,42.31878381946025,-12.238866977408437,-0.671927984283851
2017-10-16,45.294840159715065,38.70260439304846,-6.5922357666666045,1.8915603124709945,1.719118587488931,2.668195709018291,41.587381947271915,49.002298372158215,35.33313196157015,42.07207682452677,-11.821899356342456,-1.3625721769907537
2017-10-17,45.28678856937479,38.73283599839782,-6.553952570976978,1.8519826413911555,1.6897832858246387,2.6213197652494853,41.65690259224813,48.916674546501454,35.420860758181526,42.04481123861411,-11.69173931086597,-1.4161658310879872
2017-10-18,45.282391257067545,38.73809336199406,-6.544297895073483,1.8099567831663406,1.6533242802353023,2.5643368207196358,41.734875962061516,48.829906552073574,35.49757777273287,41.978608951255254,-11.57039806368397,-1.518197726462997
2017-10-19,45.303510632165036,38.67935330862566,-6.624157323539378,1.7666543765126834,1.6343015129533234,2.5226402765452125,41.84086805420018,48.76615321012989,35.476122343237144,41.88258427401417,-11.568532265567995,-1.679782381510761
2017-10-20,45.21569850710022,38.63569307613026,-6.580005430969961,1.7577498345565963,1.600794744687183,2.4620911657629994,41.77050883136929,48.66088818283115,35.49813537654338,41.77325077571714,-11.40570411586544,-1.754306746074482
2017-10-21,45.074469226778305,38.611350845082306,-6.463118381695994,1.7952843734204926,1.5575825475852143,2.434257578630824,41.55571185487414,48.59322659868247,35.558489051815286,41.664212638349326,-11.234263235812408,-1.691973527579579
2017-10-22,44.95986335523877,38.56495587343255,-6.394907481806216,1.7914470611040407,1.5182250952702427,2.3708163241460207,41.44862711547485,48.471099595002684,35.58923468670287,41.54067706016223,-11.041707477132416,-1.7481074864800155
2017-10-23,44.96775466814792,38.44589731925264,-6.521857348895276,1.6433367333723303,1.4135845393470574,2.1674673845512498,41.746814670738154,48.188694665557684,35.675271622132406,41.21652301637287,-10.770093422615727,-2.2736212751748264
2017-10-24,45.47930983148216,37.843485297353396,-7.635824534128764,2.1644357902503675,1.5137037295972902,2.9360683082990664,41.23701568259144,49.72160398037288,34.876625987342706,40.81034460736409,-13.390518418394933,-1.8811306498625937
2017-10-25,45.45308163149373,37.78389061693791,-7.6691910145558175,2.1172002615069987,1.4991936172795757,2.8667033519276135,41.30336911894001,49.60279414404745,34.84547112706994,40.72231010680588,-13.28792958433394,-2.0504524447776955
2017-10-26,45.60673623597946,38.06847747408006,-7.538258761899396,1.9719950146678868,1.7333641478005075,2.7158518748976066,41.7416260072304,49.47184646472852,34.67108374439107,41.465871203769055,-12.861328436698706,-2.2151890871000868
2017-10-27,45.56012640593734,38.05697285858614,-7.503153547351191,1.943129255158735,1.696186717737187,2.66178665077005,41.75159306582622,49.36865974604846,34.732446891821255,41.38149882535103,-12.72025538286049,-2.2860517118418935
2017-10-28,45.40146997085121,38.107941452036876,-7.29352851881433,2.0281934381511038,1.667304833901493,2.7556497437120524,41.42621083207504,49.37672910962738,34.84002397758995,41.3758589264838,-12.694602016489952,-1.8924550211387077
2017-10-29,45.59999598710719,38.36937097394382,-7.230625013163368,2.0973962748668775,1.7288018744223645,2.584493204049021,41.48909928836811,49.710892685846275,34.98091930007599,41.75782264781166,-12.296231693099449,-2.1650183332272874
2017-10-30,45.28934333677541,38.5239729970789,-6.765370339696515,2.139727976286063,1.6338525841604956,2.4720254843116862,41.09547650325473,49.48321017029609,35.32162193212433,41.72632406203347,-11.61054028894742,-1.9202003904456104
2017-10-31,45.10637431340239,38.64594759606947,-6.460426717332925,2.1441270562683967,1.5189585518842526,2.5093943921223323,40.90388528311633,49.30886334368845,35.668788834376336,41.6231063577626,-11.378839725892696,-1.5420137087731538
2017-11-01,45.14189609360201,39.41843773919806,-5.723458354403945,2.002351201642752,2.2875129411310082,3.059280196696514,41.21728773838221,49.0665044488218,34.93491237458129,43.901963103814836,-11.719647539929113,0.27273083112122176
2017-11-02,45.37577696134399,39.3238076522747,-6.0519693090692845,2.2595185926585395,2.2984604656097205,3.4092446228260047,40.94712051973325,49.80443340295473,34.81882513967965,43.82879016486975,-12.734088769808253,0.6301501516696844
2017-11-03,45.54996016057708,39.268683325906736,-6.2812768346703445,2.358604174670642,2.272296459114245,3.522077342340136,40.927095978222624,50.172824342931534,34.81498226604282,43.72238438577065,-13.184548425657011,0.6219947563163224
2017-11-04,45.675935464336185,39.19430082478943,-6.48163463954676,2.3779398692067835,2.2573269135659175,3.578426455636963,41.01517332069089,50.33669760798148,34.769940074200235,43.618661575378624,-13.495350492595207,0.5320812135016872
2017-11-05,45.82423025804045,39.15746634946387,-6.66676390857659,2.1962678966647093,2.1088717454188886,3.3056714297560865,41.51954518057762,50.12891533550328,35.02407772844285,43.29085497048489,-13.14587991089852,-0.18764790625466077
2017-11-06,45.399659274897694,39.34733671890219,-6.0523225559955,2.4226269968611014,2.0881750856044254,3.6657255927374184,40.65131036104994,50.14800818874545,35.25451355111752,43.440159886686864,-13.23714471776084,1.1324996057698407
2017-11-07,45.2974866225959,39.0628035884225,-6.234683034173403,2.3020837293170464,2.149158387934705,3.4625820791083197,40.785402513134486,49.80957073205731,34.85045314807047,43.27515402877452,-13.02134390922571,0.5519778408789033
2017-11-08,45.311564066649076,39.095251253372325,-6.216312813276754,2.2549919286942743,2.111252523744925,3.3893356446231886,40.8917798864083,49.73134824688985,34.95719630683227,43.23330619991238,-12.859410676738204,0.42678505018469615
2017-11-09,46.019499462934384,38.900055265358716,-7.119444197575665,2.7645720388840034,2.018610233557965,3.9292085807962436,40.60093826672174,51.43806065914703,34.9435792075851,42.85653132313233,-14.820693015936303,0.5818046207849727
2017-11-10,46.09217774828267,38.87899252535595,-7.213185222926729,2.7331687946272685,1.983645808029928,3.8813165073368645,40.73516691081323,51.44918858575212,34.99104674161729,42.766938309094606,-14.820565577306983,0.39419513145352525
2017-11-11,46.32962730972708,38.70297325383748,-7.626654055889602,2.5712738929715524,1.8828085050748742,3.6836305144451464,41.289930479502836,51.369324139951324,35.01266858389072,42.39327792378423,-14.846569864202088,-0.4067382475771151
2017-11-12,46.344523930939964,38.681668056876525,-7.662855874063437,2.5213214797786336,1.8500932699123582,3.6160537882931063,41.402733830573844,51.286314031306084,35.0554852478483,42.30785086590475,-14.750321299117925,-0.5753904490089488
2017-11-13,46.534741909329846,38.608620540678686,-7.926121368651156,2.304790889479371,1.6701942492723514,3.2925749343909265,42.01735176595028,51.05213205270941,35.335039812104874,41.8822012692525,-14.379568240057372,-1.47267449724494
2017-11-14,46.43061995961723,38.2306718737716,-8.199948085845634,2.0939694661331485,1.843395978340137,3.0561572305529596,42.32643980599626,50.534800113238205,34.61761575622493,41.84372799131827,-14.190016257729434,-2.2098799139618333
2017-11-15,46.058337496570445,38.543771209448984,-7.5145662871214585,2.117833623916617,1.9548739475557526,3.339982334818959,41.90738359369388,50.20929139944701,34.71221827223971,42.37532414665826,-14.060931663366617,-0.9682009108762992
2017-11-16,46.058964379621266,38.61213961244737,-7.446824767173891,2.079072124193838,1.9488532619283867,3.2946684844494456,41.98398301620134,50.13394574304119,34.792387219067734,42.43189200582701,-13.904374996694804,-0.9892745376529781
2017-11-17,46.04249359272824,38.66407508324208,-7.378418509486156,2.0390937839055385,1.92707769462566,3.245253217367393,42.045869776273385,50.0391174091831,34.887002801775786,42.44114736470838,-13.739114815526246,-1.0177222034460662
2017-11-18,46.00849499401081,38.71941650680929,-7.289078487201524,2.0029782184823173,1.906466249055324,3.2056928622473393,42.08265768578547,49.93433230223615,34.982742658660854,42.45609035495772,-13.572236497206308,-1.0059204771967396
2017-11-19,46.061791447390426,38.59824383054672,-7.463547616843707,1.8366658485650418,1.772087168071001,2.957201423911581,42.46192638420295,49.661656510577906,35.12495298112756,42.071534679965886,-13.259662407710405,-1.6674328259770084
2017-11-20,46.04611866151307,38.56002791377214,-7.486090747740931,1.8002912898258263,1.7428373608275816,2.897613172906582,42.51754773345445,49.57468958957169,35.144066686550076,41.9759891409942,-13.165412566637833,-1.80676892884403
2017-11-21,45.97582487769029,38.305193483275566,-7.670631394414722,1.6959720374188256,1.760444002468728,2.7806935943727376,42.651719684349395,49.29993007103119,34.85472323843686,41.75566372811427,-13.120790839385288,-2.220471949444157
2017-11-22,45.92363700394353,38.27080974399202,-7.652827259951513,1.6773527560333013,1.7295156197612107,2.724423606921187,42.63602560211826,49.211248405768806,34.88095912926005,41.66066035872399,-12.992697529517038,-2.3129569903859872
2017-11-23,45.900834204370554,38.19997776518858,-7.700856439181974,1.6416037357002915,1.715451931808562,2.668831852237632,42.68329088239798,49.118377526343124,34.83769197884379,41.56226355153336,-12.931766869567733,-2.4699460087962155
2017-11-24,45.8717772751911,38.20710567782542,-7.66467159736568,1.6051671753142667,1.6721483374840167,2.60713079624082,42.725649611575136,49.017904938807064,34.929694936356746,41.48451641929409,-12.774647957997686,-2.5546952367336724
2017-11-25,45.66245139798435,38.271310829867375,-7.391140568116973,1.5817130529901862,1.580907224809673,2.568623224622464,42.562293814123585,48.76260898184511,35.17273266924042,41.36988899049433,-12.425642088377003,-2.3566390478569437
2017-11-26,45.58499473900996,38.2952132617692,-7.289781477240757,1.5734129263799213,1.5424152115767955,2.5364401060072956,42.50110540330531,48.668884074714605,35.27207944707868,41.318347076459716,-12.261204085015056,-2.318358869466457
2017-11-27,45.510017283001666,38.391640719610606,-7.1183765633910605,1.555015325049729,1.5432545808640799,2.5518468108384273,42.4621872459042,48.557847320099135,35.36686174111701,41.4164196981042,-12.119996312634377,-2.1167568141477426
2017-11-28,45.331373891113394,38.48409071091614,-6.847283180197256,1.4813041075380964,1.4308317984885488,2.429582583778291,42.428017840338725,48.23472994188806,35.679660385878584,41.2885210359537,-11.609265044402706,-2.0853013159918063
2017-11-29,45.22397814891297,38.46298195162722,-6.760996197285745,1.5008729391370281,1.388965821344577,2.3839583478973827,42.28226718820439,48.165689109621546,35.74060894179185,41.18535496146259,-11.433554559164616,-2.0884378354068742
2017-11-30,45.350060130125996,38.429658229178905,-6.920401900947091,1.4126637903746249,1.2558158246076876,2.17597852939158,42.58123910099173,48.11888115926026,35.968259212947835,40.891057245409975,-11.18531981855459,-2.655483983339594
2017-12-01,45.30820461657449,38.47630334607565,-6.831901270498837,1.383875170752582,1.2344515880043148,2.1462286706798905,42.595809281899434,48.02059995124955,36.056778233587195,40.89582845856411,-11.038509465031423,-2.625293075966251
2017-12-02,45.27553972110811,38.51282364873012,-6.762716072377992,1.352854988181369,1.2095858443929879,2.107595318717557,42.623943944272625,47.927135497943596,36.142035393719866,40.88361190374037,-10.893602897064405,-2.63182924769158
2017-12-03,44.97929779018412,38.896901610038164,-6.082396180145959,1.3888967877821852,1.3599277142246777,2.3842307851479747,42.257060086131034,47.701535494237206,36.2314432901578,41.56235992991853,-10.755488519035989,-1.4093038412559284
2017-12-04,45.217312337872386,38.58050082091763,-6.636811516954756,1.354600422559501,1.7308785915785256,2.7767018729749995,42.56229550965576,47.87232916608901,35.187978781423716,41.97302286041154,-12.079147187985754,-1.1944758459237574
2017-12-05,45.251472147371864,38.766819087338476,-6.4846530600333905,1.2950985975735871,1.6788257762338257,2.6628763922302503,42.713078896127634,47.789865398616094,35.476320565920176,42.057317608756776,-11.703890788804681,-1.2654153312621004
2017-12-06,45.22840732735051,38.78527530048042,-6.443132026870087,1.2720542722556953,1.6413941293717136,2.6108655491652617,42.73518095372935,47.72163370097167,35.568142806911865,42.00240779404898,-11.560428503234,-1.3258355505061736
2017-12-07,45.94057303956721,38.68792100954781,-7.252652030019409,2.029839538870928,1.4741665650051172,2.9622069204914525,41.96208754338019,49.91905853575423,35.79855454213778,41.577287476957835,-13.058577594182655,-1.4467264658561616
2017-12-08,45.90517390371974,38.65032466926797,-7.254849234451776,1.9968355599935297,1.4454088592699235,2.894785341954367,41.99137620613242,49.81897160130706,35.81732330509892,41.48332603343702,-12.928628504682337,-1.581069964221217
2017-12-09,45.913368177075554,38.57444282213303,-7.338925354942521,1.9511507060139028,1.4424120776212561,2.840346226583539,42.08911279328831,49.7376235608628,35.747315149995366,41.40157049427069,-12.906003959046258,-1.771846750838785
2017-12-10,45.888729323102694,38.496055617304826,-7.392673705797875,1.9109059979954455,1.4404474907698626,2.774605834973995,42.143353567031625,49.634105079173764,35.67277853539589,41.31933269921376,-12.830901142346905,-1.9544462692488445
2017-12-11,45.587954647214275,38.424539982176995,-7.163414665037279,1.7331782398126367,1.2510533071151282,2.4301797618560075,42.19092529718151,48.98498399724704,35.97247550023134,40.87660446412265,-11.926566998275053,-2.400262331799504
2017-12-12,46.48703444880866,38.36254753354588,-8.124486915262773,2.0493260044125186,1.6515350717221446,2.855175241735857,42.47035548016012,50.50371341745719,35.125538792970474,41.599556274121284,-13.720630389065054,-2.5283434414604935
2017-12-13,46.469592110066834,38.32165999895176,-8.147932111115072,2.01233033558368,1.6294262443349612,2.7972459095764903,42.52542465232282,50.41375956781085,35.12798456005523,41.515335437848286,-13.630534093884993,-2.6653301283451505
2017-12-14,46.4424291149772,38.31647025247046,-8.125958862506746,1.9708389178587784,1.5907046158289162,2.7331076019252802,42.579584835973996,50.30527339398041,35.19868920544578,41.43425129949514,-13.482849762280296,-2.769067962733197
2017-12-15,46.6444778051158,38.35980433481091,-8.284673470304888,1.9410214500258056,1.4662848816697733,2.5763033424858617,42.84007576306522,50.448879847166374,35.48588596673815,41.23372270288367,-13.334228021577177,-3.2351189190325993
2017-12-16,46.70700524159946,38.26593137395933,-8.441073867640126,1.8096112537606894,1.406856817032679,2.4238278377105664,43.16016718422851,50.25384329897041,35.50849201257528,41.023370735343384,-13.191776429552835,-3.6903713057274166
2017-12-17,47.35648605241261,38.13466174874997,-9.221824303662641,2.270571387114358,1.3093522743521948,2.8320518561696155,42.90616613366847,51.806805971156756,35.56833129101967,40.70099220648027,-14.772645941755087,-3.671002665570195
2017-12-18,47.50856553445986,37.990316958293484,-9.518248576166378,2.0332330019261384,1.4045429928303195,2.674751404410044,43.52342885068463,51.49370221823509,35.237412692346055,40.74322122424091,-14.760761328810066,-4.275735823522692
2017-12-19,47.625996092342135,37.954294782901364,-9.671701309440772,1.9647795523341027,1.3562418779635927,2.61211417194301,43.775028169767296,51.47696401491697,35.296060702092724,40.612528863710004,-14.791445086449073,-4.551957532432472
2017-12-20,47.73519169306485,37.92810500666092,-9.80708668640393,1.9923807668990272,1.3383529167793615,2.641921265337956,43.83012538994276,51.64025799618694,35.30493328977337,40.55127672354847,-14.985252366466323,-4.628921006341535
2017-12-21,47.842903450332074,37.91846041366622,-9.924443036665853,2.0134680270798384,1.3134951807284394,2.646099370186647,43.89650611725559,51.78930078340856,35.34400985943848,40.492910967893955,-15.11079780223168,-4.7380882711000245
2017-12-22,47.96995382945669,37.87648718539657,-10.09346664406012,2.0508639167779488,1.3023578900492394,2.7026282322430153,43.95026055257191,51.98964710634147,35.32386572090006,40.42910864989308,-15.39061797925643,-4.79631530886381
2017-12-23,48.05172001463089,37.796969659299634,-10.254750355331254,2.0444266936587514,1.3363702123723997,2.759403868960643,44.04464369505973,52.05879633420204,35.17768404304973,40.41625527554954,-15.663181938494112,-4.846318772168394
2017-12-24,48.06970549198952,37.7238312051835,-10.345874286806016,2.000123471254951,1.3581291670303683,2.735563150956574,44.149463488329815,51.98994749564922,35.06189803780398,40.385764372563024,-15.7075780626809,-4.984170510931131
2017-12-25,48.13039918104801,37.63651163589715,-10.49388754515086,1.9741136784750883,1.393101248039028,2.763215722901926,44.26113637123684,51.99966199085919,34.906033189740654,40.36699008205365,-15.909790362038635,-5.077984728263085
2017-12-26,48.15481460461258,37.719625337335245,-10.435189267277337,1.8406658807532252,1.4582806959058354,2.702063356146685,44.54710947833626,51.762519730888904,34.86139517335981,40.57785550131068,-15.73123344532484,-5.139145089229835
2017-12-27,48.16915948853821,37.607928136227294,-10.56123135231092,1.797552645487658,1.5204319947151297,2.705724776566453,44.645956303382405,51.69236267369402,34.62788142658564,40.58797484586895,-15.864451914381167,-5.258010790240672
2017-12-28,48.16876526040203,37.551269845001116,-10.617495415400915,1.7506518213039604,1.506953011948862,2.6495145085007596,44.73748769064627,51.6000428301578,34.597641941581344,40.50489774842089,-15.810543852062404,-5.424446978739427
2017-12-29,48.20027963343894,37.585308804505296,-10.614970828933643,1.703575296320943,1.462699401812572,2.567264998538943,44.86127205264989,51.53928721422799,34.71841797695265,40.45219963205794,-15.64681022606997,-5.583131431797315
2017-12-30,48.19259542301633,37.61037907378371,-10.582216349232617,1.6494198798716144,1.4158892383793857,2.4840927866183278,44.95973245846796,51.425458387564696,34.835236166560115,40.38552198100731,-15.45103821100454,-5.713394487460694
2017-12-31,48.09078225492432,37.74845439086751,-10.342327864056813,1.636748916510076,1.450545060202331,2.54523654597774,44.88275437856457,51.29881013128407,34.90538607287094,40.591522708864076,-15.330991494173183,-5.353664233940442
2018-01-01,48.09078225492432,37.74845439086751,-10.342327864056813,1.636748916510076,1.4505450602023313,2.54523654597774,44.88275437856457,51.29881013128407,34.90538607287094,40.591522708864076,-15.330991494173183,-5.353664233940442
2018-01-02,47.60760074914686,37.9797271151137,-9.627873634033165,1.8101348950766567,1.4185802010817208,2.7469254729401613,44.05973635479661,51.15546514349711,35.19930992099352,40.76014430923387,-15.011847560995882,-4.243899707070448
2018-01-03,47.34489992560506,38.06130661540804,-9.283593310197022,2.0607224930611667,1.4128135341437549,3.0058328021215646,43.30588383920518,51.383916012004946,35.29219208848628,40.830421142329804,-15.175025602355287,-3.392161018038755
2018-01-04,47.15072640877079,38.097155340270845,-9.053571068499943,2.115961921018645,1.3687377569214876,3.0181707971379805,43.00344104357424,51.29801177396733,35.41442933670473,40.77988134383696,-14.969185830890385,-3.1379563061095013
2018-01-05,47.05755826977994,38.228544676008624,-8.829013593771313,1.8848869621872666,1.1597003636008743,2.637894939775468,43.3631798238929,50.75193671566698,35.955531963350914,40.501557388666335,-13.99928767573123,-3.6587395118113957
2018-01-06,46.966836469268316,38.28330725834682,-8.683529210921497,1.8544102418077162,1.137899140498299,2.606552661049464,43.332192395325194,50.60148054321144,36.053024942970154,40.51358957372348,-13.792372426578446,-3.5746859952645487
2018-01-07,46.87286839051666,38.28744808607193,-8.585420304444717,1.8269595286371996,1.0984107167572739,2.541832755586782,43.29202771438775,50.453709066645565,36.134563081227675,40.44033309091619,-13.56741250539481,-3.6034281034946254
2018-01-08,46.90938084239634,38.24148060658893,-8.66790023580741,1.7593524510671552,1.0722280433924383,2.458719756142696,43.46105003830471,50.357711646487964,36.13991364153975,40.34304757163811,-13.486990957847095,-3.8488095137677263
2018-01-09,47.27610140253708,38.03626659608276,-9.239834806454322,1.5706043974891153,1.6278330393970697,2.6844891270147055,44.19771678345841,50.35448602161575,34.845713838864505,41.22681935330102,-14.501433495403145,-3.9782361175054994
2018-01-10,47.00077927978007,38.60881715865688,-8.391962121123182,1.4967836353532398,1.8920520204273403,2.9631390374239803,44.06708335448772,49.93447520507242,34.90039519861929,42.317239118694474,-14.199714634474184,-2.5842096077721806
2018-01-11,46.634672505184426,38.7512740135556,-7.883398491628827,1.541498189033836,1.7900426850512174,2.9198519594683963,43.61333605467811,49.656008955690744,35.242790350855216,42.25975767625599,-13.606308332186885,-2.1604886510707706
2018-01-12,46.60510286657589,38.822733686927684,-7.78236917964821,1.5142315955116994,1.780325973394151,2.894207510244478,43.63720893937296,49.57299679377882,35.333294779075146,42.31217259478022,-13.455015899727387,-2.109722459569033
2018-01-13,46.49478713838708,38.88260085209876,-7.612186286288318,1.563312696570589,1.760649217462178,2.9312020830460392,43.430694253108726,49.55888002366544,35.431728385872894,42.33347331832463,-13.357342369058554,-1.8670302035180812
2018-01-14,46.39377641382095,38.905360878712756,-7.488415535108195,1.5950271343518334,1.724047066848667,2.9179360756571597,43.267523230491356,49.52002959715055,35.52622862768937,42.28449312973614,-13.207570243396228,-1.7692608268201617
2018-01-15,47.27106370365248,39.71965347857349,-7.551410225078994,1.995417127441535,2.211682331513079,2.865323230212486,43.36004613386707,51.18208127343789,35.384756108807856,44.054550848339126,-13.167443756295466,-1.9353766938625219
2018-01-16,46.66214102446231,39.763124594414116,-6.899016430048192,2.083684335184326,1.9594654239978209,2.6993817486509473,42.57811972750103,50.74616232142358,35.922572363378386,43.603676825449845,-12.18980465740405,-1.6082282026923354
2018-01-17,46.662033950351244,40.001661419732145,-6.660372530619096,2.044019145905835,2.0227257108260117,2.637750143753506,42.65575642437581,50.66831147632668,36.03711902651316,43.96620381295113,-11.830362812375967,-1.4903822488622245
2018-01-18,46.77663616902193,40.19314928970107,-6.583486879320862,2.246421246418429,2.103291083727406,3.191983490880996,42.37365052604181,51.17962181200205,36.07069876559535,44.315599813806784,-12.839774521447614,-0.3271992371941099
2018-01-19,46.7140904986043,40.18863839911436,-6.525452099489941,2.2533757993882686,2.0755969856602574,3.1709090122388126,42.297473931803296,51.1307070654053,36.12046830722026,44.256808491008464,-12.740433763478013,-0.3104704355018688
2018-01-20,46.56963484479603,40.10141146661838,-6.468223378177649,2.173729317487191,1.979319098574966,2.9962674169860017,42.30912538252113,50.830144307070924,36.22194603341145,43.98087689982531,-12.340907515470214,-0.5955392408850857
2018-01-21,46.517541037258304,40.02569873295839,-6.491842304299911,2.1015904526422684,1.9094392727423588,2.8643157210851022,42.39842375007946,50.63665832443715,36.283197758383366,43.76819970753341,-12.105901117626711,-0.8777834909731101
2018-01-22,46.45251612649706,39.9973055478435,-6.455210578653555,2.0878109695720344,1.878159356075439,2.814676514491499,42.36040662613587,50.54462562685825,36.316113209935644,43.67849788575136,-11.971976547056894,-0.9384446102502171
2018-01-23,46.06467327562577,39.85917764930204,-6.205495626323734,2.0930544114900878,1.6806862630113788,2.6600619269568195,41.9622866291052,50.16705992214634,36.56503257379974,43.15332272480434,-11.419217003159101,-0.9917742494883681
2018-01-24,46.05438448448508,39.821916312316276,-6.2324681721687964,2.055262714702221,1.6618536612107482,2.6140576452081277,42.02606956366873,50.082699405301426,36.56468313634321,43.07914948828934,-11.356021156776727,-1.108915187560866
2018-01-25,46.03837132000151,39.71164758721549,-6.326723732786021,1.957937644495258,1.6101895044579604,2.512502816899364,42.200813536790804,49.875929103212215,36.55567615847789,42.86761901595309,-11.251229253908775,-1.4022182116632669
2018-01-26,45.98867997163786,39.76782156339189,-6.22085840824597,1.8860663503943498,1.5555100882535668,2.434861908236673,42.291989924864936,49.68537001841078,36.7190217904149,42.81662133636888,-10.99318774838985,-1.4485290681020908
2018-01-27,45.996343487205415,39.737916394295,-6.258427092910422,1.855691321473323,1.5408182187738453,2.40377421730332,42.3591884971177,49.63349847729313,36.71791268549826,42.757920103091735,-10.969824558824929,-1.547029626995914
2018-01-28,45.98438820718227,39.677336105313024,-6.307052101869245,1.8263531225269065,1.5495450393849106,2.3758022689736733,42.404736087029534,49.56404032733501,36.6402278281186,42.71444438250745,-10.963624549057645,-1.6504796546808453
2018-01-29,45.975669071292494,39.68035318020095,-6.295315891091539,1.7948477969416639,1.521305882878031,2.3344795075524307,42.45776738928683,49.49357075329816,36.698593649760014,42.66211271064189,-10.870895725894304,-1.7197360562887747
2018-01-30,45.85798431958058,40.19836129068336,-5.659623028897222,1.6279123868544882,1.9100478255053805,2.6374467496197487,42.66727604134579,49.048692597815375,36.45466755269281,43.942055028673906,-10.82901865815193,-0.4902273996425146
2018-01-31,45.84853198338216,40.164501250755904,-5.684030732626257,1.5988444912738575,1.8837980408558797,2.5923242001338704,42.7147967804854,48.98226718627892,36.47225709067838,43.856745410833426,-10.764986164888644,-0.6030753003638711
2018-02-01,45.92116604365268,40.16243472201103,-5.758731321641655,1.592607140588023,1.7137595113581412,2.4436011947476723,42.79965604810016,49.042676039205205,36.80346607974907,43.521403364272985,-10.548189663347092,-0.9692729799362167
2018-02-02,46.01318579799271,40.39692237347357,-5.616263424519141,1.6656265074295933,1.7650150401341684,2.3293580310003605,42.74855784343071,49.277813752554714,36.9374928948106,43.85635185213654,-10.181805165279847,-1.0507216837584341
2018-02-03,46.040144070371916,40.32621605846431,-5.7139280119075995,1.630795822700027,1.7667286420129278,2.325252579765429,42.84378425787986,49.23650388286397,36.86342792011897,43.78900419680965,-10.27142306824784,-1.1564329555673591
2018-02-04,45.99014955755013,40.26849542684784,-5.721654130702289,1.5340919111202989,1.6896006158678425,2.21074814655953,42.98332941175435,48.99696970334592,36.95687821974687,43.580112633948815,-10.054720497958968,-1.38858776344561
2018-02-05,45.92288759217442,40.264133222362425,-5.658754369811992,1.4367815487006932,1.57395887940396,2.0555460435942825,43.10679575672106,48.738979427627775,37.17917381873066,43.34909262599419,-9.687624615256786,-1.629884124367198
2018-02-06,45.999495869329365,40.282205508163514,-5.717290361165851,1.374778464241617,1.477638528294962,1.9486943823220957,43.3049300794158,48.694061659242934,37.386033992705386,43.17837702362164,-9.536731350517158,-1.897849371814544
2018-02-07,46.28874657661992,40.45691253358071,-5.831834043039213,1.4868507999281697,1.6693355156772796,2.272515167493363,43.37451900876071,49.202974144479136,37.18501492285324,43.728810144308184,-10.285963771326205,-1.3777043147522212
2018-02-08,46.20260138871517,40.52523633366606,-5.6773650550491155,1.52068261756741,1.663654584121869,2.3471543126106535,43.22206345828305,49.183139319147294,37.26447334878719,43.785999318544924,-10.277787507765996,-1.0769426023322346
2018-02-09,46.19068242562613,40.56560780981572,-5.625074615810417,1.4975057078669434,1.643151071118175,2.344949396995055,43.25557123820692,49.12579361304534,37.345031710424095,43.78618390920734,-10.221175433920724,-1.0289737977001092
2018-02-10,46.168905529616005,40.57373736048317,-5.595168169132833,1.4766833605075629,1.613803720297352,2.308607088322664,43.27460614302118,49.06320491621083,37.41068206870036,43.73679265226598,-10.120038062245255,-1.0702982760204112
2018-02-11,46.22300202583553,40.644465344027104,-5.578536681808419,1.437225607745613,1.559512322732015,2.1712601478471347,43.40603983465412,49.03996421701693,37.58782119147236,43.70110949658185,-9.834206571588803,-1.3228667920280355
2018-02-12,45.70645769330172,40.68030181214165,-5.026155881160067,2.0022970127268556,1.502704265932861,2.6845956581456036,41.78195554835708,49.63095983824636,37.735001450913245,43.625602173370055,-10.28796337112545,0.23565160880531622
2018-02-13,45.78251477138579,40.48954508605437,-5.292969685331421,1.7416130601368813,1.4307452468076807,2.4424888848301314,42.368953173517504,49.19607636925408,37.68528440231132,43.29380576979742,-10.08024789959848,-0.5056914710643641
2018-02-14,45.769605265331776,40.47546533848714,-5.294139926844635,1.718935569655015,1.4111993210096963,2.4055033532408476,42.40049154880795,49.138718981855604,37.709514669308135,43.241416007666146,-10.008926499196697,-0.5793533544925742
2018-02-15,45.75959194807296,40.47806492868225,-5.281527019390705,1.6936096328592187,1.3868315442854129,2.3667070010758855,42.44011706766889,49.079066828477025,37.75987510188284,43.19625475548166,-9.92027274149944,-0.6427812972819691
2018-02-16,45.90954053431736,40.57580895587384,-5.333731578443519,1.777820521611801,1.3879431495485148,2.3096767309953448,42.42501231195823,49.39406875667649,37.85544038275875,43.29617752898893,-9.860697971194394,-0.806765185692643
2018-02-17,45.902244776875946,40.58841122475067,-5.313833552125277,1.7512830581476773,1.3650400890493275,2.274461375671117,42.4697299829065,49.33475957084539,37.91293265021399,43.263889799287355,-9.771777848440667,-0.8558892558098874
2018-02-18,45.87507405419985,40.596164410036266,-5.278909644163576,1.7338050378249235,1.3437305848199885,2.248112339201234,42.476816180063,49.2733319283367,37.96245246378909,43.22987635628344,-9.685209828997994,-0.8726094593291576
2018-02-19,45.64612491151778,40.35106007361548,-5.295064837902301,2.0539879476494636,1.2703918357260198,2.6834677132504123,41.62030853412483,49.67194128891073,37.86109207559248,42.841028071638476,-10.55466155587311,-0.035468119931493014
2018-02-20,45.71905689165205,40.16619936982849,-5.552857521823566,1.9785582160930342,1.3203077477051786,2.6756210500856783,41.8410827881097,49.5970309951944,37.57839618432634,42.75400255533064,-10.797074779991496,-0.30864026365563646
2018-02-21,45.68791573097224,40.14759798099158,-5.540317749980662,1.8723079443969222,1.2733397308340348,2.530864518640938,42.018192159954275,49.35763930199021,37.65185210855687,42.64334385342629,-10.500812206516901,-0.5798232934444236
2018-02-22,45.50292624822594,40.00817392624913,-5.494752321976808,1.8394388128871517,1.2669765738451089,2.3910602199731166,41.89762617496712,49.10822632148476,37.52489984151271,42.49144801098554,-10.181230353124116,-0.8082742908295
2018-02-23,45.867441024962154,39.76166802129858,-6.105773003663577,2.198040772695088,1.4050659989191847,3.0834539417538176,41.55928111047978,50.17560093944453,37.00773866341698,42.515597379180186,-12.14934272950106,-0.062203277826094805
2018-02-24,45.88184096920014,39.30944135376598,-6.572399615434155,2.103161811893827,1.9112096550866287,3.371234228496926,41.75964381788824,50.00403812051204,35.56347042979619,43.055412277735776,-13.18001870328813,0.035219472419820264
2018-02-25,45.81171198219386,39.35857247449677,-6.45313950769709,2.1025200808847258,1.8981861380781224,3.3775220843158973,41.6907726236598,49.93265134072793,35.63812764386365,43.07901730512989,-13.07308279295625,0.16680377756206877
2018-02-26,45.65859812388151,39.540477407642705,-6.118120716238807,2.0405876973645873,1.8869970357600692,3.350023967613288,41.65904623704692,49.6581500107161,35.84196321755297,43.238991597732436,-12.684167692760852,0.44792626028323745
2018-02-27,45.5024526727133,39.67486310526984,-5.827589567443453,1.9859631422625035,1.846374034704398,3.303080234734959,41.60996491387879,49.3949404315478,36.05596999724922,43.293756213290465,-12.301626827523972,0.646447692637067
2018-02-28,45.65005313248587,39.490811688793144,-6.159241443692725,1.7758252279500217,1.754335806367541,3.021523632944667,42.16943568570383,49.130670579267914,36.052313508312764,42.929309869273524,-12.081427764264273,-0.23705512312117794
2018-03-01,45.673215553933595,39.40269292574017,-6.270522628193423,1.7527520128100198,1.795233039785124,3.034027331023706,42.23782160882595,49.108609499041236,35.88403616776132,42.921349683719015,-12.217216196999885,-0.32382905938696016
2018-03-02,45.73099682687552,39.31497060947645,-6.416026217399068,1.748161008450719,1.8269738292775648,3.078147035764402,42.30460125031211,49.15739240343893,35.73410190409242,42.895839314860474,-12.449194407497295,-0.3828580273008404
2018-03-03,45.81621113629749,39.23956697833293,-6.5766441579645605,1.767844455419347,1.8365341156846513,3.129755214640298,42.35123600367557,49.28118626891941,35.639960111591016,42.839173845074846,-12.710964378659543,-0.44232393726957664
2018-03-04,45.89571638581193,39.198248026797586,-6.697468359014341,1.774305743387453,1.812492926832153,3.123788547478954,42.418077128772524,49.37335564285134,35.645761890206565,42.75073416338861,-12.82009391207309,-0.5748428059555915
2018-03-05,46.18650575505986,39.19509485050102,-6.99141090455884,1.7390495708605431,1.5897472419502725,2.710531177663843,42.777968596173196,49.59504291394653,36.07919025627849,42.310999444723556,-12.304052012779973,-1.6787697963377077
2018-03-06,46.25839222255504,39.32152917029218,-6.9368630522628605,1.640111225997622,1.5292246486224126,2.5373324087607023,43.0437742195997,49.47301022551038,36.32424885899225,42.31880948159211,-11.910034573433837,-1.963691531091884
2018-03-07,46.23569092025407,39.392689902822,-6.843001017432076,1.6013297991433897,1.5175552517329274,2.4999917874936783,43.09708451393303,49.37429732657512,36.41828160942546,42.367098196218535,-11.742984920919685,-1.9430171139444665
2018-03-08,46.3654308438943,39.51699583371154,-6.848435010182761,1.5965396025402725,1.44058151462194,2.412993538688853,43.23621322291537,49.49464846487324,36.69345606505254,42.340535602370544,-11.577902346012912,-2.118967674352609
2018-03-09,46.30289337087692,39.56497081941059,-6.737922551466331,1.5802486228013262,1.416906372775168,2.396550769420892,43.20560607018632,49.400180671567526,36.78783432877126,42.34210731004992,-11.43516205953128,-2.0406830434013825
2018-03-10,46.21074295973034,39.63896415397655,-6.571778805753787,1.5961102373070266,1.4182725635364903,2.4480867024212722,43.08236689460857,49.33911902485211,36.85914992944503,42.41877837850807,-11.370028742499482,-1.7735288690080937
2018-03-11,46.21289313182016,39.53766358177998,-6.67522955004018,1.5624768311334747,1.4593645324967772,2.4319298966418943,43.15043854279855,49.27534772084177,36.6773090980863,42.398018065473664,-11.441812147458293,-1.9086469526220675
2018-03-12,46.24807356500434,39.380697254679546,-6.86737631032479,1.4556228785802603,1.4132077147063176,2.305158490486433,43.39505272298703,49.10109440702165,36.61081013385517,42.150584375503925,-11.3854869516782,-2.3492656689713813
2018-03-13,46.324655784782884,39.53188843794895,-6.792767346833932,1.3760646000779404,1.43654817722906,2.187463855398465,43.62756916863012,49.02174240093565,36.716254010579995,42.347522865317906,-11.080196503414923,-2.5053381902529406
2018-03-14,46.61796077685316,39.55088369786611,-7.067077078987048,1.4606619187665921,1.3215664436955976,2.119058369980107,43.75506341607064,49.48085813763568,36.96061346822274,42.141153927509485,-11.220431484148058,-2.9137226738260384
2018-03-15,46.67574813713975,39.51524074749926,-7.1605073896404905,1.4560914170627113,1.307397503606883,2.121670227376225,43.82180895969684,49.52968731458266,36.95274164042977,42.077739854568755,-11.318981035297892,-3.00203374398309
2018-03-16,46.676794436094795,39.59092293299824,-7.08587150309656,1.424543264189901,1.3216241784482503,2.101241133136062,43.88468963828259,49.468899233907,37.00053954323967,42.18130632275681,-11.204304124043242,-2.967438882149878
2018-03-17,46.56255630105287,39.684310113348,-6.878246187704876,1.4870235082684526,1.354904453644337,2.2543862003997215,43.64799022484671,49.477122377259036,37.028697384205095,42.3399228424909,-11.296843140488331,-2.4596492349214225
2018-03-18,46.47107109920037,39.74520527615709,-6.725865823043282,1.5103439584293639,1.347984402186692,2.3017457368937624,43.510796940678816,49.43134525772193,37.10315584787117,42.387254704443,-11.237287467355056,-2.214444178731508
2018-03-19,46.259058506786594,39.93498202319066,-6.3240764835959284,1.464675541360088,1.283884432073287,2.2636537682000575,43.388294445720824,49.129822567852365,37.41856853632702,42.451395510054304,-10.760837869268041,-1.8873150979238158
2018-03-20,46.198809614400204,40.56858705864923,-5.630222555750973,1.483901794112811,1.6202530745837123,2.5130632077973076,43.290362097939095,49.10725713086131,37.39289103246515,43.744283084833306,-10.555826443033695,-0.7046186684682505
2018-03-21,45.74665539625813,40.7158081277785,-5.030847268479629,1.5264786831570503,1.5121412603613482,2.3847443484954662,42.75475717727031,48.73855361524595,37.75201125747026,43.679604998086745,-9.704946191530743,-0.35674834542851563
2018-03-22,45.720398114399195,40.58868552283557,-5.131712591563624,1.4935224862669418,1.5798431770474142,2.3643719996674566,42.79309404131599,48.6477021874824,37.49219289582264,43.6851781498485,-9.765881710911838,-0.4975434722154093
2018-03-23,45.682353582748,40.44443145314012,-5.237922129607881,1.464104902148385,1.6591470247378801,2.3434561324805543,42.81270797453717,48.55199919095883,37.192503284653874,43.696359621626364,-9.831096149269769,-0.6447481099459944
2018-03-24,45.627348602138824,40.297363558783154,-5.3299850433556735,1.443937319788737,1.729549479381577,2.30974787514125,42.7972314553529,48.45746574892475,36.907446579195266,43.68728053837104,-9.857090878632523,-0.8028792080788234
2018-03-25,45.407731864353664,40.305891384946314,-5.1018404794073575,1.862781308061485,1.8710808122249558,2.3780009198966305,41.75668050055315,49.05878322815418,36.6385729929854,43.973209776907225,-9.762722282404752,-0.440958676409962
2018-03-26,45.37415669721846,40.235404762624526,-5.13875193459393,1.8351540926391625,1.8688350784197272,2.3378246050260176,41.7772546756457,48.97105871879122,36.57248800892186,43.898321516327194,-9.720888160444925,-0.5566157087429362
2018-03-27,45.300891729977536,40.012872875947686,-5.288018854029852,1.6879692771887593,1.7720220203880195,2.212728717343028,41.992471946687566,48.60931151326751,36.539709715987165,43.48603603590821,-9.624967140022186,-0.951070568037518
2018-03-28,45.325136928887204,40.050772565630645,-5.274364363256561,1.6678686926423791,1.7512134281059757,2.180208955086219,42.05611429130814,48.59415956646627,36.618394246542934,43.483150884718356,-9.54757391522555,-1.0011548112875719
2018-03-29,45.587683268841225,39.98037499870107,-5.60730827014015,1.7022453085561966,1.7595936841548467,2.3590723125348267,42.25128246407108,48.92408407361137,36.53157137775757,43.429178619644574,-10.23109000270841,-0.9835265375718896
2018-03-30,45.68432382876976,40.017479986826444,-5.666843841943316,1.7417113708995238,1.736491432804204,2.339332896571924,42.270569541806694,49.09807811573283,36.6139567785302,43.42100319512269,-10.251936319224287,-1.0817513646623453
2018-03-31,45.84576232165523,39.765962714619874,-6.07979960703535,1.7319023844727224,1.78032284493311,2.4699300799950135,42.451233648088696,49.24029099522176,36.27652993855098,43.25539549068877,-10.920862563825576,-1.2387366502451238
2018-04-01,45.79973688759089,39.7242370689454,-6.075499818645493,1.7134188198595215,1.6906863264765595,2.3950786823110994,42.44143600066623,49.15803777451555,36.41049186905134,43.03798226883946,-10.769854035975248,-1.3811456013157386
2018-04-02,45.74892597336834,39.641535272851414,-6.107390700516925,1.6537921381885197,1.627332909730611,2.2980132346840434,42.50749338251884,48.990358564217836,36.45196276977941,42.831107775923414,-10.61149664049765,-1.6032847605361997
2018-04-03,45.8487966938341,39.56081923691917,-6.2879774569149305,1.5909561707198399,1.5603844173328938,2.231742959350736,42.730522599223214,48.96707078844499,36.5024657789467,42.619172694891645,-10.662193657242373,-1.9137612565874882
2018-04-04,45.90946325867688,39.453931619995245,-6.455531638681637,1.5908863680655247,1.620906362541887,2.346810651274897,42.79132597726845,49.02760054008531,36.27695514941315,42.63090809057734,-11.055280515180435,-1.8557827621828382
2018-04-05,45.9282774103773,39.34522916905996,-6.583048241317336,1.5611725135579662,1.6728257353557776,2.383308052706727,42.868379283803684,48.98817553695091,36.06649072776264,42.62396761035728,-11.25433202462252,-1.9117644580121507
2018-04-06,45.95716378142349,39.25368869076343,-6.703475090660061,1.5337795340654123,1.6924078523081163,2.4018312731383546,42.95095589465528,48.9633716681917,35.936569300239526,42.57080808128734,-11.411064386011237,-1.9958857953088858
2018-04-07,46.04727931364896,39.0488242855453,-6.998455028103655,1.5716967624361784,1.7001201303157816,2.549993798422095,42.96675365927405,49.12780496802387,35.71658883012637,42.38105974096423,-11.996442873010961,-2.000467183196349
2018-04-08,46.1576105906428,38.91193434787651,-7.245676242766288,1.6271971388060043,1.7894522696227801,2.764639842412842,42.96830419858303,49.34691698270257,35.404607899415865,42.419260796337156,-12.664370333895459,-1.826982151637118
2018-04-09,45.62696075308561,39.468114557054086,-6.15884619603152,1.9550945007983986,2.264982467581282,3.8008822185463806,41.79497553152075,49.458945974650476,35.02874892059477,43.9074801935134,-13.608575344382427,1.2908829523193859
2018-04-10,45.87835144546308,39.396197569280275,-6.4821538761828075,1.9553978352915056,2.1400863827735455,3.659741391348336,42.04577168829173,49.710931202634434,35.20162825904413,43.59076687951642,-13.655247003225545,0.6909392508599304
2018-04-11,45.70066948527894,39.88009268665886,-5.820576798620075,1.8262589787903578,2.2647976490896577,3.7175149274517745,42.12120188684983,49.28013708370804,35.44108929444313,44.319096078874594,-13.106906056425553,1.4657524591854028
2018-04-12,45.73451758981878,39.86920825636858,-5.865309333450201,1.8046260351773877,2.2238529502713704,3.660632673078098,42.1974505608711,49.27158461876646,35.5104564738367,44.22796003890046,-13.040149372683272,1.309530705782871
2018-04-13,45.54205942638647,39.941304361626095,-5.600755064760376,1.7783485390996046,2.0594021517456294,3.4626043943113847,42.05649628975125,49.027622563021694,35.904876144204664,43.977732579047526,-12.387459677610689,1.1859495480899378
2018-04-14,45.64563583278828,39.90848709855362,-5.737148734234658,1.8319982436955966,2.030018442346058,3.4815323800380344,42.05491927514491,49.23635239043165,35.929650951555345,43.8873232455519,-12.560952199109206,1.0866547306398893
2018-04-15,45.748244537227976,39.886199003358364,-5.862045533869607,1.873004293611967,1.99341643230486,3.477981098519483,42.07715612174852,49.41933295270743,35.97910279604084,43.793295210675886,-12.678888486967793,0.9547974192285791
2018-04-16,45.81645821207274,39.87145847936122,-5.944999732711513,1.8673235178074246,1.9527685300519761,3.4340059780338676,42.156504117170186,49.47641230697529,36.04403216045935,43.698884798263094,-12.675651449657893,0.7856519842348675
2018-04-17,46.018202935956886,39.808405562283134,-6.209797373673748,1.6861295550021256,1.8485202689257736,3.121338162974995,42.71338900815272,49.323016863761055,36.185305835188615,43.431505289377654,-12.327620173104737,-0.09197457424275779
2018-04-18,46.095911801229484,39.71054157557531,-6.385370225654175,1.7047031867437132,1.8831799953024246,3.19788330530045,42.75469355521181,49.43713004724716,36.01950878478256,43.40157436636807,-12.653221504043056,-0.11751894726529333
2018-04-19,46.06899899095283,39.721533875184576,-6.347465115768249,1.6675915930559055,1.8413500013748154,3.126037004453363,42.80051946856325,49.337478513342404,36.112487872489936,43.33057987787922,-12.47449764449684,-0.2204325870396575
2018-04-20,46.02453275653028,39.73586514778572,-6.2886676087445625,1.635306851430607,1.7986822413715957,3.056814883170822,42.81933132772629,49.229734185334266,36.210447954697386,43.26128234087405,-12.280024779759373,-0.2973104377297515
2018-04-21,45.9008537199931,39.7335356993044,-6.167318020688706,1.671469457954349,1.7558590336273243,3.0156666955778757,42.624773582402575,49.17693385758363,36.29205199339484,43.17501940521395,-12.078024744021342,-0.256611297356069
2018-04-22,45.8569561862288,39.77291068780331,-6.0840454984254935,1.6032382982053697,1.7031405555378494,2.9086018126949598,42.71460912174628,48.99930325071132,36.43475519894913,43.111066176657495,-11.784905051307614,-0.3831859455433726
2018-04-23,46.127671664574805,39.43839065557824,-6.6892810089965655,1.5606426037979615,1.7471688724550603,2.9737832099232713,43.0688121611308,49.18653116801881,36.01393966556632,42.86284164559016,-12.517896100446176,-0.860665917546954
2018-04-24,46.01519412947594,39.49715332721675,-6.518040802259185,1.4373407306608164,1.5686964200691138,2.603665805614749,43.198006297380736,48.83238196157114,36.42250834388129,42.57179831055221,-11.621225781264094,-1.4148558232542774
2018-04-25,46.088397131868135,39.46446125457526,-6.623935877292872,1.4610829223179993,1.551663760996575,2.6171795604020236,43.22467460412486,48.95211965961141,36.42320028302198,42.50572222612855,-11.753607815680837,-1.494263938904905
2018-04-26,46.15122125928008,39.36066846256622,-6.790552796713863,1.4527820028444012,1.5852896149656732,2.6626204987786206,43.30376853370505,48.9986739848551,36.2535008172335,42.46783610789893,-12.009288974319958,-1.571816619107767
2018-04-27,46.1825095320069,39.29371679162439,-6.888792740382503,1.419904168320923,1.5724527939755568,2.62863559328738,43.39949736209789,48.965521701915904,36.2117093154323,42.37572426781648,-12.040918503225768,-1.7366669775392385
2018-04-28,46.14951764572873,39.29774284384858,-6.8517748018801425,1.381551500479413,1.5280107573833128,2.5528784332630305,43.44167670478908,48.857358586668376,36.30284175937729,42.292643928319876,-11.855416531075683,-1.848133072684603
2018-04-29,46.0940193606436,39.319006406791424,-6.775012953852181,1.3531341434363025,1.4844376838673932,2.4881079736887664,43.44187643950845,48.74616228177875,36.40950854641133,42.228504267171516,-11.651704582282163,-1.8983213254221987
2018-04-30,46.347820455429314,39.6189917750748,-6.728828680354513,1.2852381616183892,1.285068345716395,2.1650504546881497,43.82875365865727,48.86688725220136,37.10025781747066,42.13772573267893,-10.972327571543286,-2.48532978916574
2018-05-01,46.21953198435067,40.028894899171604,-6.190637085179065,1.133696608755528,1.947663112819891,2.6105083144887704,43.99748663118983,48.441577337511504,36.21147519804462,43.84631460029859,-11.307233381577056,-1.0740407887810752
2018-05-02,46.16174811493181,40.084855800729514,-6.076892314202297,1.159297648846219,1.9395330778016595,2.638861112529071,43.88952472319322,48.4339715066704,36.28337096823826,43.88634063322077,-11.249060094759276,-0.904724533645318
2018-05-03,46.085350691934785,40.12422805290023,-5.961122639034555,1.2095096811610409,1.917845184807616,2.6622230698991083,43.71471171685914,48.45598966701043,36.3652514906773,43.883204615123155,-11.179079856036807,-0.7431654220323027
2018-05-04,46.014435944175155,40.17169962951359,-5.842736314661565,1.2421478857400317,1.8983438006265587,2.6805666720756585,43.57982608812469,48.44904580022562,36.45094578028554,43.89245347874164,-11.096646991929855,-0.5888256373932741
2018-05-05,45.526299291920445,40.381313536353076,-5.14498575556737,1.5479699925529102,2.124798750571582,3.242179805532005,42.49227810651674,48.56032047732415,36.21670798523277,44.54591908747338,-11.499658174410099,1.2096866632753596
2018-05-06,45.841182240715135,40.58979972134162,-5.251382519373513,1.9042430925107041,2.057627846244472,3.097223717391877,42.10886577939416,49.57349870203611,36.556849142702454,44.62275029998079,-11.321941005461593,0.8191759667145666
2018-05-07,45.73441139660849,40.63761733909482,-5.096794057513674,1.965320607091784,2.0402696170266106,3.160140304675608,41.882383006708594,49.58643978650839,36.63868888972266,44.636545788466975,-11.290669054677865,1.0970809396505175
2018-05-08,45.80707746535877,40.485803821734066,-5.321273643624711,2.0414216380941177,2.049678633413023,3.3507056389901955,41.8058910546943,49.80826387602325,36.46843370024454,44.503173943223594,-11.888656696045494,1.2461094087960722
2018-05-09,45.70970514025163,40.51960740973371,-5.190097730517915,2.0736845883617083,2.022345712793567,3.3652791988570927,41.64528334706268,49.77412693344058,36.55580981265832,44.4834050068091,-11.786044960277817,1.4058494992419863
2018-05-10,45.59275572013323,40.53029222573962,-5.062463494393614,2.1193529111032015,1.9844325394549878,3.362442357949122,41.43882401437096,49.74668742589551,36.64080444840785,44.419780003071395,-11.652850515973892,1.5279235271866645
2018-05-11,45.45903352450342,40.56425655398801,-4.894776970515407,2.177012011078086,1.9508808937548767,3.392494753244196,41.19208998279037,49.725977066216466,36.740530002228454,44.387983105747566,-11.544066686874032,1.7545127458432175
2018-05-12,45.22317870506619,40.29161870810155,-4.931559996964638,2.1739615276146678,2.017101967463814,3.2502937568510357,40.96221411094144,49.48414329919094,36.33809885187247,44.24513856433063,-11.302135760392668,1.4390157664633918
2018-05-13,45.10891797818108,40.232533464120216,-4.876384514060866,2.1963762961936264,1.9886975850740773,3.1880039695231686,40.804020437641576,49.41381551872059,36.33468619737503,44.130380730865404,-11.124872294326277,1.3721032662045447
2018-05-14,45.09006745547868,40.25911322017872,-4.830954235299966,2.2083293707158522,1.8233651335094452,3.017217230108984,40.76174188887561,49.41839302208175,36.68531755850021,43.83290888185723,-10.744700006313575,1.0827915357136417
2018-05-15,44.99254532476912,40.31332314754908,-4.679222177220045,2.2132558838754135,1.7009771397663245,2.9726364050036485,40.65456379237331,49.33052685716493,36.97940795360708,43.647238341491075,-10.505589531027196,1.147145176587106
2018-05-16,44.816319742901236,40.32241100734891,-4.493908735552327,2.3292720508298426,1.665396492045035,3.0448344179225115,40.25094652327474,49.38169296252773,37.05823388294064,43.58658813175718,-10.46178419468045,1.4739667235757956
2018-05-17,45.5597085443417,40.23717681341327,-5.322531730928429,3.1876954393016868,1.5627488135372098,3.978758478971045,39.3118254833104,51.807591605373005,37.17418913888034,43.300164487946205,-13.120898349711677,2.4758348878548198
2018-05-18,45.26680877658744,40.44748947681767,-4.819319299769772,3.4384345562995864,1.816992636869923,4.590621084814941,38.52747704624025,52.00614050693463,36.886183908552624,44.00879504508272,-13.816936626007056,4.1782980264675125
2018-05-19,45.04843229884213,40.43910776921239,-4.609324529629739,3.401508202537402,2.047514053237137,4.823841431549744,38.38147622186882,51.71538837581544,36.4259802248676,44.45223531355718,-14.064053735467237,4.845404676207759
2018-05-20,44.867398739388555,40.52969060447227,-4.337708134916281,3.457487436976467,2.0510719319440054,4.916823584610648,38.09072336291468,51.64407411586243,36.50958961786202,44.549791591082524,-13.97468236075315,5.299266090920589
2018-05-21,44.816585840247356,40.594694078874184,-4.221891761373169,3.4259228825816836,1.9878848704253214,4.828956181043456,38.10177699038726,51.531394690107454,36.698439732840555,44.49094842490781,-13.686645876218343,5.242862353472003
2018-05-22,45.31084779131574,40.70455093379057,-4.606296857525167,2.966419063717208,1.6962520594917558,4.074631598318754,39.49666642643001,51.125029156201464,37.37989689718673,44.02920497039441,-12.592574790229925,3.3799810751795905
2018-05-23,45.255090246577936,40.65042875910323,-4.6046614874747105,2.9252832458792613,1.674542508833369,3.9806784963989035,39.52153508465459,50.988645408501284,37.36832544178982,43.932532076416635,-12.40679134041656,3.19746836546714
2018-05-24,45.10504960519787,40.391905615470975,-4.713143989726899,2.7900937653664597,1.709669667716935,3.73612941646183,39.63646582507961,50.57363338531613,37.040953066745786,43.742858164196164,-12.035957645992085,2.609669666538287
2018-05-25,45.084497969523504,40.35689420628578,-4.727603763237727,2.7251424446038732,1.6718300913712192,3.6355484685906916,39.743218778099916,50.42577716094709,37.08010722719819,43.63368118537337,-11.853278761675483,2.398071235200029
2018-05-26,45.095679899676085,40.315994227136535,-4.77968567253955,2.649813241045811,1.6333495558479032,3.5318256059063966,39.9020459472263,50.28931385212587,37.114629097674644,43.517359356598426,-11.702063860116088,2.1426925150369875
2018-05-27,45.126217790442205,40.27595073733088,-4.850267053111325,2.5737279645275453,1.5936492265456226,3.4310931969393836,40.081710979968214,50.170724600916195,37.15239825330146,43.3995032213603,-11.575209719112516,1.8746756128898667
2018-05-28,45.19477457377475,40.213632278716084,-4.981142295058669,2.505528028001714,1.5649977879700476,3.354594421253178,40.28393963889139,50.10560950865811,37.14623661429479,43.281027943137374,-11.556147360714899,1.5938627705975597
2018-05-29,45.256433828551046,40.284150545005375,-4.972283283545666,2.181643652196251,1.5545669586518645,2.955323047108621,40.9804122702464,49.532455386855695,37.23719930604772,43.33110178396303,-10.764716455878563,0.8201498887872312
2018-05-30,45.77386607029181,40.37482354091888,-5.399042529372927,2.3610675509746537,1.4486514928202388,2.8261694748590043,41.146173670381486,50.40155847020213,37.535466614991215,43.21418046684655,-10.938334700096576,0.14024964135072082
2018-05-31,45.67409676600333,40.39743371860966,-5.276663047393665,2.3478502141907875,1.412465800395477,2.8037460017829936,41.07231034618939,50.27588318581727,37.629000749834525,43.1658666873848,-10.772005210888333,0.21867911610100244
2018-06-01,45.56312036983107,40.37510929936533,-5.188011070465741,2.1927781513179783,1.310903274011052,2.5856761300086073,41.26527519324783,49.860965546414306,37.805738882303665,42.94447971642699,-10.255936285282612,-0.12008585564887131
2018-06-02,45.50680720420493,40.33463227187352,-5.172174932331416,2.156317953163239,1.2906495831126072,2.5179568697281045,41.280424016004986,49.73319039240488,37.80495908897281,42.864305454774225,-10.107370396998501,-0.2369794676643311
2018-06-03,45.491203301599356,40.338358692403894,-5.152844609195464,2.107297782965309,1.2591032859248594,2.456953912142154,41.36089964698735,49.62150695621136,37.87051625199117,42.80620113281662,-9.968474276994087,-0.3372149413968417
2018-06-04,46.05211449078103,40.090760471773095,-5.961354019007936,2.1381219456357754,1.2064725382753478,2.541563985052088,41.86139547733491,50.24283350422715,37.72607429675341,42.45544664679278,-10.942819429710028,-0.9798886083058438
2018-06-05,46.229407933245085,40.22615556398732,-6.003252369257763,2.125839973492301,1.2764065432234748,2.3499401774599438,42.06276158520018,50.39605428128999,37.72439873926931,42.72791238870533,-10.609135117079251,-1.3973696214362734
2018-06-06,46.3670051697425,40.18766460049907,-6.179340569243429,2.008611345503098,1.2229626298526923,2.2427321283934663,42.430126932556426,50.30388340692857,37.790657845987795,42.58467135501034,-10.575095540894623,-1.7835855975922357
2018-06-07,46.383626485009756,40.13774932706258,-6.245877157947176,1.9764965964075218,1.238246551287229,2.2316480825553136,42.509693156051014,50.2575598139685,37.71078608653961,42.564712567585545,-10.61990739975559,-1.8718469161387619
2018-06-08,46.40982690002953,40.07554308122263,-6.334283818806908,1.9450451733752439,1.266888759043973,2.2388139019990136,42.59753836021405,50.222115439845005,37.59244111349644,42.55864504894881,-10.722359066724973,-1.9462085708888415
2018-06-09,46.476683865327466,40.010862034739695,-6.465821830587772,1.933852713957215,1.2928997692611566,2.2954173093858445,42.686332545971325,50.26703518468361,37.476778486987826,42.544945582491565,-10.964839756984027,-1.9668039041915168
2018-06-10,46.35212911762838,40.101226150384626,-6.250902967243752,1.8643917320422272,1.1872663754969026,2.24026573290339,42.697921322825614,50.006336912431145,37.774184054410696,42.428268246358556,-10.641823803734397,-1.8599821307531075
2018-06-11,46.36767769995283,40.065098726205626,-6.3025789737472016,1.831367869047109,1.182230465393266,2.2139961243881374,42.778196676620496,49.95715872328516,37.74792701403482,42.38227043837643,-10.642011377547952,-1.9631465699464519
2018-06-12,46.34835235216758,40.468371801099345,-5.879980551068233,1.6614189267126802,1.5255018362073534,2.4354073367252127,43.091971255810726,49.604733448524435,37.47838820213293,43.458355400065756,-10.65337893104965,-1.1065821710868153
2018-06-13,46.35292886418122,40.43982617650467,-5.913102687676557,1.559730897166616,1.4243543225773552,2.2796157425249244,43.29585630573466,49.410001422627786,37.64809170425305,43.231560648756286,-10.381149543025408,-1.4450558323277054
2018-06-14,46.33666031142736,40.364096147666494,-5.97256416376087,1.5122550875520033,1.5339677832664362,2.3340181449620734,43.37264033982543,49.30068028302929,37.35751929246428,43.370673002868706,-10.547239727886534,-1.3978885996352064
2018-06-15,46.326583541018366,40.38882193679257,-5.937761604225799,1.479933444841917,1.4984215415552575,2.281870584139109,43.425913989128205,49.227253092908526,37.45191571534426,43.32572815824087,-10.410227949138452,-1.4652952593131454
2018-06-16,46.331023144228354,40.41221663952428,-5.918806504704069,1.446466051782617,1.4623334683245728,2.2264339486304316,43.49594968273443,49.16609660572228,37.546043041608115,43.27839023744045,-10.282617044019716,-1.5549959653884224
2018-06-17,46.284891493746755,41.017616264819644,-5.267275228927111,1.2505423196165728,1.6745520294918417,2.2001461016442394,43.833828547298275,48.735954440195236,37.735494287015634,44.299738242623654,-9.579561588149819,-0.954988869704402
2018-06-18,46.369014287775244,41.075508505253566,-5.2935057825216765,1.6661656648556202,1.6198797055055316,2.2060323310891135,43.103329584658226,49.63469899089226,37.900544282462725,44.25047272804441,-9.617329151456339,-0.9696824135870141
2018-06-19,46.42936421011639,41.02424983905157,-5.40511437106482,1.6335531147987503,1.5606768899540628,2.1682483057545725,43.22760010511084,49.63112831512194,37.96532313474161,44.08317654336153,-9.654881050343782,-1.1553476917858578
2018-06-20,45.997226757883766,40.98790070665869,-5.009326051225075,2.2740782160002477,1.512821792559256,2.619653232918216,41.54003345452328,50.45442006124425,38.02276999324255,43.953031420074836,-10.143846387744777,0.1251942852946284
2018-06-21,45.99801168124847,40.92556027668645,-5.072451404562027,2.2424946096700786,1.5356982577270883,2.6087503403299785,41.602722246295116,50.393301116201826,37.91559169154135,43.93552886183154,-10.185602071608784,0.04069926248473088
2018-06-22,45.968887733198294,40.89338532364807,-5.075502409550221,2.0694316386512672,1.4690715159397987,2.425711612937027,41.91280172144181,50.02497374495478,38.014005152406064,43.77276549489007,-9.829897170906793,-0.3211076481936477
2018-06-23,45.92385981108952,40.89591168685675,-5.027948124232774,2.0573467751745103,1.4457233833889809,2.400285662171328,41.89146013174748,49.95625949043156,38.062293855414346,43.72952951829915,-9.732508022088577,-0.32338822637697007
2018-06-24,46.04974214792428,40.77965674610247,-5.270085401821806,1.9929746025064812,1.4227219163269926,2.41010684450096,42.14351192701157,49.95597236883698,37.99112179010156,43.56819170210338,-9.993894817043689,-0.546275986599924
2018-06-25,46.1593960672673,40.76055166890997,-5.398844398357333,1.9458385413053518,1.325635543377625,2.3406918818928926,42.345552526308815,49.97323960822579,38.162306003889825,43.35879733393011,-9.986600486867403,-0.8110883098472641
2018-06-26,46.1850472720321,40.83454813839226,-5.350499133639844,1.8525544178053022,1.294396018012434,2.2585545007570045,42.55404061313371,49.816053930930494,38.29753194308789,43.371564333696625,-9.777265955123573,-0.9237323121561154
2018-06-27,46.15686934309759,40.84453795119292,-5.312331391904669,1.8322480244319517,1.2731584400624503,2.2316876662276615,42.56566321521096,49.74807547098422,38.34914740867052,43.33992849371532,-9.686439217710886,-0.9382235660984524
2018-06-28,46.23642247086104,40.74842638007328,-5.487996090787754,1.8275501656793278,1.3265915876492145,2.327013896331295,42.65442414612956,49.818420795592516,38.14830686828083,43.34854589186574,-10.048943327597092,-0.9270488539784161
2018-06-29,46.56557255435594,40.21977706421109,-6.345795490144857,1.6960769366471127,1.531502225057199,2.4295117744060235,43.2412617585276,49.88988335018428,37.21803270309898,43.221521425323196,-11.107638567980663,-1.583952412309051
2018-06-30,46.62910303404687,40.1555240895531,-6.473578944493773,1.6839193470282612,1.5300916308886352,2.4480330489392386,43.32862111387148,49.929584954222264,37.156544493011374,43.15450368609482,-11.27172372041468,-1.675434168572865
2018-07-01,46.47364189450375,40.27913979827341,-6.194502096230337,1.5964229688081135,1.4540371664766465,2.4062007550743165,43.344652875639845,49.602630913367655,37.42922695197919,43.129052644567636,-10.910655576175998,-1.478348616284677
2018-07-02,46.54178001800562,40.1339545977534,-6.407825420252214,1.4881077138041416,1.4009389288900607,2.2977799142888036,43.6250888989495,49.458471137061736,37.38811429712888,42.879794898377924,-10.911474052258269,-1.9041767882461595
2018-07-03,46.453037961496996,40.21274394176387,-6.240294019733121,1.4513161053635195,1.369058306917218,2.258358890322872,43.608458394984495,49.297617528009496,37.52938966020612,42.896098223321616,-10.666677444765952,-1.8139105947002916
2018-07-04,46.4388679863865,40.19793788943631,-6.240930096950184,1.4295869360131062,1.3504528467850125,2.219121029083581,43.63687759180081,49.240858380972185,37.55105030973769,42.84482546913493,-10.590407313954003,-1.8914528799463657
2018-07-05,46.45334003622671,40.15692415281625,-6.296415883410465,1.40679461728776,1.3476645450568272,2.200435159737634,43.69602258634271,49.21065748611072,37.51550164450487,42.79834666112763,-10.609268796496227,-1.9835629703247033
2018-07-06,46.41318448058209,40.15338053800477,-6.259803942577323,1.3947012628882902,1.3227123122479671,2.162506376290014,43.67957000532104,49.14679895584314,37.56086440599875,42.74589667001079,-10.49831644010575,-2.0212914450488952
2018-07-07,46.64951669926173,40.37164863350098,-6.277868065760753,1.421702769355186,1.3822397395930814,1.993345237843214,43.862979271325564,49.4360541271979,37.66245874389854,43.080838523103424,-10.184824731933453,-2.3709113995880537
2018-07-08,46.765451129601836,40.27763930440427,-6.487811825197563,1.504356874275404,1.4435615265444084,2.221756600032548,43.81691165602204,49.71399060318163,37.448258712377225,43.10701989643131,-10.842454761261358,-2.133168889133769
2018-07-09,46.884872406902495,40.18734897159456,-6.697523435307938,1.5808822567524046,1.4895755597821851,2.4097079027834094,43.78634318366778,49.98340163013721,37.267780874421476,43.10691706876764,-11.42055092476342,-1.9744959458524551
2018-07-10,46.762060282796,40.14316059937191,-6.618899683424088,1.6010244659048394,1.4159006754324586,2.4063433744785674,43.624052329622515,49.900068235969485,37.367995275524294,42.91832592321953,-11.33533269740208,-1.9024666694460954
2018-07-11,46.983718679924245,40.2041227460604,-6.779595933863839,1.7071563867000237,1.4425582702623734,2.594044936496466,43.6376921619922,50.32974519785629,37.37670853634615,43.03153695577465,-11.863924009396912,-1.6952678583307659
2018-07-12,47.10974375438535,40.14140451764424,-6.968339236741109,1.8052820217581491,1.4612279023455543,2.7452346076213754,43.57139099173938,50.64809651703132,37.277397829046954,43.005411206241526,-12.348999067679005,-1.5876794058032129
2018-07-13,47.192901764073724,40.083043640556504,-7.109858123517218,1.8197629234232484,1.4682511184398475,2.790927976426903,43.626166434164155,50.759637093983294,37.2052714484144,42.96081583269861,-12.580076957313947,-1.6396392897204883
2018-07-14,47.43667406159978,39.90713451300933,-7.529539548590448,1.7589005747972493,1.4995249561070507,2.828662011178051,43.98922893499717,50.88411918820239,36.96806559903951,42.84620342697915,-13.073717090499429,-1.985362006681469
2018-07-15,47.481089311245334,39.7807362969489,-7.700353014296432,1.7363132392981206,1.606155601339647,2.907405105350134,44.07791536222102,50.88426326026965,36.6326713183232,42.92880127557461,-13.398867020782696,-2.0018390078101698
2018-07-16,47.462890640933075,39.726445007009175,-7.7364456339238945,1.6847942236834004,1.5837379251680637,2.828307179242975,44.16069396251361,50.76508731935254,36.62231867367977,42.83057134033858,-13.279927705240125,-2.1929635626076642
2018-07-17,47.893818653455824,39.95679742969873,-7.937021223757091,1.7637936652287174,1.492450677865482,2.496730605287502,44.436783069607536,51.35085423730411,37.03159410108239,42.88200075831507,-12.830613210120594,-3.043429237393587
2018-07-18,47.74718419526695,40.32587874429956,-7.421305450967386,1.681283642358893,1.6194070824324875,2.5423250936776745,44.451868256243515,51.04250013429038,37.15184086273188,43.499916625867236,-12.404262634575629,-2.438348267359144
2018-07-19,47.58002346782278,40.40189259978714,-7.178130868035634,1.779302612531419,1.5952962472965861,2.6514273298554785,44.09259034726119,51.06745658838436,37.27511195508583,43.528673244488445,-12.374928434552372,-1.9813333015188963
2018-07-20,47.41989360406699,40.475580493071384,-6.944313110995608,1.8481691292201743,1.5679936283705378,2.727216568248997,43.79748211079545,51.042305097338534,37.40231298146513,43.54884800467764,-12.289657584763642,-1.598968637227574
2018-07-21,47.277167985389916,40.54942503915611,-6.727742946233803,1.9018196929170177,1.5490235718023553,2.7963013212703,43.54960138727256,51.00473458350727,37.51333883842349,43.58551123988873,-12.20849353592359,-1.2469923565440162
2018-07-22,47.26854858257576,40.610417081197845,-6.658131501377916,1.8175421735291069,1.407568953141617,2.6951559310628657,43.70616592245871,50.83093124269281,37.85158193304028,43.36925222935541,-11.940637126261134,-1.3756258764946994
2018-07-23,47.03470141049105,40.43171874040492,-6.602982670086136,1.7711229065677256,1.3174343068631404,2.5410039383255874,43.56330051361831,50.5061023073638,37.849547498953164,43.01388998185667,-11.583350389204288,-1.6226149509679848
2018-07-24,47.060257929436226,40.51652603054849,-6.543731898887734,1.7032877541466556,1.2710352619043614,2.4188698969526845,43.72181393130878,50.39870192756367,38.02529691721594,43.00775514388104,-11.284716896914997,-1.8027469008604724
2018-07-25,46.84678944214998,40.51791702121092,-6.328872420939063,1.681326241532934,1.1814517007983194,2.3153688799800194,43.551390008745436,50.14218887555453,38.20227168764622,42.83356235477562,-10.866995425699901,-1.7907494161782251
2018-07-26,46.686450869179,40.41578628990726,-6.270664579271738,1.6923622433015377,1.2292886453652039,2.2998736021778368,43.369420872307984,50.00348086605001,38.00638054499146,42.82519203482306,-10.778416839540299,-1.7629123190031786
2018-07-27,47.28093689026986,40.60396239480216,-6.67697449546769,2.537175195305984,1.2206376300590844,2.7312679045119874,42.30807350747013,52.25380027306959,38.21151263988635,42.99641214971797,-12.030259588311186,-1.3236894026241952
2018-07-28,46.97506277442559,40.64469409222462,-6.330368682200971,2.5080709829875585,1.1507335290637781,2.7217857658262554,42.059243647769975,51.8908819010812,38.38925637525961,42.900131809189624,-11.66506878322043,-0.9956685811815111
2018-07-29,46.877749412078735,40.654357436280804,-6.223391975797933,2.5235937609618624,1.1299722877430887,2.734949973952609,41.931505640593485,51.823993183563985,38.43961175230435,42.86910312025726,-11.583893924745047,-0.8628900268508186
2018-07-30,46.83013728717663,40.59418347114513,-6.235953816031504,2.432226288732218,1.1314195341109665,2.7097187434188035,42.06297376126149,51.59730081309178,38.37660118428764,42.81176575800262,-11.547002553132359,-0.9249050789306494
2018-07-31,47.06469768563628,40.780431413987145,-6.284266271649136,2.2857998034075084,1.2109946068731443,2.479540039958869,42.58453007095757,51.544865300314996,38.406881984515785,43.153980843458505,-11.14416474996852,-1.4243677933297523
2018-08-01,47.01739119148263,40.73596455838215,-6.281426633100476,2.269968975948926,1.2157399308623151,2.434888561594749,42.568251998622735,51.466530384342526,38.35311429389201,43.11881482287229,-11.053808213826184,-1.509045052374768
2018-08-02,46.9098692274738,41.07155713211571,-5.838312095358087,2.1817950325654984,1.7663671848215223,2.929502847789042,42.63355096364542,51.18618749130218,37.60947744986552,44.53363681436589,-11.58013767702461,-0.09648651369156447
2018-08-03,46.962742364088285,41.00783572738335,-5.954906636704936,2.1546169809356406,1.7732290238970303,2.9365543966546555,42.73969308145443,51.18579164672214,37.532306840545175,44.48336461422153,-11.71055325414806,-0.19926001926181147
2018-08-04,46.992817586981396,40.967652789379166,-6.025164797602226,2.1150205394482637,1.7545475435523301,2.8983227104483444,42.8473773296628,51.13825784429999,37.5287396040166,44.40656597474173,-11.705877310080982,-0.34445228512347104
2018-08-05,46.878762700258456,40.850989827267085,-6.027772872991369,2.010910867213932,1.7393974420618816,2.742809343370268,42.937377400519146,50.820147999997765,37.4417708408258,44.260208813708374,-11.403679185997094,-0.6518665599856437
2018-08-06,46.74930802521983,40.68367854196547,-6.065629483254359,1.9303758166896716,1.7787405557356697,2.58841924622795,42.96577142450808,50.53284462593159,37.19734705272356,44.17001003120738,-11.138931205861141,-0.9923277606475764
2018-08-07,46.7549948441277,41.035268975221065,-5.719725868906636,1.8989921858810366,1.9706104361182848,2.663761516618793,43.03297015980087,50.477019528454534,37.17287252042923,44.8976654300129,-10.94069844147947,-0.4987532963338017
2018-08-08,46.563884153850665,41.059734370303474,-5.504149783547196,1.9679089039208844,1.905589805013627,2.6956674400679463,42.70678270216573,50.4209856055356,37.32477835247676,44.794690388130185,-10.78765796608037,-0.2206416010140213
2018-08-09,46.81903077782502,41.06096302821841,-5.758067749606611,2.0052113502225404,1.7866616990197042,2.6355512542520447,42.88881653138884,50.7492450242612,37.55910609813979,44.56281995829703,-10.92374820794062,-0.5923872912726038
2018-08-10,46.81903077782502,41.06096302821841,-5.758067749606611,2.005211350222541,1.7866616990197042,2.6355512542520447,42.88881653138884,50.7492450242612,37.55910609813979,44.56281995829703,-10.92374820794062,-0.5923872912726038
2018-08-11,46.81903077782502,41.06096302821841,-5.758067749606611,2.0052113502225404,1.7866616990197042,2.6355512542520447,42.88881653138884,50.7492450242612,37.55910609813979,44.56281995829703,-10.92374820794062,-0.5923872912726038
2018-08-12,46.189373624939634,40.61387440307067,-5.575499221868964,1.8991365694378872,1.457811849443049,2.111687889069702,42.46706594884137,49.911681301037895,37.75656317816229,43.47118562797905,-9.71440748444558,-1.4365909592923476
2018-08-13,46.2035469207585,40.419218230897236,-5.784328689861262,1.813317107359565,1.9252972120982674,2.1269289473252377,42.64944539033375,49.75764845118324,36.64563569518463,44.19280076660984,-9.953109426618727,-1.6155479531037962
2018-08-14,46.36885067354717,40.571162141676275,-5.797688531870893,1.8015676247246395,1.9429494761501105,2.071573371857552,42.83777812908688,49.899923218007466,36.76298116842206,44.37934311493049,-9.857972340711695,-1.7374047230300906
2018-08-15,46.300107535034584,40.68603056336559,-5.614076971668995,1.825453982467222,2.0514925514404316,2.3337223802770413,42.72221772939883,49.87799734067034,36.665105162542346,44.706955964188836,-10.188172837011995,-1.0399811063259943
2018-08-16,46.10489611622589,41.08723630386138,-5.017659812364504,1.787901077094401,2.0977221505398287,2.621858462780863,42.60061000512086,49.60918222733091,36.97570088880332,45.198771718919446,-10.156502399414995,0.12118277468598748
2018-08-17,45.96093698973548,41.178827885561745,-4.782109104173736,1.9267333805158158,2.1273831739170905,2.885909237840846,42.18453956392448,49.73733441554648,37.00915686468425,45.34849890643924,-10.438491210341795,0.8742730019943226
2018-08-18,46.014942647376884,41.09227243869353,-4.922670208683363,2.0712323377668898,2.2297818305926533,3.347002265664523,41.95532726535378,50.07455802939999,36.721900050731925,45.46264482665513,-11.482794649385827,1.6374542320191017
2018-08-19,45.903999742023124,41.30631654881127,-4.597683193211857,2.0286572809545507,2.1878677379507967,3.3585303799529598,41.927831471352206,49.88016801269404,37.01809578242771,45.59453731519483,-11.180402737919657,1.9850363514959435
2018-08-20,45.75593293987121,41.418208647864184,-4.337724292007022,2.1276573663736396,2.2227845845346215,3.551471168434526,41.58572450177888,49.92614137796354,37.061550862176325,45.77486643355204,-11.298607782138692,2.6231591981246494
2018-08-21,46.04653935691291,41.24243238076703,-4.804106976145886,2.1925656973632037,2.140138677261548,3.6713459065144485,41.74911059008103,50.34396812374479,37.047760573334394,45.43710418819966,-11.999944952914205,2.391731000622433
2018-08-22,46.114701745417065,41.40221840953058,-4.712483335886486,2.4076291096190334,2.12889244237152,3.890608552326805,41.39574869056376,50.833654800270374,37.2295892224824,45.57484759657876,-12.338076098447024,2.913109426674051
2018-08-23,46.133399826924936,41.49881680147632,-4.634583025448613,2.446204549308068,2.0822811152874023,3.933797102186448,41.338838910281126,50.92796074356875,37.417545815513016,45.58008778743963,-12.344825345734051,3.075659294836825
2018-08-24,46.14267610010041,41.41077353217835,-4.731902567922063,2.4134388796838304,2.2323499138068166,4.080494465120268,41.4123358959201,50.87301630428072,37.03536770111698,45.78617936323971,-12.729671719557789,3.265866583713663
2018-08-25,46.14542367722555,41.321472751163675,-4.823950926061874,2.376987466520514,2.2921907746788226,4.147219662392542,41.486528242845345,50.80431911160576,36.828778832793184,45.81416666953417,-12.952501464351258,3.304599612227509
2018-08-26,46.31002572619802,41.14493598373334,-5.1650897424646836,2.3668630502555494,2.311391480412458,4.183636629531761,41.670974147697144,50.949077304698896,36.614608682124924,45.67526328534176,-13.365017536346935,3.0348380514175677
2018-08-27,46.47446343477578,41.00724813514636,-5.4672152996294185,2.3404139913939774,2.299784178767752,4.17542270219825,41.88725201164358,51.061674857907974,36.49967114476157,45.514825125531154,-13.651043795937987,2.716613196679151
2018-08-28,47.107574150617914,40.99991544763528,-6.10765870298263,2.3704541354411783,2.1577286337803794,3.9494991491977336,42.461484045153206,51.75366425608262,36.77076732542574,45.229063569844826,-13.848677035410187,1.6333596294449277
2018-08-29,47.40622936930925,40.64759733681027,-6.75863203249898,2.3010993778795785,2.174354016344982,3.966349337259686,42.89607458866528,51.916384149953224,36.385863464774104,44.90933120884644,-14.532676733527964,1.0154126685300042
2018-08-30,47.69530004149423,40.48336360048606,-7.21193644100817,2.3066285153100816,2.0782948756885506,3.907673808608951,43.17430815148647,52.216291931501985,36.4099056441365,44.556821556835615,-14.870977105881714,0.44710422386537374
2018-08-31,47.54890440195798,40.38255280513713,-7.1663515968208475,2.5253795113859416,1.9171635845553694,3.8702962716086367,42.59916055964153,52.49864824427442,36.624912179408604,44.14019343086566,-14.752132289173776,0.4194290955320801
2018-09-01,47.54208995186558,40.36017878340882,-7.181911168456752,2.4793871677153403,1.8831364575904936,3.791738761219728,42.68249110314351,52.40168880058764,36.66923132653145,44.05112624028619,-14.613719140447419,0.24989680353391552
2018-09-02,47.45210973111171,40.62803707858124,-6.824072652530474,2.257494973089904,1.8812439885903438,3.5609538400297707,43.0274195838555,51.876799878367926,36.94079886094416,44.31527529621831,-13.803542178988824,0.15539687392787638
2018-09-03,47.46755848255196,40.58306391295711,-6.884494569594845,2.2177045022623156,1.8634317971945737,3.506232776846701,43.12085765811782,51.814259306986095,36.93073759045574,44.235390235458475,-13.75671081221438,-0.01227832697531106
2018-09-04,47.702034364448956,40.73422589357877,-6.96780847087019,2.4145649815660963,1.9129128741328272,3.5995232233456176,42.969487000579406,52.434581728318506,36.98491666027843,44.483535126879104,-14.0228739886276,0.08725704688722047
2018-09-05,47.667803051306386,40.6471283140881,-7.0206747372182905,2.565801344523237,1.8483959674981172,3.5654300276224884,42.63883241604084,52.69677368657193,37.02427221779179,44.26998441038441,-14.008917591358369,-0.0324318830782131
2018-09-06,47.800081189123375,40.65916800215627,-7.140913186967108,2.6605345100782745,1.8242723933861429,3.5914947286857934,42.58543354936996,53.01472882887679,37.08359411111943,44.23474189319311,-14.180242855191263,-0.10158351874295324
2018-09-07,48.218902686294875,40.76145723596782,-7.457445450327061,2.7908113849315717,1.7505948606860058,3.566446933089494,42.74891237182899,53.68889300076076,37.330291309023245,44.19262316291239,-14.44768143918247,-0.46720946147165243
2018-09-08,48.40727105953036,40.80517619347904,-7.602094866051315,2.9089167732758416,1.7312942501994806,3.575865862006649,42.70579418390971,54.10874793515101,37.41183946308806,44.19851292387003,-14.610791955584347,-0.593397776518283
2018-09-09,48.47789472241408,40.33185040103943,-8.146044321374642,2.458749491618533,1.797191949231284,3.226238069407557,43.65874571884175,53.297043725986406,36.809354180546116,43.85434662153275,-14.469470937413455,-1.8226177053358308
2018-09-10,48.579773838309364,40.38732947380851,-8.192444364500858,2.4916286168595967,1.8086214864128014,3.1796643427728633,43.696181749264554,53.463365927354175,36.84243136043941,43.9322275871776,-14.42458647633567,-1.9603022526660459
2018-09-11,48.63152524499041,40.70439715053934,-7.927128094451067,2.445647120549541,2.0182810505344873,3.2286179406267688,43.838056888713304,53.42499360126751,36.74856629149175,44.66022800958694,-14.255219258079535,-1.5990369308226002
2018-09-12,48.75028575672923,40.779176951292854,-7.971108805436372,2.489835230812664,2.034017608927333,3.1786661815696076,43.870208704336406,53.63036280912205,36.79250243779528,44.76585146479043,-14.201294521312803,-1.7409230895599412
2018-09-13,49.164812604040506,40.9224641202367,-8.242348483803806,2.675285768684791,2.0153973074042164,3.1247885679775576,43.921252497418315,54.4083727106627,36.972285397724434,44.87264284274896,-14.366934077039819,-2.1177628905677928
2018-09-14,49.42139566662216,41.25001556571064,-8.17138010091152,2.590746826530679,2.0831321475984104,2.948154345813308,44.34353188662203,54.49925944662229,37.167076556417754,45.33295457500353,-13.949762618705604,-2.3929975831174364
2018-09-15,49.54271985637856,41.28821779640072,-8.254502059977836,2.6068568256166986,2.054382470121921,2.9164663566172733,44.433280478169834,54.65215923458729,37.261628154961755,45.31480743783969,-13.970776118947692,-2.5382280010079814
2018-09-16,49.30169636386672,41.33867157132654,-7.9630247925401765,2.6216956344908824,1.974331561641665,2.7902759487599362,44.163172920264586,54.44021980746885,37.46898171050888,45.20836143214421,-13.431965652109652,-2.4940839329707014
2018-09-17,49.38823148476923,41.43630557726284,-7.951925907506387,2.596393186578908,1.9872477531456023,2.7226455263788742,44.29930083907457,54.47716213046389,37.54129998109746,45.331311173428226,-13.288311139208979,-2.6155406758037936
2018-09-18,49.41069980268727,41.75293362244698,-7.657766180240285,2.457715755091873,2.0545751082271573,2.7146382968210596,44.5935769227072,54.22782268266734,37.72596641032175,45.77990083457221,-12.978457242009561,-2.3370751184710086
2018-09-19,49.296353873898035,41.73918464222984,-7.557169231668197,2.1747058845014426,1.8226073794175035,2.384644808470306,45.033930340275205,53.558777407520864,38.16687417857153,45.31149510588814,-12.231073056269995,-2.8832654070663972
2018-09-20,49.345846066821,41.831785223589264,-7.514060843231735,2.1366044930612795,1.8347294853441118,2.3309692126708,45.15810126042089,53.5335908732211,38.235715432314805,45.427855014863724,-12.082760500066502,-2.9453611863969664
2018-09-21,49.39966399458903,41.96189714199375,-7.437766852595273,2.095983432579415,1.8833194218686211,2.288754160669137,45.291536466733376,53.50779152244468,38.27059107513126,45.65320320885625,-11.923725007506782,-2.9518086976837647
2018-09-22,49.11059660631126,41.9197674947704,-7.19082911154086,2.202994976871888,1.8877242868393023,2.205210429911813,44.79272645164236,53.428466760980164,38.21982789256536,45.61970709697543,-11.513041554168012,-2.868616668913707
2018-09-23,49.02884475702648,41.54083317840641,-7.488011578620068,2.0504943863245004,2.1272714595481315,1.894601999746437,45.00987575983046,53.047813754222496,37.371381117692074,45.71028523912074,-11.201431498123084,-3.774591659117051
2018-09-24,49.298771620212015,41.735448835194326,-7.563322785017693,1.8682061461978747,1.7828720787048888,1.8109572474669822,45.63708757366418,52.96045566675985,38.24101956093274,45.22987810945591,-11.112798990052978,-4.013846579982408
2018-09-25,49.395923371025255,41.752560360623505,-7.64336301040175,1.801609227300552,1.7233276140157878,1.7222091344422776,45.864769285516175,52.927077456534334,38.37483823715256,45.13028248409445,-11.018892913908614,-4.267833106894885
2018-09-26,49.436446360060565,41.79239066962596,-7.644055690434604,1.778836278316104,1.7043480590405091,1.6835344324029444,45.949927254561004,52.922965465560125,38.45186847390656,45.13291286534536,-10.943783177944375,-4.344328202924833
2018-09-27,49.27249408241309,41.69648975617069,-7.576004326242393,1.7526832154929437,1.642703370362099,1.5621144875678847,45.83723498004692,52.70775318477926,38.47679115026098,44.916188362080405,-10.637748721875447,-4.51425993060934
2018-09-28,49.331104006908326,41.72880202697533,-7.602301979932991,1.694797576713336,1.55765736308624,1.4932508670473505,46.00930075655019,52.65290725726646,38.6757935953263,44.78181045862436,-10.5290736793458,-4.675530280520184
2018-09-29,49.27231107716156,41.52496881732441,-7.747342259837149,1.836233766394007,1.6501673426779992,1.5066533592841418,45.673292895029306,52.871329259293816,38.29064082567553,44.75929680897328,-10.700382844034067,-4.794301675640231
2018-09-30,48.92739352991515,41.84302855533132,-7.084364974583827,2.066985552773108,1.5457764189193126,2.1299222497901926,44.876101846479855,52.978685213350445,38.81330677424947,44.872750336413176,-11.259012584172606,-2.909717364995049
2018-10-01,49.81824503135243,41.90282004761973,-7.915424983732707,3.101871980654992,1.4554608698858242,3.270040474334279,43.73857594926865,55.897914113436215,39.05011674264351,44.755523352595944,-14.324704313427894,-1.5061456540375202
2018-10-02,49.71442903602331,41.88175394966139,-7.832675086361924,2.884146523620571,1.3994433908831978,3.209542293874269,44.061501849726994,55.36735622231963,39.13884490353032,44.624662995792455,-14.12337798235549,-1.541972190368357
2018-10-03,49.52000693856731,41.88441012557406,-7.635596812993253,3.1006418555240702,1.4774085013269456,3.7053820990343875,43.44274890174014,55.59726497539449,38.98868946297324,44.78013078817487,-14.898145727100651,-0.37304789888585344
2018-10-04,49.673770610505954,41.78449012134937,-7.889280489156582,3.003619990832243,1.4779537691871556,3.7182864916160856,43.78667542847476,55.56086579253715,38.88770073374255,44.681279508956194,-15.177122012724109,-0.6014389655890549
2018-10-05,49.82957464948556,41.79742627397931,-8.032148375506244,2.897294303826774,1.4632016414229037,3.669180659783023,44.15087781398508,55.50827148498603,38.92955105679042,44.6653014911682,-15.22374246868097,-0.8405542823315191
2018-10-06,50.00382652477045,41.71242813642537,-8.291398388345083,2.9713623301246836,1.492404350195109,3.8203476710970183,44.17995635772607,55.827696691814836,38.78731561004296,44.63754066280779,-15.779279823695239,-0.8035169529949275
2018-10-07,48.371758184702514,40.81071792492935,-7.561040259773165,3.883464587677263,2.212284477673353,3.955353667755166,40.76016759285508,55.983348776549946,36.474640348689576,45.14679550116912,-15.31353344857329,0.1914529290269602
2018-10-08,48.5186707628585,40.787789752286905,-7.7308810105716,3.9165513352910355,2.181815191199207,4.013495121602055,40.84223014568807,56.195111380028926,36.51143197753646,45.06414752703735,-15.597331448911628,0.13556942776842895
2018-10-09,48.82114109660161,40.97237614160537,-7.848764954996229,3.86904330443918,2.2538173390292746,3.969690912372266,41.237816219900814,56.4044659733024,36.554894157107995,45.38985812610275,-15.629359143245871,-0.0681707667465874
2018-10-10,48.978148771346746,41.01312544944962,-7.965023321897129,3.8820251136626083,2.2171059691928736,3.9368901660088373,41.369379548568034,56.58691799412546,36.667597749831586,45.35865314906765,-15.68132804727445,-0.248718596519808
2018-10-11,49.45969057493264,41.00226679360136,-8.457423781331276,3.798868990662632,2.0573675655648116,3.8458661082782677,42.013907353233876,56.9054737966314,36.96982636509433,45.03470722210839,-15.99532135355668,-0.9195262091058707
2018-10-12,49.816003301754414,41.192671110614036,-8.623332191140374,3.6588562095375323,1.9957101970561084,3.6123421518977206,42.64464513106085,56.98736147244798,37.281079124384064,45.10426309684401,-15.703522808859907,-1.5431415734208418
2018-10-13,49.6712821473392,41.291397660111564,-8.379884487227637,3.6301263818322256,1.926490614644393,3.633415769611661,42.55623443894804,56.78632985573036,37.515476055408556,45.06731926481457,-15.501379395666492,-1.2583895787887815
2018-10-14,49.09567918599964,40.753006938040485,-8.342672247959165,3.55915988625164,2.161596925376606,3.2291045374978835,42.11972580894643,56.07163256305286,36.516276964302335,44.989736911778635,-14.671717141455016,-2.0136273544633134
2018-10-15,49.23854632098613,40.809681672397886,-8.42886464858825,3.587879586707026,2.1463221316231182,3.209097007716923,42.20630233104036,56.2707903109319,36.602890294416575,45.0164730503792,-14.71869478371342,-2.1390345134630815
2018-10-16,49.28940163359277,41.20571404282006,-8.08368759077271,3.282777796231228,2.116826973452381,3.0518468897367463,42.85515715297956,55.72364611420598,37.0567331748534,45.354694910786726,-14.065307494656732,-2.102067686888687
2018-10-17,49.334900771219054,41.219236450079094,-8.11566432113996,2.956479260805825,1.9722946693287833,2.783121163657378,43.54020142003964,55.12960012239847,37.35353889819468,45.08493400196351,-13.570581801908421,-2.660746840371499
2018-10-18,49.47550916469514,41.292581819850255,-8.182927344844883,2.9978540018423283,1.9723114535635557,2.7542165019095024,43.599715321084176,55.351303008306104,37.426851370865684,45.15831226883483,-13.581191688587507,-2.784663001102258
2018-10-19,49.51608937991687,41.49071698602088,-8.025372393895987,2.8277811554915093,1.9062222188027749,2.5879868721134662,43.973638315153515,55.058540444680226,37.75452143716744,45.226912534874316,-13.09782666323838,-2.9529181245535936
2018-10-20,49.63805257573095,41.75373639822409,-7.884316177506861,2.715211825773486,1.7468708316673434,2.4994857973574205,44.31623739721492,54.959867754246986,38.3298695681561,45.177603228292085,-12.783308340327405,-2.9853240146863165
2018-10-21,49.40556854921422,41.78190761795828,-7.623660931255942,2.689436997315346,1.7928916958298702,2.427313291526265,44.13427203447615,54.6768650639523,38.26783989413174,45.295975341784825,-12.381194982647422,-2.8661268798644617
2018-10-22,49.596506881404956,42.18469693835242,-7.411809943052535,2.4816859160309743,1.8549073148371678,2.2348022490421937,44.732402485984245,54.46061127682567,38.54907860127157,45.820315275433266,-11.792022351175234,-3.031597534929835
2018-10-23,49.73930116347015,42.3617939158743,-7.377507247595849,2.2383279415992754,1.8466827779659467,2.064635375196875,45.352178397935575,54.12642392900473,38.742295671061044,45.98129216068756,-11.424192582981725,-3.3308219122099745
2018-10-24,49.77781180245381,42.455183164797575,-7.322628637656242,2.197194870888075,1.8604828177161257,2.02774195508313,45.471309855513184,54.08431374939444,38.808636842073966,46.10172948752118,-11.297002869619178,-3.3482544056933072
2018-10-25,50.17297730157403,42.80155836706719,-7.3714189345068375,2.0996328830076036,1.8167025262648155,1.8635770010729134,46.057696850879125,54.28825775226893,39.24082141558815,46.362295318546224,-11.024029856609747,-3.7188080124039273
2018-10-26,50.28537792665473,43.05434588875874,-7.231032037895994,1.9622561780162608,1.8106402906594086,1.7651773403633908,46.439355817742864,54.1314000355666,39.5054909190663,46.60320085845118,-10.69077962500824,-3.7712844507837477
2018-10-27,50.63813158017089,42.85732855045009,-7.780803029720803,2.0496791484056627,1.9413543227787862,2.426159930844008,46.620760449295794,54.65550271104599,39.05227407780367,46.66238302309651,-12.53607649417506,-3.025529565266548
2018-10-28,50.7287844793036,42.8003917557459,-7.928392723557703,1.9421673632337593,1.7820875688292548,2.3194126642858333,46.92213644736543,54.535432511241765,39.30750012084056,46.29328339065124,-12.474441545557937,-3.38234390155747
2018-10-29,50.84853452542968,42.854491655519084,-7.994042869910591,1.8906436552528068,1.7199397052957976,2.2335915843681886,47.142872961134174,54.55419608972518,39.48340983313932,46.22557347789885,-12.37188237527224,-3.6162033645489418
2018-10-30,50.76225424294102,42.88431510585979,-7.877939137081228,1.7294888933028405,1.845559557206122,2.1123954796477316,47.37245601206745,54.152052473814585,39.267018373735795,46.50161183798379,-12.018234277190782,-3.7376439969716744
2018-10-31,50.79201260369788,43.05634271883036,-7.7356698848675185,1.6574029179524215,1.8572682845919477,2.0723173416685943,47.54350288451113,54.04052232288463,39.41609688103014,46.69658855663057,-11.797411874537964,-3.6739278951970737
2018-11-01,50.51074541884321,43.24418132213326,-7.266564096709947,1.7307718800489569,1.8561241755950157,2.117794081364814,47.11843253394725,53.903058303739165,39.606177937967026,46.88218470629949,-11.417440496184984,-3.115687697234912
2018-11-02,50.31375545162366,43.32495082051894,-6.98880463110472,2.0334477077504407,1.7950929466171415,2.2557822359166266,46.3281979444328,54.299312958814525,39.80656864514935,46.84333299588854,-11.410137813501308,-2.5674714487081314
2018-11-03,50.43353715883915,42.54175278564251,-7.891784373196643,1.8439666922999056,2.0855747347758777,2.3932777759477797,46.81936244193133,54.04771187574697,38.45402630548179,46.629479265803226,-12.582608814054291,-3.2009599323389946
2018-11-04,50.436085069483624,42.63899887652604,-7.797086192957587,2.0036927079908318,1.9780090714421241,2.5196702016481893,46.508847361821594,54.363322777145655,38.76210109649948,46.5158966565526,-12.735639788188038,-2.8585325977271356
2018-11-05,50.576745467801786,42.71418075218291,-7.86256471561887,2.0439592363213412,1.9804290465455792,2.5516422622373875,46.57058536461196,54.58290557099161,38.83253982095358,46.59582168341225,-12.86378354960415,-2.86134588163359
2018-11-06,50.90410007671257,43.0137110359865,-7.890389040726068,2.146989995210087,2.1085105001012856,2.571448076541285,46.6959996861008,55.112200467324335,38.881030455787986,47.14639161618502,-12.930427270746986,-2.850350810705149
2018-11-07,50.933083581476794,43.061261376503,-7.871822204973797,2.122097213372464,2.0950141146705255,2.534102347197023,46.773773043266765,55.09239411968682,38.95503371174877,47.16748904125723,-12.838662805479963,-2.9049816044676318
2018-11-08,50.96164775871362,43.09832767847146,-7.863320080242153,2.096738929706079,2.0734201293713403,2.494385236210445,46.852039456489706,55.07125606093753,39.03442422490364,47.16223113203929,-12.752315143214625,-2.974325017269681
2018-11-09,51.0177223345722,43.09619139491797,-7.921530939654224,2.0884149126660394,2.0369635790017613,2.468356581040649,46.92442910574676,55.111015563397636,39.10374278007452,47.08864000976143,-12.759509838493896,-3.0835520408145527
2018-11-10,51.049241396355086,43.15786933832938,-7.891372058025706,2.065680528941628,2.0374132227220816,2.435946180297924,47.0005075596295,55.097975233080675,39.164539421794096,47.15119925486466,-12.665826571409637,-3.1169175446417743
2018-11-11,50.977200975992474,43.29842103365665,-7.67877994233582,2.0634242800670433,2.1538941466883297,2.6545825056482597,46.93288938706107,55.02151256492388,39.07678850614752,47.52005356116578,-12.881761653406407,-2.475798231265231
2018-11-12,51.03058848795919,43.12849858782407,-7.902089900135124,2.0380795442256225,2.2222452104157573,2.7719933456576555,47.03595258127697,55.02522439464141,38.77289797540919,47.48409920023895,-13.33519685762413,-2.468982942646119
