end_date,dem,rep,net,dem_std,rep_std,net_std,dem_lower_ci,dem_upper_ci,rep_lower_ci,rep_upper_ci,net_lower_ci,net_upper_ci
2012-11-11,43.65988276965615,42.19265079998267,-1.4672319696734775,0,0,0,43.65988276965615,43.65988276965615,42.19265079998267,42.19265079998267,-1.4672319696734775,-1.4672319696734775
2012-11-12,43.65988276965615,42.19265079998267,-1.4672319696734775,0,0,0,43.65988276965615,43.65988276965615,42.19265079998267,42.19265079998267,-1.4672319696734775,-1.4672319696734775
2012-11-13,43.65988276965615,42.19265079998267,-1.4672319696734775,0,0,0,43.65988276965615,43.65988276965615,42.19265079998267,42.19265079998267,-1.4672319696734775,-1.4672319696734775
2012-11-14,43.65988276965615,42.19265079998267,-1.4672319696734775,0,0,0,43.65988276965615,43.65988276965615,42.19265079998267,42.19265079998267,-1.4672319696734775,-1.4672319696734775
2012-11-15,43.65988276965615,42.19265079998267,-1.4672319696734775,0,0,0,43.65988276965615,43.65988276965615,42.19265079998267,42.19265079998267,-1.4672319696734775,-1.4672319696734775
2012-11-16,43.65988276965615,42.19265079998267,-1.4672319696734775,0,0,0,43.65988276965615,43.65988276965615,42.19265079998267,42.19265079998267,-1.4672319696734775,-1.4672319696734775
2012-11-17,43.65988276965615,42.19265079998267,-1.4672319696734775,0,0,0,43.65988276965615,43.65988276965615,42.19265079998267,42.19265079998267,-1.4672319696734775,-1.4672319696734775
2012-11-18,43.65988276965615,40.930296623592476,-2.7295861460636694,0,0.9649716504284589,0.9649716504284589,43.65988276965615,43.65988276965615,39.038952188752695,42.821641058432256,-4.620930580903449,-0.83824171122389
2012-11-19,43.65988276965615,40.93029662359248,-2.72958614606367,0,0.9649716504284589,0.9649716504284589,43.65988276965615,43.65988276965615,39.0389521887527,42.82164105843226,-4.620930580903449,-0.8382417112238905
2012-11-20,43.65988276965615,40.93029662359248,-2.7295861460636694,0,0.9649716504284589,0.9649716504284589,43.65988276965615,43.65988276965615,39.0389521887527,42.82164105843226,-4.620930580903449,-0.83824171122389
2012-11-21,43.65988276965615,40.93029662359248,-2.7295861460636694,0,0.9649716504284589,0.9649716504284589,43.65988276965615,43.65988276965615,39.0389521887527,42.82164105843226,-4.620930580903449,-0.83824171122389
2012-11-22,43.65988276965615,40.930296623592476,-2.7295861460636694,0,0.9649716504284589,0.9649716504284589,43.65988276965615,43.65988276965615,39.038952188752695,42.821641058432256,-4.620930580903449,-0.83824171122389
2012-11-23,43.65988276965615,40.93029662359248,-2.72958614606367,0,0.9649716504284589,0.9649716504284589,43.65988276965615,43.65988276965615,39.0389521887527,42.82164105843226,-4.620930580903449,-0.8382417112238905
2012-11-24,43.65988276965615,40.93029662359248,-2.7295861460636694,0,0.9649716504284589,0.9649716504284589,43.65988276965615,43.65988276965615,39.0389521887527,42.82164105843226,-4.620930580903449,-0.83824171122389
2012-11-25,43.65988276965615,40.54726243491952,-3.1126203347366346,0,0.7638546054329352,0.7638546054329352,43.65988276965615,43.65988276965615,39.05010740827096,42.044417461568074,-4.6097753613851875,-1.6154653080880816
2012-11-26,43.65988276965615,40.54726243491951,-3.112620334736634,0,0.7638546054329352,0.7638546054329352,43.65988276965615,43.65988276965615,39.05010740827096,42.04441746156806,-4.6097753613851875,-1.6154653080880812
2012-11-27,43.65988276965615,40.54726243491951,-3.112620334736634,0,0.7638546054329352,0.7638546054329352,43.65988276965615,43.65988276965615,39.05010740827096,42.04441746156806,-4.6097753613851875,-1.6154653080880812
2012-11-28,43.65988276965615,40.54726243491952,-3.1126203347366346,0,0.7638546054329352,0.7638546054329352,43.65988276965615,43.65988276965615,39.05010740827096,42.044417461568074,-4.6097753613851875,-1.6154653080880816
2012-11-29,43.65988276965615,40.54726243491952,-3.1126203347366346,0,0.7638546054329352,0.7638546054329352,43.65988276965615,43.65988276965615,39.05010740827096,42.044417461568074,-4.6097753613851875,-1.6154653080880816
2012-11-30,43.65988276965615,40.54726243491952,-3.1126203347366346,0,0.7638546054329352,0.7638546054329352,43.65988276965615,43.65988276965615,39.05010740827096,42.044417461568074,-4.6097753613851875,-1.6154653080880816
2012-12-01,43.65988276965615,40.54726243491952,-3.1126203347366346,0,0.7638546054329352,0.7638546054329352,43.65988276965615,43.65988276965615,39.05010740827096,42.044417461568074,-4.6097753613851875,-1.6154653080880816
2012-12-02,44.67276772968304,38.341902119026706,-6.330865610656332,0.9999169854568456,2.2422871088133327,3.222045022793887,42.71293043818762,46.632605021178456,33.947019385752576,42.736784852300836,-12.64607385533235,-0.015657365980313642
2012-12-03,44.67276772968303,38.3419021190267,-6.33086561065633,0.9999169854568455,2.2422871088133327,3.2220450227938864,42.71293043818761,46.63260502117845,33.94701938575257,42.73678485230083,-12.646073855332347,-0.015657365980312754
2012-12-04,44.67276772968304,38.341902119026706,-6.330865610656332,0.9999169854568456,2.2422871088133327,3.222045022793887,42.71293043818762,46.632605021178456,33.947019385752576,42.736784852300836,-12.64607385533235,-0.015657365980313642
2012-12-05,44.67276772968303,38.341902119026706,-6.330865610656331,0.9999169854568456,2.2422871088133323,3.2220450227938864,42.71293043818761,46.63260502117845,33.947019385752576,42.736784852300836,-12.646073855332348,-0.015657365980313642
2012-12-06,43.42500069504174,38.264245786533216,-5.160754908508518,1.5055103846189253,1.630814615709403,2.6470508070225844,40.47420034118865,46.37580104889483,35.06784913974278,41.46064243332365,-10.348974490272784,0.027464673255747307
2012-12-07,43.42500069504173,38.264245786533216,-5.160754908508518,1.5055103846189253,1.630814615709403,2.6470508070225844,40.474200341188634,46.37580104889483,35.06784913974278,41.46064243332365,-10.348974490272784,0.027464673255747307
2012-12-08,43.42500069504174,38.26424578653322,-5.160754908508519,1.5055103846189253,1.6308146157094032,2.647050807022585,40.47420034118865,46.37580104889483,35.06784913974279,41.460642433323656,-10.348974490272784,0.027464673255747307
2012-12-09,43.75365203035158,37.59770554705409,-6.155946483297492,1.3741781446800214,1.6190352009786073,2.645634741089054,41.06026286677874,46.44704119392442,34.42439655313602,40.77101454097216,-11.341390575832037,-0.9705023907629462
2012-12-10,43.75365203035158,37.59770554705409,-6.155946483297492,1.3741781446800214,1.6190352009786073,2.645634741089054,41.06026286677874,46.44704119392442,34.42439655313602,40.77101454097216,-11.341390575832037,-0.9705023907629462
2012-12-11,43.75365203035159,37.59770554705409,-6.155946483297493,1.3741781446800216,1.6190352009786073,2.645634741089054,41.06026286677874,46.447041193924434,34.42439655313602,40.77101454097216,-11.341390575832039,-0.9705023907629471
2012-12-12,43.75365203035158,37.59770554705409,-6.155946483297492,1.3741781446800216,1.6190352009786073,2.645634741089054,41.06026286677874,46.44704119392442,34.42439655313602,40.77101454097216,-11.341390575832037,-0.9705023907629462
2012-12-13,43.75365203035158,37.59770554705409,-6.155946483297492,1.3741781446800214,1.6190352009786073,2.645634741089054,41.06026286677874,46.44704119392442,34.42439655313602,40.77101454097216,-11.341390575832037,-0.9705023907629462
2012-12-14,43.75365203035158,37.59770554705409,-6.155946483297493,1.3741781446800214,1.6190352009786073,2.645634741089054,41.06026286677874,46.44704119392442,34.42439655313602,40.77101454097216,-11.341390575832039,-0.9705023907629471
2012-12-15,43.753652030351574,37.59770554705409,-6.155946483297492,1.3741781446800214,1.6190352009786073,2.645634741089054,41.060262866778736,46.44704119392441,34.42439655313602,40.77101454097216,-11.341390575832037,-0.9705023907629462
2012-12-16,44.03516342116231,37.85216220718667,-6.183001213975639,1.2021609572843313,1.2878330557925184,2.093799790699615,41.67892794488502,46.3913988974396,35.328009417833336,40.37631499654001,-10.286848803746885,-2.0791536242043938
2012-12-17,44.035163421162316,37.85216220718668,-6.18300121397564,1.2021609572843313,1.2878330557925184,2.0937997906996153,41.678927944885025,46.39139889743961,35.32800941783334,40.37631499654002,-10.286848803746885,-2.0791536242043938
2012-12-18,44.035163421162316,37.85216220718667,-6.18300121397564,1.2021609572843313,1.2878330557925184,2.0937997906996153,41.678927944885025,46.39139889743961,35.328009417833336,40.37631499654001,-10.286848803746885,-2.0791536242043938
2012-12-19,44.035163421162316,37.85216220718667,-6.18300121397564,1.2021609572843313,1.2878330557925184,2.0937997906996153,41.678927944885025,46.39139889743961,35.328009417833336,40.37631499654001,-10.286848803746885,-2.0791536242043938
2012-12-20,44.035163421162316,37.85216220718667,-6.18300121397564,1.2021609572843313,1.2878330557925184,2.093799790699615,41.678927944885025,46.39139889743961,35.328009417833336,40.37631499654001,-10.286848803746885,-2.0791536242043946
2012-12-21,44.03516342116231,37.85216220718667,-6.183001213975639,1.2021609572843313,1.2878330557925184,2.093799790699615,41.67892794488502,46.3913988974396,35.328009417833336,40.37631499654001,-10.286848803746885,-2.0791536242043938
2012-12-22,43.452764712744916,37.99342208129205,-5.459342631452869,1.1569386538211448,1.013935229668104,1.8348235220085647,41.18516495125547,45.72036447423436,36.00610903114257,39.980735131441534,-9.055596734589656,-1.8630885283160823
2012-12-23,43.45276471274492,37.99342208129205,-5.45934263145287,1.1569386538211448,1.013935229668104,1.8348235220085647,41.18516495125548,45.720364474234366,36.00610903114257,39.980735131441534,-9.055596734589656,-1.8630885283160832
2012-12-24,43.45276471274492,37.99342208129205,-5.45934263145287,1.1569386538211448,1.013935229668104,1.8348235220085647,41.18516495125548,45.720364474234366,36.00610903114257,39.980735131441534,-9.055596734589656,-1.8630885283160832
2012-12-25,43.45276471274492,37.99342208129205,-5.45934263145287,1.1569386538211448,1.013935229668104,1.8348235220085647,41.18516495125548,45.720364474234366,36.00610903114257,39.980735131441534,-9.055596734589656,-1.8630885283160832
2012-12-26,43.45276471274492,37.99342208129205,-5.45934263145287,1.1569386538211448,1.013935229668104,1.8348235220085647,41.18516495125548,45.720364474234366,36.00610903114257,39.980735131441534,-9.055596734589656,-1.8630885283160832
2012-12-27,43.452764712744916,37.993422081292046,-5.459342631452869,1.1569386538211446,1.013935229668104,1.8348235220085647,41.18516495125547,45.72036447423436,36.006109031142564,39.98073513144153,-9.055596734589656,-1.8630885283160823
2012-12-28,43.452764712744916,37.993422081292046,-5.459342631452869,1.1569386538211448,1.013935229668104,1.8348235220085647,41.18516495125547,45.72036447423436,36.006109031142564,39.98073513144153,-9.055596734589656,-1.8630885283160823
2012-12-29,43.452764712744916,37.993422081292046,-5.459342631452869,1.1569386538211446,1.013935229668104,1.8348235220085647,41.18516495125547,45.72036447423436,36.006109031142564,39.98073513144153,-9.055596734589656,-1.8630885283160823
2012-12-30,43.96341764671179,36.80110930624106,-7.162308340470726,1.0686094661366874,1.5877968790027093,2.430578526448853,41.868943093083885,46.057892200339694,33.68902742339575,39.91319118908637,-11.926242252310477,-2.398374428630974
2012-12-31,43.96341764671179,36.80110930624107,-7.162308340470727,1.0686094661366876,1.5877968790027095,2.4305785264488535,41.868943093083885,46.057892200339694,33.68902742339576,39.913191189086376,-11.92624225231048,-2.398374428630974
2013-01-01,43.9634176467118,36.80110930624107,-7.1623083404707275,1.0686094661366876,1.5877968790027095,2.4305785264488535,41.86894309308389,46.0578922003397,33.68902742339576,39.913191189086376,-11.92624225231048,-2.3983744286309747
2013-01-02,43.96341764671179,36.80110930624107,-7.1623083404707275,1.0686094661366876,1.5877968790027095,2.4305785264488535,41.868943093083885,46.057892200339694,33.68902742339576,39.913191189086376,-11.92624225231048,-2.3983744286309747
2013-01-03,43.96341764671179,36.80110930624106,-7.162308340470726,1.0686094661366874,1.5877968790027095,2.430578526448853,41.868943093083885,46.057892200339694,33.68902742339575,39.91319118908637,-11.926242252310477,-2.398374428630974
2013-01-04,43.96341764671179,36.80110930624107,-7.162308340470727,1.0686094661366874,1.5877968790027095,2.4305785264488535,41.868943093083885,46.057892200339694,33.68902742339576,39.913191189086376,-11.92624225231048,-2.398374428630974
2013-01-05,43.96341764671179,36.80110930624107,-7.162308340470727,1.0686094661366876,1.5877968790027095,2.4305785264488535,41.868943093083885,46.057892200339694,33.68902742339576,39.913191189086376,-11.92624225231048,-2.398374428630974
2013-01-06,43.15692762987994,37.86353319239695,-5.2933944374829895,0.8353192042024077,1.1711627430164433,1.89420455168076,41.51970198964322,44.79415327011666,35.56805421608472,40.15901216870918,-9.006035358777279,-1.5807535161887003
2013-01-07,43.156927629879945,37.86353319239696,-5.2933944374829895,0.8353192042024077,1.1711627430164433,1.8942045516807597,41.519701989643224,44.79415327011667,35.568054216084725,40.15901216870919,-9.006035358777279,-1.5807535161887003
2013-01-08,43.156927629879945,37.86353319239696,-5.2933944374829895,0.8353192042024078,1.1711627430164435,1.89420455168076,41.519701989643224,44.79415327011667,35.568054216084725,40.15901216870919,-9.006035358777279,-1.5807535161887003
2013-01-09,43.156927629879945,37.86353319239695,-5.2933944374829895,0.8353192042024077,1.1711627430164433,1.89420455168076,41.519701989643224,44.79415327011667,35.56805421608472,40.15901216870918,-9.006035358777279,-1.5807535161887003
2013-01-10,43.156927629879945,37.86353319239696,-5.2933944374829895,0.8353192042024077,1.1711627430164433,1.89420455168076,41.519701989643224,44.79415327011667,35.568054216084725,40.15901216870919,-9.006035358777279,-1.5807535161887003
2013-01-11,43.156927629879945,37.86353319239696,-5.2933944374829895,0.8353192042024077,1.1711627430164433,1.89420455168076,41.519701989643224,44.79415327011667,35.568054216084725,40.15901216870919,-9.006035358777279,-1.5807535161887003
2013-01-12,43.156927629879945,37.86353319239696,-5.2933944374829895,0.8353192042024078,1.1711627430164433,1.89420455168076,41.519701989643224,44.79415327011667,35.568054216084725,40.15901216870919,-9.006035358777279,-1.5807535161887003
2013-01-13,42.65751127488235,37.65138720879116,-5.0061240660912,0.9813850892583053,1.0082076488414897,1.5871196335519187,40.733996499936076,44.58102604982863,35.67530021706184,39.627474200520474,-8.11687854785296,-1.8953695843294396
2013-01-14,42.20126979195791,37.529274009606475,-4.671995782351432,1.134558742256047,0.8882340207600384,1.4708653903841025,39.97753465713606,44.425004926779764,35.7883353289168,39.27021269029615,-7.554891947504274,-1.7890996171985916
2013-01-15,42.201269791957905,37.529274009606475,-4.671995782351432,1.134558742256047,0.8882340207600384,1.4708653903841025,39.977534657136054,44.425004926779756,35.7883353289168,39.27021269029615,-7.554891947504274,-1.7890996171985916
2013-01-16,42.20126979195791,37.529274009606475,-4.671995782351432,1.134558742256047,0.8882340207600383,1.4708653903841025,39.97753465713606,44.425004926779764,35.7883353289168,39.27021269029615,-7.554891947504274,-1.7890996171985916
2013-01-17,42.20126979195791,37.52927400960648,-4.671995782351432,1.134558742256047,0.8882340207600384,1.4708653903841025,39.97753465713606,44.425004926779764,35.78833532891681,39.270212690296155,-7.554891947504274,-1.7890996171985916
2013-01-18,42.20126979195791,37.529274009606475,-4.671995782351432,1.134558742256047,0.8882340207600383,1.4708653903841025,39.97753465713606,44.425004926779764,35.7883353289168,39.27021269029615,-7.554891947504274,-1.7890996171985916
2013-01-19,42.20126979195791,37.52927400960648,-4.671995782351432,1.134558742256047,0.8882340207600384,1.4708653903841025,39.97753465713606,44.425004926779764,35.78833532891681,39.270212690296155,-7.554891947504274,-1.7890996171985916
2013-01-20,42.33388241844592,38.05202657611454,-4.2818558423313675,0.97356157578113,1.0626122949639434,1.33294359367376,40.425701729914906,44.24206310697693,35.969306477985214,40.13474667424387,-6.894425285931937,-1.6692863987307982
2013-01-21,42.33388241844591,38.05202657611454,-4.2818558423313675,0.97356157578113,1.0626122949639434,1.33294359367376,40.4257017299149,44.24206310697692,35.969306477985214,40.13474667424387,-6.894425285931937,-1.6692863987307982
2013-01-22,42.33388241844592,38.05202657611454,-4.2818558423313675,0.9735615757811299,1.0626122949639434,1.33294359367376,40.425701729914906,44.24206310697693,35.969306477985214,40.13474667424387,-6.894425285931937,-1.6692863987307982
2013-01-23,42.33388241844592,38.05202657611455,-4.2818558423313675,0.97356157578113,1.0626122949639434,1.33294359367376,40.425701729914906,44.24206310697693,35.96930647798522,40.13474667424388,-6.894425285931937,-1.6692863987307982
2013-01-24,42.33388241844591,38.05202657611454,-4.281855842331367,0.9735615757811299,1.0626122949639434,1.33294359367376,40.4257017299149,44.24206310697692,35.969306477985214,40.13474667424387,-6.894425285931936,-1.6692863987307973
2013-01-25,42.33388241844591,38.05202657611454,-4.281855842331367,0.9735615757811299,1.0626122949639434,1.33294359367376,40.4257017299149,44.24206310697692,35.969306477985214,40.13474667424387,-6.894425285931936,-1.6692863987307973
2013-01-26,42.33388241844592,38.05202657611455,-4.2818558423313675,0.97356157578113,1.0626122949639434,1.33294359367376,40.425701729914906,44.24206310697693,35.96930647798522,40.13474667424388,-6.894425285931937,-1.6692863987307982
2013-01-27,42.80475299639658,37.721558921056754,-5.083194075339831,1.0211118888740727,0.9320876510949444,1.4921663215583127,40.8033736942034,44.80613229858976,35.89466712491066,39.54845071720285,-8.007840065594124,-2.1585480850855383
2013-01-28,42.80475299639659,37.721558921056754,-5.083194075339832,1.0211118888740727,0.9320876510949445,1.4921663215583127,40.8033736942034,44.80613229858977,35.89466712491066,39.54845071720285,-8.007840065594124,-2.158548085085539
2013-01-29,42.80475299639659,37.721558921056754,-5.083194075339831,1.0211118888740727,0.9320876510949444,1.4921663215583127,40.8033736942034,44.80613229858977,35.89466712491066,39.54845071720285,-8.007840065594124,-2.1585480850855383
2013-01-30,42.80475299639659,37.721558921056754,-5.083194075339832,1.0211118888740727,0.9320876510949445,1.4921663215583127,40.8033736942034,44.80613229858977,35.89466712491066,39.54845071720285,-8.007840065594124,-2.158548085085539
2013-01-31,42.80475299639658,37.72155892105675,-5.083194075339831,1.0211118888740727,0.9320876510949444,1.4921663215583127,40.8033736942034,44.80613229858976,35.894667124910654,39.54845071720284,-8.007840065594124,-2.1585480850855383
2013-02-01,42.80475299639658,37.721558921056754,-5.083194075339831,1.0211118888740727,0.9320876510949444,1.4921663215583127,40.8033736942034,44.80613229858976,35.89466712491066,39.54845071720285,-8.007840065594124,-2.1585480850855383
2013-02-02,42.80475299639659,37.721558921056754,-5.083194075339831,1.0211118888740727,0.9320876510949445,1.4921663215583127,40.8033736942034,44.80613229858977,35.89466712491066,39.54845071720285,-8.007840065594124,-2.1585480850855383
2013-02-03,42.14116145544145,39.358501783076974,-2.7826596723644768,1.0921440017420827,2.2379693395351716,3.1714285588436093,40.000559212026964,44.28176369885593,34.97208187758804,43.74492168856591,-8.998659647697952,3.4333403029689977
2013-02-04,42.141161455441456,39.35850178307698,-2.7826596723644776,1.092144001742083,2.2379693395351716,3.1714285588436097,40.00055921202697,44.28176369885594,34.972081877588046,43.74492168856592,-8.998659647697952,3.4333403029689977
2013-02-05,42.141161455441456,39.358501783076974,-2.7826596723644776,1.092144001742083,2.2379693395351716,3.1714285588436097,40.00055921202697,44.28176369885594,34.97208187758804,43.74492168856591,-8.998659647697952,3.4333403029689977
2013-02-06,42.141161455441456,39.358501783076974,-2.782659672364477,1.092144001742083,2.2379693395351716,3.17142855884361,40.00055921202697,44.28176369885594,34.97208187758804,43.74492168856591,-8.998659647697954,3.433340302968999
2013-02-07,42.141161455441456,39.358501783076974,-2.782659672364477,1.092144001742083,2.2379693395351716,3.17142855884361,40.00055921202697,44.28176369885594,34.97208187758804,43.74492168856591,-8.998659647697954,3.433340302968999
2013-02-08,42.14116145544145,39.358501783076974,-2.7826596723644768,1.0921440017420827,2.2379693395351716,3.1714285588436097,40.000559212026964,44.28176369885593,34.97208187758804,43.74492168856591,-8.998659647697952,3.4333403029689986
2013-02-09,42.14116145544145,39.358501783076974,-2.782659672364477,1.0921440017420827,2.2379693395351716,3.1714285588436097,40.000559212026964,44.28176369885593,34.97208187758804,43.74492168856591,-8.998659647697952,3.433340302968998
2013-02-10,41.57511673532889,39.36145225182084,-2.213664483508048,1.117441663121982,1.8273509675337292,2.6348137772763325,39.384931075609806,43.765302395047975,35.779844355454735,42.94306014818695,-7.377899486969659,2.9505705199535632
2013-02-11,41.57511673532889,39.36145225182084,-2.213664483508048,1.117441663121982,1.8273509675337292,2.6348137772763325,39.384931075609806,43.765302395047975,35.779844355454735,42.94306014818695,-7.377899486969659,2.9505705199535632
2013-02-12,41.57511673532889,39.361452251820836,-2.213664483508048,1.117441663121982,1.8273509675337292,2.6348137772763325,39.384931075609806,43.765302395047975,35.77984435545473,42.943060148186945,-7.377899486969659,2.9505705199535632
2013-02-13,41.57511673532889,39.36145225182084,-2.213664483508048,1.117441663121982,1.8273509675337292,2.6348137772763325,39.384931075609806,43.765302395047975,35.779844355454735,42.94306014818695,-7.377899486969659,2.9505705199535632
2013-02-14,41.57511673532889,39.361452251820836,-2.2136644835080475,1.1174416631219817,1.8273509675337292,2.634813777276332,39.384931075609806,43.765302395047975,35.77984435545473,42.943060148186945,-7.377899486969659,2.9505705199535637
2013-02-15,41.57511673532889,39.36145225182084,-2.213664483508048,1.117441663121982,1.8273509675337292,2.6348137772763325,39.384931075609806,43.765302395047975,35.779844355454735,42.94306014818695,-7.377899486969659,2.9505705199535632
2013-02-16,41.57511673532888,39.361452251820836,-2.2136644835080475,1.1174416631219817,1.8273509675337292,2.6348137772763325,39.3849310756098,43.76530239504797,35.77984435545473,42.943060148186945,-7.377899486969659,2.9505705199535637
2013-02-17,41.61014665170368,38.52693077177075,-3.083215879932929,0.8637797611920327,1.8205007788329668,2.367983064482574,39.9171383197673,43.30315498364006,34.95874924525813,42.09511229828337,-7.724462686318773,1.5580309264529162
2013-02-18,41.61014665170368,38.52693077177075,-3.083215879932929,0.8637797611920327,1.820500778832967,2.367983064482574,39.9171383197673,43.30315498364006,34.95874924525813,42.09511229828337,-7.724462686318773,1.5580309264529162
2013-02-19,41.61014665170368,38.52693077177075,-3.083215879932929,0.8637797611920327,1.820500778832967,2.367983064482574,39.9171383197673,43.30315498364006,34.95874924525813,42.09511229828337,-7.724462686318773,1.5580309264529162
2013-02-20,41.61014665170368,38.52693077177075,-3.083215879932929,0.8637797611920326,1.820500778832967,2.367983064482574,39.9171383197673,43.30315498364006,34.95874924525813,42.09511229828337,-7.724462686318773,1.5580309264529162
2013-02-21,41.61014665170369,38.52693077177076,-3.0832158799329292,0.8637797611920327,1.820500778832967,2.367983064482574,39.917138319767304,43.30315498364007,34.95874924525814,42.095112298283375,-7.724462686318774,1.5580309264529157
2013-02-22,41.61014665170368,38.52693077177076,-3.083215879932929,0.8637797611920326,1.8205007788329672,2.367983064482574,39.9171383197673,43.30315498364006,34.95874924525814,42.095112298283375,-7.724462686318773,1.5580309264529162
2013-02-23,41.61014665170368,38.52693077177075,-3.083215879932929,0.8637797611920327,1.820500778832967,2.367983064482574,39.9171383197673,43.30315498364006,34.95874924525813,42.09511229828337,-7.724462686318773,1.5580309264529162
2013-02-24,41.629638720807364,38.42508613845649,-3.2045525823508694,0.6606259543679154,1.429226351422397,1.8491226466341275,40.33481185024625,42.92446559136848,35.62380248966859,41.226369787244394,-6.828832969753759,0.41972780505202056
2013-02-25,41.629638720807364,38.42508613845649,-3.2045525823508694,0.6606259543679154,1.429226351422397,1.8491226466341275,40.33481185024625,42.92446559136848,35.62380248966859,41.226369787244394,-6.828832969753759,0.41972780505202056
2013-02-26,41.629638720807364,38.42508613845649,-3.2045525823508694,0.6606259543679154,1.429226351422397,1.8491226466341275,40.33481185024625,42.92446559136848,35.62380248966859,41.226369787244394,-6.828832969753759,0.41972780505202056
2013-02-27,41.629638720807364,38.42508613845649,-3.204552582350869,0.6606259543679153,1.429226351422397,1.8491226466341275,40.33481185024625,42.92446559136848,35.62380248966859,41.226369787244394,-6.828832969753758,0.419727805052021
2013-02-28,41.629638720807364,38.42508613845649,-3.204552582350869,0.6606259543679153,1.4292263514223968,1.8491226466341275,40.33481185024625,42.92446559136848,35.62380248966859,41.226369787244394,-6.828832969753758,0.419727805052021
2013-03-01,41.629638720807364,38.42508613845649,-3.204552582350869,0.6606259543679153,1.429226351422397,1.8491226466341275,40.33481185024625,42.92446559136848,35.62380248966859,41.226369787244394,-6.828832969753758,0.419727805052021
2013-03-02,41.629638720807364,38.42508613845649,-3.2045525823508694,0.6606259543679154,1.429226351422397,1.8491226466341275,40.33481185024625,42.92446559136848,35.62380248966859,41.226369787244394,-6.828832969753759,0.41972780505202056
2013-03-03,41.64135129795272,39.24293316990745,-2.3984181280452677,0.5014928516632855,1.3975766164343129,1.6527343941416646,40.65842530869268,42.624277287212756,36.5036830016962,41.9821833381187,-5.63777754056293,0.8409412844723949
2013-03-04,41.64135129795272,39.24293316990745,-2.3984181280452677,0.5014928516632855,1.3975766164343129,1.6527343941416646,40.65842530869268,42.624277287212756,36.5036830016962,41.9821833381187,-5.63777754056293,0.8409412844723949
2013-03-05,41.64135129795272,39.24293316990745,-2.3984181280452677,0.5014928516632855,1.3975766164343129,1.6527343941416646,40.65842530869268,42.624277287212756,36.5036830016962,41.9821833381187,-5.63777754056293,0.8409412844723949
2013-03-06,41.64135129795272,39.242933169907445,-2.3984181280452677,0.5014928516632855,1.3975766164343129,1.6527343941416643,40.65842530869268,42.624277287212756,36.50368300169619,41.9821833381187,-5.637777540562929,0.8409412844723945
2013-03-07,41.64135129795272,39.24293316990745,-2.3984181280452677,0.5014928516632855,1.3975766164343129,1.6527343941416646,40.65842530869268,42.624277287212756,36.5036830016962,41.9821833381187,-5.63777754056293,0.8409412844723949
2013-03-08,41.64135129795272,39.24293316990745,-2.3984181280452677,0.5014928516632855,1.3975766164343129,1.6527343941416643,40.65842530869268,42.624277287212756,36.5036830016962,41.9821833381187,-5.637777540562929,0.8409412844723945
2013-03-09,41.64135129795272,39.24293316990745,-2.3984181280452677,0.5014928516632855,1.3975766164343129,1.6527343941416646,40.65842530869268,42.624277287212756,36.5036830016962,41.9821833381187,-5.63777754056293,0.8409412844723949
2013-03-10,41.6485486422856,39.67840031455473,-1.9701483277308673,0.3790008933519973,1.1487262022688263,1.327051510754116,40.90570689131568,42.39139039325551,37.42689695810783,41.929903671001625,-4.571169288808935,0.6308726333472001
2013-03-11,41.6485486422856,39.67840031455473,-1.9701483277308676,0.3790008933519974,1.1487262022688265,1.3270515107541163,40.90570689131568,42.39139039325551,37.42689695810783,41.929903671001625,-4.571169288808935,0.6308726333472003
2013-03-12,41.41709830964307,38.87320963700155,-2.5438886726415166,0.4573925395825501,1.498865968967468,1.3703137740459597,40.52060893206127,42.313587687224874,35.93543233782531,41.81098693617779,-5.229703669771597,0.14192632448856424
2013-03-13,41.417098309643066,38.87320963700155,-2.5438886726415166,0.4573925395825501,1.498865968967468,1.3703137740459597,40.520608932061265,42.31358768722487,35.93543233782531,41.81098693617779,-5.229703669771597,0.14192632448856424
2013-03-14,41.417098309643066,38.87320963700155,-2.5438886726415166,0.45739253958255016,1.498865968967468,1.3703137740459597,40.520608932061265,42.31358768722487,35.93543233782531,41.81098693617779,-5.229703669771597,0.14192632448856424
2013-03-15,41.417098309643066,38.87320963700155,-2.5438886726415166,0.45739253958255005,1.4988659689674677,1.3703137740459597,40.520608932061265,42.31358768722487,35.93543233782531,41.81098693617779,-5.229703669771597,0.14192632448856424
2013-03-16,41.41709830964307,38.87320963700155,-2.543888672641517,0.45739253958255016,1.498865968967468,1.3703137740459597,40.52060893206127,42.313587687224874,35.93543233782531,41.81098693617779,-5.229703669771598,0.1419263244885638
2013-03-17,41.493764294465365,38.57933701300441,-2.914427281460951,0.39100420495206917,1.2406806873939722,1.1795595156376664,40.72739605275931,42.26013253617142,36.14760286571223,41.011071160296595,-5.226363932110777,-0.6024906308111246
2013-03-18,41.493764294465365,38.57933701300441,-2.914427281460951,0.39100420495206917,1.2406806873939722,1.1795595156376666,40.72739605275931,42.26013253617142,36.14760286571223,41.011071160296595,-5.226363932110777,-0.6024906308111242
2013-03-19,41.493764294465365,38.57933701300441,-2.9144272814609504,0.3910042049520691,1.2406806873939722,1.1795595156376666,40.72739605275931,42.26013253617142,36.14760286571223,41.011071160296595,-5.226363932110777,-0.6024906308111238
2013-03-20,41.493764294465365,38.57933701300442,-2.914427281460951,0.39100420495206917,1.2406806873939722,1.1795595156376666,40.72739605275931,42.26013253617142,36.14760286571224,41.0110711602966,-5.226363932110777,-0.6024906308111242
2013-03-21,41.49376429446537,38.57933701300442,-2.9144272814609513,0.39100420495206917,1.2406806873939722,1.1795595156376666,40.72739605275932,42.260132536171426,36.14760286571224,41.0110711602966,-5.226363932110778,-0.6024906308111246
2013-03-22,41.493764294465365,38.57933701300441,-2.914427281460951,0.3910042049520691,1.2406806873939722,1.1795595156376666,40.72739605275931,42.26013253617142,36.14760286571223,41.011071160296595,-5.226363932110777,-0.6024906308111242
2013-03-23,41.493764294465365,38.57933701300441,-2.914427281460951,0.3910042049520691,1.2406806873939722,1.1795595156376664,40.72739605275931,42.26013253617142,36.14760286571223,41.011071160296595,-5.226363932110777,-0.6024906308111246
2013-03-24,41.55200634659835,38.408029151233215,-3.1439771953651285,0.3223173203988285,0.9873485264197497,0.9585345975426124,40.920264398616645,42.18374829458005,36.4728260394505,40.34323226301593,-5.022705006548649,-1.2652493841816084
2013-03-25,41.55200634659835,38.408029151233215,-3.1439771953651285,0.3223173203988285,0.9873485264197497,0.9585345975426124,40.920264398616645,42.18374829458005,36.4728260394505,40.34323226301593,-5.022705006548649,-1.2652493841816084
2013-03-26,41.55200634659835,38.408029151233215,-3.143977195365129,0.3223173203988285,0.9873485264197497,0.9585345975426124,40.920264398616645,42.18374829458005,36.4728260394505,40.34323226301593,-5.022705006548649,-1.2652493841816088
2013-03-27,41.55200634659835,38.408029151233215,-3.1439771953651285,0.3223173203988285,0.9873485264197497,0.9585345975426124,40.920264398616645,42.18374829458005,36.4728260394505,40.34323226301593,-5.022705006548649,-1.2652493841816084
2013-03-28,41.55200634659835,38.40802915123322,-3.143977195365129,0.3223173203988285,0.9873485264197497,0.9585345975426125,40.920264398616645,42.18374829458005,36.47282603945051,40.343232263015935,-5.02270500654865,-1.2652493841816086
2013-03-29,41.55200634659835,38.408029151233215,-3.143977195365129,0.3223173203988285,0.9873485264197497,0.9585345975426124,40.920264398616645,42.18374829458005,36.4728260394505,40.34323226301593,-5.022705006548649,-1.2652493841816088
2013-03-30,41.692119262615314,38.907103822277335,-2.785015440337982,0.28292562204086874,0.9125328383323867,0.8011148964473402,41.137585043415214,42.246653481815414,37.11853945914586,40.69566818540881,-4.355200637374769,-1.2148302433011953
2013-03-31,41.97225278551286,38.42968480244708,-3.542567983065776,0.5009367233050287,1.1031571379797016,1.3977955882102506,40.990416807835004,42.95408876319071,36.26749681200686,40.591872792887294,-6.282247335957868,-0.8028886301736846
2013-04-01,41.80987757917937,37.09488934817527,-4.714988231004098,0.4403056783169248,1.8750139044549372,1.8249487073461783,40.9468784496782,42.67287670868054,33.4198620954436,40.769916600906946,-8.291887697402608,-1.138088764605588
2013-04-02,41.80987757917937,37.09488934817527,-4.714988231004098,0.44030567831692485,1.8750139044549372,1.8249487073461783,40.946878449678195,42.67287670868055,33.4198620954436,40.769916600906946,-8.291887697402608,-1.138088764605588
2013-04-03,41.80987757917937,37.09488934817528,-4.714988231004098,0.44030567831692485,1.8750139044549372,1.8249487073461783,40.946878449678195,42.67287670868055,33.419862095443605,40.76991660090695,-8.291887697402608,-1.138088764605588
2013-04-04,41.80987757917937,37.09488934817527,-4.714988231004098,0.44030567831692485,1.8750139044549372,1.8249487073461783,40.946878449678195,42.67287670868055,33.4198620954436,40.769916600906946,-8.291887697402608,-1.138088764605588
2013-04-05,41.80987757917937,37.09488934817527,-4.714988231004098,0.4403056783169248,1.8750139044549372,1.8249487073461783,40.9468784496782,42.67287670868054,33.4198620954436,40.769916600906946,-8.291887697402608,-1.138088764605588
2013-04-06,41.809877579179364,37.09488934817527,-4.714988231004098,0.4403056783169248,1.8750139044549372,1.8249487073461783,40.946878449678195,42.67287670868053,33.4198620954436,40.769916600906946,-8.291887697402608,-1.138088764605588
2013-04-07,41.28345785999042,37.335812112091915,-3.9476457478985054,0.9822067172802461,1.7277947070396766,2.125553405588875,39.35833269412114,43.2085830258597,33.94933448629415,40.72228973788968,-8.1137304228527,0.21843892705568901
2013-04-08,41.28345785999041,37.33581211209191,-3.947645747898505,0.9822067172802461,1.7277947070396766,2.125553405588875,39.35833269412113,43.208583025859696,33.94933448629414,40.722289737889675,-8.113730422852699,0.21843892705568946
2013-04-09,41.28345785999041,37.33581211209191,-3.947645747898505,0.9822067172802461,1.7277947070396764,2.125553405588875,39.35833269412113,43.208583025859696,33.94933448629414,40.722289737889675,-8.113730422852699,0.21843892705568946
2013-04-10,41.28345785999042,37.33581211209191,-3.9476457478985054,0.9822067172802461,1.7277947070396766,2.125553405588875,39.35833269412114,43.2085830258597,33.94933448629414,40.722289737889675,-8.1137304228527,0.21843892705568901
2013-04-11,41.28345785999041,37.33581211209191,-3.947645747898505,0.9822067172802461,1.7277947070396764,2.125553405588875,39.35833269412113,43.208583025859696,33.94933448629414,40.722289737889675,-8.113730422852699,0.21843892705568946
2013-04-12,41.28345785999041,37.33581211209191,-3.947645747898505,0.9822067172802461,1.7277947070396764,2.125553405588875,39.35833269412113,43.208583025859696,33.94933448629414,40.722289737889675,-8.113730422852699,0.21843892705568946
2013-04-13,41.28345785999041,37.33581211209191,-3.947645747898505,0.9822067172802461,1.7277947070396764,2.125553405588875,39.35833269412113,43.208583025859696,33.94933448629414,40.722289737889675,-8.113730422852699,0.21843892705568946
2013-04-14,41.11791817054317,37.56626669362366,-3.5516514769195076,0.8494528022429506,1.5303347716098656,1.914804861189377,39.45299067814699,42.78284566293935,34.566810541268325,40.565722845978996,-7.304669004850687,0.2013660510116715
2013-04-15,41.11791817054317,37.56626669362367,-3.5516514769195076,0.8494528022429506,1.5303347716098656,1.914804861189377,39.45299067814699,42.78284566293935,34.56681054126833,40.565722845979,-7.304669004850687,0.2013660510116715
2013-04-16,41.11791817054317,37.56626669362366,-3.5516514769195076,0.8494528022429506,1.5303347716098656,1.914804861189377,39.45299067814699,42.78284566293935,34.566810541268325,40.565722845978996,-7.304669004850687,0.2013660510116715
2013-04-17,41.11791817054317,37.56626669362367,-3.5516514769195076,0.8494528022429506,1.5303347716098659,1.9148048611893773,39.45299067814699,42.78284566293935,34.56681054126833,40.565722845979,-7.3046690048506875,0.20136605101167193
2013-04-18,41.11791817054317,37.56626669362367,-3.5516514769195076,0.8494528022429506,1.5303347716098659,1.9148048611893773,39.45299067814699,42.78284566293935,34.56681054126833,40.565722845979,-7.3046690048506875,0.20136605101167193
2013-04-19,41.11791817054318,37.56626669362367,-3.5516514769195076,0.8494528022429506,1.5303347716098656,1.914804861189377,39.452990678146996,42.78284566293936,34.56681054126833,40.565722845979,-7.304669004850687,0.2013660510116715
2013-04-20,41.11791817054317,37.56626669362366,-3.5516514769195076,0.8494528022429506,1.5303347716098656,1.914804861189377,39.45299067814699,42.78284566293935,34.566810541268325,40.565722845978996,-7.304669004850687,0.2013660510116715
2013-04-21,40.61710789089342,38.11971457299051,-2.4973933179029157,0.9818975975944634,1.4945999475461842,2.171361187443001,38.69258859960827,42.54162718217857,35.19029867579999,41.049130470181034,-6.753261245291197,1.7584746094853663
2013-04-22,40.61710789089342,38.1197145729905,-2.4973933179029157,0.9818975975944634,1.4945999475461842,2.171361187443001,38.69258859960827,42.54162718217857,35.19029867579998,41.04913047018103,-6.753261245291197,1.7584746094853663
2013-04-23,40.61710789089342,38.11971457299051,-2.4973933179029157,0.9818975975944634,1.4945999475461842,2.171361187443001,38.69258859960827,42.54162718217857,35.19029867579999,41.049130470181034,-6.753261245291197,1.7584746094853663
2013-04-24,40.617107890893415,38.1197145729905,-2.4973933179029153,0.9818975975944633,1.494599947546184,2.1713611874430008,38.692588599608264,42.541627182178566,35.19029867579998,41.04913047018103,-6.753261245291196,1.7584746094853658
2013-04-25,40.61710789089342,38.1197145729905,-2.4973933179029153,0.9818975975944634,1.494599947546184,2.171361187443001,38.69258859960827,42.54162718217857,35.19029867579998,41.04913047018103,-6.753261245291197,1.7584746094853667
2013-04-26,40.61710789089342,38.11971457299051,-2.4973933179029153,0.9818975975944634,1.494599947546184,2.171361187443001,38.69258859960827,42.54162718217857,35.19029867579999,41.049130470181034,-6.753261245291197,1.7584746094853667
2013-04-27,40.61710789089342,38.1197145729905,-2.4973933179029153,0.9818975975944633,1.494599947546184,2.1713611874430008,38.69258859960827,42.54162718217857,35.19029867579998,41.04913047018103,-6.753261245291196,1.7584746094853658
2013-04-28,39.46293368601576,38.91425930326859,-0.5486743827471743,1.6571015453852942,1.5833421911884606,3.0392465709142797,36.215014657060586,42.71085271497093,35.8109086085392,42.01760999799797,-6.505597661739163,5.408248896244814
2013-04-29,39.47073244239978,38.10756578302093,-1.3631666593788505,1.2081558069767115,1.4646079962472978,2.3873749459108162,37.10274706072543,41.83871782407413,35.236934110376225,40.97819745566564,-6.042421553364051,3.316088234606349
2013-04-30,39.470732442399786,38.10756578302093,-1.3631666593788505,1.2081558069767115,1.4646079962472978,2.3873749459108167,37.102747060725434,41.83871782407414,35.236934110376225,40.97819745566564,-6.0424215533640515,3.31608823460635
2013-05-01,39.470732442399786,38.10756578302093,-1.3631666593788505,1.2081558069767115,1.4646079962472978,2.3873749459108162,37.102747060725434,41.83871782407414,35.236934110376225,40.97819745566564,-6.042421553364051,3.316088234606349
2013-05-02,39.470732442399786,38.10756578302093,-1.3631666593788505,1.2081558069767115,1.4646079962472978,2.3873749459108162,37.102747060725434,41.83871782407414,35.236934110376225,40.97819745566564,-6.042421553364051,3.316088234606349
2013-05-03,39.470732442399786,38.10756578302094,-1.3631666593788507,1.2081558069767115,1.4646079962472978,2.3873749459108162,37.102747060725434,41.83871782407414,35.23693411037623,40.978197455665644,-6.042421553364051,3.316088234606349
2013-05-04,39.47073244239978,38.10756578302093,-1.3631666593788505,1.2081558069767115,1.4646079962472978,2.3873749459108162,37.10274706072543,41.83871782407413,35.236934110376225,40.97819745566564,-6.042421553364051,3.316088234606349
2013-05-05,39.26805794468243,38.07539203612289,-1.192665908559539,1.0739972708458072,1.2267728258460953,2.029405736880191,37.16302329382465,41.373092595540214,35.67091729746455,40.479866774781236,-5.170301152844713,2.7849693357256355
2013-05-06,39.26805794468243,38.07539203612289,-1.192665908559539,1.0739972708458072,1.226772825846095,2.029405736880191,37.16302329382465,41.373092595540214,35.67091729746455,40.479866774781236,-5.170301152844713,2.7849693357256355
2013-05-07,39.268057944682425,38.07539203612289,-1.1926659085595388,1.0739972708458072,1.2267728258460953,2.029405736880191,37.163023293824644,41.37309259554021,35.67091729746455,40.479866774781236,-5.170301152844713,2.784969335725636
2013-05-08,39.268057944682425,38.07539203612289,-1.1926659085595388,1.0739972708458072,1.2267728258460953,2.029405736880191,37.163023293824644,41.37309259554021,35.67091729746455,40.479866774781236,-5.170301152844713,2.784969335725636
2013-05-09,39.76168141729181,38.84855247674085,-0.9131289405509618,1.1507375353002836,1.5312026737819469,1.7275193942959657,37.50623584810326,42.01712698648036,35.847395236128236,41.84970971735346,-4.299066953371055,2.472809072269131
2013-05-10,39.76168141729181,38.84855247674085,-0.9131289405509617,1.1507375353002833,1.5312026737819466,1.7275193942959657,37.50623584810326,42.01712698648036,35.847395236128236,41.84970971735346,-4.299066953371055,2.472809072269131
2013-05-11,39.527796142398465,38.69049034627852,-0.8373057961199423,1.1054408073339692,1.3803038705374935,1.5105702043598301,37.361132160023885,41.694460124773045,35.985094760025035,41.39588593253201,-3.7980233966652093,2.123411804425325
2013-05-12,39.527796142398465,38.69049034627852,-0.837305796119942,1.1054408073339692,1.3803038705374935,1.51057020435983,37.361132160023885,41.694460124773045,35.985094760025035,41.39588593253201,-3.798023396665209,2.1234118044253245
2013-05-13,39.527796142398465,38.69049034627852,-0.8373057961199422,1.1054408073339692,1.3803038705374935,1.5105702043598301,37.361132160023885,41.694460124773045,35.985094760025035,41.39588593253201,-3.7980233966652093,2.123411804425325
2013-05-14,39.527796142398465,38.69049034627852,-0.8373057961199423,1.1054408073339692,1.3803038705374935,1.5105702043598301,37.361132160023885,41.694460124773045,35.985094760025035,41.39588593253201,-3.7980233966652093,2.123411804425325
2013-05-15,39.527796142398465,38.69049034627852,-0.8373057961199423,1.1054408073339692,1.3803038705374935,1.5105702043598301,37.361132160023885,41.694460124773045,35.985094760025035,41.39588593253201,-3.7980233966652093,2.123411804425325
2013-05-16,39.527796142398465,38.69049034627852,-0.8373057961199423,1.1054408073339692,1.3803038705374935,1.5105702043598301,37.361132160023885,41.694460124773045,35.985094760025035,41.39588593253201,-3.7980233966652093,2.123411804425325
2013-05-17,39.527796142398465,38.69049034627852,-0.8373057961199422,1.1054408073339692,1.3803038705374933,1.5105702043598301,37.361132160023885,41.694460124773045,35.985094760025035,41.39588593253201,-3.7980233966652093,2.123411804425325
2013-05-18,39.52779614239847,38.69049034627852,-0.8373057961199423,1.1054408073339692,1.3803038705374935,1.5105702043598301,37.36113216002389,41.69446012477305,35.985094760025035,41.39588593253201,-3.7980233966652093,2.123411804425325
2013-05-19,40.956422183262916,37.62100058995574,-3.335421593307175,2.1336701611997957,1.7874758426951871,3.7358685469996082,36.77442866731132,45.13841569921451,34.11754793827318,41.12445324163831,-10.657723945426408,3.986880758812057
2013-05-20,40.956422183262916,37.62100058995574,-3.335421593307175,2.1336701611997957,1.7874758426951871,3.7358685469996082,36.77442866731132,45.13841569921451,34.11754793827318,41.12445324163831,-10.657723945426408,3.986880758812057
2013-05-21,40.95642218326291,37.62100058995574,-3.3354215933071742,2.1336701611997957,1.787475842695187,3.7358685469996082,36.77442866731131,45.138415699214505,34.11754793827318,41.12445324163831,-10.657723945426406,3.986880758812058
2013-05-22,40.95642218326291,37.62100058995574,-3.3354215933071742,2.1336701611997957,1.787475842695187,3.7358685469996082,36.77442866731131,45.138415699214505,34.11754793827318,41.12445324163831,-10.657723945426406,3.986880758812058
2013-05-23,40.956422183262916,37.62100058995574,-3.335421593307175,2.1336701611997957,1.7874758426951871,3.7358685469996082,36.77442866731132,45.13841569921451,34.11754793827318,41.12445324163831,-10.657723945426408,3.986880758812057
2013-05-24,40.956422183262916,37.62100058995574,-3.335421593307175,2.1336701611997957,1.7874758426951871,3.7358685469996082,36.77442866731132,45.13841569921451,34.11754793827318,41.12445324163831,-10.657723945426408,3.986880758812057
2013-05-25,40.95642218326291,37.621000589955734,-3.3354215933071742,2.1336701611997957,1.787475842695187,3.735868546999608,36.77442866731131,45.138415699214505,34.11754793827317,41.1244532416383,-10.657723945426405,3.986880758812057
2013-05-26,40.7045272703545,37.97078059176049,-2.7337466785940063,1.9084607464303716,1.6896190132160087,3.4398009877246998,36.96394420735097,44.44511033335802,34.65912732585711,41.28243385766386,-9.475756614534419,4.008263257346405
2013-05-27,40.70452727035449,37.97078059176049,-2.733746678594006,1.9084607464303713,1.6896190132160085,3.4398009877246993,36.96394420735096,44.445110333358016,34.65912732585711,41.28243385766386,-9.475756614534417,4.008263257346405
2013-05-28,39.401265421889605,37.99660949718245,-1.4046559247071575,2.5033228557198695,1.4023225283226495,3.465052050364781,34.49475262467866,44.30777821910055,35.248057341670055,40.74516165269484,-8.196157943422127,5.386846094007813
2013-05-29,39.4012654218896,37.99660949718244,-1.404655924707157,2.503322855719869,1.4023225283226493,3.4650520503647804,34.494752624678654,44.30777821910054,35.24805734167005,40.74516165269483,-8.196157943422126,5.3868460940078124
2013-05-30,39.4012654218896,37.99660949718244,-1.404655924707157,2.5033228557198695,1.4023225283226493,3.4650520503647804,34.494752624678654,44.30777821910054,35.24805734167005,40.74516165269483,-8.196157943422126,5.3868460940078124
2013-05-31,39.4012654218896,37.99660949718244,-1.404655924707157,2.503322855719869,1.4023225283226493,3.4650520503647804,34.494752624678654,44.30777821910054,35.24805734167005,40.74516165269483,-8.196157943422126,5.3868460940078124
2013-06-01,39.4012654218896,37.99660949718244,-1.404655924707157,2.5033228557198695,1.4023225283226493,3.4650520503647804,34.494752624678654,44.30777821910054,35.24805734167005,40.74516165269483,-8.196157943422126,5.3868460940078124
2013-06-02,39.256083308908416,38.40022725758903,-0.8558560513193847,2.298392571841275,1.5474625592507818,3.366635249503209,34.75123386809952,43.76093274971731,35.3672006414575,41.43325387372056,-7.454461140345674,5.742749037706905
2013-06-03,39.25608330890842,38.40022725758904,-0.855856051319385,2.2983925718412754,1.5474625592507818,3.3666352495032092,34.751233868099526,43.76093274971732,35.36720064145751,41.43325387372057,-7.454461140345676,5.742749037706905
2013-06-04,39.25608330890842,38.40022725758904,-0.8558560513193851,2.298392571841275,1.547462559250782,3.3666352495032092,34.751233868099526,43.76093274971732,35.3672006414575,41.433253873720574,-7.454461140345676,5.742749037706905
2013-06-05,39.25608330890842,38.400227257589044,-0.855856051319385,2.2983925718412754,1.547462559250782,3.3666352495032092,34.751233868099526,43.76093274971732,35.367200641457515,41.433253873720574,-7.454461140345676,5.742749037706905
2013-06-06,39.25608330890842,38.40022725758904,-0.8558560513193848,2.298392571841275,1.547462559250782,3.3666352495032092,34.751233868099526,43.76093274971732,35.3672006414575,41.433253873720574,-7.454461140345675,5.742749037706906
2013-06-07,39.25608330890842,38.40022725758904,-0.8558560513193851,2.298392571841275,1.5474625592507818,3.3666352495032092,34.751233868099526,43.76093274971732,35.36720064145751,41.43325387372057,-7.454461140345676,5.742749037706905
2013-06-08,39.25608330890842,38.40022725758904,-0.8558560513193851,2.298392571841275,1.5474625592507818,3.3666352495032092,34.751233868099526,43.76093274971732,35.36720064145751,41.43325387372057,-7.454461140345676,5.742749037706905
2013-06-09,39.10945736358798,38.289192011735715,-0.8202653518522631,2.028939107101725,1.3235954493043924,2.930283485083933,35.1327367136686,43.08617801350736,35.69494493109911,40.88343909237232,-6.563620982616772,4.923090278912246
2013-06-10,39.10945736358798,38.289192011735715,-0.8202653518522629,2.028939107101725,1.3235954493043922,2.930283485083933,35.1327367136686,43.08617801350736,35.69494493109911,40.88343909237232,-6.563620982616772,4.923090278912246
2013-06-11,39.10945736358798,38.289192011735715,-0.8202653518522627,2.028939107101725,1.3235954493043922,2.9302834850839328,35.1327367136686,43.08617801350736,35.69494493109911,40.88343909237232,-6.563620982616771,4.9230902789122455
2013-06-12,39.10945736358798,38.289192011735715,-0.8202653518522627,2.028939107101725,1.3235954493043922,2.9302834850839328,35.1327367136686,43.08617801350736,35.69494493109911,40.88343909237232,-6.563620982616771,4.9230902789122455
2013-06-13,40.12389195032767,38.06832089557063,-2.0555710547570385,2.4121446351965106,1.1656906195848573,3.2127464602646922,35.39608846534251,44.85169543531283,35.78356728118431,40.35307450995695,-8.352554116875835,4.241412007361758
2013-06-14,40.123891950327675,38.068320895570636,-2.0555710547570385,2.4121446351965106,1.1656906195848573,3.2127464602646922,35.396088465342515,44.851695435312834,35.78356728118432,40.353074509956954,-8.352554116875835,4.241412007361758
2013-06-15,40.123891950327675,38.068320895570636,-2.0555710547570385,2.4121446351965106,1.1656906195848573,3.2127464602646927,35.396088465342515,44.851695435312834,35.78356728118432,40.353074509956954,-8.352554116875837,4.241412007361759
2013-06-16,39.5261583162661,38.334688914569604,-1.1914694016964935,2.380161252619975,1.1229147906483348,3.227253683285006,34.86104226113095,44.19127437140125,36.13377592489887,40.53560190424034,-7.5168866209351055,5.1339478175421185
2013-06-17,39.52615831626609,38.3346889145696,-1.1914694016964937,2.380161252619975,1.1229147906483348,3.227253683285006,34.86104226113094,44.19127437140124,36.13377592489886,40.53560190424033,-7.5168866209351055,5.1339478175421185
2013-06-18,39.52615831626609,38.3346889145696,-1.1914694016964937,2.380161252619975,1.1229147906483348,3.227253683285006,34.86104226113094,44.19127437140124,36.13377592489886,40.53560190424033,-7.5168866209351055,5.1339478175421185
2013-06-19,39.52615831626609,38.3346889145696,-1.1914694016964935,2.380161252619975,1.1229147906483345,3.227253683285006,34.86104226113094,44.19127437140124,36.13377592489886,40.53560190424033,-7.5168866209351055,5.1339478175421185
2013-06-20,39.52615831626609,38.3346889145696,-1.1914694016964937,2.380161252619975,1.1229147906483348,3.227253683285006,34.86104226113094,44.19127437140124,36.13377592489886,40.53560190424033,-7.5168866209351055,5.1339478175421185
2013-06-21,39.5261583162661,38.334688914569604,-1.1914694016964935,2.3801612526199745,1.1229147906483348,3.227253683285006,34.86104226113095,44.19127437140125,36.13377592489887,40.53560190424034,-7.5168866209351055,5.1339478175421185
2013-06-22,39.5261583162661,38.334688914569604,-1.191469401696494,2.380161252619975,1.1229147906483348,3.227253683285006,34.86104226113095,44.19127437140125,36.13377592489887,40.53560190424034,-7.5168866209351055,5.1339478175421185
2013-06-23,39.30760410028402,38.58026100236912,-0.7273430979148975,2.0423934704546927,1.0230600804270622,2.8294043124565262,35.30451289819282,43.310695302375215,36.57506324473208,40.58545876000616,-6.272975550329689,4.8182893544998935
2013-06-24,39.307604100284024,38.58026100236913,-0.7273430979148977,2.0423934704546927,1.0230600804270624,2.8294043124565267,35.304512898192826,43.31069530237522,36.575063244732085,40.58545876000617,-6.27297555032969,4.818289354499894
2013-06-25,39.30760410028402,38.58026100236912,-0.7273430979148974,2.0423934704546927,1.0230600804270622,2.8294043124565267,35.30451289819282,43.310695302375215,36.57506324473208,40.58545876000616,-6.27297555032969,4.818289354499894
2013-06-26,39.30760410028402,38.58026100236912,-0.7273430979148979,2.0423934704546927,1.0230600804270624,2.8294043124565267,35.30451289819282,43.310695302375215,36.57506324473208,40.58545876000616,-6.27297555032969,4.818289354499894
2013-06-27,39.30760410028402,38.58026100236912,-0.7273430979148976,2.0423934704546927,1.0230600804270622,2.8294043124565267,35.30451289819282,43.310695302375215,36.57506324473208,40.58545876000616,-6.27297555032969,4.818289354499894
2013-06-28,39.30760410028402,38.58026100236912,-0.7273430979148977,2.0423934704546927,1.0230600804270624,2.8294043124565267,35.30451289819282,43.310695302375215,36.57506324473208,40.58545876000616,-6.27297555032969,4.818289354499894
2013-06-29,39.30760410028402,38.58026100236912,-0.7273430979148978,2.0423934704546927,1.0230600804270622,2.8294043124565267,35.30451289819282,43.310695302375215,36.57506324473208,40.58545876000616,-6.27297555032969,4.818289354499894
2013-06-30,38.35878625115728,38.781295879904306,0.4225096287470342,2.121022573396324,0.8850494523148132,2.8194055349120775,34.20158200730048,42.51599049501407,37.04659895336727,40.51599280644134,-5.1035252196806375,5.948544477174705
2013-07-01,38.35878625115727,38.781295879904306,0.422509628747034,2.1210225733963237,0.8850494523148132,2.8194055349120775,34.20158200730047,42.515990495014066,37.04659895336727,40.51599280644134,-5.1035252196806375,5.948544477174705
2013-07-02,38.35878625115727,38.781295879904306,0.42250962874703424,2.121022573396324,0.8850494523148132,2.819405534912078,34.20158200730047,42.515990495014066,37.04659895336727,40.51599280644134,-5.1035252196806375,5.948544477174707
2013-07-03,38.35878625115727,38.781295879904306,0.422509628747034,2.1210225733963237,0.8850494523148132,2.8194055349120775,34.20158200730047,42.515990495014066,37.04659895336727,40.51599280644134,-5.1035252196806375,5.948544477174705
2013-07-04,38.35878625115728,38.781295879904306,0.4225096287470342,2.121022573396324,0.8850494523148132,2.8194055349120775,34.20158200730048,42.51599049501407,37.04659895336727,40.51599280644134,-5.1035252196806375,5.948544477174705
2013-07-05,38.35878625115728,38.781295879904306,0.42250962874703435,2.1210225733963237,0.8850494523148132,2.8194055349120775,34.20158200730048,42.51599049501407,37.04659895336727,40.51599280644134,-5.103525219680637,5.948544477174706
2013-07-06,38.35878625115728,38.781295879904306,0.4225096287470343,2.1210225733963237,0.8850494523148132,2.8194055349120775,34.20158200730048,42.51599049501407,37.04659895336727,40.51599280644134,-5.103525219680637,5.948544477174706
2013-07-07,38.123533871244966,39.341926665147646,1.2183927939026804,1.7149251028860433,0.9993530866082342,2.482002728523077,34.76228066958832,41.48478707290161,37.38319461539551,41.30065871489978,-3.6463325540025506,6.083118141807911
2013-07-08,37.84704086331249,36.675395679396765,-1.1716451839157231,1.2457761521572008,2.7610492107847207,2.9593887178448575,35.40531960508438,40.28876212154061,31.263739226258714,42.087052132534815,-6.9720470708916435,4.628756703060197
2013-07-09,37.84704086331249,36.675395679396765,-1.1716451839157231,1.245776152157201,2.761049210784721,2.9593887178448575,35.40531960508438,40.28876212154061,31.26373922625871,42.087052132534815,-6.9720470708916435,4.628756703060197
2013-07-10,37.84704086331249,36.675395679396765,-1.1716451839157231,1.245776152157201,2.7610492107847207,2.9593887178448575,35.40531960508438,40.28876212154061,31.263739226258714,42.087052132534815,-6.9720470708916435,4.628756703060197
2013-07-11,37.84704086331249,36.675395679396765,-1.1716451839157231,1.245776152157201,2.761049210784721,2.959388717844858,35.40531960508438,40.28876212154061,31.26373922625871,42.087052132534815,-6.972047070891644,4.628756703060198
2013-07-12,37.847040863312486,36.675395679396765,-1.1716451839157231,1.2457761521572008,2.7610492107847207,2.9593887178448575,35.40531960508437,40.2887621215406,31.263739226258714,42.087052132534815,-6.9720470708916435,4.628756703060197
2013-07-13,37.84704086331249,36.675395679396765,-1.1716451839157234,1.245776152157201,2.7610492107847207,2.9593887178448575,35.40531960508438,40.28876212154061,31.263739226258714,42.087052132534815,-6.9720470708916435,4.628756703060197
2013-07-14,37.534342654561655,37.24656354246404,-0.28777911209761353,1.206590832963489,2.62039797848592,3.0350718756951363,35.16942462195322,39.89926068717009,32.110583504631634,42.38254358029644,-6.23651998846008,5.6609617642648535
2013-07-15,37.61714426240206,37.65001506721514,0.03287080481308636,1.0863380281558506,2.462269846841523,2.7735718199571715,35.48792172721659,39.74636679758753,32.82396616740576,42.47606396702453,-5.40332996230297,5.469071571929143
2013-07-16,37.61714426240206,37.65001506721514,0.03287080481308653,1.0863380281558506,2.4622698468415236,2.7735718199571715,35.48792172721659,39.74636679758753,32.82396616740576,42.47606396702453,-5.40332996230297,5.469071571929143
2013-07-17,37.61714426240205,37.650015067215136,0.032870804813086345,1.0863380281558506,2.4622698468415236,2.7735718199571715,35.48792172721658,39.74636679758752,32.82396616740575,42.47606396702452,-5.40332996230297,5.469071571929143
2013-07-18,37.61714426240206,37.65001506721514,0.032870804813086484,1.0863380281558506,2.462269846841523,2.7735718199571715,35.48792172721659,39.74636679758753,32.82396616740576,42.47606396702453,-5.40332996230297,5.469071571929143
2013-07-19,37.61714426240206,37.65001506721514,0.032870804813086414,1.0863380281558506,2.462269846841523,2.7735718199571715,35.48792172721659,39.74636679758753,32.82396616740576,42.47606396702453,-5.40332996230297,5.469071571929143
2013-07-20,37.61714426240206,37.65001506721514,0.03287080481308643,1.0863380281558506,2.462269846841523,2.7735718199571715,35.48792172721659,39.74636679758753,32.82396616740576,42.47606396702453,-5.40332996230297,5.469071571929143
2013-07-21,37.930127508385276,37.735016660460346,-0.1951108479249324,1.0365148420198118,2.1321643827110077,2.3732703232997308,35.89855841802645,39.961696598744105,33.55597447034677,41.91405885057392,-4.846720681592405,4.45649898574254
2013-07-22,37.930127508385276,37.735016660460346,-0.19511084792493238,1.0365148420198118,2.1321643827110077,2.3732703232997308,35.89855841802645,39.961696598744105,33.55597447034677,41.91405885057392,-4.846720681592405,4.45649898574254
2013-07-23,37.930127508385276,37.735016660460346,-0.19511084792493225,1.0365148420198118,2.1321643827110077,2.3732703232997308,35.89855841802645,39.961696598744105,33.55597447034677,41.91405885057392,-4.846720681592405,4.45649898574254
2013-07-24,37.930127508385276,37.735016660460346,-0.19511084792493227,1.0365148420198118,2.1321643827110077,2.3732703232997308,35.89855841802645,39.961696598744105,33.55597447034677,41.91405885057392,-4.846720681592405,4.45649898574254
2013-07-25,37.930127508385276,37.735016660460346,-0.19511084792493233,1.0365148420198118,2.1321643827110077,2.3732703232997308,35.89855841802645,39.961696598744105,33.55597447034677,41.91405885057392,-4.846720681592405,4.45649898574254
2013-07-26,37.930127508385276,37.73501666046034,-0.1951108479249322,1.0365148420198118,2.1321643827110073,2.3732703232997308,35.89855841802645,39.961696598744105,33.55597447034676,41.914058850573916,-4.846720681592405,4.45649898574254
2013-07-27,37.930127508385276,37.735016660460346,-0.19511084792493255,1.0365148420198118,2.1321643827110077,2.3732703232997308,35.89855841802645,39.961696598744105,33.55597447034677,41.91405885057392,-4.846720681592405,4.45649898574254
2013-07-28,37.83569905628074,37.84541131894615,0.009712262665403834,0.86023629264229,1.7916183330925866,1.997162617841956,36.14963592270185,39.52176218985963,34.333839386084676,41.35698325180762,-3.9047264683048297,3.924150993635638
2013-07-29,37.83569905628074,37.84541131894614,0.009712262665403777,0.86023629264229,1.7916183330925866,1.9971626178419557,36.14963592270185,39.52176218985963,34.33383938608467,41.35698325180761,-3.9047264683048297,3.924150993635637
2013-07-30,37.835699056280745,37.84541131894615,0.009712262665403794,0.8602362926422901,1.7916183330925866,1.997162617841956,36.149635922701854,39.521762189859636,34.333839386084676,41.35698325180762,-3.90472646830483,3.9241509936356374
2013-07-31,38.17636561195744,37.10557926100154,-1.070786350955909,0.7349737227126684,1.5545496231181313,1.9362208085035413,36.73581711544061,39.616914108474276,34.05866199969,40.15249652231307,-4.86577913562285,2.724206433711032
2013-08-01,38.17636561195745,37.10557926100154,-1.070786350955909,0.7349737227126684,1.5545496231181313,1.9362208085035413,36.73581711544062,39.61691410847428,34.05866199969,40.15249652231307,-4.86577913562285,2.724206433711032
2013-08-02,38.17636561195744,37.10557926100153,-1.070786350955909,0.7349737227126683,1.554549623118131,1.9362208085035413,36.73581711544061,39.616914108474276,34.058661999689996,40.152496522313065,-4.86577913562285,2.724206433711032
2013-08-03,38.176365611957436,37.10557926100153,-1.0707863509559088,0.7349737227126684,1.554549623118131,1.9362208085035413,36.735817115440604,39.61691410847427,34.058661999689996,40.152496522313065,-4.86577913562285,2.724206433711032
2013-08-04,37.802400165035316,38.10427025855504,0.3018700935197193,0.9225173582022163,2.2545781706562202,2.987669933059225,35.99426614295897,39.61053418711166,33.68529704406885,42.523243473041234,-5.553962975276361,6.1577031623158
2013-08-05,37.80240016503532,38.10427025855504,0.3018700935197192,0.9225173582022164,2.2545781706562202,2.987669933059225,35.99426614295898,39.61053418711167,33.68529704406885,42.523243473041234,-5.553962975276361,6.1577031623158
2013-08-06,37.80240016503532,38.10427025855504,0.30187009351971944,0.9225173582022164,2.2545781706562202,2.9876699330592253,35.99426614295898,39.61053418711167,33.68529704406885,42.523243473041234,-5.553962975276362,6.1577031623158005
2013-08-07,37.80240016503532,38.10427025855504,0.30187009351971916,0.9225173582022164,2.2545781706562202,2.987669933059225,35.99426614295898,39.61053418711167,33.68529704406885,42.523243473041234,-5.553962975276361,6.1577031623158
2013-08-08,37.80240016503532,38.10427025855504,0.3018700935197195,0.9225173582022164,2.2545781706562202,2.9876699330592253,35.99426614295898,39.61053418711167,33.68529704406885,42.523243473041234,-5.553962975276362,6.1577031623158005
2013-08-09,37.80240016503532,38.10427025855504,0.3018700935197194,0.9225173582022164,2.2545781706562202,2.9876699330592253,35.99426614295898,39.61053418711167,33.68529704406885,42.523243473041234,-5.553962975276362,6.1577031623158005
2013-08-10,37.80240016503532,38.10427025855504,0.3018700935197195,0.9225173582022164,2.2545781706562202,2.9876699330592253,35.99426614295898,39.61053418711167,33.68529704406885,42.523243473041234,-5.553962975276362,6.1577031623158005
2013-08-11,37.78589346845899,38.36659323123109,0.5806997627721072,0.7645345608857983,1.9366574613808618,2.532785368628311,36.287405729122824,39.28438120779515,34.570744606924606,42.16244185553758,-4.383559559739383,5.544959085283597
2013-08-12,37.785893468458994,38.3665932312311,0.580699762772107,0.7645345608857983,1.9366574613808618,2.532785368628311,36.28740572912283,39.28438120779516,34.57074460692461,42.16244185553759,-4.383559559739383,5.544959085283597
2013-08-13,37.78589346845899,38.36659323123109,0.5806997627721073,0.7645345608857983,1.9366574613808618,2.532785368628311,36.287405729122824,39.28438120779515,34.570744606924606,42.16244185553758,-4.383559559739382,5.5449590852835975
2013-08-14,37.78589346845899,38.36659323123109,0.5806997627721073,0.7645345608857983,1.9366574613808618,2.532785368628311,36.287405729122824,39.28438120779515,34.570744606924606,42.16244185553758,-4.383559559739382,5.5449590852835975
2013-08-15,37.785893468458994,38.3665932312311,0.5806997627721073,0.7645345608857983,1.936657461380862,2.532785368628311,36.28740572912283,39.28438120779516,34.57074460692461,42.16244185553759,-4.383559559739382,5.5449590852835975
2013-08-16,37.78589346845899,38.36659323123109,0.5806997627721072,0.7645345608857983,1.9366574613808618,2.532785368628311,36.287405729122824,39.28438120779515,34.570744606924606,42.16244185553758,-4.383559559739383,5.544959085283597
2013-08-17,37.78589346845899,38.36659323123109,0.5806997627721072,0.7645345608857983,1.9366574613808618,2.532785368628311,36.287405729122824,39.28438120779515,34.570744606924606,42.16244185553758,-4.383559559739383,5.544959085283597
2013-08-18,37.38666311343969,38.24489808672366,0.8582349732839666,0.8294122743797339,1.5599723863968036,2.0992362230358528,35.76101505565541,39.01231117122396,35.18735220938592,41.302443964061396,-3.256268023866305,4.972737970434238
2013-08-19,37.38666311343969,38.24489808672366,0.8582349732839664,0.8294122743797339,1.5599723863968036,2.0992362230358528,35.76101505565541,39.01231117122396,35.18735220938592,41.302443964061396,-3.2562680238663053,4.972737970434238
2013-08-20,37.38666311343969,38.24489808672366,0.8582349732839667,0.8294122743797339,1.5599723863968036,2.0992362230358528,35.76101505565541,39.01231117122396,35.18735220938592,41.302443964061396,-3.256268023866305,4.972737970434238
2013-08-21,37.38666311343969,38.24489808672366,0.8582349732839665,0.829412274379734,1.5599723863968036,2.0992362230358528,35.76101505565541,39.01231117122396,35.18735220938592,41.302443964061396,-3.256268023866305,4.972737970434238
2013-08-22,37.386663113439695,38.24489808672366,0.8582349732839664,0.829412274379734,1.5599723863968036,2.0992362230358528,35.76101505565542,39.01231117122397,35.18735220938592,41.302443964061396,-3.2562680238663053,4.972737970434238
2013-08-23,37.386663113439695,38.24489808672366,0.8582349732839668,0.8294122743797339,1.5599723863968036,2.0992362230358528,35.76101505565542,39.01231117122397,35.18735220938592,41.302443964061396,-3.256268023866305,4.972737970434238
2013-08-24,37.386663113439695,38.24489808672366,0.8582349732839667,0.829412274379734,1.5599723863968036,2.0992362230358528,35.76101505565542,39.01231117122397,35.18735220938592,41.302443964061396,-3.256268023866305,4.972737970434238
2013-08-25,37.111559400786064,38.60435791676099,1.4927985159749233,0.7492909350334147,1.3227790223566185,1.8687073173215958,35.64294916812057,38.580169633451554,36.01171103294202,41.19700480057996,-2.1698678259754045,5.155464857925251
2013-08-26,37.11155940078607,38.604357916760996,1.4927985159749235,0.7492909350334147,1.3227790223566187,1.868707317321596,35.64294916812058,38.58016963345156,36.011711032942024,41.19700480057997,-2.1698678259754045,5.155464857925252
2013-08-27,37.111559400786064,38.60435791676099,1.4927985159749233,0.7492909350334147,1.3227790223566185,1.8687073173215958,35.64294916812057,38.580169633451554,36.01171103294202,41.19700480057996,-2.1698678259754045,5.155464857925251
2013-08-28,37.111559400786064,38.60435791676099,1.492798515974923,0.7492909350334147,1.3227790223566185,1.8687073173215958,35.64294916812057,38.580169633451554,36.01171103294202,41.19700480057996,-2.1698678259754045,5.155464857925251
2013-08-29,37.111559400786064,38.60435791676099,1.4927985159749233,0.7492909350334147,1.3227790223566185,1.868707317321596,35.64294916812057,38.580169633451554,36.01171103294202,41.19700480057996,-2.169867825975405,5.155464857925251
2013-08-30,37.11155940078607,38.604357916760996,1.4927985159749233,0.7492909350334147,1.3227790223566187,1.868707317321596,35.64294916812058,38.58016963345156,36.011711032942024,41.19700480057997,-2.169867825975405,5.155464857925251
2013-08-31,37.111559400786064,38.60435791676099,1.4927985159749235,0.7492909350334147,1.3227790223566185,1.8687073173215958,35.64294916812057,38.580169633451554,36.01171103294202,41.19700480057996,-2.1698678259754045,5.155464857925251
2013-09-01,37.36833630658195,37.964761101113766,0.596424794531806,0.6330129188378125,1.23064156178949,1.7263455723366432,36.12763098565984,38.60904162750406,35.552703640006364,40.37681856222117,-2.787212527248015,3.9800621163116268
2013-09-02,37.36833630658195,37.96476110111376,0.5964247945318061,0.6330129188378125,1.2306415617894897,1.726345572336643,36.12763098565984,38.60904162750406,35.55270364000636,40.37681856222116,-2.7872125272480144,3.9800621163116263
2013-09-03,37.36833630658196,37.964761101113766,0.5964247945318061,0.6330129188378125,1.23064156178949,1.7263455723366432,36.12763098565985,38.60904162750407,35.552703640006364,40.37681856222117,-2.787212527248015,3.9800621163116268
2013-09-04,37.36833630658196,37.96476110111376,0.5964247945318062,0.6330129188378125,1.23064156178949,1.7263455723366432,36.12763098565985,38.60904162750407,35.55270364000636,40.37681856222116,-2.7872125272480144,3.980062116311627
2013-09-05,37.36833630658195,37.964761101113766,0.596424794531806,0.6330129188378125,1.23064156178949,1.7263455723366432,36.12763098565984,38.60904162750406,35.552703640006364,40.37681856222117,-2.787212527248015,3.9800621163116268
2013-09-06,37.36833630658195,37.96476110111376,0.596424794531806,0.6330129188378125,1.2306415617894897,1.726345572336643,36.12763098565984,38.60904162750406,35.55270364000636,40.37681856222116,-2.7872125272480144,3.9800621163116263
2013-09-07,37.36833630658195,37.96476110111376,0.596424794531806,0.6330129188378125,1.23064156178949,1.7263455723366432,36.12763098565984,38.60904162750406,35.55270364000636,40.37681856222116,-2.787212527248015,3.9800621163116268
2013-09-08,37.50407137155213,38.52157890618008,1.017507534627952,0.49886605111851695,1.110164581831332,1.3816743784061063,36.526293911359836,38.48184883174442,36.34565632579067,40.69750148656949,-1.6905742470480163,3.72558931630392
2013-09-09,37.504071371552136,38.52157890618009,1.017507534627952,0.498866051118517,1.110164581831332,1.3816743784061063,36.52629391135984,38.48184883174443,36.34565632579068,40.6975014865695,-1.6905742470480163,3.72558931630392
2013-09-10,37.50407137155213,38.52157890618009,1.0175075346279523,0.49886605111851695,1.110164581831332,1.3816743784061063,36.526293911359836,38.48184883174442,36.34565632579068,40.6975014865695,-1.690574247048016,3.7255893163039207
2013-09-11,37.50407137155213,38.52157890618009,1.017507534627952,0.49886605111851695,1.110164581831332,1.3816743784061063,36.526293911359836,38.48184883174442,36.34565632579068,40.6975014865695,-1.6905742470480163,3.72558931630392
2013-09-12,37.504071371552136,38.52157890618009,1.0175075346279523,0.498866051118517,1.110164581831332,1.3816743784061063,36.52629391135984,38.48184883174443,36.34565632579068,40.6975014865695,-1.690574247048016,3.7255893163039207
2013-09-13,37.504071371552136,38.52157890618009,1.0175075346279523,0.498866051118517,1.110164581831332,1.3816743784061063,36.52629391135984,38.48184883174443,36.34565632579068,40.6975014865695,-1.690574247048016,3.7255893163039207
2013-09-14,37.50407137155213,38.52157890618009,1.0175075346279523,0.498866051118517,1.110164581831332,1.3816743784061063,36.526293911359836,38.48184883174442,36.34565632579068,40.6975014865695,-1.690574247048016,3.7255893163039207
2013-09-15,37.11217246371177,38.35790141943213,1.2457289557203672,0.5635443903540752,0.8428703866111288,1.0713151277745947,36.00762545861779,38.216719468805756,36.70587546167432,40.009927377189946,-0.8540486947178383,3.3455066061585725
2013-09-16,37.11217246371177,38.35790141943213,1.2457289557203672,0.5635443903540752,0.8428703866111288,1.071315127774595,36.00762545861779,38.216719468805756,36.70587546167432,40.009927377189946,-0.8540486947178387,3.3455066061585734
2013-09-17,37.11217246371177,38.35790141943213,1.2457289557203672,0.5635443903540752,0.8428703866111287,1.0713151277745947,36.00762545861779,38.216719468805756,36.70587546167432,40.009927377189946,-0.8540486947178383,3.3455066061585725
2013-09-18,37.11217246371177,38.35790141943214,1.2457289557203675,0.5635443903540752,0.8428703866111288,1.071315127774595,36.00762545861779,38.216719468805756,36.705875461674324,40.00992737718995,-0.8540486947178385,3.3455066061585734
2013-09-19,37.11217246371177,38.35790141943213,1.2457289557203672,0.5635443903540752,0.8428703866111287,1.0713151277745947,36.00762545861779,38.216719468805756,36.70587546167432,40.009927377189946,-0.8540486947178383,3.3455066061585725
2013-09-20,37.11217246371177,38.35790141943213,1.2457289557203672,0.5635443903540752,0.8428703866111288,1.071315127774595,36.00762545861779,38.216719468805756,36.70587546167432,40.009927377189946,-0.8540486947178387,3.3455066061585734
2013-09-21,37.11217246371177,38.35790141943213,1.2457289557203672,0.5635443903540752,0.8428703866111287,1.0713151277745947,36.00762545861779,38.216719468805756,36.70587546167432,40.009927377189946,-0.8540486947178383,3.3455066061585725
2013-09-22,37.847395926268455,37.80685714521235,-0.04053878105610705,0.8718142473191912,0.8552874889920113,1.5680713186355804,36.13864000152284,39.55615185101407,36.130493666788006,39.48322062363669,-3.1139585655818447,3.0328810034696305
2013-09-23,37.84739592626846,37.806857145212355,-0.04053878105610711,0.8718142473191913,0.8552874889920113,1.5680713186355804,36.138640001522845,39.55615185101408,36.13049366678801,39.4832206236367,-3.1139585655818447,3.0328810034696305
2013-09-24,37.84739592626846,37.806857145212355,-0.040538781056107046,0.8718142473191913,0.8552874889920113,1.5680713186355804,36.138640001522845,39.55615185101408,36.13049366678801,39.4832206236367,-3.1139585655818447,3.0328810034696305
2013-09-25,37.847395926268455,37.80685714521235,-0.04053878105610692,0.8718142473191913,0.8552874889920113,1.5680713186355806,36.13864000152284,39.55615185101407,36.130493666788006,39.48322062363669,-3.113958565581845,3.032881003469631
2013-09-26,39.02912393846711,37.70008684130594,-1.329037097161167,1.62103997376879,0.6800135696084034,2.017335297240377,35.85188558988028,42.206362287053935,36.36726024487347,39.03291343773841,-5.283014279752305,2.624940085429972
2013-09-27,39.02912393846711,37.700086841305946,-1.329037097161167,1.62103997376879,0.6800135696084035,2.017335297240377,35.85188558988028,42.206362287053935,36.36726024487348,39.032913437738415,-5.283014279752305,2.624940085429972
2013-09-28,39.029123938467116,37.700086841305946,-1.3290370971611671,1.62103997376879,0.6800135696084035,2.017335297240377,35.85188558988029,42.20636228705394,36.36726024487348,39.032913437738415,-5.283014279752306,2.6249400854299716
2013-09-29,40.40680328400491,36.33258719253147,-4.0742160914734376,1.5045809671264112,1.9436108815117765,3.1262001022338093,37.45782458843714,43.355781979572676,32.52310986476839,40.142064520294554,-10.201568291851704,2.0531361089048286
2013-09-30,40.406803284004916,36.33258719253148,-4.074216091473438,1.5045809671264112,1.9436108815117765,3.1262001022338097,37.45782458843715,43.35578197957268,32.523109864768394,40.14206452029456,-10.201568291851705,2.0531361089048286
2013-10-01,40.4068032840049,36.33258719253147,-4.0742160914734376,1.5045809671264112,1.9436108815117765,3.1262001022338093,37.457824588437134,43.35578197957267,32.52310986476839,40.142064520294554,-10.201568291851704,2.0531361089048286
2013-10-02,40.406803284004916,36.33258719253147,-4.074216091473438,1.5045809671264112,1.9436108815117765,3.1262001022338097,37.45782458843715,43.35578197957268,32.52310986476839,40.142064520294554,-10.201568291851705,2.0531361089048286
2013-10-03,40.406803284004916,36.33258719253148,-4.074216091473438,1.5045809671264112,1.9436108815117765,3.1262001022338097,37.45782458843715,43.35578197957268,32.523109864768394,40.14206452029456,-10.201568291851705,2.0531361089048286
2013-10-04,40.406803284004916,36.33258719253147,-4.074216091473438,1.5045809671264112,1.9436108815117765,3.1262001022338097,37.45782458843715,43.35578197957268,32.52310986476839,40.142064520294554,-10.201568291851705,2.0531361089048286
2013-10-05,40.40680328400491,36.33258719253147,-4.0742160914734376,1.5045809671264112,1.9436108815117765,3.1262001022338097,37.45782458843714,43.355781979572676,32.52310986476839,40.142064520294554,-10.201568291851704,2.0531361089048294
2013-10-06,40.28577749303223,37.53478565622977,-2.7509918368024544,1.5645891576250746,2.276151062067796,3.410464407968274,37.21918274408708,43.35237224197738,33.073529574576895,41.99604173788265,-9.43550207642027,3.9335184028153622
2013-10-07,40.28577749303223,37.53478565622977,-2.7509918368024544,1.5645891576250746,2.276151062067796,3.410464407968274,37.21918274408708,43.35237224197738,33.073529574576895,41.99604173788265,-9.43550207642027,3.9335184028153622
2013-10-08,40.60674204357128,37.66231967353742,-2.9444223700338616,1.548015026135498,2.0590313133550366,3.0854403924984894,37.572632592345705,43.640851494796856,33.626618299361546,41.69802104771329,-8.991885539330902,3.1030407992631774
2013-10-09,40.60674204357128,37.66231967353742,-2.9444223700338616,1.548015026135498,2.0590313133550366,3.085440392498489,37.572632592345705,43.640851494796856,33.626618299361546,41.69802104771329,-8.9918855393309,3.1030407992631766
2013-10-10,40.60674204357128,37.66231967353742,-2.9444223700338616,1.548015026135498,2.0590313133550366,3.0854403924984894,37.572632592345705,43.640851494796856,33.626618299361546,41.69802104771329,-8.991885539330902,3.1030407992631774
2013-10-11,40.60674204357128,37.662319673537425,-2.944422370033862,1.5480150261354981,2.0590313133550366,3.0854403924984894,37.572632592345705,43.640851494796856,33.62661829936155,41.6980210477133,-8.991885539330902,3.103040799263177
2013-10-12,40.60674204357128,37.66231967353742,-2.9444223700338616,1.548015026135498,2.0590313133550366,3.085440392498489,37.572632592345705,43.640851494796856,33.626618299361546,41.69802104771329,-8.9918855393309,3.1030407992631766
2013-10-13,41.81845964690826,38.21151136734601,-3.6069482795622485,1.6686229715102152,1.6821458447989084,2.3859978959660046,38.54795862274824,45.08896067106828,34.914505511540156,41.50851722315187,-8.283504155655617,1.0696075965311205
2013-10-14,41.81845964690826,38.21151136734601,-3.6069482795622485,1.6686229715102152,1.6821458447989084,2.3859978959660046,38.54795862274824,45.08896067106828,34.914505511540156,41.50851722315187,-8.283504155655617,1.0696075965311205
2013-10-15,41.818459646908266,38.21151136734601,-3.6069482795622485,1.6686229715102152,1.6821458447989084,2.3859978959660046,38.54795862274825,45.088960671068286,34.914505511540156,41.50851722315187,-8.283504155655617,1.0696075965311205
2013-10-16,41.81845964690826,38.21151136734601,-3.606948279562248,1.6686229715102152,1.6821458447989084,2.3859978959660046,38.54795862274824,45.08896067106828,34.914505511540156,41.50851722315187,-8.283504155655617,1.069607596531121
2013-10-17,41.81845964690826,38.21151136734601,-3.6069482795622485,1.6686229715102152,1.6821458447989084,2.3859978959660046,38.54795862274824,45.08896067106828,34.914505511540156,41.50851722315187,-8.283504155655617,1.0696075965311205
2013-10-18,41.81845964690826,38.21151136734601,-3.6069482795622485,1.6686229715102152,1.6821458447989084,2.3859978959660046,38.54795862274824,45.08896067106828,34.914505511540156,41.50851722315187,-8.283504155655617,1.0696075965311205
2013-10-19,41.81845964690826,38.21151136734601,-3.606948279562248,1.6686229715102152,1.6821458447989084,2.3859978959660046,38.54795862274824,45.08896067106828,34.914505511540156,41.50851722315187,-8.283504155655617,1.069607596531121
2013-10-20,42.835792870030275,37.18485966510171,-5.650933204928567,1.3436108199314212,1.2794026609019797,1.878116271618335,40.202315662964686,45.469270077095864,34.677230449733834,39.69248888046959,-9.332041097300504,-1.96982531255663
2013-10-21,42.83579287003028,37.18485966510171,-5.650933204928567,1.3436108199314212,1.2794026609019797,1.878116271618335,40.20231566296469,45.46927007709587,34.677230449733834,39.69248888046959,-9.332041097300504,-1.96982531255663
2013-10-22,42.82801348042142,36.90598206703158,-5.922031413389839,1.247575478492276,1.377126160969148,1.8706272618944069,40.38276554257656,45.27326141826628,34.20681479153205,39.605149342531114,-9.588460846702876,-2.255601980076802
2013-10-23,42.82801348042142,36.90598206703158,-5.922031413389839,1.247575478492276,1.377126160969148,1.8706272618944069,40.38276554257656,45.27326141826628,34.20681479153205,39.605149342531114,-9.588460846702876,-2.255601980076802
2013-10-24,42.82801348042142,36.90598206703158,-5.922031413389838,1.247575478492276,1.377126160969148,1.8706272618944069,40.38276554257656,45.27326141826628,34.20681479153205,39.605149342531114,-9.588460846702876,-2.255601980076801
2013-10-25,42.82801348042142,36.90598206703158,-5.922031413389838,1.247575478492276,1.377126160969148,1.8706272618944069,40.38276554257656,45.27326141826628,34.20681479153205,39.605149342531114,-9.588460846702876,-2.255601980076801
2013-10-26,42.82801348042142,36.90598206703158,-5.922031413389839,1.247575478492276,1.377126160969148,1.8706272618944069,40.38276554257656,45.27326141826628,34.20681479153205,39.605149342531114,-9.588460846702876,-2.255601980076802
2013-10-27,42.703901588111854,36.93625235082472,-5.767649237287136,1.2153947856591196,1.2928980845284221,1.7980683152495582,40.32172780821998,45.086075368003726,34.402172105149006,39.47033259650043,-9.291863135176271,-2.243435339398002
2013-10-28,42.70390158811185,36.93625235082472,-5.767649237287136,1.2153947856591196,1.292898084528422,1.798068315249558,40.321727808219975,45.08607536800372,34.402172105149006,39.47033259650043,-9.29186313517627,-2.2434353393980024
2013-10-29,42.70390158811185,36.93625235082472,-5.767649237287136,1.2153947856591196,1.292898084528422,1.798068315249558,40.321727808219975,45.08607536800372,34.402172105149006,39.47033259650043,-9.29186313517627,-2.2434353393980024
2013-10-30,42.703901588111854,36.93625235082472,-5.767649237287136,1.2153947856591196,1.292898084528422,1.798068315249558,40.32172780821998,45.086075368003726,34.402172105149006,39.47033259650043,-9.29186313517627,-2.2434353393980024
2013-10-31,42.120257909566895,36.794863088547274,-5.325394821019617,1.4603179875315926,1.2058989530960464,1.716817959780165,39.25803465400497,44.98248116512882,34.43130114047902,39.158425036615526,-8.69035802218874,-1.9604316198504939
2013-11-01,42.12025790956689,36.794863088547274,-5.325394821019616,1.4603179875315926,1.2058989530960464,1.7168179597801647,39.258034654004966,44.98248116512881,34.43130114047902,39.158425036615526,-8.69035802218874,-1.9604316198504934
2013-11-02,42.120257909566895,36.79486308854728,-5.325394821019617,1.4603179875315926,1.2058989530960464,1.7168179597801652,39.25803465400497,44.98248116512882,34.43130114047903,39.15842503661553,-8.69035802218874,-1.9604316198504934
2013-11-03,42.0656769245184,36.841095332178824,-5.22458159233958,1.3712347336808324,1.1327265153167079,1.6203020530719559,39.378056846503966,44.75329700253283,34.620951362158074,39.061239302199574,-8.400373616360614,-2.048789568318546
2013-11-04,42.0656769245184,36.841095332178824,-5.22458159233958,1.3712347336808324,1.132726515316708,1.6203020530719559,39.378056846503966,44.75329700253283,34.620951362158074,39.061239302199574,-8.400373616360614,-2.048789568318546
2013-11-05,42.0656769245184,36.84109533217882,-5.224581592339579,1.3712347336808322,1.1327265153167079,1.6203020530719559,39.378056846503966,44.75329700253283,34.62095136215807,39.06123930219957,-8.400373616360612,-2.0487895683185453
2013-11-06,42.0656769245184,36.84109533217882,-5.22458159233958,1.3712347336808324,1.1327265153167079,1.6203020530719559,39.378056846503966,44.75329700253283,34.62095136215807,39.06123930219957,-8.400373616360614,-2.048789568318546
2013-11-07,42.0656769245184,36.84109533217882,-5.22458159233958,1.3712347336808322,1.1327265153167079,1.6203020530719559,39.378056846503966,44.75329700253283,34.62095136215807,39.06123930219957,-8.400373616360614,-2.048789568318546
2013-11-08,42.0656769245184,36.84109533217882,-5.22458159233958,1.3712347336808322,1.1327265153167079,1.6203020530719559,39.378056846503966,44.75329700253283,34.62095136215807,39.06123930219957,-8.400373616360614,-2.048789568318546
2013-11-09,42.0656769245184,36.841095332178824,-5.22458159233958,1.3712347336808324,1.1327265153167079,1.6203020530719559,39.378056846503966,44.75329700253283,34.620951362158074,39.061239302199574,-8.400373616360614,-2.048789568318546
2013-11-10,41.60679786603499,37.29000739016467,-4.31679047587032,1.569585559644848,1.3897363072591473,2.393317425223663,38.53041016913109,44.68318556293889,34.56612422793674,40.013890552392596,-9.0076926293087,0.3741116775680595
2013-11-11,40.19907479165731,37.89924349738454,-2.299831294272769,2.3094192307496537,1.3782258709193604,3.354279954813745,35.67261309938799,44.72553648392663,35.19792079038259,40.60056620438649,-8.87422000570771,4.274557417162171
2013-11-12,39.73555061393439,38.51657255695824,-1.218978056976153,2.2798798739444592,1.7433744548896652,3.701290869555811,35.26698606100325,44.204115166865535,35.09955862537449,41.933586488541984,-8.473508161305542,6.035552047353237
2013-11-13,39.73555061393439,38.516572556958245,-1.2189780569761532,2.2798798739444597,1.7433744548896652,3.701290869555811,35.26698606100325,44.204115166865535,35.0995586253745,41.93358648854199,-8.473508161305542,6.035552047353236
2013-11-14,39.73555061393439,38.51657255695824,-1.218978056976153,2.2798798739444592,1.7433744548896652,3.701290869555811,35.26698606100325,44.204115166865535,35.09955862537449,41.933586488541984,-8.473508161305542,6.035552047353237
2013-11-15,39.73555061393439,38.51657255695824,-1.218978056976153,2.2798798739444592,1.7433744548896652,3.701290869555811,35.26698606100325,44.204115166865535,35.09955862537449,41.933586488541984,-8.473508161305542,6.035552047353237
2013-11-16,39.73555061393439,38.516572556958245,-1.2189780569761528,2.2798798739444597,1.7433744548896652,3.701290869555811,35.26698606100325,44.204115166865535,35.0995586253745,41.93358648854199,-8.473508161305542,6.035552047353237
2013-11-17,39.393758016619195,38.78259378494897,-0.6111642316702243,2.2390723394799235,1.7243642485733106,3.683744098749487,35.00517623123854,43.782339801999846,35.402839857745285,42.16234771215266,-7.831302665219218,6.6089742018787705
2013-11-18,39.393758016619195,38.78259378494897,-0.6111642316702243,2.2390723394799235,1.7243642485733106,3.6837440987494876,35.00517623123854,43.782339801999846,35.402839857745285,42.16234771215266,-7.831302665219219,6.608974201878771
2013-11-19,39.393758016619195,38.78259378494897,-0.6111642316702243,2.2390723394799235,1.7243642485733106,3.6837440987494876,35.00517623123854,43.782339801999846,35.402839857745285,42.16234771215266,-7.831302665219219,6.608974201878771
2013-11-20,39.74711376864011,40.12453034533817,0.3774165766980619,2.063737551229737,2.8504834974199955,3.5673415039604808,35.702188168229824,43.7920393690504,34.537582690394984,45.71147800028136,-6.614572771064481,7.3694059244606045
2013-11-21,39.74711376864011,40.12453034533817,0.3774165766980618,2.063737551229737,2.8504834974199955,3.5673415039604808,35.702188168229824,43.7920393690504,34.537582690394984,45.71147800028136,-6.614572771064481,7.3694059244606045
2013-11-22,39.74711376864011,40.12453034533817,0.37741657669806195,2.063737551229737,2.8504834974199955,3.5673415039604803,35.702188168229824,43.7920393690504,34.537582690394984,45.71147800028136,-6.61457277106448,7.369405924460604
2013-11-23,39.747113768640105,40.12453034533817,0.3774165766980617,2.063737551229737,2.8504834974199955,3.5673415039604808,35.702188168229824,43.792039369050386,34.537582690394984,45.71147800028136,-6.614572771064481,7.3694059244606045
2013-11-24,39.75275638905891,40.15370124162912,0.4009448525702146,1.8770189070842669,2.6130000009090963,3.2540672803728383,36.073799331173745,43.43171344694407,35.032221239847296,45.27518124341095,-5.977027016960548,6.778916722100977
2013-11-25,39.7527563890589,40.15370124162912,0.4009448525702144,1.8770189070842669,2.6130000009090963,3.2540672803728383,36.07379933117374,43.431713446944066,35.032221239847296,45.27518124341095,-5.977027016960548,6.778916722100977
2013-11-26,39.7527563890589,40.15370124162912,0.4009448525702146,1.8770189070842669,2.6130000009090963,3.2540672803728383,36.07379933117374,43.431713446944066,35.032221239847296,45.27518124341095,-5.977027016960548,6.778916722100977
2013-11-27,39.75275638905891,40.15370124162912,0.4009448525702145,1.877018907084267,2.613000000909097,3.2540672803728388,36.073799331173745,43.43171344694407,35.03222123984729,45.275181243410955,-5.977027016960549,6.778916722100978
2013-11-28,39.7527563890589,40.15370124162912,0.40094485257021467,1.8770189070842669,2.6130000009090963,3.2540672803728383,36.07379933117374,43.431713446944066,35.032221239847296,45.27518124341095,-5.977027016960548,6.778916722100977
2013-11-29,39.7527563890589,40.15370124162912,0.40094485257021445,1.8770189070842669,2.6130000009090963,3.2540672803728383,36.07379933117374,43.431713446944066,35.032221239847296,45.27518124341095,-5.977027016960548,6.778916722100977
2013-11-30,39.75275638905891,40.15370124162912,0.40094485257021445,1.8770189070842669,2.6130000009090963,3.2540672803728383,36.073799331173745,43.43171344694407,35.032221239847296,45.27518124341095,-5.977027016960548,6.778916722100977
2013-12-01,39.01863169953228,40.897553678944114,1.8789219794118337,2.124227665475647,2.6551588941822035,3.894069935310025,34.85514547520001,43.182117923864546,35.693442246347,46.10166511154123,-5.753455093795815,9.511299052619483
2013-12-02,39.018631699532285,40.89755367894412,1.878921979411834,2.124227665475647,2.655158894182204,3.8940699353100254,34.85514547520002,43.18211792386455,35.693442246347004,46.10166511154124,-5.753455093795816,9.511299052619483
2013-12-03,39.018631699532285,40.897553678944114,1.878921979411834,2.124227665475647,2.655158894182204,3.8940699353100254,34.85514547520002,43.18211792386455,35.69344224634699,46.10166511154124,-5.753455093795816,9.511299052619483
2013-12-04,39.01863169953228,40.897553678944114,1.8789219794118337,2.1242276654756465,2.6551588941822035,3.894069935310025,34.85514547520001,43.182117923864546,35.693442246347,46.10166511154123,-5.753455093795815,9.511299052619483
2013-12-05,38.80160621140515,40.53293478634377,1.7313285749386256,1.748555627125401,2.211681586946932,3.1640617563009266,35.37443718223936,42.22877524057094,36.198038875927786,44.86783069675976,-4.47023246741119,7.932889617288442
2013-12-06,38.80160621140516,40.53293478634378,1.7313285749386258,1.7485556271254012,2.211681586946932,3.164061756300927,35.37443718223937,42.22877524057095,36.19803887592779,44.86783069675977,-4.470232467411191,7.932889617288443
2013-12-07,38.80160621140515,40.53293478634377,1.7313285749386256,1.748555627125401,2.211681586946932,3.1640617563009266,35.37443718223936,42.22877524057094,36.198038875927786,44.86783069675976,-4.47023246741119,7.932889617288442
2013-12-08,39.35608082551958,40.865242743895344,1.5091619183757687,2.157792076448766,1.9250262616289784,3.4430449141866277,35.12680835568,43.585353295359155,37.09219127110255,44.63829421668814,-5.239206113430021,8.257529950181558
2013-12-09,38.517060326064964,40.93123567962388,2.414175353558916,2.222565872991288,1.603561197451992,3.1909038084123855,34.16083121500204,42.87328943712789,37.788255732617976,44.07421562662979,-3.8399961109293597,8.668346818047192
2013-12-10,38.51706032606497,40.93123567962389,2.4141753535589165,2.222565872991288,1.6035611974519923,3.1909038084123855,34.16083121500205,42.873289437127895,37.788255732617984,44.074215626629794,-3.839996110929359,8.668346818047192
2013-12-11,38.51706032606497,40.93123567962389,2.4141753535589165,2.222565872991288,1.6035611974519925,3.1909038084123855,34.16083121500205,42.873289437127895,37.788255732617984,44.074215626629794,-3.839996110929359,8.668346818047192
2013-12-12,38.517060326064964,40.93123567962388,2.414175353558916,2.222565872991288,1.6035611974519923,3.1909038084123855,34.16083121500204,42.87328943712789,37.788255732617976,44.07421562662979,-3.8399961109293597,8.668346818047192
2013-12-13,38.517060326064964,40.93123567962388,2.414175353558916,2.222565872991288,1.6035611974519923,3.1909038084123855,34.16083121500204,42.87328943712789,37.788255732617976,44.07421562662979,-3.8399961109293597,8.668346818047192
2013-12-14,38.517060326064964,40.93123567962388,2.414175353558916,2.222565872991288,1.6035611974519923,3.1909038084123855,34.16083121500204,42.87328943712789,37.788255732617976,44.07421562662979,-3.8399961109293597,8.668346818047192
2013-12-15,39.59240976223458,40.50938432270357,0.9169745604689905,2.1441407225454285,1.564001023520855,2.676867806725574,35.38989394604554,43.79492557842362,37.443942316602694,43.57482632880444,-4.329686340713135,6.163635461651115
2013-12-16,39.749959576478865,40.5935820269249,0.843622450446031,2.0403300200374375,1.4757709714852403,2.5016242736468657,35.75091273720549,43.74900641575224,37.70107092281383,43.48609313103597,-4.059561125901826,5.746806026793887
2013-12-17,39.749959576478865,40.59358202692489,0.843622450446031,2.040330020037437,1.4757709714852403,2.5016242736468657,35.75091273720549,43.74900641575224,37.70107092281382,43.486093131035965,-4.059561125901826,5.746806026793887
2013-12-18,39.749959576478865,40.59358202692489,0.843622450446031,2.040330020037437,1.47577097148524,2.5016242736468657,35.75091273720549,43.74900641575224,37.70107092281382,43.486093131035965,-4.059561125901826,5.746806026793887
2013-12-19,39.50214276383121,41.19505269293457,1.692909929103359,1.9546419014545633,1.963195938779035,3.039786066670255,35.67104463698026,43.333240890682156,37.347188652927656,45.04291673294148,-4.265070761570341,7.6508906197770585
2013-12-20,39.50214276383121,41.19505269293457,1.6929099291033591,1.9546419014545633,1.963195938779035,3.039786066670255,35.67104463698026,43.333240890682156,37.347188652927656,45.04291673294148,-4.265070761570341,7.6508906197770585
2013-12-21,39.50214276383121,41.19505269293457,1.6929099291033591,1.9546419014545633,1.963195938779035,3.039786066670255,35.67104463698026,43.333240890682156,37.347188652927656,45.04291673294148,-4.265070761570341,7.6508906197770585
2013-12-22,39.32557151374734,41.302654141732425,1.9770826279850844,1.937111602418173,1.8869209032943106,3.0078402396436754,35.52883277300772,43.12231025448696,37.604289171275575,45.001019112189276,-3.9182842417165187,7.872449497686688
2013-12-23,39.32557151374734,41.302654141732425,1.9770826279850844,1.937111602418173,1.8869209032943106,3.0078402396436754,35.52883277300772,43.12231025448696,37.604289171275575,45.001019112189276,-3.9182842417165187,7.872449497686688
2013-12-24,39.32557151374734,41.302654141732425,1.9770826279850842,1.937111602418173,1.8869209032943106,3.0078402396436754,35.52883277300772,43.12231025448696,37.604289171275575,45.001019112189276,-3.918284241716519,7.872449497686688
2013-12-25,39.32557151374734,41.302654141732425,1.9770826279850842,1.937111602418173,1.8869209032943106,3.0078402396436754,35.52883277300772,43.12231025448696,37.604289171275575,45.001019112189276,-3.918284241716519,7.872449497686688
2013-12-26,39.325571513747335,41.302654141732425,1.9770826279850842,1.937111602418173,1.8869209032943106,3.0078402396436754,35.528832773007714,43.122310254486955,37.604289171275575,45.001019112189276,-3.918284241716519,7.872449497686688
2013-12-27,39.325571513747335,41.302654141732425,1.9770826279850842,1.937111602418173,1.8869209032943106,3.0078402396436754,35.528832773007714,43.122310254486955,37.604289171275575,45.001019112189276,-3.918284241716519,7.872449497686688
2013-12-28,39.32557151374734,41.302654141732425,1.9770826279850846,1.937111602418173,1.8869209032943106,3.0078402396436754,35.52883277300772,43.12231025448696,37.604289171275575,45.001019112189276,-3.9182842417165187,7.872449497686688
2013-12-29,39.25234638319038,41.117050777736395,1.8647043945460173,1.8009547970868984,1.789795740459375,2.770265967679773,35.72247498090006,42.7822177854807,37.60905112643602,44.62505042903677,-3.5650169021063376,7.294425691198372
2013-12-30,39.25234638319038,41.117050777736395,1.8647043945460173,1.8009547970868987,1.789795740459375,2.770265967679773,35.72247498090006,42.7822177854807,37.60905112643602,44.62505042903677,-3.5650169021063376,7.294425691198372
2013-12-31,39.25234638319038,41.117050777736395,1.8647043945460173,1.8009547970868987,1.7897957404593747,2.770265967679773,35.72247498090006,42.7822177854807,37.60905112643602,44.62505042903677,-3.5650169021063376,7.294425691198372
2014-01-01,39.25234638319038,41.117050777736395,1.8647043945460173,1.8009547970868984,1.789795740459375,2.770265967679773,35.72247498090006,42.7822177854807,37.60905112643602,44.62505042903677,-3.5650169021063376,7.294425691198372
2014-01-02,39.25234638319038,41.117050777736395,1.8647043945460176,1.8009547970868984,1.789795740459375,2.7702659676797725,35.72247498090006,42.7822177854807,37.60905112643602,44.62505042903677,-3.5650169021063363,7.294425691198372
2014-01-03,39.25234638319038,41.117050777736395,1.8647043945460173,1.8009547970868984,1.789795740459375,2.770265967679773,35.72247498090006,42.7822177854807,37.60905112643602,44.62505042903677,-3.5650169021063376,7.294425691198372
2014-01-04,39.25234638319038,41.117050777736395,1.864704394546017,1.8009547970868984,1.789795740459375,2.7702659676797725,35.72247498090006,42.7822177854807,37.60905112643602,44.62505042903677,-3.565016902106337,7.294425691198371
2014-01-05,39.150215819421696,40.48346613486899,1.333250315447295,1.6296136449774765,2.0086567583346633,2.6513962757429645,35.956173075265845,42.34425856357755,36.54649888853305,44.42043338120493,-3.863486385008916,6.529987015903506
2014-01-06,39.1502158194217,40.483466134869,1.3332503154472952,1.6296136449774765,2.0086567583346633,2.6513962757429645,35.95617307526585,42.344258563577554,36.54649888853306,44.42043338120494,-3.8634863850089154,6.529987015903506
2014-01-07,37.985529446526826,39.65116914378737,1.665639697260549,2.1619452163185966,2.020735625907456,2.2261611760229005,33.74811682254238,42.22294207051127,35.69052731700876,43.61181097056598,-2.697636207744336,6.0289156022654335
2014-01-08,37.985529446526826,39.65116914378738,1.6656396972605492,2.161945216318597,2.020735625907456,2.2261611760229005,33.74811682254238,42.22294207051127,35.690527317008765,43.61181097056599,-2.6976362077443357,6.028915602265434
2014-01-09,37.985529446526826,39.65116914378738,1.6656396972605492,2.161945216318597,2.020735625907456,2.2261611760229005,33.74811682254238,42.22294207051127,35.690527317008765,43.61181097056599,-2.6976362077443357,6.028915602265434
2014-01-10,37.985529446526826,39.65116914378738,1.6656396972605492,2.161945216318597,2.020735625907456,2.2261611760229005,33.74811682254238,42.22294207051127,35.690527317008765,43.61181097056599,-2.6976362077443357,6.028915602265434
2014-01-11,37.98552944652682,39.65116914378737,1.665639697260549,2.1619452163185966,2.020735625907456,2.2261611760229005,33.74811682254237,42.222942070511266,35.69052731700876,43.61181097056598,-2.697636207744336,6.0289156022654335
2014-01-12,38.321152219839945,39.146227317638065,0.8250750977981233,2.0707283386857163,2.0704857816468247,2.608517119425173,34.26252467601594,42.37977976366395,35.088075185610286,43.204379449665844,-4.287618456275215,5.937768651871462
2014-01-13,38.321152219839945,39.14622731763807,0.8250750977981235,2.0707283386857163,2.0704857816468247,2.6085171194251733,34.26252467601594,42.37977976366395,35.08807518561029,43.20437944966585,-4.287618456275216,5.937768651871463
2014-01-14,38.321152219839945,39.14622731763807,0.8250750977981234,2.0707283386857163,2.0704857816468247,2.6085171194251733,34.26252467601594,42.37977976366395,35.08807518561029,43.20437944966585,-4.287618456275216,5.937768651871463
2014-01-15,38.321152219839945,39.146227317638065,0.8250750977981235,2.0707283386857163,2.0704857816468247,2.6085171194251733,34.26252467601594,42.37977976366395,35.088075185610286,43.204379449665844,-4.287618456275216,5.937768651871463
2014-01-16,38.24856568378627,39.1544012368615,0.9058355530752342,1.7991640826238546,1.7948600710348352,2.2647262803854464,34.722204081843515,41.77492728572902,35.63647549763323,42.67232697608978,-3.5330279564802405,5.344699062630709
2014-01-17,38.24856568378627,39.1544012368615,0.9058355530752343,1.7991640826238546,1.7948600710348355,2.2647262803854464,34.722204081843515,41.77492728572902,35.63647549763323,42.67232697608978,-3.5330279564802405,5.344699062630709
2014-01-18,38.24856568378627,39.154401236861496,0.9058355530752342,1.7991640826238546,1.7948600710348352,2.2647262803854464,34.722204081843515,41.77492728572902,35.63647549763322,42.67232697608977,-3.5330279564802405,5.344699062630709
2014-01-19,37.86539679342457,38.2450451707947,0.3796483773701203,1.9562486999949624,2.0191135463441987,2.8602824492027983,34.03114934143445,41.699644245414696,34.28758261996007,42.202507721629324,-5.226505223067364,5.985801977807605
2014-01-20,37.86539679342457,38.2450451707947,0.3796483773701207,1.9562486999949624,2.0191135463441987,2.8602824492027983,34.03114934143445,41.699644245414696,34.28758261996007,42.202507721629324,-5.226505223067364,5.985801977807605
2014-01-21,38.058705122397974,38.88915944079496,0.830454318396985,1.7599362555183788,2.1547778260675057,2.6600672081282637,34.609230061581954,41.508180183213994,34.665794901702654,43.11252397988727,-4.383277409534412,6.044186046328382
2014-01-22,38.058705122397974,38.88915944079496,0.8304543183969852,1.7599362555183788,2.1547778260675057,2.6600672081282637,34.609230061581954,41.508180183213994,34.665794901702654,43.11252397988727,-4.383277409534411,6.044186046328383
2014-01-23,38.69901973113516,40.09103766512164,1.3920179339864815,1.6266354081284442,2.3292442967746387,2.2296497474439145,35.510814331203406,41.88722513106691,35.52571884344335,44.65635648679993,-2.9780955710035912,5.762131438976555
2014-01-24,38.69901973113517,40.09103766512165,1.3920179339864815,1.6266354081284446,2.3292442967746387,2.229649747443915,35.51081433120341,41.88722513106692,35.52571884344336,44.656356486799936,-2.978095571003592,5.762131438976555
2014-01-25,38.69901973113516,40.09103766512164,1.392017933986481,1.6266354081284442,2.3292442967746383,2.2296497474439145,35.510814331203406,41.88722513106691,35.52571884344335,44.65635648679993,-2.9780955710035917,5.762131438976554
2014-01-26,38.80129571253543,39.865294119019445,1.0639984064840196,1.6097794359989557,2.2180548139088274,2.5051944375587745,35.646128017977475,41.95646340709338,35.51790668375814,44.21268155428075,-3.8461826911311787,5.974179504099218
2014-01-27,38.80129571253543,39.865294119019445,1.0639984064840198,1.6097794359989557,2.2180548139088274,2.5051944375587745,35.646128017977475,41.95646340709338,35.51790668375814,44.21268155428075,-3.8461826911311787,5.974179504099218
2014-01-28,38.80129571253542,39.865294119019445,1.0639984064840196,1.6097794359989557,2.2180548139088274,2.5051944375587745,35.64612801797747,41.95646340709337,35.51790668375814,44.21268155428075,-3.8461826911311787,5.974179504099218
2014-01-29,38.80129571253543,39.865294119019445,1.0639984064840196,1.6097794359989557,2.2180548139088274,2.5051944375587745,35.646128017977475,41.95646340709338,35.51790668375814,44.21268155428075,-3.8461826911311787,5.974179504099218
2014-01-30,38.80129571253542,39.865294119019445,1.0639984064840198,1.6097794359989557,2.2180548139088274,2.5051944375587745,35.64612801797747,41.95646340709337,35.51790668375814,44.21268155428075,-3.8461826911311787,5.974179504099218
2014-01-31,38.80129571253543,39.865294119019445,1.0639984064840196,1.6097794359989557,2.2180548139088274,2.5051944375587745,35.646128017977475,41.95646340709338,35.51790668375814,44.21268155428075,-3.8461826911311787,5.974179504099218
2014-02-01,38.80129571253543,39.865294119019445,1.0639984064840198,1.6097794359989555,2.2180548139088274,2.5051944375587745,35.646128017977475,41.95646340709338,35.51790668375814,44.21268155428075,-3.8461826911311787,5.974179504099218
2014-02-02,38.5827779190734,39.98479396938735,1.402016050313943,1.5288328706419352,1.9982468153590176,2.2717569708678447,35.586265492615205,41.5792903455316,36.06823021128367,43.901357727491025,-3.050627612587032,5.854659713214918
2014-02-03,38.5827779190734,39.98479396938735,1.402016050313943,1.5288328706419352,1.9982468153590176,2.2717569708678447,35.586265492615205,41.5792903455316,36.06823021128367,43.901357727491025,-3.050627612587032,5.854659713214918
2014-02-04,38.58277791907341,39.98479396938735,1.402016050313943,1.5288328706419352,1.9982468153590176,2.2717569708678447,35.58626549261521,41.579290345531604,36.06823021128367,43.901357727491025,-3.050627612587032,5.854659713214918
2014-02-05,38.58277791907341,39.98479396938735,1.402016050313943,1.5288328706419352,1.9982468153590176,2.2717569708678447,35.58626549261521,41.579290345531604,36.06823021128367,43.901357727491025,-3.050627612587032,5.854659713214918
2014-02-06,38.5827779190734,39.98479396938734,1.402016050313943,1.5288328706419352,1.9982468153590174,2.2717569708678447,35.586265492615205,41.5792903455316,36.06823021128366,43.90135772749102,-3.050627612587032,5.854659713214918
2014-02-07,38.58277791907341,39.98479396938735,1.402016050313943,1.5288328706419354,1.9982468153590178,2.2717569708678447,35.58626549261521,41.579290345531604,36.06823021128367,43.901357727491025,-3.050627612587032,5.854659713214918
2014-02-08,38.5827779190734,39.98479396938735,1.402016050313943,1.5288328706419352,1.9982468153590176,2.2717569708678447,35.586265492615205,41.5792903455316,36.06823021128367,43.901357727491025,-3.050627612587032,5.854659713214918
2014-02-09,39.33201069228099,39.93396060013999,0.601949907859004,1.6894424450319083,1.7276842821811864,1.9413617143862831,36.02070350001845,42.64331788454353,36.54769940706486,43.32022179321512,-3.203119052338111,4.407018868056119
2014-02-10,39.33201069228099,39.93396060013999,0.6019499078590039,1.6894424450319083,1.7276842821811864,1.9413617143862831,36.02070350001845,42.64331788454353,36.54769940706486,43.32022179321512,-3.2031190523381112,4.407018868056119
2014-02-11,39.33201069228099,39.93396060013999,0.6019499078590042,1.689442445031908,1.7276842821811864,1.941361714386283,36.02070350001845,42.64331788454353,36.54769940706486,43.32022179321512,-3.2031190523381103,4.407018868056118
2014-02-12,39.33201069228099,39.93396060013999,0.6019499078590042,1.689442445031908,1.7276842821811864,1.9413617143862831,36.02070350001845,42.64331788454353,36.54769940706486,43.32022179321512,-3.203119052338111,4.407018868056119
2014-02-13,39.33201069228099,39.93396060013999,0.6019499078590038,1.689442445031908,1.7276842821811864,1.941361714386283,36.02070350001845,42.64331788454353,36.54769940706486,43.32022179321512,-3.203119052338111,4.407018868056118
2014-02-14,39.33201069228099,39.93396060014,0.601949907859004,1.6894424450319083,1.7276842821811864,1.9413617143862831,36.02070350001845,42.64331788454353,36.54769940706487,43.320221793215126,-3.203119052338111,4.407018868056119
2014-02-15,39.33201069228099,39.93396060013999,0.6019499078590039,1.689442445031908,1.7276842821811864,1.9413617143862831,36.02070350001845,42.64331788454353,36.54769940706486,43.32022179321512,-3.2031190523381112,4.407018868056119
2014-02-16,39.42719259749587,39.35085104781036,-0.07634154968550855,1.505976952329884,1.9134709776921337,2.1400641291877376,36.475477770929295,42.37890742406244,35.60044793153378,43.10125416408694,-4.270867242893474,4.118184143522456
2014-02-17,39.42719259749587,39.35085104781036,-0.07634154968550841,1.505976952329884,1.9134709776921337,2.1400641291877376,36.475477770929295,42.37890742406244,35.60044793153378,43.10125416408694,-4.270867242893473,4.118184143522457
2014-02-18,39.427192597495875,39.350851047810366,-0.0763415496855086,1.505976952329884,1.913470977692134,2.1400641291877376,36.4754777709293,42.37890742406245,35.600447931533786,43.101254164086946,-4.270867242893474,4.118184143522456
2014-02-19,39.427192597495875,39.350851047810366,-0.07634154968550849,1.505976952329884,1.9134709776921337,2.1400641291877376,36.4754777709293,42.37890742406245,35.600447931533786,43.101254164086946,-4.270867242893474,4.118184143522456
2014-02-20,39.427192597495875,39.350851047810366,-0.0763415496855085,1.505976952329884,1.913470977692134,2.1400641291877376,36.4754777709293,42.37890742406245,35.600447931533786,43.101254164086946,-4.270867242893474,4.118184143522456
2014-02-21,39.427192597495875,39.350851047810366,-0.07634154968550856,1.505976952329884,1.9134709776921337,2.1400641291877376,36.4754777709293,42.37890742406245,35.600447931533786,43.101254164086946,-4.270867242893474,4.118184143522456
2014-02-22,39.42719259749587,39.35085104781036,-0.07634154968550846,1.505976952329884,1.9134709776921337,2.1400641291877376,36.475477770929295,42.37890742406244,35.60044793153378,43.10125416408694,-4.270867242893474,4.118184143522456
2014-02-23,38.23751403105452,39.15889811321332,0.9213840821587914,1.6697007587359745,1.458305899102895,2.363348258992166,34.96490054393201,41.510127518177036,36.30061855097164,42.017177675454995,-3.7107785054658544,5.5535466697834375
2014-02-24,38.23751403105452,39.15889811321331,0.9213840821587916,1.6697007587359745,1.458305899102895,2.363348258992166,34.96490054393201,41.510127518177036,36.300618550971635,42.01717767545499,-3.7107785054658544,5.5535466697834375
2014-02-25,38.237514031054516,39.15889811321331,0.9213840821587912,1.6697007587359745,1.458305899102895,2.363348258992166,34.964900543932,41.51012751817703,36.300618550971635,42.01717767545499,-3.710778505465855,5.5535466697834375
2014-02-26,38.23751403105452,39.15889811321331,0.9213840821587915,1.6697007587359745,1.458305899102895,2.363348258992166,34.96490054393201,41.510127518177036,36.300618550971635,42.01717767545499,-3.7107785054658544,5.5535466697834375
2014-02-27,38.23751403105452,39.15889811321332,0.9213840821587916,1.6697007587359745,1.458305899102895,2.363348258992166,34.96490054393201,41.510127518177036,36.30061855097164,42.017177675454995,-3.7107785054658544,5.5535466697834375
2014-02-28,38.23751403105452,39.15889811321331,0.9213840821587915,1.6697007587359745,1.458305899102895,2.363348258992166,34.96490054393201,41.510127518177036,36.300618550971635,42.01717767545499,-3.7107785054658544,5.5535466697834375
2014-03-01,38.23751403105452,39.15889811321331,0.9213840821587914,1.6697007587359745,1.458305899102895,2.363348258992166,34.96490054393201,41.510127518177036,36.300618550971635,42.01717767545499,-3.7107785054658544,5.5535466697834375
2014-03-02,39.22361663763694,39.62519322931325,0.4015765916763146,1.7835309644432338,1.8628488505170662,1.7532885243561256,35.7278959473282,42.719337327945674,35.9740094822998,43.276376976326695,-3.0348689160616917,3.838022099414321
2014-03-03,39.22361663763693,39.62519322931325,0.4015765916763145,1.7835309644432338,1.8628488505170662,1.7532885243561256,35.72789594732819,42.71933732794567,35.9740094822998,43.276376976326695,-3.0348689160616917,3.838022099414321
2014-03-04,38.96543623273382,39.0012078294016,0.03577159666777772,1.7100186372039483,2.1467511892290747,1.7653156420489515,35.61379970381408,42.31707276165356,34.79357549851262,43.208840160290585,-3.4242470617481673,3.495790255083723
2014-03-05,38.96543623273382,39.0012078294016,0.035771596667777746,1.7100186372039483,2.1467511892290747,1.7653156420489515,35.61379970381408,42.31707276165356,34.79357549851262,43.208840160290585,-3.4242470617481673,3.495790255083723
2014-03-06,38.96543623273382,39.0012078294016,0.03577159666777772,1.7100186372039483,2.1467511892290747,1.7653156420489515,35.61379970381408,42.31707276165356,34.79357549851262,43.208840160290585,-3.4242470617481673,3.495790255083723
2014-03-07,38.96543623273382,39.0012078294016,0.035771596667777676,1.7100186372039483,2.1467511892290747,1.7653156420489515,35.61379970381408,42.31707276165356,34.79357549851262,43.208840160290585,-3.4242470617481673,3.495790255083723
2014-03-08,38.96543623273382,39.0012078294016,0.035771596667777704,1.7100186372039483,2.1467511892290747,1.7653156420489515,35.61379970381408,42.31707276165356,34.79357549851262,43.208840160290585,-3.4242470617481673,3.495790255083723
2014-03-09,39.095627988010264,38.97578681749453,-0.11984117051573351,1.6851557139251188,1.816450643332605,1.833437802974637,35.79272278871703,42.3985331873035,35.415543556562625,42.536030078426435,-3.713379264346022,3.473696923314555
2014-03-10,39.095627988010264,38.97578681749453,-0.11984117051573355,1.6851557139251188,1.8164506433326049,1.833437802974637,35.79272278871703,42.3985331873035,35.415543556562625,42.536030078426435,-3.713379264346022,3.473696923314555
2014-03-11,39.095627988010264,38.97578681749453,-0.11984117051573348,1.6851557139251188,1.8164506433326049,1.8334378029746368,35.79272278871703,42.3985331873035,35.415543556562625,42.536030078426435,-3.7133792643460217,3.4736969233145545
2014-03-12,39.09562798801027,38.97578681749454,-0.11984117051573358,1.685155713925119,1.816450643332605,1.833437802974637,35.792722788717036,42.39853318730351,35.41554355656263,42.53603007842644,-3.713379264346022,3.473696923314555
2014-03-13,39.09562798801027,38.97578681749454,-0.11984117051573362,1.685155713925119,1.816450643332605,1.833437802974637,35.792722788717036,42.39853318730351,35.41554355656263,42.53603007842644,-3.713379264346022,3.473696923314555
2014-03-14,39.09562798801027,38.97578681749454,-0.11984117051573359,1.685155713925119,1.816450643332605,1.833437802974637,35.792722788717036,42.39853318730351,35.41554355656263,42.53603007842644,-3.713379264346022,3.473696923314555
2014-03-15,39.09562798801027,38.97578681749454,-0.11984117051573351,1.685155713925119,1.816450643332605,1.833437802974637,35.792722788717036,42.39853318730351,35.41554355656263,42.53603007842644,-3.713379264346022,3.473696923314555
2014-03-16,38.66375983990743,39.03713842636544,0.3733785864580083,1.806825736234335,1.644764607079441,1.9547545549416159,35.12238139688813,42.205138282926725,35.81339979648973,42.26087705624114,-3.457940341227559,4.204697514143575
2014-03-17,38.66375983990743,39.03713842636544,0.37337858645800825,1.806825736234335,1.644764607079441,1.9547545549416159,35.12238139688813,42.205138282926725,35.81339979648973,42.26087705624114,-3.457940341227559,4.204697514143575
2014-03-18,38.66375983990743,39.03713842636544,0.3733785864580082,1.806825736234335,1.644764607079441,1.9547545549416159,35.12238139688813,42.205138282926725,35.81339979648973,42.26087705624114,-3.457940341227559,4.204697514143575
2014-03-19,38.66375983990743,39.03713842636543,0.3733785864580082,1.806825736234335,1.644764607079441,1.9547545549416157,35.12238139688813,42.205138282926725,35.813399796489726,42.260877056241135,-3.4579403412275584,4.204697514143575
2014-03-20,38.978640077621584,39.06935037685017,0.09071029922858759,1.6870864165340265,1.4449749621882724,1.7917535443323052,35.67195070121489,42.28532945402828,36.23719945096116,41.90150130273918,-3.4211266476627302,3.6025472461199057
2014-03-21,38.97864007762158,39.06935037685017,0.09071029922858766,1.6870864165340265,1.4449749621882724,1.7917535443323052,35.67195070121488,42.28532945402827,36.23719945096116,41.90150130273918,-3.4211266476627302,3.6025472461199057
2014-03-22,38.978640077621584,39.069350376850174,0.09071029922858762,1.6870864165340267,1.4449749621882724,1.7917535443323052,35.67195070121489,42.28532945402828,36.23719945096116,41.90150130273919,-3.4211266476627302,3.6025472461199057
2014-03-23,38.36674146160074,38.05428358879974,-0.31245787280099757,1.580985913082708,1.5200329345810923,1.3820466323185794,35.26800907195863,41.46547385124285,35.0750190370208,41.03354814057868,-3.021269272145413,2.396353526543418
2014-03-24,38.36674146160073,38.05428358879974,-0.31245787280099757,1.580985913082708,1.5200329345810923,1.3820466323185794,35.26800907195862,41.46547385124284,35.0750190370208,41.03354814057868,-3.021269272145413,2.396353526543418
2014-03-25,38.36674146160074,38.05428358879974,-0.3124578728009976,1.580985913082708,1.5200329345810923,1.3820466323185794,35.26800907195863,41.46547385124285,35.0750190370208,41.03354814057868,-3.021269272145413,2.396353526543418
2014-03-26,38.36674146160074,38.05428358879974,-0.3124578728009976,1.5809859130827082,1.5200329345810923,1.3820466323185794,35.26800907195863,41.46547385124285,35.0750190370208,41.03354814057868,-3.021269272145413,2.396353526543418
2014-03-27,38.36674146160073,38.05428358879974,-0.31245787280099757,1.580985913082708,1.5200329345810923,1.3820466323185794,35.26800907195862,41.46547385124284,35.0750190370208,41.03354814057868,-3.021269272145413,2.396353526543418
2014-03-28,38.36674146160074,38.05428358879974,-0.3124578728009976,1.5809859130827082,1.5200329345810923,1.3820466323185794,35.26800907195863,41.46547385124285,35.0750190370208,41.03354814057868,-3.021269272145413,2.396353526543418
2014-03-29,38.36674146160074,38.05428358879974,-0.3124578728009977,1.5809859130827082,1.5200329345810923,1.3820466323185794,35.26800907195863,41.46547385124285,35.0750190370208,41.03354814057868,-3.021269272145413,2.396353526543418
2014-03-30,37.970253896226794,37.71959911793358,-0.25065477829320965,1.4180355544384904,1.4376351468212656,1.147108670895945,35.19090420952735,40.749603582926234,34.9018342301639,40.53736400570327,-2.498987773249262,1.9976782166628426
2014-03-31,38.100217054291086,37.785006781914454,-0.3152102723766296,1.274907373639126,1.2751761197386333,1.0191329451298894,35.6013986019584,40.59903550662377,35.285661587226734,40.284351976602174,-2.3127108448312126,1.6822903000779537
2014-04-01,38.10021705429109,37.78500678191446,-0.31521027237662963,1.274907373639126,1.2751761197386333,1.0191329451298896,35.60139860195841,40.59903550662378,35.28566158722674,40.28435197660218,-2.312710844831213,1.6822903000779539
2014-04-02,38.100217054291086,37.785006781914454,-0.3152102723766296,1.2749073736391259,1.2751761197386333,1.0191329451298894,35.6013986019584,40.59903550662377,35.285661587226734,40.284351976602174,-2.3127108448312126,1.6822903000779537
2014-04-03,38.100217054291086,37.785006781914454,-0.31521027237662963,1.274907373639126,1.2751761197386333,1.0191329451298894,35.6013986019584,40.59903550662377,35.285661587226734,40.284351976602174,-2.3127108448312126,1.6822903000779534
2014-04-04,38.100217054291086,37.78500678191446,-0.31521027237662963,1.274907373639126,1.2751761197386333,1.0191329451298896,35.6013986019584,40.59903550662377,35.28566158722674,40.28435197660218,-2.312710844831213,1.6822903000779539
2014-04-05,38.100217054291086,37.785006781914454,-0.31521027237662963,1.274907373639126,1.2751761197386333,1.0191329451298896,35.6013986019584,40.59903550662377,35.285661587226734,40.284351976602174,-2.312710844831213,1.6822903000779539
2014-04-06,38.18675626313539,37.99512850152586,-0.19162776160953574,1.1962763482765255,1.2879511378301458,0.9708615251814671,35.8420546205134,40.531457905757385,35.47074427137878,40.51951273167295,-2.094516350965211,1.7112608277461399
2014-04-07,38.18675626313539,37.995128501525855,-0.19162776160953574,1.1962763482765255,1.2879511378301458,0.9708615251814671,35.8420546205134,40.531457905757385,35.47074427137877,40.51951273167294,-2.094516350965211,1.7112608277461399
2014-04-08,38.18675626313539,37.995128501525855,-0.1916277616095357,1.1962763482765255,1.2879511378301458,0.970861525181467,35.8420546205134,40.531457905757385,35.47074427137877,40.51951273167294,-2.094516350965211,1.7112608277461396
2014-04-09,38.18675626313539,37.995128501525855,-0.19162776160953574,1.1962763482765255,1.2879511378301458,0.9708615251814671,35.8420546205134,40.531457905757385,35.47074427137877,40.51951273167294,-2.094516350965211,1.7112608277461399
2014-04-10,39.49968239923757,38.2049514632543,-1.294730935983276,2.4849727139032587,1.1695523668220877,2.073400750374798,34.62913587998718,44.37022891848796,35.912628824283004,40.49727410222559,-5.35859640671788,2.769134534751328
2014-04-11,39.499682399237564,38.20495146325429,-1.2947309359832757,2.4849727139032587,1.1695523668220877,2.073400750374798,34.629135879987174,44.37022891848795,35.912628824283,40.49727410222558,-5.358596406717879,2.7691345347513283
2014-04-12,39.499682399237564,38.2049514632543,-1.2947309359832757,2.4849727139032587,1.1695523668220877,2.073400750374798,34.629135879987174,44.37022891848795,35.912628824283004,40.49727410222559,-5.358596406717879,2.7691345347513283
2014-04-13,39.38349943986401,38.19142957596266,-1.1920698639013503,2.3123106015250485,1.0731161417620625,1.9225302517243692,34.85137066087491,43.91562821885311,36.08812193810902,40.2947372138163,-4.9602291572811135,2.5760894294784134
2014-04-14,39.38349943986401,38.19142957596266,-1.1920698639013503,2.3123106015250485,1.0731161417620623,1.9225302517243692,34.85137066087491,43.91562821885311,36.08812193810902,40.2947372138163,-4.9602291572811135,2.5760894294784134
2014-04-15,39.25327197972905,39.08056035154821,-0.1727116281808429,2.0563989671107334,1.8998461840011303,2.550510762101756,35.222730004192016,43.28381395526608,35.35686183090599,42.804258872190424,-5.171712721900285,4.826289465538599
2014-04-16,39.25327197972905,39.08056035154821,-0.17271162818084293,2.0563989671107334,1.8998461840011303,2.550510762101756,35.222730004192016,43.28381395526608,35.35686183090599,42.804258872190424,-5.171712721900285,4.826289465538599
2014-04-17,39.25327197972905,39.08056035154821,-0.172711628180843,2.0563989671107334,1.8998461840011303,2.550510762101756,35.222730004192016,43.28381395526608,35.35686183090599,42.804258872190424,-5.171712721900285,4.826289465538599
2014-04-18,39.25327197972905,39.08056035154821,-0.17271162818084296,2.0563989671107334,1.8998461840011303,2.550510762101756,35.222730004192016,43.28381395526608,35.35686183090599,42.804258872190424,-5.171712721900285,4.826289465538599
2014-04-19,39.25327197972905,39.08056035154821,-0.17271162818084293,2.0563989671107334,1.8998461840011303,2.550510762101756,35.222730004192016,43.28381395526608,35.35686183090599,42.804258872190424,-5.171712721900285,4.826289465538599
2014-04-20,39.15979579636313,39.49366490226399,0.3338691059008627,1.8925651625668989,1.9157943637094175,2.5589710683705063,35.45036807773201,42.869223514994246,35.73870794939353,43.248621855134445,-4.68171418810533,5.3494523999070545
2014-04-21,39.15979579636313,39.49366490226399,0.3338691059008626,1.8925651625668989,1.9157943637094172,2.5589710683705063,35.45036807773201,42.869223514994246,35.73870794939353,43.248621855134445,-4.68171418810533,5.3494523999070545
2014-04-22,39.15979579636313,39.493664902263994,0.33386910590086283,1.8925651625668989,1.9157943637094175,2.5589710683705063,35.45036807773201,42.869223514994246,35.738707949393536,43.24862185513445,-4.681714188105329,5.349452399907055
2014-04-23,39.15979579636313,39.493664902263994,0.3338691059008628,1.8925651625668989,1.9157943637094175,2.5589710683705063,35.45036807773201,42.869223514994246,35.738707949393536,43.24862185513445,-4.681714188105329,5.349452399907055
2014-04-24,39.15979579636313,39.493664902263994,0.3338691059008629,1.8925651625668989,1.9157943637094175,2.5589710683705063,35.45036807773201,42.869223514994246,35.738707949393536,43.24862185513445,-4.681714188105329,5.349452399907055
2014-04-25,39.15979579636313,39.49366490226399,0.33386910590086294,1.8925651625668987,1.9157943637094172,2.5589710683705063,35.45036807773201,42.869223514994246,35.73870794939353,43.248621855134445,-4.681714188105329,5.349452399907055
2014-04-26,39.15979579636313,39.493664902263994,0.3338691059008629,1.8925651625668989,1.9157943637094175,2.5589710683705063,35.45036807773201,42.869223514994246,35.738707949393536,43.24862185513445,-4.681714188105329,5.349452399907055
2014-04-27,38.43485977136097,40.587778864494254,2.15291909313328,1.80651838171943,1.9555932769030346,3.099867167993377,34.89408374319089,41.97563579953105,36.75481604176431,44.4207416872242,-3.9228205561337393,8.228658742400299
2014-04-28,38.43485977136098,40.58777886449426,2.1529190931332804,1.80651838171943,1.9555932769030349,3.099867167993377,34.894083743190905,41.97563579953106,36.754816041764315,44.42074168722421,-3.922820556133739,8.228658742400299
2014-04-29,38.43485977136098,40.58777886449426,2.1529190931332804,1.80651838171943,1.9555932769030349,3.099867167993377,34.894083743190905,41.97563579953106,36.754816041764315,44.42074168722421,-3.922820556133739,8.228658742400299
2014-04-30,39.59430754525941,40.50791030512383,0.9136027598644184,2.4024880006189013,1.6623110136561607,3.2891531874266735,34.885431064046365,44.30318402647246,37.249780718357755,43.7660398918899,-5.533137487491861,7.360343007220698
2014-05-01,39.59430754525941,40.50791030512383,0.9136027598644184,2.4024880006189013,1.6623110136561607,3.2891531874266735,34.885431064046365,44.30318402647246,37.249780718357755,43.7660398918899,-5.533137487491861,7.360343007220698
2014-05-02,39.59430754525941,40.50791030512383,0.9136027598644185,2.402488000618901,1.6623110136561607,3.2891531874266735,34.885431064046365,44.30318402647246,37.249780718357755,43.7660398918899,-5.533137487491861,7.360343007220698
2014-05-03,39.59430754525941,40.507910305123836,0.9136027598644187,2.4024880006189013,1.6623110136561607,3.289153187426674,34.885431064046365,44.30318402647246,37.24978071835776,43.76603989188991,-5.533137487491862,7.360343007220699
2014-05-04,39.5627265315136,40.32041910432797,0.7576925728143655,1.9965689808951539,1.846667570343955,3.039654338671851,35.649451328959096,43.4760017340681,36.700950666453814,43.93988754220212,-5.2000299309824625,6.715415076611193
2014-05-05,39.5627265315136,40.32041910432796,0.7576925728143655,1.9965689808951539,1.8466675703439548,3.039654338671851,35.649451328959096,43.4760017340681,36.70095066645381,43.939887542202115,-5.2000299309824625,6.715415076611193
2014-05-06,39.562726531513604,40.32041910432797,0.7576925728143659,1.9965689808951539,1.846667570343955,3.039654338671851,35.6494513289591,43.476001734068106,36.700950666453814,43.93988754220212,-5.200029930982462,6.715415076611194
2014-05-07,39.5627265315136,40.32041910432796,0.7576925728143655,1.9965689808951539,1.8466675703439548,3.039654338671851,35.649451328959096,43.4760017340681,36.70095066645381,43.939887542202115,-5.2000299309824625,6.715415076611193
2014-05-08,39.5627265315136,40.32041910432797,0.7576925728143656,1.9965689808951539,1.846667570343955,3.039654338671851,35.649451328959096,43.4760017340681,36.700950666453814,43.93988754220212,-5.2000299309824625,6.715415076611193
2014-05-09,39.5627265315136,40.32041910432796,0.7576925728143655,1.9965689808951539,1.8466675703439548,3.039654338671851,35.649451328959096,43.4760017340681,36.70095066645381,43.939887542202115,-5.2000299309824625,6.715415076611193
2014-05-10,39.5627265315136,40.32041910432797,0.7576925728143656,1.9965689808951539,1.846667570343955,3.039654338671851,35.649451328959096,43.4760017340681,36.700950666453814,43.93988754220212,-5.2000299309824625,6.715415076611193
2014-05-11,39.42436717646651,39.99548855605463,0.5711213795881237,1.8596649839297401,1.8535163017424476,2.807307020258743,35.77942380796422,43.0693105449688,36.362596604639435,43.62838050746983,-4.931200380119012,6.073443139295259
2014-05-12,39.424367176466504,39.99548855605463,0.5711213795881238,1.8596649839297401,1.8535163017424476,2.807307020258743,35.779423807964214,43.06931054496879,36.362596604639435,43.62838050746983,-4.931200380119012,6.073443139295259
2014-05-13,39.74323869170759,39.55534004936554,-0.18789864234204762,1.733585631175488,1.7918786891339824,2.798198810713768,36.345410854603635,43.14106652881154,36.04325781866294,43.06742228006814,-5.672368311341033,5.296571026656937
2014-05-14,39.74323869170759,39.55534004936554,-0.1878986423420476,1.7335856311754883,1.7918786891339824,2.798198810713768,36.345410854603635,43.14106652881154,36.04325781866294,43.06742228006814,-5.672368311341033,5.296571026656937
2014-05-15,39.74323869170759,39.55534004936554,-0.18789864234204764,1.733585631175488,1.7918786891339824,2.798198810713768,36.345410854603635,43.14106652881154,36.04325781866294,43.06742228006814,-5.672368311341033,5.296571026656937
2014-05-16,39.74323869170759,39.55534004936554,-0.18789864234204767,1.733585631175488,1.7918786891339824,2.798198810713768,36.345410854603635,43.14106652881154,36.04325781866294,43.06742228006814,-5.672368311341033,5.296571026656937
2014-05-17,39.74323869170759,39.55534004936554,-0.1878986423420477,1.733585631175488,1.7918786891339824,2.798198810713768,36.345410854603635,43.14106652881154,36.04325781866294,43.06742228006814,-5.672368311341033,5.296571026656937
2014-05-18,39.75463352757868,39.132635821505495,-0.6219977060731858,1.5683862492025489,1.872086947943357,2.694291945198795,36.680596479141684,42.82867057601568,35.463345403536515,42.801926239474476,-5.9028099186628245,4.658814506516452
2014-05-19,39.004075632230595,38.18235554401707,-0.8217200882135235,1.5725466058783548,1.9214317322108696,2.1444575838115654,35.92188428470902,42.08626697975217,34.41634934888377,41.94836173915037,-5.024856952484192,3.3814167760571445
2014-05-20,39.004075632230595,38.18235554401707,-0.8217200882135235,1.5725466058783548,1.9214317322108696,2.144457583811565,35.92188428470902,42.08626697975217,34.41634934888377,41.94836173915037,-5.024856952484191,3.3814167760571436
2014-05-21,39.0040756322306,38.18235554401708,-0.8217200882135237,1.5725466058783548,1.9214317322108698,2.1444575838115654,35.92188428470903,42.086266979752175,34.41634934888377,41.948361739150386,-5.024856952484192,3.3814167760571445
2014-05-22,39.004075632230595,38.18235554401708,-0.8217200882135236,1.5725466058783548,1.9214317322108696,2.144457583811565,35.92188428470902,42.08626697975217,34.41634934888377,41.948361739150386,-5.024856952484191,3.3814167760571436
2014-05-23,39.0040756322306,38.18235554401708,-0.8217200882135235,1.5725466058783548,1.9214317322108698,2.144457583811565,35.92188428470903,42.086266979752175,34.41634934888377,41.948361739150386,-5.024856952484191,3.3814167760571436
2014-05-24,39.0040756322306,38.18235554401708,-0.8217200882135236,1.5725466058783548,1.9214317322108698,2.1444575838115654,35.92188428470903,42.086266979752175,34.41634934888377,41.948361739150386,-5.024856952484192,3.3814167760571445
2014-05-25,39.28778401758683,38.19620036543867,-1.0915836521481603,1.5760371367811963,1.7631132361543325,2.0574073374767736,36.198751229495684,42.376816805677976,34.74049842257618,41.65190230830116,-5.124102033602637,2.940934729306316
2014-05-26,39.28778401758682,38.19620036543866,-1.0915836521481601,1.5760371367811963,1.7631132361543325,2.0574073374767736,36.19875122949568,42.37681680567797,34.740498422576174,41.65190230830115,-5.124102033602637,2.940934729306316
2014-05-27,39.28778401758683,38.19620036543866,-1.0915836521481601,1.5760371367811963,1.7631132361543325,2.0574073374767736,36.198751229495684,42.376816805677976,34.740498422576174,41.65190230830115,-5.124102033602637,2.940934729306316
2014-05-28,39.28778401758683,38.19620036543866,-1.0915836521481601,1.5760371367811963,1.7631132361543325,2.0574073374767736,36.198751229495684,42.376816805677976,34.740498422576174,41.65190230830115,-5.124102033602637,2.940934729306316
2014-05-29,39.28778401758682,38.19620036543866,-1.0915836521481601,1.5760371367811963,1.7631132361543325,2.0574073374767736,36.19875122949568,42.37681680567797,34.740498422576174,41.65190230830115,-5.124102033602637,2.940934729306316
2014-05-30,39.28778401758682,38.19620036543866,-1.0915836521481601,1.576037136781196,1.7631132361543322,2.0574073374767736,36.19875122949568,42.37681680567797,34.740498422576174,41.65190230830115,-5.124102033602637,2.940934729306316
2014-05-31,39.28778401758682,38.19620036543866,-1.0915836521481599,1.5760371367811963,1.7631132361543325,2.0574073374767736,36.19875122949568,42.37681680567797,34.740498422576174,41.65190230830115,-5.124102033602636,2.9409347293063166
2014-06-01,40.440000646639675,39.488220511419705,-0.9517801352199718,1.6212853044537767,1.8794701941585055,1.3865299936547404,37.262281449910276,43.61771984336907,35.80445893086903,43.17198209197038,-3.669378922783263,1.7658186523433193
2014-06-02,40.440000646639675,39.4882205114197,-0.9517801352199717,1.6212853044537767,1.8794701941585052,1.3865299936547406,37.262281449910276,43.61771984336907,35.804458930869025,43.17198209197037,-3.669378922783263,1.76581865234332
2014-06-03,39.74992005339355,39.81619157841299,0.06627152501943376,2.049978549365055,1.8184953846626977,2.4195907130551104,35.73196209663804,43.76787801014906,36.2519406244741,43.38044253235188,-4.676126272568583,4.80866932260745
2014-06-04,39.74992005339356,39.81619157841299,0.06627152501943387,2.049978549365055,1.8184953846626977,2.419590713055111,35.73196209663805,43.76787801014907,36.2519406244741,43.38044253235188,-4.676126272568584,4.808669322607451
2014-06-05,39.74992005339356,39.816191578413,0.06627152501943373,2.049978549365055,1.8184953846626977,2.4195907130551104,35.73196209663805,43.76787801014907,36.25194062447411,43.380442532351886,-4.676126272568583,4.80866932260745
2014-06-06,39.74992005339356,39.81619157841299,0.0662715250194338,2.049978549365055,1.8184953846626977,2.4195907130551104,35.73196209663805,43.76787801014907,36.2519406244741,43.38044253235188,-4.676126272568583,4.80866932260745
2014-06-07,39.74992005339356,39.81619157841299,0.06627152501943388,2.049978549365055,1.8184953846626977,2.419590713055111,35.73196209663805,43.76787801014907,36.2519406244741,43.38044253235188,-4.676126272568584,4.808669322607451
2014-06-08,39.73408931155999,39.42683383905473,-0.30725547250526164,1.8984031804550168,1.9342107160566229,2.419010579003966,36.01321907786816,43.454959545251825,35.63578083558375,43.21788684252571,-5.048516207353035,4.434005262342511
2014-06-09,39.66225143082738,39.49314661212876,-0.16910481869861715,1.6773305757044255,1.707996797793334,2.145956825405028,36.37468350244671,42.94981935920806,36.145472888453824,42.8408203358037,-4.3751801964924715,4.036970559095237
2014-06-10,39.662251430827375,39.49314661212876,-0.1691048186986171,1.6773305757044255,1.7079967977933337,2.145956825405028,36.3746835024467,42.94981935920805,36.145472888453824,42.8408203358037,-4.3751801964924715,4.036970559095237
2014-06-11,39.66225143082738,39.49314661212876,-0.16910481869861702,1.6773305757044255,1.7079967977933337,2.145956825405028,36.37468350244671,42.94981935920806,36.145472888453824,42.8408203358037,-4.3751801964924715,4.036970559095237
2014-06-12,39.66225143082738,39.49314661212876,-0.16910481869861702,1.6773305757044255,1.7079967977933337,2.145956825405028,36.37468350244671,42.94981935920806,36.145472888453824,42.8408203358037,-4.3751801964924715,4.036970559095237
2014-06-13,39.662251430827375,39.49314661212876,-0.16910481869861693,1.6773305757044255,1.7079967977933337,2.145956825405028,36.3746835024467,42.94981935920805,36.145472888453824,42.8408203358037,-4.3751801964924715,4.036970559095237
2014-06-14,39.662251430827375,39.49314661212876,-0.16910481869861696,1.6773305757044255,1.7079967977933337,2.145956825405028,36.3746835024467,42.94981935920805,36.145472888453824,42.8408203358037,-4.3751801964924715,4.036970559095237
2014-06-15,39.29656614126846,39.12165427662337,-0.174911864645087,1.7209898718827163,1.7846727010005676,1.946462024367643,35.923425992378334,42.66970629015858,35.62369578266225,42.61961277058448,-3.989977432405667,3.640153703115493
2014-06-16,39.29656614126846,39.12165427662337,-0.17491186464508707,1.7209898718827163,1.7846727010005676,1.946462024367643,35.923425992378334,42.66970629015858,35.62369578266225,42.61961277058448,-3.989977432405667,3.640153703115493
2014-06-17,39.29656614126846,39.121654276623374,-0.17491186464508712,1.7209898718827163,1.7846727010005679,1.9464620243676427,35.923425992378334,42.66970629015858,35.62369578266226,42.61961277058449,-3.9899774324056665,3.6401537031154927
2014-06-18,39.29656614126846,39.12165427662337,-0.17491186464508715,1.7209898718827163,1.7846727010005679,1.9464620243676427,35.923425992378334,42.66970629015858,35.62369578266225,42.61961277058448,-3.989977432405667,3.6401537031154922
2014-06-19,39.29656614126846,39.12165427662337,-0.17491186464508698,1.7209898718827161,1.7846727010005676,1.946462024367643,35.923425992378334,42.66970629015858,35.62369578266225,42.61961277058448,-3.989977432405667,3.640153703115493
2014-06-20,39.29656614126846,39.12165427662337,-0.1749118646450871,1.7209898718827163,1.7846727010005676,1.9464620243676427,35.923425992378334,42.66970629015858,35.62369578266225,42.61961277058448,-3.9899774324056665,3.6401537031154927
2014-06-21,39.29656614126846,39.121654276623374,-0.17491186464508707,1.7209898718827166,1.7846727010005679,1.946462024367643,35.923425992378334,42.66970629015858,35.62369578266226,42.61961277058449,-3.989977432405667,3.640153703115493
2014-06-22,39.4241845638229,37.987460320835595,-1.4367242429873028,1.2039305355027348,1.6914146712816003,1.9612508827150958,37.06448071423754,41.783888413408256,34.67228756512366,41.30263307654753,-5.280775973108891,2.4073274871342853
2014-06-23,39.521061863873285,38.359940230677864,-1.1611216331954233,1.0604891659481972,1.7300050388056591,1.8212754693112265,37.44250309861482,41.59962062913175,34.96913035461877,41.75075010673696,-4.730821553045427,2.408578286654581
2014-06-24,39.52106186387329,38.35994023067787,-1.1611216331954233,1.0604891659481972,1.7300050388056591,1.8212754693112267,37.44250309861483,41.599620629131756,34.96913035461878,41.750750106736966,-4.730821553045428,2.4085782866545813
2014-06-25,39.521061863873285,38.359940230677864,-1.1611216331954228,1.0604891659481972,1.7300050388056591,1.8212754693112265,37.44250309861482,41.59962062913175,34.96913035461877,41.75075010673696,-4.730821553045427,2.4085782866545813
2014-06-26,39.521061863873285,38.359940230677864,-1.1611216331954233,1.0604891659481972,1.7300050388056591,1.8212754693112263,37.44250309861482,41.59962062913175,34.96913035461877,41.75075010673696,-4.730821553045427,2.4085782866545804
2014-06-27,39.521061863873285,38.359940230677864,-1.1611216331954233,1.0604891659481972,1.7300050388056591,1.8212754693112265,37.44250309861482,41.59962062913175,34.96913035461877,41.75075010673696,-4.730821553045427,2.408578286654581
2014-06-28,39.521061863873285,38.359940230677864,-1.161121633195423,1.0604891659481972,1.7300050388056591,1.8212754693112263,37.44250309861482,41.59962062913175,34.96913035461877,41.75075010673696,-4.730821553045427,2.4085782866545804
2014-06-29,39.392612794399014,38.34281303505812,-1.0497997593408894,1.0188469612748092,1.5927020198985333,1.6955217407320766,37.395672750300385,41.38955283849764,35.221117076057,41.464508994059244,-4.373022371175759,2.273422852493981
2014-06-30,39.43577174423627,38.51939153541099,-0.9163802088252788,0.8781621211455551,1.3998628150227233,1.4736042865720742,37.71457398679098,41.15696950168156,35.77566041796645,41.26312265285553,-3.8046446105065446,1.9718841928559867
2014-07-01,39.43577174423627,38.51939153541099,-0.9163802088252788,0.8781621211455551,1.3998628150227233,1.4736042865720742,37.71457398679098,41.15696950168156,35.77566041796645,41.26312265285553,-3.8046446105065446,1.9718841928559867
2014-07-02,39.43577174423627,38.51939153541099,-0.9163802088252788,0.8781621211455551,1.3998628150227233,1.4736042865720742,37.71457398679098,41.15696950168156,35.77566041796645,41.26312265285553,-3.8046446105065446,1.9718841928559867
2014-07-03,39.43577174423626,38.51939153541099,-0.9163802088252788,0.8781621211455551,1.3998628150227233,1.4736042865720742,37.714573986790974,41.15696950168155,35.77566041796645,41.26312265285553,-3.8046446105065446,1.9718841928559867
2014-07-04,39.43577174423627,38.51939153541099,-0.9163802088252789,0.8781621211455551,1.3998628150227233,1.4736042865720742,37.71457398679098,41.15696950168156,35.77566041796645,41.26312265285553,-3.8046446105065446,1.9718841928559865
2014-07-05,39.43577174423627,38.51939153541099,-0.9163802088252789,0.8781621211455551,1.3998628150227233,1.4736042865720742,37.71457398679098,41.15696950168156,35.77566041796645,41.26312265285553,-3.8046446105065446,1.9718841928559865
2014-07-06,39.496472106333634,38.47106262905318,-1.0254094772804594,0.7957691772741797,1.2867651860826737,1.36405327246563,37.936764518876245,41.05617969379102,35.94900286433114,40.99312239377522,-3.6989538913130944,1.6481349367521756
2014-07-07,39.496472106333634,38.47106262905318,-1.0254094772804596,0.7957691772741797,1.2867651860826739,1.3640532724656302,37.936764518876245,41.05617969379102,35.949002864331135,40.993122393775224,-3.698953891313095,1.6481349367521758
2014-07-08,39.496472106333634,38.47106262905318,-1.0254094772804594,0.7957691772741797,1.2867651860826737,1.36405327246563,37.936764518876245,41.05617969379102,35.94900286433114,40.99312239377522,-3.6989538913130944,1.6481349367521756
2014-07-09,39.49647210633364,38.47106262905318,-1.0254094772804594,0.7957691772741798,1.2867651860826739,1.3640532724656302,37.936764518876245,41.05617969379104,35.949002864331135,40.993122393775224,-3.698953891313095,1.648134936752176
2014-07-10,39.496472106333634,38.47106262905317,-1.0254094772804594,0.7957691772741796,1.2867651860826737,1.36405327246563,37.936764518876245,41.05617969379102,35.949002864331135,40.99312239377521,-3.6989538913130944,1.6481349367521756
2014-07-11,39.49647210633364,38.47106262905318,-1.0254094772804596,0.7957691772741798,1.2867651860826739,1.3640532724656302,37.936764518876245,41.05617969379104,35.949002864331135,40.993122393775224,-3.698953891313095,1.6481349367521758
2014-07-12,39.496472106333634,38.47106262905318,-1.0254094772804596,0.7957691772741797,1.2867651860826739,1.3640532724656302,37.936764518876245,41.05617969379102,35.949002864331135,40.993122393775224,-3.698953891313095,1.6481349367521758
2014-07-13,39.050317621961696,38.4137297652353,-0.6365878567263934,1.058247558133266,1.1448428352560565,1.3790612088339989,36.976152408020496,41.124482835902896,36.16983780813343,40.657621722337176,-3.339547826041031,2.0663721125882444
2014-07-14,39.606927859998926,39.35837948818615,-0.24854837181277945,1.1845792493469436,1.6597447952909008,1.2627985584323316,37.28515253127892,41.928703188718934,36.10527968941599,42.61147928695632,-2.7236335463401495,2.22653680271459
2014-07-15,39.606927859998926,39.358379488186145,-0.24854837181277936,1.1845792493469436,1.6597447952909006,1.2627985584323314,37.28515253127892,41.928703188718934,36.10527968941598,42.61147928695631,-2.7236335463401486,2.22653680271459
2014-07-16,39.606927859998926,39.358379488186145,-0.24854837181277936,1.1845792493469436,1.6597447952909008,1.2627985584323314,37.28515253127892,41.928703188718934,36.10527968941598,42.61147928695631,-2.7236335463401486,2.22653680271459
2014-07-17,39.606927859998926,39.358379488186145,-0.24854837181277933,1.1845792493469436,1.6597447952909008,1.2627985584323314,37.28515253127892,41.928703188718934,36.10527968941598,42.61147928695631,-2.7236335463401486,2.22653680271459
2014-07-18,39.60692785999893,39.35837948818615,-0.24854837181277928,1.1845792493469438,1.6597447952909008,1.2627985584323316,37.285152531278925,41.92870318871894,36.10527968941599,42.61147928695632,-2.723633546340149,2.2265368027145906
2014-07-19,39.60692785999893,39.35837948818615,-0.24854837181277933,1.1845792493469438,1.6597447952909008,1.2627985584323316,37.285152531278925,41.92870318871894,36.10527968941599,42.61147928695632,-2.723633546340149,2.2265368027145906
2014-07-20,40.018893588575686,39.40771345716277,-0.6111801314129129,1.754855862555362,1.2592788521638887,1.7050261639157531,36.57937609796718,43.458411079184195,36.93952690692155,41.87590000740399,-3.953031412687789,2.730671149861963
2014-07-21,40.018893588575686,39.40771345716277,-0.611180131412913,1.7548558625553619,1.2592788521638887,1.7050261639157531,36.57937609796718,43.458411079184195,36.93952690692155,41.87590000740399,-3.953031412687789,2.730671149861963
2014-07-22,40.19559419558515,39.34605502148253,-0.8495391741026236,1.5799677099741516,1.114003015872768,1.5546425575185279,37.09885748403581,43.29233090713449,37.1626091103719,41.52950093259315,-3.896638586838938,2.197560238633691
2014-07-23,40.19559419558515,39.34605502148253,-0.8495391741026236,1.5799677099741516,1.114003015872768,1.5546425575185279,37.09885748403581,43.29233090713449,37.1626091103719,41.52950093259315,-3.896638586838938,2.197560238633691
2014-07-24,40.19559419558515,39.346055021482535,-0.8495391741026236,1.5799677099741516,1.1140030158727683,1.554642557518528,37.09885748403581,43.29233090713449,37.16260911037191,41.52950093259316,-3.8966385868389386,2.1975602386336917
2014-07-25,40.19559419558516,39.346055021482535,-0.8495391741026237,1.5799677099741516,1.1140030158727683,1.554642557518528,37.09885748403582,43.2923309071345,37.16260911037191,41.52950093259316,-3.8966385868389386,2.1975602386336917
2014-07-26,40.19559419558515,39.34605502148253,-0.8495391741026237,1.5799677099741516,1.114003015872768,1.554642557518528,37.09885748403581,43.29233090713449,37.1626091103719,41.52950093259315,-3.8966385868389386,2.1975602386336917
2014-07-27,40.151972453452785,39.332171780389196,-0.8198006730635923,1.4159875333837957,1.0140191300205539,1.3983311601966133,37.37663688802055,42.92730801888502,37.34469428554891,41.31964927522948,-3.560529747048954,1.9209284009217695
2014-07-28,40.151972453452785,39.332171780389196,-0.8198006730635923,1.4159875333837957,1.0140191300205539,1.3983311601966133,37.37663688802055,42.92730801888502,37.34469428554891,41.31964927522948,-3.560529747048954,1.9209284009217695
2014-07-29,40.151972453452785,39.332171780389196,-0.8198006730635922,1.4159875333837955,1.0140191300205539,1.398331160196613,37.37663688802055,42.92730801888502,37.34469428554891,41.31964927522948,-3.5605297470489536,1.920928400921769
2014-07-30,40.151972453452785,39.33217178038919,-0.8198006730635922,1.4159875333837955,1.0140191300205539,1.3983311601966133,37.37663688802055,42.92730801888502,37.344694285548904,41.31964927522947,-3.560529747048954,1.9209284009217695
2014-07-31,40.151972453452785,39.33217178038919,-0.8198006730635922,1.4159875333837955,1.0140191300205539,1.398331160196613,37.37663688802055,42.92730801888502,37.344694285548904,41.31964927522947,-3.5605297470489536,1.920928400921769
2014-08-01,40.151972453452785,39.332171780389196,-0.8198006730635923,1.4159875333837957,1.0140191300205539,1.3983311601966133,37.37663688802055,42.92730801888502,37.34469428554891,41.31964927522948,-3.560529747048954,1.9209284009217695
2014-08-02,40.151972453452785,39.332171780389196,-0.8198006730635922,1.4159875333837955,1.0140191300205539,1.3983311601966133,37.37663688802055,42.92730801888502,37.34469428554891,41.31964927522948,-3.560529747048954,1.9209284009217695
2014-08-03,39.31589718748608,40.06152161020265,0.7456244227165723,1.9629653086388035,1.5222259886274248,3.0259870412061116,35.468485182554026,43.16330919241813,37.0779586724929,43.045084547912396,-5.1853101780474065,6.676559023480551
2014-08-04,39.06418952632868,37.663919817113886,-1.400269709214797,1.498273117993668,2.94641766899919,3.327468525424359,36.127574215061095,42.00080483759627,31.888941185875474,43.4388984483523,-7.92210801904654,5.121568600616946
2014-08-05,39.06418952632868,37.66391981711388,-1.4002697092147967,1.498273117993668,2.9464176689991897,3.327468525424359,36.127574215061095,42.00080483759627,31.888941185875467,43.43889844835229,-7.92210801904654,5.121568600616946
2014-08-06,39.06418952632868,37.663919817113886,-1.4002697092147967,1.498273117993668,2.9464176689991897,3.327468525424359,36.127574215061095,42.00080483759627,31.888941185875474,43.4388984483523,-7.92210801904654,5.121568600616946
2014-08-07,37.83800360173039,38.132056216479874,0.29405261474948335,2.687131884266099,2.757401598076502,4.3712847494960005,32.57122510856884,43.104782094891945,32.72754908424993,43.53656334870982,-8.273665494262676,8.861770723761644
2014-08-08,37.838003601730385,38.132056216479874,0.29405261474948297,2.687131884266099,2.757401598076502,4.3712847494960005,32.57122510856883,43.10478209489194,32.72754908424993,43.53656334870982,-8.273665494262678,8.861770723761643
2014-08-09,37.83800360173039,38.132056216479874,0.294052614749483,2.687131884266099,2.757401598076502,4.3712847494960005,32.57122510856884,43.104782094891945,32.72754908424993,43.53656334870982,-8.273665494262678,8.861770723761643
2014-08-10,38.63926123186186,39.26623669463502,0.6269754627731544,2.115903236349622,2.239623178276807,3.0239460873954136,34.4920908886166,42.786431575107116,34.87657526521248,43.65589812405756,-5.2999588685218555,6.553909794068165
2014-08-11,38.63926123186186,39.26623669463502,0.6269754627731543,2.1159032363496224,2.2396231782768075,3.0239460873954136,34.4920908886166,42.786431575107116,34.87657526521248,43.65589812405756,-5.2999588685218555,6.553909794068165
2014-08-12,39.29854849417132,38.990028076757184,-0.3085204174141326,2.6327064213627085,2.2140209924853154,3.7421337012719786,34.13844390830041,44.45865308004223,34.65054693148596,43.329509222028406,-7.64310247190721,7.0260616370789455
2014-08-13,39.29854849417132,38.990028076757184,-0.30852041741413266,2.6327064213627085,2.2140209924853154,3.7421337012719786,34.13844390830041,44.45865308004223,34.65054693148596,43.329509222028406,-7.64310247190721,7.0260616370789455
2014-08-14,39.29854849417132,38.99002807675719,-0.3085204174141326,2.6327064213627085,2.2140209924853154,3.7421337012719786,34.13844390830041,44.45865308004223,34.65054693148598,43.329509222028406,-7.64310247190721,7.0260616370789455
2014-08-15,39.29854849417132,38.990028076757184,-0.3085204174141326,2.632706421362708,2.2140209924853154,3.7421337012719786,34.13844390830042,44.458653080042225,34.65054693148596,43.329509222028406,-7.64310247190721,7.0260616370789455
2014-08-16,39.29854849417132,38.99002807675719,-0.3085204174141324,2.6327064213627085,2.2140209924853154,3.742133701271979,34.13844390830041,44.45865308004223,34.65054693148598,43.329509222028406,-7.643102471907211,7.026061637078946
2014-08-17,39.12938817475684,38.99114143060158,-0.13824674415526053,2.5403000839248677,2.085282760193002,3.5676104719895285,34.1504000102641,44.10837633924958,34.90398722062329,43.07829564057987,-7.130763269254737,6.8542697809442155
2014-08-18,39.12938817475684,38.99114143060158,-0.13824674415526061,2.5403000839248677,2.0852827601930026,3.5676104719895285,34.1504000102641,44.10837633924958,34.90398722062329,43.07829564057987,-7.130763269254737,6.8542697809442155
2014-08-19,39.12938817475684,38.99114143060158,-0.1382467441552605,2.5403000839248677,2.0852827601930026,3.5676104719895285,34.1504000102641,44.10837633924958,34.90398722062329,43.07829564057987,-7.130763269254737,6.8542697809442155
2014-08-20,39.12938817475683,38.99114143060157,-0.13824674415526036,2.5403000839248677,2.085282760193002,3.567610471989528,34.15040001026409,44.108376339249574,34.903987220623286,43.07829564057986,-7.130763269254736,6.854269780944215
2014-08-21,39.12938817475684,38.99114143060158,-0.13824674415526061,2.5403000839248677,2.0852827601930026,3.5676104719895285,34.1504000102641,44.10837633924958,34.90398722062329,43.07829564057987,-7.130763269254737,6.8542697809442155
2014-08-22,39.12938817475684,38.99114143060158,-0.13824674415526053,2.5403000839248677,2.0852827601930026,3.5676104719895285,34.1504000102641,44.10837633924958,34.90398722062329,43.07829564057987,-7.130763269254737,6.8542697809442155
2014-08-23,39.12938817475684,38.99114143060158,-0.13824674415526056,2.5403000839248677,2.0852827601930026,3.5676104719895285,34.1504000102641,44.10837633924958,34.90398722062329,43.07829564057987,-7.130763269254737,6.8542697809442155
2014-08-24,39.313218429090306,38.99008370999462,-0.32313471909568436,2.256464496568096,1.771940670777433,3.2307920753902875,34.89054801581684,43.73588884236377,35.517079995270855,42.46308742471839,-6.655487186860647,6.009217748669279
2014-08-25,39.31321842909031,38.99008370999462,-0.3231347190956845,2.256464496568096,1.7719406707774332,3.2307920753902875,34.89054801581685,43.73588884236378,35.517079995270855,42.46308742471839,-6.655487186860648,6.009217748669278
2014-08-26,39.313218429090306,38.99008370999462,-0.32313471909568436,2.256464496568096,1.771940670777433,3.230792075390288,34.89054801581684,43.73588884236377,35.517079995270855,42.46308742471839,-6.655487186860649,6.009217748669279
2014-08-27,39.313218429090306,38.99008370999462,-0.3231347190956845,2.256464496568096,1.771940670777433,3.2307920753902875,34.89054801581684,43.73588884236377,35.517079995270855,42.46308742471839,-6.655487186860648,6.009217748669278
2014-08-28,39.2633812541235,39.55353435233032,0.2901530982068163,2.0501548966593925,2.015744234706377,3.216277964496615,35.24507765667109,43.28168485157591,35.60267565230582,43.504393052354814,-6.013751712206549,6.594057908620181
2014-08-29,39.263381254123495,39.55353435233031,0.2901530982068165,2.0501548966593925,2.015744234706377,3.216277964496615,35.245077656671086,43.2816848515759,35.60267565230581,43.50439305235481,-6.013751712206549,6.594057908620181
2014-08-30,39.263381254123495,39.55353435233032,0.29015309820681645,2.050154896659392,2.015744234706377,3.216277964496615,35.245077656671086,43.2816848515759,35.60267565230582,43.504393052354814,-6.013751712206549,6.594057908620181
2014-08-31,39.19967133876816,39.812751306184985,0.6130799674168251,1.897941418931528,1.9610156568905805,3.0796705275014653,35.47970615766237,42.919636519873954,35.969160618679446,43.656341993690525,-5.423074266486047,6.649234201319697
2014-09-01,39.19967133876816,39.812751306184985,0.6130799674168254,1.897941418931528,1.9610156568905805,3.0796705275014653,35.47970615766237,42.919636519873954,35.969160618679446,43.656341993690525,-5.423074266486046,6.649234201319698
2014-09-02,39.199227839126465,39.81892120073633,0.6196933616098614,1.8939285776559502,1.958517957587431,3.0761042957661067,35.487127826920805,42.911327851332125,35.98022600386496,43.65761639760769,-5.409471058091707,6.648857781311431
2014-09-03,39.198780784172556,39.825178142971446,0.6263973587988918,1.8898356236440186,1.9559666301962129,3.0724501131612922,35.49470296183028,42.90285860651483,35.99148354778687,43.65887273815602,-5.395604862997241,6.648399580595025
2014-09-04,39.198329857113826,39.83152372619841,0.6331938690845824,1.8856607949296471,1.9533604422103437,3.0687059345134826,35.50243469905172,42.894225015175934,36.00293725946614,43.66011019293069,-5.381469762561843,6.647857500731008
2014-09-05,39.197874722860554,39.83795957510775,0.640084852247194,1.8814022864436948,1.9506981294233214,3.064869659351809,35.51032624143091,42.8854232042902,36.01459124143804,43.661327908777466,-5.367059680082351,6.64722938457674
2014-09-06,39.19741502710506,39.84448734614542,0.6470723190403586,1.8770582489934378,1.9479783950982577,3.0609391302307376,35.51838085907792,42.876449195132196,36.02644969175284,43.662525000538004,-5.352368376211888,6.646513014292604
2014-09-07,39.042295579041166,41.76050477061865,2.7182091915774875,1.1352139101656884,1.8080089821204428,2.219602934023756,36.817276315116416,41.26731484296592,38.21680716566259,45.30420237557472,-1.6322125591090741,7.068630942264049
2014-09-08,39.041535196989244,41.76991819490833,2.728382997919084,1.1291031971325447,1.8002985174613126,2.2080981238437696,36.82849293060946,41.25457746336903,38.24133310068416,45.2985032891325,-1.5994893248147042,7.056255320652872
2014-09-09,38.72225960681542,42.17133131579131,3.449071708975893,1.0308966201026883,1.6592700039545256,2.0723747003953763,36.70170223141415,40.74281698221669,38.919162108040446,45.42350052354218,-0.6127827037990441,7.51092612175083
2014-09-10,38.72103558477253,42.17929999781608,3.458264413043551,1.0259928317627254,1.6512042154076938,2.0616916929592772,36.71008963451759,40.73198153502747,38.942939735617,45.41566026001516,-0.5826513051566318,7.499180131243734
2014-09-11,38.71980259442185,42.187284822896636,3.467482228474787,1.0210589301441386,1.643065581917201,2.0509083015105705,36.71852709133934,40.72107809750436,38.96687628233892,45.40769336345435,-0.5522980424859307,7.487262499435505
2014-09-12,38.71856045858243,42.19528499136274,3.4767245327803074,1.0160953470114396,1.6348542499605525,2.0400243777482916,36.72701357844001,40.71010733872485,38.99097066144006,45.39959932128542,-0.521723247606344,7.475172313166959
2014-09-13,38.717308996137106,42.20329967208296,3.485990675945855,1.011102552008128,1.6265704195194997,2.029039828720558,36.73554799420118,40.699069998073035,39.015221649824745,45.39137769434118,-0.4909273883464387,7.462908740238149
2014-09-14,38.8406268442928,41.749512589408596,2.908885745115803,0.9919843754659144,2.008011446650151,2.496157288565177,36.896337468379606,40.78491622020599,37.8138101539743,45.68521502484289,-1.9835825404719434,7.80135403070355
2014-09-15,38.99930932760796,42.34644612773904,3.3471368001310857,0.9860594492809988,2.2654167099262676,2.4739460588905566,37.0666328070172,40.93198584819872,37.906229376283555,46.78666287919453,-1.5017974752944054,8.196071075556578
2014-09-16,38.99997123493982,42.352889269197654,3.3529180342578364,0.9820740997670038,2.2648038006548097,2.470589635987341,37.07510599939649,40.92483647048315,37.91387381991423,46.79190471848108,-1.4894376522773518,8.195273720793026
2014-09-17,39.000655696580026,42.3593357506033,3.3586800540232744,0.9780859084114333,2.2642496400309535,2.4672805982718526,37.08360731609362,40.91770407706643,37.921406456142634,46.797265045063966,-1.4771899185895565,8.194550026636104
2014-09-18,39.00136339767785,42.36578489568217,3.3644214980043174,0.974095935374092,2.2637568365801455,2.464021918202938,37.09213536434463,40.91059143101107,37.92882149598508,46.80274829537925,-1.4650614616734408,8.193904457682075
2014-09-19,39.00209505221946,42.37223601298628,3.3701409607668182,0.9701052838149221,2.26332808639683,2.4608166754383203,37.10068869594221,40.90350140849671,37.93611296364849,46.808359062324065,-1.4530597230922897,8.193341644625926
2014-09-20,39.00285140451721,42.37868839621841,3.375836991701202,0.9661151006762362,2.2629661756249617,2.4576680597573217,37.10926580719178,40.896437001842635,37.94327469199348,46.814102100443336,-1.441192405423148,8.192866388825552
2014-09-21,38.94546366017732,42.073528780719215,3.1280651205418954,0.8873542777563143,2.200156325621545,2.3124517062549854,37.206249275774944,40.68467804457969,37.76122238250099,46.38583517893744,-1.4043402237178761,7.6604704648016675
2014-09-22,38.94549668598997,42.07544733960884,3.129950653618869,0.8829538610413019,2.1999808122039846,2.3087763439814544,37.21490711834902,40.67608625363093,37.76348494768904,46.38740973152865,-1.3952509805847817,7.655152287822519
2014-09-23,38.945536230516396,42.077261933388534,3.1317257028721395,0.8785496059185652,2.1998676670330943,2.305144536719196,37.22357900291601,40.66749345811678,37.76552130600367,46.3890025607734,-1.3863575890974849,7.649808994841764
2014-09-24,38.945582370619505,42.078968446885376,3.1333860762658765,0.874142517128641,2.1998187443352952,2.3015583929054486,37.23226303704737,40.65890170419164,37.7673237079882,46.390613185782556,-1.377668373828803,7.644440526360556
2014-09-25,38.94563518110064,42.080562608263804,3.1349274271631624,0.8697336292129443,2.1998359094653885,2.298020042290802,37.24095726784327,40.65031309435801,37.768884225711645,46.392240990815964,-1.3691918557268097,7.639046710053135
2014-09-26,38.94569473423262,42.08203998213379,3.136345247901173,0.8653240058674367,2.199921035551412,2.294531631994375,37.24965968273244,40.64172978573279,37.77019475245302,46.39388521181456,-1.3609367508078023,7.633627246610148
2014-09-27,38.945761099234275,42.083395962289664,3.1376348630553856,0.8609147391207608,2.2000759997614834,2.2910953220730326,37.258368210557585,40.633153987910966,37.77124700275716,46.39554492182217,-1.3529119682077582,7.628181694318529
2014-09-28,39.5927224370068,40.75991215748479,1.167189720477993,1.3064619148736738,2.088727959496141,2.744683463960745,37.0320570838544,42.1533877901592,36.666005356872354,44.85381895809723,-4.212389868885067,6.5467693098410535
2014-09-29,39.797322333269385,40.7701036024671,0.9727812691977166,1.175385253214067,1.8063741901688894,2.3917682364616444,37.49356723696982,42.10107742956895,37.22961018973608,44.31059701519813,-3.715084474267106,5.6606470126625394
2014-09-30,39.45782506452606,41.7083177288729,2.2504926643468393,1.1826728057229021,2.039939563914201,2.806967263733464,37.13978636530918,41.77586376374295,37.71003618360106,45.706599274144736,-3.2511631725707506,7.752148501264429
2014-10-01,39.45976064823593,41.70829416978376,2.2485335215478357,1.1827269555316524,2.039004882769497,2.8079945032295757,37.14161581539389,41.777905481077966,37.71184459955555,45.70474374001198,-3.2551357047821328,7.752202747877805
2014-10-02,39.46169799712297,41.7082547262584,2.246556729135438,1.1828024804515618,2.038072081124158,2.8090459722672483,37.14340513543791,41.77999085880803,37.713633447255056,45.70287600526175,-3.2591733765083686,7.752286834779245
2014-10-03,39.463636324016754,41.70820089040819,2.2445645663914435,1.182899353151312,2.037140656037525,2.8101213389523005,37.145153591840185,41.782119056193324,37.715405204574644,45.70099657624174,-3.263273257955065,7.752402390737952
2014-10-04,39.46557479699533,41.708134267183986,2.2425594701886538,1.1830175221203973,2.0362100794798152,2.811220242455576,37.14686045363935,41.784289140351305,37.71716251140355,45.69910602296442,-3.2674322050242757,7.752551145401583
2014-10-05,39.51633558498155,41.29038728203131,1.774051697049764,1.0777691802254505,2.0830989724127127,2.7698063533733803,37.403907991739665,41.62876317822343,37.20751329610239,45.37326126796023,-3.6547687555620616,7.202872149661589
2014-10-06,39.802768380419515,42.16993547122167,2.3671670908021607,1.1114011542522264,2.533723372999214,2.7194106036345462,37.62442211808515,41.98111464275388,37.20383766014321,47.13603328230013,-2.96287769232155,7.6972118739258715
2014-10-07,39.80670882084958,42.17423998104536,2.3675311601957763,1.1101234010089662,2.536854996765092,2.7195071785609053,37.630866954872005,41.98255068682715,37.20200418738578,47.14647577470494,-2.962702909783598,7.6977652301751505
2014-10-08,39.81068268800738,42.178625319804006,2.367942631796625,1.108833920134726,2.5400383985965136,2.7195959894736674,37.63736820454332,41.983997171471444,37.20015005855484,47.15710058105317,-2.962465507571763,7.698350771165013
2014-10-09,39.81469032409843,42.183095396776814,2.3684050726783865,1.107531840990007,2.543274047290618,2.7196757159633043,37.64392791575801,41.985452732438844,37.1982782640872,47.16791252946643,-2.96215933060969,7.698969475966463
2014-10-10,39.816995701960494,42.18568933629038,2.3686936343298868,1.106781788488282,2.545146629357091,2.719716664818053,37.64770339652346,41.986288007397526,37.19720194275048,47.17417672983028,-2.9619510287134974,7.699338297373271
2014-10-11,39.8169957019605,42.18568933629039,2.3686936343298863,1.1067817884882822,2.545146629357091,2.7197166648180535,37.64770339652347,41.98628800739753,37.19720194275049,47.174176729830286,-2.9619510287134987,7.699338297373272
2014-10-12,39.473488261893344,42.862463322626084,3.3889750607327356,1.2511348126959392,2.298116743694971,2.6814503734894175,37.0212640290093,41.925712494777386,38.35815450498394,47.366772140268225,-1.866667671306523,8.644617792771994
2014-10-13,39.473488261893344,42.86246332262608,3.3889750607327356,1.2511348126959392,2.2981167436949708,2.6814503734894175,37.0212640290093,41.925712494777386,38.358154504983936,47.36677214026822,-1.866667671306523,8.644617792771994
2014-10-14,39.56242622868948,42.73454984196808,3.1721236132786066,1.1579185800203657,2.1461674953237173,2.5027938052777,37.292905811849565,41.8319466455294,38.5280615511336,46.94103813280257,-1.733352245065686,8.0775994716229
2014-10-15,39.56242622868948,42.73454984196809,3.1721236132786066,1.1579185800203657,2.1461674953237173,2.5027938052777,37.292905811849565,41.8319466455294,38.528061551133604,46.941038132802575,-1.733352245065686,8.0775994716229
2014-10-16,39.56242622868948,42.73454984196808,3.1721236132786066,1.1579185800203657,2.1461674953237173,2.5027938052777,37.292905811849565,41.8319466455294,38.5280615511336,46.94103813280257,-1.733352245065686,8.0775994716229
2014-10-17,39.562426228689475,42.73454984196808,3.172123613278606,1.1579185800203655,2.1461674953237173,2.5027938052777,37.29290581184956,41.83194664552939,38.5280615511336,46.94103813280257,-1.7333522450656864,8.077599471622898
2014-10-18,39.562426228689475,42.73454984196808,3.1721236132786066,1.1579185800203655,2.1461674953237173,2.5027938052777,37.29290581184956,41.83194664552939,38.5280615511336,46.94103813280257,-1.733352245065686,8.0775994716229
2014-10-19,39.598006764130645,42.451447954248735,2.8534411901180894,1.0290091768965024,1.9890261552612882,2.321182442192334,37.5811487774135,41.61486475084779,38.55295668993661,46.34993921856086,-1.6960763965788859,7.402958776815065
2014-10-20,39.18169741305427,41.8071225276962,2.625425114641925,1.7210553131732287,1.657250157502967,2.1642033159764127,35.80842899923474,42.554965826873804,38.558912218990386,45.055332836402016,-1.6164133846718434,6.867263613955694
2014-10-21,39.18169741305427,41.8071225276962,2.625425114641925,1.7210553131732287,1.657250157502967,2.1642033159764127,35.80842899923474,42.554965826873804,38.558912218990386,45.055332836402016,-1.6164133846718434,6.867263613955694
2014-10-22,39.18169741305427,41.8071225276962,2.625425114641925,1.7210553131732287,1.657250157502967,2.1642033159764127,35.80842899923474,42.554965826873804,38.558912218990386,45.055332836402016,-1.6164133846718434,6.867263613955694
2014-10-23,39.18169741305427,41.8071225276962,2.625425114641925,1.7210553131732287,1.657250157502967,2.1642033159764127,35.80842899923474,42.554965826873804,38.558912218990386,45.055332836402016,-1.6164133846718434,6.867263613955694
2014-10-24,39.18169741305427,41.8071225276962,2.625425114641925,1.7210553131732287,1.6572501575029668,2.1642033159764127,35.80842899923474,42.554965826873804,38.558912218990386,45.055332836402016,-1.6164133846718434,6.867263613955694
2014-10-25,39.18169741305427,41.8071225276962,2.625425114641925,1.7210553131732287,1.657250157502967,2.1642033159764127,35.80842899923474,42.554965826873804,38.558912218990386,45.055332836402016,-1.6164133846718434,6.867263613955694
2014-10-26,39.689385198406995,41.965316325712266,2.2759311273052707,1.3984415948158442,1.8049827207097202,2.457712690692188,36.94843967256794,42.43033072424605,38.42755019312121,45.50308245830332,-2.541185746451417,7.093048001061959
2014-10-27,40.01108142132388,42.46794299255677,2.456861571232894,1.5500088954422915,2.250001564766743,2.953167143075813,36.97306398625699,43.04909885639077,38.05793992561396,46.877946059499585,-3.3313460291957,8.245069171661488
2014-10-28,40.01108142132388,42.46794299255677,2.456861571232894,1.5500088954422915,2.250001564766743,2.953167143075813,36.97306398625699,43.04909885639077,38.05793992561396,46.877946059499585,-3.3313460291957,8.245069171661488
2014-10-29,40.01108142132387,42.467942992556765,2.4568615712328934,1.5500088954422915,2.250001564766743,2.953167143075813,36.97306398625698,43.04909885639076,38.05793992561395,46.87794605949958,-3.3313460291957004,8.245069171661488
2014-10-30,40.01108142132387,42.467942992556765,2.4568615712328934,1.5500088954422915,2.250001564766743,2.953167143075813,36.97306398625698,43.04909885639076,38.05793992561395,46.87794605949958,-3.3313460291957004,8.245069171661488
2014-10-31,40.01108142132387,42.467942992556765,2.4568615712328934,1.5500088954422915,2.250001564766743,2.953167143075813,36.97306398625698,43.04909885639076,38.05793992561395,46.87794605949958,-3.3313460291957004,8.245069171661488
2014-11-01,40.41068667739461,42.75522025875664,2.344533581362028,1.5743221205893583,2.072258795923899,2.6287573644749203,37.325015321039466,43.49635803374975,38.693593018745794,46.81684749876748,-2.8078308530088156,7.496898015732872
2014-11-02,40.31610935919402,42.962051700090086,2.6459423408960583,1.4907972460975578,1.9932318481759415,2.56770880159623,37.39414675684281,43.23807196154524,39.05531727766524,46.86878612251493,-2.3867669102325526,7.67865159202467
