pollster,sponsors,start_date,end_date,sample_size,population,approve,disapprove,url,net,partisan,adj_net,total_weight
InsiderAdvantage,NA,2025-01-20,2025-01-20,800,RV,56,39,https://insideradvantage.com/first-insideradvantage-trump-job-performance-survey-approval-hits-fifty-six-percent-post-inaugural-address/,17,NA,0.26540599785681707,5.39078199540444e-32
Ipsos,Reuters,2025-01-20,2025-01-21,1077,A,47,41,https://www.ipsos.com/en-us/reuters-ipsos-trump-inauguration-survey,6,NA,10.496261156580807,2.368535962209875e-32
SoCal Strategies,On Point Politics,2025-01-21,2025-01-21,742,A,49,36,https://substack.com/inbox/post/155392047,13,NA,8.188909896942704,3.1056286640608165e-32
AtlasIntel,NA,2025-01-21,2025-01-23,1882,A,50.1,49.7,https://cdn.atlasintel.org/ed3f5238-e823-495e-a877-628217de9e68.pdf,0.3999999999999986,NA,-0.2542659222749535,1.601414099914768e-31
Quantus Insights,TrendingPolitics,2025-01-22,2025-01-23,1000,RV,54,40,https://quantusinsights.org/f/trump%E2%80%99s-second-term-begins-what-voters-think,14,REP,7.4653633384816445,8.585322856512361e-33
RMG Research,Napolitan Institute,2025-01-20,2025-01-23,3000,RV,57,39,https://x.com/ScottWRasmussen/status/1882804554187538650,18,NA,8.192630285907782,4.990609738167908e-32
Research Co.,NA,2025-01-22,2025-01-24,1001,A,50,46,https://researchco.ca/2025/01/27/immigration-usa/,4,NA,3.3886013339185155,1.2102002954891875e-31
Echelon Insights,NA,2025-01-22,2025-01-24,1024,LV,51,43,https://echeloninsights.com/in-the-news/dec-2024-verified-voter-omnibus-2/,8,NA,5.184805665750687,6.538308469424733e-32
Ipsos,Reuters,2025-01-24,2025-01-26,1034,A,45,46,https://www.reuters.com/world/us/americans-sour-some-trumps-early-moves-reutersipsos-poll-finds-2025-01-28/,-1,NA,3.4962611565808075,4.0153891298212697e-32
Morning Consult,NA,2025-01-24,2025-01-26,2302,RV,52,44,https://pro.morningconsult.com/trackers/donald-trump-congress-policy-republicans-polling,8,NA,1.4168126182581204,3.9296035862714033e-32
Gallup,NA,2025-01-21,2025-01-27,1001,A,47,48,https://news.gallup.com/poll/655955/trump-inaugural-approval-rating-historically-low-again.aspx,-1,NA,4.368508316232649,1.2453395178689363e-31
Morning Consult,NA,2025-01-21,2025-01-27,45000,A,52.35,37.67,https://pro.morningconsult.com/trackers/global-leader-approval,14.68,NA,10.127413176781118,6.462493683447056e-32
Quinnipiac University,NA,2025-01-23,2025-01-27,1019,RV,46,43,https://poll.qu.edu/poll-release?releaseid=3918,3,NA,5.616744342031417,1.0118984432850858e-31
McLaughlin & Associates,NA,2025-01-22,2025-01-27,1000,LV,52,43,https://mclaughlinonline.com/pols/wp-content/uploads/2025/01/National-January-Presentation-RELEASE-01-28-25.pdf,9,NA,4.56955175214722,4.0188447748919007e-32
YouGov,The Economist,2025-01-26,2025-01-28,1577,A,49,43,https://d3nkl3psvxxpe9.cloudfront.net/documents/econtoplines_HmzVWgj.pdf,6,NA,7.581380407977406,4.753813072116241e-32
Emerson College,NA,2025-01-27,2025-01-28,1000,RV,48.5,41.2,https://emersoncollegepolling.com/january-2025-national-poll-trump-starts-term-with-49-approval-41-disapproval-rating/,7.299999999999997,NA,1.8229019797064794,1.2088429417353726e-31
co/efficient,NA,2025-01-25,2025-01-28,1570,LV,52,47,https://coefficient.org/post-inauguration-study/,5,REP,3.120284372041148,2.891806757937284e-31
TIPP Insights,NA,2025-01-29,2025-01-31,1478,A,46,41,https://tippinsights.com/the-art-of-the-comeback-tipp-poll-shows-trumps-strong-start-energizes-core-voters/,5,NA,0.4360231383271298,1.9112356387056076e-31
RMG Research,Napolitan Institute,2025-01-27,2025-01-31,4000,RV,53,43,https://napolitannews.org/posts/president-trump-job-approval-53-percent-approve-43-disapprove,10,NA,0.2838773294582211,1.3854005603434731e-31
"Fabrizio, Lee & Associates/Impact Research",AARP,2025-01-27,2025-02-01,3000,RV,48,47,https://www.aarp.org/content/dam/aarp/research/topics/voter-opinion-research/politics/federal-tax-package-legislative-priorities.doi.10.26419-2fres.00921.001.pdf,1,NA,-0.2431512344386917,1.703225283981081e-31
Pew Research Center,NA,2025-01-27,2025-02-02,5086,A,47,51,https://www.pewresearch.org/politics/2025/02/07/public-anticipates-changes-with-trump-but-is-split-over-whether-they-will-be-good-or-bad/,-4,NA,3.6504661652309878,6.020055102763369e-31
Global Strategy Group/GBAO (Navigator Research),NA,2025-01-30,2025-02-03,1000,RV,49,47,https://navigatorresearch.org/while-three-in-four-americans-see-trump-as-bringing-change-to-government-only-two-in-five-view-this-change-as-positive/,2,NA,2.12744816813575,9.39093088840738e-32
Morning Consult,NA,2025-01-31,2025-02-03,2303,RV,49,47,https://pro.morningconsult.com/trackers/donald-trump-congress-policy-republicans-polling,2,NA,-4.58318738174188,9.449208495910469e-32
Quantus Insights,TrendingPolitics,2025-02-01,2025-02-03,1000,RV,51.9,45.3,https://quantusinsights.org/f/february-2025-national-political-survey-–-summary-analysis,6.600000000000001,REP,0.06536333848164588,2.867914208079269e-32
YouGov,The Economist,2025-02-02,2025-02-04,1604,A,46,44,https://d3nkl3psvxxpe9.cloudfront.net/documents/econtoplines_c1AfT3R.pdf,2,NA,3.581380407977406,1.0329083046284077e-31
Marquette University Law School,NA,2025-01-27,2025-02-05,1063,A,48,52,https://law.marquette.edu/poll/2025/02/11/detailed-results-of-the-marquette-law-school-supreme-court-poll-jan-27-feb-5-2025-national-issues/,-4,NA,-2.8569342425381024,4.301354846234029e-31
Cygnal,NA,2025-02-04,2025-02-05,1500,LV,49.8,47.5,https://www.cygn.al/poll-trump-winning-over-black-men-dei-skeptics-and-border-hawks-as-democrats-lose-ground/,2.299999999999997,NA,1.8630304021521624,9.834226459255532e-31
Clarity Campaign Labs,NA,2025-01-31,2025-02-06,1102,RV,48,43,https://static1.squarespace.com/static/61ae8d5e55be5c7314b4c83a/t/67aa57a7976e415c4d212706/1739216809584/Clarity+Omnibus+Overview+-+Jan_Feb+2025.pdf,5,NA,0.39001207766289525,3.1703058212595414e-31
RMG Research,Napolitan Institute,2025-02-03,2025-02-06,3000,RV,51,45,https://napolitannews.org/posts/president-trump-job-approval-51-percent-approve-45-disapprove,6,NA,-3.807369714092218,2.316435843359942e-31
YouGov,CBS News,2025-02-05,2025-02-07,2175,A,53,47,https://www.cbsnews.com/news/trump-approval-opinion-poll-2025-2-9/,6,NA,7.581380407977406,1.6712690118999825e-31
Morning Consult,NA,2025-02-07,2025-02-09,2230,RV,50,48,https://pro.morningconsult.com/trackers/donald-trump-congress-policy-republicans-polling,2,NA,-4.58318738174188,1.7952096744826116e-31
YouGov,Elon University,2025-02-06,2025-02-11,1000,A,45,41,https://eloncdn.blob.core.windows.net/eu3/sites/819/2025/02/Elon-University-Poll-topline-2-25-25.pdf,4,NA,5.581380407977406,1.7570856040234636e-31
YouGov,The Economist,2025-02-09,2025-02-11,1595,A,46,48,https://d3nkl3psvxxpe9.cloudfront.net/documents/econtoplines_Z51qCJt.pdf,-2,NA,-0.41861959202259413,2.2190815583675756e-31
Quantus Insights,TrendingPolitics,2025-02-10,2025-02-12,1000,RV,52.9,44.2,https://quantusinsights.org/f/quantus-insights-latest-national-survey---february-13-2025,8.699999999999996,REP,2.16536333848164,7.806064721211091e-32
Echelon Insights,NA,2025-02-10,2025-02-13,1010,LV,52,46,https://echeloninsights.com/in-the-news/feb-2025-verified-voter-omnibus-2-2/,6,NA,3.1848056657506874,5.939111115870978e-31
RMG Research,Napolitan Institute,2025-02-10,2025-02-14,3000,RV,55,43,https://napolitannews.org/posts/president-trump-job-approval-55-percent-approve-43-disapprove,12,NA,2.192630285907782,5.6103468594315935e-31
Harris Insights & Analytics,Deseret News,2025-02-14,2025-02-15,1009,RV,52,43,https://www.harrisx.com/content/deseret-news-harrisx-overnight-poll-executive-orders-and-immigration-february-2025,9,NA,0.7768158184023548,6.408929906371334e-31
Gallup,NA,2025-02-03,2025-02-16,1004,A,45,51,https://news.gallup.com/poll/656891/trump-job-approval-rating-congress-jumps.aspx,-6,NA,-0.6314916837673508,1.1673815363611749e-30
SurveyUSA,NA,2025-02-13,2025-02-16,2000,A,51,45,https://www.surveyusa.com/client/PollReport.aspx?g=326a263b-3dbc-4280-9c0c-95187bdbf20c,6,NA,2.8105920303963856,6.54746500506116e-30
Morning Consult,NA,2025-02-14,2025-02-16,2217,RV,50,47,https://pro.morningconsult.com/trackers/donald-trump-congress-policy-republicans-polling,3,NA,-3.5831873817418796,3.8919154173983594e-31
SSRS,CNN,2025-02-13,2025-02-17,1206,A,47,52,https://s3.documentcloud.org/documents/25539589/cnn-poll-on-trumps-performance-so-far.pdf,-5,NA,1.9763758335963288,4.955036879729311e-31
Blueprint Polling,NA,2025-02-16,2025-02-17,1383,RV,47,48,https://www.politico.com/news/2025/03/06/poll-democrats-trump-disarray-00215291,-1,NA,0.32581218007224777,2.9831377538605005e-30
Emerson College,NA,2025-02-15,2025-02-17,1000,RV,47.8,42.2,https://emersoncollegepolling.com/february-2025-national-poll-trump-presidential-approval-at-48-musk-doge-job-approval-at-41/,5.599999999999994,NA,-0.2983749282935193,1.110057514124088e-30
Quinnipiac University,NA,2025-02-13,2025-02-17,1039,RV,45,49,https://poll.qu.edu/poll-release?releaseid=3919,-4,NA,-1.7830002663151205,1.0470134461619592e-30
co/efficient,NA,2025-02-15,2025-02-17,2063,LV,48,48,https://coefficient.org/doge-part-1/,0,REP,-2.66181234374708,3.638275969765737e-30
Ipsos,Reuters,2025-02-13,2025-02-18,4145,A,44,51,https://www.reuters.com/world/us/trumps-approval-rating-slips-americans-worry-about-economy-2025-02-19/,-7,NA,-2.5037388434191925,1.0187971362904168e-30
Ipsos,The Washington Post,2025-02-13,2025-02-18,2601,A,45,53,https://www.washingtonpost.com/politics/2025/02/20/trump-poll-unpopular-post-ipsos/,-8,NA,-3.5037388434191925,8.070410474087988e-31
YouGov,NA,2025-02-14,2025-02-18,1135,A,46,46,https://d3nkl3psvxxpe9.cloudfront.net/documents/News_Consumption_poll_results_An53LUg.pdf,0,NA,1.5813804079774059,4.046941622619e-31
YouGov,The Economist,2025-02-16,2025-02-18,1603,A,50,45,https://d3nkl3psvxxpe9.cloudfront.net/documents/econtoplines_KfNmvTk.pdf,5,NA,6.581380407977406,4.809453942875613e-31
McLaughlin & Associates,NA,2025-02-11,2025-02-18,1000,LV,51,46,https://mclaughlinonline.com/pols/wp-content/uploads/2025/02/National-February-Presentation-RELEASE-02-18-25.pdf,5,NA,0.5695517521472198,4.912594332176625e-31
OnMessage Inc.,Rescuing the American Dream,2025-02-17,2025-02-19,1000,LV,50,49,https://onmessageinc.com/wp-content/uploads/2025/03/National-Survey-RAD-Conference-3-25-RAD-conference-3-5-25.pdf,1,REP,-2.0183349144823524,3.524463651738918e-30
American Research Group,NA,2025-02-17,2025-02-20,1100,A,43,51,https://americanresearchgroup.com/economy/,-8,NA,1.9560228189094815,7.623025260321192e-31
YouGov,NA,2025-02-18,2025-02-20,1137,A,48,44,https://d3nkl3psvxxpe9.cloudfront.net/documents/News_Consumption_First_Followup_poll_results.pdf,4,NA,5.581380407977406,5.0612823289802465e-31
Harris Insights & Analytics,Harvard CAPS,2025-02-19,2025-02-20,2443,RV,52,43,https://harvardharrispoll.com/wp-content/uploads/2025/02/HHP_Feb2025_vFinal.pdf,9,NA,0.7768158184023548,1.7254282734319022e-30
Echelon Insights,NetChoice,2025-02-18,2025-02-20,1006,LV,48,49,https://netchoice.org/new-poll-79-of-voters-think-us-tech-companies-are-key-to-american-global-leadership/,-1,NA,-3.8151943342493126,1.2770064400334022e-30
RMG Research,Napolitan Institute,2025-02-18,2025-02-21,3000,RV,53,44,https://napolitannews.org/posts/president-trump-job-approval-53-percent-approve-44-disapprove,9,NA,-0.7161226705417789,1.2271672843309975e-30
Ipsos,Reuters,2025-02-21,2025-02-23,1029,A,44,50,https://www.reuters.com/world/us/trump-approval-rating-holds-steady-44-reutersipsos-poll-finds-2025-02-25/,-6,NA,-1.5037388434191925,8.782706577134743e-31
YouGov,Stanford University Hoover Institution,2025-02-19,2025-02-24,1645,A,47,42,https://www.hoover.org/news/new-poll-support-tariffs-higher-if-respondents-believe-foreigners-pay-tariffs,5,NA,6.581380407977406,9.47247177006303e-31
Grayhouse,America One Policies (super PAC),2025-02-21,2025-02-24,1193,RV,51,48,https://cdn.prod.website-files.com/5d02aaade6188137a65c8441/67c5c5ab56f99b61ffc68dc9_National%20Benchmark%20Poll%20Deck.pdf,3,REP,-1.823629801287744,8.287726246555472e-31
Morning Consult,NA,2025-02-21,2025-02-24,2225,RV,50,47,https://pro.morningconsult.com/trackers/donald-trump-congress-policy-republicans-polling,3,NA,-3.5831873817418796,9.461432173771209e-31
YouGov,The Economist,2025-02-23,2025-02-25,1604,A,48,45,https://d3nkl3psvxxpe9.cloudfront.net/documents/econtoplines_7jv80Av.pdf,3,NA,4.581380407977406,1.0437622801392736e-30
J.L. Partners,Daily Mail,2025-02-24,2025-02-25,1001,RV,45,39,https://jlpartners.com/doge-poll,6,NA,-1.5455402991085876,1.920833818416032e-30
Marist College,"PBS News, NPR",2025-02-24,2025-02-26,1694,A,45,49,https://maristpoll.marist.edu/polls/the-state-of-the-union-march-2025/,-4,NA,-2.723997054182732,4.83061691325671e-30
The Bullfinch Group,The Independent Center,2025-02-22,2025-02-26,1200,A,47,47,https://projects.fivethirtyeight.com/polls/20250303_US_Bullfinch.pdf,0,NA,-1.426317370538868,8.0235623688113709e-31
Quantus Insights,TrendingPolitics,2025-02-24,2025-02-26,1000,RV,51,45.2,https://quantusinsights.org/f/national-survey-analyzing-trump%E2%80%99s-approval-and-voter-sentiment,5.799999999999997,REP,-0.7346366615183584,3.677742368796824e-31
AtlasIntel,NA,2025-02-24,2025-02-27,2849,A,50.3,49.7,https://www.atlasintel.org/poll/usa-national-2025-02-28,0.5999999999999943,NA,-0.054265922274957745,9.700251422583555e-30
SSRS,CNN,2025-02-24,2025-02-28,2212,A,48,52,https://www.cnn.com/2025/03/02/politics/poll-trump-negative-congress-address,-4,NA,4.090469084464374,2.2416888024325112e-30
TIPP Insights,Issues & Insights,2025-02-26,2025-02-28,1434,A,46,43,https://tippinsights.com/voters-still-view-trump-favorably-but-remain-worried-about-economy-inflation-i-i-tipp-poll/,3,NA,-1.5639768616728702,4.1431115825161085e-30
YouGov,CBS News,2025-02-26,2025-02-28,2311,A,51,49,https://www.cbsnews.com/news/trump-elon-musk-government-workforce-cuts-opinion-poll-2025-03-02/,2,NA,3.581380407977406,1.753221089272534e-30
RMG Research,Napolitan Institute,2025-02-24,2025-02-28,3000,RV,53,45,https://napolitannews.org/posts/president-trump-job-approval-53-percent-approve-45-disapprove,8,NA,-1.8073697140922178,2.643851767834914e-30
John Zogby Strategies,NA,2025-02-28,2025-03-01,1001,V,47.7,47.5,https://johnzogbystrategies.com/03-03-25-new-zogby-strategies-poll-on-trump-the-democrats-first-40-days/,0.20000000000000284,NA,-2.736036562032524,3.1449096060150525e-30
Justice Research Fund,Working Families Power,2025-02-24,2025-03-02,2049,RV,47,50,https://drive.google.com/file/d/1psgeNBsAPSV3-diBTaAIE4_wiFjYwk5y/view,-3,WFP,-2.52919540741609,4.6890562505274056e-30
Morning Consult,NA,2025-02-28,2025-03-02,2229,RV,49,48,https://pro.morningconsult.com/trackers/donald-trump-congress-policy-republicans-polling,1,NA,-5.58318738174188,1.8283578160911503e-30
Public Opinion Strategies,Paragon Health Institute,2025-02-25,2025-03-02,1000,RV,51,49,https://paragoninstitute.org/medicaid/paragon-health-policy-survey-2025/,2,NA,0.41941386258740465,1.3330647963465064e-29
Civiqs,Daily Kos,2025-02-28,2025-03-03,1031,RV,48,52,https://civiqs.com/reports/2025/03/04/report-americans-agree-russia-is-responsible-for-the-war,-4,DEM,-4.763599231536851,8.487113072126231e-30
Emerson College,NA,2025-03-02,2025-03-03,1000,RV,48,43.1,https://emersoncollegepolling.com/march-2025-national-poll/,4.899999999999999,NA,-0.7735502212317087,5.152430562226298e-30
Ipsos,Reuters,2025-03-03,2025-03-04,1174,A,44,51,https://www.ipsos.com/en-us/three-five-americans-say-cost-living-going-wrong-direction,-7,NA,-2.5037388434191925,2.516669368896395e-30
YouGov,The Economist,2025-03-01,2025-03-04,1638,A,48,46,https://d3nkl3psvxxpe9.cloudfront.net/documents/econtoplines_PqH4oeS.pdf,2,NA,3.581380407977406,2.288599783580239e-30
Morning Consult,NA,2025-02-27,2025-03-05,45000,A,48.74,44.66,https://pro.morningconsult.com/trackers/global-leader-approval,4.080000000000005,NA,-0.4725868232188759,3.823020145619016e-30
Cygnal,NA,2025-03-03,2025-03-05,1500,LV,47.4,50.7,https://www.cygn.al/poll-48-percent-support-trump-negotiating-settlement-to-war-in-ukraine-as-optimism-at-home-rises/,-3.3000000000000043,NA,-3.736969597847839,2.594891286547213e-29
TIPP Insights,League of American Workers,2025-03-04,2025-03-06,1720,RV,43,48,https://tippinsights.com/league-of-american-workers-poll-march-2025/#google_vignette,-5,REP,-11.117365330247686,7.00842694058504e-30
McLaughlin & Associates,America's New Majority Project,2025-03-04,2025-03-07,2000,RV,50.4,49.6,https://americasnewmajorityproject.com/most-americans-support-trumps-maha-agenda/,0.7999999999999972,REP,-2.9594048063413467,4.0076953778022994e-30
SSRS,CNN,2025-03-06,2025-03-09,1206,A,45,54,https://www.cnn.com/2025/03/12/politics/cnn-poll-trump-economy/index.html,-9,NA,-0.9095309155356261,4.637907941983445e-30
Clarity Campaign Labs,NA,2025-03-03,2025-03-09,1036,RV,50,46,https://static1.squarespace.com/static/61ae8d5e55be5c7314b4c83a/t/67d0921f11ba8d57a17670a9/1741722147070/Clarity+Omnibus+Overview+-+March+2025+PUBLIC.pdf,4,NA,-0.6099879223371047,9.549333403267094e-30
Morning Consult,NA,2025-03-07,2025-03-09,2219,RV,49,49,https://pro.morningconsult.com/trackers/donald-trump-congress-policy-republicans-polling,0,NA,-6.58318738174188,3.948902636625537e-30
Emerson College,NA,2025-03-08,2025-03-10,1000,RV,47.2,45,https://emersoncollegepolling.com/national-poll-at-50-days-trumps-honeymoon-fades-as-economy-becomes-key-vulnerability/,2.200000000000003,NA,-3.9357945088491206,1.1388949790607742e-29
Quinnipiac University,NA,2025-03-06,2025-03-10,1198,RV,42,53,https://poll.qu.edu/poll-release?releaseid=3921,-11,NA,-8.383255657968583,1.1534827169133317e-29
YouGov,The Economist,2025-03-09,2025-03-11,1699,A,47,47,https://d3nkl3psvxxpe9.cloudfront.net/documents/econtoplines_QyOZh1i.pdf,0,NA,1.5813804079774059,5.094921420726487e-30
Hart Research Associates/Public Opinion Strategies,NBC News,2025-03-07,2025-03-11,1000,RV,47,51,https://www.nbcnews.com/politics/politics-news/democratic-party-hits-new-polling-low-voters-want-fight-trump-harder-rcna196161,-4,NA,-7.526401878631162,1.5267938368035757e-29
AtlasIntel,NA,2025-03-07,2025-03-12,2550,A,52.4,47.3,https://atlasintel.org/poll/usa-national-2025-03-17,5.100000000000001,NA,4.445734077725049,3.817284031896092e-29
Ipsos,Reuters,2025-03-11,2025-03-12,1422,A,44,52,https://www.reuters.com/data/trumps-approval-rating-2025-01-21/,-8,NA,-3.5037388434191925,6.844636243682281e-30
Quantus Insights,TrendingPolitics,2025-03-10,2025-03-12,1000,RV,49.5,47.4,https://quantusinsights.org/f/holding-the-line-trump%E2%80%99s-approval-amidst-a-divided-nation,2.1000000000000014,REP,-4.434636661518347,1.7335243663164917e-30
RMG Research,Napolitan Institute,2025-03-06,2025-03-13,3000,RV,54,44,https://napolitannews.org/posts/president-trump-job-approval-54-percent-approve-44-disapprove,10,NA,0.2838773294582211,1.1170461721031657e-29
Echelon Insights,NA,2025-03-10,2025-03-13,1007,LV,49,48,https://echeloninsights.com/in-the-news/march-2025-verified-voter-omnibus-2-2-2/,1,NA,-1.8151943342493126,1.3344524790280142e-29
Blueprint Polling,NA,2025-03-13,2025-03-14,1400,RV,45,51,https://mailchi.mp/31fbe22b08e3/blueprint-elon-poll?e=ce84910848,-6,NA,-4.674187819927752,6.581386932322838e-29
Gallup,NA,2025-03-03,2025-03-16,1002,A,43,53,https://news.gallup.com/poll/658661/republicans-men-push-trump-approval-higher-second-term.aspx,-10,NA,-4.631491683767351,2.635175234814266e-29
Morning Consult,NA,2025-03-14,2025-03-16,2210,RV,48,50,https://pro.morningconsult.com/trackers/donald-trump-congress-policy-republicans-polling,-2,NA,-8.58318738174188,8.531103776028905e-30
Beacon Research/Shaw & Co. Research,FOX News,2025-03-14,2025-03-17,994,RV,49,51,https://www.foxnews.com/politics/fox-news-poll-trump-republicans-record-high-ratings-democrats-falter,-2,NA,-3.517613132391368,2.79944617769344e-29
Global Strategy Group/GBAO (Navigator Research),NA,2025-03-13,2025-03-17,1000,RV,47,49,https://navigatorresearch.org/most-americans-disapprove-of-trumps-handling-of-the-economy/,-2,NA,-1.87255183186425,9.551471250681595e-30
North Star Opinion Research,Defending Democracy Together,2025-03-13,2025-03-17,1000,RV,46,51,https://www.defendingdemocracytogether.org/app/uploads/2025/03/Elon-Musk-Poll-Press-Release-Defending-Democracy-Together.pdf,-5,REP,-4.8367608683792085,7.052718279223261e-29
YouGov,The Economist,2025-03-16,2025-03-18,1618,A,45,50,https://d3nkl3psvxxpe9.cloudfront.net/documents/econtoplines_dpkhCR8.pdf,-5,NA,-3.418619592022594,1.0791466025335192e-29
Remington Research Group,Humanity for Freedom Foundation,2025-03-15,2025-03-18,800,LV,50,48,https://www.humanityforfreedomfoundation.org/freedomlight,2,NA,-2.8652029240623307,7.740004319674882e-29
RMG Research,Napolitan Institute,2025-03-12,2025-03-19,3000,RV,53,45,https://napolitannews.org/posts/president-trump-job-approval-rating-53-percent-approve-45-disapprove,8,NA,-1.716122670541779,2.1740015047588806e-29
"Normington, Petts & Associates",Third Way,2025-03-12,2025-03-19,800,LV,46,53,https://www.thirdway.org/polling/democrats-immigration-opportunity,-7,NA,-7.097208068165756,3.8417586862427294e-29
American Research Group,NA,2025-03-17,2025-03-20,1100,A,45,51,https://americanresearchgroup.com/economy/,-6,NA,3.9560228189094815,1.6849960595066967e-29
Public Religion Research Institute,NA,2025-02-28,2025-03-20,5025,A,43,54,https://www.prri.org/research/democracy-at-a-crossroads-how-americans-view-trumps-first-100-days-in-office/,-11,NA,-6.328286886889714,1.8895498763423583e-28
Ipsos,Reuters,2025-03-21,2025-03-23,1030,A,45,51,https://www.reuters.com/world/us/majority-americans-believe-presidents-should-obey-courts-reutersipsos-poll-finds-2025-03-25/,-6,NA,-1.5037388434191925,1.9645585359466963e-29
GBAO,Third Way,2025-03-17,2025-03-23,2000,RV,48,50,https://www.thirdway.org/memo/breaking-through-the-noise-on-trumps-chaotic-first-two-months,-2,NA,-3.93497312539359,9.145614402366561e-29
Morning Consult,NA,2025-03-21,2025-03-23,2210,RV,47,51,https://pro.morningconsult.com/trackers/donald-trump-congress-policy-republicans-polling,-4,NA,-10.58318738174188,1.855902436976352e-29
AP-NORC,NA,2025-03-20,2025-03-24,1229,A,42,56,https://apnorc.org/projects/trump-scores-better-marks-with-the-public-on-immigration-than-the-economy/,-14,NA,-6.004000107549153,1.1939419533800819e-29
Schoen Cooperman Research,Israel On Campus Coalition,2025-03-24,2025-03-24,1011,A,46,48,https://thehill.com/opinion/national-security/5783636-iran-threat-americans-divided/amp/,-2,NA,-5.875777992310944,6.934379007485783e-29
YouGov,Yahoo News,2025-03-20,2025-03-24,1677,A,44,50,https://www.yahoo.com/news/more-americans-say-trumps-second-term-has-been-worse-than-expected-according-to-a-new-poll-120010590.html,-6,NA,-4.418619592022594,2.1291123782592742e-29
YouGov,The Economist,2025-03-22,2025-03-25,1600,A,48,46,https://d3nkl3psvxxpe9.cloudfront.net/documents/econtoplines_qRAtXyE.pdf,2,NA,3.581380407977406,2.3206577337817637e-29
Marquette University Law School,NA,2025-03-17,2025-03-27,1021,A,46,54,https://law.marquette.edu/poll/2025/04/02/detailed-results-of-the-marquette-law-school-supreme-court-poll-march-17-27-2025-national-issues/,-8,NA,-6.856934242538102,1.058517815691977e-28
Harris Insights & Analytics,Harvard CAPS,2025-03-26,2025-03-27,2746,RV,49,46,https://harvardharrispoll.com/wp-content/uploads/2025/03/HHP_Mar2025_KeyResults.pdf,3,NA,-5.223184181597645,8.868422810248301e-29
J.L. Partners,Daily Mail,2025-03-25,2025-03-27,1001,RV,45,46,https://jlpartners.com/trump-tracker-march-2025,-1,NA,-8.545540299108588,5.268825309002078e-29
Quantus Insights,TrendingPolitics,2025-03-25,2025-03-27,1000,RV,49.4,46.4,https://quantusinsights.org/f/trump%E2%80%99s-standing-steadies-but-crosscurrents-remain-ahead-of-2026,3,REP,-3.5346366615183484,9.273208540861812e-30
TIPP Insights,NA,2025-03-26,2025-03-28,1452,A,44,45,https://tippinsights.com/alls-well-that-begins-well-tipp-poll-confirms-trumps-solid-start/,-1,NA,-5.56397686167287,9.399894220378794e-29
YouGov,CBS News,2025-03-27,2025-03-28,2609,A,50,50,https://www.cbsnews.com/news/opinion-poll-trump-economy-tariffs-deportation-immigration/,0,NA,1.5813804079774059,4.1331782797730307e-29
Targoz Market Research,Overton Insights,2025-03-24,2025-03-28,1200,RV,46,51,https://overtoninsights.com/poll/april2025/,-5,NA,-4.818310429807504,1.1972106099101367e-28
Morning Consult,NA,2025-03-28,2025-03-30,2210,RV,47,50,https://pro.morningconsult.com/trackers/donald-trump-congress-policy-republicans-polling,-3,NA,-9.58318738174188,4.018165998493068e-29
YouGov,The Economist,2025-03-30,2025-04-01,1626,A,46,49,https://d3nkl3psvxxpe9.cloudfront.net/documents/econtoplines_S1a74K0.pdf,-3,NA,-1.4186195920225941,5.059219940847718e-29
"Fabrizio, Lee & Associates/Impact Research",The Wall Street Journal,2025-03-27,2025-04-01,1500,RV,46,51,https://www.wsj.com/politics/policy/americans-were-souring-on-trumps-economic-plans-even-before-tariff-bloodbath-0571527e,-5,NA,-6.023782570850869,9.513198017596508e-29
Ipsos,Reuters,2025-03-31,2025-04-02,1486,A,43,53,https://www.ipsos.com/en-us/americans-unhappy-direction-cost-living,-10,NA,-5.5037388434191925,7.132845643562996e-29
J.L. Partners,Daily Mail,2025-04-01,2025-04-03,1019,RV,47,42,https://jlpartners.com/trump-tracker-early-april-2025,5,NA,-2.5455402991085876,1.1452945289824604e-28
RMG Research,Napolitan Institute,2025-03-26,2025-04-03,3000,RV,51,47,https://napolitannews.org/jobapptables,4,NA,-5.716122670541779,1.1446317128844773e-28
Cygnal,NA,2025-04-01,2025-04-03,1500,LV,47,51.2,https://www.cygn.al/poll-democrats-continue-to-struggle-as-trump-maintains-strong-approval-even-in-light-of-tariffs/,-4.200000000000003,NA,-4.636969597847838,8.822395979313245e-28
Morning Consult,NA,2025-04-04,2025-04-06,2207,RV,46,52,https://pro.morningconsult.com/trackers/donald-trump-congress-policy-republicans-polling,-6,NA,-12.58318738174188,8.694145906668483e-29
Morning Consult,NA,2025-04-01,2025-04-07,45000,A,47.8,45.96,https://pro.morningconsult.com/trackers/global-leader-approval,1.8399999999999963,NA,-2.712586823218885,1.4676152309565456e-28
Global Strategy Group/GBAO (Navigator Research),NA,2025-04-03,2025-04-07,1000,RV,44,53,https://navigatorresearch.org/wp-content/uploads/2025/04/Navigator-Update-04.08.2025.pdf,-9,NA,-8.87255183186425,9.720536964381343e-29
Harris Insights & Analytics,NA,2025-04-04,2025-04-07,1883,RV,47,49,https://www.harrisx.com/posts/americans-now-split-on-trumps-tariffs-as-most-expect-higher-prices-and-a-short-term-recession-new-harrisx-poll-shows,-2,NA,-10.223184181597645,2.4531878648032276e-28
Quinnipiac University,NA,2025-04-03,2025-04-07,1407,RV,41,53,https://poll.qu.edu/poll-release?releaseid=3922,-12,NA,-9.383255657968583,2.76696466212309e-28
YouGov,The Economist,2025-04-05,2025-04-08,1741,A,43,51,https://d3nkl3psvxxpe9.cloudfront.net/documents/econtoplines_Emo4hnf.pdf,-8,NA,-6.418619592022594,1.1365048613321587e-28
University of Massachusetts (Amherst),WCVB-TV (Boston),2025-04-04,2025-04-09,1000,A,44,51,https://www.umass.edu/political-science/about/reports/2025-4,-7,NA,-0.7588364698376466,4.222778008729715e-28
Quantus Insights,TrendingPolitics,2025-04-07,2025-04-09,1000,RV,46.8,49.7,https://quantusinsights.org/f/new-poll-shows-president-trump-below-water-in-approval,-2.9000000000000057,REP,-9.434636661518361,3.85724873768436e-29
TIPP Insights,League of American Workers,2025-04-07,2025-04-09,1570,RV,43,50,https://tippinsights.com/league-of-american-workers-poll-april-2025/,-7,REP,-13.117365330247686,2.914795180966091e-28
YouGov,NA,2025-04-07,2025-04-10,1151,A,41,54,https://d3nkl3psvxxpe9.cloudfront.net/documents/Trump_s_Presidency_poll_results.pdf,-13,NA,-11.418619592022594,1.155113049645015e-28
Harris Insights & Analytics,Harvard CAPS,2025-04-09,2025-04-10,2286,RV,48,46,https://harvardharrispoll.com/wp-content/uploads/2025/04/HHP_April25_KeyResults.pdf,2,NA,-6.223184181597645,3.755786560661044e-28
RMG Research,Napolitan Institute,2025-04-02,2025-04-10,3000,RV,49,48,https://napolitannews.org/jobapproval,1,NA,-8.716122670541779,2.4660342695489263e-28
The Winston Group,Winning the Issues,2025-04-08,2025-04-10,1000,RV,39,54,https://www.winningtheissues.org/2025/04/30/winning-the-issues-april-2025-national-survey/,-15,REP,-12.547844460671989,3.4894631966118897e-28
YouGov,CBS News,2025-04-08,2025-04-11,2410,A,47,53,https://www.cbsnews.com/news/poll-trump-tariffs-13-04-2025/,-6,NA,-4.418619592022594,1.8651527173765737e-28
RealClear Opinion Research,NA,2025-04-10,2025-04-12,1000,RV,44.2,43.5,https://www.realclearpolitics.com/articles/2025/04/18/rcp_poll_voters_see_campus_bias_reject_trumps_tariff_pitch_152678.html,0.7000000000000028,NA,-4.638905944774812,2.5947195914248763e-28
Hart Research Associates/Public Opinion Strategies,CNBC,2025-04-09,2025-04-13,1000,A,44,51,https://www.cnbc.com/video/2025/04/17/tariffs-weight-on-trump-approval-cnbc-survey-finds.html,-7,NA,-9.104946057133851,5.969051310956661e-28
Pew Research Center,NA,2025-04-07,2025-04-13,3589,A,40,59,https://www.pewresearch.org/politics/2025/04/23/trumps-job-rating-drops-key-policies-draw-majority-disapproval-as-he-nears-100-days/,-19,NA,-11.349533834769012,1.1747122571531444e-27
Grayhouse,America One Policies (super PAC),2025-04-10,2025-04-13,1100,RV,46,52,https://cdn.prod.website-files.com/5d02aaade6188137a65c8441/680be58cd7c3cb3acca58356_National%20Poll%20Results%20April%202025%20v2.pdf,-6,REP,-10.823629801287744,1.7178324816256543e-28
Morning Consult,NA,2025-04-11,2025-04-13,2203,RV,45,52,https://pro.morningconsult.com/trackers/donald-trump-congress-policy-republicans-polling,-7,NA,-13.58318738174188,1.880826531080031e-28
AtlasIntel,NA,2025-04-10,2025-04-14,2347,A,46.1,52.4,https://cdn.atlasintel.org/e3edc86b-aac7-4ebe-9ef7-6a8346f658f6.pdf,-6.299999999999997,NA,-6.954265922274949,1.5762999795809408e-27
Gallup,NA,2025-04-01,2025-04-14,1006,A,44,53,https://news.gallup.com/poll/659534/trump-first-quarter-approval-rating-below-average.aspx,-9,NA,-3.6314916837673508,6.691226886390549e-28
Clarity Campaign Labs,NA,2025-04-09,2025-04-14,1008,RV,46,49,https://45840940.fs1.hubspotusercontent-na1.net/hubfs/45840940/Clarity%20Omnibus%20Overview_April%202025.pdf,-3,NA,-7.609987922337105,5.077970952249894e-28
J.L. Partners,Daily Mail,2025-04-10,2025-04-14,1002,RV,48,42,https://jlpartners.com/trump-tracker-mid-april-2025,6,NA,-1.5455402991085876,3.8830695717577712e-28
Echelon Insights,NA,2025-04-10,2025-04-14,1014,LV,47,51,https://echeloninsights.com/in-the-news/april-2025-verified-voter-omnibus-2-2-2-2/,-4,NA,-6.815194334249313,4.578451013599357e-28
YouGov,The Economist,2025-04-13,2025-04-15,1512,A,42,52,https://d3nkl3psvxxpe9.cloudfront.net/documents/econtoplines_vK1VgIr.pdf,-10,NA,-8.418619592022594,2.29957634431651e-28
Civiqs,Daily Kos,2025-04-12,2025-04-15,1124,RV,46,53,https://civiqs.com/reports/2025/04/17/report-americans-say-trumps-tariffs-will-raise-prices,-7,DEM,-7.763599231536851,1.2110957730284525e-27
YouGov,Elon University,2025-04-10,2025-04-17,1000,A,41,47,https://ncnewsline.com/briefs/elon-university-poll-americans-fear-a-constitutional-crisis/,-6,NA,-4.418619592022594,2.3378312329500875e-28
OH Predictive Insights,The Center Square,2025-04-15,2025-04-18,2527,RV,44,53,https://www.thecentersquare.com/polls/,-9,NA,-14.181534751761312,2.1027701805072244e-27
McLaughlin & Associates,America's New Majority Project,2025-04-16,2025-04-19,2000,RV,47.6,52.4,https://americasnewmajorityproject.com/most-support-blocking-states-from-giving-medicaid-to-illegal-immigrants/,-4.799999999999997,REP,-8.559404806341341,5.163962973134711e-28
American Research Group,NA,2025-04-17,2025-04-20,1100,A,43,53,https://americanresearchgroup.com/economy/,-10,NA,-0.04397718109051851,5.182387864554164e-28
SurveyMonkey,NBC News Decision Desk,2025-04-11,2025-04-20,19682,A,45,55,https://www.nbcnews.com/politics/trump-administration/poll-americans-vent-disappointment-trump-ahead-100-day-mark-especially-rcna202656,-10,NA,-6.412748167696961,6.974254935394166e-28
Morning Consult,NA,2025-04-18,2025-04-20,2207,RV,46,52,https://pro.morningconsult.com/trackers/donald-trump-congress-policy-republicans-polling,-6,NA,-12.58318738174188,4.076435294587373e-28
AP-NORC,NA,2025-04-17,2025-04-21,1260,A,39,59,https://apnorc.org/projects/100-days-in-and-the-public-feels-trumps-presidency-is-proceeding-mostly-as-expected/,-20,NA,-12.004000107549153,2.6800177428577497e-28
Ipsos,Reuters,2025-04-16,2025-04-21,4306,A,42,53,https://www.reuters.com/world/us/trump-approval-rating-dips-many-wary-his-wielding-power-reutersipsos-poll-finds-2025-04-21/,-11,NA,-6.5037388434191925,9.948082694151292e-28
Beacon Research/Shaw & Co. Research,FOX News,2025-04-18,2025-04-21,1104,RV,44,55,https://www.foxnews.com/official-polls/fox-news-poll-first-100-days-president-trumps-second-term,-11,NA,-12.517613132391368,1.417463044582794e-27
YouGov,The Economist,2025-04-19,2025-04-22,1625,A,41,54,https://d3nkl3psvxxpe9.cloudfront.net/documents/econtoplines_iwzo5ZP.pdf,-13,NA,-11.418619592022594,5.156263193924682e-28
Marist College,"PBS News, NPR",2025-04-21,2025-04-23,1439,A,42,53,https://maristpoll.marist.edu/polls/president-trumps-first-100-days-april-2025/,-11,NA,-10.602173691178969,2.1584263722478493e-27
YouGov,The Times of London,2025-04-21,2025-04-23,1296,A,42,53,https://www.thetimes.com/us/american-politics/article/trump-polls-100-days-approval-3bxfj8k0z,-11,NA,-9.418619592022594,5.158774338279627e-28
John Zogby Strategies,NA,2025-04-22,2025-04-23,1000,RV,48,50,https://johnzogbystrategies.com/real-time-analysis-of-trumps-dropping-numbers-among-bellwether-groups/,-2,NA,-7.0548201211681985,1.0896649804613202e-27
Quantus Insights,TrendingPolitics,2025-04-21,2025-04-23,1000,RV,47.7,49.8,https://quantus.substack.com/p/split-nation-unready-party-the-strategic,-2.0999999999999943,REP,-8.336107631630924,1.8209832065314356e-28
SSRS,CNN,2025-04-17,2025-04-24,1678,A,41,59,https://amp.cnn.com/cnn/2025/04/27/politics/approval-rating-trump-100-days,-18,NA,-11.023624166403671,9.377686861481526e-28
The Bullfinch Group,NA,2025-04-18,2025-04-24,1200,A,46,51,https://www.thebullfinchgroup.com/post/public-release-of-bullfinch-nationwide-100-day-review-survey,-5,NA,-6.02657276219233,4.325476931961681e-28
RMG Research,Napolitan Institute,2025-04-16,2025-04-24,3000,RV,49,48,https://napolitannews.org/jobapproval,1,NA,-8.716122670541779,1.1542912234864373e-27
The New York Times/Siena College,NA,2025-04-21,2025-04-24,913,RV,42,54,https://www.nytimes.com/2025/04/25/us/politics/trump-poll-approval.html,-12,NA,-11.727183187404286,3.0899833150382185e-27
Ipsos,"ABC News, The Washington Post",2025-04-18,2025-04-25,2464,A,39,55,https://www.washingtonpost.com/politics/2025/04/27/trump-poll-approval-rating-100-days/,-16,NA,-11.503738843419193,1.1668067052306897e-27
YouGov,CBS News,2025-04-23,2025-04-25,2365,A,45,55,https://www.cbsnews.com/news/cbs-news-poll-trump-100-days-tariffs/,-10,NA,-8.418619592022594,8.712202552159756e-28
Ipsos,Reuters,2025-04-25,2025-04-27,1029,A,42,53,https://www.ipsos.com/en-us/ipsos-core-political-survey-presidential-approval-tracker-april-2025,-11,NA,-6.5037388434191925,9.389108268629794e-28
Morning Consult,NA,2025-04-25,2025-04-27,2224,RV,45,53,https://pro.morningconsult.com/trackers/donald-trump-congress-policy-republicans-polling,-8,NA,-14.58318738174188,8.907534901438976e-28
NewsNation,NA,2025-04-23,2025-04-27,1448,RV,44,56,https://www.newsnationnow.com/politics/recession-inflation-immigration-ddhq-poll/,-12,NA,-11.265133903096498,4.858044439475634e-27
YouGov,Yahoo News,2025-04-25,2025-04-28,1597,A,42,53,https://www.yahoo.com/news/poll-after-first-100-days-trumps-approval-rating-continues-to-crater-as-57-say-hes-gone-too-far-on-tariffs-165501627.html,-11,NA,-9.418619592022594,9.987715344012133e-28
YouGov,The Economist,2025-04-25,2025-04-28,1785,A,42,52,https://d3nkl3psvxxpe9.cloudfront.net/documents/econtoplines_TYDfabe.pdf,-10,NA,-8.418619592022594,1.0559243581916724e-27
Emerson College,NA,2025-04-25,2025-04-28,1000,RV,44.7,45.3,https://emersoncollegepolling.com/trump-100-days/,-0.5999999999999943,NA,-6.735794508849118,2.5939962949771486e-27
Global Strategy Group/GBAO (Navigator Research),NA,2025-04-24,2025-04-28,1000,RV,44,54,https://navigatorresearch.org/anxious-discouraged-exhausted-the-first-100-days/,-10,NA,-9.87255183186425,9.898910318865281e-28
J.L. Partners,Daily Mail,2025-04-23,2025-04-28,1006,RV,41,50,https://www.dailymail.co.uk/news/article-14657347/Donald-Trump-approval-rating-100-days-tariffs-poll.html,-9,NA,-16.545540299108588,1.850553382176396e-27
Lord Ashcroft Polls,NA,2025-04-09,2025-04-30,10000,A,45,53,https://lordashcroftpolls.com/2025/05/trump-america-and-the-western-alliance/,-8,NA,-9.383236836125384,4.175594244437642e-27
RMG Research,Napolitan Institute,2025-04-23,2025-05-01,3000,RV,49,48,https://napolitannews.org/jobapproval,1,NA,-8.716122670541779,2.5081917552889958e-27
TIPP Insights,Issues & Insights,2025-04-30,2025-05-02,1400,A,42,47,https://tippinsights.com/trump-rides-high-with-most-voters-but-democrats-remain-negative-i-i-tipp-poll/,-5,NA,-9.56397686167287,4.5040498608194e-27
YouGov,NA,2025-04-25,2025-05-02,2220,A,42,52,https://d3nkl3psvxxpe9.cloudfront.net/documents/Issue_Importance___Trump_Approval_poll_results.pdf,-10,NA,-8.418619592022594,1.8407605704901673e-27
High Point University,NA,2025-04-28,2025-05-03,1000,A,38,48,https://www.highpoint.edu/src/files/2023/08/111memoISS.pdf,-10,NA,-10.080558114560148,6.376738593267767e-27
Morning Consult,NA,2025-05-02,2025-05-04,2263,RV,46,52,https://pro.morningconsult.com/trackers/donald-trump-congress-policy-republicans-polling,-6,NA,-12.58318738174188,1.9459853453849448e-27
AP-NORC,NA,2025-05-01,2025-05-05,1175,A,41,57,https://apnorc.org/projects/few-support-punitive-funding-cuts-to-colleges-and-universities/,-16,NA,-8.004000107549153,1.201262712478952e-27
YouGov,The Economist,2025-05-02,2025-05-05,1850,A,42,52,https://d3nkl3psvxxpe9.cloudfront.net/documents/econtoplines_Cv0m59u.pdf,-10,NA,-8.418619592022594,2.3348760096407812e-27
Verasight,Strength In Numbers,2025-05-01,2025-05-06,1000,A,40,56,https://www.gelliottmorris.com/p/new-poll-americans-oppose-trumps,-16,NA,-12.886554635443701,1.2746841344799001e-27
Quantus Insights,TrendingPolitics,2025-05-05,2025-05-07,1000,RV,48.2,48.3,https://quantusinsights.org/f/the-nation-divided-the-president-holding-ground,-0.09999999999999432,REP,-6.336107631630924,8.601864371582967e-28
Morning Consult,NA,2025-05-02,2025-05-08,45000,A,46.24,48.04,https://pro.morningconsult.com/trackers/global-leader-approval,-1.7999999999999972,NA,-6.3525868232188785,4.5087520928836484e-27
YouGov,NA,2025-05-06,2025-05-08,1143,A,41.529,50.059,https://yougovamerica.substack.com/p/your-polls-on-protestants-pets-and,-8.529999999999994,NA,-6.948619592022588,2.5712689716192474e-27
RMG Research,Napolitan Institute,2025-04-30,2025-05-08,3000,RV,49,49,https://napolitannews.org/jobapproval,0,NA,-9.716122670541779,5.4037353268465585e-27
Wick,2Way,2025-05-08,2025-05-09,1000,RV,47,49,https://www.wick.io/post/episode-2-the-peoples-poll,-2,NA,-7.580477139388854,1.987164220299678e-26
co/efficient,NA,2025-05-07,2025-05-09,1462,LV,49,51,https://coefficient.org/national-approval-study/,-2,REP,-4.66181234374708,3.117292576322929e-26
Morning Consult,NA,2025-05-09,2025-05-11,2221,RV,46,52,https://pro.morningconsult.com/trackers/donald-trump-congress-policy-republicans-polling,-6,NA,-12.58318738174188,4.175445090935631e-27
YouGov,The Economist,2025-05-09,2025-05-12,1786,A,43,52,https://d3nkl3psvxxpe9.cloudfront.net/documents/econtoplines_tUEOMi7.pdf,-9,NA,-7.418619592022594,5.004474192170535e-27
Echelon Insights,NA,2025-05-08,2025-05-12,1000,LV,46,52,https://echeloninsights.com/in-the-news/may-2025-verified-voter-omnibus-2-2-2-2-2/,-6,NA,-8.815194334249313,1.0037546662863344e-26
Ipsos,Reuters,2025-05-12,2025-05-13,1163,A,44,52,https://www.reuters.com/world/us/trumps-approval-rating-rises-44-americans-worry-less-about-recession-2025-05-13/,-8,NA,-3.5037388434191925,5.954295761888203e-27
The Bullfinch Group,NA,2025-05-09,2025-05-13,1200,A,45,50,https://www.thebullfinchgroup.com/post/public-release-of-bullfinch-q2-nationwide-survey-3,-5,NA,-6.335070326988429,3.628191365545441e-27
Marquette University Law School,NA,2025-05-05,2025-05-15,1004,A,46,54,https://law.marquette.edu/poll/2025/05/21/detailed-results-of-the-marquette-law-school-supreme-court-poll-may-5-15-2025-national-issues/,-8,NA,-6.856934242538102,2.3718205807997235e-26
Harris Insights & Analytics,Harvard CAPS,2025-05-14,2025-05-15,1903,RV,47,48,https://harvardharrispoll.com/wp-content/uploads/2025/05/HHP_May2025_KeyResults.pdf,-1,NA,-9.223184181597645,1.711525567850393e-26
YouGov,NA,2025-05-14,2025-05-16,1118,A,44,48,https://substack.com/home/post/p-164270689,-4,NA,-2.418619592022594,6.1914927505187916e-27
Gallup,NA,2025-05-01,2025-05-18,1003,A,43,53,https://news.gallup.com/poll/690986/political-economic-indicators-steady-may.aspx,-10,NA,-4.631491683767351,2.947685279613631e-26
Ipsos,Reuters,2025-05-16,2025-05-18,1024,A,42,52,https://www.reuters.com/world/us/trumps-approval-rating-ticks-lower-economic-concerns-weigh-reutersipsos-poll-2025-05-20/,-10,NA,-5.5037388434191925,9.66686741659759e-27
Global Strategy Group/GBAO (Navigator Research),NA,2025-05-15,2025-05-18,1000,RV,44,54,https://navigatorresearch.org/most-oppose-tax-cuts-for-the-rich/,-10,NA,-9.87255183186425,9.039898415181597e-27
YouGov,The Economist,2025-05-16,2025-05-19,1710,A,43,51,https://d3nkl3psvxxpe9.cloudfront.net/documents/econtoplines_wpVo7G8.pdf,-8,NA,-6.418619592022594,1.0685469309737913e-26
Fabrizio Ward,Pinpoint Policy Institute,2025-05-15,2025-05-19,800,RV,46,49,https://pinpointpolicyinstitute.org/pinpoint-policy-institute-quarterly-economic-tracking-poll/,-3,NA,-6.57655752232877,1.896946944011623e-26
Morning Consult,NA,2025-05-16,2025-05-19,2208,RV,48,50,https://pro.morningconsult.com/trackers/donald-trump-congress-policy-republicans-polling,-2,NA,-8.58318738174188,1.0116969162291902e-26
InsiderAdvantage,NA,2025-05-17,2025-05-19,1000,LV,54.6,44.4,https://insideradvantage.com/insideradvantage-national-survey-trump-approval-surges-to-fifty-five-percent-following-middle-east-trip/?utm_source=rss&utm_medium=rss&utm_campaign=insideradvantage-national-survey-trump-approval-surges-to-fifty-five-percent-following-middle-east-trip,10.200000000000003,NA,-6.728425353706427,2.948846645236377e-26
American Research Group,NA,2025-05-17,2025-05-20,1100,A,41,55,https://americanresearchgroup.com/economy/,-14,NA,-4.0439771810905185,1.4305832444995944e-26
Civiqs,Daily Kos,2025-05-17,2025-05-20,1018,RV,47,52,https://www.dailykos.com/stories/2025/5/21/2323578/-Trump-took-the-Qatari-jet-bribe-Most-voters-have-a-problem-with-that,-5,DEM,-5.763599231536851,7.565730832285536e-26
Quantus Insights,TrendingPolitics,2025-05-18,2025-05-20,1000,RV,48.3,47.8,https://quantusinsights.org/f/latest-quantus-insights-pollno-mandate-but-momentum,0.5,REP,-5.736107631630929,3.64365579062265e-27
RMG Research,Napolitan Institute,2025-05-14,2025-05-21,3000,RV,48,50,https://napolitannews.org/jobapproval,-2,NA,-11.716122670541779,2.287502996278367e-26
Morning Consult,NA,2025-05-23,2025-05-25,2208,RV,48,50,https://pro.morningconsult.com/trackers/donald-trump-congress-policy-republicans-polling,-2,NA,-8.58318738174188,1.9639839278526272e-26
YouGov,The Economist,2025-05-23,2025-05-26,1660,A,44,52,https://d3nkl3psvxxpe9.cloudfront.net/documents/econtoplines_4dTnSm8.pdf,-8,NA,-6.418619592022594,2.2880182931036838e-26
AtlasIntel,NA,2025-05-21,2025-05-27,3469,A,44.5,54.4,https://cdn.atlasintel.org/20c89f8f-d65e-4991-a491-388ae96986c9.pdf,-9.899999999999999,NA,-10.55426592227495,2.342578460335867e-25
YouGov,Yahoo News,2025-05-22,2025-05-27,1560,A,41,54,https://www.yahoo.com/news/poll-most-americans-think-qatar-is-trying-to-bribe-trump-with-luxury-jet-gift-185933774.html,-13,NA,-11.418619592022594,2.4859935590619217e-26
Wick,2Way,2025-05-26,2025-05-28,1000,RV,47,48.9,https://www.wick.io/post/episode-3-the-peoples-poll,-1.8999999999999986,NA,-7.480477139388853,2.2568913993308663e-25
John Zogby Strategies,NA,2025-05-28,2025-05-29,1000,LV,48.2,49,https://johnzogbystrategies.com/president-trumps-approval-rating-at-48-49-disapprove-according-to-new-poll-by-john-zogby-strategies-boosted-by-strong-support-on-immigration-and-government-cost-cutting/,-0.7999999999999972,NA,-6.04865147273145,5.874349222825472e-26
TIPP Insights,Issues & Insights,2025-05-28,2025-05-30,1395,A,43,45,https://issuesinsights.com/2025/06/02/trumps-ratings-edge-higher-as-good-news-eclipses-negative-media-coverage-ibd-tipp-poll/,-2,NA,-6.56397686167287,9.951766025394765e-26
YouGov,The Economist,2025-05-30,2025-06-02,1610,A,45,49,https://d3nkl3psvxxpe9.cloudfront.net/documents/econtoplines_uOptfZ9.pdf,-4,NA,-2.418619592022594,4.8977333179599576e-26
Grayhouse,America One Policies (super PAC),2025-05-29,2025-06-02,2000,RV,48,49,https://cdn.prod.website-files.com/5d02aaade6188137a65c8441/68497a1576e3c04cb20aaf19_Reconciliation%20Polling%20Survey.pdf,-1,REP,-5.823629801287744,6.430151639827041e-26
Morning Consult,NA,2025-05-30,2025-06-02,2205,RV,46,51,https://pro.morningconsult.com/trackers/donald-trump-congress-policy-republicans-polling,-5,NA,-11.58318738174188,4.7445443895100875e-26
RMG Research,Napolitan Institute,2025-05-27,2025-06-03,3000,RV,51,46,https://napolitannews.org/jobapproval,5,NA,-4.716122670541779,9.60112136243324e-26
Quantus Insights,TrendingPolitics,2025-06-01,2025-06-04,1000,RV,48.8,48.2,https://quantusinsights.org/f/quantus-insights-approval-poll-the-divide-holds,0.5999999999999943,REP,-5.636107631630935,1.9612589356392057e-26
PureSpectrum,The Civic Health and Institutions Project,2025-04-10,2025-06-05,30967,A,37.1,47.7,https://www.chip50.org/blog/whose-approval-disapproval-of-trump-shifted-the-most,-10.600000000000001,NA,-8.282846405527643,3.0585740704560868e-25
YouGov,CBS News,2025-06-04,2025-06-06,2428,A,45,55,https://www.cbsnews.com/news/deportation-immigration-opinion-poll/,-10,NA,-8.418619592022594,9.367641235659496e-26
J.L. Partners,Daily Mail,2025-06-06,2025-06-06,1006,RV,43,49,https://jlpartners.com/trump-tracker-early-june-2025,-6,NA,-13.545540299108588,1.4038581252700258e-25
Pew Research Center,NA,2025-06-02,2025-06-08,5044,A,41,58,https://www.pewresearch.org/politics/2025/06/17/americans-have-mixed-to-negative-views-of-trump-administration-immigration-actions/,-17,NA,-9.349533834769012,6.951360868233621e-25
Morning Consult,NA,2025-06-06,2025-06-08,1867,RV,47,51,https://pro.morningconsult.com/trackers/donald-trump-congress-policy-republicans-polling,-4,NA,-10.58318738174188,8.47623352757582e-26
AP-NORC,NA,2025-06-05,2025-06-09,1158,A,39,60,https://apnorc.org/projects/most-say-the-upcoming-military-parade-is-not-a-good-use-of-government-funds/,-21,NA,-13.004000107549153,5.892761185218019e-26
YouGov,The Economist,2025-06-06,2025-06-09,1533,A,43,52,https://d3nkl3psvxxpe9.cloudfront.net/documents/econtoplines_jXkGqJ1.pdf,-9,NA,-7.418619592022594,1.0342704786983648e-25
Global Strategy Group/GBAO (Navigator Research),NA,2025-06-05,2025-06-09,1000,RV,42,55,https://navigatorresearch.org/republicans-crater-on-medicaid-trust/,-13,NA,-12.87255183186425,1.0287249367105503e-25
Morning Consult,NA,2025-06-03,2025-06-09,45000,RV,49.81,44.14,https://pro.morningconsult.com/trackers/global-leader-approval,5.670000000000002,NA,-0.9131873817418779,1.5566410229730511e-25
Quinnipiac University,NA,2025-06-05,2025-06-09,1265,RV,38,54,https://poll.qu.edu/poll-release?releaseid=3924,-16,NA,-13.383255657968583,2.699688263762931e-25
SurveyMonkey,NBC News Decision Desk,2025-05-30,2025-06-10,19410,A,45,55,https://www.nbcnews.com/politics/elections/poll-neither-political-party-gets-good-marks-honesty-rcna212686,-10,NA,-6.412748167696961,2.0001622229257436e-25
Quantus Insights,TrendingPolitics,2025-06-09,2025-06-11,1000,RV,47.5,49.1,https://quantus.substack.com/p/quantus-insights-june-12-national,-1.6000000000000014,REP,-7.836107631630924,4.225404287076103e-26
TIPP Insights,League of American Workers,2025-06-09,2025-06-11,1584,RV,43,50,https://tippinsights.com/league-of-american-workers-poll-june-2025/,-7,REP,-13.117365330247686,3.1623446504000657e-25
Verasight,Strength In Numbers,2025-06-06,2025-06-12,1500,A,42,56,https://www.gelliottmorris.com/p/trump-approval-at-42-democrats-up,-14,NA,-10.886554635443701,9.3189575531509e-26
Harris Insights & Analytics,Harvard CAPS,2025-06-11,2025-06-12,2097,RV,46,50,https://harvardharrispoll.com/wp-content/uploads/2025/06/HHP_June2025_KeyResults.pdf,-4,NA,-12.223184181597645,3.976830616318344e-25
Clarity Campaign Labs,NA,2025-06-05,2025-06-14,1000,RV,47,50,https://static1.squarespace.com/static/61ae8d5e55be5c7314b4c83a/t/6852fc5a3ac4c05449fc450e/1750269023826/Clarity+Omnibus+Overview+-+June+2025+%5BPUBLIC%5D.pdf,-3,NA,-7.609987922337105,4.242444127137539e-25
The Winston Group,Winning the Issues,2025-06-12,2025-06-14,1000,RV,41,52,https://www.winningtheissues.org/2025/06/30/winning-the-issues-june-2025-national-survey/,-11,REP,-8.547844460671989,4.608642055893043e-25
McLaughlin & Associates,America's New Majority Project,2025-06-12,2025-06-15,2000,RV,46.6,53.4,https://americasnewmajorityproject.com/how-to-talk-about-taxes-and-the-budget-bill-what-voters-respond-to-best/,-6.799999999999997,REP,-10.559404806341341,3.2757780116419537e-25
Morning Consult,NA,2025-06-13,2025-06-15,2207,RV,46,52,https://pro.morningconsult.com/trackers/donald-trump-congress-policy-republicans-polling,-6,NA,-12.58318738174188,1.9967280621441489e-25
Ipsos,Reuters,2025-06-11,2025-06-16,4258,A,42,54,https://www.reuters.com/world/us/trump-approval-steady-42-support-weakens-his-immigration-policy-reutersipsos-2025-06-16/,-12,NA,-7.5037388434191925,4.845555485577988e-25
Schoen Cooperman Research,Israel On Campus Coalition,2025-06-13,2025-06-16,800,A,45,50,https://thehill.com/opinion/national-security/5783636-iran-threat-americans-divided/amp/,-5,NA,-8.875777992310944,6.8965517136127975e-25
YouGov,The Economist,2025-06-13,2025-06-16,1512,A,41,54,https://d3nkl3psvxxpe9.cloudfront.net/documents/econtoplines_TRp1rqi.pdf,-13,NA,-11.418619592022594,2.2331634987476275e-25
Beacon Research/Shaw & Co. Research,FOX News,2025-06-13,2025-06-16,1003,RV,46,54,https://www.foxnews.com/politics/fox-news-poll-economic-pessimism-abates-slightly,-8,NA,-9.517613132391368,6.5078372459626355e-25
InsiderAdvantage,NA,2025-06-15,2025-06-16,1000,LV,54.4,44.1,https://insideradvantage.com/insideradvantage-national-survey-of-trump-job-performance-approve-54-disapprove-44-undecided-2/,10.299999999999997,NA,-6.628425353706433,6.7384774942555465e-25
J.L. Partners,NA,2025-06-16,2025-06-17,1039,RV,46,51,https://jlpartners.com/israeliran,-5,NA,-11.75861070566279,4.76586270665047e-25
Echelon Insights,NA,2025-06-12,2025-06-17,982,LV,45,53,https://echeloninsights.com/in-the-news/june-2025-verified-voter-omnibus-2-2-2-2-2-2/,-8,NA,-10.815194334249313,5.285757476863293e-25
Echelon Insights,NA,2025-06-17,2025-06-18,1002,LV,48,52,https://echeloninsights.com/in-the-news/middle-east-update/,-4,NA,-6.815194334249313,5.958053481620875e-25
Gallup,NA,2025-06-02,2025-06-19,1000,A,40,57,https://news.gallup.com/poll/692045/economic-confidence-slightly-improved-negative.aspx,-17,NA,-11.63149168376735,1.0510808979518643e-24
RMG Research,Napolitan Institute,2025-06-11,2025-06-19,3000,RV,53,46,https://napolitannews.org/jobapproval,7,NA,-2.716122670541779,5.652884750270149e-25
American Research Group,NA,2025-06-17,2025-06-20,1100,A,38,59,https://americanresearchgroup.com/economy/,-21,NA,-11.043977181090519,4.414363372700394e-25
The Bullfinch Group,Exiled Policy,2025-06-17,2025-06-20,1223,A,41,54,https://www.exiledpolicy.com/p/poll-voters-disapprove-of-congress,-13,NA,-14.33507032698843,2.4776099875345094e-25
Ipsos,Reuters,2025-06-20,2025-06-22,1144,A,41,54,https://www.ipsos.com/en-us/ipsos-core-political-survey-presidential-approval-tracker-june-2025,-13,NA,-8.503738843419193,4.849177041860691e-25
Morning Consult,NA,2025-06-20,2025-06-22,2205,RV,45,53,https://pro.morningconsult.com/trackers/donald-trump-congress-policy-republicans-polling,-8,NA,-14.58318738174188,4.324511884885737e-25
Ipsos,Reuters,2025-06-21,2025-06-23,1139,A,41,57,https://www.reuters.com/world/us/americans-worry-conflict-with-iran-could-escalate-reutersipsos-poll-finds-2025-06-23/,-16,NA,-11.503738843419193,5.399281090967145e-25
YouGov,The Economist,2025-06-20,2025-06-23,1590,A,40,54,https://d3nkl3psvxxpe9.cloudfront.net/documents/econtoplines_fY58GXm.pdf,-14,NA,-12.418619592022594,4.979639241529967e-25
Quinnipiac University,NA,2025-06-22,2025-06-24,979,RV,41,54,https://poll.qu.edu/poll-release?releaseid=3926,-13,NA,-10.383255657968583,1.2679726481597383e-24
Marist College,"PBS News, NPR",2025-06-23,2025-06-25,1381,A,43,52,https://maristpoll.marist.edu/polls/u-s-attacks-on-iran-july-2025/,-9,NA,-8.212397617741104,2.2176858404580034e-24
American Pulse Research & Polling,NA,2025-06-23,2025-06-25,633,RV,49.7,48.9,https://www.americanpulse.us/thankyou-pollresults-publicopinion-post-landscape-shaping-events-2,0.8000000000000043,NA,-6.7617202811575225,2.381276829169797e-24
Emerson College,NA,2025-06-24,2025-06-25,1000,RV,44.9,46.3,https://emersoncollegepolling.com/june-national-poll/,-1.3999999999999986,NA,-7.298374928293512,1.5453917259942292e-24
Quantus Insights,NA,2025-06-23,2025-06-25,1000,RV,47,50,https://quantusinsights.org/f/quantus-insights-june-26-2025-national-political-survey,-3,NA,-9.713319721579111,2.502126898849004e-25
John Zogby Strategies,NA,2025-06-24,2025-06-25,1006,LV,45.4,52.7,https://johnzogbystrategies.com/president-trumps-approval-rating-drops-to-45-with-53-disapproval-voters-support-us-bombing-of-irans-nuclear-facilities-today-but-not-tomorrow/,-7.300000000000004,NA,-12.548651472731457,1.1881391809885362e-24
The Tyson Group,NA,2025-06-25,2025-06-26,1027,A,45,51,https://www.axios.com/2025/06/27/poll-trump-strikes-iran-israel,-6,NA,-7.657830519823321,4.29157421199998e-24
RMG Research,Napolitan Institute,2025-06-18,2025-06-26,3000,RV,51,47,https://napolitannews.org/jobapproval,4,NA,-5.716122670541779,1.2178771004734299e-24
Targoz Market Research,Overton Insights,2025-06-23,2025-06-26,1200,RV,43,54,https://mailchi.mp/overtoninsights.com/nationalpolitics-9431343,-11,NA,-11.538116367694926,2.830938744314285e-24
TIPP Insights,Issues & Insights,2025-06-25,2025-06-27,1421,A,44,45,https://issuesinsights.com/2025/06/30/trump-clings-to-solid-ratings-for-leadership-despite-dems-ongoing-negative-views-ii-tipp-poll/,-1,NA,-5.56397686167287,2.295195514751487e-24
Morning Consult,NA,2025-06-27,2025-06-29,2202,RV,47,50,https://pro.morningconsult.com/trackers/donald-trump-congress-policy-republicans-polling,-3,NA,-9.58318738174188,9.419437139363554e-25
Schoen Cooperman Research,Israel On Campus Coalition,2025-06-27,2025-06-30,1028,A,47,48,https://thehill.com/opinion/national-security/5783636-iran-threat-americans-divided/amp/,-1,NA,-4.875777992310944,3.6286930055617804e-24
YouGov,Yahoo News,2025-06-26,2025-06-30,1597,A,40,56,https://www.yahoo.com/news/poll-just-22-of-americans-believe-trumps-claim-that-us-strikes-have-completely-and-totally-obliterated-irans-nuclear-program-201243728.html,-16,NA,-14.418619592022594,1.0802494805461283e-24
YouGov,The Economist,2025-06-27,2025-06-30,1648,A,42,53,https://d3nkl3psvxxpe9.cloudfront.net/documents/econtoplines_bFO4I7K.pdf,-11,NA,-9.418619592022594,1.0973627443959736e-24
Global Strategy Group/GBAO (Navigator Research),NA,2025-06-26,2025-06-30,1000,RV,45,53,https://navigatorresearch.org/americans-continue-to-oppose-republicans-budget-plan/?emci=ce8cac3e-8956-f011-8f7c-6045bdfe8e9c&emdi=88836e6f-9456-f011-8f7c-6045bdfe8e9c&ceid=1589070,-8,NA,-7.87255183186425,1.0499379919240696e-24
Quantus Insights,TrendingPolitics,2025-06-30,2025-07-02,1000,RV,47,49,https://quantusinsights.org/f/quantus-insights-national-survey-still-polarized-now-drifting,-2,REP,-8.23610763163093,4.405288495369626e-25
Morning Consult,NA,2025-07-03,2025-07-06,2203,RV,45,52,https://pro.morningconsult.com/trackers/donald-trump-congress-policy-republicans-polling,-7,NA,-13.58318738174188,2.0418634566815245e-24
YouGov,The Economist,2025-07-04,2025-07-07,1528,A,42,53,https://d3nkl3psvxxpe9.cloudfront.net/documents/econtoplines_qDJUvSl.pdf,-11,NA,-9.418619592022594,2.287309330781387e-24
Harris Insights & Analytics,Harvard CAPS,2025-07-06,2025-07-08,2044,RV,47,49,https://harvardharrispoll.com/wp-content/uploads/2025/07/HHP_July_2025_KeyResults.pdf,-2,NA,-10.223184181597645,6.990131632284875e-24
Morning Consult,NA,2025-07-04,2025-07-10,45000,A,43.99,50.14,https://pro.morningconsult.com/trackers/global-leader-approval,-6.149999999999999,NA,-10.70258682321888,4.79823194206498e-24
J.L. Partners,Daily Mail,2025-07-09,2025-07-10,1013,RV,44,48,https://www.dailymail.co.uk/news/article-14916739/Epstein-Trump-poll-impact-shock-birthday-letter.html,-4,NA,-11.636787342659026,6.215167429710906e-24
RMG Research,Napolitan Institute,2025-06-30,2025-07-10,3000,RV,50,47,https://napolitannews.org/jobapproval,3,NA,-6.716122670541779,5.706980573741637e-24
SSRS,CNN,2025-07-10,2025-07-13,1057,A,42,58,https://www.cnn.com/2025/07/16/politics/trump-megabill-one-big-beautiful-bill,-16,NA,-7.909530915535626,5.091401109837121e-24
YouGov,NA,2025-07-09,2025-07-13,2104,A,39,56,https://d3nkl3psvxxpe9.cloudfront.net/documents/Trump_Issue_Handling_poll_results.pdf,-17,NA,-15.418619592022594,5.206889459498445e-24
Morning Consult,NA,2025-07-11,2025-07-13,2201,RV,47,50,https://pro.morningconsult.com/trackers/donald-trump-congress-policy-republicans-polling,-3,NA,-9.58318738174188,4.423473190748538e-24
AP-NORC,NA,2025-07-10,2025-07-14,1437,A,40,58,https://apnorc.org/projects/people-are-more-likely-to-say-trumps-policies-have-hurt-them-than-helped-them/,-18,NA,-10.004000107549153,3.1538513766658124e-24
YouGov,The Economist,2025-07-11,2025-07-14,1680,A,41,55,https://d3nkl3psvxxpe9.cloudfront.net/documents/econtoplines_GH2gpvi.pdf,-14,NA,-12.418619592022594,5.191934185600748e-24
Quinnipiac University,NA,2025-07-10,2025-07-14,1290,RV,40,54,https://poll.qu.edu/poll-release?releaseid=3928,-14,NA,-11.383255657968583,1.3471275215331213e-23
Echelon Insights,NA,2025-07-10,2025-07-14,1084,LV,45,53,https://echeloninsights.com/in-the-news/july-2025-verified-voter-omnibus-2-2-2-2-2-2-2/,-8,NA,-10.815194334249313,1.133529313157535e-23
Ipsos,Reuters,2025-07-15,2025-07-16,1027,A,41,54,https://www.reuters.com/world/us/trumps-approval-immigration-falls-lowest-level-his-term-reutersipsos-poll-finds-2025-07-16/,-13,NA,-8.503738843419193,6.613506773214031e-24
Marquette University Law School,NA,2025-07-07,2025-07-16,1005,A,45,55,https://law.marquette.edu/poll/2025/07/23/detailed-results-of-the-marquette-law-school-supreme-court-poll-july-7-16-2025-national-issues/,-10,NA,-8.856934242538102,2.241597870393966e-23
Verasight,Strength In Numbers,2025-07-14,2025-07-16,1500,A,42,57,https://www.gelliottmorris.com/p/new-poll-dems-lead-house-generic,-15,NA,-11.886554635443701,4.0123292544532066e-24
Quantus Insights,NA,2025-07-14,2025-07-16,1000,RV,48,50,https://quantusinsights.org/f/quantus-insights-survey-what-julys-numbers-tell-us,-2,NA,-8.713319721579111,2.6133863127320037e-24
AtlasIntel,NA,2025-07-13,2025-07-18,1935,A,44.3,54.9,https://atlasintel.org/poll/usa-national-2025-07-18,-10.600000000000001,NA,-11.254265922274953,5.855688463173685e-23
YouGov,CBS News,2025-07-16,2025-07-18,2343,A,42,58,https://www.cbsnews.com/news/cbs-news-poll-trump-deportation-program-prices/,-16,NA,-14.418619592022594,9.599607055804667e-24
Global Strategy Group/GBAO (Navigator Research),NA,2025-07-16,2025-07-19,1000,RV,43,54,https://navigatorresearch.org/the-government-and-the-epstein-files/,-11,NA,-10.87255183186425,8.613254079764667e-24
American Research Group,NA,2025-07-17,2025-07-20,1100,A,38,59,https://americanresearchgroup.com/economy/,-21,NA,-11.043977181090519,1.223077199170173e-23
"Fabrizio, Lee & Associates/Impact Research",The Wall Street Journal,2025-07-16,2025-07-20,1500,RV,46,52,https://www.wsj.com/politics/elections/trump-approval-rating-poll-july-2025-745b0f5f,-6,NA,-7.023782570850869,2.3277523438854258e-23
Morning Consult,NA,2025-07-18,2025-07-20,2202,RV,45,52,https://pro.morningconsult.com/trackers/donald-trump-congress-policy-republicans-polling,-7,NA,-13.58318738174188,9.59019612576087e-24
Gallup,NA,2025-07-07,2025-07-21,1002,A,37,58,https://news.gallup.com/poll/692879/independents-drive-trump-approval-second-term-low.aspx,-21,NA,-15.63149168376735,3.796233548049711e-23
High Point University,NA,2025-07-18,2025-07-21,1000,A,39,51,https://www.highpoint.edu/src/files/2023/08/hpupoll112A.pdf,-12,NA,-12.080558114560148,4.255717039079985e-23
YouGov,The Times of London,2025-07-18,2025-07-21,1470,A,39,56,https://www.thetimes.com/us/american-politics/article/trump-polls-approval-rating-200-days-nxdl2szkr,-17,NA,-15.418619592022594,1.056533135617969e-23
YouGov,The Economist,2025-07-18,2025-07-21,1729,A,41,55,https://d3nkl3psvxxpe9.cloudfront.net/documents/econtoplines_x8wFIYj.pdf,-14,NA,-12.418619592022594,1.145834650800368e-23
Beacon Research/Shaw & Co. Research,FOX News,2025-07-18,2025-07-21,1000,RV,46,54,https://www.foxnews.com/official-polls/fox-news-poll-trump-facing-headwinds-six-month-mark,-8,NA,-9.517613132391368,3.139308069973736e-23
GBAO,Third Way,2025-07-14,2025-07-21,2000,RV,45,55,https://www.thirdway.org/memo/big-beautiful-bellyaches-americans-pain-and-frustration-worsens-after-six-months-of-misplaced-priorities,-10,NA,-11.93497312539359,5.296068668274021e-23
The Bullfinch Group,NA,2025-07-18,2025-07-22,1200,A,41,55,https://www.thebullfinchgroup.com/post/public-release-of-bullfinch-q3-nationwide-survey-3,-14,NA,-15.33507032698843,8.641688481021868e-24
Emerson College,Nexstar,2025-07-21,2025-07-22,1400,RV,45.7,46.8,https://www.conchovalleyhomepage.com/news/majority-disapprove-of-trumps-handling-of-epstein-files-emerson-college-polling-survey/,-1.0999999999999943,NA,-7.388151001731373,3.6461224358648177e-23
J.L. Partners,Daily Mail,2025-07-21,2025-07-22,1007,RV,45,46,https://www.dailymail.co.uk/news/article-14932725/Americans-Trump-highest-approval-rating-months-despite-fallout-Epstein-witch-hunt.html,-1,NA,-8.636787342659026,2.3098906268727025e-23
Quantus Insights,NA,2025-07-21,2025-07-23,1123,RV,47.4,49.9,https://quantus.substack.com/p/quantus-insights-national-poll-a,-2.5,NA,-9.213319721579104,6.107008391046657e-24
McLaughlin & Associates,America's New Majority Project,2025-07-21,2025-07-24,2000,RV,46.5,53.5,https://americasnewmajorityproject.com/winning-with-one-big-beautiful-bill/,-7,REP,-10.759404806341344,3.334051610924884e-23
RMG Research,Napolitan Institute,2025-07-16,2025-07-24,3000,RV,50,48,https://napolitannews.org/jobapproval,2,NA,-7.716122670541779,2.6747897154487185e-23
Ipsos,Reuters,2025-07-25,2025-07-27,1023,A,40,56,https://www.reuters.com/world/us/trump-approval-rating-sinks-40-lowest-his-term-reutersipsos-poll-finds-2025-07-29/,-16,NA,-11.503738843419193,2.204925507194217e-23
Leger,"Maintenant Media, 338Canada",2025-07-25,2025-07-27,1007,A,37,51,https://leger360.com/trump-epstein-and-the-american-party/,-14,NA,-14.243734124119385,5.676490045687759e-23
Morning Consult,NA,2025-07-25,2025-07-27,2202,RV,47,50,https://pro.morningconsult.com/trackers/donald-trump-congress-policy-republicans-polling,-3,NA,-9.58318738174188,2.0918125049236995e-23
YouGov,Yahoo News,2025-07-24,2025-07-28,1729,A,39,56,https://d3nkl3psvxxpe9.cloudfront.net/documents/20250728_yahoo.pdf,-17,NA,-15.418619592022594,2.493189967732951e-23
YouGov,The Economist,2025-07-25,2025-07-28,1777,A,40,55,https://d3nkl3psvxxpe9.cloudfront.net/documents/econtoplines_lXGTRIo.pdf,-15,NA,-13.418619592022594,2.5275606643068444e-23
Grayhouse,America One Policies (super PAC),2025-07-27,2025-07-29,2000,RV,46,51,https://cdn.prod.website-files.com/5d02aaade6188137a65c8441/6894e3bfba25e36f2fad12de_OBBB%20Message%20Testing%20Full.pdf,-5,REP,-9.823629801287744,4.0789892303356805e-23
John Zogby Strategies,NA,2025-07-28,2025-07-29,1010,LV,43,54,https://johnzogbystrategies.com/new-zogby-strategies-poll-reveals-intense-collapse-among-trump-supporters/,-11,NA,-16.33989851628189,5.193653548457014e-23
University of Massachusetts (Amherst),NA,2025-07-25,2025-07-30,1000,A,38,58,https://www.umass.edu/political-science/about/reports/2025-9,-20,NA,-13.758836469837647,1.0505118430192758e-22
Clarity Campaign Labs,NA,2025-07-24,2025-07-31,1018,RV,46,51,https://static1.squarespace.com/static/61ae8d5e55be5c7314b4c83a/t/68936b40c111f97bb04773dd/1754491714447/Clarity+Omnibus+Overview+-+July+2025+%5BPUBLIC%5D.pdf,-5,NA,-9.609987922337105,7.767506065449355e-23
RMG Research,Napolitan Institute,2025-07-23,2025-07-31,3000,RV,50,48,https://napolitannews.org/jobapproval,2,NA,-7.716122670541779,5.820001061840711e-23
TIPP Insights,Issues & Insights,2025-07-30,2025-08-02,1362,A,45,46,https://issuesinsights.com/2025/08/04/so-much-winning-voters-give-trumps-leadership-policies-strong-backing-in-august-ii-tipp-poll/,-1,NA,-5.56397686167287,1.2020188476490538e-22
Hart Research Associates/Public Opinion Strategies,CNBC,2025-07-29,2025-08-03,1000,A,46,51,https://www.cnbc.com/video/2025/08/07/cnbc-all-america-economic-survey-45-percent-approve-of-pres-trumps-handling-of-the-economy.html,-5,NA,-7.104946057133851,1.3555557726516066e-22
Morning Consult,NA,2025-08-01,2025-08-03,2201,RV,45,52,https://pro.morningconsult.com/trackers/donald-trump-congress-policy-republicans-polling,-7,NA,-13.58318738174188,4.5340770916227755e-23
YouGov,The Economist,2025-08-01,2025-08-04,1702,A,41,55,https://d3nkl3psvxxpe9.cloudfront.net/documents/econtoplines_dJ7roKt.pdf,-14,NA,-12.418619592022594,5.383416080148782e-23
RMG Research,Napolitan Institute,2025-07-30,2025-08-07,3000,RV,50,49,https://napolitannews.org/jobapproval,1,NA,-8.716122670541779,1.2538812183652093e-22
Morning Consult,NA,2025-08-03,2025-08-09,45000,A,44.88,48.73,https://pro.morningconsult.com/trackers/global-leader-approval,-3.8499999999999943,NA,-8.402586823218876,1.3278359143197264e-22
Pew Research Center,NA,2025-08-04,2025-08-10,3554,A,38,60,https://www.pewresearch.org/politics/2025/08/14/trumps-tariffs-and-one-big-beautiful-bill-face-more-opposition-than-support-as-his-job-rating-slips/,-22,NA,-14.349533834769012,6.419987276419838e-22
Morning Consult,NA,2025-08-08,2025-08-10,2200,RV,45,51,https://pro.morningconsult.com/trackers/donald-trump-congress-policy-republicans-polling,-6,NA,-12.58318738174188,9.828557817890796e-23
YouGov,The Economist,2025-08-09,2025-08-11,1635,A,42,54,https://d3nkl3psvxxpe9.cloudfront.net/documents/econtoplines_V8D6b4L.pdf,-12,NA,-10.418619592022594,1.1485444371269471e-22
Global Strategy Group/GBAO (Navigator Research),NA,2025-08-07,2025-08-11,1000,RV,43,55,https://navigatorresearch.org/americans-oppose-texas-redistricting-by-double-digit-margins/,-12,NA,-11.87255183186425,1.0966244671978462e-22
Merlin Strategy,Azoria Capital,2025-08-11,2025-08-12,2000,A,42,50,https://www.newsmax.com/newsfront/poll-donald-trump-tariffs/2025/08/15/id/1222610/,-8,NA,-11.064616253508184,3.346911557011017e-22
Quantus Insights,NA,2025-08-11,2025-08-13,1000,RV,47.4,51,https://quantusinsights.org/f/middle-america-shrugs-inflation-fatigue-and-electoral-flux,-3.6000000000000014,NA,-10.313319721579113,6.058588908871136e-23
RMG Research,Napolitan Institute,2025-08-06,2025-08-14,3000,RV,48,51,https://napolitannews.org/jobapproval,-3,NA,-12.716122670541779,2.7288313306113595e-22
The Argument/Verasight,NA,2025-08-08,2025-08-17,1562,RV,43,55,https://www.theargumentmag.com/p/when-americans-bite-their-tongues,-12,NA,-11.58545543105307,1.4773192884407028e-22
Echelon Insights,NA,2025-08-14,2025-08-17,1057,LV,47,51,https://echeloninsights.com/in-the-news/august-2025-verified-voter-omnibus/,-4,NA,-6.815194334249313,4.799187264562573e-22
InsiderAdvantage,NA,2025-08-15,2025-08-17,1000,LV,54,43.6,https://insideradvantage.com/trump-approval-surges-post-summit-54-44-all-voters-under-65-years-of-age-approve-older-voters-not-so-much/?utm_source=rss&utm_medium=rss&utm_campaign=trump-approval-surges-post-summit-54-44-all-voters-under-65-years-of-age-approve-older-voters-not-so-much,10.399999999999999,NA,-6.528425353706432,6.455631143758536e-22
Ipsos,Reuters,2025-08-13,2025-08-18,4446,A,40,54,https://www.reuters.com/world/us/trump-approval-holds-40-lowest-level-his-term-reutersipsos-poll-finds-2025-08-18/,-14,NA,-9.503738843419193,5.259197815216778e-22
SoCal Strategies,"Red Eagle Politics, On Point Politics",2025-08-18,2025-08-18,700,A,45,48,https://substack.com/inbox/post/171344467?r=4aupgp,-3,REP,-7.333878013109114,3.058317227058136e-22
YouGov,The Economist,2025-08-15,2025-08-18,1568,A,40,56,https://d3nkl3psvxxpe9.cloudfront.net/documents/econtoplines_ep7WXyn.pdf,-16,NA,-14.418619592022594,2.4488770231126706e-22
Morning Consult,NA,2025-08-15,2025-08-18,2201,RV,47,51,https://pro.morningconsult.com/trackers/donald-trump-congress-policy-republicans-polling,-4,NA,-10.58318738174188,2.3943154273066216e-22
American Research Group,NA,2025-08-17,2025-08-20,1100,A,38,59,https://americanresearchgroup.com/economy/,-21,NA,-11.043977181090519,3.78988435390266e-22
Gallup,NA,2025-08-01,2025-08-20,1094,A,40,56,https://news.gallup.com/poll/694370/trump-ratings-mood-stay-tepid-august.aspx,-16,NA,-10.63149168376735,1.165707993780985e-21
Verasight,Strength In Numbers,2025-08-18,2025-08-21,1500,A,41,56,https://www.gelliottmorris.com/p/democrats-lead-the-us-house-generic,-15,NA,-11.886554635443701,2.1566249252928287e-22
Harris Insights & Analytics,Harvard CAPS,2025-08-20,2025-08-21,2025,RV,47,49,https://harvardharrispoll.com/wp-content/uploads/2025/08/HHP_Aug2025_KeyResults.pdf,-2,NA,-10.223184181597645,8.930175352017925e-22
Ipsos,Reuters,2025-08-22,2025-08-24,1022,A,40,54,https://www.reuters.com/world/us/just-38-americans-support-trumps-use-troops-police-dc-reutersipsos-poll-finds-2025-08-26/,-14,NA,-9.503738843419193,4.868268363890956e-22
Morning Consult,NA,2025-08-22,2025-08-24,2200,RV,47,51,https://pro.morningconsult.com/trackers/donald-trump-congress-policy-republicans-polling,-4,NA,-10.58318738174188,4.652358072006217e-22
AP-NORC,NA,2025-08-21,2025-08-25,1182,A,45,53,https://apnorc.org/projects/most-say-crime-is-a-major-problem-in-americas-cities-but-few-support-a-federal-takeover-of-police-departments/,-8,NA,-1.7839964953905962,2.9683418797835676e-22
YouGov,The Economist,2025-08-22,2025-08-25,1523,A,41,56,https://d3nkl3psvxxpe9.cloudfront.net/documents/econtoplines_ziFpJLd.pdf,-15,NA,-13.418619592022594,5.227567927239289e-22
Quinnipiac University,NA,2025-08-21,2025-08-25,1220,RV,37,55,https://poll.qu.edu/poll-release?releaseid=3929,-18,NA,-15.383255657968583,1.356048993345003e-21
Talker Research,Scripps News,2025-08-21,2025-08-26,1000,A,43,46,https://www.scrippsnews.com/politics/poll-vast-majority-of-americans-say-life-is-getting-pricier-under-trump,-3,NA,-13.930961097314913,5.492447436313556e-22
Emerson College,NA,2025-08-25,2025-08-26,1000,RV,44.7,47.3,https://emersoncollegepolling.com/august-2025-national/,-2.5999999999999943,NA,-8.735794508849118,1.4805241932083187e-21
Quantus Insights,NA,2025-08-25,2025-08-26,1000,RV,47.6,50.6,https://quantusinsights.org/f/trump%E2%80%99s-standing-in-late-summer-2025-the-lines-harden,-3,NA,-9.713319721579104,2.5201077186947196e-22
RMG Research,Napolitan Institute,2025-08-21,2025-08-28,3000,RV,50,49,https://napolitannews.org/jobapproval,1,NA,-8.716122670541779,1.2932797289067384e-21
TIPP Insights,Issues & Insights,2025-08-27,2025-08-29,1362,A,43,47,https://tippinsights.com/despite-nasty-media-coverage-voters-still-give-trump-solid-grades-for-his-leadership-i-i-tipp-poll/,-4,NA,-8.56397686167287,2.4021890051003772e-21
Leger,NA,2025-08-29,2025-08-31,1014,A,39,50,https://leger360.com/en/us-politics-gavin-newsom-jd-vance-international-relations-views-on-world-leaders/,-11,NA,-11.243734124119385,2.855776294973884e-21
Morning Consult,NA,2025-08-29,2025-08-31,2202,RV,46,51,https://pro.morningconsult.com/trackers/donald-trump-congress-policy-republicans-polling,-5,NA,-11.58318738174188,1.0095284329895321e-21
John Zogby Strategies,NA,2025-08-29,2025-08-31,1005,LV,46,52,https://johnzogbystrategies.com/09-03-25-has-the-president-bounced-back-new-zogby-strategies-poll/,-6,NA,-11.339898516281892,2.0356477831534253e-21
SurveyMonkey,NBC News Decision Desk,2025-08-13,2025-09-01,30196,A,43,57,https://www.nbcnews.com/news/amp/rcna228110,-14,NA,-10.41274816769696,1.9360633674834855e-21
J.L. Partners,Daily Mail,2025-08-29,2025-09-01,867,RV,49,41,https://www.dailymail.co.uk/news/article-15062999/donald-trump-poll-approval-rating.html?ns_mchannel=rss&ns_campaign=1490&ito=1490,8,NA,0.3632126573409735,2.0533508196239238e-21
Survey 160,NA,2025-08-26,2025-09-01,1437,RV,43,54,https://www.survey160.com/methodological-research-blog/introducing-the-survey-160-tracking-poll,-11,NA,-6.813938122340922,1.1369819564271525e-21
The Winston Group,Winning the Issues,2025-08-30,2025-09-01,1000,RV,41,52,https://www.winningtheissues.org/wp-content/uploads/2026/01/August-2025-WTI-Survey.pdf,-11,REP,-8.547844460671989,2.847565444148888e-21
YouGov,The Economist,2025-08-29,2025-09-02,1691,A,41,55,https://d3nkl3psvxxpe9.cloudfront.net/documents/econtoplines_yFjgYJq.pdf,-14,NA,-12.418619592022594,1.3387352410521373e-21
YouGov,Yahoo News,2025-08-29,2025-09-02,1690,A,40,55,https://ca.news.yahoo.com/poll-shows-a-majority-of-americans-dont-want-trump-to-send-national-guard-to-major-cities--as-he-says-chicago-and-baltimore-are-next-175845210.html,-15,NA,-13.418619592022594,1.3383393412235624e-21
YouGov,CBS News,2025-09-03,2025-09-05,2385,A,44,56,https://www.cbsnews.com/news/trump-national-guard-cities-opinion-poll/,-12,NA,-10.418619592022594,2.209145022604664e-21
Morning Consult,NA,2025-09-02,2025-09-08,45000,A,44.2,49.22,https://pro.morningconsult.com/trackers/global-leader-approval,-5.019999999999996,NA,-9.572586823218877,3.707634311976271e-21
Public Religion Research Institute,Brookings Institute | Carnegie Corporation of New York | Ford Foundation | Unitarian Universalist Veatch Program at Shelter Rock,2025-08-15,2025-09-08,5543,A,42,56,https://prri.org/research/trumps-unprecedented-actions-deepen-asymmetric-divides/,-14,NA,-11.508027883077695,4.143330226777556e-20
YouGov,The Economist,2025-09-05,2025-09-08,1644,A,41,54,https://d3nkl3psvxxpe9.cloudfront.net/documents/econtoplines_7flqP0S.pdf,-13,NA,-11.418619592022594,2.548520224968213e-21
Global Strategy Group/GBAO (Navigator Research),NA,2025-09-04,2025-09-08,1000,RV,43,53,https://navigatorresearch.org/republicans-on-hook-in-the-event-of-a-government-shutdown/,-10,NA,-9.87255183186425,2.41820412545462e-21
Morning Consult,NA,2025-09-06,2025-09-08,2201,RV,45,52,https://pro.morningconsult.com/trackers/donald-trump-congress-policy-republicans-polling,-7,NA,-13.58318738174188,2.4599252579355983e-21
Ipsos,Reuters,2025-09-05,2025-09-09,1084,A,42,56,https://www.reuters.com/world/us/trump-approval-rating-42-weak-economy-reutersipsos-poll-shows-2025-09-09/,-14,NA,-9.503738843419193,2.9750886241291978e-21
YouGov,Taxpayers Protection Alliance,2025-09-05,2025-09-09,2030,A,42,55,https://www.protectingtaxpayers.org/federal-agencies/tpa-releases-a-new-survey-exposing-americans-wide-distrust-disapproval-of-rfk-jr-s-leadership/,-13,REP,-11.980443783004858,2.54210610073557e-21
Beacon Research/Shaw & Co. Research,FOX News,2025-09-06,2025-09-09,1004,RV,46,54,https://www.foxnews.com/politics/fox-news-poll-trumps-ratings-strong-border-security-weak-economy,-8,NA,-9.517613132391368,7.898551501393181e-21
The Bullfinch Group,The Independent Center,2025-09-06,2025-09-11,2000,A,45,51,https://www.independentcenter.org/poll-toplines/independent-center-poll-a-growing-generation-divide,-6,NA,-7.335070326988429,3.1744659364247367e-21
Clarity Campaign Labs,NA,2025-09-04,2025-09-11,1001,RV,46,52,https://www.claritycampaigns.com/clarity-omnibus-september-2025,-6,NA,-10.609987922337105,8.119017847295535e-21
RMG Research,Napolitan Institute,2025-09-03,2025-09-11,3000,RV,50,48,https://napolitannews.org/jobapproval,2,NA,-7.716122670541779,6.067770556106343e-21
Morning Consult,NA,2025-09-12,2025-09-14,2204,RV,46,52,https://pro.morningconsult.com/trackers/donald-trump-congress-policy-republicans-polling,-6,NA,-12.58318738174188,4.7526077435499564e-21
AP-NORC,NA,2025-09-11,2025-09-15,1183,A,39,60,https://apnorc.org/projects/pessimism-about-the-direction-of-the-country-is-growing-among-republicans/,-21,NA,-13.004000107549153,3.0908548221399535e-21
Ipsos,The Washington Post,2025-09-11,2025-09-15,2513,A,43,56,https://www.washingtonpost.com/politics/2025/09/19/trump-poll-crime-immigration-economy-tariffs/,-13,NA,-8.503738843419193,8.745724576175794e-21
SurveyMonkey,The 19th,2025-09-08,2025-09-15,20807,A,43,55,https://www.surveymonkey.com/curiosity/the-19th-surveymonkey-poll-september-2025,-12,NA,-8.41274816769696,8.986410107678125e-21
YouGov,The Economist,2025-09-12,2025-09-15,1567,A,39,57,https://d3nkl3psvxxpe9.cloudfront.net/documents/econtoplines_XBYs983.pdf,-18,NA,-16.418619592022594,5.39019467774881e-21
YouGov,NA,2025-09-12,2025-09-15,1103,A,41,55,https://d3nkl3psvxxpe9.cloudfront.net/documents/Approval_of_Trump_s_Appointments_poll_results.pdf,-14,NA,-12.418619592022594,4.5222827115357095e-21
AtlasIntel,NA,2025-09-12,2025-09-16,1066,A,46.9,52,https://atlasintel.org/poll/usa-national-2025-09-19,-5.100000000000001,NA,-5.7542659222749535,3.611838360768041e-20
Gallup,NA,2025-09-02,2025-09-16,1000,A,40,56,https://news.gallup.com/poll/695519/mood-subdued-crime-unity-concerns-rise.aspx,-16,NA,-10.63149168376735,2.4057495091268088e-20
"Normington, Petts & Associates",Third Way,2025-09-11,2025-09-16,800,RV,45,54,https://www.thirdway.org/memo/americans-caught-between-trumps-cruelty-and-democrats-chaos,-9,NA,-8.903376716602502,2.2599180910318673e-20
TIPP Insights,League of American Workers,2025-09-15,2025-09-16,1561,RV,45,49,https://tippinsights.com/league-of-american-workers-poll-september-2025/,-4,REP,-10.117365330247686,1.5365449104338146e-20
The Argument/Verasight,NA,2025-09-15,2025-09-18,1541,RV,42,56,https://www.theargumentmag.com/p/chatgpt-and-the-end-of-learning,-14,NA,-13.58545543105307,5.1196347358740676e-21
Verasight,Strength In Numbers,2025-09-15,2025-09-19,1500,A,42,55,https://www.gelliottmorris.com/p/new-poll-voters-to-blame-republicans-for-shutdown,-13,NA,-9.8865546354437015,5.396448718136094e-21
American Research Group,NA,2025-09-17,2025-09-20,1100,A,37,58,https://americanresearchgroup.com/economy/,-21,NA,-11.043977181090519,1.1773586416307105e-20
Ipsos,Reuters,2025-09-19,2025-09-21,1019,A,41,58,https://www.reuters.com/world/us/trumps-approval-dips-americans-worry-about-economy-reutersipsos-poll-finds-2025-09-23/,-17,NA,-12.503738843419193,1.0752289020765114e-20
Morning Consult,NA,2025-09-19,2025-09-21,2201,RV,46,52,https://pro.morningconsult.com/trackers/donald-trump-congress-policy-republicans-polling,-6,NA,-12.58318738174188,1.0304017904530046e-20
Quinnipiac University,NA,2025-09-18,2025-09-21,1276,RV,38,54,https://poll.qu.edu/poll-release?releaseid=3932,-16,NA,-13.383255657968583,2.77860894773162e-20
Quantus Insights,NA,2025-09-19,2025-09-21,1000,LV,48.2,49.7,https://quantusinsights.org/f/trump-holds-the-line-as-republican-confidence-ticks-up#ddfaccf9-bede-412a-8ce9-6f9ddda07554,-1.5,NA,-8.407151073142366,4.609636527912697e-21
YouGov,The Economist,2025-09-19,2025-09-22,1551,A,39,56,https://d3nkl3psvxxpe9.cloudfront.net/documents/econtoplines_EYduduY.pdf,-17,NA,-15.418619592022594,1.1750891419111693e-20
Echelon Insights,NA,2025-09-18,2025-09-22,1071,LV,45,53,https://echeloninsights.com/in-the-news/september-2025-verified-voter-omnibus/,-8,NA,-10.815194334249313,2.5841934079861238e-20
Marquette University Law School,NA,2025-09-15,2025-09-24,1043,A,43,57,https://law.marquette.edu/poll/2025/10/01/detailed-results-of-the-marquette-law-school-supreme-court-poll-sept-15-24-2025-national-issues/,-14,NA,-12.856934242538102,5.218268521330563e-20
RMG Research,Napolitan Institute,2025-09-16,2025-09-24,3000,RV,50,49,https://napolitannews.org/jobapproval,1,NA,-8.716122670541779,2.55181642341738e-20
Marist College,NPR | PBS News,2025-09-22,2025-09-26,1477,A,41,53,https://maristpoll.marist.edu/polls/government-shutdown-september-2025/,-12,NA,-10.723997054182732,6.485502122624208e-20
The New York Times/Siena College,NA,2025-09-22,2025-09-27,1313,RV,43,54,https://www.nytimes.com/2025/09/30/polls/trump-approval-poll.html,-11,NA,-10.899792974896542,1.1114234192186316e-19
Pew Research Center,NA,2025-09-22,2025-09-28,3445,A,40,58,https://www.pewresearch.org/short-reads/2025/09/30/americans-view-trump-vance-and-congressional-leaders-in-both-parties-more-negatively-than-positively/,-18,NA,-10.349533834769012,1.5225038817601512e-19
Morning Consult,NA,2025-09-26,2025-09-28,2202,RV,46,52,https://pro.morningconsult.com/trackers/donald-trump-congress-policy-republicans-polling,-6,NA,-12.58318738174188,2.252387990299754e-20
Tavern Research,Searchlight Institute,2025-09-28,2025-09-28,2589,LV,40,56,https://www.searchlightinstitute.org/wp-content/uploads/2026/03/Searchlight-Tavern-Research-September-2025-Toplines.pdf,-16,NA,-18.188018948776424,1.760866713295552e-20
Leger,NA,2025-09-26,2025-09-29,1010,A,38,50,https://leger360.com/en/attitudes-toward-political-leaders-free-expression-and-health-related-beliefs/,-12,NA,-12.243734124119385,7.506005834918448e-20
YouGov,Yahoo News,2025-09-25,2025-09-29,1676,A,41,55,https://www.yahoo.com/entertainment/tv/article/poll-americans-approve-of-jimmy-kimmels-return-to-tv-by-a-more-than-2-to-1-margin-183746388.html,-14,NA,-12.418619592022594,2.6624742630294816e-20
YouGov,The Economist,2025-09-26,2025-09-29,1656,A,40,54,https://today.yougov.com/politics/articles/53094-donald-trump-approval-rebound-government-shutdown-chances-james-comey-flu-covid-vaccines-economy-september-26-29-2025-economist-yougov-poll,-14,NA,-12.418619592022594,2.6465407012511958e-20
InsiderAdvantage,NA,2025-09-29,2025-09-30,800,LV,51.4,45.2,https://insideradvantage.com/sorry-our-site-was-down-topline-tabs-september-trump-job-performance/,6.199999999999996,NA,-10.728425353706442,7.765960756920628e-20
RMG Research,Napolitan Institute,2025-09-23,2025-10-01,3000,RV,51,48,https://napolitannews.org/jobapproval,3,NA,-6.716122670541779,5.559844947620025e-20
TIPP Insights,Issues & Insights,2025-09-30,2025-10-02,1459,A,42,46,https://issuesinsights.com/2025/10/06/trumps-energetic-leadership-style-continues-to-find-solid-voter-backing-in-october-ii-tipp-poll/,-4,NA,-8.56397686167287,1.1170362855824786e-19
Harris Insights & Analytics,Harvard CAPS,2025-10-01,2025-10-02,2413,RV,46,50,https://harvardharrispoll.com/wp-content/uploads/2025/10/HHP_Sep2025_KeyResults.pdf,-4,NA,-12.223184181597645,1.0067937148871114e-19
YouGov,CBS News,2025-10-01,2025-10-03,2441,A,42,58,https://www.cbsnews.com/news/cbs-news-poll-shutdown-trump-democrats-republicans/,-16,NA,-14.418619592022594,5.041722150792548e-20
Global Strategy Group/GBAO (Navigator Research),NA,2025-10-02,2025-10-05,1000,RV,44,54,https://navigatorresearch.org/government-shutdown-a-guide-for-advocates/,-10,NA,-9.87255183186425,4.784118110459031e-20
Morning Consult,NA,2025-10-03,2025-10-05,2200,RV,46,52,https://pro.morningconsult.com/trackers/donald-trump-congress-policy-republicans-polling,-6,NA,-12.58318738174188,4.8859532639979417e-20
YouGov,The Economist,2025-10-04,2025-10-06,1648,A,39,56,https://today.yougov.com/politics/articles/53131-government-shutdown-2026-congressional-election-donald-trump-job-approval-the-economy-october-4-6-2025-economist-yougov-poll,-17,NA,-15.418619592022594,5.756132267997907e-20
Change Research,NA,2025-09-28,2025-10-06,1596,RV,44,55,https://portal.changeresearch.com/portal/projects/0326caf4-1de0-4774-8b12-23385ba6d752,-11,NA,-14.602751958303585,1.1953498383429335e-19
OH Predictive Insights,The Center Square,2025-10-02,2025-10-06,2565,RV,48,50,https://www.thecentersquare.com/north_carolina/article_1ca4f129-6cbd-4a04-a83b-4e98ad17c137.html,-2,NA,-7.181534751761312,3.224635562827283e-19
OH Predictive Insights,Center Square,2025-10-02,2025-10-06,2565,RV,48,50,https://www.thecentersquare.com/north_carolina/article_1ca4f129-6cbd-4a04-a83b-4e98ad17c137.html,-2,NA,-7.571310825199177,3.224635562827283e-19
Ipsos,Reuters,2025-10-03,2025-10-07,1154,A,40,58,https://www.reuters.com/world/us/most-americans-dont-want-troops-deployed-without-an-external-threat-reutersipsos-2025-10-08/,-18,NA,-13.503738843419193,6.898948571546455e-20
Morning Consult,NA,2025-10-01,2025-10-07,45000,A,43,50,https://pro.morningconsult.com/trackers/global-leader-approval,-7,NA,-11.552586823218881,9.240130831519144e-20
Quantus Insights,NA,2025-10-06,2025-10-08,1000,LV,47,51,https://quantusinsights.org/f/the-nation%E2%80%99s-pulse-trump-approval-poll-october-2025#ddfaccf9-bede-412a-8ce9-6f9ddda07554,-4,NA,-10.907151073142366,3.064467086936257e-20
RMG Research,Napolitan Institute,2025-10-01,2025-10-09,3000,LV,51,48,https://napolitannews.org/jobapproval,3,NA,-6.909954022105033,1.3520948904402665e-19
Tavern Research,Searchlight,2025-10-09,2025-10-09,1994,LV,46,51,https://www.searchlightinstitute.org/wp-content/uploads/2025/12/Toplines-Searchlight-Pro-Trust-Survey-20251008_145510.pdf,-5,NA,-7.279265992326863,5.162173052513256e-20
Hart Research Associates/Public Opinion Strategies,CNBC,2025-10-08,2025-10-12,1000,A,44,52,https://www.cnbc.com/2025/10/17/trumps-economic-approval-rating-drops-says-cnbc-survey.html,-8,NA,-10.104946057133851,3.0976117666128536e-19
Morning Consult,NA,2025-10-10,2025-10-12,2202,RV,45,53,https://pro.morningconsult.com/trackers/donald-trump-congress-policy-republicans-polling,-8,NA,-14.58318738174188,1.0609551217811734e-19
John Zogby Strategies,NA,2025-10-10,2025-10-12,1000,LV,44,51,https://johnzogbystrategies.com/president-trumps-approval-rating-at-44-slight-majority-disapprove-nation-deeply-divided-over-insurrection-act/,-7,NA,-12.248651472731453,2.1537528589193144e-19
AP-NORC,NA,2025-10-09,2025-10-13,1289,A,37,61,https://apnorc.org/projects/increased-approval-of-trumps-handling-of-the-israel-palestine-conflict/,-24,NA,-16.004000107549153,7.260061620168932e-20
YouGov,The Economist,2025-10-10,2025-10-13,1622,A,40,55,https://d3nkl3psvxxpe9.cloudfront.net/documents/econtoplines_S8pBegu.pdf,-15,NA,-13.418619592022594,1.237778798272077e-19
Global Strategy Group/GBAO (Navigator Research),NA,2025-10-09,2025-10-13,1000,RV,44,54,https://navigatorresearch.org/government-shutdown-a-guide-for-advocates-2/,-10,NA,-9.87255183186425,1.150149444316979e-19
Emerson College,NA,2025-10-13,2025-10-14,1000,RV,45.3,48.3,https://emersoncollegepolling.com/october-2025-poll/,-3,NA,-9.135794508849123,3.3101005285002407e-19
J.L. Partners,Daily Mail,2025-10-14,2025-10-15,1004,RV,46,44,https://www.dailymail.co.uk/news/article-15199427/donald-trump-polling-peace-president.html,2,NA,-5.6367873426590265,2.855294445555455e-19
Gallup,NA,2025-10-01,2025-10-16,1000,A,41,54,https://news.gallup.com/poll/696722/congress-job-rating-sinks-trump-steady.aspx,-13,NA,-7.631491683767351,7.452314983403376e-19
The Bullfinch Group,Independent Center,2025-10-10,2025-10-16,1200,A,42,52,https://www.independentcenter.org/poll-toplines/independent-center-2025-nationwide-online-governmental-sentiment-survey,-10,NA,-11.426317370538868,1.2201379538684129e-19
RMG Research,Napolitan News Service,2025-10-08,2025-10-16,3000,RV,52,47,https://napolitannews.org/assets/pdfs/68f23897734ed-gcm25-1015-toplines-trump-job-approval.pdf,5,NA,-4.716122670541779,2.9474747105639186e-19
The Argument/Verasight,NA,2025-10-10,2025-10-16,1530,RV,43,54,https://www.theargumentmag.com/p/the-immigration-problem-is-a-crime,-11,NA,-10.58545543105307,1.1526913893686597e-19
The Winston Group,Winning the Issues,2025-10-15,2025-10-16,1000,RV,38,55,https://www.winningtheissues.org/wp-content/uploads/2026/01/October-2025-WTI-National-Survey.pdf,-17,REP,-14.547844460671989,4.2737021539601104e-19
Morning Consult,NA,2025-10-17,2025-10-19,2200,RV,46.35,50.97,https://pro.morningconsult.com/trackers/donald-trump-congress-policy-republicans-polling,-4.6199999999999974,NA,-11.203187381741877,2.301963661938268e-19
Hart Research Associates,Senate Majority PAC,2025-10-17,2025-10-19,1221,LV,45,55,https://senatemajority.com/wp-content/uploads/Hart-Research-SMP-Oct-24.pdf?utm_source=Sailthru&utm_medium=email&utm_campaign=10/24/25%20%20AM:&utm_term=Punchbowl%20AM%20and%20Active%20Subscribers%20from%20Memberful%20Combined,-10,DEM,-10.726140262834683,3.619697646362328e-19
American Research Group,NA,2025-10-17,2025-10-20,1100,A,37,60,https://americanresearchgroup.com/,-23,NA,-13.043977181090519,3.2874659060929014e-19
Ipsos,Reuters,2025-10-15,2025-10-20,4385,A,42,56,https://www.reuters.com/world/us/trumps-approval-edges-up-despite-americans-blaming-republicans-shutdown-2025-10-21/,-14,NA,-9.503738843419193,5.593870666114962e-19
Schoen Cooperman Research,Israel On Campus Coalition,2025-10-15,2025-10-20,1000,A,45,51,https://thehill.com/opinion/national-security/5783636-iran-threat-americans-divided/amp/,-6,NA,-9.875777992310944,1.0904405708076846e-18
University of Massachusetts Lowell,NA,2025-10-16,2025-10-20,1000,A,42,58,https://www.uml.edu/news/press-releases/2025/national-poll-10292025.aspx,-16,NA,-13.262881234148729,1.4731873352350821e-18
YouGov,The Economist,2025-10-17,2025-10-20,1621,A,39,56,https://d3nkl3psvxxpe9.cloudfront.net/documents/econtoplines_9BPkYGS.pdf,-17,NA,-15.418619592022594,2.7160379622944505e-19
Global Strategy Group/GBAO (Navigator Research),NA,2025-10-16,2025-10-20,1000,RV,43,55,https://navigatorresearch.org/government-shutdown-week-3-a-guide-for-advocates/?emci=6a577bc9-54af-f011-8e61-6045bded8ba4&emdi=063cda43-62af-f011-8e61-6045bded8ba4&ceid=1590570,-12,NA,-11.87255183186425,2.5422941881164257e-19
Quinnipiac University,NA,2025-10-16,2025-10-20,1327,RV,40,54,https://poll.qu.edu/poll-release?releaseid=3938,-14,NA,-11.383255657968583,7.090404113054496e-19
Echelon Insights,NA,2025-10-16,2025-10-20,1010,LV,46,53,https://echeloninsights.com/in-the-news/october-2025-verified-voter-omnibus-2/,-7,NA,-9.815194334249313,5.596363440532871e-19
Clarity Campaign Labs,NA,2025-10-16,2025-10-23,1047,RV,46,52,https://www.claritycampaigns.com/clarity-omnibus-oct-2025,-6,NA,-10.609987922337105,8.807163511169618e-19
Ipsos,Reuters,2025-10-24,2025-10-26,1018,A,40,57,https://www.reuters.com/world/us/trumps-popularity-dips-americans-sweat-cost-living-reutersipsos-poll-finds-2025-10-28/,-17,NA,-12.503738843419193,5.281998644625716e-19
Leger,NA,2025-10-24,2025-10-26,1010,A,39,52,https://leger360.com/in-the-news-iran-war-most-canadians-oppose-military-escalation-leger-march-2026/,-13,NA,-13.243734124119385,1.6202356730971654e-18
Morning Consult,NA,2025-10-24,2025-10-26,2202,RV,46.1,50.99,https://pro.morningconsult.com/trackers/donald-trump-congress-policy-republicans-polling,-4.890000000000001,NA,-11.47318738174188,5.03861406607277e-19
YouGov,Yahoo News,2025-10-23,2025-10-27,1770,A,40,56,https://www.scribd.com/document/940273112/Yahoo-YouGov-Shutdown-Poll-October-2025,-16,NA,-14.418619592022594,6.153618089169693e-19
YouGov,The Economist,2025-10-24,2025-10-27,1623,A,39,58,https://d3nkl3psvxxpe9.cloudfront.net/documents/econtoplines_6P3FccQ.pdf,-19,NA,-17.418619592022594,5.892548502315049e-19
Global Strategy Group/GBAO (Navigator Research),NA,2025-10-23,2025-10-27,1000,RV,41,57,https://navigatorresearch.org/wp-content/uploads/2025/10/Navigator-Update-10.29.2025.pdf,-16,NA,-15.87255183186425,5.477206791144501e-19
Ipsos,ABC News | The Washington Post,2025-10-24,2025-10-28,2725,A,41,59,https://www.washingtonpost.com/politics/2025/11/02/trump-democrats-poll-post-abc-ipsos/,-18,NA,-13.503738843419193,1.0760829368781503e-18
Hart Research Associates/Public Opinion Strategies,NBC News,2025-10-24,2025-10-28,1000,RV,43,55,https://www.nbcnews.com/politics/elections/poll-frustration-trump-gives-democrats-opening-year-midterms-rcna240551,-12,NA,-16.13554661565685,1.913937363548735e-18
Verasight,Strength In Numbers,2025-10-24,2025-10-29,1567,A,41,56,https://www.gelliottmorris.com/p/new-poll-voters-want-democrats-to,-15,NA,-11.886554635443701,4.626505771459491e-19
NewsNation,Decision Desk HQ,2025-10-27,2025-10-29,1610,RV,40.98,57.03,https://www.newsnationnow.com/polls/,-16.050000000000004,NA,-15.315133903096502,4.672280929906797e-18
Targoz Market Research,Overton Insights,2025-10-27,2025-10-29,1200,RV,43,55,https://overtoninsights.com/wp-content/uploads/2025/11/November-2025-Poll-Crosstabs.pdf,-12,NA,-12.629363411245365,3.587785104309508e-18
SSRS,CNN,2025-10-27,2025-10-30,1245,A,37,63,https://s3.documentcloud.org/documents/26211915/cnn-poll-trump-midterms-east-wing-parties.pdf,-26,NA,-17.909530915535626,9.159181368390778e-19
RMG Research,Napolitan News Service,2025-10-22,2025-10-30,3000,RV,48,49,https://napolitannews.org/assets/pdfs/6904b7cf8bff0-gcm25-1029-toplines-trump-job-approval.pdf,-1,NA,-10.716122670541779,1.3846801646065794e-18
TIPP Insights,Issues & Insights,2025-10-28,2025-10-31,1418,A,40,51,https://tippinsights.com/too-much-winning-trumps-favorability-slumps-in-november-as-voters-take-stock-i-i-tipp-poll/,-11,NA,-15.56397686167287,2.7651863969804074e-18
Talker Research,Scripps News,2025-10-28,2025-10-31,1000,A,44,46,https://www.scrippsnews.com/health/premium-pain/americans-say-health-insurance-costs-are-a-thorn-in-my-side,-2,NA,-12.930961097314913,8.812363855019861e-19
YouGov,CBS News,2025-10-29,2025-10-31,2118,A,41,59,https://www.cbsnews.com/news/cbs-news-poll-shutdown-impact-economy-personal/,-18,NA,-16.418619592022594,1.0504732873791015e-18
Lord Ashcroft Polls,NA,2025-10-06,2025-11-01,10028,A,42,55,https://lordashcroftpolls.com/wp-content/uploads/2025/12/LORD-ASHCROFT-POLLS-What-Will-They-Do-Without-Him-Dec-2025.pdf,-13,NA,-14.383236836125384,3.808527515978078e-18
Morning Consult,NA,2025-10-31,2025-11-02,2202,RV,45.27,52.26,https://pro.morningconsult.com/trackers/donald-trump-congress-policy-republicans-polling,-6.989999999999995,NA,-13.573187381741874,1.09411794305659e-18
YouGov,The Economist,2025-10-31,2025-11-03,1656,A,39,57,https://d3nkl3psvxxpe9.cloudfront.net/documents/econTabReport_5RO6eos.pdf,-18,NA,-16.418619592022594,1.290652551643227e-18
Global Strategy Group/GBAO (Navigator Research),NA,2025-11-01,2025-11-03,1000,RV,41,56,https://navigatorresearch.org/wp-content/uploads/2025/11/Navigator-Topline-F11.03.25.pdf,-15,NA,-14.87255183186425,1.212363964539553e-18
Emerson College,NA,2025-11-03,2025-11-04,1000,RV,41.1,49.4,https://emersoncollegepolling.com/november-2025-national-poll/,-8.299999999999997,NA,-14.19837492829351,3.445261862496914e-18
Harris Insights & Analytics,Harvard CAPS,2025-11-04,2025-11-06,2000,RV,44,51,https://harvardharrispoll.com/key-results-november-5/,-7,NA,-15.223184181597645,4.403774891334275e-18
RMG Research,Napolitan News Service,2025-10-29,2025-11-06,3000,RV,46,51,https://napolitannews.org/assets/pdfs/690dfa33b28e7-gcm25-1105-toplines-trump-job-approval.pdf,-5,NA,-14.716122670541779,3.0202628243059496e-18
Global Strategy Group/GBAO (Navigator Research),NA,2025-11-06,2025-11-09,1000,RV,40,58,https://navigatorresearch.org/how-americans-views-of-the-shutdown-changed/,-18,NA,-17.87255183186425,2.408569024538491e-18
Grayhouse,America One Policies (super PAC),2025-11-07,2025-11-09,1475,RV,45,53,https://cdn.prod.website-files.com/5d02aaade6188137a65c8441/69666f31b8e58737cc34f0a4_Gov%20Shutdown%20Wave%204%20Toplines.pdf,-8,REP,-12.823629801287744,3.9784185718444e-18
Morning Consult,NA,2025-11-07,2025-11-09,2201,RV,43.9,54.29,https://pro.morningconsult.com/trackers/donald-trump-congress-policy-republicans-polling,-10.39,NA,-16.97318738174188,2.375599731950169e-18
AP-NORC,NA,2025-11-06,2025-11-10,1143,A,36,62,https://apnorc.org/wp-content/uploads/2025/11/Nov-Topline-Final.pdf,-26,NA,-18.004000107549153,1.5447800041800769e-18
YouGov,The Economist,2025-11-07,2025-11-10,1663,A,39,56,https://d3nkl3psvxxpe9.cloudfront.net/documents/econtoplines_L33vOWV.pdf,-17,NA,-15.418619592022594,2.8047696704974186e-18
Change Research,NA,2025-11-06,2025-11-10,1572,RV,45,54,https://portal.changeresearch.com/portal/projects/f8ad986a-d2e5-4fb6-a21f-63b6b92c2998,-9,NA,-12.602751958303585,5.775211102851089e-18
Survey 160,NA,2025-11-06,2025-11-10,1513,RV,36,61,https://www.survey160.com/methodological-research-blog/survey-160-tracking-poll-november-2025-update,-25,NA,-19.746236835463712,2.810172583368079e-18
Yale University Institution for Social and Policy Studies,NA,2025-10-29,2025-11-11,3426,RV,43,55,https://youthpoll.yale.edu/fall-2025-results,-12,NA,-13.959165316059583,6.6733092815318114e-18
Ipsos,Reuters,2025-11-07,2025-11-12,1200,A,40,58,https://www.reuters.com/world/us/democrats-more-energized-2026-elections-than-republicans-reutersipsos-poll-finds-2025-11-13/,-18,NA,-13.503738843419193,3.879137479195466e-18
Marquette University Law School,NA,2025-11-05,2025-11-12,1052,A,43,57,https://law.marquette.edu/poll/2025/11/18/detailed-results-of-the-marquette-law-school-supreme-court-poll-nov-5-12-2025-national-issues/,-14,NA,-12.856934242538102,1.2070393979168535e-17
Quantus Insights,NA,2025-11-11,2025-11-12,1000,RV,43.2,54.6,https://quantusinsights.org/f/survey-shows-public-discontent-with-trump-direction-of-us,-11.399999999999999,NA,-18.113319721579103,1.4690480118512162e-18
Marist College,NPR | PBS News,2025-11-10,2025-11-13,1443,A,39,56,https://maristpoll.marist.edu/polls/a-look-to-the-2026-midterms-november-2025/,-17,NA,-15.723997054182732,1.3127350185189918e-17
Morning Consult,Deseret News | Hinckley Institute of Politics,2025-11-07,2025-11-13,1745,RV,43,52,https://www.deseret.com/politics/2025/11/19/americans-not-supportive-trump-national-guard-states/,-9,NA,-15.58318738174188,3.30649659412191e-18
RMG Research,Napolitan News Service,2025-11-05,2025-11-13,3000,RV,49,50,https://napolitannews.org/assets/pdfs/69173042432de-gcm25-1112-toplines-trump-job-approval.pdf,-1,NA,-10.716122670541779,6.506959001698418e-18
High Point University,NA,2025-11-10,2025-11-14,1004,A,35,56,https://www.highpoint.edu/src/files/2023/08/HPUPoll-115-and-116-Memo.pdf,-21,NA,-21.080558114560148,1.744595524095699e-17
Verasight,Strength In Numbers,2025-11-12,2025-11-14,2038,A,41,57,https://www.gelliottmorris.com/p/new-poll-democrats-lead-the-2026,-16,NA,-12.886554635443701,3.198319193717413e-18
Morning Consult,NA,2025-11-14,2025-11-16,2201,RV,45.63,52.13,https://pro.morningconsult.com/trackers/donald-trump-congress-policy-republicans-polling,-6.5,NA,-13.08318738174188,5.159855365156643e-18
Ipsos,Reuters,2025-11-14,2025-11-17,1017,A,38,60,https://www.reuters.com/world/us/trump-approval-falls-lowest-his-term-over-prices-epstein-files-reutersipsos-poll-2025-11-18/,-22,NA,-17.503738843419193,6.178744872843216e-18
YouGov,The Economist,2025-11-15,2025-11-17,1549,A,40,56,https://d3nkl3psvxxpe9.cloudfront.net/documents/econTabReport_Hb6uOe2.pdf,-16,NA,-14.418619592022594,5.950527768491944e-18
Beacon Research/Shaw & Co. Research,FOX News,2025-11-14,2025-11-17,1005,RV,41,58,https://www.foxnews.com/politics/fox-news-poll-voters-say-white-house-doing-more-harm-than-good-economy,-17,NA,-18.517613132391368,1.6001999666256535e-17
The Argument/Verasight,NA,2025-11-10,2025-11-17,1508,RV,42,56,https://www.theargumentmag.com/p/2026-is-looking-terrible-for-republicans,-14,NA,-13.58545543105307,4.029547443043784e-18
The Winston Group,Winning the Issues,2025-11-15,2025-11-17,1000,RV,36,57,https://www.winningtheissues.org/wp-content/uploads/2026/01/November-2025-WTI-Survey.pdf,-21,REP,-18.54784446067199,1.563883503466329e-17
Echelon Insights,NA,2025-11-13,2025-11-17,1051,LV,42,57,https://echeloninsights.com/in-the-news/november-2025-verified-voter-omnibus/,-15,NA,-17.815194334249313,1.2763572715567426e-17
American Research Group,NA,2025-11-17,2025-11-20,1100,A,35,62,https://americanresearchgroup.com/economy/,-27,NA,-17.04397718109052,1.0278885164124688e-17
J.L. Partners,Daily Mail,2025-11-19,2025-11-20,1244,RV,41,49,https://jlpartners.com/nov25-rv,-8,NA,-15.636787342659026,1.7134088338951207e-17
RMG Research,Napolitan News Service,2025-11-12,2025-11-20,3000,RV,46,53,https://napolitannews.org/assets/pdfs/69207383ea3c2-gcm25-1119-toplines-trump-job-approval.pdf,-7,NA,-16.71612267054178,1.4197409071001652e-17
YouGov,CBS News,2025-11-19,2025-11-21,2478,A,40,60,https://www.cbsnews.com/news/poll-venezuela-u-s-military-action-trump/,-20,NA,-18.418619592022594,1.1750376996968063e-17
Emerson College,Consensus Strategies,2025-11-18,2025-11-21,1000,RV,45,55,https://emersoncollegepolling.com/8-state-national-surveys/,-10,NA,-15.898374928293514,2.3208139522776088e-17
InsiderAdvantage,NA,2025-11-20,2025-11-21,800,LV,44,49.3,https://insideradvantage.com/insideradvantage-national-survey-trump-approval-recovering-approve-44-disapprove-49/,-5.299999999999997,NA,-22.228425353706434,2.5466912189449595e-17
Morning Consult,NA,2025-11-21,2025-11-23,2200,RV,45.25,51.76,https://pro.morningconsult.com/trackers/donald-trump-congress-policy-republicans-polling,-6.509999999999998,NA,-13.093187381741878,1.1206280088125092e-17
YouGov,The Economist,2025-11-21,2025-11-24,1677,A,38,57,https://d3nkl3psvxxpe9.cloudfront.net/documents/econTabReport_dEPgjvs.pdf,-19,NA,-17.418619592022594,1.3431509506382133e-17
YouGov,Yahoo News,2025-11-21,2025-11-24,1684,A,40,56,https://www.scribd.com/document/955164028/Yahoo-YouGov-Epstein-Poll-November-2025,-16,NA,-14.418619592022594,1.3459512683927726e-17
Gallup,NA,2025-11-03,2025-11-25,1321,A,36,60,https://news.gallup.com/poll/699221/trump-approval-rating-drops-new-second-term-low.aspx,-24,NA,-18.63149168376735,8.424616606820437e-17
The Bullfinch Group,NA,2025-11-21,2025-11-25,1200,A,39,54,https://www.thebullfinchgroup.com/post/public-release-of-bullfinch-q4-nationwide-survey-3,-15,NA,-16.036541297101003,1.0583863647295302e-17
GBAO,Third Way,2025-11-19,2025-11-26,2000,RV,43,56,https://uploads.thirdway.org/downloads/food-medicine-fuel-for-a-wave/Third-WayGBAO-National-Framing-Survey-Toplines-November-2025.pdf,-13,NA,-14.93497312539359,7.614845058208961e-17
TIPP Insights,Issues & Insights,2025-11-25,2025-11-29,1483,A,43,47,https://issuesinsights.com/2025/12/01/after-brief-decline-trump-leadership-gauges-regain-lost-ground-in-december-ii-tipp-poll/,-4,NA,-8.56397686167287,7.130263759516716e-17
Morning Consult,NA,2025-11-26,2025-11-30,2200,RV,44.94,52.1,https://pro.morningconsult.com/trackers/donald-trump-congress-policy-republicans-polling,-7.160000000000004,NA,-13.743187381741883,2.4555932714517902e-17
YouGov,The Economist,2025-11-28,2025-12-01,1628,A,39,58,https://d3nkl3psvxxpe9.cloudfront.net/documents/econTabReport_szm0BQt.pdf,-19,NA,-17.418619592022594,2.871150116648109e-17
Harris Insights & Analytics,Harvard CAPS,2025-12-02,2025-12-04,2204,RV,47,49,https://harvardharrispoll.com/key-results-december-3/,-2,NA,-10.223184181597645,1.0335740173743092e-16
J.L. Partners,Daily Mail,2025-12-03,2025-12-05,1000,RV,43.2,48.95,https://jlpartners.com/nationwide-registered-voters-december-2025,-5.75,NA,-13.386787342659026,8.310569891299732e-17
Quantus Insights,NA,2025-12-04,2025-12-05,1000,RV,43.4,53.1,https://quantusinsights.org/f/new-poll-strong-disapproval-drives-overall-assessment-of-trump,-9.700000000000003,NA,-16.413319721579107,1.8934580893157082e-17
Morning Consult,NA,2025-12-05,2025-12-07,2201,RV,45.26,51.85,https://pro.morningconsult.com/trackers/donald-trump-congress-policy-republicans-polling,-6.590000000000003,NA,-13.173187381741883,5.337833437137441e-17
John Zogby Strategies,NA,2025-12-05,2025-12-07,1000,LV,45.9,51.6,https://johnzogbystrategies.com/outlook-2026-is-the-president-bleeding-independents/,-5.700000000000003,NA,-10.948651472731456,1.0687066384707927e-16
AP-NORC,NA,2025-12-04,2025-12-08,1146,A,36,61,https://apnorc.org/projects/trumps-approval-rating-slips-on-the-economy-and-immigration/,-25,NA,-17.004000107549153,3.5127554113618963e-17
Hart Research Associates/Public Opinion Strategies,CNBC,2025-12-04,2025-12-08,1000,A,45,52,https://fm.cnbc.com/applications/cnbc.com/resources/editorialfiles/2025/12/16/TOPLINES_250313_CNBC_AAES_Q4_2025_new.pdf,-7,NA,-9.104946057133851,1.8526017413749449e-16
Ipsos,Reuters,2025-12-03,2025-12-08,4434,A,41,57,https://www.reuters.com/data/trumps-approval-rating-2025-01-21/,-16,NA,-11.503738843419193,1.3354242019478978e-16
SurveyMonkey,NBC News Decision Desk,2025-11-20,2025-12-08,20252,A,42,58,https://www.nbcnews.com/politics/politics-news/poll-trumps-maga-base-still-cracks-are-showing-ahead-2026-rcna248722,-16,NA,-12.41274816769696,1.1006059691600272e-16
YouGov,The Economist,2025-12-05,2025-12-08,1530,A,41,55,https://d3nkl3psvxxpe9.cloudfront.net/documents/econTabReport_qLhWxpK.pdf,-14,NA,-12.418619592022594,6.082923817791406e-17
Global Strategy Group/GBAO (Navigator Research),NA,2025-12-04,2025-12-08,1000,RV,42,56,https://navigatorresearch.org/in-time-for-the-holidays-americans-say-costs-are-going-up-on-everything/,-14,NA,-13.87255183186425,6.3807528128753e-17
Tavern Research,Searchlight Institute,2025-12-05,2025-12-08,2017,LV,45,53,https://www.searchlightinstitute.org/research/policy-design-outweighs-messaging-results-from-a-survey-experiment/,-8,NA,-10.188018948776424,4.0358887234332306e-17
Change Research,NA,2025-12-05,2025-12-10,1520,RV,45,53,https://portal.changeresearch.com/portal/projects/462322ed-5e5a-43bd-b4ff-43acb1d433e2,-8,NA,-11.602751958303585,1.6058817430006647e-16
Tavern Research,Searchlight,2025-12-09,2025-12-10,1567,LV,45,53,https://www.searchlightinstitute.org/research/voters-want-a-fairer-deal-for-workers/,-8,NA,-9.8230363909055,4.429542039786448e-17
Marist College,NPR | PBS News,2025-12-08,2025-12-11,1440,A,38,54,https://maristpoll.marist.edu/polls/2026-economic-outlook-december-2025/,-16,NA,-14.723997054182732,3.0203304282350894e-16
RMG Research,Napolitan News Service,2025-12-03,2025-12-11,3000,RV,47,51,https://napolitannews.org/assets/pdfs/693c21fc765ab-gcm25-1210-toplines-trump-job-approval.pdf,-4,NA,-13.716122670541779,1.4777131871808093e-16
The Argument/Verasight,NA,2025-12-05,2025-12-11,1521,RV,43,55,https://www.theargumentmag.com/p/have-democrats-lost-their-education,-12,NA,-11.58545543105307,5.96421943738934e-17
Clarity Campaign Labs,NA,2025-12-04,2025-12-11,1000,LV,44,55,https://www.claritycampaigns.com/clarity-omnibus-dec-2025?submissionGuid=49882900-7ea0-44c8-8c7c-579c65ead3af,-11,NA,-15.80381927390036,1.9824033611816422e-16
Tavern Research,Rainey Center,2025-12-13,2025-12-13,1247,LV,43,54,https://www.raineycenter.org/polling/consumer-spending-trends-and-protecting-youth-online,-11,NA,-12.8230363909055,5.4905354405608444e-17
Gallup,NA,2025-12-01,2025-12-15,1016,A,36,59,https://news.gallup.com/poll/700241/americans-end-year-gloomy-mood.aspx,-23,NA,-17.63149168376735,9.363571717882292e-16
Ipsos,Reuters,2025-12-12,2025-12-15,1016,A,39,59,https://www.reuters.com/data/trumps-approval-rating-2025-01-21/,-20,NA,-15.503738843419193,1.3772144971408514e-16
YouGov,The Economist,2025-12-12,2025-12-15,1632,A,42,54,https://d3nkl3psvxxpe9.cloudfront.net/documents/econTabReport_FJyfDu9.pdf,-12,NA,-10.418619592022594,1.373558676386523e-16
Beacon Research/Shaw & Co. Research,FOX News,2025-12-12,2025-12-15,1001,RV,44,56,https://www.foxnews.com/politics/fox-news-poll-prices-pinch-voters-see-trump-focused-elsewhere,-12,NA,-13.517613132391368,3.626772746002598e-16
Emerson College,NA,2025-12-14,2025-12-15,1000,RV,40.8,50.3,https://emersoncollegepolling.com/december-2025-national-poll-trumps-approval-flips-since-start-of-the-year/,-9.5,NA,-15.635794508849123,3.3821573770603556e-16
Morning Consult,NA,2025-12-12,2025-12-15,2201,RV,45.8,51.94,https://pro.morningconsult.com/trackers/donald-trump-congress-policy-republicans-polling,-6.140000000000001,NA,-12.72318738174188,1.3063919087269442e-16
Quinnipiac University,NA,2025-12-11,2025-12-15,1035,RV,40,54,https://poll.qu.edu/poll-release?releaseid=3943,-14,NA,-11.383255657968583,3.0357545093822484e-16
Echelon Insights,NA,2025-12-11,2025-12-15,1011,LV,45,55,https://echeloninsights.com/in-the-news/december-2025-verified-voter-omnibus/,-10,NA,-12.815194334249313,2.807119255050815e-16
Quantus Insights,NA,2025-12-15,2025-12-16,1000,RV,44,53,https://drive.google.com/file/d/14uRV2kwTVNEO4EIXGv7TCQZtmlMK0owX/view,-9,NA,-15.713319721579111,6.325068314270803e-17
Echelon Insights/GBAO,AARP,2025-12-09,2025-12-16,2023,LV,44,55,https://www.aarp.org/pri/topics/work-finances-retirement/financial-security-retirement/shes-the-difference-financial-security/,-11,NA,-13.927803308719355,3.366101285703405e-16
RMG Research,Napolitan News Service,2025-12-10,2025-12-18,3000,RV,50,49,https://napolitannews.org/assets/pdfs/69455a2b6a765-gcm25-1217-toplines-trump-job-approval.pdf,1,NA,-8.716122670541779,3.183636552379919e-16
AtlasIntel,NA,2025-12-15,2025-12-19,2315,A,39.3,59.6,https://www.atlasintel.org/poll/usa-national-2025-12-19,-20.300000000000004,NA,-20.954265922274956,1.9514674300415594e-15
YouGov,CBS News,2025-12-17,2025-12-19,2300,A,41,59,https://www.cbsnews.com/news/opinion-poll-cost-of-living-trump/,-18,NA,-16.418619592022594,2.547373821642063e-16
American Research Group,NA,2025-12-17,2025-12-20,1100,A,35,62,https://americanresearchgroup.com/economy/,-27,NA,-17.04397718109052,2.892103195341803e-16
InsiderAdvantage,NA,2025-12-19,2025-12-20,800,LV,49.5,41.4,https://insideradvantage.com/insideradvantage-national-survey-trump-approval-at-fifty-percent/,8.100000000000001,NA,-8.828425353706429,6.845161173234221e-16
J.L. Partners,Daily Mail,2025-12-20,2025-12-21,1000,RV,43.36,46.78,https://www.dailymail.co.uk/news/article-15420375/amp/donald-trump-polling-affordability-crisis.html,-3.4200000000000017,NA,-11.056787342659028,5.037695469730856e-16
Morning Consult,NA,2025-12-19,2025-12-21,2203,RV,45.23,52.28,https://pro.morningconsult.com/trackers/donald-trump-congress-policy-republicans-polling,-7.050000000000004,NA,-13.633187381741884,2.5233935864280405e-16
YouGov,The Economist,2025-12-20,2025-12-22,1592,A,39,57,https://d3nkl3psvxxpe9.cloudfront.net/documents/econtoplines_s4jyXBa.pdf,-18,NA,-16.418619592022594,2.944811076448562e-16
Morning Consult,NA,2025-12-24,2025-12-26,2200,RV,47.9,50.3,https://pro-assets.morningconsult.com/wp-uploads/2026/08/MCPI-PI-Weekly.html,-2.3999999999999986,NA,-8.983187381741878,4.403203826864589e-16
Morning Consult,NA,2025-12-26,2025-12-28,2201,RV,47.9,50.3,https://share.mcpidata.dev/press,-2.3999999999999986,NA,-8.983187381741878,5.48410253090101e-16
YouGov,The Economist,2025-12-26,2025-12-29,1550,A,39,56,https://d3nkl3psvxxpe9.cloudfront.net/documents/econTabReport_h1aYmmb.pdf,-17,NA,-15.418619592022594,6.308126271556372e-16
The Bullfinch Group,The Independent Center,2025-12-30,2026-01-01,1200,A,38,58,https://independentcentervoice.com/insights/2026-tune-in-as-america-approaches-its-250th-voters-declare-the-status-quo-broken-and-demand-new-options,-20,NA,-21.426317370538868,6.701000048756746e-16
Morning Consult,NA,2025-12-29,2026-01-04,45000,A,43,51,https://pro.morningconsult.com/trackers/global-leader-approval,-8,NA,-12.552586823218881,1.797516249602766e-15
Morning Consult,NA,2026-01-02,2026-01-04,2201,RV,46.42,51.21,https://pro.morningconsult.com/trackers/donald-trump-congress-policy-republicans-polling,-4.789999999999999,NA,-11.373187381741879,1.1926083458836575e-15
Ipsos,Reuters,2026-01-04,2026-01-05,1248,A,42,56,https://www.reuters.com/world/americas/only-33-americans-approve-us-strike-venezuela-reutersipsos-poll-finds-2026-01-05/,-14,NA,-9.503738843419193,1.5839970411535535e-15
YouGov,The Economist,2026-01-02,2026-01-05,1551,A,39,56,https://d3nkl3psvxxpe9.cloudfront.net/documents/econTabReport_aY8mpiN.pdf,-17,NA,-15.418619592022594,1.3808934349368975e-15
YouGov,CBS News,2026-01-05,2026-01-07,2325,A,41,59,https://www.cbsnews.com/news/u-s-actions-venezuela-opinion-poll/,-18,NA,-16.418619592022594,2.1221607106426854e-15
Zogby Analytics,NA,2026-01-02,2026-01-07,891,LV,43.5,55.1,https://zogbyanalytics.com/news/1232-the-zogby-poll-r-latest-likely-voter-survey-results,-11.600000000000001,NA,-13.845423492693854,5.5391318764452715e-15
TIPP Insights,Issues & Insights,2026-01-06,2026-01-09,1478,A,40,51,https://tippinsights.com/with-america-divided-can-trump-boost-his-approval-ratings-with-an-improving-economy-i-i-tipp-poll/,-11,NA,-15.56397686167287,6.724065488307e-15
AP-NORC,NA,2026-01-08,2026-01-11,1203,A,40,59,https://apnorc.org/projects/fewer-want-the-u-s-to-take-an-active-role-in-global-affairs/,-19,NA,-11.004000107549153,1.5878603222116519e-15
RealClear Opinion Research,Unite America (hybrid PAC),2026-01-09,2026-01-11,1500,RV,39.5,50.2,https://www.semafor.com/article/01/27/2026/poll-us-voters-want-significant-primary-election-reforms,-10.700000000000003,NA,-15.649129871336953,5.014990399469772e-15
SSRS,CNN,2026-01-09,2026-01-12,1209,A,39,61,https://www.cnn.com/2026/01/16/politics/trump-economy-first-year-cnn-poll,-22,NA,-13.909530915535626,3.2566272479265244e-15
YouGov,The Economist,2026-01-09,2026-01-12,1602,A,40,54,https://d3nkl3psvxxpe9.cloudfront.net/documents/econTabReport_qsNv5iE.pdf,-14,NA,-12.418619592022594,3.0478478650481986e-15
YouGov,Yahoo News,2026-01-08,2026-01-12,1709,A,40,56,https://www.yahoo.com/news/us/article/poll-only-27-of-americans-think-minneapolis-ice-shooting-was-justified-142831951.html,-16,NA,-14.418619592022594,3.147987945466196e-15
Global Strategy Group/GBAO (Navigator Research),NA,2026-01-08,2026-01-12,1000,RV,42,56,https://navigatorresearch.org/americans-dont-want-greenland-they-just-want-lower-costs/,-14,NA,-13.87255183186425,3.0734838043106785e-15
Morning Consult,NA,2026-01-09,2026-01-12,2201,RV,44.91,52.56,https://pro.morningconsult.com/trackers/donald-trump-congress-policy-republicans-polling,-7.650000000000006,NA,-14.233187381741885,2.951910309522717e-15
Quinnipiac University,NA,2026-01-08,2026-01-12,1133,RV,40,54,https://poll.qu.edu/poll-release?releaseid=3945,-14,NA,-11.383255657968583,7.176969568340158e-15
The Winston Group,Winning the Issues,2026-01-08,2026-01-12,1000,RV,40,52,https://www.winningtheissues.org/wp-content/uploads/2026/01/January-2026-WTI-Survey.pdf,-12,REP,-9.547844460671989,8.115701624237871e-15
Ipsos,Reuters,2026-01-12,2026-01-13,1217,A,41,58,https://www.ipsos.com/en-us/americans-oppose-using-military-force-take-possession-greenland,-17,NA,-12.503738843419193,3.760492643334174e-15
Marist College,NPR | PBS News,2026-01-12,2026-01-13,1408,A,38,56,https://maristpoll.marist.edu/polls/u-s-foreign-policy-january-2026/,-18,NA,-16.723997054182732,1.2024762448502024e-14
Impact Research/National Research,Wall Street Journal,2026-01-08,2026-01-13,1500,RV,45,54,https://www.wsj.com/politics/elections/trump-approval-rating-economy-poll-b3a62e57,-9,NA,-10.885382441836896,3.1223257126969793e-15
Public Policy Polling,Progress Action Fund (hybrid PAC),2026-01-13,2026-01-14,597,RV,44,52,https://progressactionfund.com/new-poll-independent-voters-would-rather-shut-down-the-government-than-fund-ice-by-16-points/,-8,DEM,-11.148806803301603,8.625882908564888e-15
RMG Research,Napolitan News Service,2026-01-07,2026-01-14,3000,RV,48,51,https://napolitannews.org/jobapproval,-3,NA,-12.716122670541779,6.588295647241126e-15
Research Co.,NA,2026-01-13,2026-01-15,1002,A,42,53,https://researchco.ca/2026/01/26/amendment/,-11,NA,-11.611398666081485,1.8535611373203314e-14
YouGov,CBS News,2026-01-14,2026-01-16,2523,A,41,59,https://www.cbsnews.com/news/trump-inflation-cbs-news-poll/,-18,NA,-16.418619592022594,5.831465897430409e-15
The New York Times/Siena College,NA,2026-01-12,2026-01-17,1625,RV,40,56,https://www.nytimes.com/2026/01/22/us/politics/trump-poll-second-term.html,-16,NA,-15.899792974896542,3.101457717941891e-14
YouGov,NA,2026-01-16,2026-01-18,1095,A,39,57,https://d3nkl3psvxxpe9.cloudfront.net/documents/Evaluations_of_Trump_s_Presidency_poll_results.pdf,-18,NA,-16.418619592022594,4.783703677099378e-15
Morning Consult,NA,2026-01-16,2026-01-18,2201,RV,46,51,https://pro.morningconsult.com/trackers/donald-trump-congress-policy-republicans-polling,-5,NA,-11.58318738174188,4.9909331974360784e-15
YouGov,The Economist,2026-01-16,2026-01-19,1722,A,37,57,https://d3nkl3psvxxpe9.cloudfront.net/documents/econTabReport_z9wtNZI.pdf,-20,NA,-18.418619592022594,6.694109796516952e-15
Change Research,NA,2026-01-13,2026-01-19,1348,RV,45,53,https://portal.changeresearch.com/portal/projects/45449a2d-6c0e-412f-a3e1-a053b39f12b0,-8,NA,-11.602751958303585,1.0662653241989854e-14
Emerson College,NA,2026-01-17,2026-01-19,1000,LV,43.2,51.3,https://emersoncollegepolling.com/january-2026-national-poll/,-8.099999999999994,NA,-14.192206279856762,1.672860861852119e-14
American Research Group,NA,2026-01-17,2026-01-20,1100,A,35,63,https://americanresearchgroup.com/economy/,-28,NA,-18.04397718109052,3.840351646210065e-15
Angus Reid Global,NA,2026-01-16,2026-01-20,1838,A,37,56,https://angusreid.org/one-year-of-donald-trump/,-19,NA,-15.554264346129067,2.7106836112138025e-14
Verasight,Strength In Numbers,2026-01-14,2026-01-20,1532,A,40,58,https://www.gelliottmorris.com/p/new-poll-trump-slips-on-immigration,-18,NA,-14.886554635443701,4.5321474715587566e-15
RMG Research,Napolitan News Service,2026-01-14,2026-01-21,3000,RV,47,51,https://napolitannews.org/jobapproval,-4,NA,-13.716122670541779,1.4194052690602303e-14
Tavern Research,Searchlight Institute,2026-01-17,2026-01-21,2997,LV,44,53,https://www.searchlightinstitute.org/research/voters-want-predictability-lower-costs-and-some-government-involvement-in-health-care/,-9,NA,-11.188018948776424,7.073544163388382e-15
YouGov,NA,2026-01-16,2026-01-22,2226,A,38,58,https://d3nkl3psvxxpe9.cloudfront.net/documents/Trump_Issue_Handling_poll_results_84DsE0W.pdf,-20,NA,-18.418619592022594,1.0753129903507816e-14
Quantus Insights,NA,2026-01-20,2026-01-22,1000,RV,43.5,51.6,https://v0-quantus-insights-website.vercel.app/polls/2601412-weighted-ziw7630t?tab=toplines,-8.100000000000001,NA,-14.813319721579106,3.9486021460060666e-15
Clarity Campaign Labs,NA,2026-01-15,2026-01-22,1147,LV,43,56,https://www.claritycampaigns.com/clarity-omnibus-jan-2026,-13,NA,-17.80381927390036,2.3639888711437248e-14
Tavern Research,NA,2026-01-24,2026-01-24,506,LV,42,56,https://www.tavernresearch.com/research-and-writings/52-say-excessive-force-56-say-too-far,-14,NA,-16.188018948776424,4.038555905551952e-15
Ipsos,Reuters,2026-01-23,2026-01-25,1139,A,38,59,https://www.reuters.com/data/trumps-approval-rating-2025-01-21/,-21,NA,-16.503738843419193,1.5832353199685806e-14
Morning Consult,NA,2026-01-23,2026-01-25,2201,RV,45.29,51.81,https://pro.morningconsult.com/trackers/donald-trump-congress-policy-republicans-polling,-6.520000000000003,NA,-13.103187381741883,1.0974366853206952e-14
Focaldata,NA,2026-01-23,2026-01-26,2037,A,37,51,https://www.focaldata.com/blog/cost-of-living-fuelling-democrat-strength-in-new-midterms-polling,-14,NA,-14.030159620686078,3.655714238241771e-14
Pew Research Center,NA,2026-01-20,2026-01-26,8512,A,37,61,https://www.pewresearch.org/politics/2026/01/29/confidence-in-trump-dips-and-fewer-now-say-they-support-his-policies-and-plans/,-24,NA,-17.463627085637057,1.1681492488014047e-13
YouGov,The Economist,2026-01-23,2026-01-26,1684,A,39,57,https://today.yougov.com/politics/articles/53953-falling-confidence-ice-independents-trump-congressional-democrats-slump-greenland-foreign-policy-january-23-26-2026-economist-yougov-poll,-18,NA,-16.418619592022594,1.450172103214783e-14
Beacon Research/Shaw & Co. Research,FOX News,2026-01-23,2026-01-26,1005,RV,44,56,https://www.foxnews.com/politics/fox-news-poll-donald-trump-starts-2026-44-approval,-12,NA,-13.517613132391368,3.75577302474516e-14
J.L. Partners,Daily Mail,2026-01-26,2026-01-26,1037,RV,40.99,50.91,https://jlpartners.com/nationwide-registered-voters-january-2026,-9.919999999999995,NA,-17.55678734265902,2.942617538947827e-14
Echelon Insights,NA,2026-01-22,2026-01-26,1029,LV,41,57,https://echelonin.wpenginepowered.com/wp-content/uploads/January-2026-Voter-Omnibus-Topline.pdf,-16,NA,-18.815194334249313,3.252989290527775e-14
Tavern Research,Searchlight Institute,2026-01-23,2026-01-26,1508,LV,42,56,https://www.searchlightinstitute.org/wp-content/uploads/2026/01/Memo-Play-Hardball-and-Use-Your-Leverage-to-Reform-ICE.pdf,-14,NA,-16.188018948776424,8.681396796422816e-15
The Argument/Verasight,NA,2026-01-26,2026-01-27,1515,RV,42,57,https://www.theargumentmag.com/p/immigration-is-turning-into-a-disaster,-15,NA,-14.58545543105307,1.1009980118782376e-14
Marquette University Law School,NA,2026-01-21,2026-01-28,1003,A,42,58,https://law.marquette.edu/poll/2026/02/04/detailed-results-of-the-marquette-law-school-supreme-court-poll-jan-21-28-2025-national-issues/,-16,NA,-14.856934242538102,6.006092372974911e-14
TIPP Insights,Issues & Insights,2026-01-27,2026-01-29,1384,A,40,51,https://issuesinsights.com/2026/02/02/despite-trumps-triumphs-his-presidential-favorability-ratings-remain-stuck-in-a-rut-ii-tipp-poll/,-11,NA,-15.56397686167287,6.612239159480197e-14
Harris Insights & Analytics,Harvard CAPS,2026-01-28,2026-01-29,2000,RV,45,51,https://harvardharrispoll.com/wp-content/uploads/2026/02/HHP_Jan2026_KeyResults.pdf,-6,NA,-14.223184181597645,4.057744492918203e-14
Marist College,NPR | PBS News,2026-01-27,2026-01-30,1462,A,39,56,https://maristpoll.marist.edu/polls/the-actions-of-ice-february-2026/,-17,NA,-15.723997054182732,8.584696389700366e-14
Public Policy Polling,NA,2026-01-29,2026-01-30,652,RV,39,56,https://www.publicpolicypolling.com/polls/independents-moving-strongly-against-trump-gop/,-17,DEM,-20.148806803301603,6.381027000446414e-14
Global Strategy Group/GBAO (Navigator Research),NA,2026-01-29,2026-02-01,1000,RV,41,56,https://navigatorresearch.org/americans-continue-to-sour-on-ice/,-15,NA,-14.87255183186425,3.4477186270086773e-14
Morning Consult,NA,2026-01-30,2026-02-01,2201,RV,45,53,https://pro.morningconsult.com/trackers/donald-trump-congress-policy-republicans-polling,-8,NA,-14.58318738174188,2.3893759984052777e-14
InsiderAdvantage,NA,2026-01-31,2026-02-01,1000,LV,50,49,https://insideradvantage.com/insideradvantage-national-survey-trump-bounces-back-to-50-approval-nearly-60-say-melania-trump-media-coverage-is-biased/,1,NA,-15.928425353706437,1.0147423569231747e-13
YouGov,The Economist,2026-01-30,2026-02-02,1672,A,40,54,https://d3nkl3psvxxpe9.cloudfront.net/documents/econTabReport_DDIQ8jz.pdf,-14,NA,-12.418619592022594,3.224368233120286e-14
Quinnipiac University,NA,2026-01-29,2026-02-02,1191,RV,37,56,https://poll.qu.edu/poll-release?releaseid=3946,-19,NA,-16.383255657968583,7.567804612027181e-14
RMG Research,Napolitan News Service,2026-01-28,2026-02-05,3000,RV,46,53,https://napolitannews.org/jobapproval,-7,NA,-16.71612267054178,7.578034824330975e-14
John Zogby Strategies,NA,2026-02-04,2026-02-05,1000,LV,44,54,https://johnzogbystrategies.com/the-presidents-approval-ratings-underwater-on-overall-job-all-key-voter-issues/,-10,NA,-15.248651472731453,8.891899490051348e-14
SurveyMonkey,NBC News Decision Desk,2026-01-27,2026-02-06,21995,A,39,61,https://www.nbcnews.com/politics/trump-administration/poll-trumps-ratings-immigration-tumble-americans-lose-confidence-top-i-rcna258159,-22,NA,-18.41274816769696,9.146271508464646e-14
AP-NORC,NA,2026-02-05,2026-02-08,1156,A,36,62,https://apnorc.org/projects/about-6-in-10-think-trump-has-gone-too-far-when-it-comes-to-deploying-federal-immigration-agents-in-major-u-s-cities/,-26,NA,-18.004000107549153,3.584988004152014e-14
Morning Consult,NA,2026-02-02,2026-02-08,45000,A,40,54,https://pro.morningconsult.com/trackers/global-leader-approval,-14,NA,-18.55258682321888,7.842649825527853e-14
YouGov,The Economist,2026-02-06,2026-02-09,1730,A,37,56,https://d3nkl3psvxxpe9.cloudfront.net/documents/econTabReport_vNnwPx2.pdf,-19,NA,-17.418619592022594,7.198239494320367e-14
GBAO,Care in Action | Community Change Action | FWD.us,2026-02-06,2026-02-09,1000,RV,43,57,https://www.politico.com/newsletters/playbook/2026/02/11/dons-double-defeat-00775533,-14,NA,-15.843726081843151,2.6546290942326933e-13
Morning Consult,NA,2026-02-06,2026-02-09,2200,RV,44,53,https://pro.morningconsult.com/trackers/donald-trump-congress-policy-republicans-polling,-9,NA,-15.58318738174188,5.869226489935253e-14
Focaldata,NA,2026-02-10,2026-02-10,1148,A,34,53,https://www.focaldata.com/blog/cost-of-living-fuelling-democrat-strength-in-new-midterms-polling,-19,NA,-19.030159620686078,1.5196002542240395e-13
The Argument/Verasight,NA,2026-02-04,2026-02-10,3003,RV,42,57,https://substack.com/home/post/p-188193326,-15,NA,-14.58545543105307,7.194896503118353e-14
YouGov,Yahoo News,2026-02-09,2026-02-12,1704,A,38,58,https://www.yahoo.com/news/politics/article/poll-trumps-approval-rating-hits-new-low-as-immigration-backlash-grows-and-ice-withdraws-from-minnesota-204723473.html?guccounter=1,-20,NA,-18.418619592022594,1.002147025020756e-13
RMG Research,Napolitan News Service,2026-02-04,2026-02-12,3000,RV,47,51,https://napolitannews.org/jobapproval,-4,NA,-13.716122670541779,1.6326381107808282e-13
Morning Consult,Deseret News | Hinckley Institute of Politics,2026-02-10,2026-02-13,2002,RV,42,55,https://www.deseret.com/politics/2026/02/23/president-donald-trump-national-utah-approval-rating/,-13,NA,-19.58318738174188,8.681159899740449e-14
Quantus Insights,NA,2026-02-12,2026-02-13,1515,LV,43.1,56.3,https://quantusinsights.org/f/quantus-insights-national-survey-2026-midterms-break-democrat,-13.199999999999996,NA,-19.528283099796354,5.664518789332969e-14
Ipsos,Reuters,2026-02-13,2026-02-16,1117,A,38,60,https://www.reuters.com/world/us/trumps-immigration-approval-hits-new-low-according-reutersipsos-poll-2026-02-17/,-22,NA,-17.503738843419193,1.824044075856776e-13
The Bullfinch Group,MainFrame,2026-02-13,2026-02-16,1200,A,38,57,https://www.thebullfinchgroup.com/post/public-release-of-bullfinch-mainframe-q1-nationwide-survey,-19,NA,-20.036541297101003,1.1616380204900908e-13
YouGov,The Economist,2026-02-13,2026-02-16,1682,A,39,56,https://d3nkl3psvxxpe9.cloudfront.net/documents/econTabReport_usZL1Jt.pdf,-17,NA,-15.418619592022594,1.543781501149511e-13
Morning Consult,NA,2026-02-13,2026-02-16,2200,RV,43,55,https://pro.morningconsult.com/trackers/donald-trump-congress-policy-republicans-polling,-12,NA,-18.58318738174188,1.278774952110531e-13
Ipsos,ABC News | The Washington Post,2026-02-12,2026-02-17,2589,A,39,60,https://www.washingtonpost.com/politics/2026/02/22/trump-disapproval-post-poll/,-21,NA,-16.503738843419193,3.098801907346377e-13
Change Research,NA,2026-02-05,2026-02-18,1741,RV,43,55,https://changeresearch.com/voters-voice-frustration-and-financial-strain/,-12,NA,-14.963346420659825,3.475258604965988e-13
YouGov,Bowling Green State University Democracy and Public Policy Network,2026-02-13,2026-02-18,1200,RV,41,58,https://scholarworks.bgsu.edu/cgi/viewcontent.cgi?article=1017&context=depo,-17,NA,-17.449220150545592,1.6395253606655686e-13
InsiderAdvantage,NA,2026-02-17,2026-02-18,800,LV,49.6,46,https://insideradvantage.com/trump-approval-exceeds-election-victory-margin-in-new-insideradvantage-national-survey-approve-50-disapprove-46/,3.6000000000000014,NA,-12.845752588886157,7.169192163949206e-13
Talker Research,Scripps News,2026-02-13,2026-02-19,1000,A,44,47,https://www.scrippsnews.com/politics/scripps-news-talker-research-poll-high-interest-in-state-of-the-union-amid-economic-worries,-3,NA,-13.930961097314913,2.0837822568280506e-13
RMG Research,Napolitan News Service,2026-02-11,2026-02-19,3000,RV,47,52,https://napolitannews.org/jobapproval,-5,NA,-14.716122670541779,3.517412182134338e-13
Tavern Research,Searchlight Institute,2026-02-18,2026-02-19,1526,LV,41,56,https://www.searchlightinstitute.org/research/the-path-forward-for-transgender-rights/,-15,NA,-17.188018948776424,1.4861716591798052e-13
American Research Group,NA,2026-02-16,2026-02-20,1100,A,36,62,https://americanresearchgroup.com/economy/,-26,NA,-16.04397718109052,1.2193762453259464e-13
SSRS,CNN,2026-02-17,2026-02-20,2496,A,36,63,https://www.cnn.com/2026/02/23/politics/trump-approval-rating-independents-cnn-poll,-27,NA,-18.909530915535626,5.787847867192714e-13
Verasight,Strength In Numbers,2026-02-18,2026-02-20,1566,A,37,59,https://www.gelliottmorris.com/p/ahead-of-state-of-the-union-address,-22,NA,-18.8865546354437,1.4549138111691163e-13
Morning Consult,NA,2026-02-20,2026-02-22,2202,RV,45,53,https://pro.morningconsult.com/trackers/donald-trump-congress-policy-republicans-polling,-8,NA,-14.58318738174188,2.4700498808065495e-13
Emerson College,NA,2026-02-21,2026-02-22,1000,LV,42.7,54.7,https://emersoncollegepolling.com/february-2026-national-poll-trump-approval-steady-as-disapproval-rises-vance-leads-gop-field-while-democrats-hold-midterm-edge/,-12,NA,-18.092206279856768,7.380464588425525e-13
Ipsos,Reuters,2026-02-18,2026-02-23,4638,A,40,58,https://www.reuters.com/world/us/most-americans-say-trump-is-growing-erratic-with-age-reutersipsos-poll-finds-2026-02-24/,-18,NA,-13.503738843419193,8.007693599336744e-13
YouGov,The Economist,2026-02-20,2026-02-23,1551,A,39,57,https://d3nkl3psvxxpe9.cloudfront.net/documents/econTabReport_mhEVZMR.pdf,-18,NA,-16.418619592022594,3.2249920830309544e-13
YouGov,CBS News,2026-02-20,2026-02-23,2381,A,40,60,https://www.cbsnews.com/news/trump-state-of-the-union-opinion-poll-economy-iran/,-20,NA,-18.418619592022594,3.9957881226701777e-13
Global Strategy Group/GBAO (Navigator Research),NA,2026-02-19,2026-02-23,1000,RV,41,58,https://navigatorresearch.org/views-of-tariffs-in-the-wake-of-scotus-decision/,-17,NA,-16.87255183186425,4.0183257768474275e-13
Echelon Insights,NA,2026-02-19,2026-02-23,1002,LV,44,55,https://echeloninsights.com/in-the-news/february-2026-verified-voter-omnibus/,-11,NA,-13.815194334249313,7.253347470976991e-13
Harris Insights & Analytics,Harvard CAPS,2026-02-25,2026-02-26,1999,RV,46,49,https://harvardharrispoll.com/key-results-february-2026/,-3,NA,-11.223184181597645,9.12859017505282e-13
RMG Research,Napolitan News Service,2026-02-18,2026-02-26,3000,RV,45,54,https://napolitannews.org/assets/pdfs/69a1a58ae552e-gcm26-0225-toplines-trump-job-approval.pdf,-9,NA,-18.71612267054178,7.699291080815203e-13
John Zogby Strategies,NA,2026-02-25,2026-02-26,1015,LV,47,50,https://johnzogbystrategies.com/presidents-approval-up-3-points-post-state-of-the-union-now-47-approve-50-disapprove-americans-split-even-on-his-iran-policy/,-3,NA,-8.248651472731453,9.813370350045472e-13
TIPP Insights,Issues & Insights,2026-02-24,2026-02-27,1456,A,40,51,https://tippinsights.com/trump-ratings-steady-despite-strong-state-of-the-union-foreign-policy-moves-i-i-tipp-poll/,-11,NA,-15.56397686167287,1.7430488158672187e-12
YouGov,CBS News,2026-02-25,2026-02-27,2264,A,41,59,https://www.cbsnews.com/news/cbs-news-poll-americans-views-on-iran-prior-to-conflict/,-18,NA,-16.418619592022594,6.163454633737864e-13
J.L. Partners,Daily Mail,2026-02-27,2026-02-28,1097,RV,44,47,https://docs.google.com/spreadsheets/d/1SHUniAS5h57uL5meCvRbI3LeDRomZzeM/edit?gid=534343239#gid=534343239,-3,NA,-10.636787342659026,1.1966098884882739e-12
Morning Consult,NA,2026-02-28,2026-02-28,1618,RV,44,53,https://morningconsult.com/articles/trump-iran-strikes-poll,-9,NA,-15.58318738174188,4.23482063421258e-13
Ipsos,Reuters,2026-02-28,2026-03-01,1282,A,38,60,https://www.ipsos.com/en-us/more-americans-disapprove-approve-us-strikes-against-iran,-22,NA,-17.503738843419193,8.128312150433742e-13
Morning Consult,NA,2026-02-27,2026-03-01,2200,RV,43.9,53.9,https://pro-assets.morningconsult.com/wp-uploads/2026/08/MCPI-PI-Weekly.html,-10,NA,-16.58318738174188,5.510311494062847e-13
RMG Research,Napolitan News Service,2026-02-28,2026-03-01,1000,RV,45,54,https://napolitannews.org/posts/just-33-percent-say-its-appropriate-to-attack-a-foreign-nation-to-overthrow-their-government,-9,NA,-18.71612267054178,6.278667345575125e-13
YouGov,The Economist,2026-02-27,2026-03-02,1515,A,38,59,https://d3nkl3psvxxpe9.cloudfront.net/documents/econTabReport_ubu5DXD.pdf,-21,NA,-19.418619592022594,7.005666379540121e-13
Beacon Research/Shaw & Co. Research,FOX News,2026-02-28,2026-03-02,1004,RV,43,57,https://www.foxnews.com/politics/fox-news-poll-views-divided-us-action-against-iran,-14,NA,-15.517613132391368,1.862712393099995e-12
Hart Research Associates/Public Opinion Strategies,NBC News,2026-02-27,2026-03-03,1000,RV,44,54,https://www.nbcnews.com/politics/2026-election/poll-trump-struggles-immigration-prices-iran-democrats-midterm-edge-rcna261861,-10,NA,-13.526401878631162,2.455145740729682e-12
J.L. Partners,Daily Mail,2026-03-02,2026-03-03,1022,RV,39,50,https://docs.google.com/spreadsheets/d/1SHUniAS5h57uL5meCvRbI3LeDRomZzeM/edit?gid=534343239#gid=534343239,-11,NA,-18.636787342659026,1.604840458079589e-12
OnMessage Inc.,NA,2026-03-02,2026-03-03,1800,LV,45,54,https://www.politico.com/newsletters/playbook/2026/03/04/republicans-tee-off-on-talarico-00811469,-9,NA,-12.895291612777072,7.970967936242869e-12
Quantus Insights,NA,2026-03-02,2026-03-03,1624,LV,45.2,53.8,https://quantusinsights.org/f/latest-survey-the-hardening-of-american-opinion,-8.599999999999994,NA,-15.896927146580225,4.4267899718528943e-13
Angus Reid Global,NA,2026-03-02,2026-03-04,1215,A,35,58,https://angusreid.org/iran-us-polling-war-invasion-israel-trump/,-23,NA,-19.554264346129067,2.6563583240407722e-12
Marist College,NPR | PBS News,2026-03-02,2026-03-04,1591,A,38,57,https://maristpoll.marist.edu/polls/election-security-march-2026/,-19,NA,-17.723997054182732,3.7322430823750935e-12
RMG Research,Napolitan News Service,2026-02-28,2026-03-04,3000,RV,46,52,https://napolitannews.org/jobapproval,-6,NA,-15.716122670541779,1.5110722992456065e-12
Angus Reid Global,NA,2026-03-02,2026-03-05,1529,A,36,56,https://angusreid.org/tariffs-trade-trump-maga-canada-uscma-nafta-carney/,-20,NA,-16.554264346129067,3.325227084752227e-12
Schoen Cooperman Research,Israel On Campus Coalition,2026-03-02,2026-03-05,800,A,39,54,https://thehill.com/opinion/national-security/5783636-iran-threat-americans-divided/amp/,-15,NA,-18.875777992310944,4.33131088848693e-12
OH Predictive Insights,The Center Square,2026-03-02,2026-03-05,2659,RV,46,52,https://www.thecentersquare.com/national/article_c3795c17-be14-4566-a625-eb38b4ffc1bf.html,-6,NA,-11.571310825199177,6.000838377501854e-12
Clarity Campaign Labs,NA,2026-02-26,2026-03-07,1004,LV,43,53,https://www.claritycampaigns.com/clarity-omnibus-2026-mar,-10,NA,-14.80381927390036,3.0168887352617278e-12
Morning Consult,NA,2026-03-02,2026-03-08,45000,A,39,55,https://pro.morningconsult.com/trackers/global-leader-approval,-16,NA,-20.55258682321888,1.81194527862803e-12
Morning Consult,NA,2026-03-06,2026-03-08,2202,RV,44,53,https://pro.morningconsult.com/trackers/donald-trump-congress-policy-republicans-polling,-9,NA,-15.58318738174188,1.202454723922592e-12
Quinnipiac University,NA,2026-03-06,2026-03-08,1002,RV,37,57,https://poll.qu.edu/poll-release?releaseid=3952,-20,NA,-17.383255657968583,3.062469492590172e-12
YouGov,The Economist,2026-03-06,2026-03-09,1563,A,40,55,https://d3nkl3psvxxpe9.cloudfront.net/documents/econTabReport_EcCnfRV.pdf,-15,NA,-13.418619592022594,1.5653269723186781e-12
Focaldata,NA,2026-03-06,2026-03-10,1782,A,37,51,https://www.focaldata.com/blog/democrats-increase-lead-and-rubio-stock-surges-amid-iran-war,-14,NA,-14.030159620686078,4.405741291983203e-12
Change Research,NA,2026-03-08,2026-03-12,1540,RV,43,56,https://portal.changeresearch.com/portal/projects/61cdcd30-3c32-4785-9ccb-5fe82cb36389,-13,NA,-16.602751958303585,3.9394949186905295e-12
RMG Research,Napolitan News Service,2026-03-04,2026-03-12,3000,RV,45,53,https://napolitannews.org/jobapproval,-8,NA,-17.71612267054178,3.694870772267142e-12
Survey 160,NA,2026-03-09,2026-03-15,1546,RV,38,59,https://www.survey160.com/methodological-research-blog/survey-160-tracking-poll-march-2026,-21,NA,-16.424162048903057,2.9394670333496626e-12
Leger,NA,2026-03-13,2026-03-16,1006,A,35,55,https://leger360.com/in-the-news-iran-war-most-canadians-oppose-military-escalation-leger-march-2026/,-20,NA,-20.243734124119385,1.1079394024156207e-11
YouGov,The Economist,2026-03-13,2026-03-16,1595,A,37,56,https://d3nkl3psvxxpe9.cloudfront.net/documents/econTabReport_CwWXhS2.pdf,-19,NA,-17.418619592022594,3.520966130332684e-12
YouGov,Yahoo News,2026-03-12,2026-03-16,1699,A,38,59,https://www.yahoo.com/news/politics/article/poll-66-of-americans-disapprove-of-trump-on-gas-prices-as-they-feel-effects-of-iran-war-120000483.html,-21,NA,-19.418619592022594,3.6339436881443728e-12
Global Strategy Group/GBAO (Navigator Research),NA,2026-03-12,2026-03-16,1000,RV,40,59,https://navigatorresearch.org/perceptions-and-concerns-about-trumps-war-against-iran/,-19,NA,-18.87255183186425,4.2144556295877805e-12
Morning Consult,NA,2026-03-13,2026-03-16,2201,RV,43,54,https://pro.morningconsult.com/trackers/donald-trump-congress-policy-republicans-polling,-11,NA,-17.58318738174188,3.005049369720199e-12
Echelon Insights,NA,2026-03-12,2026-03-16,1033,LV,41,57,https://echeloninsights.com/in-the-news/march-2026-verified-voter-omnibus/,-16,NA,-18.815194334249313,7.763070461842788e-12
The Argument/Verasight,NA,2026-03-12,2026-03-17,1519,RV,40,58,https://substack.com/inbox/post/191802614,-18,NA,-17.58545543105307,2.8103244152963554e-12
The Winston Group,Winning the Issues,2026-03-15,2026-03-17,1000,RV,37,58,https://www.winningtheissues.org/wp-content/uploads/2026/04/March-2026-Winning-the-Issues-Survey.pdf,-21,REP,-18.54784446067199,1.1295847219213521e-11
Emerson College,NA,2026-03-16,2026-03-17,1000,LV,41.9,51.4,https://emersoncollegepolling.com/march-2026-national-poll-47-oppose-us-military-action-in-iran-40-support/,-9.5,NA,-15.592206279856768,9.82466542445392e-12
Verasight,Strength In Numbers,2026-03-16,2026-03-18,1530,A,37,60,https://www.gelliottmorris.com/p/2026-03-24-march-sin-verasight-poll-main-release,-23,NA,-19.8865546354437,2.6599796535955473e-12
Quantus Insights,NA,2026-03-17,2026-03-18,1053,LV,44.1,55.1,https://quantusinsights.org/f/national-survey-a-divided-country-and-a-motivated-electorate#ddfaccf9-bede-412a-8ce9-6f9ddda07554,-11,NA,-17.50018774458345,1.9461421112736446e-12
Tavern Research,Searchlight Institute,2026-03-16,2026-03-18,1531,LV,41,55,https://www.searchlightinstitute.org/research/a-majority-of-americans-oppose-supplemental-funding-for-iran-war/,-14,NA,-16.188018948776424,3.148358741748243e-12
Ipsos,Reuters,2026-03-17,2026-03-19,1545,A,40,58,https://www.reuters.com/world/middle-east/americans-believe-trump-will-send-troops-into-iran-dont-like-idea-reutersipsos-2026-03-19/,-18,NA,-13.503738843419193,7.065624891795279e-12
RMG Research,Napolitan News Service,2026-03-11,2026-03-19,3000,RV,46,53,https://napolitannews.org/jobapproval,-7,NA,-16.71612267054178,8.407074808116024e-12
John Zogby Strategies,NA,2026-03-17,2026-03-19,1000,LV,44,54,https://johnzogbystrategies.com/decisive-poll-on-war-with-iran/,-10,NA,-15.339898516281892,1.0890308297369872e-11
American Research Group,NA,2026-03-16,2026-03-20,1100,A,34,63,https://americanresearchgroup.com/economy/,-29,NA,-19.04397718109052,2.8084522034724395e-12
YouGov,CBS News,2026-03-17,2026-03-20,3335,A,40,60,https://www.cbsnews.com/news/opinion-poll-iran-war-regime-2028-03-22/,-20,NA,-18.418619592022594,7.985419275939752e-12
J.L. Partners,Daily Mail,2026-03-18,2026-03-20,1037,RV,39,53,https://jlpartners.com/nationwide-registered-voters-march-2026,-14,NA,-21.636787342659026,1.2038960028355613e-11
Morning Consult,NA,2026-03-20,2026-03-22,2202,RV,43,54,https://pro.morningconsult.com/trackers/donald-trump-congress-policy-republicans-polling,-11,NA,-17.58318738174188,5.803159844991499e-12
AP-NORC,NA,2026-03-19,2026-03-23,1150,A,38,60,https://apnorc.org/projects/most-say-the-united-states-recent-military-actions-against-iran-have-gone-too-far/,-22,NA,-14.004000107549153,4.30973088758186e-12
Ipsos,Reuters,2026-03-20,2026-03-23,1272,A,36,61,https://www.ipsos.com/en-us/economy-and-foreign-conflicts-now-publics-top-two-issue-concerns,-25,NA,-20.503738843419193,9.94045083441432e-12
YouGov,The Economist,2026-03-20,2026-03-23,1665,A,38,56,https://d3nkl3psvxxpe9.cloudfront.net/documents/econTabReport_o84FoNw.pdf,-18,NA,-16.418619592022594,7.839963963319122e-12
Beacon Research/Shaw & Co. Research,FOX News,2026-03-20,2026-03-23,1001,RV,41,59,https://www.foxnews.com/politics/fox-news-poll-voters-oppose-action-iran-give-u-s-military-positive-marks,-18,NA,-19.517613132391368,2.0089511717404334e-11
Quinnipiac University,NA,2026-03-19,2026-03-23,1191,RV,38,56,https://poll.qu.edu/poll-release?releaseid=3953,-18,NA,-15.383255657968583,1.8487384716034587e-11
Yale University Institution for Social and Policy Studies,NA,2026-03-09,2026-03-23,3429,RV,41,57,https://youthpoll.yale.edu/spring-2026-results,-16,NA,-17.959165316059583,1.8228905769186452e-11
J.L. Partners,Daily Mail,2026-03-23,2026-03-24,1019,RV,46,54,https://www.dailymail.co.uk/news/article-15692097/amp/donald-trump-polling-iran-rebound.html,-8,NA,-15.636787342659026,1.8503883130878232e-11
University of Massachusetts (Amherst),NA,2026-03-20,2026-03-25,1000,A,33,62,https://www.umass.edu/political-science/about/reports/2026-0,-29,NA,-22.758836469837647,2.8125786383492924e-11
Harris Insights & Analytics,Harvard CAPS,2026-03-25,2026-03-26,2009,RV,43,53,https://harvardharrispoll.com/key-results-march-2026/,-10,NA,-18.223184181597645,2.0678401201704895e-11
RMG Research,Napolitan News Service,2026-03-18,2026-03-26,3000,RV,45,54,https://napolitannews.org/jobapproval,-9,NA,-18.71612267054178,1.8112493608298254e-11
Quantus Insights,NA,2026-03-25,2026-03-26,1472,LV,42.2,56.6,https://quantusinsights.org/f/new-quantus-survey-a-sour-national-mood-and-a-midterm-warning,-14.399999999999999,NA,-21.696927146580222,5.531802299643656e-12
Morning Consult,NA,2026-03-27,2026-03-29,2203,RV,43,54,https://pro.morningconsult.com/trackers/donald-trump-congress-policy-republicans-polling,-11,NA,-17.58318738174188,1.2857700270809617e-11
SSRS,CNN,2026-03-26,2026-03-30,1201,A,35,64,https://www.cnn.com/2026/04/01/politics/cnn-poll-trump-approval-rating-economy,-29,NA,-20.909530915535626,2.8949771250020896e-11
University of Massachusetts Lowell,NA,2026-03-26,2026-03-30,1000,A,39,61,https://www.uml.edu/news/press-releases/2026/2026-nat-poll-march.aspx,-22,NA,-19.26288123414873,1.0151579045185479e-10
YouGov,The Economist,2026-03-27,2026-03-30,1679,A,35,58,https://d3nkl3psvxxpe9.cloudfront.net/documents/econTabReport_3wplfYX.pdf,-23,NA,-21.418619592022594,1.716228902457539e-11
Lake Research Partners,Free Speech For People,2026-03-26,2026-03-30,800,LV,38,57,https://freespeechforpeople.org/new-national-poll-majority-of-voters-support-impeaching-donald-trump-just-14-months-into-his-term/,-19,DEM,-20.113052802747966,6.532010505617436e-11
TIPP Insights,Issues & Insights,2026-03-31,2026-04-02,1464,A,39,53,https://issuesinsights.com/2026/04/07/trumps-popularity-took-a-hit-in-april-is-iran-war-reason-why-or-something-else-ii-tipp-poll/,-14,NA,-18.56397686167287,7.852725470435977e-11
RMG Research,Napolitan News Service,2026-03-25,2026-04-02,3000,RV,40,58,https://napolitannews.org/jobapproval,-18,NA,-27.71612267054178,3.97949760994458e-11
High Point University,NA,2026-03-29,2026-04-03,1001,A,39,53,https://www.highpoint.edu/blog/2026/04/hpu-poll-americans-and-north-carolinians-appreciate-benefits-of-trees-as-arbor-day-approaches/,-14,NA,-14.080558114560148,1.1135038312928814e-10
Morning Consult,NA,2026-04-03,2026-04-05,2203,RV,45,52,https://pro.morningconsult.com/trackers/donald-trump-congress-policy-republicans-polling,-7,NA,-13.58318738174188,2.8105492152240403e-11
YouGov,The Economist,2026-04-03,2026-04-06,1750,A,38,55,https://d3nkl3psvxxpe9.cloudfront.net/documents/econTabReport_SVRZJH8.pdf,-17,NA,-15.418619592022594,3.9173697268412975e-11
Global Strategy Group/GBAO (Navigator Research),NA,2026-04-02,2026-04-06,1000,RV,40,58,https://navigatorresearch.org/americans-blame-trump-for-rising-gas-prices/,-18,NA,-17.87255183186425,4.442426295738766e-11
Morning Consult,NA,2026-04-01,2026-04-07,34929,A,38,57,https://pro.morningconsult.com/trackers/global-leader-approval,-19,NA,-23.55258682321888,5.351672542233771e-11
Change Research,NA,2026-04-03,2026-04-07,2702,RV,42,56,https://changeresearch.com/who-do-voters-want-in-2028/,-14,NA,-17.602751958303585,9.890282978075212e-11
J.L. Partners,Daily Mail,2026-04-08,2026-04-08,1013,RV,43,57,https://www.dailymail.co.uk/news/article-15718939/Trump-approval-sinks-Iran-war-prices-weigh-voters.html,-14,NA,-21.636787342659026,1.170339468164935e-10
Morning Consult,NA,2026-04-06,2026-04-09,2200,RV,44,53,https://drive.google.com/file/d/1J-vPAS1XXmBtiDUw4rDA4p3G7jHbQ6b7/view,-9,NA,-15.58318738174188,4.420322596735532e-11
Echelon Insights,NetChoice,2026-04-03,2026-04-09,2880,LV,43,56,https://netchoice.org/new-72-of-americans-want-regulators-to-focus-on-lowering-prices-ahead-of-midterms-not-punishing-success/,-13,NA,-15.516665304361887,1.9103503191685123e-10
YouGov,CBS News,2026-04-08,2026-04-10,2387,A,39,61,https://www.cbsnews.com/news/iran-war-opinion-poll-2026-04-12/,-22,NA,-20.418619592022594,7.186516774764691e-11
Morning Consult,NA,2026-04-10,2026-04-12,2200,RV,43.8,53.4,https://pro-assets.morningconsult.com/wp-uploads/2026/08/MCPI-PI-Weekly.html,-9.600000000000001,NA,-16.18318738174188,6.142018331839782e-11
SurveyMonkey,NBC News Decision Desk,2026-03-30,2026-04-13,32433,A,37,63,https://www.nbcnews.com/politics/donald-trump/poll-trumps-approval-rating-hits-second-term-low-economy-iran-war-rcna331462,-26,NA,-22.41274816769696,1.5564918884148939e-10
YouGov,The Economist,2026-04-10,2026-04-13,1748,A,38,56,https://d3nkl3psvxxpe9.cloudfront.net/documents/econTabReport_G1zNgZq.pdf,-18,NA,-16.418619592022594,8.545157880184496e-11
Quinnipiac University,NA,2026-04-09,2026-04-13,1028,RV,38,55,https://poll.qu.edu/poll-release?releaseid=3956,-17,NA,-14.383255657968583,1.8551949362917873e-10
Survey 160,NA,2026-04-08,2026-04-13,1539,RV,37,60,https://www.survey160.com/methodological-research-blog/survey-160-tracking-poll-april-2026,-23,NA,-18.424162048903057,8.635374353207157e-11
Verasight,Strength In Numbers,2026-04-10,2026-04-14,1514,A,35,61,https://www.gelliottmorris.com/p/2026-04-21-april-strength-in-numbers-verasight-poll,-26,NA,-22.8865546354437,5.518019328513324e-11
GBAO,Third Way,2026-04-08,2026-04-15,2000,RV,39,60,https://www.thirdway.org/memo/the-cost-of-misplaced-priorities-trumps-coalition-frays,-21,NA,-22.93497312539359,6.611072818382695e-10
RMG Research,Napolitan News Service,2026-04-08,2026-04-15,3000,RV,45,53,https://napolitannews.org/jobapproval,-8,NA,-17.71612267054178,1.7257661790135557e-10
Marquette University Law School,NA,2026-04-08,2026-04-16,982,A,39,60,https://law.marquette.edu/poll/2026/04/22/detailed-results-of-the-marquette-law-school-supreme-court-poll-april-8-16-2026-national-issues/,-21,NA,-19.856934242538102,3.371891736499185e-10
John Zogby Strategies,NA,2026-04-17,2026-04-18,1001,LV,43,55,https://johnzogbystrategies.com/brand-new-zogby-poll-amid-war-confusion-04-20-26/,-12,NA,-17.33989851628189,3.3751883250725976e-10
Hart Research Associates/Public Opinion Strategies,CNBC,2026-04-15,2026-04-19,1000,A,40,58,https://www.cnbc.com/2026/04/23/trumps-approval-rating-on-economy-and-overall-falls-to-lowest-of-his-two-terms-cnbc-survey-shows.html,-18,NA,-20.10494605713385,4.749277237543811e-10
YouGov,NA,2026-04-14,2026-04-19,2232,A,38,57,https://d3nkl3psvxxpe9.cloudfront.net/documents/Opinion_about_Donald_Trump_poll_results.pdf,-19,NA,-17.418619592022594,1.8893033477562414e-10
Morning Consult,Deseret News | University of Utah Hinckley Institute of Politics,2026-04-15,2026-04-19,2057,RV,42,54,https://www.deseret.com/politics/2026/04/22/trump-polling-underwater-in-utah-among-religious/,-12,NA,-18.58318738174188,1.299368182038018e-10
AP-NORC,NA,2026-04-16,2026-04-20,2596,A,33,67,https://apnorc.org/projects/fewer-approve-of-trumps-handling-of-the-economy/,-34,NA,-26.004000107549153,1.5281906303692527e-10
American Research Group,NA,2026-04-16,2026-04-20,1100,A,32,63,https://americanresearchgroup.com/economy/,-31,NA,-21.04397718109052,9.080942130861357e-11
Angus Reid Global,NA,2026-04-15,2026-04-20,1490,A,35,59,https://angusreid.org/roiling-the-religious-right-two-thirds-of-christians-say-trumps-ai-generated-messiah-image-went-too-far/,-24,NA,-20.554264346129067,6.233507994213348e-10
Ipsos,Reuters,2026-04-15,2026-04-20,4557,A,36,62,https://www.ipsos.com/en-us/americans-remain-skeptical-trumps-handling-inflation,-26,NA,-21.503738843419193,4.285363965099983e-10
Leger,338Canada | Maintenant Media,2026-04-17,2026-04-20,1004,A,36,53,https://leger360.com/en/us-politics-and-public-sentiment-trends-from-the-april-2026-survey-of-americans/,-17,NA,-17.243734124119385,6.29210802315108e-10
YouGov,The Economist,2026-04-17,2026-04-20,1707,A,38,54,https://d3nkl3psvxxpe9.cloudfront.net/documents/econTabReport_I24AWdp.pdf,-16,NA,-14.418619592022594,1.843700643071698e-10
Beacon Research/Shaw & Co. Research,FOX News,2026-04-17,2026-04-20,1001,RV,42,58,https://www.foxnews.com/politics/fox-news-poll-economic-gloom-trump-ratings-signal-tough-gop-midterm-path,-16,NA,-17.517613132391368,4.74125526035539e-10
Morning Consult,NA,2026-04-17,2026-04-20,2203,RV,44,53,https://drive.google.com/file/d/16-z92A-iefFFRxX8Un1CsEheV3rAzTv8/view,-9,NA,-15.58318738174188,1.524528404723598e-10
Echelon Insights,NA,2026-04-17,2026-04-20,1012,LV,41,57,https://echeloninsights.com/insights/april-2026-verified-voter-omnibus,-16,NA,-18.815194334249313,3.782827621006546e-10
RMG Research,Napolitan News Service,2026-04-14,2026-04-23,3000,RV,42,55,https://napolitannews.org/jobapproval,-13,NA,-22.71612267054178,4.242158705878119e-10
The Argument/Verasight,NA,2026-04-20,2026-04-23,1516,RV,39,60,https://substack.com/inbox/post/195808638,-21,NA,-20.58545543105307,1.8142074187794855e-10
Quantus Insights,NA,2026-04-21,2026-04-23,1452,LV,42.6,56.3,https://quantusinsights.org/f/quantus-survey-a-divided-electorate-a-narrow-democratic-edge,-13.699999999999996,NA,-20.26484474221983,1.342151749255253e-10
Clarity Campaign Labs,NA,2026-04-15,2026-04-24,1000,LV,43,55,https://www.claritycampaigns.com/clarity-omnibus-2026-april,-12,NA,-16.80381927390036,6.499227348644552e-10
Pew Research Center,NA,2026-04-20,2026-04-26,5103,A,34,64,https://www.pewresearch.org/short-reads/2026/05/01/americans-remain-critical-of-trump-administrations-approach-to-iran/,-30,NA,-23.463627085637057,2.7622198969834774e-9
Harris Insights & Analytics,Harvard CAPS,2026-04-23,2026-04-26,2745,RV,42,53,https://harvardharrispoll.com/wp-content/uploads/2026/04/HHP_Apr2026_KeyResults.pdf,-11,NA,-19.223184181597645,7.627239517805679e-10
Emerson College,NA,2026-04-24,2026-04-26,1000,LV,39.6,55.9,https://emersoncollegepolling.com/april-2026-national-poll/,-16.299999999999997,NA,-21.896124447649576,8.522226433743971e-10
Ipsos,Reuters,2026-04-24,2026-04-27,1269,A,34,64,https://www.ipsos.com/en-us/americans-increasingly-feel-economy-wrong-track,-30,NA,-25.503738843419193,4.8720568075499e-10
YouGov,The Economist,2026-04-24,2026-04-27,1836,A,37,59,https://d3nkl3psvxxpe9.cloudfront.net/documents/econTabReport_Ty7ikPd.pdf,-22,NA,-20.418619592022594,4.235553368062049e-10
Global Strategy Group/GBAO (Navigator Research),NA,2026-04-23,2026-04-27,1000,RV,40,58,https://navigatorresearch.org/two-months-later-most-americans-dont-think-trumps-war-with-iran-is-worth-it-and-see-no-end-in-sight/,-18,NA,-17.87255183186425,4.711904637957483e-10
Morning Consult,NA,2026-04-24,2026-04-27,2201,RV,45,53,https://drive.google.com/file/d/1EfsROZrVDVFJ0h5GyYAl49RJFkg_VzXW/view,-8,NA,-14.58318738174188,3.4544066238174306e-10
Public Opinion Strategies,CoinDesk,2026-04-21,2026-04-27,1000,RV,40,60,https://www.coindesk.com/policy/2026/05/03/crypto-is-at-the-bottom-of-u-s-voters-priorities-heading-into-the-midterm-coindesk-survey-shows,-20,NA,-21.980330745759133,2.3474001779425706e-9
InsiderAdvantage,NA,2026-04-26,2026-04-27,800,LV,44.1,49,https://insideradvantage.com/insideradvantage-national-survey-trump-job-approval-bouncing-back-approve-44-disapprove-49/,-4.899999999999999,NA,-21.828425353706436,1.7542054556764129e-9
Tavern Research,NA,2026-04-27,2026-04-27,528,LV,37,60,https://www.tavernresearch.com/research-and-writings/hegseth-impeachment-polling,-23,NA,-25.188018948776424,1.6600856276957404e-10
Ipsos,ABC News | The Washington Post,2026-04-24,2026-04-28,2560,A,37,62,https://www.washingtonpost.com/tablet/2026/04/30/april-24-28-2026-washington-post-abc-news-ipsos-poll/,-25,NA,-20.503738843419193,7.721835805566346e-10
Marist College,NPR | PBS,2026-04-27,2026-04-30,1322,A,37,59,https://maristpoll.marist.edu/polls/president-trump-while-at-war-may-2026/,-22,NA,-20.723997054182732,2.034724629620211e-9
RMG Research,Napolitan News Service,2026-04-22,2026-04-30,3000,RV,42,57,https://napolitannews.org/jobapproval,-15,NA,-24.71612267054178,9.354529276189297e-10
TIPP Insights,Issues & Insights,2026-04-28,2026-05-01,1464,A,38,54,https://tippinsights.com/for-trump-approval-is-all-about-the-base-as-dems-independent-voters-cool-i-i-tipp-poll/,-16,NA,-20.56397686167287,2.0680613533020368e-9
Morning Consult,NA,2026-04-30,2026-05-03,2200,RV,44,53,https://drive.google.com/file/d/1sp2Ez_gNEjC0hRhTh3hP7B4qsrkctCmj/view,-9,NA,-15.58318738174188,6.66789976364813e-10
SSRS,CNN,2026-04-30,2026-05-04,1499,A,35,65,https://www.cnn.com/2026/05/12/politics/cnn-poll-midterms-affordability-politics-impact,-30,NA,-21.909530915535626,1.7334466665777938e-9
YouGov,The Economist,2026-05-01,2026-05-04,1573,A,36,58,https://d3nkl3psvxxpe9.cloudfront.net/documents/econTabReport_Zi1MEwp.pdf,-22,NA,-20.418619592022594,8.698584099846832e-10
Focaldata,Financial Times,2026-05-01,2026-05-05,3612,A,37,55,https://www.focaldata.com/blog/democrats-lead-economy-focaldata-financial-times-poll,-18,NA,-18.030159620686078,3.1893068244292113e-9
Harris Insights & Analytics,Forbes,2026-04-29,2026-05-05,2569,A,41,55,https://www.harrisx.com/posts/forbes-and-harrisx-partner-on-new-american-confidence-survey-as-gallup-ends-approval-polling,-14,NA,-20.192583623074647,1.9794734953848904e-9
RMG Research,Napolitan News Service,2026-04-29,2026-05-06,3000,RV,41,58,https://napolitannews.org/jobapproval,-17,NA,-26.71612267054178,1.8060768428310544e-9
AtlasIntel,NA,2026-05-04,2026-05-07,2069,A,39.5,59.8,https://www.atlasintel.org/poll/usa-national-2026-05-11,-20.299999999999997,NA,-20.95426592227495,1.0109803526301711e-08
Change Research,NA,2026-05-05,2026-05-10,2244,RV,43,56,https://portal.changeresearch.com/portal/projects/07dc6ff6-bb96-4bc5-a138-90b0ab3b22db,-13,NA,-16.602751958303585,3.756306740372848e-9
Morning Consult,NA,2026-05-08,2026-05-10,2200,RV,43.2,54.9,https://pro-assets.morningconsult.com/wp-uploads/2026/08/MCPI-PI-Weekly.html,-11.699999999999996,NA,-18.283187381741875,1.4907840501957115e-9
Ipsos,Reuters,2026-05-08,2026-05-11,1254,A,36,63,https://www.ipsos.com/en-us/two-thirds-say-rising-gas-prices-have-affected-their-household-finances,-27,NA,-22.503738843419193,2.3171888853950303e-9
YouGov,The Economist,2026-05-09,2026-05-11,1549,A,36,58,https://d3nkl3psvxxpe9.cloudfront.net/documents/econTabReport_ONiR6Nb.pdf,-22,NA,-20.418619592022594,1.8885358279257164e-9
RMG Research,Napolitan News Service,2026-05-05,2026-05-14,3000,RV,42,57,https://napolitannews.org/assets/pdfs/6a071302915bb-gcm26-0513-toplines-trump-job-approval.pdf,-15,NA,-24.71612267054178,4.449213586067011e-9
YouGov,CBS News,2026-05-13,2026-05-15,2064,A,37,63,https://www.cbsnews.com/news/cbs-news-poll-stress-uncertainty-economy-views-decline/,-26,NA,-24.418619592022594,3.434193000195771e-9
The New York Times/Siena College,NA,2026-05-11,2026-05-15,1507,RV,37,59,https://www.nytimes.com/2026/05/18/us/politics/poll-trump-republicans-midterms-iran.html,-22,NA,-22.10919310357569,1.5215599097398737e-8
Morning Consult,NA,2026-05-15,2026-05-17,2203,RV,42,55,https://intel.morningconsult.com/mc-content/trackers/donald-trump-congress-policy-republicans-polling,-13,NA,-19.58318738174188,3.2776354544133246e-9
AP-NORC,NA,2026-05-14,2026-05-18,1117,A,37,62,https://apnorc.org/projects/trump-approval-on-the-economy-remains-low/,-25,NA,-17.004000107549153,2.4145717487480423e-9
Impact Research/National Research,Wall Street Journal,2026-05-07,2026-05-18,2000,A,34,63,https://www.wsj.com/economy/americas-economic-anxiety-is-rising-up-the-income-ladder-d77b97d4,-29,NA,-28.854781883313898,3.730765006232245e-9
Ipsos,Reuters,2026-05-15,2026-05-18,1271,A,35,63,https://www.ipsos.com/en-us/americas-frustration-cost-living-continues-rise,-28,NA,-23.503738843419193,5.372974142806426e-9
YouGov,The Economist,2026-05-15,2026-05-18,1549,A,37,57,https://d3nkl3psvxxpe9.cloudfront.net/documents/econTabReport_YTE4G2g.pdf,-20,NA,-18.418619592022594,4.133830868501e-9
Beacon Research/Shaw & Co. Research,FOX News,2026-05-15,2026-05-18,1002,RV,39,61,https://www.foxnews.com/politics/fox-news-poll-economic-pain-deepens-disapproval-trump-hits-new-high,-22,NA,-23.517613132391368,1.1426112596453455e-8
Global Strategy Group/GBAO (Navigator Research),NA,2026-05-13,2026-05-18,1000,RV,39,59,https://navigatorresearch.org/low-awareness-high-stakes-views-on-the-recent-supreme-court-ruling-on-the-voting-rights-act/,-20,NA,-19.87255183186425,5.037237941253718e-9
Impact Research/National Research,The Wall Street Journal,2026-05-07,2026-05-18,1500,RV,41,57,https://www.wsj.com/politics/policy/trump-republican-congress-control-98a13bd9,-16,NA,-18.494527178862583,3.2309372709471326e-9
J.L. Partners,Daily Mail,2026-05-15,2026-05-18,1003,RV,43,57,https://www.dailymail.com/news/article-15828945/Voters-hand-Trump-brutal-reality-check-economy-latest-approval-rating-revealed.html,-14,NA,-21.636787342659026,1.0799132460292163e-8
Quinnipiac University,NA,2026-05-14,2026-05-18,1106,RV,34,58,https://poll.qu.edu/poll-release?releaseid=3959,-24,NA,-21.383255657968583,9.78425687442851e-9
Data For Progress,NA,2026-05-15,2026-05-18,1149,LV,43,56,https://www.dataforprogress.org/blog/2026/5/21/democrats-lead-the-generic-ballot-by-8-points-as-midterms-approach,-13,NA,-20.057115857720007,3.4632874614253147e-9
Echelon Insights,NA,2026-05-14,2026-05-18,1008,LV,40,59,https://echeloninsights.com/insights/may-2026-verified-voter-omnibus,-19,NA,-21.815194334249313,9.392025496796686e-9
Verasight,Strength In Numbers,2026-05-18,2026-05-19,1520,A,37,60,https://www.gelliottmorris.com/p/2026-05-26-may-strength-in-numbers-verasight-poll,-23,NA,-19.8865546354437,2.811249320509902e-9
American Research Group,NA,2026-05-16,2026-05-20,1100,A,31,64,https://americanresearchgroup.com/economy/,-33,NA,-23.04397718109052,2.6686582399605246e-9
Overton Insights,NA,2026-05-16,2026-05-20,1377,RV,32,58,https://overtoninsights.com/poll/overton-insights-poll-may-2026/,-26,NA,-24.63723252487153,6.676495942672042e-9
RMG Research,Napolitan News Service,2026-05-13,2026-05-21,3000,RV,42,57,https://napolitannews.org/jobapproval,-15,NA,-24.71612267054178,1.01040464324413e-8
Bedrock Polling,Third Way,2026-05-20,2026-05-24,1776,RV,40,55,https://www.thirdway.org/memo/americans-blame-the-government-for-high-health-costs-and-want-it-to-rein-in-the-industry,-15,NA,-20.279405937841908,1.1756533629349904e-8
Morning Consult,NA,2026-05-22,2026-05-24,2204,RV,43,54,https://intel.morningconsult.com/mc-content/trackers/donald-trump-congress-policy-republicans-polling,-11,NA,-17.58318738174188,7.208699335342926e-9
Emerson College,NA,2026-05-24,2026-05-25,1000,LV,39.3,55.2,https://emersoncollegepolling.com/may-2026-national-poll/,-15.900000000000006,NA,-21.992206279856774,2.2443783624001327e-8
Marquette University Law School,NA,2026-05-20,2026-05-26,1001,A,38,62,https://law.marquette.edu/poll/2026/06/03/detailed-results-of-the-marquette-law-school-supreme-court-poll-may-20-26-2026-national-issues/,-24,NA,-22.856934242538102,3.0566930402123964e-8
YouGov,The Economist,2026-05-22,2026-05-26,1520,A,34,59,https://d3nkl3psvxxpe9.cloudfront.net/documents/econTabReport_aWdgoE7.pdf,-25,NA,-23.418619592022594,1.0178482117083305e-8
RMG Research,Napolitan News Service,2026-05-18,2026-05-26,3000,RV,43,55,https://napolitannews.org/jobapproval,-12,NA,-21.71612267054178,1.7481978082510962e-8
YouGov,Pennsylvania State University McCourtney Institute for Democracy,2026-05-19,2026-05-26,826,RV,37,63,https://democracy.psu.edu/poll-report-archive/fewer-than-four-in-ten-americans-think-president-trump-is-doing-a-good-job/,-26,NA,-26.449220150545592,7.503281629412757e-9
TIPP Insights,Issues & Insights,2026-05-26,2026-05-28,1589,A,37,54,https://issuesinsights.com/2026/06/01/trumps-approval-ratings-remain-low-as-voters-fret-over-economy-inflation-ii-tipp-poll/,-17,NA,-21.56397686167287,4.6507620642339296e-8
Tavern Research,Searchlight Institute,2026-05-28,2026-05-29,1507,LV,39,58,https://www.searchlightinstitute.org/research/the-hidden-tax-on-blue-collar-workers-and-building-in-america/,-19,NA,-21.188018948776424,1.0818051551313801e-8
Harris Insights & Analytics,Harvard CAPS,2026-05-29,2026-05-31,1725,RV,43,53,https://harvardharrispoll.com/wp-content/uploads/2026/06/HHP_May2026_KeyResults.pdf,-10,NA,-18.223184181597645,3.182216046925319e-8
Morning Consult,NA,2026-05-29,2026-05-31,2200,RV,43,55,https://pro-assets.morningconsult.com/wp-uploads/2026/06/MCPI-PI-Weekly_260609.html,-12,NA,-18.58318738174188,1.5850300256690538e-8
Focaldata,Financial Times,2026-05-29,2026-06-01,1719,A,37,56,https://www.focaldata.com/blog/trump-inflation-approval-crashes-to-record-low,-19,NA,-19.030159620686078,4.749300637464555e-8
YouGov,The Economist,2026-05-29,2026-06-01,1604,A,35,61,https://d3nkl3psvxxpe9.cloudfront.net/documents/econTabReport_AvLU7vY.pdf,-26,NA,-24.418619592022594,2.0544599285957427e-8
The Bullfinch Group,NA,2026-05-29,2026-06-02,1200,A,41,55,https://www.thebullfinchgroup.com/post/public-release-of-bullfinch-q2-nationwide-survey-4,-14,NA,-15.33507032698843,1.496784351231258e-8
The Winston Group,Winning the Issues,2026-05-30,2026-06-02,1000,RV,37,58,https://www.winningtheissues.org/2026/06/13/may-2026-winning-the-issues-survey/,-21,REP,-18.54784446067199,6.421420437465172e-8
Quantus Insights,NA,2026-06-01,2026-06-02,1050,LV,42,56.3,https://quantusinsights.org/f/quantus-insights-trump-underwater-democrats-hold-edge,-14.299999999999997,NA,-20.86484474221983,9.900297899127657e-9
The Argument/Verasight,NA,2026-05-29,2026-06-03,3008,RV,38,61,https://www.theargumentmag.com/p/the-biggest-issue-in-american-politics,-23,NA,-22.58545543105307,2.644396505339688e-8
OH Predictive Insights,Center Square,2026-06-01,2026-06-04,2585,RV,40,58,https://www.thecentersquare.com/national/article_068f34af-cac1-4328-b582-915d04044322.html,-18,NA,-23.181534751761312,1.5612124209054748e-7
RMG Research,Napolitan News Service,2026-05-26,2026-06-04,3000,RV,44,55,https://napolitannews.org/jobapproval,-11,NA,-20.71612267054178,4.825849700792507e-8
Clarity Campaign Labs,NA,2026-05-28,2026-06-05,1045,LV,40,58,https://www.claritycampaigns.com/clarity-omnibus-2026-may,-18,NA,-22.80381927390036,7.671658156721261e-8
Research Co.,NA,2026-06-04,2026-06-06,1001,A,38,57,https://researchco.ca/2026/06/15/uspoli-june2026/,-19,NA,-19.611398666081485,1.5142927844457062e-7
Harris Insights & Analytics,Forbes,2026-05-20,2026-06-07,2010,A,41,55,https://www.harrisx.com/content/forbes-harrisx-american-confidence-tracker-june-2026,-14,NA,-19.578390731568845,7.400592202095744e-8
Hart Research Associates/Public Opinion Strategies,NBC News | More Perfect,2026-05-29,2026-06-07,3000,A,39,58,https://www.nbcnews.com/politics/2026-election/poll-democrats-maintain-edge-fight-congress-trump-gets-poor-marks-rcna348913,-19,NA,-20.495801320108164,2.0464015266286353e-7
Ipsos,Reuters,2026-06-03,2026-06-08,4531,A,35,63,https://www.reuters.com/business/energy/trump-approval-stays-near-record-low-most-americans-expect-higher-gas-prices-2026-06-08/,-28,NA,-23.503738843419193,1.0957523258911783e-7
YouGov,The Economist,2026-06-05,2026-06-08,1568,A,35,60,https://d3nkl3psvxxpe9.cloudfront.net/documents/econTabReport_nvajahp.pdf,-25,NA,-23.418619592022594,4.4565521101987035e-8
Global Strategy Group/GBAO (Navigator Research),NA,2026-06-04,2026-06-08,1000,RV,40,58,https://navigatorresearch.org/trumps-ballroom-and-other-recent-actions-lead-americans-to-believe-hes-focused-on-the-wrong-things/,-18,NA,-17.87255183186425,5.440838822241199e-8
Morning Consult,NA,2026-06-06,2026-06-08,2200,RV,44,54,https://pro-assets.morningconsult.com/wp-uploads/2026/06/MCPI-PI-Weekly_260609.html,-10,NA,-16.58318738174188,3.9878989506021045e-8
Emerson College,NA,2026-06-07,2026-06-08,1200,LV,39.4,54.6,https://emersoncollegepolling.com/june-2026/,-15.200000000000003,NA,-21.29220627985677,1.1411779269529547e-7
Marist College,NPR | PBS News,2026-06-08,2026-06-11,1340,A,39,59,https://maristpoll.marist.edu/polls/its-trumps-economy-and-americans-are-not-impressed-june-2026/,-20,NA,-18.723997054182732,2.508926526352842e-7
RMG Research,Napolitan News Service,2026-06-03,2026-06-11,3000,RV,42,56,https://napolitannews.org/jobapproval,-14,NA,-23.71612267054178,1.1068428306255393e-7
The AI Policy Institute,NA,2026-06-10,2026-06-11,1007,LV,40,57,https://theaipi.org/poll-ai-safety-majority/,-17,NA,-20.619184246229587,6.371114382709416e-8
Echelon Insights,NA,2026-06-11,2026-06-14,1012,LV,40,59,https://echeloninsights.com/insights/june-2026-verified-voter-omnibus,-19,NA,-21.815194334249313,1.9903257503231486e-7
Ipsos,Reuters,2026-06-12,2026-06-15,1537,A,36,62,https://www.ipsos.com/en-us/reutersipsos-june-2026-poll-0,-26,NA,-21.503738843419193,1.3749459850257403e-7
Marquette University Law School,NA,2026-06-09,2026-06-15,1514,A,38,62,https://law.marquette.edu/poll/2026/06/24/detailed-results-of-the-marquette-law-school-supreme-court-poll-july-9-15-2026/,-24,NA,-22.856934242538102,3.889986083605056e-7
YouGov,The Economist,2026-06-13,2026-06-15,1549,A,39,56,https://d3nkl3psvxxpe9.cloudfront.net/documents/econTabReport_GpnDRNm.pdf,-17,NA,-15.418619592022594,9.917378301555367e-8
Beacon Research/Shaw & Co. Research,FOX News,2026-06-12,2026-06-15,1002,RV,39,60,https://www.foxnews.com/politics/fox-news-poll-most-rate-economy-negatively-including-half-republicans,-21,NA,-22.517613132391368,2.8425047628437617e-7
Morning Consult,NA,2026-06-12,2026-06-15,2200,RV,43.1,53.4,https://pro-assets.morningconsult.com/wp-uploads/2026/06/MCPI-PI-Weekly_260622.html,-10.299999999999997,NA,-16.883187381741877,8.803839734902877e-8
The Bullfinch Group,The Independent Center,2026-06-12,2026-06-16,1200,A,40,56,https://independentcentervoice.com/insights/the-local-antidote-how-stepping-away-from-national-screens-unites-americans,-16,NA,-17.426317370538868,6.947457531001346e-8
AP-NORC,NA,2026-06-11,2026-06-17,3040,A,37,62,https://apnorc.org/projects/trumps-overall-approval-rating-is-steady/?doing_wp_cron=1781890416.8100750446319580078125,-25,NA,-17.004000107549153,1.2339316873976078e-7
Change Research,NA,2026-06-10,2026-06-17,1714,RV,39,60,https://portal.changeresearch.com/portal/projects/92fca10b-bc07-4b9c-9d7b-f281ec087a74,-21,NA,-24.602751958303585,2.4448274320568165e-7
Quantus Insights,NA,2026-06-16,2026-06-17,1000,LV,43,56,https://quantusinsights.org/f/new-survey-trump-approval-lags-as-voters-weigh-2026-midterms,-13,NA,-19.564844742219833,5.481885376960169e-8
RMG Research,Napolitan News Service,2026-06-10,2026-06-18,3000,RV,43,55,https://napolitannews.org/jobapproval,-12,NA,-21.71612267054178,2.3846205907127447e-7
YouGov,CBS News,2026-06-17,2026-06-19,2519,A,38,62,https://www.cbsnews.com/news/opinion-poll-iran-war/,-24,NA,-22.418619592022594,2.001362825482413e-7
American Research Group,NA,2026-06-16,2026-06-20,1100,A,30,66,https://americanresearchgroup.com/economy/,-36,NA,-26.04397718109052,8.931788741332354e-8
J.L. Partners,Daily Mail,2026-06-19,2026-06-21,1040,RV,47,53,https://www.dailymail.com/news/article-15921233/trump-approval-bounces-iran-deal.html,-6,NA,-13.636787342659026,5.602067274454266e-7
Data For Progress,NA,2026-05-15,2026-06-21,5809,LV,43,56,https://www.dataforprogress.org/blog/2026/7/9/midterms-swing-voter-report-1,-13,NA,-20.355644887607433,4.249874890105222e-7
Ipsos,Reuters,2026-06-18,2026-06-22,1262,A,34,64,https://www.ipsos.com/en-us/few-expect-us-iran-preliminary-agreement-bring-lasting-peace,-30,NA,-25.503738843419193,2.68418048287786e-7
Verasight,Strength In Numbers,2026-06-17,2026-06-22,2087,A,37,60,https://www.gelliottmorris.com/p/2026-06-24-june-strength-in-numbers-verasight-poll,-23,NA,-19.8865546354437,1.531938813177237e-7
YouGov,The Economist,2026-06-19,2026-06-22,1679,A,36,58,https://d3nkl3psvxxpe9.cloudfront.net/documents/econTabReport_v8p0Pe8.pdf,-22,NA,-20.418619592022594,2.270357434381988e-7
Morning Consult,NA,2026-06-19,2026-06-22,2200,RV,43.1,54.3,https://pro-assets.morningconsult.com/wp-uploads/2026/06/MCPI-PI-Weekly_260622.html,-11.199999999999996,NA,-17.783187381741875,1.8967297730355888e-7
Quinnipiac University,NA,2026-06-18,2026-06-22,1165,RV,38,55,https://poll.qu.edu/poll-release?releaseid=3961,-17,NA,-14.383255657968583,5.211166129008131e-7
Echelon Insights,NA,2026-06-18,2026-06-22,1003,LV,41,58,https://echeloninsights.com/insights/june-2026-america-250-verified-voter-omnibus,-17,NA,-19.815194334249313,4.7636160849746194e-7
YouGov,Winthrop University Center for Public Opinion & Policy Research,2026-06-18,2026-06-23,2150,A,34,59,https://www.winthrop.edu/winthroppoll/2026-july-winthroppoll-results.aspx,-25,NA,-23.418619592022594,2.928524544013398e-7
RMG Research,NA,2026-06-15,2026-06-23,3000,RV,43,55,https://napolitannews.org/jobapproval,-12,NA,-21.71612267054178,4.2706712313241207e-7
Morning Consult,Cato Institute,2026-06-25,2026-06-26,2253,A,41,47,https://www.cato.org/blog/new-poll-nearly-half-americans-dont-know-what-americas-250th-celebrating,-6,NA,-10.552586823218881,3.053437990102126e-7
Tavern Research,Zeteo | Searchlight Institute,2026-06-24,2026-06-26,1493,LV,40,57,https://zeteo.com/p/medicare-for-all-poll-searchlight-institute,-17,NA,-19.188018948776424,2.84119660610816e-7
AlphaROC,The Independent Center,2026-06-27,2026-06-28,1000,A,40.2,56.2,https://independentcentervoice.com/insights/june-2026-national-survey-on-independent-candidates,-16,NA,-18.20683507556963,2.0473612572762234e-7
Morning Consult,NA,2026-06-26,2026-06-28,2202,RV,43,55,https://drive.google.com/file/d/1r9X_-vXE-Kkv1lXR5cu1KtWd-LAEMSJW/view,-12,NA,-18.58318738174188,3.758852303854046e-7
YouGov,The Economist,2026-06-26,2026-06-29,1606,A,38,58,https://d3nkl3psvxxpe9.cloudfront.net/documents/econTabReport_1tbbxVr.pdf,-20,NA,-18.418619592022594,4.886711436766616e-7
Focaldata,Financial Times,2026-06-26,2026-06-30,2016,A,34,57,https://www.focaldata.com/blog/ossoffism-and-the-gops-elite-problem,-23,NA,-22.93891257713564,1.4277715921454436e-6
Global Strategy Group/GBAO (Navigator Research),NA,2026-06-25,2026-06-30,1000,RV,39,60,https://navigatorresearch.org/war-with-iran-remains-unpopular-at-home/,-21,NA,-20.87255183186425,6.650825164340322e-7
Talker Research,Scripps News,2026-06-25,2026-07-02,2000,RV,45,46,https://www.scrippsnews.com/politics/scripps-news-poll-americans-excited-to-celebrate-july-4-but-divided-on-trumps-role,-1,NA,-13.961561655837912,8.978745561166572e-7
Zogby Analytics,NA,2026-07-01,2026-07-04,1003,LV,41.5,57.1,https://zogbyanalytics.com/news/1243-the-zogby-poll-r-latest-likely-voter-survey-results-2,-15.600000000000001,NA,-19.933917445331396,2.7159123677706346e-6
YouGov,The Economist,2026-07-03,2026-07-06,1603,A,35,61,https://d3nkl3psvxxpe9.cloudfront.net/documents/econTabReport_Qxo6bev.pdf,-26,NA,-24.418619592022594,1.1007743194368505e-6
Morning Consult,NA,2026-07-03,2026-07-06,2200,RV,44.7,52.5,https://pro-assets.morningconsult.com/wp-uploads/2026/07/MCPI-PI-Weekly_260706.html,-7.799999999999997,NA,-14.383187381741877,9.280061905795359e-7
Manhattan Institute,NA,2026-07-01,2026-07-06,1121,LV,44,54,https://manhattan.institute/article/american-attitudes-on-welfare-waste-crime-and-the-political-environment,-10,NA,-17.247403682628615,1.0422686228692155e-6
Harris Insights & Analytics,2Way,2026-07-06,2026-07-07,1008,RV,43,54,https://www.harrisx.com/content/harrisx-2way-world-cup-red-card-controversy,-11,NA,-19.223184181597645,1.6635434838916378e-6
Quantus Insights,NA,2026-07-03,2026-07-07,1140,LV,43.3,54.5,https://quantusinsights.org/polling/f/trump-approval-and-wrong-track-majority-gives-democrats-2026-edge,-11.200000000000003,NA,-18.496927146580234,5.864329107268831e-7
Harris Insights & Analytics,2Way,2026-07-09,2026-07-10,1019,RV,42,56,https://www.youtube.com/watch?v=Qe1LGjG3s5A,-14,NA,-22.223184181597645,2.3240642293042606e-6
Pew Research Center,NA,2026-07-06,2026-07-12,3554,A,34,64,https://www.pewresearch.org/politics/2026/07/23/as-the-2026-midterms-approach-economy-is-front-and-center/,-30,NA,-23.463627085637057,1.5286695799659364e-5
Harris Insights & Analytics,Harvard CAPS,2026-07-11,2026-07-12,1776,RV,42,54,https://harvardharrispoll.com/wp-content/uploads/2026/07/HHP_Jul2026_KeyResults.pdf,-12,NA,-20.223184181597645,3.82050357385636e-6
Hart Research Associates/Public Opinion Strategies,CNBC,2026-07-08,2026-07-12,1000,RV,40,59,https://www.cnbc.com/2026/07/17/democratic-socialists-top-maga-candidates-all-america-poll.html,-19,NA,-23.13554661565685,6.7164922808042696e-6
Ipsos,The Washington Post,2026-07-08,2026-07-13,2648,A,37,61,https://www.washingtonpost.com/politics/2026/07/16/trump-approval-stuck-30s-post-ipsos-poll-shows/,-24,NA,-19.503738843419193,4.489628388367762e-6
YouGov,The Economist,2026-07-10,2026-07-13,1616,A,37,59,https://d3nkl3psvxxpe9.cloudfront.net/documents/econTabReport_ie0SzVb.pdf,-22,NA,-20.418619592022594,2.5033316277190737e-6
Morning Consult,NA,2026-07-10,2026-07-13,2200,RV,45,52,https://drive.google.com/file/d/1cggsijQl76RMmlpuDL991Z3uyHfXfiZh/view,-7,NA,-13.58318738174188,2.1901548900841496e-6
Echelon Insights,NA,2026-07-09,2026-07-13,1004,LV,38,61,https://echeloninsights.com/insights/july-2026-verified-voter-omnibus-1,-23,NA,-25.815194334249313,6.152866861707208e-6
AlphaROC,The Independent Center,2026-07-13,2026-07-14,1000,A,38.5,57.4,https://independentcentervoice.com/insights/republicans-move-sharply-toward-independents-and-the-overall-market-holds,-18.9,NA,-21.106835075569627,1.3663709214834924e-6
RMG Research,Napolitan News Service,2026-07-06,2026-07-14,2000,RV,44,53,https://napolitannews.org/jobapproval,-9,NA,-18.71612267054178,3.93385352537188e-6
Verasight,Strength In Numbers,2026-07-14,2026-07-17,1514,A,38,59,https://www.gelliottmorris.com/p/2026-07-21-july-strength-in-numbers-verasight-poll,-21,NA,-17.8865546354437,2.336085272149073e-6
Change Research,NA,2026-07-13,2026-07-17,2006,RV,40,58,https://portal.changeresearch.com/portal/projects/0bc92362-5cbd-4cb3-9ec4-8690c0780aad,-18,NA,-21.602751958303585,8.690110995217098e-6
Morning Consult,NA,2026-07-17,2026-07-19,2200,RV,44,53,https://drive.google.com/file/d/1ScxP9BFh2WgpxNaL2PSkQcHn4I877sXi/view,-9,NA,-15.58318738174188,4.22852707218801e-6
American Research Group,NA,2026-07-16,2026-07-20,1100,A,30,67,https://americanresearchgroup.com/economy/,-37,NA,-27.04397718109052,2.766809379492901e-6
YouGov,The Economist,2026-07-17,2026-07-20,1602,A,36,60,https://d3nkl3psvxxpe9.cloudfront.net/documents/econTabReport_ESdiNMa.pdf,-24,NA,-22.418619592022594,5.51699823853402e-6
Beacon Research/Shaw & Co. Research,FOX News,2026-07-17,2026-07-20,1003,RV,39,61,https://www.foxnews.com/politics/fox-news-poll-voters-want-major-change-amid-economic-political-discontent,-22,NA,-23.517613132391368,1.6167024743284268e-5
J.L. Partners,Daily Mail,2026-07-17,2026-07-20,1021,RV,44,56,https://www.dailymail.com/news/us-politics/article-15991575/americans-brutal-verdict-trump-iran-war.html,-12,NA,-19.636787342659026,1.8871738067573824e-5
Survey 160,NA,2026-07-14,2026-07-20,1518,RV,37,62,https://www.survey160.com/methodological-research-blog/july-2026-survey-160-tracking-poll,-25,NA,-20.424162048903057,5.629624263638075e-6
Emerson College,NA,2026-07-19,2026-07-20,1100,LV,39.2,56.7,https://emersoncollegepolling.com/july-2026-national-poll-democrats-with-11-point-generic-ballot-advantage/,-17.5,NA,-23.592206279856768,1.410533669229245e-5
RMG Research,Napolitan News Service,2026-07-13,2026-07-21,3000,RV,46,52,https://napolitannews.org/jobapproval,-6,NA,-15.716122670541779,1.0379995089429037e-5
Clarity Campaign Labs,NA,2026-07-17,2026-07-22,1000,LV,42,58,https://www.claritycampaigns.com/clarity-omnibus-2026-july,-16,NA,-20.80381927390036,1.590274024178661e-5
YouGov,CBS News,2026-07-22,2026-07-24,2193,A,39,61,https://www.cbsnews.com/news/iran-conflict-trump-opinion-poll/,-22,NA,-20.418619592022594,1.0298616533580205e-5
Ipsos,Reuters,2026-07-24,2026-07-26,1248,A,37,60,https://www.ipsos.com/en-us/americans-unimpressed-ideas-both-major-parties,-23,NA,-18.503738843419193,1.282053996364228e-5
Morning Consult,NA,2026-07-24,2026-07-26,2200,RV,45.2,51.9,https://pro-assets.morningconsult.com/wp-uploads/2026/07/MCPI-PI-Weekly_260727.html,-6.699999999999996,NA,-13.283187381741875,9.429834278295537e-6
The Argument/Verasight,NA,2026-07-20,2026-07-26,3000,RV,39,60,https://www.theargumentmag.com/p/americans-know-who-the-real-elite,-21,NA,-20.58545543105307,1.080446928679454e-5
AP-NORC,NA,2026-07-23,2026-07-27,1165,A,33,66,https://apnorc.org/projects/most-say-the-war-with-iran-is-not-worth-fighting/,-33,NA,-25.004000107549153,7.513197792534271e-6
SSRS,CNN,2026-07-23,2026-07-27,1225,A,34,66,https://www.cnn.com/2026/07/29/politics/cnn-poll-donald-trump-midterms-polls-iran-war,-32,NA,-23.909530915535626,1.9192137286523985e-5
YouGov,The Economist,2026-07-25,2026-07-27,1559,A,34,62,https://d3nkl3psvxxpe9.cloudfront.net/documents/econTabReport_0t0YpHo.pdf,-28,NA,-26.418619592022594,1.2065345762513417e-5
Global Strategy Group/GBAO (Navigator Research),NA,2026-07-23,2026-07-27,1000,RV,37,62,https://navigatorresearch.org/wp-content/uploads/2026/07/Navigator-July-1-Topline-D07.27.26-PR.pdf,-25,NA,-24.87255183186425,1.4356375979174189e-5
Quinnipiac University,NA,2026-07-23,2026-07-27,963,RV,32,58,https://poll.qu.edu/poll-release?releaseid=3964,-26,NA,-23.383255657968583,2.539341640194618e-5
Marquette University Law School,NA,2026-07-22,2026-07-29,1076,A,40,60,https://law.marquette.edu/poll/2026/08/05/detailed-results-of-the-marquette-law-school-supreme-court-poll-july-22-29-2026/,-20,NA,-18.856934242538102,5.001208613586498e-5
RMG Research,Napolitan News Service,2026-07-27,2026-07-29,2000,RV,43,55,https://napolitannews.org/jobapproval,-12,NA,-21.71612267054178,2.1369789393194344e-5
TIPP Insights,Issues & Insights,2026-07-28,2026-08-01,1463,A,38,52,https://issuesinsights.com/2026/08/03/is-trumps-flat-voter-favorability-in-august-bad-news-for-gops-midterm-hopes-ii-tipp-poll/,-14,NA,-18.56397686167287,6.416405454202448e-5
Morning Consult,NA,2026-07-31,2026-08-02,2200,RV,42.8,53.6,https://pro-assets.morningconsult.com/wp-uploads/2026/08/MCPI-PI-Weekly.html,-10.800000000000004,NA,-17.383187381741884,2.1082870223562697e-5
Ipsos,Reuters,2026-07-29,2026-08-03,4505,A,35,63,https://www.ipsos.com/en-us/reutersipsos-august-2026-poll,-28,NA,-23.503738843419193,6.211193567523539e-5
YouGov,The Economist,2026-07-31,2026-08-03,1609,A,36,60,https://d3nkl3psvxxpe9.cloudfront.net/documents/econTabReport_mjKhx0z.pdf,-24,NA,-22.418619592022594,2.722027693660468e-5
RMG Research,Napolitan News Service,2026-07-27,2026-08-04,3000,RV,43,55,https://napolitannews.org/jobapproval,-12,NA,-21.71612267054178,5.053126346380353e-5
Quantus Insights,NA,2026-08-03,2026-08-04,1048,LV,41.5,57.1,https://quantusinsights.org/polling/f/latest-survey-democrats-hold-the-midterm-edge,-15.600000000000001,NA,-22.164844742219827,1.3987794789884785e-5
John Zogby Strategies,NA,2026-08-04,2026-08-05,1000,LV,38,59,https://johnzogbystrategies.com/lowest-trump-approval-ratings-maga-numbers-spell-major-trouble-for-midterm-prospects/,-21,NA,-26.33989851628189,6.406233901747347e-5
Morning Consult,NA,2026-08-07,2026-08-09,2200,RV,43,55,https://x.com/cjwarnke/status/2086897902832451893?s=20,-12,NA,-18.58318738174188,4.727636989055277e-5
AlphaROC,The Independent Center,2026-08-08,2026-08-10,1000,A,39.5,55.9,https://independentcentervoice.com/insights/august-2026-national-survey-on-independent-candidates-and-the-2026-midterms-wave-3,-16.4,NA,-18.606835075569627,3.2309372709471316e-5
YouGov,The Economist,2026-08-07,2026-08-10,1589,A,33,62,https://d3nkl3psvxxpe9.cloudfront.net/documents/econTabReport_pKJG0WT.pdf,-29,NA,-27.418619592022594,6.230254287659965e-5
Angus Reid Global,NA,2026-08-06,2026-08-11,1525,A,34,58,https://angusreid.org/trump-approval-august-2026/,-24,NA,-20.554264346129067,1.7506368168182445e-4
Angus Reid Global,NA,2026-08-08,2026-08-11,1525,A,34,59,https://angusreid.us/congressional-generic-ballot-democrats-lead-53-43/,-25,NA,-21.554264346129067,1.7506368168182445e-4
Focaldata,Financial Times,2026-08-07,2026-08-11,2152,A,35,55,https://www.focaldata.com/blog/democrats-maintain-lead-three-months-out-from-midterms,-20,NA,-20.030159620686078,1.8066758354545664e-4
RMG Research,Napolitan News Service,2026-08-03,2026-08-11,2000,RV,42,55,https://napolitannews.org/jobapproval,-13,NA,-22.71612267054178,9.369719860717127e-5
Change Research,NA,2026-08-08,2026-08-13,2045,RV,39,58,https://portal.changeresearch.com/portal/projects/ad428f27-5089-4ecb-92b8-4720d909efaa,-19,NA,-22.602751958303585,2.3957185682317459e-4
Morning Consult,NA,2026-08-14,2026-08-16,2200,RV,42.9,53.9,https://pro-assets.morningconsult.com/wp-uploads/2026/08/MCPI-PI-Weekly.html,-11,NA,-17.58318738174188,1.063828781176594e-4
Morning Consult,Cato Institute,2026-08-13,2026-08-16,4150,RV,42,54,https://www.cato.org/blog/75-americans-say-tariffs-will-be-important-their-vote-midterms,-12,NA,-18.58318738174188,1.46111514915331e-4
OH Predictive Insights,Center Square,2026-08-12,2026-08-16,2533,RV,42,56,https://www.thecentersquare.com/polls/,-14,NA,-19.181534751761312,6.542666643397633e-4
Ipsos,Reuters,2026-08-14,2026-08-17,1166,A,33,64,https://www.reuters.com/data/trumps-approval-rating-2025-01-21/,-31,NA,-26.503738843419193,1.5679766163603656e-4
Leger,NA,2026-08-15,2026-08-17,1010,A,37,54,https://leger360.com/in-the-news-canada-us-trade-negotiations-august-2026/,-17,NA,-17.243734124119385,4.142587257724947e-4
The Bullfinch Group,NA,2026-08-14,2026-08-17,1200,A,40,56,https://www.thebullfinchgroup.com/post/public-release-of-bullfinch-q3-nationwide-survey-4,-16,NA,-17.33507032698843,1.0783692129213705e-4
YouGov,The Economist,2026-08-14,2026-08-17,1611,A,35,61,https://d3nkl3psvxxpe9.cloudfront.net/documents/econTabReport_ZMy1Zxu.pdf,-26,NA,-24.418619592022594,1.4025465019554395e-4
RMG Research,Napolitan News Service,2026-08-10,2026-08-17,2000,RV,42,55,https://napolitannews.org/jobapproval,-13,NA,-22.71612267054178,1.9187445238118525e-4
Echelon Insights,NA,2026-08-13,2026-08-17,1002,LV,40,59,https://echeloninsights.com/insights/august-2026-verified-voter-omnibus,-19,NA,-21.815194334249313,3.494272886059735e-4
Emerson College,NA,2026-08-16,2026-08-17,1000,LV,39.5,55.8,https://emersoncollegepolling.com/august-2026-national-poll/,-16.299999999999997,NA,-21.896124447649576,3.5486737781916184e-4
Public Policy Polling,Protect Our Care | 314 Action (hybrid PAC),2026-08-17,2026-08-18,525,RV,39,56,https://www.protectourcare.org/poll-finds-trumps-anti-vax-executive-order-not-just-deadly-to-kids-but-to-gops-political-ambitions/,-17,DEM,-20.148806803301603,2.7050229727726356e-4
American Research Group,NA,2026-08-15,2026-08-19,1100,A,30,66,https://americanresearchgroup.com/economy/,-36,NA,-26.04397718109052,9.090678469556416e-5
Verasight,Strength In Numbers,2026-08-14,2026-08-19,1514,A,37,60,https://www.gelliottmorris.com/p/2026-08-25-august-strength-in-numbers-verasight-poll-release,-23,NA,-19.8865546354437,1.0665049914463635e-4
Ipsos,Reuters,2026-08-21,2026-08-24,1215,A,33,65,https://www.ipsos.com/en-us/americans-continue-expect-extended-us-military-involvement-iran,-32,NA,-27.503738843419193,3.7246474663938517e-4
YouGov,The Economist,2026-08-21,2026-08-24,1536,A,36,57,https://d3nkl3psvxxpe9.cloudfront.net/documents/econTabReport_v7iliA1.pdf,-21,NA,-19.418619592022594,3.070997716141971e-4
Global Strategy Group/GBAO (Navigator Research),NA,2026-08-21,2026-08-24,1000,RV,39,60,https://navigatorresearch.org/views-on-voting-by-mail-in-the-wake-of-scotus-decision/,-21,NA,-20.87255183186425,3.571474265941051e-4
Morning Consult,NA,2026-08-21,2026-08-24,2207,RV,43.12,54.18,https://share.mcpidata.dev/press,-11.060000000000002,NA,-17.643187381741882,2.831972492634239e-4
RMG Research,Napolitan News Service,2026-08-17,2026-08-25,2000,RV,45,52,https://napolitannews.org/jobapproval,-7,NA,-16.71612267054178,4.931346370050741e-4
University of Massachusetts (Amherst),NA,2026-08-21,2026-08-26,1000,A,32,64,https://www.wcvb.com/article/trump-iran-umass-poll/73562411,-32,NA,-25.758836469837647,8.569451104307474e-4
TIPP Insights,Issues & Insights,2026-08-25,2026-08-28,1461,A,38,52,https://issuesinsights.com/2026/08/31/trumps-voter-approval-stays-strong-with-gop-but-weakens-with-indie-voters-ii-tipp-poll/,-14,NA,-18.56397686167287,0.0015161936012363447
Quantus Insights,NA,2026-08-26,2026-08-28,1200,LV,41.9,56.7,https://quantusinsights.org/polling/f/new-survey-democrats-hold-the-midterm-advantage,-14.800000000000004,NA,-21.128283099796363,2.5471939021728105e-4
Harris Insights & Analytics,Harvard CAPS,2026-08-28,2026-08-30,2100,RV,44,52,https://harvardharrispoll.com/assets/uploads/2026/08/HHP_Aug2026_KeyResults.pdf,-8,NA,-16.223184181597645,0.0014151814086931281
Morning Consult,NA,2026-08-28,2026-08-30,2200,RV,41,55,https://drive.google.com/file/d/1mz53nbxVmkDaSt2l6gfcGff3hiOikKPJ/view,-14,NA,-20.58318738174188,5.459004976523788e-4
Ipsos,Reuters,2026-08-28,2026-08-31,1167,A,33,63,https://www.ipsos.com/en-us/cost-living-remains-top-mind-voters-heading-2026-midterms,-30,NA,-25.503738843419193,7.864403647468053e-4
YouGov,The Economist,2026-08-28,2026-08-31,1592,A,36,60,https://d3nkl3psvxxpe9.cloudfront.net/documents/econTabReport_yVe1kKt.pdf,-24,NA,-22.418619592022594,7.035306636873739e-4
SurveyMonkey,NBC News,2026-08-20,2026-09-01,7105,A,36,64,https://www.nbcnews.com/politics/trump-administration/poll-cracks-emerge-gop-support-trump-handling-iran-war-rcna596068,-28,NA,-24.41274816769696,0.0011401121498150178
RMG Research,Napolitan News Service,2026-08-24,2026-09-01,2000,RV,46,52,https://x.com/NapolitanNews/status/2095874529000075595,-6,NA,-15.716122670541779,0.0012570798323216024
YouGov,Bowling Green State University Democracy and Public Policy Research Network,2026-08-25,2026-09-01,1200,LV,40,60,https://scholarworks.bgsu.edu/cgi/viewcontent.cgi?article=1024&context=depo,-20,NA,-20.643051502108847,7.148542649784071e-4
Focaldata,Financial Times,2026-08-28,2026-09-02,2180,A,32,59,https://www.focaldata.com/blog/trump-approval-hits-record-low-as-democrats-extend-house-lead,-27,NA,-27.030159620686078,0.0028696002044027035
Morning Consult,NA,2026-09-04,2026-09-06,2201,RV,42,55,https://drive.google.com/file/d/1tRrQzrZUZ4MZJ953Ir3hf8vSZx0vuHlv/view,-13,NA,-19.58318738174188,0.001333883004648713
Quinnipiac University,NA,2026-09-03,2026-09-06,970,RV,33,59,https://poll.qu.edu/poll-release?releaseid=3965,-26,NA,-23.383255657968583,0.0027971801637974394
YouGov,The Economist,2026-09-04,2026-09-08,1469,RV,37,61,https://d3nkl3psvxxpe9.cloudfront.net/documents/econTabReport_HGAKAIQ.pdf,-24,NA,-24.449220150545592,0.001796180040442113
Marquette University Law School,NA,2026-09-02,2026-09-09,1023,A,37,63,https://law.marquette.edu/poll/2026/09/15/detailed-results-of-the-marquette-law-school-supreme-court-poll-september-2-9-2026/,-26,NA,-24.856934242538102,0.006896387396954537
RMG Research,Napolitan News Service,2026-08-31,2026-09-09,2000,RV,44,54,https://napolitannews.org/jobapproval,-10,NA,-19.71612267054178,0.003378860380030084
YouGov,CBS News,2026-09-08,2026-09-11,2460,A,39,61,https://www.cbsnews.com/news/poll-trump-battleground-tracker-house-control-2026-midterm-elections/,-22,NA,-20.418619592022594,0.0032297110145024267
Morning Consult,NA,2026-09-11,2026-09-13,2203,RV,42,56,https://data.ddhq.io/polls/2026/09/14/Morning-Consult-National,-14,NA,-20.58318738174188,0.0031054296452313977
The New York Times/Siena College,NA,2026-09-08,2026-09-13,1503,RV,37,59,https://www.nytimes.com/2026/09/15/us/politics/trump-midterm-election-poll.html,-22,NA,-22.10919310357569,0.012420288413209453
Ipsos,Reuters,2026-09-11,2026-09-14,1143,A,35,62,https://www.ipsos.com/en-us/reutersipsos-september-2026-survey,-27,NA,-22.503738843419193,0.00442451609546437
Beacon Research/Shaw & Co. Research,FOX News,2026-09-11,2026-09-14,1211,RV,39,61,https://www.foxnews.com/politics/fox-news-poll-squeezed-costs-frustrated-voters-turn-democrats,-22,NA,-23.517613132391368,0.011660934947021123
Global Strategy Group/GBAO (Navigator Research),NA,2026-09-10,2026-09-14,1000,RV,38,61,https://navigatorresearch.org/chatbot-curious-data-center-skeptical/,-23,NA,-22.87255183186425,0.00437414479051834
The Rainey Center,NA,2026-09-10,2026-09-14,1004,RV,41,59,https://www.raineycenter.org/polling/september-policy-survey-summary-of-findings,-18,NA,-22.063245935264305,0.0021250886273366924
YouGov,The Economist,2026-09-11,2026-09-14,1461,RV,40,58,https://d3nkl3psvxxpe9.cloudfront.net/documents/econTabReport_ZmVljW6.pdf,-18,NA,-18.449220150545592,0.003458424999650409
Emerson College/RealClear Opinion Research,Unite America (hybrid PAC),2026-09-12,2026-09-15,1500,RV,34,54,https://www.uniteamerica.org/articles/new-poll-voters-say-primaries-reward-partisan-bases-sideline-ordinary-voters,-20,NA,-22.560852481047043,0.002898510432591265
Hart Research Associates/Public Opinion Strategies,NBC News,2026-09-11,2026-09-15,1000,RV,41,56,https://www.nbcnews.com/politics/2026-election/poll-voters-say-trump-hurt-economy-competitive-midterm-election-looms-rcna597868,-15,NA,-18.526401878631162,0.011827572341575988
Marist College,NPR | PBS NewsHour,2026-09-14,2026-09-15,1280,RV,39,59,https://maristpoll.marist.edu/polls/2026-midterm-elections-september-2026/,-20,NA,-20.75459761270573,0.01292659368704155
The Winston Group,Winning the Issues,2026-09-12,2026-09-16,1000,RV,36,60,https://www.winstongroup.net/2026/10/05/blue-wave-or-red-undertow/,-24,REP,-21.54784446067199,0.010133632523372847
Clarity Campaign Labs,NA,2026-09-11,2026-09-16,1046,LV,41,58,https://www.claritycampaigns.com/clarity-omnibus-2026-september,-17,NA,-21.80381927390036,0.010676268118887071
Tavern Research,NA,2026-09-15,2026-09-16,1007,LV,37,61,https://242750075.fs1.hubspotusercontent-na2.net/hubfs/242750075/Toplines%20-%20AI%20status%20survey%2020260915_234645%20(2).pdf,-24,NA,-26.188018948776424,0.0026501046322920906
SSRS,CNN,2026-09-16,2026-09-17,1206,A,33,67,https://www.cnn.com/2026/09/23/politics/cnn-poll-donald-trump-economy-midterms-vis,-34,NA,-25.909530915535626,0.00806184465061991
John Zogby Strategies,NA,2026-09-15,2026-09-17,1007,LV,42,56,https://johnzogbystrategies.com/a-slight-bump-in-presidents-approval-comes-from-independent-voters/,-14,NA,-19.33989851628189,0.010144988804979901
Quantus Insights,NA,2026-09-15,2026-09-18,1389,LV,39.6,59.1,https://quantusinsights.org/f/quantus-survey-democrats-hold-big-midterm-lead-over-republicans,-19.5,NA,-26.064844742219826,0.003875587121294215
American Research Group,NA,2026-09-16,2026-09-20,1100,A,29,68,https://americanresearchgroup.com/economy/,-39,NA,-29.04397718109052,0.004294581204064136
Ipsos,Reuters,2026-09-17,2026-09-20,1277,A,32,66,https://www.reuters.com/world/us/trump-approval-falls-career-low-32-high-costs-bite-reutersipsos-poll-finds-2026-09-21/,-34,NA,-29.503738843419193,0.010426097135978607
Morning Consult,NA,2026-09-18,2026-09-20,2201,RV,41,56,https://pro-assets.morningconsult.com/wp-uploads/2026/09/MCPI-PI-Weekly.html,-15,NA,-21.58318738174188,0.007325688091947347
Verasight,Strength In Numbers,2026-09-16,2026-09-21,1528,A,33,63,https://www.gelliottmorris.com/p/2026-09-23-september-strength-in-numbers-verasight-poll-release,-30,NA,-26.8865546354437,0.005648136724860547
Impact Research/National Research,Wall Street Journal,2026-09-16,2026-09-21,1500,RV,37,61,https://www.wsj.com/politics/elections/trump-is-predicting-midterms-success-but-republicans-are-starting-to-panic-439edf97?mod=politics_lead_pos2,-24,NA,-26.494527178862583,0.005596147509348363
YouGov,The Economist,2026-09-18,2026-09-21,1401,RV,35,62,https://d3nkl3psvxxpe9.cloudfront.net/documents/econTabReport_5WiMaRX.pdf,-27,NA,-27.449220150545592,0.00827328317786633
Echelon Insights,NA,2026-09-17,2026-09-21,1002,LV,36,64,https://echeloninsights.com/insights/september-2026-verified-voter-omnibus,-28,NA,-30.815194334249306,0.022937098668909386
RMG Research,Napolitan News Service,2026-09-14,2026-09-22,2000,RV,43,56,https://napolitannews.org/jobapproval,-13,NA,-22.71612267054178,0.016228830851449254
The Argument/Verasight,NA,2026-09-16,2026-09-22,1533,RV,37,62,https://www.theargumentmag.com/p/the-least-popular-war-since-vietnam,-25,NA,-24.58545543105307,0.006312968889200822
Emerson College,NA,2026-09-21,2026-09-22,1000,LV,39,57.9,https://emersoncollegepolling.com/september-2026-national-poll-democrats/,-18.9,NA,-24.992206279856767,0.025993621427519854
Angus Reid Global,NA,2026-09-19,2026-09-25,1205,A,34,61,https://angusreid.us/wp-content/uploads/2026/09/2026.09.28_Trump_Midterms.pdf,-27,NA,-23.554264346129067,0.03745177706126468
Morning Consult,NA,2026-09-25,2026-09-27,2202,RV,42,56,https://intel.morningconsult.com/mc-content/trackers/donald-trump-congress-policy-republicans-polling,-14,NA,-20.58318738174188,0.017649621631222755
Quinnipiac University,NA,2026-09-24,2026-09-27,1032,RV,34,61,https://poll.qu.edu/poll-release?releaseid=3968,-27,NA,-24.383255657968583,0.040802748564538534
AP-NORC,NA,2026-09-24,2026-09-28,2140,A,31,69,https://apnorc.org/projects/most-blame-president-trump-for-higher-prices-and-are-unhappy-with-how-he-is-handling-the-economy/,-38,NA,-30.004000107549153,0.014400704673342788
AlphaROC,The Independent Center,2026-09-25,2026-09-28,1000,A,35.3,61.2,https://independentcentervoice.com/insights/september-2026-national-survey,-25.900000000000006,NA,-28.106835075569634,0.009844119053935431
Harris Insights & Analytics,Harvard CAPS,2026-09-26,2026-09-28,2200,RV,42,55,https://harvardharrispoll.com/assets/uploads/2026/09/HHP_Sep2026_KeyResults.pdf,-13,NA,-21.223184181597645,0.049247159533796624
YouGov,The Economist,2026-09-25,2026-09-28,1429,RV,36,62,https://d3nkl3psvxxpe9.cloudfront.net/documents/econTabReport_CCphJ5Q.pdf,-26,NA,-26.449220150545592,0.02129964119404995
RMG Research,Napolitan News Service,2026-09-21,2026-09-29,2000,RV,41,58,https://napolitannews.org/jobapproval,-17,NA,-26.71612267054178,0.04282192599667095
Centerline Research & Strategy,NA,2026-09-26,2026-10-01,1570,A,31,64,https://centerliners.com/assets/polls/centerline-national-poll-release-100626.pdf,-33,NA,-26.50186651962153,0.017138934792344598
TIPP Insights,Issues & Insights,2026-09-29,2026-10-01,1488,A,39,52,https://issuesinsights.com/2026/10/05/trumps-approval-among-voters-has-stabilized-but-is-that-enough-to-boost-gop-in-midterms-ii-tipp-poll/,-13,NA,-17.56397686167287,0.0900105952980694
YouGov,CBS News,2026-09-30,2026-10-02,2166,A,39,61,https://www.cbsnews.com/news/midterm-poll-battleground-tracker-democrats-house-advantage/,-22,NA,-20.418619592022594,0.045458656496501375
Ipsos,Reuters,2026-09-30,2026-10-05,4506,A,32,65,https://www.ipsos.com/sites/default/files/ct/news/documents/2026-10/Reuters%20Ipsos%20October%20Large%20Issue%20Topline%2010.5%20release.pdf,-33,NA,-28.503738843419193,0.17569858078589126
Global Strategy Group/GBAO (Navigator Research),NA,2026-10-01,2026-10-05,1000,RV,36,62,https://navigatorresearch.org/wp-content/uploads/2026/10/Navigator-Toplines-10.05.2026.pdf,-26,NA,-25.87255183186425,0.061859748865346606
Morning Consult,NA,2026-10-04,2026-10-05,2202,RV,42,56,https://pro-assets.morningconsult.com/wp-uploads/2026/08/MCPI-PI-Weekly.html,-14,NA,-20.58318738174188,0.06000711926659967
YouGov,The Economist,2026-10-02,2026-10-05,1381,RV,38,60,https://d3nkl3psvxxpe9.cloudfront.net/documents/econTabReport_703uvs1.pdf,-22,NA,-22.449220150545592,0.05043608317613966
