issue,pollster,sponsor,start_date,end_date,sample_size,population,approve,disapprove,url,net,partisan,adj_net,total_weight
economy,Ipsos,Reuters,2025-01-20,2025-01-21,1077,A,42,36,https://www.ipsos.com/sites/default/files/ct/news/documents/2025-01/Reuters%20Ipsos%20Trump%20Inauguration%20Survey%20Topline%20January%202025.pdf,6,NA,10.570110177073914,1.0643659463621574e-23
immigration,Ipsos,Reuters,2025-01-20,2025-01-21,1077,A,46,38,https://www.ipsos.com/sites/default/files/ct/news/documents/2025-01/Reuters%20Ipsos%20Trump%20Inauguration%20Survey%20Topline%20January%202025.pdf,8,NA,12.570110177073914,1.0643659463621574e-23
foreign_policy,Ipsos,Reuters,2025-01-20,2025-01-21,1077,A,39,37,https://www.ipsos.com/sites/default/files/ct/news/documents/2025-01/Reuters%20Ipsos%20Trump%20Inauguration%20Survey%20Topline%20January%202025.pdf,2,NA,6.570110177073914,1.0643659463621574e-23
trade_tariffs,Ipsos,Reuters,2025-01-20,2025-01-21,1077,A,38,40,https://www.ipsos.com/en-us/reuters-ipsos-trump-inauguration-survey,-2,NA,2.5701101770739143,1.0643659463621574e-23
inflation,Ipsos,Reuters,2025-01-20,2025-01-21,1077,A,35,41,https://www.ipsos.com/en-us/reuters-ipsos-trump-inauguration-survey,-6,NA,-1.4298898229260857,1.0643659463621574e-23
immigration,AtlasIntel,NA,2025-01-21,2025-01-23,1882,A,51,49,https://cdn.atlasintel.org/ed3f5238-e823-495e-a877-628217de9e68.pdf,2,NA,0.17104675516816314,6.912025682534997e-23
economy,AtlasIntel,NA,2025-01-21,2025-01-23,1882,A,50,48,https://cdn.atlasintel.org/ed3f5238-e823-495e-a877-628217de9e68.pdf,2,NA,0.17104675516816314,6.912025682534997e-23
healthcare,AtlasIntel,NA,2025-01-21,2025-01-23,1882,A,40,52,https://cdn.atlasintel.org/ed3f5238-e823-495e-a877-628217de9e68.pdf,-12,NA,-13.828953244831837,6.912025682534997e-23
trade_tariffs,Morning Consult,NA,2025-01-24,2025-01-26,2302,RV,50,37,https://pro.morningconsult.com/trackers/donald-trump-congress-policy-republicans-polling,13,NA,-0.719085250761303,1.8598920587334672e-23
immigration,Quinnipiac University,NA,2025-01-23,2025-01-27,1019,RV,47,46,https://poll.qu.edu/images/polling/us/us01292025_udik45.pdf,1,NA,3.0633322605573596,4.072744630944343e-23
inflation,YouGov,The Economist,2025-01-26,2025-01-28,1577,A,45,39,https://d3nkl3psvxxpe9.cloudfront.net/documents/econTabReport_m8tctwx.pdf,6,NA,4.857168734753181,1.956693842227474e-23
economy,YouGov,The Economist,2025-01-26,2025-01-28,1577,A,49,37,https://d3nkl3psvxxpe9.cloudfront.net/documents/econTabReport_m8tctwx.pdf,12,NA,10.85716873475318,1.956693842227474e-23
crime,YouGov,The Economist,2025-01-26,2025-01-28,1577,A,48,35,https://d3nkl3psvxxpe9.cloudfront.net/documents/econTabReport_m8tctwx.pdf,13,NA,11.85716873475318,1.956693842227474e-23
trade_tariffs,Data For Progress,NA,2025-01-31,2025-02-02,1205,LV,42,46,https://www.dataforprogress.org/memos/2025/4/24/approaching-100-days-in-office-voters-increasingly-disapprove-of-trumps-handling-of-the-economy,-4,NA,-7.24467220771912,5.465097962258719e-23
trade_tariffs,Morning Consult,NA,2025-01-31,2025-02-03,2303,RV,48,40,https://pro.morningconsult.com/trackers/donald-trump-congress-policy-republicans-polling,8,NA,-5.719085250761303,3.4375475644801595e-23
immigration,YouGov,The Economist,2025-02-02,2025-02-04,1604,A,51,40,https://d3nkl3psvxxpe9.cloudfront.net/documents/econTabReport_FOXP71G.pdf,11,NA,9.85716873475318,3.377089316542991e-23
inflation,YouGov,The Economist,2025-02-02,2025-02-04,1604,A,42,43,https://d3nkl3psvxxpe9.cloudfront.net/documents/econTabReport_FOXP71G.pdf,-1,NA,-2.1428312652468193,3.377089316542991e-23
economy,YouGov,The Economist,2025-02-02,2025-02-04,1604,A,44,39,https://d3nkl3psvxxpe9.cloudfront.net/documents/econTabReport_FOXP71G.pdf,5,NA,3.8571687347531807,3.377089316542991e-23
healthcare,YouGov,The Economist,2025-02-02,2025-02-04,1604,A,39,42,https://d3nkl3psvxxpe9.cloudfront.net/documents/econTabReport_FOXP71G.pdf,-3,NA,-4.142831265246819,3.377089316542991e-23
crime,YouGov,The Economist,2025-02-02,2025-02-04,1604,A,48,35,https://d3nkl3psvxxpe9.cloudfront.net/documents/econTabReport_FOXP71G.pdf,13,NA,11.85716873475318,3.377089316542991e-23
trade_tariffs,Morning Consult,NA,2025-02-07,2025-02-09,22305,RV,47,43,https://pro.morningconsult.com/trackers/donald-trump-congress-policy-republicans-polling,4,NA,-9.719085250761303,8.027618946369205e-23
inflation,YouGov,The Economist,2025-02-09,2025-02-11,1595,A,41,48,https://d3nkl3psvxxpe9.cloudfront.net/documents/econTabReport_nyOrDiw.pdf,-7,NA,-8.14283126524682,5.763071954472386e-23
economy,YouGov,The Economist,2025-02-09,2025-02-11,1595,A,45,44,https://d3nkl3psvxxpe9.cloudfront.net/documents/econTabReport_nyOrDiw.pdf,1,NA,-0.14283126524681933,5.763071954472386e-23
healthcare,YouGov,The Economist,2025-02-09,2025-02-11,1595,A,35,46,https://d3nkl3psvxxpe9.cloudfront.net/documents/econTabReport_nyOrDiw.pdf,-11,NA,-12.14283126524682,5.763071954472386e-23
crime,YouGov,The Economist,2025-02-09,2025-02-11,1595,A,45,41,https://d3nkl3psvxxpe9.cloudfront.net/documents/econTabReport_nyOrDiw.pdf,4,NA,2.8571687347531807,5.763071954472386e-23
trade_tariffs,Echelon Insights,NA,2025-02-10,2025-02-13,1010,LV,44,49,https://echelonin.wpenginepowered.com/wp-content/uploads/February-2025-Voter-Omnibus-Topline-External.pdf,-5,NA,-8.48860462488409,1.3524995787116397e-22
economy,Echelon Insights,NA,2025-02-10,2025-02-13,1010,LV,49,45,https://echelonin.wpenginepowered.com/wp-content/uploads/February-2025-Voter-Omnibus-Topline-External.pdf,4,NA,0.5113953751159102,1.3524995787116397e-22
immigration,Echelon Insights,NA,2025-02-10,2025-02-13,1010,LV,55,43,https://echelonin.wpenginepowered.com/wp-content/uploads/February-2025-Voter-Omnibus-Topline-External.pdf,12,NA,8.51139537511591,1.3524995787116397e-22
foreign_policy,Echelon Insights,NA,2025-02-10,2025-02-13,1010,LV,49,44,https://echelonin.wpenginepowered.com/wp-content/uploads/February-2025-Voter-Omnibus-Topline-External.pdf,5,NA,1.5113953751159102,1.3524995787116397e-22
economy,Gallup,NA,2025-02-03,2025-02-16,1004,A,42,54,https://news.gallup.com/poll/656891/trump-job-approval-rating-congress-jumps.aspx,-12,NA,-7.305902559649745,3.2826958712746355e-22
immigration,Gallup,NA,2025-02-03,2025-02-16,1004,A,46,51,https://news.gallup.com/poll/656891/trump-job-approval-rating-congress-jumps.aspx,-5,NA,-0.3059025596497449,3.2826958712746355e-22
foreign_policy,Gallup,NA,2025-02-03,2025-02-16,1004,A,44,53,https://news.gallup.com/poll/656891/trump-job-approval-rating-congress-jumps.aspx,-9,NA,-4.305902559649745,3.2826958712746355e-22
trade_tariffs,Gallup,NA,2025-02-03,2025-02-16,1004,A,42,53,https://news.gallup.com/poll/656891/trump-job-approval-rating-congress-jumps.aspx,-11,NA,-6.305902559649745,3.2826958712746355e-22
economy,Quinnipiac University,NA,2025-02-13,2025-02-17,1039,RV,44,48,https://poll.qu.edu/images/polling/us/us02192025_urxu99.pdf,-4,NA,-1.9366677394426404,2.076936176613273e-22
immigration,Quinnipiac University,NA,2025-02-13,2025-02-17,1039,RV,46,49,https://poll.qu.edu/images/polling/us/us02192025_urxu99.pdf,-3,NA,-0.9366677394426404,2.076936176613273e-22
foreign_policy,Quinnipiac University,NA,2025-02-13,2025-02-17,1039,RV,44,48,https://poll.qu.edu/images/polling/us/us02192025_urxu99.pdf,-4,NA,-6.0447606970270655,2.076936176613273e-22
trade_tariffs,Quinnipiac University,NA,2025-02-13,2025-02-17,1039,RV,42,49,https://poll.qu.edu/poll-release?releaseid=3919,-7,NA,-9.044760697027066,2.076936176613273e-22
economy,Ipsos,Reuters,2025-02-13,2025-02-18,4125,A,39,47,https://www.ipsos.com/en-us/reutersipsos-large-sample-poll-february-2025,-8,NA,-3.4298898229260857,1.8075501925530744e-22
immigration,Ipsos,Reuters,2025-02-13,2025-02-18,4125,A,47,44,https://www.ipsos.com/en-us/reutersipsos-large-sample-poll-february-2025,3,NA,7.570110177073914,1.8075501925530744e-22
inflation,Ipsos,Reuters,2025-02-13,2025-02-18,4125,A,32,52,https://www.ipsos.com/en-us/reutersipsos-large-sample-poll-february-2025,-20,NA,-15.429889822926086,1.8075501925530744e-22
foreign_policy,Ipsos,Reuters,2025-02-13,2025-02-18,4125,A,38,46,https://www.ipsos.com/en-us/reutersipsos-large-sample-poll-february-2025,-8,NA,-3.4298898229260857,1.8075501925530744e-22
trade_tariffs,Ipsos,Reuters,2025-02-13,2025-02-18,4125,A,37,49,https://www.reuters.com/world/us/trumps-approval-rating-slips-americans-worry-about-economy-2025-02-19/,-12,NA,-7.429889822926086,1.8075501925530744e-22
crime,Ipsos,Reuters,2025-02-13,2025-02-18,4125,A,42,40,https://www.ipsos.com/en-us/reutersipsos-large-sample-poll-february-2025,2,NA,6.570110177073914,1.8075501925530744e-22
immigration,YouGov,The Economist,2025-02-16,2025-02-18,1603,A,51,43,https://d3nkl3psvxxpe9.cloudfront.net/documents/econTabReport_OFVhPxp.pdf,8,NA,6.857168734753181,9.923762516719126e-23
inflation,YouGov,The Economist,2025-02-16,2025-02-18,1603,A,43,46,https://d3nkl3psvxxpe9.cloudfront.net/documents/econTabReport_OFVhPxp.pdf,-3,NA,-4.142831265246819,9.923762516719126e-23
foreign_policy,YouGov,The Economist,2025-02-16,2025-02-18,1603,A,46,43,https://d3nkl3psvxxpe9.cloudfront.net/documents/econTabReport_OFVhPxp.pdf,3,NA,1.8571687347531807,9.923762516719126e-23
economy,YouGov,The Economist,2025-02-16,2025-02-18,1603,A,46,42,https://d3nkl3psvxxpe9.cloudfront.net/documents/econTabReport_OFVhPxp.pdf,4,NA,2.8571687347531807,9.923762516719126e-23
crime,YouGov,The Economist,2025-02-16,2025-02-18,1603,A,48,37,https://d3nkl3psvxxpe9.cloudfront.net/documents/econTabReport_OFVhPxp.pdf,11,NA,9.85716873475318,9.923762516719126e-23
economy,Ipsos,The Washington Post,2025-02-13,2025-02-18,2177,RV,48,51,https://docs.google.com/spreadsheets/d/1kdcXmy8B1zajwnb6KUbZ-KxUixlTPoTY3Bg_Bfld0h0/edit?gid=0#gid=0,-3,NA,1.5933067505688498,1.313129638396829e-22
immigration,Ipsos,The Washington Post,2025-02-13,2025-02-18,2177,RV,54,45,https://docs.google.com/spreadsheets/d/1kdcXmy8B1zajwnb6KUbZ-KxUixlTPoTY3Bg_Bfld0h0/edit?gid=0#gid=0,9,NA,13.59330675056885,1.313129638396829e-22
trade_tariffs,RMG Research,Napolitan News Service,2025-02-18,2025-02-19,1000,RV,44,47,https://napolitannews.org/posts/voters-are-divided-on-how-trumps-tariff-plan-will-impact-economy,-3,NA,-10.847069136431294,1.4514225190495117e-22
economy,Harris Insights & Analytics,Harvard CAPS,2025-02-19,2025-02-20,2443,RV,49,51,https://harvardharrispoll.com/wp-content/uploads/2025/02/HHP_Feb2025_vFinal.pdf,-2,NA,-10.475142376675315,2.711801363820592e-22
immigration,Harris Insights & Analytics,Harvard CAPS,2025-02-19,2025-02-20,2443,RV,56,44,https://harvardharrispoll.com/wp-content/uploads/2025/02/HHP_Feb2025_vFinal.pdf,12,NA,3.524857623324685,2.711801363820592e-22
inflation,Harris Insights & Analytics,Harvard CAPS,2025-02-19,2025-02-20,2443,RV,45,55,https://harvardharrispoll.com/all-polls/,-10,NA,-18.475142376675315,2.711801363820592e-22
foreign_policy,Harris Insights & Analytics,Harvard CAPS,2025-02-19,2025-02-20,2443,RV,48,52,https://harvardharrispoll.com/wp-content/uploads/2025/02/HHP_Feb2025_vFinal.pdf,-4,NA,-12.475142376675315,2.711801363820592e-22
economy,Grayhouse,America One Policies (super PAC),2025-02-21,2025-02-24,1193,RV,50,47,https://cdn.prod.website-files.com/5d02aaade6188137a65c8441/67c5c5ab56f99b61ffc68dc9_National%20Benchmark%20Poll%20Deck.pdf,3,REP,-6.1966321245572615,1.664688471772295e-22
immigration,Grayhouse,America One Policies (super PAC),2025-02-21,2025-02-24,1193,RV,58,41,https://cdn.prod.website-files.com/5d02aaade6188137a65c8441/67c5c5ab56f99b61ffc68dc9_National%20Benchmark%20Poll%20Deck.pdf,17,REP,7.8033678754427385,1.664688471772295e-22
foreign_policy,Grayhouse,America One Policies (super PAC),2025-02-21,2025-02-24,1193,RV,50,47,https://cdn.prod.website-files.com/5d02aaade6188137a65c8441/67c5c5ab56f99b61ffc68dc9_National%20Benchmark%20Poll%20Deck.pdf,3,REP,-6.1966321245572615,1.664688471772295e-22
trade_tariffs,Morning Consult,NA,2025-02-21,2025-02-24,2225,RV,48,42,https://pro.morningconsult.com/trackers/donald-trump-congress-policy-republicans-polling,6,NA,-7.719085250761303,1.7030226420032795e-22
foreign_policy,Morning Consult,NA,2025-02-21,2025-02-24,2225,RV,50,42,https://pro.morningconsult.com/trackers/donald-trump-congress-policy-republicans-polling,8,NA,-5.719085250761303,1.7030226420032795e-22
inflation,YouGov,The Economist,2025-02-23,2025-02-25,1604,A,40,49,https://d3nkl3psvxxpe9.cloudfront.net/documents/econTabReport_1q7T4HA.pdf,-9,NA,-10.14283126524682,1.709395800934973e-22
economy,YouGov,The Economist,2025-02-23,2025-02-25,1604,A,45,43,https://d3nkl3psvxxpe9.cloudfront.net/documents/econTabReport_1q7T4HA.pdf,2,NA,0.8571687347531807,1.709395800934973e-22
crime,YouGov,The Economist,2025-02-23,2025-02-25,1604,A,47,37,https://d3nkl3psvxxpe9.cloudfront.net/documents/econTabReport_1q7T4HA.pdf,10,NA,8.85716873475318,1.709395800934973e-22
economy,YouGov,CBS News,2025-02-26,2025-02-28,2311,A,51,49,https://www.cbsnews.com/news/trump-elon-musk-government-workforce-cuts-opinion-poll-2025-03-02/,2,NA,0.8571687347531807,2.5961084231644974e-22
immigration,YouGov,CBS News,2025-02-26,2025-02-28,2311,A,54,46,https://www.cbsnews.com/news/trump-elon-musk-government-workforce-cuts-opinion-poll-2025-03-02/,8,NA,6.857168734753181,2.5961084231644974e-22
inflation,YouGov,CBS News,2025-02-26,2025-02-28,2311,A,46,54,https://www.cbsnews.com/news/trump-elon-musk-government-workforce-cuts-opinion-poll-2025-03-02/,-8,NA,-9.14283126524682,2.5961084231644974e-22
trade_tariffs,Data For Progress,NA,2025-02-28,2025-03-01,1191,LV,41,47,https://www.dataforprogress.org/memos/2025/4/24/approaching-100-days-in-office-voters-increasingly-disapprove-of-trumps-handling-of-the-economy,-6,NA,-9.24467220771912,4.825199952819984e-22
trade_tariffs,Morning Consult,NA,2025-02-28,2025-03-02,2229,RV,48,42,https://pro.morningconsult.com/trackers/donald-trump-congress-policy-republicans-polling,6,NA,-7.719085250761303,2.701534067871763e-22
economy,Ipsos,Reuters,2025-03-03,2025-03-04,1174,A,39,49,https://www.ipsos.com/sites/default/files/ct/news/documents/2025-03/Reuters%20Ipsos%20Pre%20Joint%20Session%20Congress%20Topline%2003%2004%202025.pdf,-10,NA,-5.429889822926086,2.824093715868151e-22
immigration,Ipsos,Reuters,2025-03-03,2025-03-04,1174,A,49,42,https://www.ipsos.com/sites/default/files/ct/news/documents/2025-03/Reuters%20Ipsos%20Pre%20Joint%20Session%20Congress%20Topline%2003%2004%202025.pdf,7,NA,11.570110177073914,2.824093715868151e-22
foreign_policy,Ipsos,Reuters,2025-03-03,2025-03-04,1174,A,37,50,https://www.ipsos.com/sites/default/files/ct/news/documents/2025-03/Reuters%20Ipsos%20Pre%20Joint%20Session%20Congress%20Topline%2003%2004%202025.pdf,-13,NA,-8.429889822926086,2.824093715868151e-22
trade_tariffs,Ipsos,NA,2025-03-03,2025-03-04,1174,A,36,51,https://www.ipsos.com/en-us/three-five-americans-say-cost-living-going-wrong-direction,-15,NA,-10.429889822926086,2.824093715868151e-22
trade_tariffs,Ipsos,Reuters,2025-03-03,2025-03-04,1174,A,36,51,https://www.ipsos.com/sites/default/files/ct/news/documents/2025-03/Reuters%20Ipsos%20Pre%20Joint%20Session%20Congress%20Topline%2003%2004%202025.pdf,-15,NA,-10.429889822926086,2.824093715868151e-22
inflation,Ipsos,Reuters,2025-03-03,2025-03-04,1174,A,31,54,https://www.ipsos.com/sites/default/files/ct/news/documents/2025-03/Reuters%20Ipsos%20Pre%20Joint%20Session%20Congress%20Topline%2003%2004%202025.pdf,-23,NA,-18.429889822926086,2.824093715868151e-22
immigration,YouGov,The Economist,2025-03-01,2025-03-04,1638,A,53,40,https://d3nkl3psvxxpe9.cloudfront.net/documents/econTabReport_uHE5Cxl.pdf,13,NA,11.85716873475318,2.9710717201008144e-22
inflation,YouGov,The Economist,2025-03-01,2025-03-04,1638,A,42,46,https://d3nkl3psvxxpe9.cloudfront.net/documents/econTabReport_uHE5Cxl.pdf,-4,NA,-5.142831265246819,2.9710717201008144e-22
economy,YouGov,The Economist,2025-03-01,2025-03-04,1638,A,44,44,https://d3nkl3psvxxpe9.cloudfront.net/documents/econTabReport_uHE5Cxl.pdf,0,NA,-1.1428312652468193,2.9710717201008144e-22
healthcare,YouGov,The Economist,2025-03-01,2025-03-04,1638,A,39,44,https://d3nkl3psvxxpe9.cloudfront.net/documents/econTabReport_uHE5Cxl.pdf,-5,NA,-6.142831265246819,2.9710717201008144e-22
crime,YouGov,The Economist,2025-03-01,2025-03-04,1638,A,45,38,https://d3nkl3psvxxpe9.cloudfront.net/documents/econTabReport_uHE5Cxl.pdf,7,NA,5.857168734753181,2.9710717201008144e-22
economy,SSRS,CNN,2025-03-06,2025-03-09,1206,A,44,55,https://s3.documentcloud.org/documents/25558091/cnn-poll-trumps-performance-and-economy.pdf,-11,NA,-0.5215447142130571,4.562306412031738e-22
immigration,SSRS,CNN,2025-03-06,2025-03-09,1206,A,54,46,https://s3.documentcloud.org/documents/25558091/cnn-poll-trumps-performance-and-economy.pdf,8,NA,18.478455285786943,4.562306412031738e-22
foreign_policy,SSRS,CNN,2025-03-06,2025-03-09,1206,A,41,59,https://s3.documentcloud.org/documents/25558091/cnn-poll-trumps-performance-and-economy.pdf,-18,NA,-7.521544714213057,4.562306412031738e-22
trade_tariffs,SSRS,CNN,2025-03-06,2025-03-09,1206,A,39,61,https://s3.documentcloud.org/documents/25558091/cnn-poll-trumps-performance-and-economy.pdf,-22,NA,-11.521544714213057,4.562306412031738e-22
healthcare,SSRS,CNN,2025-03-06,2025-03-09,1206,A,43,56,https://s3.documentcloud.org/documents/25558091/cnn-poll-trumps-performance-and-economy.pdf,-13,NA,-2.521544714213057,4.562306412031738e-22
trade_tariffs,Morning Consult,NA,2025-03-07,2025-03-09,2219,RV,46,46,https://pro.morningconsult.com/trackers/donald-trump-congress-policy-republicans-polling,0,NA,-13.719085250761303,4.61282946135623e-22
economy,Emerson College,NA,2025-03-08,2025-03-10,1000,RV,37,48,https://emersoncollegepolling.com/national-poll-at-50-days-trumps-honeymoon-fades-as-economy-becomes-key-vulnerability/,-11,NA,-12.081367181864529,2.5685169037450052e-21
immigration,Emerson College,NA,2025-03-08,2025-03-10,1000,RV,48,40,https://emersoncollegepolling.com/national-poll-at-50-days-trumps-honeymoon-fades-as-economy-becomes-key-vulnerability/,8,NA,6.918632818135471,2.5685169037450052e-21
economy,Quinnipiac University,NA,2025-03-06,2025-03-10,1198,RV,41,54,https://poll.qu.edu/images/polling/us/us03132025_ufoz84.pdf,-13,NA,-10.93666773944264,1.153813316880529e-21
immigration,Quinnipiac University,NA,2025-03-06,2025-03-10,1198,RV,46,49,https://poll.qu.edu/images/polling/us/us03132025_ufoz84.pdf,-3,NA,-0.9366677394426404,1.153813316880529e-21
foreign_policy,Quinnipiac University,NA,2025-03-06,2025-03-10,1198,RV,42,53,https://poll.qu.edu/images/polling/us/us03132025_ufoz84.pdf,-11,NA,-8.93666773944264,1.153813316880529e-21
inflation,YouGov,The Economist,2025-03-09,2025-03-11,1699,A,38,52,https://d3nkl3psvxxpe9.cloudfront.net/documents/econTabReport_ddjSlqx.pdf,-14,NA,-15.14283126524682,5.211292186940069e-22
economy,YouGov,The Economist,2025-03-09,2025-03-11,1699,A,43,47,https://d3nkl3psvxxpe9.cloudfront.net/documents/econTabReport_ddjSlqx.pdf,-4,NA,-5.142831265246819,5.211292186940069e-22
healthcare,YouGov,The Economist,2025-03-09,2025-03-11,1699,A,35,48,https://d3nkl3psvxxpe9.cloudfront.net/documents/econTabReport_ddjSlqx.pdf,-13,NA,-14.14283126524682,5.211292186940069e-22
crime,YouGov,The Economist,2025-03-09,2025-03-11,1699,A,45,40,https://d3nkl3psvxxpe9.cloudfront.net/documents/econTabReport_ddjSlqx.pdf,5,NA,3.8571687347531807,5.211292186940069e-22
economy,Hart Research Associates/Public Opinion Strategies,NBC News,2025-03-07,2025-03-11,1000,RV,44,54,https://www.nbcnews.com/politics/trump-administration/poll-trump-faces-early-challenges-economy-united-gop-backs-big-change-rcna195860,-10,NA,-14.08453568786684,1.6034040326774546e-21
immigration,Hart Research Associates/Public Opinion Strategies,NBC News,2025-03-07,2025-03-11,1000,RV,55,43,https://www.nbcnews.com/politics/trump-administration/poll-trump-faces-early-challenges-economy-united-gop-backs-big-change-rcna195860,12,NA,7.91546431213316,1.6034040326774546e-21
inflation,Hart Research Associates/Public Opinion Strategies,NBC News,2025-03-07,2025-03-11,1000,RV,42,55,https://www.nbcnews.com/politics/trump-administration/poll-trump-faces-early-challenges-economy-united-gop-backs-big-change-rcna195860,-13,NA,-17.08453568786684,1.6034040326774546e-21
foreign_policy,Hart Research Associates/Public Opinion Strategies,NBC News,2025-03-07,2025-03-11,1000,RV,45,53,https://www.nbcnews.com/politics/trump-administration/poll-trump-faces-early-challenges-economy-united-gop-backs-big-change-rcna195860,-8,NA,-12.08453568786684,1.6034040326774546e-21
immigration,AtlasIntel,NA,2025-03-07,2025-03-12,2550,A,52,47,https://atlasintel.org/poll/usa-national-2025-03-17,5,NA,3.171046755168163,3.364663322532878e-21
economy,AtlasIntel,NA,2025-03-07,2025-03-12,2550,A,48,48,https://atlasintel.org/poll/usa-national-2025-03-17,0,NA,-1.8289532448318369,3.364663322532878e-21
healthcare,AtlasIntel,NA,2025-03-07,2025-03-12,2550,A,46,51,https://atlasintel.org/poll/usa-national-2025-03-17,-5,NA,-6.828953244831837,3.364663322532878e-21
economy,Ipsos,Reuters,2025-03-11,2025-03-12,1422,A,39,51,https://www.ipsos.com/sites/default/files/ct/news/documents/2025-03/Reuters%20Ipsos%20Tariffs%20Survey%20Topline%2003%2013%202025.pdf,-12,NA,-7.429889822926086,5.854831052916891e-22
immigration,Ipsos,Reuters,2025-03-11,2025-03-12,1422,A,50,41,https://www.ipsos.com/sites/default/files/ct/news/documents/2025-03/Reuters%20Ipsos%20Tariffs%20Survey%20Topline%2003%2013%202025.pdf,9,NA,13.570110177073914,5.854831052916891e-22
foreign_policy,Ipsos,Reuters,2025-03-11,2025-03-12,1422,A,37,48,https://www.ipsos.com/sites/default/files/ct/news/documents/2025-03/Reuters%20Ipsos%20Tariffs%20Survey%20Topline%2003%2013%202025.pdf,-11,NA,-6.429889822926086,5.854831052916891e-22
trade_tariffs,Ipsos,Reuters,2025-03-11,2025-03-12,1422,A,34,51,https://www.ipsos.com/sites/default/files/ct/news/documents/2025-03/Reuters%20Ipsos%20Tariffs%20Survey%20Topline%2003%2013%202025.pdf,-17,NA,-12.429889822926086,5.854831052916891e-22
inflation,Ipsos,Reuters,2025-03-11,2025-03-12,1422,A,32,57,https://www.ipsos.com/sites/default/files/ct/news/documents/2025-03/Reuters%20Ipsos%20Tariffs%20Survey%20Topline%2003%2013%202025.pdf,-25,NA,-20.429889822926086,5.854831052916891e-22
trade_tariffs,Echelon Insights,NA,2025-03-10,2025-03-13,1007,LV,41,51,https://echelonin.wpenginepowered.com/wp-content/uploads/March-2025-Voter-Omnibus-Topline-External.pdf,-10,NA,-13.48860462488409,1.1896205362587454e-21
economy,Gallup,NA,2025-03-03,2025-03-16,1002,A,41,59,https://news.gallup.com/poll/658661/republicans-men-push-trump-approval-higher-second-term.aspx,-18,NA,-13.305902559649745,3.1656446117181043e-21
foreign_policy,Gallup,NA,2025-03-03,2025-03-16,1002,A,41,55,https://news.gallup.com/poll/658661/republicans-men-push-trump-approval-higher-second-term.aspx,-14,NA,-9.305902559649745,3.1656446117181043e-21
trade_tariffs,Morning Consult,NA,2025-03-14,2025-03-16,2210,RV,46,46,https://pro.morningconsult.com/trackers/donald-trump-congress-policy-republicans-polling,0,NA,-13.719085250761303,7.908052350800274e-22
economy,Beacon Research/Shaw & Co. Research,FOX News,2025-03-14,2025-03-17,994,RV,43,56,https://static.foxnews.com/foxnews.com/content/uploads/2025/03/fox_march-14-17-2025_national_topline_march-19-release.pdf,-13,NA,-9.875018758966696,1.9927586314907813e-21
inflation,Beacon Research/Shaw & Co. Research,FOX News,2025-03-14,2025-03-17,994,RV,40,58,https://static.foxnews.com/foxnews.com/content/uploads/2025/03/fox_march-14-17-2025_national_topline_march-19-release.pdf,-18,NA,-14.875018758966696,1.9927586314907813e-21
immigration,YouGov,The Economist,2025-03-16,2025-03-18,1618,A,50,45,https://d3nkl3psvxxpe9.cloudfront.net/documents/econTabReport_ngfganU.pdf,5,NA,3.8571687347531807,8.770600721802727e-22
inflation,YouGov,The Economist,2025-03-16,2025-03-18,1618,A,42,52,https://d3nkl3psvxxpe9.cloudfront.net/documents/econTabReport_ngfganU.pdf,-10,NA,-11.14283126524682,8.770600721802727e-22
foreign_policy,YouGov,The Economist,2025-03-16,2025-03-18,1618,A,44,49,https://d3nkl3psvxxpe9.cloudfront.net/documents/econTabReport_ngfganU.pdf,-5,NA,-6.142831265246819,8.770600721802727e-22
economy,YouGov,The Economist,2025-03-16,2025-03-18,1618,A,45,49,https://d3nkl3psvxxpe9.cloudfront.net/documents/econTabReport_ngfganU.pdf,-4,NA,-5.142831265246819,8.770600721802727e-22
crime,YouGov,The Economist,2025-03-16,2025-03-18,1618,A,48,39,https://d3nkl3psvxxpe9.cloudfront.net/documents/econTabReport_ngfganU.pdf,9,NA,7.857168734753181,8.770600721802727e-22
economy,RMG Research,Napolitan News Service,2025-03-12,2025-03-19,3000,RV,48,48,https://napolitannews.org/posts/president-trump-job-approval-rating-53-percent-approve-45-disapprove,0,NA,-7.847069136431294,2.1658847307576705e-21
immigration,RMG Research,NA,2025-03-12,2025-03-19,3000,RV,55,43,https://napolitannews.org/posts/president-trump-job-approval-rating-53-percent-approve-45-disapprove,12,NA,4.152930863568706,2.1658847307576705e-21
inflation,RMG Research,Napolitan News Service,2025-03-12,2025-03-19,3000,RV,45,52,https://napolitannews.org/posts/president-trump-job-approval-rating-53-percent-approve-45-disapprove,-7,NA,-14.847069136431294,2.1658847307576705e-21
trade_tariffs,Morning Consult,NA,2025-03-21,2025-03-23,2206,RV,46,45,https://pro.morningconsult.com/trackers/donald-trump-congress-policy-republicans-polling?utm_source=newsletter&utm_medium=email&utm_campaign=our_best_intel&utm_content=032425,1,NA,-12.719085250761303,1.3546898541066649e-21
immigration,YouGov,The Economist,2025-03-22,2025-03-25,1600,A,51,44,https://d3nkl3psvxxpe9.cloudfront.net/documents/econTabReport_o8LZals.pdf,7,NA,5.857168734753181,1.5023529456404017e-21
inflation,YouGov,The Economist,2025-03-22,2025-03-25,1600,A,42,50,https://d3nkl3psvxxpe9.cloudfront.net/documents/econTabReport_o8LZals.pdf,-8,NA,-9.14283126524682,1.5023529456404017e-21
economy,YouGov,The Economist,2025-03-22,2025-03-25,1600,A,43,47,https://d3nkl3psvxxpe9.cloudfront.net/documents/econTabReport_o8LZals.pdf,-4,NA,-5.142831265246819,1.5023529456404017e-21
crime,YouGov,The Economist,2025-03-22,2025-03-25,1600,A,47,38,https://d3nkl3psvxxpe9.cloudfront.net/documents/econTabReport_o8LZals.pdf,9,NA,7.857168734753181,1.5023529456404017e-21
economy,Harris Insights & Analytics,Harvard CAPS,2025-03-26,2025-03-27,2746,RV,45,55,https://harvardharrispoll.com/wp-content/uploads/2025/03/HHP_Mar2025_KeyResults.pdf,-10,NA,-18.475142376675315,4.3052673190717296e-21
immigration,Harris Insights & Analytics,Harvard CAPS,2025-03-26,2025-03-27,2746,RV,53,47,https://harvardharrispoll.com/wp-content/uploads/2025/03/HHP_Mar2025_KeyResults.pdf,6,NA,-2.475142376675315,4.3052673190717296e-21
inflation,Harris Insights & Analytics,Harvard CAPS,2025-03-26,2025-03-27,2746,RV,43,57,https://harvardharrispoll.com/wp-content/uploads/2025/03/HHP_Mar2025_KeyResults.pdf,-14,NA,-22.475142376675315,4.3052673190717296e-21
foreign_policy,Harris Insights & Analytics,Harvard CAPS,2025-03-26,2025-03-27,2746,RV,45,55,https://harvardharrispoll.com/wp-content/uploads/2025/03/HHP_Mar2025_KeyResults.pdf,-10,NA,-18.475142376675315,4.3052673190717296e-21
economy,J.L. Partners,Daily Mail,2025-03-25,2025-03-27,1001,RV,45,55,https://www.dailymail.co.uk/news/article-14547523/Trump-approval-rating-economy-poll.html,-10,NA,-15.487397360430393,9.570432168873348e-21
trade_tariffs,Data For Progress,NA,2025-03-26,2025-03-27,1232,LV,42,51,https://www.dataforprogress.org/memos/2025/4/24/approaching-100-days-in-office-voters-increasingly-disapprove-of-trumps-handling-of-the-economy,-9,NA,-12.24467220771912,4.168701734958358e-21
economy,YouGov,CBS News,2025-03-27,2025-03-28,2609,A,48,52,https://www.cbsnews.com/news/opinion-poll-trump-economy-tariffs-deportation-immigration/,-4,NA,-5.142831265246819,2.427990017884451e-21
immigration,YouGov,CBS News,2025-03-27,2025-03-28,2609,A,53,47,https://www.cbsnews.com/news/opinion-poll-trump-economy-tariffs-deportation-immigration/,6,NA,4.857168734753181,2.427990017884451e-21
inflation,YouGov,CBS News,2025-03-27,2025-03-28,2609,A,44,56,https://www.cbsnews.com/news/opinion-poll-trump-economy-tariffs-deportation-immigration/,-12,NA,-13.14283126524682,2.427990017884451e-21
trade_tariffs,Morning Consult,NA,2025-03-28,2025-03-30,2210,RV,45,47,https://pro.morningconsult.com/trackers/donald-trump-congress-policy-republicans-polling,-2,NA,-15.719085250761303,2.3248780329309802e-21
inflation,YouGov,The Economist,2025-03-30,2025-04-01,1626,A,40,53,https://d3nkl3psvxxpe9.cloudfront.net/documents/econTabReport_Uo7FRzc.pdf,-13,NA,-14.14283126524682,2.6055742963432946e-21
healthcare,YouGov,The Economist,2025-03-30,2025-04-01,1626,A,40,48,https://d3nkl3psvxxpe9.cloudfront.net/documents/econTabReport_Uo7FRzc.pdf,-8,NA,-9.14283126524682,2.6055742963432946e-21
crime,YouGov,The Economist,2025-03-30,2025-04-01,1626,A,48,41,https://d3nkl3psvxxpe9.cloudfront.net/documents/econTabReport_Uo7FRzc.pdf,7,NA,5.857168734753181,2.6055742963432946e-21
economy,YouGov,The Economist,2025-03-30,2025-04-01,1626,A,45,48,https://d3nkl3psvxxpe9.cloudfront.net/documents/econTabReport_Uo7FRzc.pdf,-3,NA,-4.142831265246819,2.6055742963432946e-21
immigration,Fabrizio Lee & Associates/Impact Research,Wall Street Journal,2025-03-27,2025-04-01,1500,RV,52,47,https://prod-i.a.dj.com/public/resources/documents/March_2025_WSJPoll.pdf,5,NA,-1.6144683198491592,1.1356237620967564e-20
trade_tariffs,Fabrizio Lee & Associates/Impact Research,Wall Street Journal,2025-03-27,2025-04-01,1500,RV,42,54,https://prod-i.a.dj.com/public/resources/documents/March_2025_WSJPoll.pdf,-12,NA,-18.61446831984916,1.1356237620967564e-20
economy,Fabrizio Lee & Associates/Impact Research,Wall Street Journal,2025-03-27,2025-04-01,1500,RV,44,52,https://prod-i.a.dj.com/public/resources/documents/March_2025_WSJPoll.pdf,-8,NA,-14.61446831984916,1.1356237620967564e-20
inflation,Fabrizio Lee & Associates/Impact Research,Wall Street Journal,2025-03-27,2025-04-01,1500,RV,40,55,https://prod-i.a.dj.com/public/resources/documents/March_2025_WSJPoll.pdf,-15,NA,-21.61446831984916,1.1356237620967564e-20
trade_tariffs,RMG Research,Napolitan News Service,2025-03-31,2025-04-01,1000,RV,42,52,https://napolitannews.org/posts/majority-disapprove-of-trump-tariffs,-10,NA,-17.847069136431294,3.391626700300683e-21
economy,Ipsos,Reuters,2025-03-31,2025-04-02,1486,A,37,52,https://www.ipsos.com/sites/default/files/ct/news/documents/2025-04/Reuters%20Ipsos%20Signalgate%20Tariffs%20Survey%20Topline%20April%202%202025%20.pdf,-15,NA,-10.429889822926086,3.083971836362948e-21
immigration,Ipsos,Reuters,2025-03-31,2025-04-02,1486,A,48,44,https://www.ipsos.com/sites/default/files/ct/news/documents/2025-04/Reuters%20Ipsos%20Signalgate%20Tariffs%20Survey%20Topline%20April%202%202025%20.pdf,4,NA,8.570110177073914,3.083971836362948e-21
foreign_policy,Ipsos,Reuters,2025-03-31,2025-04-02,1486,A,34,50,https://www.ipsos.com/sites/default/files/ct/news/documents/2025-04/Reuters%20Ipsos%20Signalgate%20Tariffs%20Survey%20Topline%20April%202%202025%20.pdf,-16,NA,-11.429889822926086,3.083971836362948e-21
trade_tariffs,Ipsos,Reuters,2025-03-31,2025-04-02,1486,A,34,52,https://www.ipsos.com/sites/default/files/ct/news/documents/2025-04/Reuters%20Ipsos%20Signalgate%20Tariffs%20Survey%20Topline%20April%202%202025%20.pdf,-18,NA,-13.429889822926086,3.083971836362948e-21
inflation,Ipsos,Reuters,2025-03-31,2025-04-02,1486,A,30,57,https://www.ipsos.com/sites/default/files/ct/news/documents/2025-04/Reuters%20Ipsos%20Signalgate%20Tariffs%20Survey%20Topline%20April%202%202025%20.pdf,-27,NA,-22.429889822926086,3.083971836362948e-21
inflation,Harris Insights & Analytics,NA,2025-04-04,2025-04-07,1883,RV,43,57,https://www.harrisx.com/content/full-harrisx-overnight-poll-tariff-findings,-14,NA,-22.475142376675315,8.293573210692469e-21
economy,Harris Insights & Analytics,NA,2025-04-04,2025-04-07,1883,RV,44,56,https://www.harrisx.com/content/full-harrisx-overnight-poll-tariff-findings,-12,NA,-20.475142376675315,8.293573210692469e-21
economy,Quinnipiac University,NA,2025-04-03,2025-04-07,1407,RV,40,55,https://poll.qu.edu/images/polling/us/us04092025_uodc32.pdf,-15,NA,-12.93666773944264,1.099862616263914e-20
foreign_policy,Quinnipiac University,NA,2025-04-03,2025-04-07,1407,RV,40,54,https://poll.qu.edu/images/polling/us/us04092025_uodc32.pdf,-14,NA,-11.93666773944264,1.099862616263914e-20
immigration,Quinnipiac University,NA,2025-04-03,2025-04-07,1407,RV,45,50,https://poll.qu.edu/images/polling/us/us04092025_uodc32.pdf,-5,NA,-2.9366677394426404,1.099862616263914e-20
trade_tariffs,Quinnipiac University,NA,2025-04-03,2025-04-07,1407,RV,39,55,https://poll.qu.edu/images/polling/us/us04092025_uodc32.pdf,-16,NA,-13.93666773944264,1.099862616263914e-20
economy,YouGov,The Economist,2025-04-05,2025-04-08,1741,A,41,51,https://d3nkl3psvxxpe9.cloudfront.net/documents/econTabReport_pXJ0PxA.pdf,-10,NA,-11.14283126524682,4.644969613179282e-21
foreign_policy,YouGov,The Economist,2025-04-05,2025-04-08,1741,A,41,49,https://d3nkl3psvxxpe9.cloudfront.net/documents/econTabReport_pXJ0PxA.pdf,-8,NA,-9.14283126524682,4.644969613179282e-21
immigration,YouGov,The Economist,2025-04-05,2025-04-08,1741,A,50,44,https://d3nkl3psvxxpe9.cloudfront.net/documents/econTabReport_pXJ0PxA.pdf,6,NA,4.857168734753181,4.644969613179282e-21
inflation,YouGov,The Economist,2025-04-05,2025-04-08,1741,A,36,55,https://d3nkl3psvxxpe9.cloudfront.net/documents/econTabReport_pXJ0PxA.pdf,-19,NA,-20.14283126524682,4.644969613179282e-21
trade_tariffs,YouGov,The Economist,2025-04-05,2025-04-08,1741,A,39,50,https://d3nkl3psvxxpe9.cloudfront.net/documents/econTabReport_pXJ0PxA.pdf#page31,-11,NA,-12.14283126524682,4.644969613179282e-21
healthcare,YouGov,The Economist,2025-04-05,2025-04-08,1741,A,35,50,https://d3nkl3psvxxpe9.cloudfront.net/documents/econTabReport_pXJ0PxA.pdf#page31,-15,NA,-16.14283126524682,4.644969613179282e-21
crime,YouGov,The Economist,2025-04-05,2025-04-08,1741,A,45,42,https://d3nkl3psvxxpe9.cloudfront.net/documents/econTabReport_pXJ0PxA.pdf#page31,3,NA,1.8571687347531807,4.644969613179282e-21
trade_tariffs,University of Massachusetts (Amherst),NA,2025-04-04,2025-04-09,1000,A,36,58,https://www.umass.edu/political-science/about/reports/2025-4,-22,NA,-13.483462655633119,1.456879932330349e-20
inflation,University of Massachusetts (Amherst),NA,2025-04-04,2025-04-09,1000,A,33,62,https://www.umass.edu/political-science/about/reports/2025-4,-29,NA,-20.48346265563312,1.456879932330349e-20
immigration,University of Massachusetts (Amherst),NA,2025-04-04,2025-04-09,1000,A,50,46,https://www.umass.edu/political-science/about/reports/2025-4,4,NA,12.516537344366881,1.456879932330349e-20
foreign_policy,University of Massachusetts (Amherst),NA,2025-04-04,2025-04-09,1000,A,39,55,https://www.umass.edu/political-science/about/reports/2025-4,-16,NA,-7.483462655633119,1.456879932330349e-20
economy,Harris Insights & Analytics,Harvard CAPS,2025-04-09,2025-04-10,2286,RV,43,57,https://www.realclearpolitics.com/docs/2025/HHP_APRIL_Final.pdf,-14,NA,-22.475142376675315,1.1504152648428082e-20
foreign_policy,Harris Insights & Analytics,Harvard CAPS,2025-04-09,2025-04-10,2286,RV,44,56,https://www.realclearpolitics.com/docs/2025/HHP_APRIL_Final.pdf,-12,NA,-20.475142376675315,1.1504152648428082e-20
immigration,Harris Insights & Analytics,Harvard CAPS,2025-04-09,2025-04-10,2286,RV,51,49,https://www.realclearpolitics.com/docs/2025/HHP_APRIL_Final.pdf,2,NA,-6.475142376675315,1.1504152648428082e-20
inflation,Harris Insights & Analytics,Harvard CAPS,2025-04-09,2025-04-10,2286,RV,41,59,https://www.realclearpolitics.com/docs/2025/HHP_APRIL_Final.pdf,-18,NA,-26.475142376675315,1.1504152648428082e-20
economy,YouGov,CBS News,2025-04-08,2025-04-11,2410,A,44,56,https://www.cbsnews.com/news/poll-trump-tariffs-13-04-2025/,-12,NA,-13.14283126524682,6.917448517840394e-21
immigration,YouGov,CBS News,2025-04-08,2025-04-11,2410,A,50,50,https://www.cbsnews.com/news/poll-trump-tariffs-13-04-2025/,0,NA,-1.1428312652468193,6.917448517840394e-21
inflation,YouGov,CBS News,2025-04-08,2025-04-11,2410,A,40,60,https://www.cbsnews.com/news/poll-trump-tariffs-13-04-2025/,-20,NA,-21.14283126524682,6.917448517840394e-21
economy,Hart Research Associates/Public Opinion Strategies,CNBC,2025-04-09,2025-04-13,1000,A,45,51,https://www.realclearpolitics.com/docs/2025/250084_CNBC_AAES_Q1_2025_Topline_4-17-2025_Release[40].pdf,-6,NA,-8.779870971951567,2.168287793446678e-20
foreign_policy,Hart Research Associates/Public Opinion Strategies,CNBC,2025-04-09,2025-04-13,1000,A,42,53,https://www.realclearpolitics.com/docs/2025/250084_CNBC_AAES_Q1_2025_Topline_4-17-2025_Release[40].pdf,-11,NA,-13.779870971951567,2.168287793446678e-20
inflation,Hart Research Associates/Public Opinion Strategies,CNBC,2025-04-09,2025-04-13,1000,A,37,60,https://www.realclearpolitics.com/docs/2025/250084_CNBC_AAES_Q1_2025_Topline_4-17-2025_Release[40].pdf,-23,NA,-25.779870971951567,2.168287793446678e-20
trade_tariffs,Hart Research Associates/Public Opinion Strategies,CNBC,2025-04-09,2025-04-13,1000,A,41,57,https://fm.cnbc.com/applications/cnbc.com/resources/editorialfiles/2025/04/21/fullsurveyliesmanhere.pdf,-16,NA,-18.779870971951567,2.168287793446678e-20
trade_tariffs,Pew Research Center,NA,2025-04-07,2025-04-13,3589,A,39,60,https://www.pewresearch.org/wp-content/uploads/sites/20/2025/04/pp_2025-4-23_trump-100-days_topline.pdf,-21,NA,-21.686911463873983,6.06816739045917e-20
economy,Grayhouse,America One Policies (super PAC),2025-04-10,2025-04-13,1100,RV,46,52,https://cdn.prod.website-files.com/5d02aaade6188137a65c8441/680be58cd7c3cb3acca58356_National%20Poll%20Results%20April%202025%20v2.pdf,-6,REP,-15.196632124557262,7.606065704635697e-21
immigration,Grayhouse,America One Policies (super PAC),2025-04-10,2025-04-13,1100,RV,54,44,https://cdn.prod.website-files.com/5d02aaade6188137a65c8441/680be58cd7c3cb3acca58356_National%20Poll%20Results%20April%202025%20v2.pdf,10,REP,0.8033678754427385,7.606065704635697e-21
immigration,AtlasIntel,NA,2025-04-10,2025-04-14,2347,A,46,52,https://cdn.atlasintel.org/e3edc86b-aac7-4ebe-9ef7-6a8346f658f6.pdf,-6,NA,-7.828953244831837,4.291809073402177e-20
economy,AtlasIntel,NA,2025-04-10,2025-04-14,2347,A,42,56,https://cdn.atlasintel.org/e3edc86b-aac7-4ebe-9ef7-6a8346f658f6.pdf,-14,NA,-15.828953244831837,4.291809073402177e-20
healthcare,AtlasIntel,NA,2025-04-10,2025-04-14,2347,A,38,55,https://cdn.atlasintel.org/e3edc86b-aac7-4ebe-9ef7-6a8346f658f6.pdf,-17,NA,-18.828953244831837,4.291809073402177e-20
inflation,Clarity Campaign Labs,NA,2025-04-09,2025-04-14,1008,RV,36,58,https://45840940.fs1.hubspotusercontent-na1.net/hubfs/45840940/Clarity%20Omnibus%20Overview_April%202025.pdf,-22,NA,-26.1079678686571,1.382584665967745e-20
economy,Clarity Campaign Labs,NA,2025-04-09,2025-04-14,1008,RV,43,51,https://45840940.fs1.hubspotusercontent-na1.net/hubfs/45840940/Clarity%20Omnibus%20Overview_April%202025.pdf,-8,NA,-12.107967868657099,1.382584665967745e-20
immigration,Clarity Campaign Labs,NA,2025-04-09,2025-04-14,1008,RV,48,45,https://45840940.fs1.hubspotusercontent-na1.net/hubfs/45840940/Clarity%20Omnibus%20Overview_April%202025.pdf,3,NA,-1.1079678686570986,1.382584665967745e-20
healthcare,Clarity Campaign Labs,NA,2025-04-09,2025-04-14,1008,RV,42,47,https://45840940.fs1.hubspotusercontent-na1.net/hubfs/45840940/Clarity%20Omnibus%20Overview_April%202025.pdf,-5,NA,-9.107967868657099,1.382584665967745e-20
economy,Echelon Insights,NA,2025-04-10,2025-04-14,1014,LV,44,52,https://echeloninsights.com/in-the-news/april-2025-verified-voter-omnibus-2-2-2-2/,-8,NA,-11.48860462488409,1.401440111265811e-20
immigration,Echelon Insights,NA,2025-04-10,2025-04-14,1014,LV,54,44,https://echeloninsights.com/in-the-news/april-2025-verified-voter-omnibus-2-2-2-2/,10,NA,6.51139537511591,1.401440111265811e-20
foreign_policy,Echelon Insights,NA,2025-04-10,2025-04-14,1014,LV,45,51,https://echeloninsights.com/in-the-news/april-2025-verified-voter-omnibus-2-2-2-2/,-6,NA,-9.48860462488409,1.401440111265811e-20
trade_tariffs,Echelon Insights,NA,2025-04-10,2025-04-14,1014,LV,40,55,https://echeloninsights.com/in-the-news/april-2025-verified-voter-omnibus-2-2-2-2/,-15,NA,-18.48860462488409,1.401440111265811e-20
economy,YouGov,The Economist,2025-04-13,2025-04-15,1512,A,42,49,https://d3nkl3psvxxpe9.cloudfront.net/documents/econTabReport_wmD8f2B.pdf,-7,NA,-8.14283126524682,7.478749444260484e-21
inflation,YouGov,The Economist,2025-04-13,2025-04-15,1512,A,37,55,https://d3nkl3psvxxpe9.cloudfront.net/documents/econTabReport_wmD8f2B.pdf,-18,NA,-19.14283126524682,7.478749444260484e-21
trade_tariffs,YouGov,The Economist,2025-04-13,2025-04-15,1512,A,38,54,https://d3nkl3psvxxpe9.cloudfront.net/documents/econTabReport_wmD8f2B.pdf,-16,NA,-17.14283126524682,7.478749444260484e-21
healthcare,YouGov,The Economist,2025-04-13,2025-04-15,1512,A,37,47,https://d3nkl3psvxxpe9.cloudfront.net/documents/econTabReport_wmD8f2B.pdf,-10,NA,-11.14283126524682,7.478749444260484e-21
crime,YouGov,The Economist,2025-04-13,2025-04-15,1512,A,45,41,https://d3nkl3psvxxpe9.cloudfront.net/documents/econTabReport_wmD8f2B.pdf,4,NA,2.8571687347531807,7.478749444260484e-21
economy,Civiqs,Daily Kos,2025-04-12,2025-04-15,1124,RV,46,54,https://civiqs.com/documents/Civiqs_DailyKos_banner_book_2025_04_ep2m5v1.pdf,-8,DEM,-7.616265165520488,5.423251149609141e-20
immigration,Civiqs,Daily Kos,2025-04-12,2025-04-15,1124,RV,49,51,https://civiqs.com/documents/Civiqs_DailyKos_banner_book_2025_04_ep2m5v1.pdf,-2,DEM,-1.6162651655204883,5.423251149609141e-20
trade_tariffs,RMG Research,Napolitan News Service,2025-04-14,2025-04-15,1000,RV,41,54,https://napolitannews.org/posts/support-for-trumps-handling-of-tariffs-continues-to-fall,-13,NA,-20.847069136431294,1.006988066439444e-20
economy,OH Predictive Insights,Center Square,2025-04-15,2025-04-18,2527,RV,43,54,https://bloximages.newyork1.vip.townnews.com/thecentersquare.com/content/tncms/assets/v3/editorial/4/1f/41f50a5a-e1f1-42f9-a450-525eec838a6d/680a44685a7c8.pdf.pdf,-11,NA,-15.335476567741338,1.477666823828516e-19
economy,American Research Group,NA,2025-04-17,2025-04-20,1100,A,39,57,https://americanresearchgroup.com/economy/,-18,NA,-7.566849231956191,2.4810755689973957e-20
inflation,SurveyMonkey,NBC News,2025-04-11,2025-04-20,19682,A,40,60,https://www.nbcnews.com/politics/trump-administration/poll-americans-vent-disappointment-trump-ahead-100-day-mark-especially-rcna202656,-20,NA,-17.05707446915897,2.545478437413578e-20
trade_tariffs,SurveyMonkey,NBC News,2025-04-11,2025-04-20,19682,A,39,61,https://www.nbcnews.com/politics/trump-administration/poll-americans-vent-disappointment-trump-ahead-100-day-mark-especially-rcna202656,-22,NA,-19.05707446915897,2.545478437413578e-20
immigration,SurveyMonkey,NBC News,2025-04-11,2025-04-20,19682,A,49,51,https://www.nbcnews.com/politics/trump-administration/poll-americans-vent-disappointment-trump-ahead-100-day-mark-especially-rcna202656,-2,NA,0.9429255308410305,2.545478437413578e-20
trade_tariffs,Data For Progress,NA,2025-04-18,2025-04-20,1204,LV,40,54,https://www.dataforprogress.org/memos/2025/4/24/approaching-100-days-in-office-voters-increasingly-disapprove-of-trumps-handling-of-the-economy,-14,NA,-17.24467220771912,3.184595976885954e-20
economy,Ipsos,Reuters,2025-04-16,2025-04-21,4306,A,37,51,https://www.ipsos.com/sites/default/files/ct/news/documents/2025-04/Reuters%20Ipsos%20Large%20Sample%20Poll%20April%202025%20Topline.pdf,-14,NA,-9.429889822926086,2.2864993093894508e-20
immigration,Ipsos,Reuters,2025-04-16,2025-04-21,4306,A,45,46,https://www.ipsos.com/sites/default/files/ct/news/documents/2025-04/Reuters%20Ipsos%20Large%20Sample%20Poll%20April%202025%20Topline.pdf,-1,NA,3.5701101770739143,2.2864993093894508e-20
trade_tariffs,Ipsos,Reuters,2025-04-16,2025-04-21,4306,A,36,52,https://www.ipsos.com/sites/default/files/ct/news/documents/2025-04/Reuters%20Ipsos%20Large%20Sample%20Poll%20April%202025%20Topline.pdf,-16,NA,-11.429889822926086,2.2864993093894508e-20
foreign_policy,Ipsos,Reuters,2025-04-16,2025-04-21,4306,A,36,49,https://www.ipsos.com/sites/default/files/ct/news/documents/2025-04/Reuters%20Ipsos%20Large%20Sample%20Poll%20April%202025%20Topline.pdf,-13,NA,-8.429889822926086,2.2864993093894508e-20
inflation,Ipsos,Reuters,2025-04-16,2025-04-21,4306,A,31,57,https://www.ipsos.com/sites/default/files/ct/news/documents/2025-04/Reuters%20Ipsos%20Large%20Sample%20Poll%20April%202025%20Topline.pdf,-26,NA,-21.429889822926086,2.2864993093894508e-20
economy,Beacon Research/Shaw & Co. Research,FOX News,2025-04-18,2025-04-21,1104,RV,38,56,https://www.foxnews.com/official-polls/fox-news-poll-first-100-days-president-trumps-second-term,-18,NA,-14.875018758966696,3.1352656077370127e-20
foreign_policy,Beacon Research/Shaw & Co. Research,FOX News,2025-04-18,2025-04-21,1104,RV,40,54,https://www.foxnews.com/official-polls/fox-news-poll-first-100-days-president-trumps-second-term,-14,NA,-10.875018758966696,3.1352656077370127e-20
immigration,Beacon Research/Shaw & Co. Research,FOX News,2025-04-18,2025-04-21,1104,RV,47,48,https://www.foxnews.com/official-polls/fox-news-poll-first-100-days-president-trumps-second-term,-1,NA,2.1249812410333035,3.1352656077370127e-20
inflation,Beacon Research/Shaw & Co. Research,FOX News,2025-04-18,2025-04-21,1104,RV,33,59,https://www.foxnews.com/official-polls/fox-news-poll-first-100-days-president-trumps-second-term,-26,NA,-22.875018758966696,3.1352656077370127e-20
trade_tariffs,Beacon Research/Shaw & Co. Research,FOX News,2025-04-18,2025-04-21,1104,RV,33,58,https://www.foxnews.com/official-polls/fox-news-poll-first-100-days-president-trumps-second-term,-25,NA,-21.875018758966696,3.1352656077370127e-20
economy,Ipsos,The Washington Post | ABC News,2025-04-18,2025-04-22,2464,A,39,61,https://docs.google.com/spreadsheets/d/1behUPOujHZSkw37RTdnt_2pCJESMDrglY_uYUeoWdvg/edit?gid=0#gid=0,-22,NA,-17.429889822926086,1.8676166922364316e-20
immigration,Ipsos,The Washington Post | ABC News,2025-04-18,2025-04-22,2464,A,46,53,https://docs.google.com/spreadsheets/d/1behUPOujHZSkw37RTdnt_2pCJESMDrglY_uYUeoWdvg/edit?gid=0#gid=0,-7,NA,-2.4298898229260857,1.8676166922364316e-20
trade_tariffs,Ipsos,The Washington Post | ABC News,2025-04-18,2025-04-22,2464,A,34,64,https://docs.google.com/spreadsheets/d/1behUPOujHZSkw37RTdnt_2pCJESMDrglY_uYUeoWdvg/edit?gid=0#gid=0,-30,NA,-25.429889822926093,1.8676166922364316e-20
economy,YouGov,The Economist,2025-04-19,2025-04-22,1625,A,43,54,https://d3nkl3psvxxpe9.cloudfront.net/documents/econTabReport_iR37dyy.pdf,-11,NA,-12.14283126524682,1.3341742225217735e-20
immigration,YouGov,The Economist,2025-04-19,2025-04-22,1625,A,46,52,https://d3nkl3psvxxpe9.cloudfront.net/documents/econTabReport_iR37dyy.pdf,-6,NA,-7.142831265246819,1.3341742225217735e-20
foreign_policy,YouGov,The Economist,2025-04-19,2025-04-22,1625,A,42,54,https://d3nkl3psvxxpe9.cloudfront.net/documents/econTabReport_iR37dyy.pdf,-12,NA,-13.14283126524682,1.3341742225217735e-20
inflation,YouGov,The Economist,2025-04-19,2025-04-22,1625,A,39,58,https://d3nkl3psvxxpe9.cloudfront.net/documents/econTabReport_iR37dyy.pdf,-19,NA,-20.14283126524682,1.3341742225217735e-20
crime,YouGov,The Economist,2025-04-19,2025-04-22,1625,A,44,45,https://d3nkl3psvxxpe9.cloudfront.net/documents/econTabReport_iR37dyy.pdf,-1,NA,-2.1428312652468193,1.3341742225217735e-20
economy,Marist College,NPR | PBS News,2025-04-21,2025-04-23,1439,A,39,55,https://maristpoll.marist.edu/wp-content/uploads/2025/04/NPR_PBS-News_Marist-Poll_USA-NOS-and-Tables_202504251028-2.pdf,-16,NA,-11.444127380785893,7.54422676201086e-20
foreign_policy,Marist College,NPR | PBS News,2025-04-21,2025-04-23,1439,A,39,53,https://maristpoll.marist.edu/wp-content/uploads/2025/04/NPR_PBS-News_Marist-Poll_USA-NOS-and-Tables_202504251028-2.pdf,-14,NA,-9.444127380785893,7.54422676201086e-20
immigration,Marist College,NPR | PBS News,2025-04-21,2025-04-23,1439,A,44,52,https://maristpoll.marist.edu/wp-content/uploads/2025/04/NPR_PBS-News_Marist-Poll_USA-NOS-and-Tables_202504251028-2.pdf,-8,NA,-3.4441273807858934,7.54422676201086e-20
trade_tariffs,Marist College,NPR | PBS News,2025-04-21,2025-04-23,1439,A,34,58,https://maristpoll.marist.edu/wp-content/uploads/2025/04/NPR_PBS-News_Marist-Poll_USA-NOS-and-Tables_202504251028-2.pdf,-24,NA,-19.444127380785893,7.54422676201086e-20
economy,SSRS,CNN,2025-04-17,2025-04-24,1476,RV,39,61,https://edition.cnn.com/.element/interactive/2025/04/REL5a-Trump-at-100days.pdf,-22,NA,-12.296134959057113,1.8457809229230506e-20
immigration,SSRS,CNN,2025-04-17,2025-04-24,1476,RV,45,54,https://edition.cnn.com/.element/interactive/2025/04/REL5a-Trump-at-100days.pdf,-9,NA,0.7038650409428868,1.8457809229230506e-20
foreign_policy,SSRS,CNN,2025-04-17,2025-04-24,1476,RV,39,60,https://edition.cnn.com/.element/interactive/2025/04/REL5a-Trump-at-100days.pdf,-21,NA,-11.296134959057113,1.8457809229230506e-20
inflation,SSRS,CNN,2025-04-17,2025-04-24,1476,RV,35,64,https://edition.cnn.com/.element/interactive/2025/04/REL5a-Trump-at-100days.pdf,-29,NA,-19.296134959057113,1.8457809229230506e-20
trade_tariffs,SSRS,CNN,2025-04-17,2025-04-24,1476,RV,35,65,https://edition.cnn.com/.element/interactive/2025/04/REL5a-Trump-at-100days.pdf,-30,NA,-20.296134959057113,1.8457809229230506e-20
economy,The New York Times/Siena College,NA,2025-04-21,2025-04-24,913,RV,43,55,https://www.nytimes.com/interactive/2025/04/25/us/elections/times-siena-poll-crosstabs.html,-12,NA,-9.445899197491634,6.30204599184077e-20
immigration,The New York Times/Siena College,NA,2025-04-21,2025-04-24,913,RV,47,51,https://www.nytimes.com/interactive/2025/04/25/us/elections/times-siena-poll-crosstabs.html,-4,NA,-1.4458991974916344,6.30204599184077e-20
trade_tariffs,The New York Times/Siena College,NA,2025-04-21,2025-04-24,913,RV,42,53,https://www.nytimes.com/interactive/2025/04/25/us/elections/times-siena-poll-crosstabs.html,-11,NA,-8.445899197491634,6.30204599184077e-20
economy,YouGov,CBS News,2025-04-23,2025-04-25,2365,A,42,58,https://www.cbsnews.com/news/cbs-news-poll-trump-100-days-tariffs/,-16,NA,-17.14283126524682,2.0462812884085624e-20
immigration,YouGov,CBS News,2025-04-23,2025-04-25,2365,A,49,51,https://www.cbsnews.com/news/cbs-news-poll-trump-100-days-tariffs/,-2,NA,-3.1428312652468193,2.0462812884085624e-20
inflation,YouGov,CBS News,2025-04-23,2025-04-25,2365,A,38,62,https://www.cbsnews.com/news/cbs-news-poll-trump-100-days-tariffs/,-24,NA,-25.14283126524682,2.0462812884085624e-20
economy,Ipsos,Reuters,2025-04-25,2025-04-27,1029,A,36,56,https://www.reuters.com/world/us/trumps-approval-steady-concerns-over-economy-immigration-rise-reutersipsos-poll-2025-04-29/,-20,NA,-15.429889822926086,1.7715024168731403e-20
immigration,Ipsos,Reuters,2025-04-25,2025-04-27,1029,A,45,48,https://www.reuters.com/world/us/trumps-approval-steady-concerns-over-economy-immigration-rise-reutersipsos-poll-2025-04-29/,-3,NA,1.5701101770739143,1.7715024168731403e-20
economy,YouGov,The Economist,2025-04-25,2025-04-28,1785,A,41,51,https://d3nkl3psvxxpe9.cloudfront.net/documents/econTabReport_fmq348X.pdf,-10,NA,-11.14283126524682,2.247616445991053e-20
trade_tariffs,YouGov,The Economist,2025-04-25,2025-04-28,1785,A,37,55,https://d3nkl3psvxxpe9.cloudfront.net/documents/econTabReport_fmq348X.pdf,-18,NA,-19.14283126524682,2.247616445991053e-20
immigration,YouGov,The Economist,2025-04-25,2025-04-28,1785,A,46,47,https://d3nkl3psvxxpe9.cloudfront.net/documents/econTabReport_fmq348X.pdf,-1,NA,-2.1428312652468193,2.247616445991053e-20
inflation,YouGov,The Economist,2025-04-25,2025-04-28,1785,A,36,57,https://d3nkl3psvxxpe9.cloudfront.net/documents/econTabReport_fmq348X.pdf,-21,NA,-22.14283126524682,2.247616445991053e-20
economy,YouGov,Yahoo News,2025-04-25,2025-04-28,1597,A,36,56,https://www.scribd.com/document/855435184/20250428-combined-trump100,-20,NA,-21.14283126524682,2.1259622520237357e-20
immigration,YouGov,Yahoo News,2025-04-25,2025-04-28,1597,A,48,46,https://www.scribd.com/document/855435184/20250428-combined-trump100,2,NA,0.8571687347531807,2.1259622520237357e-20
inflation,YouGov,Yahoo News,2025-04-25,2025-04-28,1597,A,31,59,https://www.scribd.com/document/855435184/20250428-combined-trump100,-28,NA,-29.142831265246823,2.1259622520237357e-20
trade_tariffs,Emerson College,NA,2025-04-25,2025-04-28,1000,RV,34,51,https://emersoncollegepolling.com/trump-100-days/,-17,NA,-18.08136718186453,1.2095014255682478e-19
economy,Emerson College,NA,2025-04-25,2025-04-28,1000,RV,37,49,https://emersoncollegepolling.com/trump-100-days/,-12,NA,-13.081367181864529,1.2095014255682478e-19
immigration,Emerson College,NA,2025-04-25,2025-04-28,1000,RV,45,44,https://emersoncollegepolling.com/trump-100-days/,1,NA,-0.08136718186452896,1.2095014255682478e-19
foreign_policy,Emerson College,NA,2025-04-25,2025-04-28,1000,RV,43,46,https://emersoncollegepolling.com/trump-100-days/,-3,NA,-4.081367181864529,1.2095014255682478e-19
trade_tariffs,Global Strategy Group/GBAO (Navigator Research),NA,2025-04-24,2025-04-28,1000,RV,38,53,https://navigatorresearch.org/wp-content/uploads/2025/04/Navigator-Update-04.30.2025.pdf,-15,NA,-14.573516623170725,2.9839397228208947e-20
economy,Global Strategy Group/GBAO (Navigator Research),NA,2025-04-24,2025-04-28,1000,RV,40,56,https://navigatorresearch.org/wp-content/uploads/2025/04/Navigator-Update-04.30.2025.pdf,-16,NA,-15.573516623170725,2.9839397228208947e-20
immigration,Global Strategy Group/GBAO (Navigator Research),NA,2025-04-24,2025-04-28,1000,RV,46,49,https://navigatorresearch.org/wp-content/uploads/2025/04/Navigator-Update-04.30.2025.pdf,-3,NA,-2.5735166231707254,2.9839397228208947e-20
inflation,Global Strategy Group/GBAO (Navigator Research),NA,2025-04-24,2025-04-28,1000,RV,32,61,https://navigatorresearch.org/wp-content/uploads/2025/04/Navigator-Update-04.30.2025.pdf,-29,NA,-28.57351662317073,2.9839397228208947e-20
healthcare,Global Strategy Group/GBAO (Navigator Research),NA,2025-04-24,2025-04-28,1000,RV,41,49,https://navigatorresearch.org/wp-content/uploads/2025/04/Navigator-Update-04.30.2025.pdf,-8,NA,-7.573516623170725,2.9839397228208947e-20
foreign_policy,Global Strategy Group/GBAO (Navigator Research),NA,2025-04-24,2025-04-28,1000,RV,41,49,https://navigatorresearch.org/wp-content/uploads/2025/04/Navigator-Update-04.30.2025.pdf,-8,NA,-7.573516623170725,2.9839397228208947e-20
trade_tariffs,Morning Consult,NA,2025-05-02,2025-05-04,2263,RV,42,49,https://pro.morningconsult.com/trackers/donald-trump-congress-policy-republicans-polling,-7,NA,-20.719085250761303,3.4732263974318157e-20
immigration,Morning Consult,NA,2025-05-02,2025-05-04,2263,RV,53,41,https://pro.morningconsult.com/trackers/donald-trump-congress-policy-republicans-polling,12,NA,-1.719085250761303,3.4732263974318157e-20
economy,YouGov,The Economist,2025-05-02,2025-05-05,1850,A,40,51,https://d3nkl3psvxxpe9.cloudfront.net/documents/econTabReport_wZDAeTq.pdf,-11,NA,-12.14283126524682,3.944089515263852e-20
trade_tariffs,YouGov,The Economist,2025-05-02,2025-05-05,1850,A,36,53,https://d3nkl3psvxxpe9.cloudfront.net/documents/econTabReport_wZDAeTq.pdf,-17,NA,-18.14283126524682,3.944089515263852e-20
immigration,YouGov,The Economist,2025-05-02,2025-05-05,1850,A,45,47,https://d3nkl3psvxxpe9.cloudfront.net/documents/econTabReport_wZDAeTq.pdf,-2,NA,-3.1428312652468193,3.944089515263852e-20
healthcare,YouGov,The Economist,2025-05-02,2025-05-05,1850,A,36,48,https://d3nkl3psvxxpe9.cloudfront.net/documents/econTabReport_wZDAeTq.pdf,-12,NA,-13.14283126524682,3.944089515263852e-20
crime,YouGov,The Economist,2025-05-02,2025-05-05,1850,A,45,42,https://d3nkl3psvxxpe9.cloudfront.net/documents/econTabReport_wZDAeTq.pdf,3,NA,1.8571687347531807,3.944089515263852e-20
inflation,YouGov,The Economist,2025-05-02,2025-05-05,1850,A,35,56,https://d3nkl3psvxxpe9.cloudfront.net/documents/econTabReport_wZDAeTq.pdf,-21,NA,-22.14283126524682,3.944089515263852e-20
immigration,AP-NORC,NA,2025-05-01,2025-05-05,1175,LV,49,51,https://apnorc.org/wp-content/uploads/2025/05/may-2025-Higher-Ed-topline.pdf,-2,NA,6.321584126084957,1.8801002895056635e-20
economy,AP-NORC,NA,2025-05-01,2025-05-05,1175,LV,36,63,https://apnorc.org/wp-content/uploads/2025/05/may-2025-Higher-Ed-topline.pdf,-27,NA,-18.678415873915043,1.8801002895056635e-20
economy,Verasight,Strength In Numbers,2025-05-01,2025-05-06,1000,A,38,55,https://www.gelliottmorris.com/p/new-poll-americans-oppose-trumps,-17,NA,-15.26574860140164,1.361245625742265e-20
immigration,Verasight,Strength In Numbers,2025-05-01,2025-05-06,1000,A,47,49,https://www.gelliottmorris.com/p/new-poll-americans-oppose-trumps,-2,NA,-0.2657486014016399,1.361245625742265e-20
inflation,Verasight,Strength In Numbers,2025-05-01,2025-05-06,1000,A,31,63,https://www.gelliottmorris.com/p/new-poll-americans-oppose-trumps,-32,NA,-30.26574860140164,1.361245625742265e-20
trade_tariffs,Verasight,Strength In Numbers,2025-05-01,2025-05-06,1000,A,36,57,https://www.gelliottmorris.com/p/new-poll-americans-oppose-trumps,-21,NA,-19.26574860140164,1.361245625742265e-20
foreign_policy,Verasight,Strength In Numbers,2025-05-01,2025-05-06,1000,A,38,54,https://www.gelliottmorris.com/p/new-poll-americans-oppose-trumps,-16,NA,-14.26574860140164,1.361245625742265e-20
healthcare,Verasight,Strength In Numbers,2025-05-01,2025-05-06,1000,A,36,52,https://www.gelliottmorris.com/p/new-poll-americans-oppose-trumps,-16,NA,-14.26574860140164,1.361245625742265e-20
immigration,Morning Consult,NA,2025-05-09,2025-05-11,2221,RV,51,44,https://pro.morningconsult.com/trackers/donald-trump-congress-policy-republicans-polling,7,NA,-6.719085250761303,5.888415249540471e-20
economy,Morning Consult,NA,2025-05-09,2025-05-11,2221,RV,46,48,https://pro.morningconsult.com/trackers/donald-trump-congress-policy-republicans-polling,-2,NA,-15.719085250761303,5.888415249540471e-20
trade_tariffs,Morning Consult,NA,2025-05-09,2025-05-11,2221,RV,45,46,https://pro.morningconsult.com/trackers/donald-trump-congress-policy-republicans-polling,-1,NA,-14.719085250761303,5.888415249540471e-20
economy,YouGov,The Economist,2025-05-09,2025-05-12,1786,A,42,50,https://d3nkl3psvxxpe9.cloudfront.net/documents/econTabReport_tDmEBHo.pdf,-8,NA,-9.14283126524682,6.710108717110157e-20
immigration,YouGov,The Economist,2025-05-09,2025-05-12,1786,A,50,46,https://d3nkl3psvxxpe9.cloudfront.net/documents/econTabReport_tDmEBHo.pdf,4,NA,2.8571687347531807,6.710108717110157e-20
healthcare,YouGov,The Economist,2025-05-09,2025-05-12,1786,A,40,46,https://d3nkl3psvxxpe9.cloudfront.net/documents/econTabReport_tDmEBHo.pdf,-6,NA,-7.142831265246819,6.710108717110157e-20
crime,YouGov,The Economist,2025-05-09,2025-05-12,1786,A,49,40,https://d3nkl3psvxxpe9.cloudfront.net/documents/econTabReport_tDmEBHo.pdf,9,NA,7.857168734753181,6.710108717110157e-20
inflation,YouGov,The Economist,2025-05-09,2025-05-12,1786,A,35,57,https://d3nkl3psvxxpe9.cloudfront.net/documents/econTabReport_tDmEBHo.pdf,-22,NA,-23.14283126524682,6.710108717110157e-20
trade_tariffs,YouGov,The Economist,2025-05-09,2025-05-12,1786,A,38,53,https://d3nkl3psvxxpe9.cloudfront.net/documents/econTabReport_tDmEBHo.pdf,-15,NA,-16.14283126524682,6.710108717110157e-20
trade_tariffs,Echelon Insights,NA,2025-05-08,2025-05-12,1000,LV,42,54,https://echelonin.wpenginepowered.com/wp-content/uploads/May-2025-Voter-Omnibus-Topline-External.pdf,-12,NA,-15.48860462488409,1.2282893638682146e-19
economy,Echelon Insights,NA,2025-05-08,2025-05-12,1000,LV,44,54,https://echelonin.wpenginepowered.com/wp-content/uploads/May-2025-Voter-Omnibus-Topline-External.pdf,-10,NA,-13.48860462488409,1.2282893638682146e-19
immigration,Echelon Insights,NA,2025-05-08,2025-05-12,1000,LV,53,45,https://echelonin.wpenginepowered.com/wp-content/uploads/May-2025-Voter-Omnibus-Topline-External.pdf,8,NA,4.51139537511591,1.2282893638682146e-19
foreign_policy,Echelon Insights,NA,2025-05-08,2025-05-12,1000,LV,47,50,https://echelonin.wpenginepowered.com/wp-content/uploads/May-2025-Voter-Omnibus-Topline-External.pdf,-3,NA,-6.48860462488409,1.2282893638682146e-19
immigration,Ipsos,Reuters,2025-05-12,2025-05-13,1163,A,47,47,https://www.ipsos.com/sites/default/files/ct/news/documents/2025-05/Reuters%20Ipsos%20Issues%20Survey%20May%202025_2.pdf,0,NA,4.570110177073914,6.608854277679752e-20
economy,Ipsos,Reuters,2025-05-12,2025-05-13,1163,A,39,52,https://www.ipsos.com/sites/default/files/ct/news/documents/2025-05/Reuters%20Ipsos%20Issues%20Survey%20May%202025_2.pdf,-13,NA,-8.429889822926086,6.608854277679752e-20
foreign_policy,Ipsos,Reuters,2025-05-12,2025-05-13,1163,A,40,48,https://www.ipsos.com/sites/default/files/ct/news/documents/2025-05/Reuters%20Ipsos%20Issues%20Survey%20May%202025_2.pdf,-8,NA,-3.4298898229260857,6.608854277679752e-20
trade_tariffs,Ipsos,Reuters,2025-05-12,2025-05-13,1163,A,38,53,https://www.ipsos.com/sites/default/files/ct/news/documents/2025-05/Reuters%20Ipsos%20Issues%20Survey%20May%202025_2.pdf,-15,NA,-10.429889822926086,6.608854277679752e-20
inflation,Ipsos,Reuters,2025-05-12,2025-05-13,1163,A,31,59,https://www.ipsos.com/sites/default/files/ct/news/documents/2025-05/Reuters%20Ipsos%20Issues%20Survey%20May%202025_2.pdf,-28,NA,-23.429889822926086,6.608854277679752e-20
trade_tariffs,RMG Research,Napolitan News Service,2025-05-12,2025-05-13,1000,RV,47,48,https://napolitannews.org/posts/47-percent-now-approve-of-trump-on-tariffs,-1,NA,-8.847069136431294,8.717994733262038e-20
economy,Marquette University Law School,NA,2025-05-05,2025-05-15,1004,A,43,58,https://law.marquette.edu/poll/wp-content/uploads/2025/05/MLSPSC26Toplines_NationalIssues.html,-15,NA,-6.824396463564909,2.455302235737294e-19
inflation,Marquette University Law School,NA,2025-05-05,2025-05-15,1004,A,34,65,https://law.marquette.edu/poll/wp-content/uploads/2025/05/MLSPSC26Toplines_NationalIssues.html,-31,NA,-22.82439646356491,2.455302235737294e-19
immigration,Marquette University Law School,NA,2025-05-05,2025-05-15,1004,A,50,50,https://law.marquette.edu/poll/wp-content/uploads/2025/05/MLSPSC26Toplines_NationalIssues.html,0,NA,8.17560353643509,2.455302235737294e-19
foreign_policy,Marquette University Law School,NA,2025-05-05,2025-05-15,1004,A,44,57,https://law.marquette.edu/poll/wp-content/uploads/2025/05/MLSPSC26Toplines_NationalIssues.html,-13,NA,-4.824396463564909,2.455302235737294e-19
trade_tariffs,Marquette University Law School,NA,2025-05-05,2025-05-15,1004,A,36,63,https://law.marquette.edu/poll/wp-content/uploads/2025/05/MLSPSC26Toplines_NationalIssues.html,-27,NA,-18.82439646356491,2.455302235737294e-19
immigration,Harris Insights & Analytics,Harvard CAPS,2025-05-14,2025-05-15,1903,RV,51,42,https://harvardharrispoll.com/wp-content/uploads/2025/05/HHP_May2025_KeyResults.pdf,9,NA,0.5248576233246851,1.625826826668912e-19
economy,Harris Insights & Analytics,Harvard CAPS,2025-05-14,2025-05-15,1903,RV,46,48,https://harvardharrispoll.com/wp-content/uploads/2025/05/HHP_May2025_KeyResults.pdf,-2,NA,-10.475142376675315,1.625826826668912e-19
inflation,Harris Insights & Analytics,Harvard CAPS,2025-05-14,2025-05-15,1903,RV,43,50,https://harvardharrispoll.com/wp-content/uploads/2025/05/HHP_May2025_KeyResults.pdf,-7,NA,-15.475142376675315,1.625826826668912e-19
trade_tariffs,Harris Insights & Analytics,Harvard CAPS,2025-05-14,2025-05-15,1903,RV,42,50,https://harvardharrispoll.com/wp-content/uploads/2025/05/HHP_May2025_KeyResults.pdf,-8,NA,-16.475142376675315,1.625826826668912e-19
foreign_policy,Harris Insights & Analytics,Harvard CAPS,2025-05-14,2025-05-15,1903,RV,46,45,https://harvardharrispoll.com/wp-content/uploads/2025/05/HHP_May2025_KeyResults.pdf,1,NA,-7.475142376675315,1.625826826668912e-19
economy,Ipsos,Reuters,2025-05-16,2025-05-18,1024,A,39,53,https://www.reuters.com/world/us/trumps-approval-rating-ticks-lower-economic-concerns-weigh-reutersipsos-poll-2025-05-20/,-14,NA,-9.429889822926086,9.102338111759726e-20
immigration,Ipsos,Reuters,2025-05-16,2025-05-18,1024,A,47,45,https://www.reuters.com/world/us/trumps-approval-rating-ticks-lower-economic-concerns-weigh-reutersipsos-poll-2025-05-20/,2,NA,6.570110177073914,9.102338111759726e-20
foreign_policy,Ipsos,Reuters,2025-05-16,2025-05-18,1024,A,41,48,https://www.reuters.com/world/us/trumps-approval-rating-ticks-lower-economic-concerns-weigh-reutersipsos-poll-2025-05-20/,-7,NA,-2.4298898229260857,9.102338111759726e-20
inflation,Ipsos,Reuters,2025-05-16,2025-05-18,1024,A,33,58,https://www.reuters.com/world/us/trumps-approval-rating-ticks-lower-economic-concerns-weigh-reutersipsos-poll-2025-05-20/,-25,NA,-20.429889822926086,9.102338111759726e-20
economy,Global Strategy Group/GBAO (Navigator Research),NA,2025-05-15,2025-05-18,1000,RV,42,56,https://navigatorresearch.org/wp-content/uploads/2025/05/Navigator-Update-Topline-F05.19.25-1.pdf,-14,NA,-13.573516623170725,1.5092928745499e-19
economy,YouGov,The Economist,2025-05-16,2025-05-19,1710,A,41,48,https://d3nkl3psvxxpe9.cloudfront.net/documents/econTabReport_wObz24u.pdf,-7,NA,-8.14283126524682,1.1354766254674442e-19
immigration,YouGov,The Economist,2025-05-16,2025-05-19,1710,A,48,45,https://d3nkl3psvxxpe9.cloudfront.net/documents/econTabReport_wObz24u.pdf,3,NA,1.8571687347531807,1.1354766254674442e-19
foreign_policy,YouGov,The Economist,2025-05-16,2025-05-19,1710,A,43,47,https://d3nkl3psvxxpe9.cloudfront.net/documents/econTabReport_wObz24u.pdf,-4,NA,-5.142831265246819,1.1354766254674442e-19
crime,YouGov,The Economist,2025-05-16,2025-05-19,1710,A,46,40,https://d3nkl3psvxxpe9.cloudfront.net/documents/econTabReport_wObz24u.pdf,6,NA,4.857168734753181,1.1354766254674442e-19
inflation,YouGov,The Economist,2025-05-16,2025-05-19,1710,A,39,53,https://d3nkl3psvxxpe9.cloudfront.net/documents/econTabReport_wObz24u.pdf,-14,NA,-15.14283126524682,1.1354766254674442e-19
trade_tariffs,YouGov,The Economist,2025-05-16,2025-05-19,1710,A,41,49,https://d3nkl3psvxxpe9.cloudfront.net/documents/econTabReport_wObz24u.pdf,-8,NA,-9.14283126524682,1.1354766254674442e-19
immigration,Morning Consult,NA,2025-05-16,2025-05-19,2208,RV,53,40,https://pro.morningconsult.com/trackers/donald-trump-congress-policy-republicans-polling,13,NA,-0.719085250761303,1.0891478088899373e-19
economy,Morning Consult,NA,2025-05-16,2025-05-19,2208,RV,45,47,https://pro.morningconsult.com/trackers/donald-trump-congress-policy-republicans-polling,-2,NA,-15.719085250761303,1.0891478088899373e-19
trade_tariffs,Morning Consult,NA,2025-05-16,2025-05-19,2208,RV,46,46,https://pro.morningconsult.com/trackers/donald-trump-congress-policy-republicans-polling,0,NA,-13.719085250761303,1.0891478088899373e-19
economy,American Research Group,NA,2025-05-17,2025-05-20,1100,A,37,60,https://americanresearchgroup.com/economy/,-23,NA,-12.56684923195619,2.5574341590289253e-19
immigration,Civiqs,Daily Kos,2025-05-17,2025-05-20,1018,RV,47,52,https://civiqs.com/documents/Civiqs_DailyKos_banner_book_2025_05_x3b1sp.pdf,-5,DEM,-4.616265165520488,1.3121326565068193e-18
immigration,Morning Consult,NA,2025-05-23,2025-05-25,2208,RV,53,40,https://pro.morningconsult.com/trackers/donald-trump-congress-policy-republicans-polling,13,NA,-0.719085250761303,1.7261829478935967e-19
economy,Morning Consult,NA,2025-05-23,2025-05-25,2208,RV,46,47,https://pro.morningconsult.com/trackers/donald-trump-congress-policy-republicans-polling,-1,NA,-14.719085250761303,1.7261829478935967e-19
trade_tariffs,Morning Consult,NA,2025-05-23,2025-05-25,2208,RV,47,45,https://pro.morningconsult.com/trackers/donald-trump-congress-policy-republicans-polling,2,NA,-11.719085250761303,1.7261829478935967e-19
economy,YouGov,The Economist,2025-05-23,2025-05-26,1660,A,42,51,https://d3nkl3psvxxpe9.cloudfront.net/documents/econTabReport_WokQXF7.pdf,-9,NA,-10.14283126524682,1.932199589040202e-19
inflation,YouGov,The Economist,2025-05-23,2025-05-26,1660,A,38,56,https://d3nkl3psvxxpe9.cloudfront.net/documents/econTabReport_WokQXF7.pdf,-18,NA,-19.14283126524682,1.932199589040202e-19
immigration,YouGov,The Economist,2025-05-23,2025-05-26,1660,A,48,48,https://d3nkl3psvxxpe9.cloudfront.net/documents/econTabReport_WokQXF7.pdf,0,NA,-1.1428312652468193,1.932199589040202e-19
immigration,AtlasIntel,NA,2025-05-21,2025-05-27,3469,A,47,53,https://atlasintel.org/poll/usa-national-2025-05-30,-6,NA,-7.828953244831837,1.5046728613892885e-18
economy,AtlasIntel,NA,2025-05-21,2025-05-27,3469,A,42,54,https://atlasintel.org/poll/usa-national-2025-05-30,-12,NA,-13.828953244831837,1.5046728613892885e-18
trade_tariffs,AtlasIntel,NA,2025-05-21,2025-05-27,3469,A,42,54,https://atlasintel.org/poll/usa-national-2025-05-30,-12,NA,-13.828953244831837,1.5046728613892885e-18
healthcare,AtlasIntel,NA,2025-05-21,2025-05-27,3469,A,38,53,https://atlasintel.org/poll/usa-national-2025-05-30,-15,NA,-16.828953244831837,1.5046728613892885e-18
immigration,RMG Research,Napolitan News Service,2025-05-28,2025-05-29,1000,RV,56,42,https://napolitannews.org/posts/voters-rate-trumps-performance-on-key-issues,14,NA,6.152930863568706,2.990943566222712e-19
healthcare,RMG Research,Napolitan News Service,2025-05-28,2025-05-29,1000,RV,47,51,https://napolitannews.org/posts/voters-rate-trumps-performance-on-key-issues,-4,NA,-11.847069136431294,2.990943566222712e-19
economy,RMG Research,Napolitan News Service,2025-05-28,2025-05-29,1000,RV,44,55,https://napolitannews.org/posts/voters-rate-trumps-performance-on-key-issues,-11,NA,-18.847069136431294,2.990943566222712e-19
inflation,RMG Research,Napolitan News Service,2025-05-28,2025-05-29,1000,RV,44,54,https://napolitannews.org/posts/voters-rate-trumps-performance-on-key-issues,-10,NA,-17.847069136431294,2.990943566222712e-19
immigration,John Zogby Strategies,NA,2025-05-28,2025-05-29,1000,LV,56,39.6,https://johnzogbystrategies.com/wp-content/uploads/2025/06/Job-Approval-052825.pdf,16.4,NA,6.782758972793118,4.0028709232015797e-19
economy,John Zogby Strategies,NA,2025-05-28,2025-05-29,1000,LV,45.6,49.6,https://johnzogbystrategies.com/wp-content/uploads/2025/06/Job-Approval-052825.pdf,-4,NA,-13.61724102720688,4.0028709232015797e-19
trade_tariffs,John Zogby Strategies,NA,2025-05-28,2025-05-29,1000,LV,43.7,50.9,https://johnzogbystrategies.com/wp-content/uploads/2025/06/Job-Approval-052825.pdf,-7.2,NA,-16.817241027206876,4.0028709232015797e-19
economy,YouGov,The Economist,2025-05-30,2025-06-02,1610,A,42,50,https://d3nkl3psvxxpe9.cloudfront.net/documents/econTabReport_MV984ah.pdf,-8,NA,-9.14283126524682,3.2870261402378474e-19
inflation,YouGov,The Economist,2025-05-30,2025-06-02,1610,A,39,54,https://d3nkl3psvxxpe9.cloudfront.net/documents/econTabReport_MV984ah.pdf,-15,NA,-16.14283126524682,3.2870261402378474e-19
immigration,YouGov,The Economist,2025-05-30,2025-06-02,1610,A,50,43,https://d3nkl3psvxxpe9.cloudfront.net/documents/econTabReport_MV984ah.pdf,7,NA,5.857168734753181,3.2870261402378474e-19
immigration,Grayhouse,America One Policies (super PAC),2025-05-29,2025-06-02,2000,RV,52,45,https://cdn.prod.website-files.com/5d02aaade6188137a65c8441/68497a1576e3c04cb20aaf19_Reconciliation%20Polling%20Survey.pdf,7,REP,-2.1966321245572615,5.632606506109809e-19
economy,Grayhouse,America One Policies (super PAC),2025-05-29,2025-06-02,2000,RV,47,49,https://cdn.prod.website-files.com/5d02aaade6188137a65c8441/68497a1576e3c04cb20aaf19_Reconciliation%20Polling%20Survey.pdf,-2,REP,-11.196632124557262,5.632606506109809e-19
immigration,Morning Consult,NA,2025-05-30,2025-06-02,2205,RV,53,41,https://pro.morningconsult.com/trackers/donald-trump-congress-policy-republicans-polling,12,NA,-1.719085250761303,3.206476571059912e-19
economy,Morning Consult,NA,2025-05-30,2025-06-02,2205,RV,47,47,https://pro.morningconsult.com/trackers/donald-trump-congress-policy-republicans-polling,0,NA,-13.719085250761303,3.206476571059912e-19
trade_tariffs,Morning Consult,NA,2025-05-30,2025-06-02,2205,RV,47,45,https://pro.morningconsult.com/trackers/donald-trump-congress-policy-republicans-polling,2,NA,-11.719085250761303,3.206476571059912e-19
foreign_policy,Morning Consult,NA,2025-05-30,2025-06-02,2205,RV,47,44,https://pro.morningconsult.com/trackers/donald-trump-congress-policy-republicans-polling,3,NA,-10.719085250761303,3.206476571059912e-19
healthcare,Morning Consult,NA,2025-05-30,2025-06-02,2205,RV,45,45,https://pro.morningconsult.com/trackers/donald-trump-congress-policy-republicans-polling,0,NA,-13.719085250761303,3.206476571059912e-19
trade_tariffs,RMG Research,Napolitan News Service,2025-06-02,2025-06-03,1000,RV,48,47,https://napolitannews.org/posts/trump-approval-on-tariffs-hits-highest-level-recorded,1,NA,-6.847069136431294,4.390104776000649e-19
economy,YouGov,CBS News,2025-06-04,2025-06-06,2428,A,42,58,https://www.cbsnews.com/news/deportation-immigration-opinion-poll/,-16,NA,-17.14283126524682,5.539673353625492e-19
inflation,YouGov,CBS News,2025-06-04,2025-06-06,2428,A,39,61,https://www.cbsnews.com/news/deportation-immigration-opinion-poll/,-22,NA,-23.14283126524682,5.539673353625492e-19
immigration,YouGov,CBS News,2025-06-04,2025-06-06,2428,A,50,50,https://www.cbsnews.com/news/deportation-immigration-opinion-poll/,0,NA,-1.1428312652468193,5.539673353625492e-19
immigration,Morning Consult,NA,2025-06-06,2025-06-08,1867,RV,51,42,https://pro.morningconsult.com/trackers/donald-trump-congress-policy-republicans-polling,9,NA,-4.719085250761303,4.704316468643005e-19
economy,Morning Consult,NA,2025-06-06,2025-06-08,1867,RV,45,48,https://pro.morningconsult.com/trackers/donald-trump-congress-policy-republicans-polling,-3,NA,-16.719085250761303,4.704316468643005e-19
trade_tariffs,Morning Consult,NA,2025-06-06,2025-06-08,1867,RV,45,46,https://pro.morningconsult.com/trackers/donald-trump-congress-policy-republicans-polling,-1,NA,-14.719085250761303,4.704316468643005e-19
immigration,AP-NORC,NA,2025-06-05,2025-06-09,1158,A,46,53,https://apnorc.org/wp-content/uploads/2025/06/June-Topline-Parade.pdf,-7,NA,0.9262617194391112,2.7898455640921458e-19
trade_tariffs,AP-NORC,NA,2025-06-05,2025-06-09,1158,A,38,60,https://apnorc.org/wp-content/uploads/2025/06/June-Topline-Parade.pdf,-22,NA,-14.073738280560889,2.7898455640921458e-19
economy,AP-NORC,NA,2025-06-05,2025-06-09,1158,A,38,60,https://apnorc.org/wp-content/uploads/2025/06/June-Topline-Parade.pdf,-22,NA,-14.073738280560889,2.7898455640921458e-19
economy,YouGov,The Economist,2025-06-06,2025-06-09,1533,A,41,51,https://d3nkl3psvxxpe9.cloudfront.net/documents/econTabReport_B2kkifF.pdf,-10,NA,-11.14283126524682,5.541545373951775e-19
inflation,YouGov,The Economist,2025-06-06,2025-06-09,1533,A,37,55,https://d3nkl3psvxxpe9.cloudfront.net/documents/econTabReport_B2kkifF.pdf,-18,NA,-19.14283126524682,5.541545373951775e-19
immigration,YouGov,The Economist,2025-06-06,2025-06-09,1533,A,49,45,https://d3nkl3psvxxpe9.cloudfront.net/documents/econTabReport_B2kkifF.pdf,4,NA,2.8571687347531807,5.541545373951775e-19
healthcare,YouGov,The Economist,2025-06-06,2025-06-09,1533,A,33,53,https://d3nkl3psvxxpe9.cloudfront.net/documents/econTabReport_B2kkifF.pdf,-20,NA,-21.14283126524682,5.541545373951775e-19
economy,Global Strategy Group/GBAO (Navigator Research),NA,2025-06-05,2025-06-09,1000,RV,41,57,https://navigatorresearch.org/wp-content/uploads/2025/06/Navigator-June-1-Topline-F06.09.26.pdf?emci=a9b05989-dd46-f011-8f7c-6045bdfe8e9c&emdi=4d359ee8-7147-f011-8f7c-6045bdfe8e9c&ceid=1590570,-16,NA,-15.573516623170725,8.298526731586523e-19
immigration,Quinnipiac University,NA,2025-06-05,2025-06-09,1265,RV,43,54,https://poll.qu.edu/poll-release?releaseid=3924,-11,NA,-8.93666773944264,1.3606730145906957e-18
economy,Quinnipiac University,NA,2025-06-05,2025-06-09,1265,RV,40,56,https://poll.qu.edu/poll-release?releaseid=3924,-16,NA,-13.93666773944264,1.3606730145906957e-18
trade_tariffs,Quinnipiac University,NA,2025-06-05,2025-06-09,1265,RV,38,57,https://poll.qu.edu/poll-release?releaseid=3924,-19,NA,-16.93666773944264,1.3606730145906957e-18
immigration,SurveyMonkey,NBC News,2025-05-30,2025-06-10,19410,A,51,49,https://s3.documentcloud.org/documents/25976104/nbc-news-decision-desk-poll-june-15-2025-topline.pdf,2,NA,4.9429255308410305,1.4545916783397925e-18
inflation,SurveyMonkey,NBC News,2025-05-30,2025-06-10,19410,A,39,61,https://s3.documentcloud.org/documents/25976104/nbc-news-decision-desk-poll-june-15-2025-topline.pdf,-22,NA,-19.05707446915897,1.4545916783397925e-18
trade_tariffs,SurveyMonkey,NBC News,2025-05-30,2025-06-10,19410,A,40,60,https://s3.documentcloud.org/documents/25976104/nbc-news-decision-desk-poll-june-15-2025-topline.pdf,-20,NA,-17.05707446915897,1.4545916783397925e-18
immigration,The Washington Post,NA,2025-06-10,2025-06-10,1015,A,37,52,https://www.washingtonpost.com/documents/e75c57e0-10f1-4290-b89b-f20ea6c9dc28.pdf,-15,NA,-4.880720994611615,1.1297993419386329e-17
immigration,J.L. Partners,Daily Mail,2025-06-10,2025-06-11,1807,RV,46,37,https://www.dailymail.co.uk/news/article-14803593/donald-trump-poll-approval-rating-la-riots.html,9,NA,3.5126026395696073,4.74242329456407e-18
inflation,Verasight,Strength In Numbers,2025-06-06,2025-06-12,1500,A,33,62,https://www.gelliottmorris.com/p/trump-approval-at-42-democrats-up,-29,NA,-27.26574860140164,2.9374358619302754e-19
healthcare,Verasight,Strength In Numbers,2025-06-06,2025-06-12,1500,A,36,55,https://www.gelliottmorris.com/p/trump-approval-at-42-democrats-up,-19,NA,-17.26574860140164,2.9374358619302754e-19
trade_tariffs,Verasight,Strength In Numbers,2025-06-06,2025-06-12,1500,A,38,55,https://www.gelliottmorris.com/p/trump-approval-at-42-democrats-up,-17,NA,-15.26574860140164,2.9374358619302754e-19
foreign_policy,Verasight,Strength In Numbers,2025-06-06,2025-06-12,1500,A,39,53,https://www.gelliottmorris.com/p/trump-approval-at-42-democrats-up,-14,NA,-12.26574860140164,2.9374358619302754e-19
economy,Verasight,Strength In Numbers,2025-06-06,2025-06-12,1500,A,41,53,https://www.gelliottmorris.com/p/trump-approval-at-42-democrats-up,-12,NA,-10.26574860140164,2.9374358619302754e-19
immigration,Verasight,Strength In Numbers,2025-06-06,2025-06-12,1500,A,46,49,https://www.gelliottmorris.com/p/trump-approval-at-42-democrats-up,-3,NA,-1.26574860140164,2.9374358619302754e-19
foreign_policy,Harris Insights & Analytics,Harvard CAPS,2025-06-11,2025-06-12,2097,RV,45,55,https://harvardharrispoll.com/wp-content/uploads/2025/06/HHP_June2025_KeyResults.pdf,-10,NA,-18.475142376675315,1.507265399169896e-18
economy,Harris Insights & Analytics,Harvard CAPS,2025-06-11,2025-06-12,2097,RV,44,56,https://harvardharrispoll.com/wp-content/uploads/2025/06/HHP_June2025_KeyResults.pdf,-12,NA,-20.475142376675315,1.507265399169896e-18
immigration,Harris Insights & Analytics,Harvard CAPS,2025-06-11,2025-06-12,2097,RV,49,51,https://harvardharrispoll.com/wp-content/uploads/2025/06/HHP_June2025_KeyResults.pdf,-2,NA,-10.475142376675315,1.507265399169896e-18
inflation,Harris Insights & Analytics,Harvard CAPS,2025-06-11,2025-06-12,2097,RV,42,58,https://harvardharrispoll.com/wp-content/uploads/2025/06/HHP_June2025_KeyResults.pdf,-16,NA,-24.475142376675315,1.507265399169896e-18
trade_tariffs,Harris Insights & Analytics,Harvard CAPS,2025-06-11,2025-06-12,2097,RV,41,52,https://harvardharrispoll.com/wp-content/uploads/2025/06/HHP_June2025_KeyResults.pdf,-11,NA,-19.475142376675315,1.507265399169896e-18
inflation,Clarity Campaign Labs,NA,2025-06-05,2025-06-14,1000,RV,36,60,https://static1.squarespace.com/static/61ae8d5e55be5c7314b4c83a/t/6852fc5a3ac4c05449fc450e/1750269023826/Clarity+Omnibus+Overview+-+June+2025+%5BPUBLIC%5D.pdf,-24,NA,-28.1079678686571,1.5476610622990158e-18
economy,Clarity Campaign Labs,NA,2025-06-05,2025-06-14,1000,RV,46,49,https://static1.squarespace.com/static/61ae8d5e55be5c7314b4c83a/t/6852fc5a3ac4c05449fc450e/1750269023826/Clarity+Omnibus+Overview+-+June+2025+%5BPUBLIC%5D.pdf,-3,NA,-7.107967868657099,1.5476610622990158e-18
immigration,Clarity Campaign Labs,NA,2025-06-05,2025-06-14,1000,RV,50,47,https://static1.squarespace.com/static/61ae8d5e55be5c7314b4c83a/t/6852fc5a3ac4c05449fc450e/1750269023826/Clarity+Omnibus+Overview+-+June+2025+%5BPUBLIC%5D.pdf,3,NA,-1.1079678686570986,1.5476610622990158e-18
healthcare,Clarity Campaign Labs,NA,2025-06-05,2025-06-14,1000,RV,40,52,https://static1.squarespace.com/static/61ae8d5e55be5c7314b4c83a/t/6852fc5a3ac4c05449fc450e/1750269023826/Clarity+Omnibus+Overview+-+June+2025+%5BPUBLIC%5D.pdf,-12,NA,-16.1079678686571,1.5476610622990158e-18
immigration,Morning Consult,NA,2025-06-13,2025-06-15,2207,RV,51,44,https://pro.morningconsult.com/trackers/donald-trump-congress-policy-republicans-polling,7,NA,-6.719085250761303,8.806249602145724e-19
economy,Morning Consult,NA,2025-06-13,2025-06-15,2207,RV,47,48,https://pro.morningconsult.com/trackers/donald-trump-congress-policy-republicans-polling,-1,NA,-14.719085250761303,8.806249602145724e-19
trade_tariffs,Morning Consult,NA,2025-06-13,2025-06-15,2207,RV,45,46,https://pro.morningconsult.com/trackers/donald-trump-congress-policy-republicans-polling,-1,NA,-14.719085250761303,8.806249602145724e-19
economy,Ipsos,Reuters,2025-06-11,2025-06-16,4258,A,39,52,https://www.reuters.com/world/us/trump-approval-steady-42-support-weakens-his-immigration-policy-reutersipsos-2025-06-16/,-13,NA,-8.429889822926086,1.764164706156957e-18
immigration,Ipsos,Reuters,2025-06-11,2025-06-16,4258,A,44,49,https://www.reuters.com/world/us/trump-approval-steady-42-support-weakens-his-immigration-policy-reutersipsos-2025-06-16/,-5,NA,-0.4298898229260857,1.764164706156957e-18
economy,YouGov,The Economist,2025-06-13,2025-06-16,1512,A,41,53,https://d3nkl3psvxxpe9.cloudfront.net/documents/econTabReport_CyorzxR.pdf,-12,NA,-13.14283126524682,9.463833747113295e-19
inflation,YouGov,The Economist,2025-06-13,2025-06-16,1512,A,35,58,https://d3nkl3psvxxpe9.cloudfront.net/documents/econTabReport_CyorzxR.pdf,-23,NA,-24.14283126524682,9.463833747113295e-19
immigration,YouGov,The Economist,2025-06-13,2025-06-16,1512,A,44,52,https://d3nkl3psvxxpe9.cloudfront.net/documents/econTabReport_CyorzxR.pdf,-8,NA,-9.14283126524682,9.463833747113295e-19
crime,YouGov,The Economist,2025-06-13,2025-06-16,1512,A,44,45,https://d3nkl3psvxxpe9.cloudfront.net/documents/econTabReport_CyorzxR.pdf,-1,NA,-2.1428312652468193,9.463833747113295e-19
iran,YouGov,The Economist,2025-06-13,2025-06-16,1512,A,37,41,https://d3nkl3psvxxpe9.cloudfront.net/documents/econTabReport_CyorzxR.pdf,-4,NA,-5.142831265246819,9.463833747113295e-19
immigration,Beacon Research/Shaw & Co. Research,FOX News,2025-06-13,2025-06-16,1003,RV,46,53,https://static.foxnews.com/foxnews.com/content/uploads/2025/06/fox_june-13-16-2025_national_topline_june-18-release.pdf,-7,NA,-3.8750187589666965,2.299762547031149e-18
foreign_policy,Beacon Research/Shaw & Co. Research,FOX News,2025-06-13,2025-06-16,1003,RV,42,57,https://static.foxnews.com/foxnews.com/content/uploads/2025/06/fox_june-13-16-2025_national_topline_june-18-release.pdf,-15,NA,-11.875018758966696,2.299762547031149e-18
economy,Beacon Research/Shaw & Co. Research,FOX News,2025-06-13,2025-06-16,1003,RV,40,58,https://static.foxnews.com/foxnews.com/content/uploads/2025/06/fox_june-13-16-2025_national_topline_june-18-release.pdf,-18,NA,-14.875018758966696,2.299762547031149e-18
inflation,Beacon Research/Shaw & Co. Research,FOX News,2025-06-13,2025-06-16,1003,RV,34,64,https://static.foxnews.com/foxnews.com/content/uploads/2025/06/fox_june-13-16-2025_national_topline_june-18-release.pdf,-30,NA,-26.875018758966696,2.299762547031149e-18
economy,Echelon Insights,NA,2025-06-12,2025-06-17,982,LV,43,53,https://echelonin.wpenginepowered.com/wp-content/uploads/June-2025-Voter-Omnibus-Topline-EXTERNAL.pdf,-10,NA,-13.48860462488409,1.988478521976226e-18
immigration,Echelon Insights,NA,2025-06-12,2025-06-17,982,LV,47,51,https://echelonin.wpenginepowered.com/wp-content/uploads/June-2025-Voter-Omnibus-Topline-EXTERNAL.pdf,-4,NA,-7.48860462488409,1.988478521976226e-18
foreign_policy,Echelon Insights,NA,2025-06-12,2025-06-17,982,LV,44,50,https://echelonin.wpenginepowered.com/wp-content/uploads/June-2025-Voter-Omnibus-Topline-EXTERNAL.pdf,-6,NA,-9.48860462488409,1.988478521976226e-18
trade_tariffs,Echelon Insights,NA,2025-06-12,2025-06-17,982,LV,40,56,https://echelonin.wpenginepowered.com/wp-content/uploads/June-2025-Voter-Omnibus-Topline-EXTERNAL.pdf,-16,NA,-19.48860462488409,1.988478521976226e-18
economy,Echelon Insights,NA,2025-06-17,2025-06-18,1002,LV,48,50,https://echelonin.wpenginepowered.com/wp-content/uploads/June-2025-Middle-East-Update.pdf,-2,NA,-5.48860462488409,2.168864172195266e-18
immigration,Echelon Insights,NA,2025-06-17,2025-06-18,1002,LV,51,48,https://echelonin.wpenginepowered.com/wp-content/uploads/June-2025-Middle-East-Update.pdf,3,NA,-0.48860462488408984,2.168864172195266e-18
foreign_policy,Echelon Insights,NA,2025-06-17,2025-06-18,1002,LV,47,49,https://echelonin.wpenginepowered.com/wp-content/uploads/June-2025-Middle-East-Update.pdf,-2,NA,-5.48860462488409,2.168864172195266e-18
trade_tariffs,Echelon Insights,NA,2025-06-17,2025-06-18,1002,LV,43,52,https://echelonin.wpenginepowered.com/wp-content/uploads/June-2025-Middle-East-Update.pdf,-9,NA,-12.48860462488409,2.168864172195266e-18
economy,American Research Group,NA,2025-06-17,2025-06-20,1100,A,35,61,https://americanresearchgroup.com/economy/,-26,NA,-15.56684923195619,2.8520173079618585e-18
immigration,Morning Consult,NA,2025-06-20,2025-06-22,2205,RV,49,43,https://pro.morningconsult.com/trackers/donald-trump-congress-policy-republicans-polling,6,NA,-7.719085250761303,1.5219012955916913e-18
economy,Morning Consult,NA,2025-06-20,2025-06-22,2205,RV,44,48,https://pro.morningconsult.com/trackers/donald-trump-congress-policy-republicans-polling,-4,NA,-17.719085250761303,1.5219012955916913e-18
trade_tariffs,Morning Consult,NA,2025-06-20,2025-06-22,2205,RV,44,47,https://pro.morningconsult.com/trackers/donald-trump-congress-policy-republicans-polling,-3,NA,-16.719085250761303,1.5219012955916913e-18
economy,Ipsos,Reuters,2025-06-21,2025-06-23,1139,A,35,57,https://www.ipsos.com/sites/default/files/ct/news/documents/2025-06/Reuters%20Ipsos%20U.S.%20Iran%20Survey%20Topline%2006%2023%202025.pdf,-22,NA,-17.429889822926086,1.5614622751636728e-18
immigration,Ipsos,Reuters,2025-06-21,2025-06-23,1139,A,43,51,https://www.ipsos.com/sites/default/files/ct/news/documents/2025-06/Reuters%20Ipsos%20U.S.%20Iran%20Survey%20Topline%2006%2023%202025.pdf,-8,NA,-3.4298898229260857,1.5614622751636728e-18
foreign_policy,Ipsos,Reuters,2025-06-21,2025-06-23,1139,A,35,53,https://www.ipsos.com/sites/default/files/ct/news/documents/2025-06/Reuters%20Ipsos%20U.S.%20Iran%20Survey%20Topline%2006%2023%202025.pdf,-18,NA,-13.429889822926086,1.5614622751636728e-18
trade_tariffs,Ipsos,Reuters,2025-06-21,2025-06-23,1139,A,35,54,https://www.ipsos.com/sites/default/files/ct/news/documents/2025-06/Reuters%20Ipsos%20U.S.%20Iran%20Survey%20Topline%2006%2023%202025.pdf,-19,NA,-14.429889822926086,1.5614622751636728e-18
inflation,Ipsos,Reuters,2025-06-21,2025-06-23,1139,A,29,64,https://www.ipsos.com/sites/default/files/ct/news/documents/2025-06/Reuters%20Ipsos%20U.S.%20Iran%20Survey%20Topline%2006%2023%202025.pdf,-35,NA,-30.429889822926093,1.5614622751636728e-18
iran,Ipsos,Reuters,2025-06-21,2025-06-23,1139,A,35,50,https://www.ipsos.com/sites/default/files/ct/news/documents/2025-06/Reuters%20Ipsos%20U.S.%20Iran%20Survey%20Topline%2006%2023%202025.pdf,-15,NA,-10.429889822926086,1.5614622751636728e-18
economy,YouGov,The Economist,2025-06-20,2025-06-23,1590,A,39,51,https://d3nkl3psvxxpe9.cloudfront.net/documents/econTabReport_uvch8qB.pdf,-12,NA,-13.14283126524682,1.6771852244425118e-18
inflation,YouGov,The Economist,2025-06-20,2025-06-23,1590,A,34,60,https://d3nkl3psvxxpe9.cloudfront.net/documents/econTabReport_uvch8qB.pdf,-26,NA,-27.14283126524682,1.6771852244425118e-18
immigration,YouGov,The Economist,2025-06-20,2025-06-23,1590,A,45,49,https://d3nkl3psvxxpe9.cloudfront.net/documents/econTabReport_uvch8qB.pdf,-4,NA,-5.142831265246819,1.6771852244425118e-18
foreign_policy,YouGov,The Economist,2025-06-20,2025-06-23,1590,A,36,51,https://d3nkl3psvxxpe9.cloudfront.net/documents/econTabReport_uvch8qB.pdf,-15,NA,-16.14283126524682,1.6771852244425118e-18
trade_tariffs,YouGov,The Economist,2025-06-20,2025-06-23,1590,A,37,53,https://d3nkl3psvxxpe9.cloudfront.net/documents/econTabReport_uvch8qB.pdf,-16,NA,-17.14283126524682,1.6771852244425118e-18
immigration,Quinnipiac University,NA,2025-06-22,2025-06-24,979,RV,41,57,https://poll.qu.edu/poll-release?releaseid=3926,-16,NA,-13.93666773944264,3.895037531589398e-18
economy,Quinnipiac University,NA,2025-06-22,2025-06-24,979,RV,39,56,https://poll.qu.edu/poll-release?releaseid=3926,-17,NA,-14.93666773944264,3.895037531589398e-18
trade_tariffs,Quinnipiac University,NA,2025-06-22,2025-06-24,979,RV,38,55,https://poll.qu.edu/poll-release?releaseid=3926,-17,NA,-14.93666773944264,3.895037531589398e-18
foreign_policy,Quinnipiac University,NA,2025-06-22,2025-06-24,979,RV,40,54,https://poll.qu.edu/poll-release?releaseid=3926,-14,NA,-11.93666773944264,3.895037531589398e-18
economy,Marist College,NPR | PBS News,2025-06-23,2025-06-25,1381,A,39,53,https://maristpoll.marist.edu/wp-content/uploads/2025/06/NPR_PBS-News_Marist-Poll_USA-NOS-and-Tables_202506271427.pdf,-14,NA,-14.946642968361957,1.0743617660459538e-17
immigration,Marist College,NPR | PBS News,2025-06-23,2025-06-25,1381,A,43,52,https://maristpoll.marist.edu/wp-content/uploads/2025/06/NPR_PBS-News_Marist-Poll_USA-NOS-and-Tables_202506271427.pdf,-9,NA,-9.946642968361957,1.0743617660459538e-17
foreign_policy,Marist College,NPR | PBS News,2025-06-23,2025-06-25,1381,A,41,52,https://maristpoll.marist.edu/wp-content/uploads/2025/06/NPR_PBS-News_Marist-Poll_USA-NOS-and-Tables_202506271427.pdf,-11,NA,-11.946642968361957,1.0743617660459538e-17
immigration,John Zogby Strategies,NA,2025-06-24,2025-06-25,1006,LV,49,47,https://johnzogbystrategies.com/wp-content/uploads/2025/06/S-Approval-US-Likely-062425.pdf,2,NA,-7.61724102720688,3.3065478244750603e-18
economy,John Zogby Strategies,NA,2025-06-24,2025-06-25,1006,LV,43,54,https://johnzogbystrategies.com/wp-content/uploads/2025/06/S-Approval-US-Likely-062425.pdf,-11,NA,-20.61724102720688,3.3065478244750603e-18
trade_tariffs,John Zogby Strategies,NA,2025-06-24,2025-06-25,1006,LV,41.4,53.8,https://johnzogbystrategies.com/wp-content/uploads/2025/06/S-Approval-US-Likely-062425.pdf,-12.4,NA,-22.01724102720688,3.3065478244750603e-18
immigration,The Tyson Group,NA,2025-06-25,2025-06-26,1027,A,48,44,https://tysongroup.co/wp-content/uploads/2025/06/June-2025-Issue-Survey.pdf,4,NA,-5.275020162439844,1.2723641652746443e-17
inflation,The Tyson Group,NA,2025-06-25,2025-06-26,1027,A,37,53,https://tysongroup.co/wp-content/uploads/2025/06/June-2025-Issue-Survey.pdf,-16,NA,-25.275020162439844,1.2723641652746443e-17
foreign_policy,The Tyson Group,NA,2025-06-25,2025-06-26,1027,A,45,45,https://tysongroup.co/wp-content/uploads/2025/06/June-2025-Issue-Survey.pdf,0,NA,-9.275020162439844,1.2723641652746443e-17
immigration,Morning Consult,NA,2025-06-27,2025-06-29,2202,RV,51,43,https://pro.morningconsult.com/trackers/donald-trump-congress-policy-republicans-polling,8,NA,-5.719085250761303,2.6190526153844107e-18
economy,Morning Consult,NA,2025-06-27,2025-06-29,2202,RV,47,47,https://pro.morningconsult.com/trackers/donald-trump-congress-policy-republicans-polling,0,NA,-13.719085250761303,2.6190526153844107e-18
trade_tariffs,Morning Consult,NA,2025-06-27,2025-06-29,2202,RV,45,47,https://pro.morningconsult.com/trackers/donald-trump-congress-policy-republicans-polling,-2,NA,-15.719085250761303,2.6190526153844107e-18
economy,YouGov,The Economist,2025-06-27,2025-06-30,1648,A,43,51,https://d3nkl3psvxxpe9.cloudfront.net/documents/econTabReport_B1ETIg8.pdf#page38,-8,NA,-9.14283126524682,2.9415763329586187e-18
inflation,YouGov,The Economist,2025-06-27,2025-06-30,1648,A,35,59,https://d3nkl3psvxxpe9.cloudfront.net/documents/econTabReport_B1ETIg8.pdf#page38,-24,NA,-25.14283126524682,2.9415763329586187e-18
immigration,YouGov,The Economist,2025-06-27,2025-06-30,1648,A,47,50,https://d3nkl3psvxxpe9.cloudfront.net/documents/econTabReport_B1ETIg8.pdf#page38,-3,NA,-4.142831265246819,2.9415763329586187e-18
economy,Global Strategy Group/GBAO (Navigator Research),NA,2025-06-26,2025-06-30,1000,RV,43,53,https://navigatorresearch.org/wp-content/uploads/2025/07/Navigator-Topline-F06.30.25.pdf?emci=ce8cac3e-8956-f011-8f7c-6045bdfe8e9c&emdi=88836e6f-9456-f011-8f7c-6045bdfe8e9c&ceid=1590570,-10,NA,-9.573516623170725,4.2278660266706724e-18
immigration,Gallup,NA,2025-07-02,2025-07-06,1402,A,35,62,https://news.gallup.com/poll/692522/surge-concern-immigration-abated.aspx,-27,NA,-22.305902559649745,2.1767551986322e-17
immigration,Morning Consult,NA,2025-07-03,2025-07-06,2203,RV,50,43,https://pro.morningconsult.com/trackers/donald-trump-congress-policy-republicans-polling,7,NA,-6.719085250761303,4.511601114235837e-18
economy,Morning Consult,NA,2025-07-03,2025-07-06,2203,RV,45,48,https://pro.morningconsult.com/trackers/donald-trump-congress-policy-republicans-polling,-3,NA,-16.719085250761303,4.511601114235837e-18
trade_tariffs,Morning Consult,NA,2025-07-03,2025-07-06,2203,RV,44,47,https://pro.morningconsult.com/trackers/donald-trump-congress-policy-republicans-polling,-3,NA,-16.719085250761303,4.511601114235837e-18
healthcare,Morning Consult,NA,2025-07-03,2025-07-06,2203,RV,41,50,https://pro.morningconsult.com/trackers/donald-trump-congress-policy-republicans-polling,-9,NA,-22.719085250761303,4.511601114235837e-18
economy,YouGov,The Economist,2025-07-04,2025-07-07,1528,A,40,51,https://d3nkl3psvxxpe9.cloudfront.net/documents/econTabReport_haeOEK5.pdf,-11,NA,-12.14283126524682,4.8883068350320186e-18
inflation,YouGov,The Economist,2025-07-04,2025-07-07,1528,A,33,58,https://d3nkl3psvxxpe9.cloudfront.net/documents/econTabReport_haeOEK5.pdf,-25,NA,-26.14283126524682,4.8883068350320186e-18
immigration,YouGov,The Economist,2025-07-04,2025-07-07,1528,A,45,48,https://d3nkl3psvxxpe9.cloudfront.net/documents/econTabReport_haeOEK5.pdf,-3,NA,-4.142831265246819,4.8883068350320186e-18
healthcare,YouGov,The Economist,2025-07-04,2025-07-07,1528,A,31,57,https://d3nkl3psvxxpe9.cloudfront.net/documents/econTabReport_haeOEK5.pdf,-26,NA,-27.142831265246823,4.8883068350320186e-18
immigration,Harris Insights & Analytics,Harvard CAPS,2025-07-06,2025-07-08,2044,RV,50,46,https://harvardharrispoll.com/wp-content/uploads/2025/07/HHP_July2025_Topline.pdf,4,NA,-4.475142376675315,1.1292481079960629e-17
economy,Harris Insights & Analytics,Harvard CAPS,2025-07-06,2025-07-08,2044,RV,44,51,https://harvardharrispoll.com/wp-content/uploads/2025/07/HHP_July2025_Topline.pdf,-7,NA,-15.475142376675315,1.1292481079960629e-17
inflation,Harris Insights & Analytics,Harvard CAPS,2025-07-06,2025-07-08,2044,RV,42,53,https://harvardharrispoll.com/wp-content/uploads/2025/07/HHP_July2025_Topline.pdf,-11,NA,-19.475142376675315,1.1292481079960629e-17
foreign_policy,Harris Insights & Analytics,Harvard CAPS,2025-07-06,2025-07-08,2044,RV,45,49,https://harvardharrispoll.com/wp-content/uploads/2025/07/HHP_July2025_Topline.pdf,-4,NA,-12.475142376675315,1.1292481079960629e-17
trade_tariffs,Harris Insights & Analytics,Harvard CAPS,2025-07-06,2025-07-08,2044,RV,42,52,https://harvardharrispoll.com/wp-content/uploads/2025/07/HHP_July2025_Topline.pdf,-10,NA,-18.475142376675315,1.1292481079960629e-17
trade_tariffs,RMG Research,Napolitan News Service,2025-07-07,2025-07-08,1000,RV,44,50,https://napolitannews.org/posts/44-percent-approve-of-trump-on-tariffs-down-from-high,-6,NA,-13.847069136431294,6.602922526205945e-18
economy,SSRS,CNN,2025-07-10,2025-07-13,1057,A,40,60,https://s3.documentcloud.org/documents/25999223/cnn-poll-conducted-by-ssrs-trump-approval-policy-and-budget-bill.pdf,-20,NA,-9.521544714213057,7.850215775416488e-18
healthcare,SSRS,CNN,2025-07-10,2025-07-13,1057,A,38,62,https://s3.documentcloud.org/documents/25999223/cnn-poll-conducted-by-ssrs-trump-approval-policy-and-budget-bill.pdf,-24,NA,-13.521544714213057,7.850215775416488e-18
immigration,SSRS,CNN,2025-07-10,2025-07-13,1057,A,42,58,https://s3.documentcloud.org/documents/25999223/cnn-poll-conducted-by-ssrs-trump-approval-policy-and-budget-bill.pdf,-16,NA,-5.521544714213057,7.850215775416488e-18
foreign_policy,SSRS,CNN,2025-07-10,2025-07-13,1057,A,40,60,https://s3.documentcloud.org/documents/25999223/cnn-poll-conducted-by-ssrs-trump-approval-policy-and-budget-bill.pdf,-20,NA,-9.521544714213057,7.850215775416488e-18
trade_tariffs,SSRS,CNN,2025-07-10,2025-07-13,1057,A,39,61,https://s3.documentcloud.org/documents/25999223/cnn-poll-conducted-by-ssrs-trump-approval-policy-and-budget-bill.pdf,-22,NA,-11.521544714213057,7.850215775416488e-18
crime,YouGov,NA,2025-07-09,2025-07-13,2104,A,41,46,https://d3nkl3psvxxpe9.cloudfront.net/documents/Trump_Issue_Handling_poll_results.pdf,-5,NA,-6.142831265246819,9.169473354813035e-18
immigration,YouGov,NA,2025-07-09,2025-07-13,2104,A,42,51,https://d3nkl3psvxxpe9.cloudfront.net/documents/Trump_Issue_Handling_poll_results.pdf,-9,NA,-10.14283126524682,9.169473354813035e-18
foreign_policy,YouGov,NA,2025-07-09,2025-07-13,2104,A,37,51,https://d3nkl3psvxxpe9.cloudfront.net/documents/Trump_Issue_Handling_poll_results.pdf,-14,NA,-15.14283126524682,9.169473354813035e-18
economy,YouGov,NA,2025-07-09,2025-07-13,2104,A,37,50,https://d3nkl3psvxxpe9.cloudfront.net/documents/Trump_Issue_Handling_poll_results.pdf,-13,NA,-14.14283126524682,9.169473354813035e-18
trade_tariffs,YouGov,NA,2025-07-09,2025-07-13,2104,A,34,59,https://d3nkl3psvxxpe9.cloudfront.net/documents/Trump_Issue_Handling_poll_results.pdf,-25,NA,-26.14283126524682,9.169473354813035e-18
healthcare,YouGov,NA,2025-07-09,2025-07-13,2104,A,31,57,https://d3nkl3psvxxpe9.cloudfront.net/documents/Trump_Issue_Handling_poll_results.pdf,-26,NA,-27.142831265246823,9.169473354813035e-18
inflation,YouGov,NA,2025-07-09,2025-07-13,2104,A,31,62,https://d3nkl3psvxxpe9.cloudfront.net/documents/Trump_Issue_Handling_poll_results.pdf,-31,NA,-32.142831265246826,9.169473354813035e-18
immigration,Morning Consult,NA,2025-07-11,2025-07-13,2201,RV,51,43,https://pro.morningconsult.com/trackers/donald-trump-congress-policy-republicans-polling,8,NA,-5.719085250761303,7.76706142906018e-18
economy,Morning Consult,NA,2025-07-11,2025-07-13,2201,RV,46,46,https://pro.morningconsult.com/trackers/donald-trump-congress-policy-republicans-polling,0,NA,-13.719085250761303,7.76706142906018e-18
trade_tariffs,Morning Consult,NA,2025-07-11,2025-07-13,2201,RV,46,44,https://pro.morningconsult.com/trackers/donald-trump-congress-policy-republicans-polling,2,NA,-11.719085250761303,7.76706142906018e-18
economy,AP-NORC,NA,2025-07-10,2025-07-14,1437,A,38,60,https://apnorc.org/wp-content/uploads/2025/07/July-W1-Topline-Trump.pdf,-22,NA,-14.073738280560889,4.693888033283753e-18
immigration,AP-NORC,NA,2025-07-10,2025-07-14,1437,A,43,55,https://apnorc.org/wp-content/uploads/2025/07/July-W1-Topline-Trump.pdf,-12,NA,-4.073738280560889,4.693888033283753e-18
healthcare,AP-NORC,NA,2025-07-10,2025-07-14,1437,A,34,62,https://apnorc.org/wp-content/uploads/2025/07/July-W1-Topline-Trump.pdf,-28,NA,-20.07373828056089,4.693888033283753e-18
trade_tariffs,AP-NORC,NA,2025-07-10,2025-07-14,1437,A,37,61,https://apnorc.org/wp-content/uploads/2025/07/July-W1-Topline-Trump.pdf,-24,NA,-16.07373828056089,4.693888033283753e-18
economy,YouGov,The Economist,2025-07-11,2025-07-14,1680,A,40,53,https://d3nkl3psvxxpe9.cloudfront.net/documents/econTabReport_fFL8Pon.pdf,-13,NA,-14.14283126524682,8.847274442644669e-18
inflation,YouGov,The Economist,2025-07-11,2025-07-14,1680,A,34,60,https://d3nkl3psvxxpe9.cloudfront.net/documents/econTabReport_fFL8Pon.pdf,-26,NA,-27.14283126524682,8.847274442644669e-18
immigration,YouGov,The Economist,2025-07-11,2025-07-14,1680,A,45,51,https://d3nkl3psvxxpe9.cloudfront.net/documents/econTabReport_fFL8Pon.pdf,-6,NA,-7.142831265246819,8.847274442644669e-18
crime,YouGov,The Economist,2025-07-11,2025-07-14,1680,A,44,45,https://d3nkl3psvxxpe9.cloudfront.net/documents/econTabReport_fFL8Pon.pdf,-1,NA,-2.1428312652468193,8.847274442644669e-18
economy,Quinnipiac University,NA,2025-07-10,2025-07-14,1290,RV,42,55,https://poll.qu.edu/poll-release?releaseid=3928,-13,NA,-10.93666773944264,2.161812291387275e-17
foreign_policy,Quinnipiac University,NA,2025-07-10,2025-07-14,1290,RV,41,54,https://poll.qu.edu/poll-release?releaseid=3928,-13,NA,-10.93666773944264,2.161812291387275e-17
immigration,Quinnipiac University,NA,2025-07-10,2025-07-14,1290,RV,40,55,https://poll.qu.edu/poll-release?releaseid=3928,-15,NA,-12.93666773944264,2.161812291387275e-17
trade_tariffs,Quinnipiac University,NA,2025-07-10,2025-07-14,1290,RV,40,56,https://poll.qu.edu/poll-release?releaseid=3928,-16,NA,-13.93666773944264,2.161812291387275e-17
economy,Echelon Insights,NA,2025-07-10,2025-07-14,1084,LV,44,53,https://echelonin.wpenginepowered.com/wp-content/uploads/July-2025-Voter-Omnibus-Topline-External.pdf,-9,NA,-12.48860462488409,1.774090519660553e-17
immigration,Echelon Insights,NA,2025-07-10,2025-07-14,1084,LV,49,48,https://echelonin.wpenginepowered.com/wp-content/uploads/July-2025-Voter-Omnibus-Topline-External.pdf,1,NA,-2.48860462488409,1.774090519660553e-17
foreign_policy,Echelon Insights,NA,2025-07-10,2025-07-14,1084,LV,47,49,https://echelonin.wpenginepowered.com/wp-content/uploads/July-2025-Voter-Omnibus-Topline-External.pdf,-2,NA,-5.48860462488409,1.774090519660553e-17
trade_tariffs,Echelon Insights,NA,2025-07-10,2025-07-14,1084,LV,39,56,https://echelonin.wpenginepowered.com/wp-content/uploads/July-2025-Voter-Omnibus-Topline-External.pdf,-17,NA,-20.48860462488409,1.774090519660553e-17
trade_tariffs,RMG Research,Napolitan News Service,2025-07-14,2025-07-15,1000,RV,45,47,https://napolitannews.org/posts/45-percent-approve-of-trump-on-tariffs-most-say-deals-will-be-reached,-2,NA,-9.847069136431294,1.1299768209283619e-17
immigration,Ipsos,Reuters,2025-07-15,2025-07-16,1027,A,41,51,https://www.ipsos.com/en-us/president-trumps-overall-approval-rating-remains-stable,-10,NA,-5.429889822926086,8.876708059603235e-18
economy,Ipsos,Reuters,2025-07-15,2025-07-16,1027,A,35,55,https://www.ipsos.com/en-us/president-trumps-overall-approval-rating-remains-stable,-20,NA,-15.429889822926086,8.876708059603235e-18
trade_tariffs,Ipsos,Reuters,2025-07-15,2025-07-16,1027,A,32,53,https://www.ipsos.com/en-us/president-trumps-overall-approval-rating-remains-stable,-21,NA,-16.429889822926086,8.876708059603235e-18
foreign_policy,Ipsos,Reuters,2025-07-15,2025-07-16,1027,A,34,50,https://www.ipsos.com/en-us/president-trumps-overall-approval-rating-remains-stable,-16,NA,-11.429889822926086,8.876708059603235e-18
inflation,Ipsos,Reuters,2025-07-15,2025-07-16,1027,A,30,60,https://www.ipsos.com/en-us/president-trumps-overall-approval-rating-remains-stable,-30,NA,-25.429889822926086,8.876708059603235e-18
economy,Marquette University Law School,NA,2025-07-07,2025-07-16,1005,A,43,57,https://law.marquette.edu/poll/2025/07/23/detailed-results-of-the-marquette-law-school-supreme-court-poll-july-7-16-2025-national-issues/,-14,NA,-5.824396463564909,3.0674722702008636e-17
inflation,Marquette University Law School,NA,2025-07-07,2025-07-16,1005,A,35,66,https://law.marquette.edu/poll/2025/07/23/detailed-results-of-the-marquette-law-school-supreme-court-poll-july-7-16-2025-national-issues/,-31,NA,-22.82439646356491,3.0674722702008636e-17
immigration,Marquette University Law School,NA,2025-07-07,2025-07-16,1005,A,47,53,https://law.marquette.edu/poll/2025/07/23/detailed-results-of-the-marquette-law-school-supreme-court-poll-july-7-16-2025-national-issues/,-6,NA,2.1756035364350907,3.0674722702008636e-17
trade_tariffs,Marquette University Law School,NA,2025-07-07,2025-07-16,1005,A,35,65,https://law.marquette.edu/poll/2025/07/23/detailed-results-of-the-marquette-law-school-supreme-court-poll-july-7-16-2025-national-issues/,-30,NA,-21.82439646356491,3.0674722702008636e-17
foreign_policy,Marquette University Law School,NA,2025-07-07,2025-07-16,1005,A,44,57,https://law.marquette.edu/poll/2025/07/23/detailed-results-of-the-marquette-law-school-supreme-court-poll-july-7-16-2025-national-issues/,-13,NA,-4.824396463564909,3.0674722702008636e-17
immigration,Verasight,Strength In Numbers,2025-07-14,2025-07-16,1500,A,45,52,https://www.gelliottmorris.com/p/new-poll-dems-lead-house-generic,-7,NA,-5.26574860140164,4.118487945941678e-18
economy,Verasight,Strength In Numbers,2025-07-14,2025-07-16,1500,A,42,52,https://www.gelliottmorris.com/p/new-poll-dems-lead-house-generic,-10,NA,-8.26574860140164,4.118487945941678e-18
foreign_policy,Verasight,Strength In Numbers,2025-07-14,2025-07-16,1500,A,40,53,https://www.gelliottmorris.com/p/new-poll-dems-lead-house-generic,-13,NA,-11.26574860140164,4.118487945941678e-18
trade_tariffs,Verasight,Strength In Numbers,2025-07-14,2025-07-16,1500,A,38,56,https://www.gelliottmorris.com/p/new-poll-dems-lead-house-generic,-18,NA,-16.26574860140164,4.118487945941678e-18
healthcare,Verasight,Strength In Numbers,2025-07-14,2025-07-16,1500,A,35,58,https://www.gelliottmorris.com/p/new-poll-dems-lead-house-generic,-23,NA,-21.26574860140164,4.118487945941678e-18
inflation,Verasight,Strength In Numbers,2025-07-14,2025-07-16,1500,A,33,61,https://www.gelliottmorris.com/p/new-poll-dems-lead-house-generic,-28,NA,-26.26574860140164,4.118487945941678e-18
immigration,RMG Research,Napolitan News Service,2025-07-16,2025-07-16,1000,RV,52,47,https://napolitannews.org/posts/over-half-of-voters-approve-of-trumps-handling-of-immigration-and-crime,5,NA,-2.847069136431294,1.2201209052444708e-17
crime,RMG Research,Napolitan News Service,2025-07-16,2025-07-16,1000,RV,51,43,https://napolitannews.org/posts/over-half-of-voters-approve-of-trumps-handling-of-immigration-and-crime,8,NA,0.1529308635687059,1.2201209052444708e-17
foreign_policy,RMG Research,Napolitan News Service,2025-07-16,2025-07-16,1000,RV,48,49,https://napolitannews.org/posts/over-half-of-voters-approve-of-trumps-handling-of-immigration-and-crime,-1,NA,-8.847069136431294,1.2201209052444708e-17
inflation,RMG Research,Napolitan News Service,2025-07-16,2025-07-16,1000,RV,45,54,https://napolitannews.org/posts/over-half-of-voters-approve-of-trumps-handling-of-immigration-and-crime,-9,NA,-16.847069136431294,1.2201209052444708e-17
economy,RMG Research,Napolitan News Service,2025-07-16,2025-07-16,1000,RV,44,54,https://napolitannews.org/posts/over-half-of-voters-approve-of-trumps-handling-of-immigration-and-crime,-10,NA,-17.847069136431294,1.2201209052444708e-17
healthcare,RMG Research,Napolitan News Service,2025-07-16,2025-07-16,1000,RV,40,54,https://napolitannews.org/posts/over-half-of-voters-approve-of-trumps-handling-of-immigration-and-crime,-14,NA,-21.847069136431294,1.2201209052444708e-17
immigration,AtlasIntel,NA,2025-07-13,2025-07-18,1935,A,45,54,https://cdn.atlasintel.org/20e36f18-42bd-4a28-85f4-9f623905ba71.pdf,-9,NA,-10.828953244831837,6.691151660474001e-17
trade_tariffs,AtlasIntel,NA,2025-07-13,2025-07-18,1935,A,41,57,https://cdn.atlasintel.org/20e36f18-42bd-4a28-85f4-9f623905ba71.pdf,-16,NA,-17.828953244831837,6.691151660474001e-17
economy,AtlasIntel,NA,2025-07-13,2025-07-18,1935,A,40,55,https://cdn.atlasintel.org/20e36f18-42bd-4a28-85f4-9f623905ba71.pdf,-15,NA,-16.828953244831837,6.691151660474001e-17
healthcare,AtlasIntel,NA,2025-07-13,2025-07-18,1935,A,35,56,https://cdn.atlasintel.org/20e36f18-42bd-4a28-85f4-9f623905ba71.pdf,-21,NA,-22.828953244831837,6.691151660474001e-17
economy,YouGov,CBS News,2025-07-16,2025-07-18,2343,A,40,60,https://www.scribd.com/document/890583482/Cbsnews-20250720-1-SUNDAY,-20,NA,-21.14283126524682,1.4277107872151518e-17
inflation,YouGov,CBS News,2025-07-16,2025-07-18,2343,A,36,64,https://www.scribd.com/document/890583482/Cbsnews-20250720-1-SUNDAY,-28,NA,-29.14283126524682,1.4277107872151518e-17
immigration,YouGov,CBS News,2025-07-16,2025-07-18,2343,A,44,56,https://www.scribd.com/document/890583482/Cbsnews-20250720-1-SUNDAY,-12,NA,-13.14283126524682,1.4277107872151518e-17
economy,American Research Group,NA,2025-07-17,2025-07-20,1100,A,38,59,https://americanresearchgroup.com/economy/,-21,NA,-10.56684923195619,2.952118378309163e-17
economy,Fabrizio Lee & Associates/Impact Research,Wall Street Journal,2025-07-16,2025-07-20,1500,RV,44,53,https://prod-i.a.dj.com/public/resources/documents/Redacted1WSJPollJuly2025.pdf,-9,NA,-15.61446831984916,6.804958996912971e-17
inflation,Fabrizio Lee & Associates/Impact Research,Wall Street Journal,2025-07-16,2025-07-20,1500,RV,44,55,https://prod-i.a.dj.com/public/resources/documents/Redacted1WSJPollJuly2025.pdf,-11,NA,-17.61446831984916,6.804958996912971e-17
immigration,Fabrizio Lee & Associates/Impact Research,Wall Street Journal,2025-07-16,2025-07-20,1500,RV,48,51,https://prod-i.a.dj.com/public/resources/documents/Redacted1WSJPollJuly2025.pdf,-3,NA,-9.61446831984916,6.804958996912971e-17
trade_tariffs,Fabrizio Lee & Associates/Impact Research,Wall Street Journal,2025-07-16,2025-07-20,1500,RV,40,57,https://prod-i.a.dj.com/public/resources/documents/Redacted1WSJPollJuly2025.pdf,-17,NA,-23.61446831984916,6.804958996912971e-17
healthcare,Fabrizio Lee & Associates/Impact Research,Wall Street Journal,2025-07-16,2025-07-20,1500,RV,38,54,https://prod-i.a.dj.com/public/resources/documents/Redacted1WSJPollJuly2025.pdf,-16,NA,-22.61446831984916,6.804958996912971e-17
foreign_policy,Fabrizio Lee & Associates/Impact Research,Wall Street Journal,2025-07-16,2025-07-20,1500,RV,47,51,https://prod-i.a.dj.com/public/resources/documents/Redacted1WSJPollJuly2025.pdf,-4,NA,-10.61446831984916,6.804958996912971e-17
immigration,Morning Consult,NA,2025-07-18,2025-07-20,2202,RV,51,42,https://pro.morningconsult.com/trackers/donald-trump-congress-policy-republicans-polling,9,NA,-4.719085250761303,1.3381813121585012e-17
economy,Morning Consult,NA,2025-07-18,2025-07-20,2202,RV,45,48,https://pro.morningconsult.com/trackers/donald-trump-congress-policy-republicans-polling,-3,NA,-16.719085250761303,1.3381813121585012e-17
trade_tariffs,Morning Consult,NA,2025-07-18,2025-07-20,2202,RV,45,45,https://pro.morningconsult.com/trackers/donald-trump-congress-policy-republicans-polling,0,NA,-13.719085250761303,1.3381813121585012e-17
foreign_policy,Gallup,NA,2025-07-07,2025-07-21,1002,A,41,56,https://news.gallup.com/poll/692879/independents-drive-trump-approval-second-term-low.aspx,-15,NA,-10.305902559649745,6.056901310093245e-17
immigration,Gallup,NA,2025-07-07,2025-07-21,1002,A,38,60,https://news.gallup.com/poll/692879/independents-drive-trump-approval-second-term-low.aspx,-22,NA,-17.305902559649745,6.056901310093245e-17
economy,Gallup,NA,2025-07-07,2025-07-21,1002,A,37,61,https://news.gallup.com/poll/692879/independents-drive-trump-approval-second-term-low.aspx,-24,NA,-19.305902559649745,6.056901310093245e-17
trade_tariffs,Gallup,NA,2025-07-07,2025-07-21,1002,A,36,61,https://news.gallup.com/poll/692879/independents-drive-trump-approval-second-term-low.aspx,-25,NA,-20.305902559649745,6.056901310093245e-17
immigration,High Point University,NA,2025-07-18,2025-07-21,1000,A,41,50,https://www.highpoint.edu/src/files/2023/08/hpupoll112A.pdf,-9,NA,-11.855188877813568,4.294378446735211e-17
trade_tariffs,High Point University,NA,2025-07-18,2025-07-21,1000,A,37,47,https://www.highpoint.edu/src/files/2023/08/hpupoll112A.pdf,-10,NA,-12.855188877813568,4.294378446735211e-17
healthcare,High Point University,NA,2025-07-18,2025-07-21,1000,A,34,49,https://www.highpoint.edu/src/files/2023/08/hpupoll112A.pdf,-15,NA,-17.855188877813568,4.294378446735211e-17
inflation,High Point University,NA,2025-07-18,2025-07-21,1000,A,33,55,https://www.highpoint.edu/src/files/2023/08/hpupoll112A.pdf,-22,NA,-24.855188877813568,4.294378446735211e-17
economy,High Point University,NA,2025-07-18,2025-07-21,1000,A,33,54,https://www.highpoint.edu/src/files/2023/08/hpupoll112A.pdf,-21,NA,-23.855188877813568,4.294378446735211e-17
economy,YouGov,The Economist,2025-07-18,2025-07-21,1729,A,40,52,https://d3nkl3psvxxpe9.cloudfront.net/documents/econTabReport_QYo5riR.pdf,-12,NA,-13.14283126524682,1.5440152775365708e-17
inflation,YouGov,The Economist,2025-07-18,2025-07-21,1729,A,31,61,https://d3nkl3psvxxpe9.cloudfront.net/documents/econTabReport_QYo5riR.pdf,-30,NA,-31.142831265246823,1.5440152775365708e-17
immigration,YouGov,The Economist,2025-07-18,2025-07-21,1729,A,45,50,https://d3nkl3psvxxpe9.cloudfront.net/documents/econTabReport_QYo5riR.pdf,-5,NA,-6.142831265246819,1.5440152775365708e-17
foreign_policy,YouGov,The Economist,2025-07-18,2025-07-21,1729,A,39,50,https://d3nkl3psvxxpe9.cloudfront.net/documents/econTabReport_QYo5riR.pdf,-11,NA,-12.14283126524682,1.5440152775365708e-17
trade_tariffs,YouGov,The Economist,2025-07-18,2025-07-21,1729,A,38,52,https://d3nkl3psvxxpe9.cloudfront.net/documents/econTabReport_QYo5riR.pdf,-14,NA,-15.14283126524682,1.5440152775365708e-17
immigration,Beacon Research/Shaw & Co. Research,FOX News,2025-07-18,2025-07-21,1000,RV,48,51,https://static.foxnews.com/foxnews.com/content/uploads/2025/07/fox_july-18-21-2025_national_topline_july-23-release.pdf,-3,NA,0.12498124103330355,3.505412184524435e-17
foreign_policy,Beacon Research/Shaw & Co. Research,FOX News,2025-07-18,2025-07-21,1000,RV,45,54,https://static.foxnews.com/foxnews.com/content/uploads/2025/07/fox_july-18-21-2025_national_topline_july-23-release.pdf,-9,NA,-5.8750187589666965,3.505412184524435e-17
economy,Beacon Research/Shaw & Co. Research,FOX News,2025-07-18,2025-07-21,1000,RV,44,55,https://static.foxnews.com/foxnews.com/content/uploads/2025/07/fox_july-18-21-2025_national_topline_july-23-release.pdf,-11,NA,-7.8750187589666965,3.505412184524435e-17
inflation,Beacon Research/Shaw & Co. Research,FOX News,2025-07-18,2025-07-21,1000,RV,36,62,https://static.foxnews.com/foxnews.com/content/uploads/2025/07/fox_july-18-21-2025_national_topline_july-23-release.pdf,-26,NA,-22.875018758966696,3.505412184524435e-17
trade_tariffs,Beacon Research/Shaw & Co. Research,FOX News,2025-07-18,2025-07-21,1000,RV,36,62,https://static.foxnews.com/foxnews.com/content/uploads/2025/07/fox_july-18-21-2025_national_topline_july-23-release.pdf,-26,NA,-22.875018758966696,3.505412184524435e-17
economy,Global Strategy Group/GBAO (Navigator Research),NA,2025-07-16,2025-07-21,1000,RV,43,53,https://navigatorresearch.org/wp-content/uploads/2025/07/Navigator-Topline-F07.21.25.pdf,-10,NA,-9.573516623170725,2.155176511912744e-17
economy,Emerson College,Nexstar,2025-07-21,2025-07-22,1400,RV,41.3,50.6,https://emersoncollegepolling.com/july-2025-national-poll/,-9.3,NA,-14.552153201509292,1.2587170371515678e-16
trade_tariffs,Emerson College,Nexstar,2025-07-21,2025-07-22,1400,RV,35.8,50.2,https://emersoncollegepolling.com/july-2025-national-poll/,-14.4,NA,-19.652153201509293,1.2587170371515678e-16
immigration,Emerson College,Nexstar,2025-07-21,2025-07-22,1400,RV,45,45.9,https://emersoncollegepolling.com/july-2025-national-poll/,-0.9,NA,-6.152153201509286,1.2587170371515678e-16
economy,Ipsos,Reuters,2025-07-25,2025-07-27,1023,A,38,55,https://www.reuters.com/world/us/trump-approval-rating-sinks-40-lowest-his-term-reutersipsos-poll-finds-2025-07-29/,-17,NA,-12.429889822926086,2.0609677623738457e-17
immigration,Ipsos,Reuters,2025-07-25,2025-07-27,1023,A,43,51,https://www.reuters.com/world/us/trump-approval-rating-sinks-40-lowest-his-term-reutersipsos-poll-finds-2025-07-29/,-8,NA,-3.4298898229260857,2.0609677623738457e-17
healthcare,Morning Consult,NA,2025-07-25,2025-07-27,2203,RV,41,49,https://pro.morningconsult.com/trackers/donald-trump-congress-policy-republicans-polling,-8,NA,-21.719085250761303,2.31085857467339e-17
immigration,Morning Consult,NA,2025-07-25,2025-07-27,2203,RV,50,43,https://pro.morningconsult.com/trackers/donald-trump-congress-policy-republicans-polling,7,NA,-6.719085250761303,2.31085857467339e-17
economy,Morning Consult,NA,2025-07-25,2025-07-27,2203,RV,46,46,https://pro.morningconsult.com/trackers/donald-trump-congress-policy-republicans-polling,0,NA,-13.719085250761303,2.31085857467339e-17
trade_tariffs,Morning Consult,NA,2025-07-25,2025-07-27,2203,RV,44,45,https://pro.morningconsult.com/trackers/donald-trump-congress-policy-republicans-polling,-1,NA,-14.719085250761303,2.31085857467339e-17
economy,YouGov,The Economist,2025-07-25,2025-07-28,1777,A,40,51,https://d3nkl3psvxxpe9.cloudfront.net/documents/econTabReport_7Bn59Tx.pdf,-11,NA,-12.14283126524682,2.7317931611898765e-17
inflation,YouGov,The Economist,2025-07-25,2025-07-28,1777,A,34,59,https://d3nkl3psvxxpe9.cloudfront.net/documents/econTabReport_7Bn59Tx.pdf,-25,NA,-26.14283126524682,2.7317931611898765e-17
immigration,YouGov,The Economist,2025-07-25,2025-07-28,1777,A,44,50,https://d3nkl3psvxxpe9.cloudfront.net/documents/econTabReport_7Bn59Tx.pdf,-6,NA,-7.142831265246819,2.7317931611898765e-17
trade_tariffs,YouGov,The Economist,2025-07-25,2025-07-28,1777,A,37,51,https://d3nkl3psvxxpe9.cloudfront.net/documents/econTabReport_7Bn59Tx.pdf,-14,NA,-15.14283126524682,2.7317931611898765e-17
inflation,YouGov,Yahoo News,2025-07-24,2025-07-28,1729,A,31,63,https://d3nkl3psvxxpe9.cloudfront.net/documents/20250728_yahoo.pdf,-32,NA,-33.142831265246826,2.6946452362471358e-17
economy,YouGov,Yahoo News,2025-07-24,2025-07-28,1729,A,37,56,https://d3nkl3psvxxpe9.cloudfront.net/documents/20250728_yahoo.pdf,-19,NA,-20.14283126524682,2.6946452362471358e-17
trade_tariffs,YouGov,Yahoo News,2025-07-24,2025-07-28,1729,A,35,57,https://d3nkl3psvxxpe9.cloudfront.net/documents/20250728_yahoo.pdf,-22,NA,-23.14283126524682,2.6946452362471358e-17
immigration,YouGov,Yahoo News,2025-07-24,2025-07-28,1729,A,44,52,https://d3nkl3psvxxpe9.cloudfront.net/documents/20250728_yahoo.pdf,-8,NA,-9.14283126524682,2.6946452362471358e-17
immigration,Grayhouse,America One Policies (super PAC),2025-07-27,2025-07-29,2000,RV,50,50,https://cdn.prod.website-files.com/5d02aaade6188137a65c8441/6894e3bfba25e36f2fad12de_OBBB%20Message%20Testing%20Full.pdf,0,REP,-9.196632124557262,5.776087815192868e-17
economy,Grayhouse,America One Policies (super PAC),2025-07-27,2025-07-29,2000,RV,47,54,https://cdn.prod.website-files.com/5d02aaade6188137a65c8441/6894e3bfba25e36f2fad12de_OBBB%20Message%20Testing%20Full.pdf,-7,REP,-16.19663212455726,5.776087815192868e-17
foreign_policy,Grayhouse,America One Policies (super PAC),2025-07-27,2025-07-29,2000,RV,50,50,https://cdn.prod.website-files.com/5d02aaade6188137a65c8441/6894e3bfba25e36f2fad12de_OBBB%20Message%20Testing%20Full.pdf,0,REP,-9.196632124557262,5.776087815192868e-17
immigration,John Zogby Strategies,NA,2025-07-28,2025-07-29,1010,LV,49,48,https://johnzogbystrategies.com/new-zogby-strategies-poll-reveals-intense-collapse-among-trump-supporters/,1,NA,-7.687157614573863,4.6827284297355574e-17
economy,John Zogby Strategies,NA,2025-07-28,2025-07-29,1010,LV,42,55,https://johnzogbystrategies.com/new-zogby-strategies-poll-reveals-intense-collapse-among-trump-supporters/,-13,NA,-21.687157614573863,4.6827284297355574e-17
trade_tariffs,John Zogby Strategies,NA,2025-07-28,2025-07-29,1010,LV,39,57,https://johnzogbystrategies.com/new-zogby-strategies-poll-reveals-intense-collapse-among-trump-supporters/,-18,NA,-26.687157614573863,4.6827284297355574e-17
inflation,University of Massachusetts (Amherst),WCVB-TV,2025-07-25,2025-07-30,1000,A,31,63,https://www.umass.edu/political-science/about/reports/2025-9#toc-toplines-and-crosstabs,-32,NA,-23.48346265563312,9.206750656937419e-17
immigration,University of Massachusetts (Amherst),WCVB-TV,2025-07-25,2025-07-30,1000,A,41,54,https://www.umass.edu/political-science/about/reports/2025-9#toc-toplines-and-crosstabs,-13,NA,-4.483462655633119,9.206750656937419e-17
trade_tariffs,University of Massachusetts (Amherst),WCVB-TV,2025-07-25,2025-07-30,1000,A,31,63,https://www.umass.edu/political-science/about/reports/2025-9#toc-toplines-and-crosstabs,-32,NA,-23.48346265563312,9.206750656937419e-17
iran,University of Massachusetts (Amherst),WCVB-TV,2025-07-25,2025-07-30,1000,A,36,51,https://www.umass.edu/political-science/about/reports/2025-9#toc-toplines-and-crosstabs,-15,NA,-6.483462655633119,9.206750656937419e-17
inflation,Clarity Campaign Labs,NA,2025-07-24,2025-07-31,1018,RV,36,61,https://static1.squarespace.com/static/61ae8d5e55be5c7314b4c83a/t/68936b40c111f97bb04773dd/1754491714447/Clarity+Omnibus+Overview+-+July+2025+%5BPUBLIC%5D.pdf,-25,NA,-29.1079678686571,6.013269833750949e-17
healthcare,Clarity Campaign Labs,NA,2025-07-24,2025-07-31,1018,RV,39,55,https://static1.squarespace.com/static/61ae8d5e55be5c7314b4c83a/t/68936b40c111f97bb04773dd/1754491714447/Clarity+Omnibus+Overview+-+July+2025+%5BPUBLIC%5D.pdf,-16,NA,-20.1079678686571,6.013269833750949e-17
economy,Clarity Campaign Labs,NA,2025-07-24,2025-07-31,1018,RV,42,54,https://static1.squarespace.com/static/61ae8d5e55be5c7314b4c83a/t/68936b40c111f97bb04773dd/1754491714447/Clarity+Omnibus+Overview+-+July+2025+%5BPUBLIC%5D.pdf,-12,NA,-16.1079678686571,6.013269833750949e-17
immigration,Clarity Campaign Labs,NA,2025-07-24,2025-07-31,1018,RV,45,52,https://static1.squarespace.com/static/61ae8d5e55be5c7314b4c83a/t/68936b40c111f97bb04773dd/1754491714447/Clarity+Omnibus+Overview+-+July+2025+%5BPUBLIC%5D.pdf,-7,NA,-11.107967868657099,6.013269833750949e-17
economy,Hart Research Associates/Public Opinion Strategies,CNBC,2025-07-29,2025-08-03,1000,A,45,53,https://pos.org/wp-content/uploads/2025/08/250178-CNBC-AAES-Q2-2025-Topline-8-7-2025-Release.pdf,-8,NA,-10.779870971951567,1.2756325480315556e-16
trade_tariffs,Hart Research Associates/Public Opinion Strategies,CNBC,2025-07-29,2025-08-03,1000,A,45,51,https://pos.org/wp-content/uploads/2025/08/250178-CNBC-AAES-Q2-2025-Topline-8-7-2025-Release.pdf,-6,NA,-8.779870971951567,1.2756325480315556e-16
foreign_policy,Hart Research Associates/Public Opinion Strategies,CNBC,2025-07-29,2025-08-03,1000,A,41,55,https://pos.org/wp-content/uploads/2025/08/250178-CNBC-AAES-Q2-2025-Topline-8-7-2025-Release.pdf,-14,NA,-16.779870971951567,1.2756325480315556e-16
inflation,Hart Research Associates/Public Opinion Strategies,CNBC,2025-07-29,2025-08-03,1000,A,37,60,https://pos.org/wp-content/uploads/2025/08/250178-CNBC-AAES-Q2-2025-Topline-8-7-2025-Release.pdf,-23,NA,-25.779870971951567,1.2756325480315556e-16
immigration,Morning Consult,NA,2025-08-01,2025-08-03,2201,RV,50,43,https://pro.morningconsult.com/trackers/donald-trump-congress-policy-republicans-polling,7,NA,-6.719085250761303,3.979460929949808e-17
economy,Morning Consult,NA,2025-08-01,2025-08-03,2201,RV,43,49,https://pro.morningconsult.com/trackers/donald-trump-congress-policy-republicans-polling,-6,NA,-19.719085250761303,3.979460929949808e-17
trade_tariffs,Morning Consult,NA,2025-08-01,2025-08-03,2201,RV,43,47,https://pro.morningconsult.com/trackers/donald-trump-congress-policy-republicans-polling,-4,NA,-17.719085250761303,3.979460929949808e-17
foreign_policy,Morning Consult,NA,2025-08-01,2025-08-03,2201,RV,45,45,https://pro.morningconsult.com/trackers/donald-trump-congress-policy-republicans-polling,0,NA,-13.719085250761303,3.979460929949808e-17
economy,YouGov,The Economist,2025-08-01,2025-08-04,1702,A,40,53,https://d3nkl3psvxxpe9.cloudfront.net/documents/econTabReport_lSgdLYM.pdf,-13,NA,-14.14283126524682,4.6346416553832195e-17
inflation,YouGov,The Economist,2025-08-01,2025-08-04,1702,A,34,59,https://d3nkl3psvxxpe9.cloudfront.net/documents/econTabReport_lSgdLYM.pdf,-25,NA,-26.14283126524682,4.6346416553832195e-17
immigration,YouGov,The Economist,2025-08-01,2025-08-04,1702,A,45,51,https://d3nkl3psvxxpe9.cloudfront.net/documents/econTabReport_lSgdLYM.pdf,-6,NA,-7.142831265246819,4.6346416553832195e-17
healthcare,YouGov,The Economist,2025-08-01,2025-08-04,1702,A,33,57,https://d3nkl3psvxxpe9.cloudfront.net/documents/econTabReport_lSgdLYM.pdf,-24,NA,-25.14283126524682,4.6346416553832195e-17
immigration,Pew Research Center,NA,2025-08-04,2025-08-10,3554,A,46,54,https://www.pewresearch.org/wp-content/uploads/sites/20/2025/08/PP_2025.8.14_Trump-approval_topline.pdf,-8,NA,-8.686911463873983,5.931608280143898e-16
economy,Pew Research Center,NA,2025-08-04,2025-08-10,3554,A,44,55,https://www.pewresearch.org/wp-content/uploads/sites/20/2025/08/PP_2025.8.14_Trump-approval_topline.pdf,-11,NA,-11.686911463873983,5.931608280143898e-16
foreign_policy,Pew Research Center,NA,2025-08-04,2025-08-10,3554,A,43,57,https://www.pewresearch.org/wp-content/uploads/sites/20/2025/08/PP_2025.8.14_Trump-approval_topline.pdf,-14,NA,-14.686911463873983,5.931608280143898e-16
healthcare,Pew Research Center,NA,2025-08-04,2025-08-10,3554,A,38,61,https://www.pewresearch.org/wp-content/uploads/sites/20/2025/08/PP_2025.8.14_Trump-approval_topline.pdf,-23,NA,-23.686911463873983,5.931608280143898e-16
trade_tariffs,Pew Research Center,NA,2025-08-04,2025-08-10,3554,A,38,61,https://www.pewresearch.org/wp-content/uploads/sites/20/2025/08/PP_2025.8.14_Trump-approval_topline.pdf,-23,NA,-23.686911463873983,5.931608280143898e-16
crime,Pew Research Center,NA,2025-08-04,2025-08-10,3554,A,44,55,https://www.pewresearch.org/wp-content/uploads/sites/20/2025/08/PP_2025.8.14_Trump-approval_topline.pdf,-11,NA,-11.686911463873983,5.931608280143898e-16
iran,Pew Research Center,NA,2025-08-04,2025-08-10,3554,A,43,55,https://www.pewresearch.org/wp-content/uploads/sites/20/2025/08/PP_2025.8.14_Trump-approval_topline.pdf,-12,NA,-12.686911463873983,5.931608280143898e-16
immigration,Morning Consult,NA,2025-08-08,2025-08-10,2200,RV,52,42,https://pro.morningconsult.com/trackers/donald-trump-congress-policy-republicans-polling,10,NA,-3.719085250761303,6.855092627731429e-17
economy,Morning Consult,NA,2025-08-08,2025-08-10,2200,RV,46,47,https://pro.morningconsult.com/trackers/donald-trump-congress-policy-republicans-polling,-1,NA,-14.719085250761303,6.855092627731429e-17
trade_tariffs,Morning Consult,NA,2025-08-08,2025-08-10,2200,RV,45,46,https://pro.morningconsult.com/trackers/donald-trump-congress-policy-republicans-polling,-1,NA,-14.719085250761303,6.855092627731429e-17
trade_tariffs,Data For Progress,NA,2025-08-08,2025-08-10,1176,LV,38,55,https://www.filesforprogress.org/datasets/2025/8/dfp_trump_backlash.pdf,-17,NA,-19.525841267565653,2.408757559873658e-16
economy,YouGov,The Economist,2025-08-09,2025-08-11,1635,A,41,52,https://d3nkl3psvxxpe9.cloudfront.net/documents/econTabReport_Y7xe8fY.pdf,-11,NA,-12.14283126524682,7.847261359883345e-17
inflation,YouGov,The Economist,2025-08-09,2025-08-11,1635,A,35,58,https://d3nkl3psvxxpe9.cloudfront.net/documents/econTabReport_Y7xe8fY.pdf,-23,NA,-24.14283126524682,7.847261359883345e-17
immigration,YouGov,The Economist,2025-08-09,2025-08-11,1635,A,47,48,https://d3nkl3psvxxpe9.cloudfront.net/documents/econTabReport_Y7xe8fY.pdf,-1,NA,-2.1428312652468193,7.847261359883345e-17
crime,YouGov,The Economist,2025-08-09,2025-08-11,1635,A,45,43,https://d3nkl3psvxxpe9.cloudfront.net/documents/econTabReport_Y7xe8fY.pdf,2,NA,0.8571687347531807,7.847261359883345e-17
economy,Global Strategy Group/GBAO (Navigator Research),NA,2025-08-07,2025-08-11,1000,RV,43,54,https://navigatorresearch.org/wp-content/uploads/2025/08/Navigator-Update-08.14.2025-1.pdf,-11,NA,-10.573516623170725,1.0992660834754991e-16
economy,Ipsos,Reuters,2025-08-13,2025-08-18,4446,A,37,53,https://www.reuters.com/world/us/trump-approval-holds-40-lowest-level-his-term-reutersipsos-poll-finds-2025-08-18/,-16,NA,-11.429889822926086,2.3774096536619694e-16
immigration,Ipsos,Reuters,2025-08-13,2025-08-18,4446,A,43,48,https://www.reuters.com/world/us/trump-approval-holds-40-lowest-level-his-term-reutersipsos-poll-finds-2025-08-18/,-5,NA,-0.4298898229260857,2.3774096536619694e-16
inflation,Ipsos,Reuters,2025-08-13,2025-08-18,4446,A,32,58,https://www.reuters.com/world/us/trump-approval-holds-40-lowest-level-his-term-reutersipsos-poll-finds-2025-08-18/,-26,NA,-21.429889822926086,2.3774096536619694e-16
trade_tariffs,Ipsos,Reuters,2025-08-13,2025-08-18,4446,A,36,52,https://www.reuters.com/world/us/trump-approval-holds-40-lowest-level-his-term-reutersipsos-poll-finds-2025-08-18/,-16,NA,-11.429889822926086,2.3774096536619694e-16
economy,YouGov,The Economist,2025-08-15,2025-08-18,1568,A,39,53,https://d3nkl3psvxxpe9.cloudfront.net/documents/econTabReport_sBoaiA0.pdf,-14,NA,-15.14283126524682,1.3355906973404153e-16
inflation,YouGov,The Economist,2025-08-15,2025-08-18,1568,A,32,61,https://d3nkl3psvxxpe9.cloudfront.net/documents/econTabReport_sBoaiA0.pdf,-29,NA,-30.142831265246823,1.3355906973404153e-16
immigration,YouGov,The Economist,2025-08-15,2025-08-18,1568,A,43,53,https://d3nkl3psvxxpe9.cloudfront.net/documents/econTabReport_sBoaiA0.pdf,-10,NA,-11.14283126524682,1.3355906973404153e-16
foreign_policy,YouGov,The Economist,2025-08-15,2025-08-18,1568,A,37,52,https://d3nkl3psvxxpe9.cloudfront.net/documents/econTabReport_sBoaiA0.pdf,-15,NA,-16.14283126524682,1.3355906973404153e-16
trade_tariffs,YouGov,The Economist,2025-08-15,2025-08-18,1568,A,36,56,https://d3nkl3psvxxpe9.cloudfront.net/documents/econTabReport_sBoaiA0.pdf,-20,NA,-21.14283126524682,1.3355906973404153e-16
immigration,Morning Consult,NA,2025-08-15,2025-08-18,2201,RV,49,44,https://pro.morningconsult.com/trackers/donald-trump-congress-policy-republicans-polling,5,NA,-8.719085250761303,1.2908016288513044e-16
economy,Morning Consult,NA,2025-08-15,2025-08-18,2201,RV,45,48,https://pro.morningconsult.com/trackers/donald-trump-congress-policy-republicans-polling,-3,NA,-16.719085250761303,1.2908016288513044e-16
trade_tariffs,Morning Consult,NA,2025-08-15,2025-08-18,2201,RV,44,46,https://pro.morningconsult.com/trackers/donald-trump-congress-policy-republicans-polling,-2,NA,-15.719085250761303,1.2908016288513044e-16
economy,Echelon Insights,NA,2025-08-14,2025-08-18,1057,LV,46,51,https://echelonin.wpenginepowered.com/wp-content/uploads/August-2025-Voter-Omnibus-Topline-External.pdf,-5,NA,-8.48860462488409,2.668441191472153e-16
immigration,Echelon Insights,NA,2025-08-14,2025-08-18,1057,LV,47,51,https://echelonin.wpenginepowered.com/wp-content/uploads/August-2025-Voter-Omnibus-Topline-External.pdf,-4,NA,-7.48860462488409,2.668441191472153e-16
foreign_policy,Echelon Insights,NA,2025-08-14,2025-08-18,1057,LV,44,49,https://echelonin.wpenginepowered.com/wp-content/uploads/August-2025-Voter-Omnibus-Topline-External.pdf,-5,NA,-8.48860462488409,2.668441191472153e-16
trade_tariffs,Echelon Insights,NA,2025-08-14,2025-08-18,1057,LV,41,53,https://echelonin.wpenginepowered.com/wp-content/uploads/August-2025-Voter-Omnibus-Topline-External.pdf,-12,NA,-15.48860462488409,2.668441191472153e-16
crime,RMG Research,Napolitan News Service,2025-08-18,2025-08-19,1000,RV,51,43,https://napolitannews.org/posts/how-is-trump-doing-on-voters-top-issues,8,NA,0.1529308635687059,1.729188298344252e-16
immigration,RMG Research,Napolitan News Service,2025-08-18,2025-08-19,1000,RV,50,45,https://napolitannews.org/posts/how-is-trump-doing-on-voters-top-issues,5,NA,-2.847069136431294,1.729188298344252e-16
inflation,RMG Research,Napolitan News Service,2025-08-18,2025-08-19,1000,RV,46,48,https://napolitannews.org/posts/how-is-trump-doing-on-voters-top-issues,-2,NA,-9.847069136431294,1.729188298344252e-16
healthcare,RMG Research,Napolitan News Service,2025-08-18,2025-08-19,1000,RV,44,48,https://napolitannews.org/posts/how-is-trump-doing-on-voters-top-issues,-4,NA,-11.847069136431294,1.729188298344252e-16
economy,RMG Research,Napolitan News Service,2025-08-18,2025-08-19,1000,RV,43,51,https://napolitannews.org/posts/how-is-trump-doing-on-voters-top-issues,-8,NA,-15.847069136431294,1.729188298344252e-16
economy,American Research Group,NA,2025-08-17,2025-08-20,1100,A,34,63,https://americanresearchgroup.com/economy/,-29,NA,-18.56684923195619,3.3079538614492197e-16
foreign_policy,Gallup,NA,2025-08-01,2025-08-20,1094,A,39,57,https://news.gallup.com/poll/694370/trump-ratings-mood-stay-tepid-august.aspx,-18,NA,-13.305902559649745,7.751235415087274e-16
economy,Gallup,NA,2025-08-01,2025-08-20,1094,A,37,59,https://news.gallup.com/poll/694370/trump-ratings-mood-stay-tepid-august.aspx,-22,NA,-17.305902559649745,7.751235415087274e-16
crime,Verasight,Strength In Numbers,2025-08-18,2025-08-21,1500,A,45,48,https://www.gelliottmorris.com/p/democrats-lead-the-us-house-generic,-3,NA,-1.26574860140164,6.74621829358314e-17
immigration,Verasight,Strength In Numbers,2025-08-18,2025-08-21,1500,A,46,51,https://www.gelliottmorris.com/p/democrats-lead-the-us-house-generic,-5,NA,-3.26574860140164,6.74621829358314e-17
foreign_policy,Verasight,Strength In Numbers,2025-08-18,2025-08-21,1500,A,40,52,https://www.gelliottmorris.com/p/democrats-lead-the-us-house-generic,-12,NA,-10.26574860140164,6.74621829358314e-17
economy,Verasight,Strength In Numbers,2025-08-18,2025-08-21,1500,A,41,54,https://www.gelliottmorris.com/p/democrats-lead-the-us-house-generic,-13,NA,-11.26574860140164,6.74621829358314e-17
trade_tariffs,Verasight,Strength In Numbers,2025-08-18,2025-08-21,1500,A,39,55,https://www.gelliottmorris.com/p/democrats-lead-the-us-house-generic,-16,NA,-14.26574860140164,6.74621829358314e-17
healthcare,Verasight,Strength In Numbers,2025-08-18,2025-08-21,1500,A,35,57,https://www.gelliottmorris.com/p/democrats-lead-the-us-house-generic,-22,NA,-20.26574860140164,6.74621829358314e-17
inflation,Verasight,Strength In Numbers,2025-08-18,2025-08-21,1500,A,34,61,https://www.gelliottmorris.com/p/democrats-lead-the-us-house-generic,-27,NA,-25.26574860140164,6.74621829358314e-17
immigration,Harris Insights & Analytics,Harvard CAPS,2025-08-20,2025-08-21,2025,RV,50,45,https://harvardharrispoll.com/topline-august/,5,NA,-3.475142376675315,3.402624130564252e-16
foreign_policy,Harris Insights & Analytics,Harvard CAPS,2025-08-20,2025-08-21,2025,RV,44,49,https://harvardharrispoll.com/topline-august/,-5,NA,-13.475142376675315,3.402624130564252e-16
economy,Harris Insights & Analytics,Harvard CAPS,2025-08-20,2025-08-21,2025,RV,44,51,https://harvardharrispoll.com/topline-august/,-7,NA,-15.475142376675315,3.402624130564252e-16
inflation,Harris Insights & Analytics,Harvard CAPS,2025-08-20,2025-08-21,2025,RV,41,53,https://harvardharrispoll.com/topline-august/,-12,NA,-20.475142376675315,3.402624130564252e-16
trade_tariffs,Harris Insights & Analytics,Harvard CAPS,2025-08-20,2025-08-21,2025,RV,41,52,https://harvardharrispoll.com/topline-august/,-11,NA,-19.475142376675315,3.402624130564252e-16
inflation,Ipsos,Reuters,2025-08-22,2025-08-24,1022,A,31,62,https://www.ipsos.com/sites/default/files/Reuters%20Ipsos%20Core%20Political%20Presidential%20Approval%20Tracker%20August%202025.pdf,-31,NA,-26.429889822926093,1.8065281802930713e-16
immigration,Ipsos,Reuters,2025-08-22,2025-08-24,1022,A,43,51,https://www.ipsos.com/sites/default/files/Reuters%20Ipsos%20Core%20Political%20Presidential%20Approval%20Tracker%20August%202025.pdf,-8,NA,-3.4298898229260857,1.8065281802930713e-16
economy,Ipsos,Reuters,2025-08-22,2025-08-24,1022,A,37,55,https://www.ipsos.com/sites/default/files/Reuters%20Ipsos%20Core%20Political%20Presidential%20Approval%20Tracker%20August%202025.pdf,-18,NA,-13.429889822926086,1.8065281802930713e-16
foreign_policy,Ipsos,Reuters,2025-08-22,2025-08-24,1022,A,37,51,https://www.ipsos.com/sites/default/files/Reuters%20Ipsos%20Core%20Political%20Presidential%20Approval%20Tracker%20August%202025.pdf,-14,NA,-9.429889822926086,1.8065281802930713e-16
crime,Ipsos,Reuters,2025-08-22,2025-08-24,1022,A,43,46,https://www.ipsos.com/sites/default/files/Reuters%20Ipsos%20Core%20Political%20Presidential%20Approval%20Tracker%20August%202025.pdf,-3,NA,1.5701101770739143,1.8065281802930713e-16
economy,Morning Consult,NA,2025-08-22,2025-08-24,2200,RV,45,49,https://pro.morningconsult.com/trackers/donald-trump-congress-policy-republicans-polling,-4,NA,-17.719085250761303,2.0453179222131163e-16
immigration,Morning Consult,NA,2025-08-22,2025-08-24,2200,RV,52,42,https://pro.morningconsult.com/trackers/donald-trump-congress-policy-republicans-polling,10,NA,-3.719085250761303,2.0453179222131163e-16
trade_tariffs,Morning Consult,NA,2025-08-22,2025-08-24,2200,RV,45,47,https://pro.morningconsult.com/trackers/donald-trump-congress-policy-republicans-polling,-2,NA,-15.719085250761303,2.0453179222131163e-16
economy,AP-NORC,NA,2025-08-21,2025-08-25,1182,A,43,54,https://apnorc.org/wp-content/uploads/2025/08/AP-NORC-August-2025-Topline-Crime.pdf,-11,NA,-7.267067087492876,1.1139077848215897e-16
immigration,AP-NORC,NA,2025-08-21,2025-08-25,1182,A,44,53,https://apnorc.org/wp-content/uploads/2025/08/AP-NORC-August-2025-Topline-Crime.pdf,-9,NA,-5.267067087492876,1.1139077848215897e-16
crime,AP-NORC,NA,2025-08-21,2025-08-25,1182,A,53,45,https://apnorc.org/wp-content/uploads/2025/08/AP-NORC-August-2025-Topline-Crime.pdf,8,NA,11.732932912507124,1.1139077848215897e-16
economy,YouGov,The Economist,2025-08-22,2025-08-25,1523,A,39,54,https://d3nkl3psvxxpe9.cloudfront.net/documents/econTabReport_otzzSNZ.pdf,-15,NA,-16.14283126524682,2.2704757657000483e-16
inflation,YouGov,The Economist,2025-08-22,2025-08-25,1523,A,34,61,https://d3nkl3psvxxpe9.cloudfront.net/documents/econTabReport_otzzSNZ.pdf,-27,NA,-28.14283126524682,2.2704757657000483e-16
immigration,YouGov,The Economist,2025-08-22,2025-08-25,1523,A,46,50,https://d3nkl3psvxxpe9.cloudfront.net/documents/econTabReport_otzzSNZ.pdf,-4,NA,-5.142831265246819,2.2704757657000483e-16
crime,Quinnipiac University,NA,2025-08-21,2025-08-25,1220,RV,42,54,https://poll.qu.edu/poll-release?releaseid=3929,-12,NA,-9.93666773944264,5.520999949165535e-16
foreign_policy,Quinnipiac University,NA,2025-08-21,2025-08-25,1220,RV,40,56,https://poll.qu.edu/poll-release?releaseid=3929,-16,NA,-13.93666773944264,5.520999949165535e-16
economy,Quinnipiac University,NA,2025-08-21,2025-08-25,1220,RV,39,57,https://poll.qu.edu/poll-release?releaseid=3929,-18,NA,-15.93666773944264,5.520999949165535e-16
trade_tariffs,Quinnipiac University,NA,2025-08-21,2025-08-25,1220,RV,38,56,https://poll.qu.edu/poll-release?releaseid=3929,-18,NA,-15.93666773944264,5.520999949165535e-16
immigration,John Zogby Strategies,NA,2025-08-29,2025-08-30,1000,LV,51,47,https://johnzogbystrategies.com/wp-content/uploads/2025/09/Has-The-President-Bounced-Back_-New-Zogby-Strategies-Poll-09.03.25.html,4,NA,-4.687157614573863,5.6671714980592e-16
economy,John Zogby Strategies,NA,2025-08-29,2025-08-30,1000,LV,44,53,https://johnzogbystrategies.com/wp-content/uploads/2025/09/Has-The-President-Bounced-Back_-New-Zogby-Strategies-Poll-09.03.25.html,-9,NA,-17.687157614573863,5.6671714980592e-16
trade_tariffs,John Zogby Strategies,NA,2025-08-29,2025-08-30,1000,LV,43,53,https://johnzogbystrategies.com/wp-content/uploads/2025/09/Has-The-President-Bounced-Back_-New-Zogby-Strategies-Poll-09.03.25.html,-10,NA,-18.687157614573863,5.6671714980592e-16
immigration,Morning Consult,NA,2025-08-29,2025-08-31,2202,RV,49,45,https://pro.morningconsult.com/trackers/donald-trump-congress-policy-republicans-polling,4,NA,-9.719085250761303,3.5269640608644177e-16
economy,Morning Consult,NA,2025-08-29,2025-08-31,2202,RV,44,47,https://pro.morningconsult.com/trackers/donald-trump-congress-policy-republicans-polling,-3,NA,-16.719085250761303,3.5269640608644177e-16
trade_tariffs,Morning Consult,NA,2025-08-29,2025-08-31,2202,RV,43,46,https://pro.morningconsult.com/trackers/donald-trump-congress-policy-republicans-polling,-3,NA,-16.719085250761303,3.5269640608644177e-16
inflation,SurveyMonkey,NBC News,2025-08-13,2025-09-01,30196,A,39,61,https://www.documentcloud.org/documents/26085240-final-nbc-news-decision-desk-poll-august-2025-topline/,-22,NA,-19.05707446915897,1.0159182107976745e-15
trade_tariffs,SurveyMonkey,NBC News,2025-08-13,2025-09-01,30196,A,41,59,https://www.documentcloud.org/documents/26085240-final-nbc-news-decision-desk-poll-august-2025-topline/,-18,NA,-15.05707446915897,1.0159182107976745e-15
economy,The Winston Group,Winning the Issues,2025-08-30,2025-09-01,1000,RV,41,53,https://www.winningtheissues.org/wp-content/uploads/2026/01/August-2025-WTI-Survey.pdf,-12,REP,-13.862680544207109,1.1843051840900276e-15
trade_tariffs,The Winston Group,Winning the Issues,2025-08-30,2025-09-01,1000,RV,37,55,https://www.winningtheissues.org/wp-content/uploads/2026/01/August-2025-WTI-Survey.pdf,-18,REP,-19.86268054420711,1.1843051840900276e-15
economy,YouGov,The Economist,2025-08-29,2025-09-02,1691,A,38,53,https://d3nkl3psvxxpe9.cloudfront.net/documents/econTabReport_S3c69M7.pdf,-15,NA,-16.14283126524682,4.502301425368048e-16
inflation,YouGov,The Economist,2025-08-29,2025-09-02,1691,A,32,62,https://d3nkl3psvxxpe9.cloudfront.net/documents/econTabReport_S3c69M7.pdf,-30,NA,-31.142831265246823,4.502301425368048e-16
immigration,YouGov,The Economist,2025-08-29,2025-09-02,1691,A,47,48,https://d3nkl3psvxxpe9.cloudfront.net/documents/econTabReport_S3c69M7.pdf,-1,NA,-2.1428312652468193,4.502301425368048e-16
crime,YouGov,Yahoo News,2025-08-29,2025-09-02,1690,A,44,47,https://www.scribd.com/document/910985644/Yahoo-YouGov-Crime-Poll-August-2025,-3,NA,-4.142831265246819,4.500969974377714e-16
economy,YouGov,Yahoo News,2025-08-29,2025-09-02,1690,A,36,57,https://www.scribd.com/document/910985644/Yahoo-YouGov-Crime-Poll-August-2025,-21,NA,-22.14283126524682,4.500969974377714e-16
inflation,YouGov,Yahoo News,2025-08-29,2025-09-02,1690,A,29,62,https://www.scribd.com/document/910985644/Yahoo-YouGov-Crime-Poll-August-2025,-33,NA,-34.142831265246826,4.500969974377714e-16
trade_tariffs,YouGov,Yahoo News,2025-08-29,2025-09-02,1690,A,35,58,https://www.scribd.com/document/910985644/Yahoo-YouGov-Crime-Poll-August-2025,-23,NA,-24.14283126524682,4.500969974377714e-16
immigration,YouGov,Yahoo News,2025-08-29,2025-09-02,1690,A,45,51,https://www.scribd.com/document/910985644/Yahoo-YouGov-Crime-Poll-August-2025,-6,NA,-7.142831265246819,4.500969974377714e-16
economy,YouGov,CBS News,2025-09-03,2025-09-05,2385,A,41,59,https://www.cbsnews.com/news/trump-national-guard-cities-opinion-poll/,-18,NA,-19.14283126524682,6.731424129525253e-16
inflation,YouGov,CBS News,2025-09-03,2025-09-05,2385,A,36,64,https://www.cbsnews.com/news/trump-national-guard-cities-opinion-poll/,-28,NA,-29.14283126524682,6.731424129525253e-16
immigration,YouGov,CBS News,2025-09-03,2025-09-05,2385,A,46,54,https://www.cbsnews.com/news/trump-national-guard-cities-opinion-poll/,-8,NA,-9.14283126524682,6.731424129525253e-16
economy,Public Religion Research Institute,"Brookings Institute, Carnegie Corporation of New York, Ford Foundation, Unitarian Universalist Veatch Program at Shelter Rock",2025-08-15,2025-09-08,5543,A,39,58,https://prri.org/research/trumps-unprecedented-actions-deepen-asymmetric-divides/,-19,NA,-17.810306176105207,1.0769647616358408e-14
immigration,Public Religion Research Institute,"Brookings Institute, Carnegie Corporation of New York, Ford Foundation, Unitarian Universalist Veatch Program at Shelter Rock",2025-08-15,2025-09-08,5543,A,43,54,https://prri.org/research/trumps-unprecedented-actions-deepen-asymmetric-divides/,-11,NA,-9.810306176105207,1.0769647616358408e-14
foreign_policy,Public Religion Research Institute,"Brookings Institute, Carnegie Corporation of New York, Ford Foundation, Unitarian Universalist Veatch Program at Shelter Rock",2025-08-15,2025-09-08,5543,A,39,57,https://prri.org/research/trumps-unprecedented-actions-deepen-asymmetric-divides/,-18,NA,-16.810306176105207,1.0769647616358408e-14
economy,YouGov,The Economist,2025-09-05,2025-09-08,1644,A,38,55,https://d3nkl3psvxxpe9.cloudfront.net/documents/econTabReport_posPy08.pdf,-17,NA,-18.14283126524682,7.035802987605863e-16
inflation,YouGov,The Economist,2025-09-05,2025-09-08,1644,A,32,62,https://d3nkl3psvxxpe9.cloudfront.net/documents/econTabReport_posPy08.pdf,-30,NA,-31.142831265246823,7.035802987605863e-16
immigration,YouGov,The Economist,2025-09-05,2025-09-08,1644,A,45,50,https://d3nkl3psvxxpe9.cloudfront.net/documents/econTabReport_posPy08.pdf,-5,NA,-6.142831265246819,7.035802987605863e-16
healthcare,YouGov,The Economist,2025-09-05,2025-09-08,1644,A,32,56,https://d3nkl3psvxxpe9.cloudfront.net/documents/econTabReport_posPy08.pdf,-24,NA,-25.142831265246823,7.035802987605863e-16
economy,Global Strategy Group/GBAO (Navigator Research),NA,2025-09-04,2025-09-08,1000,RV,42,54,https://navigatorresearch.org/wp-content/uploads/2025/09/Navigator-Update-Topline-F09.08.25.pdf,-12,NA,-11.573516623170725,9.601371976701095e-16
immigration,Morning Consult,NA,2025-09-06,2025-09-08,2201,RV,49,42,https://pro.morningconsult.com/trackers/donald-trump-congress-policy-republicans-polling,7,NA,-6.719085250761303,6.611881290951421e-16
economy,Morning Consult,NA,2025-09-06,2025-09-08,2201,RV,42,50,https://pro.morningconsult.com/trackers/donald-trump-congress-policy-republicans-polling,-8,NA,-21.719085250761303,6.611881290951421e-16
trade_tariffs,Morning Consult,NA,2025-09-06,2025-09-08,2201,RV,42,47,https://pro.morningconsult.com/trackers/donald-trump-congress-policy-republicans-polling,-5,NA,-18.719085250761303,6.611881290951421e-16
economy,Ipsos,Reuters,2025-09-05,2025-09-09,1084,A,36,53,https://www.reuters.com/world/us/trump-approval-rating-42-weak-economy-reutersipsos-poll-shows-2025-09-09/,-17,NA,-12.429889822926086,6.547019378866131e-16
immigration,Ipsos,Reuters,2025-09-05,2025-09-09,1084,A,42,49,https://www.reuters.com/world/us/trump-approval-rating-42-weak-economy-reutersipsos-poll-shows-2025-09-09/,-7,NA,-2.4298898229260857,6.547019378866131e-16
healthcare,YouGov,Taxpayers Protection Alliance,2025-09-05,2025-09-09,2030,A,38,54,https://www.protectingtaxpayers.org/federal-agencies/tpa-releases-a-new-survey-exposing-americans-wide-distrust-disapproval-of-rfk-jr-s-leadership/,-16,REP,-17.623520063588607,6.795835147964528e-16
crime,Beacon Research/Shaw & Co. Research,FOX News,2025-09-06,2025-09-09,1004,RV,50,50,https://static.foxnews.com/foxnews.com/content/uploads/2025/09/fox_september-6-9-2025_national_topline_september-11-release.pdf,0,NA,3.1249812410333035,1.7204589574887908e-15
immigration,Beacon Research/Shaw & Co. Research,FOX News,2025-09-06,2025-09-09,1004,RV,47,52,https://static.foxnews.com/foxnews.com/content/uploads/2025/09/fox_september-6-9-2025_national_topline_september-11-release.pdf,-5,NA,-1.8750187589666965,1.7204589574887908e-15
economy,Beacon Research/Shaw & Co. Research,FOX News,2025-09-06,2025-09-09,1004,RV,39,60,https://static.foxnews.com/foxnews.com/content/uploads/2025/09/fox_september-6-9-2025_national_topline_september-11-release.pdf,-21,NA,-17.875018758966696,1.7204589574887908e-15
trade_tariffs,Beacon Research/Shaw & Co. Research,FOX News,2025-09-06,2025-09-09,1004,RV,36,63,https://static.foxnews.com/foxnews.com/content/uploads/2025/09/fox_september-6-9-2025_national_topline_september-11-release.pdf,-27,NA,-23.875018758966696,1.7204589574887908e-15
inflation,Beacon Research/Shaw & Co. Research,FOX News,2025-09-06,2025-09-09,1004,RV,32,67,https://static.foxnews.com/foxnews.com/content/uploads/2025/09/fox_september-6-9-2025_national_topline_september-11-release.pdf,-35,NA,-31.8750187589667,1.7204589574887908e-15
economy,Change Research,NA,2025-09-05,2025-09-10,2223,RV,44,54,https://portal.changeresearch.com/portal/projects/9b77cc10-feae-4dd6-b303-1b83ee015192,-10,NA,-17.405887280434733,2.2799249907984208e-15
inflation,Clarity Campaign Labs,NA,2025-09-04,2025-09-11,1001,RV,37,61,https://www.claritycampaigns.com/clarity-omnibus-september-2025,-24,NA,-28.1079678686571,1.5709059502622892e-15
healthcare,Clarity Campaign Labs,NA,2025-09-04,2025-09-11,1001,RV,41,52,https://www.claritycampaigns.com/clarity-omnibus-september-2025,-11,NA,-15.107967868657099,1.5709059502622892e-15
economy,Clarity Campaign Labs,NA,2025-09-04,2025-09-11,1001,RV,44,51,https://www.claritycampaigns.com/clarity-omnibus-september-2025,-7,NA,-11.107967868657099,1.5709059502622892e-15
immigration,Clarity Campaign Labs,NA,2025-09-04,2025-09-11,1001,RV,47,48,https://www.claritycampaigns.com/clarity-omnibus-september-2025,-1,NA,-5.107967868657099,1.5709059502622892e-15
immigration,Morning Consult,NA,2025-09-12,2025-09-14,2204,RV,49,43,https://pro.morningconsult.com/trackers/donald-trump-congress-policy-republicans-polling,6,NA,-7.719085250761303,1.0486264827721157e-15
economy,Morning Consult,NA,2025-09-12,2025-09-14,2204,RV,43,49,https://pro.morningconsult.com/trackers/donald-trump-congress-policy-republicans-polling,-6,NA,-19.719085250761303,1.0486264827721157e-15
trade_tariffs,Morning Consult,NA,2025-09-12,2025-09-14,2204,RV,44,46,https://pro.morningconsult.com/trackers/donald-trump-congress-policy-republicans-polling,-2,NA,-15.719085250761303,1.0486264827721157e-15
economy,AP-NORC,NA,2025-09-11,2025-09-15,1183,A,37,62,https://apnorc.org/wp-content/uploads/2025/09/AP-NORC-September-2025-Direction-of-the-country-Topline.pdf,-25,NA,-17.07373828056089,5.772387318398939e-16
immigration,AP-NORC,NA,2025-09-11,2025-09-15,1183,A,43,56,https://apnorc.org/wp-content/uploads/2025/09/AP-NORC-September-2025-Direction-of-the-country-Topline.pdf,-13,NA,-5.073738280560889,5.772387318398939e-16
foreign_policy,AP-NORC,NA,2025-09-11,2025-09-15,1183,A,39,59,https://apnorc.org/wp-content/uploads/2025/09/AP-NORC-September-2025-Direction-of-the-country-Topline.pdf,-20,NA,-12.073738280560889,5.772387318398939e-16
crime,AP-NORC,NA,2025-09-11,2025-09-15,1183,A,46,53,https://apnorc.org/wp-content/uploads/2025/09/AP-NORC-September-2025-Direction-of-the-country-Topline.pdf,-7,NA,0.9262617194391112,5.772387318398939e-16
trade_tariffs,AP-NORC,NA,2025-09-11,2025-09-15,1183,A,36,63,https://apnorc.org/wp-content/uploads/2025/09/AP-NORC-September-2025-Direction-of-the-country-Topline.pdf,-27,NA,-19.07373828056089,5.772387318398939e-16
healthcare,AP-NORC,NA,2025-09-11,2025-09-15,1183,A,35,64,https://apnorc.org/wp-content/uploads/2025/09/AP-NORC-September-2025-Direction-of-the-country-Topline.pdf,-29,NA,-21.07373828056089,5.772387318398939e-16
economy,Ipsos,The Washington Post,2025-09-11,2025-09-15,2513,A,40,59,https://www.washingtonpost.com/documents/3cf9e3ce-e4f2-4302-be21-a7311d6c035a.pdf,-19,NA,-14.429889822926086,1.5798841045415906e-15
immigration,Ipsos,The Washington Post,2025-09-11,2025-09-15,2513,A,44,55,https://www.washingtonpost.com/documents/3cf9e3ce-e4f2-4302-be21-a7311d6c035a.pdf,-11,NA,-6.429889822926086,1.5798841045415906e-15
trade_tariffs,Ipsos,The Washington Post,2025-09-11,2025-09-15,2513,A,34,64,https://www.washingtonpost.com/documents/3cf9e3ce-e4f2-4302-be21-a7311d6c035a.pdf,-30,NA,-25.429889822926093,1.5798841045415906e-15
crime,Ipsos,The Washington Post,2025-09-11,2025-09-15,2513,A,44,54,https://www.washingtonpost.com/documents/3cf9e3ce-e4f2-4302-be21-a7311d6c035a.pdf,-10,NA,-5.429889822926086,1.5798841045415906e-15
economy,YouGov,The Economist,2025-09-12,2025-09-15,1567,A,35,57,https://d3nkl3psvxxpe9.cloudfront.net/documents/econTabReport_jmHpS1k.pdf,-22,NA,-23.14283126524682,1.1828762923306092e-15
inflation,YouGov,The Economist,2025-09-12,2025-09-15,1567,A,30,64,https://d3nkl3psvxxpe9.cloudfront.net/documents/econTabReport_jmHpS1k.pdf,-34,NA,-35.142831265246826,1.1828762923306092e-15
immigration,YouGov,The Economist,2025-09-12,2025-09-15,1567,A,44,51,https://d3nkl3psvxxpe9.cloudfront.net/documents/econTabReport_jmHpS1k.pdf,-7,NA,-8.14283126524682,1.1828762923306092e-15
crime,YouGov,The Economist,2025-09-12,2025-09-15,1567,A,42,49,https://d3nkl3psvxxpe9.cloudfront.net/documents/econTabReport_jmHpS1k.pdf,-7,NA,-8.14283126524682,1.1828762923306092e-15
immigration,AtlasIntel,NA,2025-09-12,2025-09-16,1066,A,51,47,https://atlasintel.org/poll/usa-national-2025-09-19,4,NA,2.171046755168163,5.5894639859479465e-15
foreign_policy,AtlasIntel,NA,2025-09-12,2025-09-16,1066,A,51,47,https://atlasintel.org/poll/usa-national-2025-09-19,4,NA,2.171046755168163,5.5894639859479465e-15
economy,AtlasIntel,NA,2025-09-12,2025-09-16,1066,A,46,49,https://atlasintel.org/poll/usa-national-2025-09-19,-3,NA,-4.828953244831837,5.5894639859479465e-15
trade_tariffs,AtlasIntel,NA,2025-09-12,2025-09-16,1066,A,43,54,https://atlasintel.org/poll/usa-national-2025-09-19,-11,NA,-12.828953244831837,5.5894639859479465e-15
healthcare,AtlasIntel,NA,2025-09-12,2025-09-16,1066,A,47,49,https://atlasintel.org/poll/usa-national-2025-09-19,-2,NA,-3.828953244831837,5.5894639859479465e-15
immigration,"Normington, Petts & Associates",Third Way,2025-09-11,2025-09-16,800,LV,51,49,https://www.thirdway.org/memo/americans-caught-between-trumps-cruelty-and-democrats-chaos,2,NA,-5.19982137302361,7.82023055257087e-15
immigration,RMG Research,Napolitan News Service,2025-09-16,2025-09-17,1000,RV,47,51,https://napolitannews.org/posts/on-top-voter-issues-trump-approval-hits-yearly-lows,-4,NA,-11.847069136431294,1.6468090385636289e-15
crime,RMG Research,Napolitan News Service,2025-09-16,2025-09-17,1000,RV,47,51,https://napolitannews.org/posts/on-top-voter-issues-trump-approval-hits-yearly-lows,-4,NA,-11.847069136431294,1.6468090385636289e-15
economy,RMG Research,Napolitan News Service,2025-09-16,2025-09-17,1000,RV,41,58,https://napolitannews.org/posts/on-top-voter-issues-trump-approval-hits-yearly-lows,-17,NA,-24.847069136431294,1.6468090385636289e-15
inflation,RMG Research,Napolitan News Service,2025-09-16,2025-09-17,1000,RV,40,58,https://napolitannews.org/posts/on-top-voter-issues-trump-approval-hits-yearly-lows,-18,NA,-25.847069136431294,1.6468090385636289e-15
crime,Verasight,Strength In Numbers,2025-09-15,2025-09-19,1500,A,46,49,https://www.gelliottmorris.com/p/new-poll-voters-to-blame-republicans-for-shutdown,-3,NA,-1.26574860140164,6.512172308830683e-16
immigration,Verasight,Strength In Numbers,2025-09-15,2025-09-19,1500,A,46,51,https://www.gelliottmorris.com/p/new-poll-voters-to-blame-republicans-for-shutdown,-5,NA,-3.26574860140164,6.512172308830683e-16
foreign_policy,Verasight,Strength In Numbers,2025-09-15,2025-09-19,1500,A,41,52,https://www.gelliottmorris.com/p/new-poll-voters-to-blame-republicans-for-shutdown,-11,NA,-9.26574860140164,6.512172308830683e-16
economy,Verasight,Strength In Numbers,2025-09-15,2025-09-19,1500,A,41,54,https://www.gelliottmorris.com/p/new-poll-voters-to-blame-republicans-for-shutdown,-13,NA,-11.26574860140164,6.512172308830683e-16
trade_tariffs,Verasight,Strength In Numbers,2025-09-15,2025-09-19,1500,A,39,57,https://www.gelliottmorris.com/p/new-poll-voters-to-blame-republicans-for-shutdown,-18,NA,-16.26574860140164,6.512172308830683e-16
healthcare,Verasight,Strength In Numbers,2025-09-15,2025-09-19,1500,A,34,58,https://www.gelliottmorris.com/p/new-poll-voters-to-blame-republicans-for-shutdown,-24,NA,-22.26574860140164,6.512172308830683e-16
inflation,Verasight,Strength In Numbers,2025-09-15,2025-09-19,1500,A,32,63,https://www.gelliottmorris.com/p/new-poll-voters-to-blame-republicans-for-shutdown,-31,NA,-29.26574860140164,6.512172308830683e-16
economy,American Research Group,NA,2025-09-17,2025-09-20,1100,A,34,63,https://americanresearchgroup.com/economy/,-29,NA,-18.56684923195619,3.717695621540175e-15
economy,Ipsos,Reuters,2025-09-19,2025-09-21,1019,A,35,56,https://www.reuters.com/world/us/trumps-approval-dips-americans-worry-about-economy-reutersipsos-poll-finds-2025-09-23/,-21,NA,-16.429889822926086,1.5944689900875873e-15
immigration,Ipsos,Reuters,2025-09-19,2025-09-21,1019,A,42,50,https://www.reuters.com/world/us/trumps-approval-dips-americans-worry-about-economy-reutersipsos-poll-finds-2025-09-23/,-8,NA,-3.4298898229260857,1.5944689900875873e-15
immigration,Morning Consult,NA,2025-09-19,2025-09-21,2201,RV,49,45,https://pro.morningconsult.com/trackers/donald-trump-congress-policy-republicans-polling,4,NA,-9.719085250761303,1.8067893731523012e-15
economy,Morning Consult,NA,2025-09-19,2025-09-21,2201,RV,44,49,https://pro.morningconsult.com/trackers/donald-trump-congress-policy-republicans-polling,-5,NA,-18.719085250761303,1.8067893731523012e-15
trade_tariffs,Morning Consult,NA,2025-09-19,2025-09-21,2201,RV,42,49,https://pro.morningconsult.com/trackers/donald-trump-congress-policy-republicans-polling,-7,NA,-20.719085250761303,1.8067893731523012e-15
immigration,Quinnipiac University,NA,2025-09-18,2025-09-21,1276,RV,41,55,https://poll.qu.edu/poll-release?releaseid=3932,-14,NA,-11.93666773944264,4.709394684442084e-15
foreign_policy,Quinnipiac University,NA,2025-09-18,2025-09-21,1276,RV,40,53,https://poll.qu.edu/poll-release?releaseid=3932,-13,NA,-10.93666773944264,4.709394684442084e-15
trade_tariffs,Quinnipiac University,NA,2025-09-18,2025-09-21,1276,RV,39,54,https://poll.qu.edu/poll-release?releaseid=3932,-15,NA,-12.93666773944264,4.709394684442084e-15
economy,Quinnipiac University,NA,2025-09-18,2025-09-21,1276,RV,39,56,https://poll.qu.edu/poll-release?releaseid=3932,-17,NA,-14.93666773944264,4.709394684442084e-15
economy,YouGov,The Economist,2025-09-19,2025-09-22,1551,A,36,55,https://d3nkl3psvxxpe9.cloudfront.net/documents/econTabReport_XUKbKYQ.pdf,-19,NA,-20.14283126524682,2.061937934146783e-15
inflation,YouGov,The Economist,2025-09-19,2025-09-22,1551,A,32,61,https://d3nkl3psvxxpe9.cloudfront.net/documents/econTabReport_XUKbKYQ.pdf,-29,NA,-30.142831265246823,2.061937934146783e-15
immigration,YouGov,The Economist,2025-09-19,2025-09-22,1551,A,44,51,https://d3nkl3psvxxpe9.cloudfront.net/documents/econTabReport_XUKbKYQ.pdf,-7,NA,-8.14283126524682,2.061937934146783e-15
foreign_policy,YouGov,The Economist,2025-09-19,2025-09-22,1551,A,37,52,https://d3nkl3psvxxpe9.cloudfront.net/documents/econTabReport_XUKbKYQ.pdf,-15,NA,-16.14283126524682,2.061937934146783e-15
trade_tariffs,YouGov,The Economist,2025-09-19,2025-09-22,1551,A,37,54,https://d3nkl3psvxxpe9.cloudfront.net/documents/econTabReport_XUKbKYQ.pdf,-17,NA,-18.14283126524682,2.061937934146783e-15
economy,Echelon Insights,NA,2025-09-18,2025-09-22,1071,LV,43,54,https://echelonin.wpenginepowered.com/wp-content/uploads/September-2025-Voter-Omnibus-Topline-External-1.pdf,-11,NA,-14.48860462488409,4.103577100178567e-15
immigration,Echelon Insights,NA,2025-09-18,2025-09-22,1071,LV,48,49,https://echelonin.wpenginepowered.com/wp-content/uploads/September-2025-Voter-Omnibus-Topline-External-1.pdf,-1,NA,-4.48860462488409,4.103577100178567e-15
foreign_policy,Echelon Insights,NA,2025-09-18,2025-09-22,1071,LV,44,51,https://echelonin.wpenginepowered.com/wp-content/uploads/September-2025-Voter-Omnibus-Topline-External-1.pdf,-7,NA,-10.48860462488409,4.103577100178567e-15
trade_tariffs,Echelon Insights,NA,2025-09-18,2025-09-22,1071,LV,39,57,https://echelonin.wpenginepowered.com/wp-content/uploads/September-2025-Voter-Omnibus-Topline-External-1.pdf,-18,NA,-21.48860462488409,4.103577100178567e-15
economy,Marquette University Law School,NA,2025-09-15,2025-09-24,1043,A,40,60,https://law.marquette.edu/poll/2025/10/01/detailed-results-of-the-marquette-law-school-supreme-court-poll-sept-15-24-2025-national-issues/,-20,NA,-11.82439646356491,7.289765561540881e-15
inflation,Marquette University Law School,NA,2025-09-15,2025-09-24,1043,A,29,71,https://law.marquette.edu/poll/2025/10/01/detailed-results-of-the-marquette-law-school-supreme-court-poll-sept-15-24-2025-national-issues/,-42,NA,-33.82439646356491,7.289765561540881e-15
immigration,Marquette University Law School,NA,2025-09-15,2025-09-24,1043,A,46,54,https://law.marquette.edu/poll/2025/10/01/detailed-results-of-the-marquette-law-school-supreme-court-poll-sept-15-24-2025-national-issues/,-8,NA,0.17560353643509075,7.289765561540881e-15
trade_tariffs,Marquette University Law School,NA,2025-09-15,2025-09-24,1043,A,38,62,https://law.marquette.edu/poll/2025/10/01/detailed-results-of-the-marquette-law-school-supreme-court-poll-sept-15-24-2025-national-issues/,-24,NA,-15.82439646356491,7.289765561540881e-15
economy,The New York Times/Siena College,NA,2025-09-22,2025-09-27,1313,RV,44,54,https://www.nytimes.com/interactive/2025/09/30/polls/times-siena-poll-registered-voter-crosstabs.html,-10,NA,-11.816872641345213,1.2991792624209983e-14
immigration,The New York Times/Siena College,NA,2025-09-22,2025-09-27,1313,RV,47,52,https://www.nytimes.com/interactive/2025/09/30/polls/times-siena-poll-registered-voter-crosstabs.html,-5,NA,-6.816872641345213,1.2991792624209983e-14
trade_tariffs,The New York Times/Siena College,NA,2025-09-22,2025-09-27,1313,RV,44,53,https://www.nytimes.com/interactive/2025/09/30/polls/times-siena-poll-registered-voter-crosstabs.html,-9,NA,-10.816872641345213,1.2991792624209983e-14
crime,The New York Times/Siena College,NA,2025-09-22,2025-09-27,1313,RV,48,48,https://www.nytimes.com/interactive/2025/09/30/polls/times-siena-poll-registered-voter-crosstabs.html,0,NA,-1.8168726413452134,1.2991792624209983e-14
immigration,Morning Consult,NA,2025-09-26,2025-09-28,2202,RV,51,42,https://pro.morningconsult.com/trackers/donald-trump-congress-policy-republicans-polling,9,NA,-4.719085250761303,3.116290957134922e-15
economy,Morning Consult,NA,2025-09-26,2025-09-28,2202,RV,44,51,https://pro.morningconsult.com/trackers/donald-trump-congress-policy-republicans-polling,-7,NA,-20.719085250761303,3.116290957134922e-15
trade_tariffs,Morning Consult,NA,2025-09-26,2025-09-28,2202,RV,45,47,https://pro.morningconsult.com/trackers/donald-trump-congress-policy-republicans-polling,-2,NA,-15.719085250761303,3.116290957134922e-15
economy,YouGov,The Economist,2025-09-26,2025-09-29,1656,A,38,53,https://d3nkl3psvxxpe9.cloudfront.net/documents/econTabReport_5xxkX0x.pdf,-15,NA,-16.14283126524682,3.6867881352920604e-15
inflation,YouGov,The Economist,2025-09-26,2025-09-29,1656,A,32,60,https://d3nkl3psvxxpe9.cloudfront.net/documents/econTabReport_5xxkX0x.pdf,-28,NA,-29.142831265246823,3.6867881352920604e-15
immigration,YouGov,The Economist,2025-09-26,2025-09-29,1656,A,44,51,https://d3nkl3psvxxpe9.cloudfront.net/documents/econTabReport_5xxkX0x.pdf,-7,NA,-8.14283126524682,3.6867881352920604e-15
healthcare,YouGov,The Economist,2025-09-26,2025-09-29,1656,A,35,53,https://d3nkl3psvxxpe9.cloudfront.net/documents/econTabReport_5xxkX0x.pdf,-18,NA,-19.14283126524682,3.6867881352920604e-15
economy,YouGov,Yahoo News,2025-09-25,2025-09-29,1676,A,38,56,https://www.scribd.com/document/925455404/Combined-Kimmel,-18,NA,-19.14283126524682,3.70898453170091e-15
trade_tariffs,YouGov,Yahoo News,2025-09-25,2025-09-29,1676,A,34,57,https://www.scribd.com/document/925455404/Combined-Kimmel,-23,NA,-24.14283126524682,3.70898453170091e-15
immigration,YouGov,Yahoo News,2025-09-25,2025-09-29,1676,A,43,52,https://www.scribd.com/document/925455404/Combined-Kimmel,-9,NA,-10.14283126524682,3.70898453170091e-15
crime,Harris Insights & Analytics,Harvard CAPS,2025-10-01,2025-10-02,2413,RV,50,44,https://harvardharrispoll.com/topline-september-4/,6,NA,-2.475142376675315,9.666897160931118e-15
immigration,Harris Insights & Analytics,Harvard CAPS,2025-10-01,2025-10-02,2413,RV,49,46,https://harvardharrispoll.com/topline-september-4/,3,NA,-5.475142376675315,9.666897160931118e-15
foreign_policy,Harris Insights & Analytics,Harvard CAPS,2025-10-01,2025-10-02,2413,RV,44,47,https://harvardharrispoll.com/topline-september-4/,-3,NA,-11.475142376675315,9.666897160931118e-15
economy,Harris Insights & Analytics,Harvard CAPS,2025-10-01,2025-10-02,2413,RV,43,52,https://harvardharrispoll.com/topline-september-4/,-9,NA,-17.475142376675315,9.666897160931118e-15
inflation,Harris Insights & Analytics,Harvard CAPS,2025-10-01,2025-10-02,2413,RV,40,53,https://harvardharrispoll.com/topline-september-4/,-13,NA,-21.475142376675315,9.666897160931118e-15
trade_tariffs,Harris Insights & Analytics,Harvard CAPS,2025-10-01,2025-10-02,2413,RV,40,53,https://harvardharrispoll.com/topline-september-4/,-13,NA,-21.475142376675315,9.666897160931118e-15
economy,YouGov,CBS News,2025-10-01,2025-10-03,2441,A,40,60,https://www.cbsnews.com/news/cbs-news-poll-shutdown-trump-democrats-republicans/,-20,NA,-21.14283126524682,6.139960993272166e-15
inflation,YouGov,CBS News,2025-10-01,2025-10-03,2441,A,35,65,https://www.cbsnews.com/news/cbs-news-poll-shutdown-trump-democrats-republicans/,-30,NA,-31.14283126524682,6.139960993272166e-15
immigration,YouGov,CBS News,2025-10-01,2025-10-03,2441,A,45,55,https://www.cbsnews.com/news/cbs-news-poll-shutdown-trump-democrats-republicans/,-10,NA,-11.14283126524682,6.139960993272166e-15
economy,Global Strategy Group/GBAO (Navigator Research),NA,2025-10-02,2025-10-05,1000,RV,41,56,https://navigatorresearch.org/wp-content/uploads/2025/10/Navigator-Topline-F10.06.25.pdf,-15,NA,-14.573516623170725,7.771923257156444e-15
immigration,Morning Consult,NA,2025-10-03,2025-10-05,2200,RV,51,43,https://pro.morningconsult.com/trackers/donald-trump-congress-policy-republicans-polling,8,NA,-5.719085250761303,5.3718440607247906e-15
economy,Morning Consult,NA,2025-10-03,2025-10-05,2200,RV,44,50,https://pro.morningconsult.com/trackers/donald-trump-congress-policy-republicans-polling,-6,NA,-19.719085250761303,5.3718440607247906e-15
trade_tariffs,Morning Consult,NA,2025-10-03,2025-10-05,2200,RV,44,46,https://pro.morningconsult.com/trackers/donald-trump-congress-policy-republicans-polling,-2,NA,-15.719085250761303,5.3718440607247906e-15
economy,YouGov,The Economist,2025-10-04,2025-10-06,1648,A,38,54,https://d3nkl3psvxxpe9.cloudfront.net/documents/econTabReport_WOe4xT3.pdf,-16,NA,-17.14283126524682,6.351266352352158e-15
inflation,YouGov,The Economist,2025-10-04,2025-10-06,1648,A,32,61,https://d3nkl3psvxxpe9.cloudfront.net/documents/econTabReport_WOe4xT3.pdf,-29,NA,-30.142831265246823,6.351266352352158e-15
immigration,YouGov,The Economist,2025-10-04,2025-10-06,1648,A,43,51,https://d3nkl3psvxxpe9.cloudfront.net/documents/econTabReport_WOe4xT3.pdf,-8,NA,-9.14283126524682,6.351266352352158e-15
healthcare,YouGov,The Economist,2025-10-04,2025-10-06,1648,A,33,58,https://d3nkl3psvxxpe9.cloudfront.net/documents/econTabReport_WOe4xT3.pdf,-25,NA,-26.14283126524682,6.351266352352158e-15
immigration,Change Research,NA,2025-09-28,2025-10-06,1596,RV,46,52,https://portal.changeresearch.com/portal/projects/0326caf4-1de0-4774-8b12-23385ba6d752,-6,NA,-13.405887280434733,1.4504351679044497e-14
economy,Change Research,NA,2025-09-28,2025-10-06,1596,RV,42,55,https://portal.changeresearch.com/portal/projects/0326caf4-1de0-4774-8b12-23385ba6d752,-13,NA,-20.405887280434733,1.4504351679044497e-14
trade_tariffs,Change Research,NA,2025-09-28,2025-10-06,1596,RV,40,57,https://portal.changeresearch.com/portal/projects/0326caf4-1de0-4774-8b12-23385ba6d752,-17,NA,-24.405887280434733,1.4504351679044497e-14
inflation,Change Research,NA,2025-09-28,2025-10-06,1596,RV,37,60,https://portal.changeresearch.com/portal/projects/0326caf4-1de0-4774-8b12-23385ba6d752,-23,NA,-30.405887280434733,1.4504351679044497e-14
economy,Ipsos,Reuters,2025-10-03,2025-10-07,1154,A,34,55,https://www.reuters.com/world/us/most-americans-dont-want-troops-deployed-without-an-external-threat-reutersipsos-2025-10-08/,-21,NA,-16.429889822926086,5.960585755546688e-15
immigration,Ipsos,Reuters,2025-10-03,2025-10-07,1154,A,41,50,https://www.reuters.com/world/us/most-americans-dont-want-troops-deployed-without-an-external-threat-reutersipsos-2025-10-08/,-9,NA,-4.429889822926086,5.960585755546688e-15
foreign_policy,Hart Research Associates/Public Opinion Strategies,CNBC,2025-10-08,2025-10-12,1000,A,43,51,https://fm.cnbc.com/applications/cnbc.com/resources/editorialfiles/2025/10/17/CNBC_All-America_Economic_Survey_Q3_2025.pdf,-8,NA,-10.779870971951567,3.0383235021793416e-14
trade_tariffs,Hart Research Associates/Public Opinion Strategies,CNBC,2025-10-08,2025-10-12,1000,A,41,56,https://fm.cnbc.com/applications/cnbc.com/resources/editorialfiles/2025/10/17/CNBC_All-America_Economic_Survey_Q3_2025.pdf,-15,NA,-17.779870971951567,3.0383235021793416e-14
inflation,Hart Research Associates/Public Opinion Strategies,CNBC,2025-10-08,2025-10-12,1000,A,34,62,https://fm.cnbc.com/applications/cnbc.com/resources/editorialfiles/2025/10/17/CNBC_All-America_Economic_Survey_Q3_2025.pdf,-28,NA,-30.779870971951567,3.0383235021793416e-14
immigration,Morning Consult,NA,2025-10-10,2025-10-12,2202,RV,49,44,https://pro.morningconsult.com/trackers/donald-trump-congress-policy-republicans-polling,5,NA,-8.719085250761303,9.269491303001977e-15
economy,Morning Consult,NA,2025-10-10,2025-10-12,2202,RV,43,49,https://pro.morningconsult.com/trackers/donald-trump-congress-policy-republicans-polling,-6,NA,-19.719085250761303,9.269491303001977e-15
trade_tariffs,Morning Consult,NA,2025-10-10,2025-10-12,2202,RV,44,46,https://pro.morningconsult.com/trackers/donald-trump-congress-policy-republicans-polling,-2,NA,-15.719085250761303,9.269491303001977e-15
immigration,John Zogby Strategies,NA,2025-10-10,2025-10-12,1000,LV,52,42,https://johnzogbystrategies.com/president-trumps-approval-rating-at-44-slight-majority-disapprove-nation-deeply-divided-over-insurrection-act/,10,NA,0.38275897279311977,1.609749505128921e-14
economy,John Zogby Strategies,NA,2025-10-10,2025-10-12,1000,LV,42,52,https://johnzogbystrategies.com/president-trumps-approval-rating-at-44-slight-majority-disapprove-nation-deeply-divided-over-insurrection-act/,-10,NA,-19.61724102720688,1.609749505128921e-14
trade_tariffs,John Zogby Strategies,NA,2025-10-10,2025-10-12,1000,LV,44,50,https://johnzogbystrategies.com/president-trumps-approval-rating-at-44-slight-majority-disapprove-nation-deeply-divided-over-insurrection-act/,-6,NA,-15.61724102720688,1.609749505128921e-14
crime,John Zogby Strategies,NA,2025-10-10,2025-10-12,1000,LV,47,46,https://johnzogbystrategies.com/president-trumps-approval-rating-at-44-slight-majority-disapprove-nation-deeply-divided-over-insurrection-act/,1,NA,-8.61724102720688,1.609749505128921e-14
economy,AP-NORC,NA,2025-10-09,2025-10-13,1289,A,36,62,https://apnorc.org/wp-content/uploads/2025/10/AP-NORC-October-2025-Trump-Topline.pdf,-26,NA,-18.07373828056089,5.561057985653862e-15
immigration,AP-NORC,NA,2025-10-09,2025-10-13,1289,A,42,56,https://apnorc.org/wp-content/uploads/2025/10/AP-NORC-October-2025-Trump-Topline.pdf,-14,NA,-6.073738280560889,5.561057985653862e-15
healthcare,AP-NORC,NA,2025-10-09,2025-10-13,1289,A,31,67,https://apnorc.org/wp-content/uploads/2025/10/AP-NORC-October-2025-Trump-Topline.pdf,-36,NA,-28.07373828056088,5.561057985653862e-15
economy,YouGov,The Economist,2025-10-10,2025-10-13,1622,A,38,53,https://d3nkl3psvxxpe9.cloudfront.net/documents/econTabReport_GAAzhe0.pdf,-15,NA,-16.14283126524682,1.0908264283732255e-14
inflation,YouGov,The Economist,2025-10-10,2025-10-13,1622,A,33,60,https://d3nkl3psvxxpe9.cloudfront.net/documents/econTabReport_GAAzhe0.pdf,-27,NA,-28.14283126524682,1.0908264283732255e-14
immigration,YouGov,The Economist,2025-10-10,2025-10-13,1622,A,45,51,https://d3nkl3psvxxpe9.cloudfront.net/documents/econTabReport_GAAzhe0.pdf,-6,NA,-7.142831265246819,1.0908264283732255e-14
crime,YouGov,The Economist,2025-10-10,2025-10-13,1622,A,45,47,https://d3nkl3psvxxpe9.cloudfront.net/documents/econTabReport_GAAzhe0.pdf,-2,NA,-3.1428312652468193,1.0908264283732255e-14
inflation,RMG Research,Napolitan News Service,2025-10-15,2025-10-16,1000,RV,41,57,https://napolitannews.org/posts/on-top-voter-issues-trump-approval-ratings-rise,-16,NA,-23.847069136431294,1.5614586531442778e-14
crime,RMG Research,Napolitan News Service,2025-10-15,2025-10-16,1000,RV,53,44,https://napolitannews.org/posts/on-top-voter-issues-trump-approval-ratings-rise,9,NA,1.1529308635687059,1.5614586531442778e-14
immigration,RMG Research,Napolitan News Service,2025-10-15,2025-10-16,1000,RV,53,46,https://napolitannews.org/posts/on-top-voter-issues-trump-approval-ratings-rise,7,NA,-0.8470691364312941,1.5614586531442778e-14
economy,RMG Research,Napolitan News Service,2025-10-15,2025-10-16,1000,RV,46,52,https://napolitannews.org/posts/on-top-voter-issues-trump-approval-ratings-rise,-6,NA,-13.847069136431294,1.5614586531442778e-14
healthcare,RMG Research,Napolitan News Service,2025-10-15,2025-10-16,1000,RV,43,53,https://napolitannews.org/posts/on-top-voter-issues-trump-approval-ratings-rise,-10,NA,-17.847069136431294,1.5614586531442778e-14
economy,The Winston Group,Winning the Issues,2025-10-15,2025-10-16,1000,RV,38,56,https://www.winningtheissues.org/wp-content/uploads/2026/01/October-2025-WTI-National-Survey.pdf,-18,REP,-19.86268054420711,4.0713549227624984e-14
trade_tariffs,The Winston Group,Winning the Issues,2025-10-15,2025-10-16,1000,RV,34,59,https://www.winningtheissues.org/wp-content/uploads/2026/01/October-2025-WTI-National-Survey.pdf,-25,REP,-26.86268054420711,4.0713549227624984e-14
immigration,Morning Consult,NA,2025-10-17,2025-10-19,2200,RV,51,42,https://pro.morningconsult.com/trackers/donald-trump-congress-policy-republicans-polling,9,NA,-4.719085250761303,1.5982617831575698e-14
economy,Morning Consult,NA,2025-10-17,2025-10-19,2200,RV,44,48,https://pro.morningconsult.com/trackers/donald-trump-congress-policy-republicans-polling,-4,NA,-17.719085250761303,1.5982617831575698e-14
trade_tariffs,Morning Consult,NA,2025-10-17,2025-10-19,2200,RV,44,46,https://pro.morningconsult.com/trackers/donald-trump-congress-policy-republicans-polling,-2,NA,-15.719085250761303,1.5982617831575698e-14
economy,American Research Group,NA,2025-10-17,2025-10-20,1100,A,34,63,https://americanresearchgroup.com/economy/,-29,NA,-18.56684923195619,3.8830064361268474e-14
economy,Ipsos,Reuters,2025-10-15,2025-10-20,4385,A,35,53,https://www.reuters.com/world/us/trumps-approval-edges-up-despite-americans-blaming-republicans-shutdown-2025-10-21/,-18,NA,-13.429889822926086,3.151404627330067e-14
immigration,Ipsos,Reuters,2025-10-15,2025-10-20,4385,A,41,48,https://www.reuters.com/world/us/trumps-approval-edges-up-despite-americans-blaming-republicans-shutdown-2025-10-21/,-7,NA,-2.4298898229260857,3.151404627330067e-14
economy,YouGov,The Economist,2025-10-17,2025-10-20,1621,A,37,57,https://d3nkl3psvxxpe9.cloudfront.net/documents/econtoplines_9BPkYGS.pdf,-20,NA,-21.14283126524682,1.911379264152733e-14
inflation,YouGov,The Economist,2025-10-17,2025-10-20,1621,A,30,64,https://d3nkl3psvxxpe9.cloudfront.net/documents/econtoplines_9BPkYGS.pdf,-34,NA,-35.142831265246826,1.911379264152733e-14
immigration,YouGov,The Economist,2025-10-17,2025-10-20,1621,A,45,51,https://d3nkl3psvxxpe9.cloudfront.net/documents/econtoplines_9BPkYGS.pdf,-6,NA,-7.142831265246819,1.911379264152733e-14
foreign_policy,YouGov,The Economist,2025-10-17,2025-10-20,1621,A,38,52,https://d3nkl3psvxxpe9.cloudfront.net/documents/econtoplines_9BPkYGS.pdf,-14,NA,-15.14283126524682,1.911379264152733e-14
trade_tariffs,YouGov,The Economist,2025-10-17,2025-10-20,1621,A,36,55,https://d3nkl3psvxxpe9.cloudfront.net/documents/econtoplines_9BPkYGS.pdf,-19,NA,-20.14283126524682,1.911379264152733e-14
economy,Global Strategy Group/GBAO (Navigator Research),NA,2025-10-16,2025-10-20,1000,RV,41,56,https://navigatorresearch.org/wp-content/uploads/2025/10/Navigator-Topline-F10.20.25.pdf?emci=6a577bc9-54af-f011-8e61-6045bded8ba4&emdi=063cda43-62af-f011-8e61-6045bded8ba4&ceid=1590648,-15,NA,-14.573516623170725,2.50636993996765e-14
economy,Quinnipiac University,NA,2025-10-16,2025-10-20,1327,RV,38,57,https://poll.qu.edu/poll-release?releaseid=3938,-19,NA,-16.93666773944264,4.6950493499029506e-14
economy,Echelon Insights,NA,2025-10-16,2025-10-20,1010,LV,42,55,https://echeloninsights.com/in-the-news/october-2025-verified-voter-omnibus-2/,-13,NA,-16.48860462488409,3.569900920752337e-14
immigration,Echelon Insights,NA,2025-10-16,2025-10-20,1010,LV,47,51,https://echeloninsights.com/in-the-news/october-2025-verified-voter-omnibus-2/,-4,NA,-7.48860462488409,3.569900920752337e-14
foreign_policy,Echelon Insights,NA,2025-10-16,2025-10-20,1010,LV,47,47,https://echeloninsights.com/in-the-news/october-2025-verified-voter-omnibus-2/,0,NA,-3.48860462488409,3.569900920752337e-14
trade_tariffs,Echelon Insights,NA,2025-10-16,2025-10-20,1010,LV,37,57,https://echeloninsights.com/in-the-news/october-2025-verified-voter-omnibus-2/,-20,NA,-23.48860462488409,3.569900920752337e-14
inflation,Clarity Campaign Labs,NA,2025-10-16,2025-10-23,1047,RV,34,61,https://www.claritycampaigns.com/clarity-omnibus-oct-2025,-27,NA,-31.1079678686571,4.2538799765608684e-14
healthcare,Clarity Campaign Labs,NA,2025-10-16,2025-10-23,1047,RV,40,50,https://www.claritycampaigns.com/clarity-omnibus-oct-2025,-10,NA,-14.107967868657099,4.2538799765608684e-14
economy,Clarity Campaign Labs,NA,2025-10-16,2025-10-23,1047,RV,42,51,https://www.claritycampaigns.com/clarity-omnibus-oct-2025,-9,NA,-13.107967868657099,4.2538799765608684e-14
immigration,Clarity Campaign Labs,NA,2025-10-16,2025-10-23,1047,RV,47,47,https://www.claritycampaigns.com/clarity-omnibus-oct-2025,0,NA,-4.107967868657099,4.2538799765608684e-14
economy,Ipsos,Reuters,2025-10-24,2025-10-26,1018,A,34,58,https://www.reuters.com/world/us/trumps-popularity-dips-americans-sweat-cost-living-reutersipsos-poll-finds-2025-10-28/,-24,NA,-19.429889822926086,2.4243016543578644e-14
immigration,Ipsos,Reuters,2025-10-24,2025-10-26,1018,A,43,50,https://www.reuters.com/world/us/trumps-popularity-dips-americans-sweat-cost-living-reutersipsos-poll-finds-2025-10-28/,-7,NA,-2.4298898229260857,2.4243016543578644e-14
inflation,Ipsos,Reuters,2025-10-24,2025-10-26,1018,A,27,63,https://www.reuters.com/world/us/trumps-popularity-dips-americans-sweat-cost-living-reutersipsos-poll-finds-2025-10-28/,-36,NA,-31.429889822926093,2.4243016543578644e-14
immigration,Morning Consult,NA,2025-10-24,2025-10-26,2202,RV,51,41,https://pro.morningconsult.com/trackers/donald-trump-congress-policy-republicans-polling,10,NA,-3.719085250761303,2.7586109575624355e-14
economy,Morning Consult,NA,2025-10-24,2025-10-26,2202,RV,43,48,https://pro.morningconsult.com/trackers/donald-trump-congress-policy-republicans-polling,-5,NA,-18.719085250761303,2.7586109575624355e-14
trade_tariffs,Morning Consult,NA,2025-10-24,2025-10-26,2202,RV,42,47,https://pro.morningconsult.com/trackers/donald-trump-congress-policy-republicans-polling,-5,NA,-18.719085250761303,2.7586109575624355e-14
economy,YouGov,The Economist,2025-10-24,2025-10-27,1623,A,35,57,https://d3nkl3psvxxpe9.cloudfront.net/documents/econTabReport_0AkNOQp.pdf,-22,NA,-23.14283126524682,3.305582813915107e-14
inflation,YouGov,The Economist,2025-10-24,2025-10-27,1623,A,31,61,https://d3nkl3psvxxpe9.cloudfront.net/documents/econTabReport_0AkNOQp.pdf,-30,NA,-31.142831265246823,3.305582813915107e-14
immigration,YouGov,The Economist,2025-10-24,2025-10-27,1623,A,42,52,https://d3nkl3psvxxpe9.cloudfront.net/documents/econTabReport_0AkNOQp.pdf,-10,NA,-11.14283126524682,3.305582813915107e-14
economy,Global Strategy Group/GBAO (Navigator Research),NA,2025-10-23,2025-10-27,1000,RV,38,59,https://navigatorresearch.org/government-shutdown-week-4-a-guide-for-advocates/,-21,NA,-20.573516623170725,4.289221818966895e-14
economy,Ipsos,The Washington Post | ABC News,2025-10-24,2025-10-28,2725,A,37,62,https://www.washingtonpost.com/documents/1d305cca-df33-44a8-ba8d-c98790a67f99.pdf?itid=lk_inline_manual_4,-25,NA,-20.429889822926093,4.6244776922939755e-14
immigration,Ipsos,The Washington Post | ABC News,2025-10-24,2025-10-28,2725,A,43,56,https://www.washingtonpost.com/documents/1d305cca-df33-44a8-ba8d-c98790a67f99.pdf?itid=lk_inline_manual_4,-13,NA,-8.429889822926086,4.6244776922939755e-14
trade_tariffs,Ipsos,The Washington Post | ABC News,2025-10-24,2025-10-28,2725,A,33,65,https://www.washingtonpost.com/documents/1d305cca-df33-44a8-ba8d-c98790a67f99.pdf?itid=lk_inline_manual_4,-32,NA,-27.4298898229261,4.6244776922939755e-14
crime,Ipsos,The Washington Post | ABC News,2025-10-24,2025-10-28,2725,A,44,55,https://www.washingtonpost.com/documents/1d305cca-df33-44a8-ba8d-c98790a67f99.pdf?itid=lk_inline_manual_4,-11,NA,-6.429889822926086,4.6244776922939755e-14
immigration,NewsNation,NA,2025-10-27,2025-10-29,1159,A,47,52,https://www.newsnationnow.com/polls/full-poll-results-newsnation-national-survey-trump/,-5,NA,-9.406699388324654,3.334255463831469e-13
crime,Verasight,Strength In Numbers,2025-10-24,2025-10-29,1567,A,47,47,https://www.gelliottmorris.com/p/new-poll-voters-want-democrats-to,0,NA,1.73425139859836,1.5002883429316956e-14
immigration,Verasight,Strength In Numbers,2025-10-24,2025-10-29,1567,A,46,49,https://www.gelliottmorris.com/p/new-poll-voters-want-democrats-to,-3,NA,-1.26574860140164,1.5002883429316956e-14
foreign_policy,Verasight,Strength In Numbers,2025-10-24,2025-10-29,1567,A,42,50,https://www.gelliottmorris.com/p/new-poll-voters-want-democrats-to,-8,NA,-6.26574860140164,1.5002883429316956e-14
economy,Verasight,Strength In Numbers,2025-10-24,2025-10-29,1567,A,40,54,https://www.gelliottmorris.com/p/new-poll-voters-want-democrats-to,-14,NA,-12.26574860140164,1.5002883429316956e-14
trade_tariffs,Verasight,Strength In Numbers,2025-10-24,2025-10-29,1567,A,39,55,https://www.gelliottmorris.com/p/new-poll-voters-want-democrats-to,-16,NA,-14.26574860140164,1.5002883429316956e-14
healthcare,Verasight,Strength In Numbers,2025-10-24,2025-10-29,1567,A,35,56,https://www.gelliottmorris.com/p/new-poll-voters-want-democrats-to,-21,NA,-19.26574860140164,1.5002883429316956e-14
inflation,Verasight,Strength In Numbers,2025-10-24,2025-10-29,1567,A,35,61,https://www.gelliottmorris.com/p/new-poll-voters-want-democrats-to,-26,NA,-24.26574860140164,1.5002883429316956e-14
healthcare,Talker Research,Scripps News,2025-10-28,2025-10-31,1000,A,37,48,https://www.scrippsnews.com/health/premium-pain/americans-say-health-insurance-costs-are-a-thorn-in-my-side,-11,NA,-19.472428447635806,1.202050637636571e-13
immigration,YouGov,CBS News,2025-10-29,2025-10-31,2124,A,45,55,https://www.cbsnews.com/news/cbs-news-poll-shutdown-impact-economy-personal/,-10,NA,-11.14283126524682,5.19261751225006e-14
economy,YouGov,CBS News,2025-10-29,2025-10-31,2124,A,38,62,https://www.cbsnews.com/news/cbs-news-poll-shutdown-impact-economy-personal/,-24,NA,-25.14283126524682,5.19261751225006e-14
inflation,YouGov,CBS News,2025-10-29,2025-10-31,2124,A,34,66,https://www.cbsnews.com/news/cbs-news-poll-shutdown-impact-economy-personal/,-32,NA,-33.14283126524682,5.19261751225006e-14
immigration,Morning Consult,NA,2025-10-31,2025-11-02,2202,RV,49,44,https://pro.morningconsult.com/trackers/donald-trump-congress-policy-republicans-polling,5,NA,-8.719085250761303,4.759851617679752e-14
economy,Morning Consult,NA,2025-10-31,2025-11-02,2202,RV,44,49,https://pro.morningconsult.com/trackers/donald-trump-congress-policy-republicans-polling,-5,NA,-18.719085250761303,4.759851617679752e-14
trade_tariffs,Morning Consult,NA,2025-10-31,2025-11-02,2202,RV,44,46,https://pro.morningconsult.com/trackers/donald-trump-congress-policy-republicans-polling,-2,NA,-15.719085250761303,4.759851617679752e-14
economy,YouGov,The Economist,2025-10-31,2025-11-03,1656,A,38,56,https://d3nkl3psvxxpe9.cloudfront.net/documents/econTabReport_5RO6eos.pdf,-18,NA,-19.14283126524682,5.772171733074049e-14
inflation,YouGov,The Economist,2025-10-31,2025-11-03,1656,A,31,64,https://d3nkl3psvxxpe9.cloudfront.net/documents/econTabReport_5RO6eos.pdf,-33,NA,-34.142831265246826,5.772171733074049e-14
immigration,YouGov,The Economist,2025-10-31,2025-11-03,1656,A,45,51,https://d3nkl3psvxxpe9.cloudfront.net/documents/econTabReport_5RO6eos.pdf,-6,NA,-7.142831265246819,5.772171733074049e-14
healthcare,YouGov,The Economist,2025-10-31,2025-11-03,1656,A,33,58,https://d3nkl3psvxxpe9.cloudfront.net/documents/econTabReport_5RO6eos.pdf,-25,NA,-26.14283126524682,5.772171733074049e-14
economy,Global Strategy Group/GBAO (Navigator Research),NA,2025-11-01,2025-11-03,1000,RV,39,59,https://navigatorresearch.org/wp-content/uploads/2025/11/Navigator-Topline-F11.03.25.pdf,-20,NA,-19.573516623170725,7.340266701626341e-14
crime,Harris Insights & Analytics,Harvard CAPS,2025-11-04,2025-11-06,2000,RV,49,45,https://harvardharrispoll.com/key-results-november-5/,4,NA,-4.475142376675315,1.3528470956591719e-13
immigration,Harris Insights & Analytics,Harvard CAPS,2025-11-04,2025-11-06,2000,RV,47,49,https://harvardharrispoll.com/key-results-november-5/,-2,NA,-10.475142376675315,1.3528470956591719e-13
foreign_policy,Harris Insights & Analytics,Harvard CAPS,2025-11-04,2025-11-06,2000,RV,44,48,https://harvardharrispoll.com/key-results-november-5/,-4,NA,-12.475142376675315,1.3528470956591719e-13
economy,Harris Insights & Analytics,Harvard CAPS,2025-11-04,2025-11-06,2000,RV,41,54,https://harvardharrispoll.com/key-results-november-5/,-13,NA,-21.475142376675315,1.3528470956591719e-13
trade_tariffs,Harris Insights & Analytics,Harvard CAPS,2025-11-04,2025-11-06,2000,RV,40,54,https://harvardharrispoll.com/key-results-november-5/,-14,NA,-22.475142376675315,1.3528470956591719e-13
inflation,Harris Insights & Analytics,Harvard CAPS,2025-11-04,2025-11-06,2000,RV,39,56,https://harvardharrispoll.com/key-results-november-5/,-17,NA,-25.475142376675315,1.3528470956591719e-13
economy,Global Strategy Group/GBAO (Navigator Research),NA,2025-11-06,2025-11-09,1000,RV,40,58,https://navigatorresearch.org/wp-content/uploads/2025/11/Navigator-Topline-F11.12.25.pdf.pdf,-18,NA,-17.573516623170725,1.187343074259847e-13
immigration,Morning Consult,NA,2025-11-07,2025-11-09,2201,RV,49,45,https://pro.morningconsult.com/trackers/donald-trump-congress-policy-republicans-polling,4,NA,-9.719085250761303,8.212159917817018e-14
economy,Morning Consult,NA,2025-11-07,2025-11-09,2201,RV,42,52,https://pro.morningconsult.com/trackers/donald-trump-congress-policy-republicans-polling,-10,NA,-23.719085250761303,8.212159917817018e-14
trade_tariffs,Morning Consult,NA,2025-11-07,2025-11-09,2201,RV,43,48,https://pro.morningconsult.com/trackers/donald-trump-congress-policy-republicans-polling,-5,NA,-18.719085250761303,8.212159917817018e-14
economy,AP-NORC,NA,2025-11-06,2025-11-10,1143,A,33,67,https://apnorc.org/wp-content/uploads/2025/11/Nov-Topline-Final.pdf,-34,NA,-26.07373828056089,4.6799928494361636e-14
immigration,AP-NORC,NA,2025-11-06,2025-11-10,1143,A,42,57,https://apnorc.org/wp-content/uploads/2025/11/Nov-Topline-Final.pdf,-15,NA,-7.073738280560889,4.6799928494361636e-14
healthcare,AP-NORC,NA,2025-11-06,2025-11-10,1143,A,34,65,https://apnorc.org/wp-content/uploads/2025/11/Nov-Topline-Final.pdf,-31,NA,-23.07373828056089,4.6799928494361636e-14
immigration,Change Research,NA,2025-11-06,2025-11-10,1572,RV,45,52,https://portal.changeresearch.com/portal/projects/f8ad986a-d2e5-4fb6-a21f-63b6b92c2998,-7,NA,-14.405887280434733,2.314543984634526e-13
economy,Change Research,NA,2025-11-06,2025-11-10,1572,RV,41,56,https://portal.changeresearch.com/portal/projects/f8ad986a-d2e5-4fb6-a21f-63b6b92c2998,-15,NA,-22.405887280434733,2.314543984634526e-13
trade_tariffs,Change Research,NA,2025-11-06,2025-11-10,1572,RV,42,55,https://portal.changeresearch.com/portal/projects/f8ad986a-d2e5-4fb6-a21f-63b6b92c2998,-13,NA,-20.405887280434733,2.314543984634526e-13
inflation,Change Research,NA,2025-11-06,2025-11-10,1572,RV,34,61,https://portal.changeresearch.com/portal/projects/f8ad986a-d2e5-4fb6-a21f-63b6b92c2998,-27,NA,-34.405887280434726,2.314543984634526e-13
economy,Marquette University Law School,NA,2026-11-05,2025-11-12,1052,A,36,64,https://law.marquette.edu/poll/2025/11/18/detailed-results-of-the-marquette-law-school-supreme-court-poll-nov-5-12-2025-national-issues/,-28,NA,-19.82439646356491,3.3895465708532776e-13
inflation,Marquette University Law School,NA,2026-11-05,2025-11-12,1052,A,28,72,https://law.marquette.edu/poll/2025/11/18/detailed-results-of-the-marquette-law-school-supreme-court-poll-nov-5-12-2025-national-issues/,-44,NA,-35.82439646356491,3.3895465708532776e-13
immigration,Marquette University Law School,NA,2026-11-05,2025-11-12,1052,A,45,55,https://law.marquette.edu/poll/2025/11/18/detailed-results-of-the-marquette-law-school-supreme-court-poll-nov-5-12-2025-national-issues/,-10,NA,-1.8243964635649093,3.3895465708532776e-13
trade_tariffs,Marquette University Law School,NA,2026-11-05,2025-11-12,1052,A,37,63,https://law.marquette.edu/poll/2025/11/18/detailed-results-of-the-marquette-law-school-supreme-court-poll-nov-5-12-2025-national-issues/,-26,NA,-17.82439646356491,3.3895465708532776e-13
immigration,Ipsos,Reuters,2025-11-07,2025-11-12,938,RV,42,51,https://www.reuters.com/world/us/democrats-more-energized-2026-elections-than-republicans-reutersipsos-poll-finds-2025-11-13/,-9,NA,-4.40669324943115,8.881012194596797e-14
economy,Ipsos,Reuters,2025-11-07,2025-11-12,938,RV,34,58,https://www.reuters.com/world/us/democrats-more-energized-2026-elections-than-republicans-reutersipsos-poll-finds-2025-11-13/,-24,NA,-19.40669324943115,8.881012194596797e-14
inflation,Ipsos,Reuters,2025-11-07,2025-11-12,938,RV,29,62,https://www.reuters.com/world/us/democrats-more-energized-2026-elections-than-republicans-reutersipsos-poll-finds-2025-11-13/,-33,NA,-28.406693249431157,8.881012194596797e-14
immigration,High Point University,NA,2025-11-10,2025-11-14,1004,A,40,52,https://www.highpoint.edu/src/files/2023/08/HPUPoll-115-and-116-Memo.pdf,-12,NA,-14.855188877813568,3.8768541875572394e-13
trade_tariffs,High Point University,NA,2025-11-10,2025-11-14,1004,A,35,51,https://www.highpoint.edu/src/files/2023/08/HPUPoll-115-and-116-Memo.pdf,-16,NA,-18.855188877813568,3.8768541875572394e-13
economy,High Point University,NA,2025-11-10,2025-11-14,1004,A,35,57,https://www.highpoint.edu/src/files/2023/08/HPUPoll-115-and-116-Memo.pdf,-22,NA,-24.855188877813568,3.8768541875572394e-13
inflation,High Point University,NA,2025-11-10,2025-11-14,1004,A,27,63,https://www.highpoint.edu/src/files/2023/08/HPUPoll-115-and-116-Memo.pdf,-36,NA,-38.85518887781356,3.8768541875572394e-13
crime,Verasight,Strength In Numbers,2025-11-12,2025-11-14,2038,A,47,48,https://www.gelliottmorris.com/p/new-poll-democrats-lead-the-2026,-1,NA,0.7342513985983601,6.139798498617704e-14
immigration,Verasight,Strength In Numbers,2025-11-12,2025-11-14,2038,A,46,50,https://www.gelliottmorris.com/p/new-poll-democrats-lead-the-2026,-4,NA,-2.26574860140164,6.139798498617704e-14
foreign_policy,Verasight,Strength In Numbers,2025-11-12,2025-11-14,2038,A,42,52,https://www.gelliottmorris.com/p/new-poll-democrats-lead-the-2026,-10,NA,-8.26574860140164,6.139798498617704e-14
trade_tariffs,Verasight,Strength In Numbers,2025-11-12,2025-11-14,2038,A,41,54,https://www.gelliottmorris.com/p/new-poll-democrats-lead-the-2026,-13,NA,-11.26574860140164,6.139798498617704e-14
economy,Verasight,Strength In Numbers,2025-11-12,2025-11-14,2038,A,38,56,https://www.gelliottmorris.com/p/new-poll-democrats-lead-the-2026,-18,NA,-16.26574860140164,6.139798498617704e-14
healthcare,Verasight,Strength In Numbers,2025-11-12,2025-11-14,2038,A,34,60,https://www.gelliottmorris.com/p/new-poll-democrats-lead-the-2026,-26,NA,-24.26574860140164,6.139798498617704e-14
inflation,Verasight,Strength In Numbers,2025-11-12,2025-11-14,2038,A,31,64,https://www.gelliottmorris.com/p/new-poll-democrats-lead-the-2026,-33,NA,-31.26574860140164,6.139798498617704e-14
immigration,Morning Consult,NA,2025-11-14,2025-11-16,2201,RV,48,45,https://pro.morningconsult.com/trackers/donald-trump-congress-policy-republicans-polling,3,NA,-10.719085250761303,1.417365012578992e-13
economy,Morning Consult,NA,2025-11-14,2025-11-16,2201,RV,43,50,https://pro.morningconsult.com/trackers/donald-trump-congress-policy-republicans-polling,-7,NA,-20.719085250761303,1.417365012578992e-13
trade_tariffs,Morning Consult,NA,2025-11-14,2025-11-16,2201,RV,44,46,https://pro.morningconsult.com/trackers/donald-trump-congress-policy-republicans-polling,-2,NA,-15.719085250761303,1.417365012578992e-13
economy,Ipsos,Reuters,2025-11-14,2025-11-17,1017,A,34,58,https://www.reuters.com/world/us/trump-approval-falls-lowest-his-term-over-prices-epstein-files-reutersipsos-poll-2025-11-18/,-24,NA,-19.429889822926086,1.357338570612593e-13
immigration,Ipsos,Reuters,2025-11-14,2025-11-17,1017,A,41,51,https://www.reuters.com/world/us/trump-approval-falls-lowest-his-term-over-prices-epstein-files-reutersipsos-poll-2025-11-18/,-10,NA,-5.429889822926086,1.357338570612593e-13
inflation,Ipsos,Reuters,2025-11-14,2025-11-17,1017,A,26,65,https://www.reuters.com/world/us/trump-approval-falls-lowest-his-term-over-prices-epstein-files-reutersipsos-poll-2025-11-18/,-39,NA,-34.4298898229261,1.357338570612593e-13
economy,YouGov,The Economist,2025-11-15,2025-11-17,1549,A,38,56,https://d3nkl3psvxxpe9.cloudfront.net/documents/econtoplines_Wnui9DE.pdf,-18,NA,-19.14283126524682,1.6828430926868076e-13
immigration,YouGov,The Economist,2025-11-15,2025-11-17,1549,A,44,51,https://d3nkl3psvxxpe9.cloudfront.net/documents/econtoplines_Wnui9DE.pdf,-7,NA,-8.14283126524682,1.6828430926868076e-13
trade_tariffs,YouGov,The Economist,2025-11-15,2025-11-17,1549,A,38,53,https://d3nkl3psvxxpe9.cloudfront.net/documents/econtoplines_Wnui9DE.pdf,-15,NA,-16.14283126524682,1.6828430926868076e-13
foreign_policy,YouGov,The Economist,2025-11-15,2025-11-17,1549,A,39,51,https://d3nkl3psvxxpe9.cloudfront.net/documents/econtoplines_Wnui9DE.pdf,-12,NA,-13.14283126524682,1.6828430926868076e-13
immigration,Beacon Research/Shaw & Co. Research,FOX News,2025-11-14,2025-11-17,1005,RV,46,53,https://static.foxnews.com/foxnews.com/content/uploads/2025/11/fox_november-14-17-2025_national_topline_november-19-release.pdf,-7,NA,-3.8750187589666965,3.6479974488870784e-13
foreign_policy,Beacon Research/Shaw & Co. Research,FOX News,2025-11-14,2025-11-17,1005,RV,43,55,https://static.foxnews.com/foxnews.com/content/uploads/2025/11/fox_november-14-17-2025_national_topline_november-19-release.pdf,-12,NA,-8.875018758966696,3.6479974488870784e-13
economy,Beacon Research/Shaw & Co. Research,FOX News,2025-11-14,2025-11-17,1005,RV,38,61,https://static.foxnews.com/foxnews.com/content/uploads/2025/11/fox_november-14-17-2025_national_topline_november-19-release.pdf,-23,NA,-19.875018758966696,3.6479974488870784e-13
trade_tariffs,Beacon Research/Shaw & Co. Research,FOX News,2025-11-14,2025-11-17,1005,RV,35,63,https://static.foxnews.com/foxnews.com/content/uploads/2025/11/fox_november-14-17-2025_national_topline_november-19-release.pdf,-28,NA,-24.875018758966696,3.6479974488870784e-13
healthcare,Beacon Research/Shaw & Co. Research,FOX News,2025-11-14,2025-11-17,1005,RV,34,64,https://static.foxnews.com/foxnews.com/content/uploads/2025/11/fox_november-14-17-2025_national_topline_november-19-release.pdf,-30,NA,-26.875018758966696,3.6479974488870784e-13
economy,The Winston Group,Winning the Issues,2026-11-15,2025-11-17,1000,RV,37,56,https://www.winningtheissues.org/wp-content/uploads/2026/01/November-2025-WTI-Survey.pdf,-19,REP,-20.86268054420711,5.247841606546827e-13
inflation,The Winston Group,Winning the Issues,2026-11-15,2025-11-17,1000,RV,33,59,https://www.winningtheissues.org/wp-content/uploads/2026/01/November-2025-WTI-Survey.pdf,-26,REP,-27.86268054420711,5.247841606546827e-13
economy,Echelon Insights,NA,2025-11-13,2025-11-17,1051,LV,40,56,https://echeloninsights.com/in-the-news/november-2025-verified-voter-omnibus/,-16,NA,-19.48860462488409,3.275868876405298e-13
immigration,Echelon Insights,NA,2025-11-13,2025-11-17,1051,LV,47,52,https://echeloninsights.com/in-the-news/november-2025-verified-voter-omnibus/,-5,NA,-8.48860462488409,3.275868876405298e-13
foreign_policy,Echelon Insights,NA,2025-11-13,2025-11-17,1051,LV,43,53,https://echeloninsights.com/in-the-news/november-2025-verified-voter-omnibus/,-10,NA,-13.48860462488409,3.275868876405298e-13
trade_tariffs,Echelon Insights,NA,2025-11-13,2025-11-17,1051,LV,38,58,https://echeloninsights.com/in-the-news/november-2025-verified-voter-omnibus/,-20,NA,-23.48860462488409,3.275868876405298e-13
economy,American Research Group,NA,2025-11-17,2025-11-20,1100,A,35,62,https://americanresearchgroup.com/economy/,-27,NA,-16.56684923195619,4.3974183698238785e-13
crime,RMG Research,Napolitan News Service,2025-11-19,2025-11-20,1000,RV,48,49,https://napolitannews.org/posts/on-voters039-top-issues-trump-ratings-slip-to-new-lows,-1,NA,-8.847069136431294,2.3642255165730515e-13
immigration,RMG Research,Napolitan News Service,2025-11-19,2025-11-20,1000,RV,47,52,https://napolitannews.org/posts/on-voters039-top-issues-trump-ratings-slip-to-new-lows,-5,NA,-12.847069136431294,2.3642255165730515e-13
economy,RMG Research,Napolitan News Service,2025-11-19,2025-11-20,1000,RV,39,60,https://napolitannews.org/posts/on-voters039-top-issues-trump-ratings-slip-to-new-lows,-21,NA,-28.847069136431294,2.3642255165730515e-13
healthcare,RMG Research,Napolitan News Service,2025-11-19,2025-11-20,1000,RV,38,59,https://napolitannews.org/posts/on-voters039-top-issues-trump-ratings-slip-to-new-lows,-21,NA,-28.847069136431294,2.3642255165730515e-13
inflation,RMG Research,Napolitan News Service,2025-11-19,2025-11-20,1000,RV,36,63,https://napolitannews.org/posts/on-voters039-top-issues-trump-ratings-slip-to-new-lows,-27,NA,-34.84706913643129,2.3642255165730515e-13
economy,YouGov,CBS News,2025-11-19,2025-11-21,2489,A,36,64,https://www.cbsnews.com/news/poll-venezuela-u-s-military-action-trump/,-28,NA,-29.14283126524682,2.931637538440846e-13
inflation,YouGov,CBS News,2025-11-19,2025-11-21,2489,A,32,68,https://www.cbsnews.com/news/poll-venezuela-u-s-military-action-trump/,-36,NA,-37.142831265246826,2.931637538440846e-13
immigration,YouGov,CBS News,2025-11-19,2025-11-21,2489,A,45,55,https://www.cbsnews.com/news/poll-venezuela-u-s-military-action-trump/,-10,NA,-11.14283126524682,2.931637538440846e-13
immigration,Morning Consult,NA,2025-11-21,2025-11-23,2200,RV,48,43,https://pro.morningconsult.com/trackers/donald-trump-congress-policy-republicans-polling,5,NA,-8.719085250761303,2.44608284276561e-13
economy,Morning Consult,NA,2025-11-21,2025-11-23,2200,RV,43,50,https://pro.morningconsult.com/trackers/donald-trump-congress-policy-republicans-polling,-7,NA,-20.719085250761303,2.44608284276561e-13
trade_tariffs,Morning Consult,NA,2025-11-21,2025-11-23,2200,RV,44,44,https://pro.morningconsult.com/trackers/donald-trump-congress-policy-republicans-polling,0,NA,-13.719085250761303,2.44608284276561e-13
economy,YouGov,Yahoo News,2025-11-20,2025-11-24,1684,A,37,58,https://www.scribd.com/document/955164028/Yahoo-YouGov-Epstein-Poll-November-2025,-21,NA,-22.14283126524682,3.035770030900007e-13
trade_tariffs,YouGov,Yahoo News,2025-11-20,2025-11-24,1684,A,36,57,https://www.scribd.com/document/955164028/Yahoo-YouGov-Epstein-Poll-November-2025,-21,NA,-22.14283126524682,3.035770030900007e-13
inflation,YouGov,Yahoo News,2025-11-20,2025-11-24,1684,A,31,63,https://www.scribd.com/document/955164028/Yahoo-YouGov-Epstein-Poll-November-2025,-32,NA,-33.142831265246826,3.035770030900007e-13
economy,Gallup,NA,2025-11-03,2025-11-25,1321,A,36,62,https://news.gallup.com/poll/699221/trump-approval-rating-drops-new-second-term-low.aspx,-26,NA,-21.305902559649745,1.683125022738522e-12
crime,Gallup,NA,2025-11-03,2025-11-25,1321,A,43,52,https://news.gallup.com/poll/699221/trump-approval-rating-drops-new-second-term-low.aspx,-9,NA,-4.305902559649745,1.683125022738522e-12
foreign_policy,Gallup,NA,2025-11-03,2025-11-25,1321,A,41,56,https://news.gallup.com/poll/699221/trump-approval-rating-drops-new-second-term-low.aspx,-15,NA,-10.305902559649745,1.683125022738522e-12
trade_tariffs,Gallup,NA,2025-11-03,2025-11-25,1321,A,39,58,https://news.gallup.com/poll/699221/trump-approval-rating-drops-new-second-term-low.aspx,-19,NA,-14.305902559649745,1.683125022738522e-12
immigration,Gallup,NA,2025-11-03,2025-11-25,1321,A,37,62,https://news.gallup.com/poll/699221/trump-approval-rating-drops-new-second-term-low.aspx,-25,NA,-20.305902559649745,1.683125022738522e-12
healthcare,Gallup,NA,2025-11-03,2025-11-25,1321,A,30,63,https://news.gallup.com/poll/699221/trump-approval-rating-drops-new-second-term-low.aspx,-33,NA,-28.305902559649745,1.683125022738522e-12
immigration,Morning Consult,NA,2025-11-26,2025-11-30,2200,RV,51,41,https://pro.morningconsult.com/trackers/donald-trump-congress-policy-republicans-polling,10,NA,-3.719085250761303,4.223041661731785e-13
economy,Morning Consult,NA,2025-11-26,2025-11-30,2200,RV,45,47,https://pro.morningconsult.com/trackers/donald-trump-congress-policy-republicans-polling,-2,NA,-15.719085250761303,4.223041661731785e-13
trade_tariffs,Morning Consult,NA,2025-11-26,2025-11-30,2200,RV,46,45,https://pro.morningconsult.com/trackers/donald-trump-congress-policy-republicans-polling,1,NA,-12.719085250761303,4.223041661731785e-13
inflation,YouGov,The Economist,2025-11-28,2025-12-01,1628,A,32,59,https://d3nkl3psvxxpe9.cloudfront.net/documents/econTabReport_szm0BQt.pdf,-27,NA,-28.142831265246823,5.108087868614025e-13
crime,Harris Insights & Analytics,Harvard CAPS,2025-12-02,2025-12-04,2204,RV,51,44,https://harvardharrispoll.com/key-results-december-3/,7,NA,-1.475142376675315,1.281665445019205e-12
immigration,Harris Insights & Analytics,Harvard CAPS,2025-12-02,2025-12-04,2204,RV,50,47,https://harvardharrispoll.com/key-results-december-3/,3,NA,-5.475142376675315,1.281665445019205e-12
foreign_policy,Harris Insights & Analytics,Harvard CAPS,2025-12-02,2025-12-04,2204,RV,45,47,https://harvardharrispoll.com/key-results-december-3/,-2,NA,-10.475142376675315,1.281665445019205e-12
economy,Harris Insights & Analytics,Harvard CAPS,2025-12-02,2025-12-04,2204,RV,44,52,https://harvardharrispoll.com/key-results-december-3/,-8,NA,-16.475142376675315,1.281665445019205e-12
trade_tariffs,Harris Insights & Analytics,Harvard CAPS,2025-12-02,2025-12-04,2204,RV,42,52,https://harvardharrispoll.com/key-results-december-3/,-10,NA,-18.475142376675315,1.281665445019205e-12
inflation,Harris Insights & Analytics,Harvard CAPS,2025-12-02,2025-12-04,2204,RV,40,55,https://harvardharrispoll.com/key-results-december-3/,-15,NA,-23.475142376675315,1.281665445019205e-12
immigration,Morning Consult,NA,2025-12-05,2025-12-07,2201,RV,50,43,https://pro.morningconsult.com/trackers/donald-trump-congress-policy-republicans-polling,7,NA,-6.719085250761303,7.293679715506933e-13
economy,Morning Consult,NA,2025-12-05,2025-12-07,2201,RV,44,48,https://pro.morningconsult.com/trackers/donald-trump-congress-policy-republicans-polling,-4,NA,-17.719085250761303,7.293679715506933e-13
trade_tariffs,Morning Consult,NA,2025-12-05,2025-12-07,2201,RV,44,46,https://pro.morningconsult.com/trackers/donald-trump-congress-policy-republicans-polling,-2,NA,-15.719085250761303,7.293679715506933e-13
immigration,John Zogby Strategies,NA,2025-12-05,2025-12-07,1000,LV,50,45,https://johnzogbystrategies.com/outlook-2026-is-the-president-bleeding-independents/,5,NA,-4.61724102720688,1.268889874348044e-12
crime,John Zogby Strategies,NA,2025-12-05,2025-12-07,1000,LV,49,44,https://johnzogbystrategies.com/outlook-2026-is-the-president-bleeding-independents/,5,NA,-4.61724102720688,1.268889874348044e-12
trade_tariffs,John Zogby Strategies,NA,2025-12-05,2025-12-07,1000,LV,43,52,https://johnzogbystrategies.com/outlook-2026-is-the-president-bleeding-independents/,-9,NA,-18.61724102720688,1.268889874348044e-12
economy,AP-NORC,NA,2025-12-04,2025-12-08,1146,A,31,67,https://apnorc.org/wp-content/uploads/2025/12/AP-NORC-December-2025-Topline-Trump.pdf,-36,NA,-28.07373828056088,4.203458358886854e-13
immigration,AP-NORC,NA,2025-12-04,2025-12-08,1146,A,38,60,https://apnorc.org/wp-content/uploads/2025/12/AP-NORC-December-2025-Topline-Trump.pdf,-22,NA,-14.073738280560889,4.203458358886854e-13
healthcare,AP-NORC,NA,2025-12-04,2025-12-08,1146,A,29,69,https://apnorc.org/wp-content/uploads/2025/12/AP-NORC-December-2025-Topline-Trump.pdf,-40,NA,-32.07373828056089,4.203458358886854e-13
foreign_policy,AP-NORC,NA,2025-12-04,2025-12-08,1146,A,37,60,https://apnorc.org/wp-content/uploads/2025/12/AP-NORC-December-2025-Topline-Trump.pdf,-23,NA,-15.073738280560889,4.203458358886854e-13
crime,AP-NORC,NA,2025-12-04,2025-12-08,1146,A,43,55,https://apnorc.org/wp-content/uploads/2025/12/AP-NORC-December-2025-Topline-Trump.pdf,-12,NA,-4.073738280560889,4.203458358886854e-13
trade_tariffs,AP-NORC,NA,2025-12-04,2025-12-08,1146,A,37,61,https://apnorc.org/wp-content/uploads/2025/12/AP-NORC-December-2025-Topline-Trump.pdf,-24,NA,-16.07373828056089,4.203458358886854e-13
economy,Hart Research Associates/Public Opinion Strategies,NBC News,2025-12-04,2025-12-08,1000,A,43,54,https://fm.cnbc.com/applications/cnbc.com/resources/editorialfiles/2025/12/16/TOPLINES_250313_CNBC_AAES_Q4_2025_new.pdf,-11,NA,-13.779870971951567,2.6437758798911447e-12
trade_tariffs,Hart Research Associates/Public Opinion Strategies,NBC News,2025-12-04,2025-12-08,1000,A,41,56,https://fm.cnbc.com/applications/cnbc.com/resources/editorialfiles/2025/12/16/TOPLINES_250313_CNBC_AAES_Q4_2025_new.pdf,-15,NA,-17.779870971951567,2.6437758798911447e-12
inflation,Hart Research Associates/Public Opinion Strategies,NBC News,2025-12-04,2025-12-08,1000,A,31,66,https://fm.cnbc.com/applications/cnbc.com/resources/editorialfiles/2025/12/16/TOPLINES_250313_CNBC_AAES_Q4_2025_new.pdf,-35,NA,-37.77987097195157,2.6437758798911447e-12
economy,Ipsos,Reuters,2025-12-03,2025-12-08,4434,A,36,52,https://www.reuters.com/world/trump-approval-rating-rises-republicans-back-cost-of-living-efforts-2025-12-09/,-16,NA,-11.429889822926086,1.455526804917933e-12
immigration,Ipsos,Reuters,2025-12-03,2025-12-08,4434,A,42,47,https://www.reuters.com/world/trump-approval-rating-rises-republicans-back-cost-of-living-efforts-2025-12-09/,-5,NA,-0.4298898229260857,1.455526804917933e-12
economy,YouGov,The Economist,2025-12-05,2025-12-08,1530,A,37,57,https://d3nkl3psvxxpe9.cloudfront.net/documents/econTabReport_qLhWxpK.pdf,-20,NA,-21.14283126524682,8.643206141272335e-13
inflation,YouGov,The Economist,2025-12-05,2025-12-08,1530,A,33,60,https://d3nkl3psvxxpe9.cloudfront.net/documents/econTabReport_qLhWxpK.pdf,-27,NA,-28.14283126524682,8.643206141272335e-13
economy,Global Strategy Group/GBAO (Navigator Research),NA,2025-12-04,2025-12-08,1000,RV,42,55,https://navigatorresearch.org/wp-content/uploads/2025/12/Navigator-Topline-F12.08.25.pdf,-13,NA,-12.573516623170725,1.175543930529839e-12
immigration,Change Research,NA,2025-12-05,2025-12-10,1520,RV,48,50,https://portal.changeresearch.com/portal/projects/462322ed-5e5a-43bd-b4ff-43acb1d433e2,-2,NA,-9.405887280434733,2.544579171545653e-12
economy,Change Research,NA,2025-12-05,2025-12-10,1520,RV,42,55,https://portal.changeresearch.com/portal/projects/462322ed-5e5a-43bd-b4ff-43acb1d433e2,-13,NA,-20.405887280434733,2.544579171545653e-12
trade_tariffs,Change Research,NA,2025-12-05,2025-12-10,1520,RV,42,53,https://portal.changeresearch.com/portal/projects/462322ed-5e5a-43bd-b4ff-43acb1d433e2,-11,NA,-18.405887280434733,2.544579171545653e-12
inflation,Change Research,NA,2025-12-05,2025-12-10,1520,RV,37,59,https://portal.changeresearch.com/portal/projects/462322ed-5e5a-43bd-b4ff-43acb1d433e2,-22,NA,-29.405887280434733,2.544579171545653e-12
inflation,Clarity Campaign Labs,NA,2025-12-04,2025-12-11,1000,RV,33,62,https://www.claritycampaigns.com/clarity-omnibus-dec-2025,-29,NA,-33.10796786865709,1.895489948703177e-12
healthcare,Clarity Campaign Labs,NA,2025-12-04,2025-12-11,1000,RV,36,58,https://www.claritycampaigns.com/clarity-omnibus-dec-2025,-22,NA,-26.1079678686571,1.895489948703177e-12
economy,Clarity Campaign Labs,NA,2025-12-04,2025-12-11,1000,RV,40,54,https://www.claritycampaigns.com/clarity-omnibus-dec-2025,-14,NA,-18.1079678686571,1.895489948703177e-12
immigration,Clarity Campaign Labs,NA,2025-12-04,2025-12-11,1000,RV,44,50,https://www.claritycampaigns.com/clarity-omnibus-dec-2025,-6,NA,-10.107967868657099,1.895489948703177e-12
economy,Ipsos,Reuters,2025-12-12,2025-12-15,1016,A,33,58,https://www.reuters.com/world/us/trumps-approval-rating-slips-39-economy-weighs-reutersipsos-poll-finds-2025-12-16/,-25,NA,-20.429889822926086,1.192346690800859e-12
immigration,Ipsos,Reuters,2025-12-12,2025-12-15,1016,A,41,52,https://www.reuters.com/world/us/trumps-approval-rating-slips-39-economy-weighs-reutersipsos-poll-finds-2025-12-16/,-11,NA,-6.429889822926086,1.192346690800859e-12
crime,YouGov,The Economist,2025-12-12,2025-12-15,1632,A,46,47,https://d3nkl3psvxxpe9.cloudfront.net/documents/econTabReport_FJyfDu9.pdf,-1,NA,-2.1428312652468193,1.5409875684530255e-12
immigration,YouGov,The Economist,2025-12-12,2025-12-15,1632,A,45,50,https://d3nkl3psvxxpe9.cloudfront.net/documents/econTabReport_FJyfDu9.pdf,-5,NA,-6.142831265246819,1.5409875684530255e-12
inflation,YouGov,The Economist,2025-12-12,2025-12-15,1632,A,33,61,https://d3nkl3psvxxpe9.cloudfront.net/documents/econTabReport_FJyfDu9.pdf,-28,NA,-29.14283126524682,1.5409875684530255e-12
crime,Beacon Research/Shaw & Co. Research,FOX News,2025-12-12,2025-12-15,1001,RV,47,52,https://static.foxnews.com/foxnews.com/content/uploads/2025/12/fox_december-12-15-2025_national_topline_december-17-release.pdf,-5,NA,-1.8750187589666965,3.344373027192794e-12
immigration,Beacon Research/Shaw & Co. Research,FOX News,2025-12-12,2025-12-15,1001,RV,45,55,https://static.foxnews.com/foxnews.com/content/uploads/2025/12/fox_december-12-15-2025_national_topline_december-17-release.pdf,-10,NA,-6.8750187589666965,3.344373027192794e-12
foreign_policy,Beacon Research/Shaw & Co. Research,FOX News,2025-12-12,2025-12-15,1001,RV,42,57,https://static.foxnews.com/foxnews.com/content/uploads/2025/12/fox_december-12-15-2025_national_topline_december-17-release.pdf,-15,NA,-11.875018758966696,3.344373027192794e-12
economy,Beacon Research/Shaw & Co. Research,FOX News,2025-12-12,2025-12-15,1001,RV,39,61,https://static.foxnews.com/foxnews.com/content/uploads/2025/12/fox_december-12-15-2025_national_topline_december-17-release.pdf,-22,NA,-18.875018758966696,3.344373027192794e-12
healthcare,Beacon Research/Shaw & Co. Research,FOX News,2025-12-12,2025-12-15,1001,RV,37,62,https://static.foxnews.com/foxnews.com/content/uploads/2025/12/fox_december-12-15-2025_national_topline_december-17-release.pdf,-25,NA,-21.875018758966696,3.344373027192794e-12
trade_tariffs,Beacon Research/Shaw & Co. Research,FOX News,2025-12-12,2025-12-15,1001,RV,36,64,https://static.foxnews.com/foxnews.com/content/uploads/2025/12/fox_december-12-15-2025_national_topline_december-17-release.pdf,-28,NA,-24.875018758966696,3.344373027192794e-12
immigration,Morning Consult,NA,2025-12-12,2025-12-15,2201,RV,47,45,https://pro.morningconsult.com/trackers/donald-trump-congress-policy-republicans-polling,2,NA,-11.719085250761303,1.372800433838033e-12
economy,Morning Consult,NA,2025-12-12,2025-12-15,2201,RV,43,49,https://pro.morningconsult.com/trackers/donald-trump-congress-policy-republicans-polling,-6,NA,-19.719085250761303,1.372800433838033e-12
trade_tariffs,Morning Consult,NA,2025-12-12,2025-12-15,2201,RV,44,45,https://pro.morningconsult.com/trackers/donald-trump-congress-policy-republicans-polling,-1,NA,-14.719085250761303,1.372800433838033e-12
immigration,Quinnipiac University,NA,2025-12-11,2025-12-15,1035,RV,44,54,https://poll.qu.edu/poll-release?releaseid=3943,-10,NA,-7.93666773944264,3.0948250632185223e-12
foreign_policy,Quinnipiac University,NA,2025-12-11,2025-12-15,1035,RV,41,54,https://poll.qu.edu/poll-release?releaseid=3943,-13,NA,-10.93666773944264,3.0948250632185223e-12
trade_tariffs,Quinnipiac University,NA,2025-12-11,2025-12-15,1035,RV,40,55,https://poll.qu.edu/poll-release?releaseid=3943,-15,NA,-12.93666773944264,3.0948250632185223e-12
economy,Quinnipiac University,NA,2025-12-11,2025-12-15,1035,RV,40,57,https://poll.qu.edu/poll-release?releaseid=3943,-17,NA,-14.93666773944264,3.0948250632185223e-12
healthcare,Quinnipiac University,NA,2025-12-11,2025-12-15,1035,RV,34,59,https://poll.qu.edu/poll-release?releaseid=3943,-25,NA,-22.93666773944264,3.0948250632185223e-12
economy,Echelon Insights,NA,2025-12-11,2025-12-15,1011,LV,41,57,https://echelonin.wpenginepowered.com/wp-content/uploads/December-2025-Omnibus-Topline-External.pdf,-16,NA,-19.48860462488409,2.9047770742146704e-12
immigration,Echelon Insights,NA,2025-12-11,2025-12-15,1011,LV,47,52,https://echelonin.wpenginepowered.com/wp-content/uploads/December-2025-Omnibus-Topline-External.pdf,-5,NA,-8.48860462488409,2.9047770742146704e-12
foreign_policy,Echelon Insights,NA,2025-12-11,2025-12-15,1011,LV,45,53,https://echelonin.wpenginepowered.com/wp-content/uploads/December-2025-Omnibus-Topline-External.pdf,-8,NA,-11.48860462488409,2.9047770742146704e-12
immigration,RMG Research,Napolitan News Service,2025-12-17,2025-12-18,1000,RV,51,48,https://napolitannews.org/posts/on-voters-top-issues-trump-ratings-gain-ground,3,NA,-4.847069136431294,2.0960812102987415e-12
crime,RMG Research,Napolitan News Service,2025-12-17,2025-12-18,1000,RV,49,49,https://napolitannews.org/posts/on-voters-top-issues-trump-ratings-gain-ground,0,NA,-7.847069136431294,2.0960812102987415e-12
healthcare,RMG Research,Napolitan News Service,2025-12-17,2025-12-18,1000,RV,47,52,https://napolitannews.org/posts/on-voters-top-issues-trump-ratings-gain-ground,-5,NA,-12.847069136431294,2.0960812102987415e-12
economy,RMG Research,Napolitan News Service,2025-12-17,2025-12-18,1000,RV,43,56,https://napolitannews.org/posts/on-voters-top-issues-trump-ratings-gain-ground,-13,NA,-20.847069136431294,2.0960812102987415e-12
inflation,RMG Research,Napolitan News Service,2025-12-17,2025-12-18,1000,RV,39,59,https://napolitannews.org/posts/on-voters-top-issues-trump-ratings-gain-ground,-20,NA,-27.847069136431294,2.0960812102987415e-12
immigration,AtlasIntel,NA,2025-12-15,2025-12-19,2315,A,41,57,https://www.atlasintel.org/poll/usa-national-2025-12-19,-16,NA,-17.828953244831837,1.3713427676907277e-11
foreign_policy,AtlasIntel,NA,2025-12-15,2025-12-19,2315,A,36,58,https://www.atlasintel.org/poll/usa-national-2025-12-19,-22,NA,-23.828953244831837,1.3713427676907277e-11
trade_tariffs,AtlasIntel,NA,2025-12-15,2025-12-19,2315,A,35,61,https://www.atlasintel.org/poll/usa-national-2025-12-19,-26,NA,-27.828953244831837,1.3713427676907277e-11
economy,AtlasIntel,NA,2025-12-15,2025-12-19,2315,A,35,60,https://www.atlasintel.org/poll/usa-national-2025-12-19,-25,NA,-26.828953244831837,1.3713427676907277e-11
healthcare,AtlasIntel,NA,2025-12-15,2025-12-19,2315,A,29,64,https://www.atlasintel.org/poll/usa-national-2025-12-19,-35,NA,-36.82895324483184,1.3713427676907277e-11
economy,YouGov,CBS News,2025-12-17,2025-12-19,2300,A,37,63,https://www.cbsnews.com/news/opinion-poll-cost-of-living-trump/,-26,NA,-27.14283126524682,2.494077266584482e-12
inflation,YouGov,CBS News,2025-12-17,2025-12-19,2300,A,34,66,https://www.cbsnews.com/news/opinion-poll-cost-of-living-trump/,-32,NA,-33.14283126524682,2.494077266584482e-12
immigration,YouGov,CBS News,2025-12-17,2025-12-19,2300,A,46,54,https://www.cbsnews.com/news/opinion-poll-cost-of-living-trump/,-8,NA,-9.14283126524682,2.494077266584482e-12
economy,American Research Group,NA,2025-12-17,2025-12-20,1100,A,33,64,https://americanresearchgroup.com/economy/,-31,NA,-20.56684923195619,4.635285957769367e-12
economy,Morning Consult,NA,2025-12-19,2025-12-21,2203,RV,43,49,https://pro.morningconsult.com/trackers/donald-trump-congress-policy-republicans-polling,-6,NA,-19.719085250761303,2.176730362072372e-12
immigration,Morning Consult,NA,2025-12-19,2025-12-21,2203,RV,50,43,https://pro.morningconsult.com/trackers/donald-trump-congress-policy-republicans-polling,7,NA,-6.719085250761303,2.176730362072372e-12
trade_tariffs,Morning Consult,NA,2025-12-19,2025-12-21,2203,RV,45,46,https://pro.morningconsult.com/trackers/donald-trump-congress-policy-republicans-polling,-1,NA,-14.719085250761303,2.176730362072372e-12
foreign_policy,Morning Consult,NA,2025-12-19,2025-12-21,2203,RV,46,45,https://pro.morningconsult.com/trackers/donald-trump-congress-policy-republicans-polling,1,NA,-12.719085250761303,2.176730362072372e-12
economy,YouGov,The Economist,2025-12-20,2025-12-22,1592,A,38,55,https://d3nkl3psvxxpe9.cloudfront.net/documents/econTabReport_nBgFw7w.pdf,-17,NA,-18.14283126524682,2.612266719438251e-12
immigration,YouGov,The Economist,2025-12-20,2025-12-22,1592,A,44,50,https://d3nkl3psvxxpe9.cloudfront.net/documents/econTabReport_nBgFw7w.pdf,-6,NA,-7.142831265246819,2.612266719438251e-12
trade_tariffs,YouGov,The Economist,2025-12-20,2025-12-22,1592,A,36,56,https://d3nkl3psvxxpe9.cloudfront.net/documents/econTabReport_nBgFw7w.pdf,-20,NA,-21.14283126524682,2.612266719438251e-12
foreign_policy,YouGov,The Economist,2025-12-20,2025-12-22,1592,A,39,52,https://d3nkl3psvxxpe9.cloudfront.net/documents/econTabReport_nBgFw7w.pdf,-13,NA,-14.14283126524682,2.612266719438251e-12
healthcare,YouGov,The Economist,2026-12-26,2025-12-29,1550,A,33,57,https://d3nkl3psvxxpe9.cloudfront.net/documents/econTabReport_h1aYmmb.pdf,-24,NA,-25.14283126524682,4.4372611363252475e-12
immigration,Morning Consult,NA,2026-01-02,2026-01-04,2201,RV,48,44,https://pro.morningconsult.com/trackers/donald-trump-congress-policy-republicans-polling,4,NA,-9.719085250761303,6.494918492976479e-12
economy,Morning Consult,NA,2026-01-02,2026-01-04,2201,RV,43,48,https://pro.morningconsult.com/trackers/donald-trump-congress-policy-republicans-polling,-5,NA,-18.719085250761303,6.494918492976479e-12
trade_tariffs,Morning Consult,NA,2026-01-02,2026-01-04,2201,RV,45,44,https://pro.morningconsult.com/trackers/donald-trump-congress-policy-republicans-polling,1,NA,-12.719085250761303,6.494918492976479e-12
foreign_policy,Morning Consult,NA,2026-01-02,2026-01-04,2201,RV,45,44,https://pro.morningconsult.com/trackers/donald-trump-congress-policy-republicans-polling,1,NA,-12.719085250761303,6.494918492976479e-12
economy,YouGov,The Economist,2026-01-02,2026-01-05,1551,A,36,57,https://d3nkl3psvxxpe9.cloudfront.net/documents/econTabReport_aY8mpiN.pdf,-21,NA,-22.14283126524682,7.735448601571403e-12
inflation,YouGov,The Economist,2026-01-02,2026-01-05,1551,A,32,59,https://d3nkl3psvxxpe9.cloudfront.net/documents/econTabReport_aY8mpiN.pdf,-27,NA,-28.142831265246823,7.735448601571403e-12
economy,YouGov,CBS News,2026-01-05,2026-01-07,2325,A,39,61,https://www.cbsnews.com/news/u-s-actions-venezuela-opinion-poll/,-22,NA,-23.14283126524682,1.1181156209659171e-11
inflation,YouGov,CBS News,2026-01-05,2026-01-07,2325,A,35,65,https://www.cbsnews.com/news/u-s-actions-venezuela-opinion-poll/,-30,NA,-31.14283126524682,1.1181156209659171e-11
immigration,YouGov,CBS News,2026-01-05,2026-01-07,2325,A,44,56,https://www.cbsnews.com/news/u-s-actions-venezuela-opinion-poll/,-12,NA,-13.14283126524682,1.1181156209659171e-11
immigration,Cygnal,NA,2026-01-07,2026-01-08,1500,LV,47.6,50,https://www.cygn.al/polls/january-2026-national-voter-trends-nvt-poll/,-2.4,NA,-9.876565465969016,7.734732770996527e-11
economy,Cygnal,NA,2026-01-07,2026-01-08,1500,LV,43.5,54.1,https://www.cygn.al/polls/january-2026-national-voter-trends-nvt-poll/,-10.6,NA,-18.07656546596902,7.734732770996527e-11
inflation,Cygnal,NA,2026-01-07,2026-01-08,1500,LV,38.1,57.9,https://www.cygn.al/polls/january-2026-national-voter-trends-nvt-poll/,-19.8,NA,-27.276565465969014,7.734732770996527e-11
healthcare,Cygnal,NA,2026-01-07,2026-01-08,1500,LV,37,57.7,https://www.cygn.al/polls/january-2026-national-voter-trends-nvt-poll/,-20.7,NA,-28.17656546596902,7.734732770996527e-11
economy,AP-NORC,NA,2026-01-08,2026-01-11,1203,A,37,62,https://apnorc.org/wp-content/uploads/2026/01/AP-NORC-January-2026-topline-Venezuela.pdf,-25,NA,-17.07373828056089,6.4948466717321604e-12
immigration,AP-NORC,NA,2026-01-08,2026-01-11,1203,A,38,61,https://apnorc.org/wp-content/uploads/2026/01/AP-NORC-January-2026-topline-Venezuela.pdf,-23,NA,-15.073738280560889,6.4948466717321604e-12
foreign_policy,AP-NORC,NA,2026-01-08,2026-01-11,1203,A,37,61,https://apnorc.org/wp-content/uploads/2026/01/AP-NORC-January-2026-topline-Venezuela.pdf,-24,NA,-16.07373828056089,6.4948466717321604e-12
economy,SSRS,CNN,2026-01-09,2026-01-12,1209,A,39,61,https://s3.documentcloud.org/documents/26490187/cnn-poll-on-trump-at-one-year.pdf,-22,NA,-11.521544714213057,1.1618515161108638e-11
healthcare,SSRS,CNN,2026-01-09,2026-01-12,1209,A,36,63,https://s3.documentcloud.org/documents/26490187/cnn-poll-on-trump-at-one-year.pdf,-27,NA,-16.521544714213057,1.1618515161108638e-11
immigration,SSRS,CNN,2026-01-09,2026-01-12,1209,A,42,58,https://s3.documentcloud.org/documents/26490187/cnn-poll-on-trump-at-one-year.pdf,-16,NA,-5.521544714213057,1.1618515161108638e-11
foreign_policy,SSRS,CNN,2026-01-09,2026-01-12,1209,A,39,60,https://s3.documentcloud.org/documents/26490187/cnn-poll-on-trump-at-one-year.pdf,-21,NA,-10.521544714213057,1.1618515161108638e-11
trade_tariffs,SSRS,CNN,2026-01-09,2026-01-12,1209,A,37,62,https://s3.documentcloud.org/documents/26490187/cnn-poll-on-trump-at-one-year.pdf,-25,NA,-14.521544714213057,1.1618515161108638e-11
immigration,YouGov,The Economist,2026-01-09,2026-01-12,1602,A,44,51,https://d3nkl3psvxxpe9.cloudfront.net/documents/econTabReport_qsNv5iE.pdf,-7,NA,-8.14283126524682,1.3623012618235999e-11
trade_tariffs,YouGov,The Economist,2026-01-09,2026-01-12,1602,A,37,56,https://d3nkl3psvxxpe9.cloudfront.net/documents/econTabReport_qsNv5iE.pdf,-19,NA,-20.14283126524682,1.3623012618235999e-11
foreign_policy,YouGov,The Economist,2026-01-09,2026-01-12,1602,A,39,50,https://d3nkl3psvxxpe9.cloudfront.net/documents/econTabReport_qsNv5iE.pdf,-11,NA,-12.14283126524682,1.3623012618235999e-11
immigration,YouGov,Yahoo News,2026-01-08,2026-01-12,1709,A,44,53,https://www.scribd.com/document/980617250/Yahoo-YouGov-ICE-Poll-January-2026,-9,NA,-10.14283126524682,1.4070610280432296e-11
economy,Global Strategy Group/GBAO (Navigator Research),NA,2026-01-08,2026-01-12,1000,RV,41,56,https://navigatorresearch.org/wp-content/uploads/2026/01/Navigator-January-1-Topline-F01.12.26.pdf,-15,NA,-14.573516623170725,1.768072949391265e-11
economy,Morning Consult,NA,2026-01-09,2026-01-12,2201,RV,43,50,https://pro.morningconsult.com/trackers/donald-trump-congress-policy-republicans-polling,-7,NA,-20.719085250761303,1.2160602785340447e-11
immigration,Morning Consult,NA,2026-01-09,2026-01-12,2201,RV,47,46,https://pro.morningconsult.com/trackers/donald-trump-congress-policy-republicans-polling,1,NA,-12.719085250761303,1.2160602785340447e-11
trade_tariffs,Morning Consult,NA,2026-01-09,2026-01-12,2201,RV,43,48,https://pro.morningconsult.com/trackers/donald-trump-congress-policy-republicans-polling,-5,NA,-18.719085250761303,1.2160602785340447e-11
foreign_policy,Morning Consult,NA,2026-01-09,2026-01-12,2200,RV,44,48,https://pro.morningconsult.com/trackers/donald-trump-congress-policy-republicans-polling,-4,NA,-17.719085250761303,1.2157839953818854e-11
economy,Quinnipiac University,NA,2026-01-08,2026-01-12,1133,RV,42,53,https://poll.qu.edu/poll-release?releaseid=3945,-11,NA,-8.93666773944264,3.007147136893281e-11
foreign_policy,Quinnipiac University,NA,2026-01-08,2026-01-12,1133,RV,41,56,https://poll.qu.edu/poll-release?releaseid=3945,-15,NA,-12.93666773944264,3.007147136893281e-11
economy,The Winston Group,Winning the Issues,2026-01-08,2026-01-12,1000,RV,40,54,https://www.winningtheissues.org/wp-content/uploads/2026/01/January-2026-WTI-Survey.pdf,-14,REP,-15.862680544207109,4.3774341311018495e-11
inflation,The Winston Group,Winning the Issues,2026-01-08,2026-01-12,1000,RV,37,56,https://www.winningtheissues.org/wp-content/uploads/2026/01/January-2026-WTI-Survey.pdf,-19,REP,-20.86268054420711,4.3774341311018495e-11
economy,Ipsos,Reuters,2026-01-12,2026-01-13,1217,A,36,55,https://www.ipsos.com/sites/default/files/ct/news/documents/2026-01/Reuters%20Ipsos%20Greenland%20Survey%20Topline%20January%202026%201.14%20Release_0.pdf,-19,NA,-14.429889822926086,1.229219046475498e-11
foreign_policy,Ipsos,Reuters,2026-01-12,2026-01-13,1217,A,34,51,https://www.ipsos.com/sites/default/files/ct/news/documents/2026-01/Reuters%20Ipsos%20Greenland%20Survey%20Topline%20January%202026%201.14%20Release_0.pdf,-17,NA,-12.429889822926086,1.229219046475498e-11
inflation,Ipsos,Reuters,2026-01-12,2026-01-13,1217,A,30,61,https://www.ipsos.com/sites/default/files/ct/news/documents/2026-01/Reuters%20Ipsos%20Greenland%20Survey%20Topline%20January%202026%201.14%20Release_0.pdf,-31,NA,-26.429889822926086,1.229219046475498e-11
iran,Ipsos,Reuters,2026-01-12,2026-01-13,1217,A,33,43,https://www.ipsos.com/sites/default/files/ct/news/documents/2026-01/Reuters%20Ipsos%20Greenland%20Survey%20Topline%20January%202026%201.14%20Release_0.pdf,-10,NA,-5.429889822926086,1.229219046475498e-11
crime,Ipsos,Reuters,2026-01-12,2026-01-13,1217,A,42,45,https://www.ipsos.com/sites/default/files/ct/news/documents/2026-01/Reuters%20Ipsos%20Greenland%20Survey%20Topline%20January%202026%201.14%20Release_0.pdf,-3,NA,1.5701101770739143,1.229219046475498e-11
economy,Marist College,NPR | PBS News,2026-01-12,2026-01-13,1408,A,36,57,https://maristpoll.marist.edu/wp-content/uploads/2026/01/Marist-Poll_USA-NOS-and-Tables_202601141623.pdf,-21,NA,-16.444127380785893,6.778876692623471e-11
foreign_policy,Marist College,NPR | PBS News,2026-01-12,2026-01-13,1408,A,37,56,https://maristpoll.marist.edu/wp-content/uploads/2026/01/Marist-Poll_USA-NOS-and-Tables_202601141623.pdf,-19,NA,-14.444127380785893,6.778876692623471e-11
economy,Impact Research/National Research,Wall Street Journal,2026-01-08,2026-01-13,1500,RV,44,54,https://prod-i.a.dj.com/public/resources/documents/Redacted_WSJ_Poll_Jan_2026.pdf,-10,NA,-16.305670448155695,1.7601895331593225e-11
inflation,Impact Research/National Research,Wall Street Journal,2026-01-08,2026-01-13,1500,RV,41,58,https://prod-i.a.dj.com/public/resources/documents/Redacted_WSJ_Poll_Jan_2026.pdf,-17,NA,-23.305670448155695,1.7601895331593225e-11
immigration,Impact Research/National Research,Wall Street Journal,2026-01-08,2026-01-13,1500,RV,48,52,https://prod-i.a.dj.com/public/resources/documents/Redacted_WSJ_Poll_Jan_2026.pdf,-4,NA,-10.305670448155695,1.7601895331593225e-11
trade_tariffs,Impact Research/National Research,Wall Street Journal,2026-01-08,2026-01-13,1500,RV,44,54,https://prod-i.a.dj.com/public/resources/documents/Redacted_WSJ_Poll_Jan_2026.pdf,-10,NA,-16.305670448155695,1.7601895331593225e-11
healthcare,Impact Research/National Research,Wall Street Journal,2026-01-08,2026-01-13,1500,RV,37,58,https://prod-i.a.dj.com/public/resources/documents/Redacted_WSJ_Poll_Jan_2026.pdf,-21,NA,-27.3056704481557,1.7601895331593225e-11
foreign_policy,Impact Research/National Research,Wall Street Journal,2026-01-08,2026-01-13,1500,RV,44,55,https://prod-i.a.dj.com/public/resources/documents/Redacted_WSJ_Poll_Jan_2026.pdf,-11,NA,-17.305670448155695,1.7601895331593225e-11
economy,YouGov,CBS News,2026-01-14,2026-01-16,2523,A,39,61,https://assets1.cbsnewsstatic.com/hub/cms/prod_cms_alt/file/2026/01/18/cdcd747f-4147-4289-813f-d555f2aca600/cbs_news_poll___january_14-16__2026.pdf,-22,NA,-23.14283126524682,2.2738538471756645e-11
inflation,YouGov,CBS News,2026-01-14,2026-01-16,2523,A,35,65,https://assets1.cbsnewsstatic.com/hub/cms/prod_cms_alt/file/2026/01/18/cdcd747f-4147-4289-813f-d555f2aca600/cbs_news_poll___january_14-16__2026.pdf,-30,NA,-31.14283126524682,2.2738538471756645e-11
immigration,YouGov,CBS News,2026-01-14,2026-01-16,2523,A,42,58,https://assets1.cbsnewsstatic.com/hub/cms/prod_cms_alt/file/2026/01/18/cdcd747f-4147-4289-813f-d555f2aca600/cbs_news_poll___january_14-16__2026.pdf,-16,NA,-17.14283126524682,2.2738538471756645e-11
iran,YouGov,CBS News,2026-01-14,2026-01-16,2523,A,42,58,https://assets1.cbsnewsstatic.com/hub/cms/prod_cms_alt/file/2026/01/18/cdcd747f-4147-4289-813f-d555f2aca600/cbs_news_poll___january_14-16__2026.pdf,-16,NA,-17.14283126524682,2.2738538471756645e-11
immigration,The New York Times/Siena College,NA,2026-01-12,2026-01-17,1625,RV,40,58,https://www.nytimes.com/2026/01/22/us/politics/trump-poll-second-term.html,-18,NA,-19.816872641345213,9.018593601094672e-11
economy,The New York Times/Siena College,NA,2026-01-12,2026-01-17,1625,RV,40,58,https://www.nytimes.com/2026/01/22/us/politics/trump-poll-second-term.html,-18,NA,-19.816872641345213,9.018593601094672e-11
foreign_policy,The New York Times/Siena College,NA,2026-01-12,2026-01-17,1625,RV,39,58,https://www.nytimes.com/2026/01/22/us/politics/trump-poll-second-term.html,-19,NA,-20.816872641345213,9.018593601094672e-11
inflation,The New York Times/Siena College,NA,2026-01-12,2026-01-17,1625,RV,34,64,https://www.nytimes.com/2026/01/22/us/politics/trump-poll-second-term.html,-30,NA,-31.816872641345217,9.018593601094672e-11
immigration,Morning Consult,NA,2026-01-16,2026-01-18,2201,RV,49,44,https://pro.morningconsult.com/trackers/donald-trump-congress-policy-republicans-polling,5,NA,-8.719085250761303,1.6877939132359522e-11
economy,Morning Consult,NA,2026-01-16,2026-01-18,2201,RV,45,48,https://pro.morningconsult.com/trackers/donald-trump-congress-policy-republicans-polling,-3,NA,-16.719085250761303,1.6877939132359522e-11
trade_tariffs,Morning Consult,NA,2026-01-16,2026-01-18,2201,RV,45,46,https://pro.morningconsult.com/trackers/donald-trump-congress-policy-republicans-polling,-1,NA,-14.719085250761303,1.6877939132359522e-11
foreign_policy,Morning Consult,NA,2026-01-16,2026-01-18,2201,RV,45,46,https://pro.morningconsult.com/trackers/donald-trump-congress-policy-republicans-polling,-1,NA,-14.719085250761303,1.6877939132359522e-11
crime,YouGov,The Economist,2026-01-16,2026-01-19,1722,A,42,49,https://d3nkl3psvxxpe9.cloudfront.net/documents/econTabReport_z9wtNZI.pdf,-7,NA,-8.14283126524682,2.3649420050952453e-11
immigration,YouGov,The Economist,2026-01-16,2026-01-19,1722,A,43,53,https://d3nkl3psvxxpe9.cloudfront.net/documents/econTabReport_z9wtNZI.pdf,-10,NA,-11.14283126524682,2.3649420050952453e-11
inflation,YouGov,The Economist,2026-01-16,2026-01-19,1722,A,34,61,https://d3nkl3psvxxpe9.cloudfront.net/documents/econTabReport_z9wtNZI.pdf,-27,NA,-28.14283126524682,2.3649420050952453e-11
iran,YouGov,The Economist,2026-01-16,2026-01-19,1722,A,34,48,https://d3nkl3psvxxpe9.cloudfront.net/documents/econTabReport_z9wtNZI.pdf,-14,NA,-15.14283126524682,2.3649420050952453e-11
immigration,Change Research,NA,2026-01-13,2026-01-19,1348,RV,47,51,https://portal.changeresearch.com/portal/projects/45449a2d-6c0e-412f-a3e1-a053b39f12b0,-4,NA,-11.405887280434733,4.934375875547864e-11
economy,Change Research,NA,2026-01-13,2026-01-19,1348,RV,45,53,https://portal.changeresearch.com/portal/projects/45449a2d-6c0e-412f-a3e1-a053b39f12b0,-8,NA,-15.405887280434733,4.934375875547864e-11
trade_tariffs,Change Research,NA,2026-01-13,2026-01-19,1348,RV,43,54,https://portal.changeresearch.com/portal/projects/45449a2d-6c0e-412f-a3e1-a053b39f12b0,-11,NA,-18.405887280434733,4.934375875547864e-11
inflation,Change Research,NA,2026-01-13,2026-01-19,1348,RV,41,56,https://portal.changeresearch.com/portal/projects/45449a2d-6c0e-412f-a3e1-a053b39f12b0,-15,NA,-22.405887280434733,4.934375875547864e-11
economy,American Research Group,NA,2026-01-17,2026-01-20,1100,A,32,64,https://americanresearchgroup.com/economy/,-32,NA,-21.56684923195619,2.233953413887773e-11
economy,Verasight,Strength In Numbers,2026-01-14,2026-01-20,1532,A,39,57,https://www.gelliottmorris.com/p/new-poll-trump-slips-on-immigration,-18,NA,-16.26574860140164,9.626679665800456e-12
inflation,Verasight,Strength In Numbers,2026-01-14,2026-01-20,1532,A,32,63,https://www.gelliottmorris.com/p/new-poll-trump-slips-on-immigration,-31,NA,-29.26574860140164,9.626679665800456e-12
trade_tariffs,Verasight,Strength In Numbers,2026-01-14,2026-01-20,1532,A,38,57,https://www.gelliottmorris.com/p/new-poll-trump-slips-on-immigration,-19,NA,-17.26574860140164,9.626679665800456e-12
foreign_policy,Verasight,Strength In Numbers,2026-01-14,2026-01-20,1532,A,40,55,https://www.gelliottmorris.com/p/new-poll-trump-slips-on-immigration,-15,NA,-13.26574860140164,9.626679665800456e-12
immigration,Verasight,Strength In Numbers,2026-01-14,2026-01-20,1532,A,44,52,https://www.gelliottmorris.com/p/new-poll-trump-slips-on-immigration,-8,NA,-6.26574860140164,9.626679665800456e-12
healthcare,Verasight,Strength In Numbers,2026-01-14,2026-01-20,1532,A,33,61,https://www.gelliottmorris.com/p/new-poll-trump-slips-on-immigration,-28,NA,-26.26574860140164,9.626679665800456e-12
crime,Verasight,Strength In Numbers,2026-01-14,2026-01-20,1532,A,43,52,https://www.gelliottmorris.com/p/new-poll-trump-slips-on-immigration,-9,NA,-7.26574860140164,9.626679665800456e-12
crime,RMG Research,Napolitan News Service,2026-01-21,2026-01-21,1000,RV,52,47,https://napolitannews.org/posts/president-trumps-rating-on-immigration-nears-record-low,5,NA,-2.847069136431294,3.075189844284024e-11
immigration,RMG Research,Napolitan News Service,2026-01-21,2026-01-21,1000,RV,48,51,https://napolitannews.org/posts/president-trumps-rating-on-immigration-nears-record-low,-3,NA,-10.847069136431294,3.075189844284024e-11
economy,RMG Research,Napolitan News Service,2026-01-21,2026-01-21,1000,RV,44,55,https://napolitannews.org/posts/president-trumps-rating-on-immigration-nears-record-low,-11,NA,-18.847069136431294,3.075189844284024e-11
healthcare,RMG Research,Napolitan News Service,2026-01-21,2026-01-21,1000,RV,43,55,https://napolitannews.org/posts/president-trumps-rating-on-immigration-nears-record-low,-12,NA,-19.847069136431294,3.075189844284024e-11
inflation,RMG Research,Napolitan News Service,2026-01-21,2026-01-21,1000,RV,39,59,https://napolitannews.org/posts/president-trumps-rating-on-immigration-nears-record-low,-20,NA,-27.847069136431294,3.075189844284024e-11
crime,YouGov,NA,2026-01-16,2026-01-22,2226,A,41,47,https://d3nkl3psvxxpe9.cloudfront.net/documents/Trump_Issue_Handling_poll_results_84DsE0W.pdf,-6,NA,-7.142831265246819,3.4402858864526745e-11
immigration,YouGov,NA,2026-01-16,2026-01-22,2226,A,44,50,https://d3nkl3psvxxpe9.cloudfront.net/documents/Trump_Issue_Handling_poll_results_84DsE0W.pdf,-6,NA,-7.142831265246819,3.4402858864526745e-11
iran,YouGov,NA,2026-01-16,2026-01-22,2226,A,35,44,https://d3nkl3psvxxpe9.cloudfront.net/documents/Trump_Issue_Handling_poll_results_84DsE0W.pdf,-9,NA,-10.14283126524682,3.4402858864526745e-11
economy,YouGov,NA,2026-01-16,2026-01-22,2226,A,39,51,https://d3nkl3psvxxpe9.cloudfront.net/documents/Trump_Issue_Handling_poll_results_84DsE0W.pdf,-12,NA,-13.14283126524682,3.4402858864526745e-11
foreign_policy,YouGov,NA,2026-01-16,2026-01-22,2226,A,37,51,https://d3nkl3psvxxpe9.cloudfront.net/documents/Trump_Issue_Handling_poll_results_84DsE0W.pdf,-14,NA,-15.14283126524682,3.4402858864526745e-11
trade_tariffs,YouGov,NA,2026-01-16,2026-01-22,2226,A,34,57,https://d3nkl3psvxxpe9.cloudfront.net/documents/Trump_Issue_Handling_poll_results_84DsE0W.pdf,-23,NA,-24.14283126524682,3.4402858864526745e-11
healthcare,YouGov,NA,2026-01-16,2026-01-22,2226,A,32,55,https://d3nkl3psvxxpe9.cloudfront.net/documents/Trump_Issue_Handling_poll_results_84DsE0W.pdf,-23,NA,-24.142831265246823,3.4402858864526745e-11
inflation,YouGov,NA,2026-01-16,2026-01-22,2226,A,33,60,https://d3nkl3psvxxpe9.cloudfront.net/documents/Trump_Issue_Handling_poll_results_84DsE0W.pdf,-27,NA,-28.14283126524682,3.4402858864526745e-11
inflation,Clarity Campaign Labs,NA,2026-01-15,2026-01-22,1147,LV,33,63,https://www.claritycampaigns.com/clarity-omnibus-jan-2026,-30,NA,-33.73584203550618,5.6194972990278886e-11
healthcare,Clarity Campaign Labs,NA,2026-01-15,2026-01-22,1147,LV,36,58,https://www.claritycampaigns.com/clarity-omnibus-jan-2026,-22,NA,-25.735842035506188,5.6194972990278886e-11
economy,Clarity Campaign Labs,NA,2026-01-15,2026-01-22,1147,LV,39,56,https://www.claritycampaigns.com/clarity-omnibus-jan-2026,-17,NA,-20.735842035506188,5.6194972990278886e-11
immigration,Clarity Campaign Labs,NA,2026-01-15,2026-01-22,1147,LV,46,50,https://www.claritycampaigns.com/clarity-omnibus-jan-2026,-4,NA,-7.735842035506188,5.6194972990278886e-11
economy,Ipsos,Reuters,2026-01-23,2026-01-25,1139,A,35,56,https://www.reuters.com/data/trumps-approval-rating-2025-01-21/,-21,NA,-16.429889822926086,3.419674471616781e-11
immigration,Ipsos,Reuters,2026-01-23,2026-01-25,1139,A,39,53,https://www.reuters.com/data/trumps-approval-rating-2025-01-21/,-14,NA,-9.429889822926086,3.419674471616781e-11
inflation,Ipsos,Reuters,2026-01-23,2026-01-25,1139,A,30,59,https://www.ipsos.com/sites/default/files/ct/news/documents/2026-01/Reuters%20Ipsos%20Jan%20Core%20Political%20Topline%20for%20Release_0.pdf,-29,NA,-24.429889822926086,3.419674471616781e-11
foreign_policy,Ipsos,Reuters,2026-01-23,2026-01-25,1139,A,35,54,https://www.ipsos.com/sites/default/files/ct/news/documents/2026-01/Reuters%20Ipsos%20Jan%20Core%20Political%20Topline%20for%20Release_0.pdf,-19,NA,-14.429889822926086,3.419674471616781e-11
immigration,Morning Consult,NA,2026-01-23,2026-01-25,2201,RV,49,45,https://pro.morningconsult.com/trackers/donald-trump-congress-policy-republicans-polling,4,NA,-9.719085250761303,2.927668845917426e-11
economy,Morning Consult,NA,2026-01-23,2026-01-25,2201,RV,44,50,https://pro.morningconsult.com/trackers/donald-trump-congress-policy-republicans-polling,-6,NA,-19.719085250761303,2.927668845917426e-11
trade_tariffs,Morning Consult,NA,2026-01-23,2026-01-25,2201,RV,43,48,https://pro.morningconsult.com/trackers/donald-trump-congress-policy-republicans-polling,-5,NA,-18.719085250761303,2.927668845917426e-11
foreign_policy,Morning Consult,NA,2026-01-23,2026-01-25,2201,RV,44,48,https://pro.morningconsult.com/trackers/donald-trump-congress-policy-republicans-polling,-4,NA,-17.719085250761303,2.927668845917426e-11
inflation,Focaldata,NA,2026-01-23,2026-01-26,2037,A,29,53,https://www.focaldata.com/blog/cost-of-living-fuelling-democrat-strength-in-new-midterms-polling,-24,NA,-21.274378851843892,7.017840087808416e-11
economy,Focaldata,NA,2026-01-23,2026-01-26,2037,A,30,53,https://www.focaldata.com/blog/cost-of-living-fuelling-democrat-strength-in-new-midterms-polling,-23,NA,-20.274378851843892,7.017840087808416e-11
immigration,Focaldata,NA,2026-01-23,2026-01-26,2037,A,38,47,https://www.focaldata.com/blog/cost-of-living-fuelling-democrat-strength-in-new-midterms-polling,-9,NA,-6.274378851843892,7.017840087808416e-11
iran,Focaldata,NA,2026-01-23,2026-01-26,2037,A,31,41,https://www.focaldata.com/blog/cost-of-living-fuelling-democrat-strength-in-new-midterms-polling,-10,NA,-7.274378851843892,7.017840087808416e-11
healthcare,YouGov,The Economist,2026-01-23,2026-01-26,1684,A,34,57,https://d3nkl3psvxxpe9.cloudfront.net/documents/econTabReport_8FWGyNz.pdf,-23,NA,-24.14283126524682,4.067582130015591e-11
immigration,Beacon Research/Shaw & Co. Research,FOX News,2026-01-23,2026-01-26,1005,RV,45,55,https://static.foxnews.com/foxnews.com/content/uploads/2026/01/fox_january-23-26_national_topline_january-28-release.pdf,-10,NA,-6.8750187589666965,9.038115534582438e-11
iran,Beacon Research/Shaw & Co. Research,FOX News,2026-01-23,2026-01-26,1005,RV,41,57,https://static.foxnews.com/foxnews.com/content/uploads/2026/01/fox_january-23-26_national_topline_january-28-release.pdf,-16,NA,-12.875018758966696,9.038115534582438e-11
economy,Beacon Research/Shaw & Co. Research,FOX News,2026-01-23,2026-01-26,1005,RV,40,59,https://static.foxnews.com/foxnews.com/content/uploads/2026/01/fox_january-23-26_national_topline_january-28-release.pdf,-19,NA,-15.875018758966696,9.038115534582438e-11
foreign_policy,Beacon Research/Shaw & Co. Research,FOX News,2026-01-23,2026-01-26,1005,RV,39,61,https://static.foxnews.com/foxnews.com/content/uploads/2026/01/fox_january-23-26_national_topline_january-28-release.pdf,-22,NA,-18.875018758966696,9.038115534582438e-11
healthcare,Beacon Research/Shaw & Co. Research,FOX News,2026-01-23,2026-01-26,1005,RV,37,62,https://static.foxnews.com/foxnews.com/content/uploads/2026/01/fox_january-23-26_national_topline_january-28-release.pdf,-25,NA,-21.875018758966696,9.038115534582438e-11
trade_tariffs,Beacon Research/Shaw & Co. Research,FOX News,2026-01-23,2026-01-26,1005,RV,37,63,https://static.foxnews.com/foxnews.com/content/uploads/2026/01/fox_january-23-26_national_topline_january-28-release.pdf,-26,NA,-22.875018758966696,9.038115534582438e-11
inflation,Beacon Research/Shaw & Co. Research,FOX News,2026-01-23,2026-01-26,1005,RV,35,65,https://static.foxnews.com/foxnews.com/content/uploads/2026/01/fox_january-23-26_national_topline_january-28-release.pdf,-30,NA,-26.875018758966696,9.038115534582438e-11
immigration,J.L. Partners,Daily Mail,2026-01-26,2026-01-26,1037,RV,39,47,https://jlpartners.com/nationwide-registered-voters-january-2026,-8,NA,-12.557313947797375,1.777389638925817e-10
economy,J.L. Partners,Daily Mail,2026-01-26,2026-01-26,1037,RV,35,50,https://jlpartners.com/nationwide-registered-voters-january-2026,-15,NA,-19.557313947797375,1.777389638925817e-10
inflation,J.L. Partners,Daily Mail,2026-01-26,2026-01-26,1037,RV,33,53,https://jlpartners.com/nationwide-registered-voters-january-2026,-20,NA,-24.557313947797375,1.777389638925817e-10
healthcare,J.L. Partners,Daily Mail,2026-01-26,2026-01-26,1037,RV,31,49,https://jlpartners.com/nationwide-registered-voters-january-2026,-18,NA,-22.557313947797375,1.777389638925817e-10
foreign_policy,J.L. Partners,Daily Mail,2026-01-26,2026-01-26,1037,RV,36,47,https://jlpartners.com/nationwide-registered-voters-january-2026,-11,NA,-15.557313947797375,1.777389638925817e-10
economy,Echelon Insights,NA,2026-01-22,2026-01-26,1029,LV,39,58,https://echelonin.wpenginepowered.com/wp-content/uploads/January-2026-Voter-Omnibus-Topline.pdf,-19,NA,-22.48860462488409,8.455408196130874e-11
immigration,Echelon Insights,NA,2026-01-22,2026-01-26,1029,LV,43,55,https://echelonin.wpenginepowered.com/wp-content/uploads/January-2026-Voter-Omnibus-Topline.pdf,-12,NA,-15.48860462488409,8.455408196130874e-11
foreign_policy,Echelon Insights,NA,2026-01-22,2026-01-26,1029,LV,41,56,https://echelonin.wpenginepowered.com/wp-content/uploads/January-2026-Voter-Omnibus-Topline.pdf,-15,NA,-18.48860462488409,8.455408196130874e-11
economy,Marquette University Law School,NA,2026-01-21,2026-01-28,1003,A,38,62,https://law.marquette.edu/assets/community/poll/MLSPSC30/MLSPSC30Toplines_NationalIssues.html#trump-economy-2-cat,-24,NA,-15.82439646356491,1.3533157275841018e-10
inflation,Marquette University Law School,NA,2026-01-21,2026-01-28,1003,A,30,69,https://law.marquette.edu/assets/community/poll/MLSPSC30/MLSPSC30Toplines_NationalIssues.html#trump-economy-2-cat,-39,NA,-30.824396463564902,1.3533157275841018e-10
immigration,Marquette University Law School,NA,2026-01-21,2026-01-28,1003,A,44,56,https://law.marquette.edu/assets/community/poll/MLSPSC30/MLSPSC30Toplines_NationalIssues.html#trump-economy-2-cat,-12,NA,-3.8243964635649093,1.3533157275841018e-10
trade_tariffs,Marquette University Law School,NA,2026-01-21,2026-01-28,1003,A,37,62,https://law.marquette.edu/assets/community/poll/MLSPSC30/MLSPSC30Toplines_NationalIssues.html#trump-economy-2-cat,-25,NA,-16.82439646356491,1.3533157275841018e-10
crime,Harris Insights & Analytics,Harvard CAPS,2026-01-28,2026-01-29,2000,RV,47,47,https://harvardharrispoll.com/wp-content/uploads/2026/02/HHP_Jan2026_Topline.pdf,0,NA,-8.475142376675315,8.108597580232285e-11
immigration,Harris Insights & Analytics,Harvard CAPS,2026-01-28,2026-01-29,2000,RV,46,49,https://harvardharrispoll.com/wp-content/uploads/2026/02/HHP_Jan2026_Topline.pdf,-3,NA,-11.475142376675315,8.108597580232285e-11
economy,Harris Insights & Analytics,Harvard CAPS,2026-01-28,2026-01-29,2000,RV,43,51,https://harvardharrispoll.com/wp-content/uploads/2026/02/HHP_Jan2026_Topline.pdf,-8,NA,-16.475142376675315,8.108597580232285e-11
foreign_policy,Harris Insights & Analytics,Harvard CAPS,2026-01-28,2026-01-29,2000,RV,42,50,https://harvardharrispoll.com/wp-content/uploads/2026/02/HHP_Jan2026_Topline.pdf,-8,NA,-16.475142376675315,8.108597580232285e-11
inflation,Harris Insights & Analytics,Harvard CAPS,2026-01-28,2026-01-29,2000,RV,39,54,https://harvardharrispoll.com/wp-content/uploads/2026/02/HHP_Jan2026_Topline.pdf,-15,NA,-23.475142376675315,8.108597580232285e-11
trade_tariffs,Harris Insights & Analytics,Harvard CAPS,2026-01-28,2026-01-29,2000,RV,39,54,https://harvardharrispoll.com/wp-content/uploads/2026/02/HHP_Jan2026_Topline.pdf,-15,NA,-23.475142376675315,8.108597580232285e-11
foreign_policy,Marist College,NPR | PBS News,2026-01-27,2026-01-30,1462,A,36,56,https://maristpoll.marist.edu/wp-content/uploads/2026/02/NPR_PBS-News_Marist-Poll_USA-NOS-and-Tables_202602021147.pdf,-20,NA,-15.444127380785893,2.8637205616111474e-10
economy,Marist College,NPR | PBS News,2026-01-27,2026-01-30,1462,A,36,59,https://maristpoll.marist.edu/wp-content/uploads/2026/02/NPR_PBS-News_Marist-Poll_USA-NOS-and-Tables_202602021147.pdf,-23,NA,-18.444127380785893,2.8637205616111474e-10
economy,Global Strategy Group/GBAO (Navigator Research),NA,2026-01-29,2026-02-01,1000,RV,40,57,https://navigatorresearch.org/wp-content/uploads/2026/02/Navigator-Topline-F02.02.26.pdf,-17,NA,-16.573516623170725,1.0126139930949146e-10
immigration,Morning Consult,NA,2026-01-30,2026-02-01,2201,RV,47,47,https://pro.morningconsult.com/trackers/donald-trump-congress-policy-republicans-polling,0,NA,-13.719085250761303,5.080278727566662e-11
economy,Morning Consult,NA,2026-01-30,2026-02-01,2201,RV,44,50,https://pro.morningconsult.com/trackers/donald-trump-congress-policy-republicans-polling,-6,NA,-19.719085250761303,5.080278727566662e-11
trade_tariffs,Morning Consult,NA,2026-01-30,2026-02-01,2201,RV,44,47,https://pro.morningconsult.com/trackers/donald-trump-congress-policy-republicans-polling,-3,NA,-16.719085250761303,5.080278727566662e-11
foreign_policy,Morning Consult,NA,2026-01-30,2026-02-01,2201,RV,43,48,https://pro.morningconsult.com/trackers/donald-trump-congress-policy-republicans-polling,-5,NA,-18.719085250761303,5.080278727566662e-11
economy,YouGov,The Economist,2026-01-31,2026-02-02,1672,A,39,53,https://d3nkl3psvxxpe9.cloudfront.net/documents/econTabReport_DDIQ8jz.pdf,-14,NA,-15.14283126524682,7.126188482197196e-11
inflation,YouGov,The Economist,2026-01-31,2026-02-02,1672,A,35,58,https://d3nkl3psvxxpe9.cloudfront.net/documents/econTabReport_DDIQ8jz.pdf,-23,NA,-24.14283126524682,7.126188482197196e-11
immigration,YouGov,The Economist,2026-01-31,2026-02-02,1672,A,44,52,https://d3nkl3psvxxpe9.cloudfront.net/documents/econTabReport_DDIQ8jz.pdf,-8,NA,-9.14283126524682,7.126188482197196e-11
economy,Quinnipiac University,NA,2026-01-29,2026-02-02,1191,RV,39,56,https://poll.qu.edu/poll-release?releaseid=3946,-17,NA,-14.93666773944264,1.5625065834428786e-10
foreign_policy,Quinnipiac University,NA,2026-01-29,2026-02-02,1191,RV,37,58,https://poll.qu.edu/poll-release?releaseid=3946,-21,NA,-18.93666773944264,1.5625065834428786e-10
immigration,Quinnipiac University,NA,2026-01-29,2026-02-02,1191,RV,38,59,https://poll.qu.edu/poll-release?releaseid=3946,-21,NA,-18.93666773944264,1.5625065834428786e-10
immigration,John Zogby Strategies,NA,2026-02-04,2026-02-05,1000,LV,46,49,https://johnzogbystrategies.com/the-presidents-approval-ratings-underwater-on-overall-job-all-key-voter-issues/,-3,NA,-12.61724102720688,1.4405222772770106e-10
economy,John Zogby Strategies,NA,2026-02-04,2026-02-05,1000,LV,43,54,https://johnzogbystrategies.com/the-presidents-approval-ratings-underwater-on-overall-job-all-key-voter-issues/,-11,NA,-20.61724102720688,1.4405222772770106e-10
inflation,John Zogby Strategies,NA,2026-02-04,2026-02-05,1000,LV,37,57,https://johnzogbystrategies.com/the-presidents-approval-ratings-underwater-on-overall-job-all-key-voter-issues/,-20,NA,-29.617241027206877,1.4405222772770106e-10
trade_tariffs,John Zogby Strategies,NA,2026-02-04,2026-02-05,1000,LV,40,55,https://johnzogbystrategies.com/the-presidents-approval-ratings-underwater-on-overall-job-all-key-voter-issues/,-15,NA,-24.61724102720688,1.4405222772770106e-10
crime,John Zogby Strategies,NA,2026-02-04,2026-02-05,1000,LV,46,50,https://johnzogbystrategies.com/the-presidents-approval-ratings-underwater-on-overall-job-all-key-voter-issues/,-4,NA,-13.61724102720688,1.4405222772770106e-10
immigration,SurveyMonkey,NBC News Decision Desk,2026-01-27,2026-02-06,21995,A,40,60,https://legacy.www.documentcloud.org/documents/26948008-nbc-news-decision-desk-poll-jan-feb-2026-topline,-20,NA,-17.05707446915897,2.2212090272480685e-10
economy,AP-NORC,NA,2026-02-05,2026-02-08,1156,A,39,59,https://apnorc.org/wp-content/uploads/2026/02/February-2026-Topline_Immigration.pdf,-20,NA,-12.073738280560889,5.805920643708075e-11
immigration,AP-NORC,NA,2026-02-05,2026-02-08,1156,A,38,60,https://apnorc.org/wp-content/uploads/2026/02/February-2026-Topline_Immigration.pdf,-22,NA,-14.073738280560889,5.805920643708075e-11
economy,YouGov,The Economist,2026-02-06,2026-02-09,1730,A,34,57,https://d3nkl3psvxxpe9.cloudfront.net/documents/econTabReport_vNnwPx2.pdf,-23,NA,-24.14283126524682,1.2956563674760942e-10
inflation,YouGov,The Economist,2026-02-06,2026-02-09,1730,A,31,59,https://d3nkl3psvxxpe9.cloudfront.net/documents/econTabReport_vNnwPx2.pdf,-28,NA,-29.142831265246823,1.2956563674760942e-10
immigration,YouGov,The Economist,2026-02-06,2026-02-09,1730,A,40,53,https://d3nkl3psvxxpe9.cloudfront.net/documents/econTabReport_vNnwPx2.pdf,-13,NA,-14.14283126524682,1.2956563674760942e-10
immigration,Morning Consult,NA,2026-02-06,2026-02-09,2200,RV,47,45,https://pro.morningconsult.com/trackers/donald-trump-congress-policy-republicans-polling#trump-s-performance-on-the-issues,2,NA,-11.719085250761303,9.661560976273983e-11
economy,Morning Consult,NA,2026-02-06,2026-02-09,2200,RV,44,48,https://pro.morningconsult.com/trackers/donald-trump-congress-policy-republicans-polling#trump-s-performance-on-the-issues,-4,NA,-17.719085250761303,9.661560976273983e-11
trade_tariffs,Morning Consult,NA,2026-02-06,2026-02-09,2200,RV,44,46,https://pro.morningconsult.com/trackers/donald-trump-congress-policy-republicans-polling#trump-s-performance-on-the-issues,-2,NA,-15.719085250761303,9.661560976273983e-11
foreign_policy,Morning Consult,NA,2026-02-06,2026-02-09,2200,RV,44,46,https://pro.morningconsult.com/trackers/donald-trump-congress-policy-republicans-polling#trump-s-performance-on-the-issues,-2,NA,-15.719085250761303,9.661560976273983e-11
economy,Verasight/Morris Predictive Insights,UNITE HERE,2026-02-06,2026-02-10,1500,A,39,57,https://morrispredictive.com/assets/surveys/k7Qm3xR9pL/memo.pdf,-18,NA,-14.102617267775813,1.3074449116066127e-10
foreign_policy,Verasight/Morris Predictive Insights,UNITE HERE,2026-02-06,2026-02-10,1500,A,36,55,https://morrispredictive.com/assets/surveys/k7Qm3xR9pL/memo.pdf,-19,NA,-15.102617267775813,1.3074449116066127e-10
trade_tariffs,Verasight/Morris Predictive Insights,UNITE HERE,2026-02-06,2026-02-10,1500,A,35,60,https://morrispredictive.com/assets/surveys/k7Qm3xR9pL/memo.pdf,-25,NA,-21.102617267775813,1.3074449116066127e-10
healthcare,Verasight/Morris Predictive Insights,UNITE HERE,2026-02-06,2026-02-10,1500,A,33,60,https://morrispredictive.com/assets/surveys/k7Qm3xR9pL/memo.pdf,-27,NA,-23.102617267775813,1.3074449116066127e-10
inflation,Verasight/Morris Predictive Insights,UNITE HERE,2026-02-06,2026-02-10,1500,A,31,65,https://morrispredictive.com/assets/surveys/k7Qm3xR9pL/memo.pdf,-34,NA,-30.102617267775813,1.3074449116066127e-10
economy,Wave Polling And Research/Verasight,NA,2026-02-06,2026-02-10,1500,A,39,57,https://wavepolling.com/results/2026-02-23-immigration-enforcement/,-18,NA,-13.432477780257365,1.1149927670001107e-10
inflation,Wave Polling And Research/Verasight,NA,2026-02-06,2026-02-10,1500,A,31,65,https://wavepolling.com/results/2026-02-23-immigration-enforcement/,-34,NA,-29.432477780257365,1.1149927670001107e-10
trade_tariffs,Wave Polling And Research/Verasight,NA,2026-02-06,2026-02-10,1500,A,35,60,https://wavepolling.com/results/2026-02-23-immigration-enforcement/,-25,NA,-20.432477780257365,1.1149927670001107e-10
foreign_policy,Wave Polling And Research/Verasight,NA,2026-02-06,2026-02-10,1500,A,36,55,https://wavepolling.com/results/2026-02-23-immigration-enforcement/,-19,NA,-14.432477780257365,1.1149927670001107e-10
healthcare,Wave Polling And Research/Verasight,NA,2026-02-06,2026-02-10,1500,A,33,59,https://wavepolling.com/results/2026-02-23-immigration-enforcement/,-26,NA,-21.432477780257365,1.1149927670001107e-10
immigration,YouGov,Yahoo News,2026-02-09,2026-02-12,1704,A,41,55,https://www.yahoo.com/news/politics/article/poll-trumps-approval-rating-hits-new-low-as-immigration-backlash-grows-and-ice-withdraws-from-minnesota-204723473.html?guccounter=1,-14,NA,-15.14283126524682,1.624998240741218e-10
economy,YouGov,Yahoo News,2026-02-09,2026-02-12,1704,A,37,57,https://www.scribd.com/document/1000095650/Yahoo-YouGov-Politics-Poll-Feb-2026,-20,NA,-21.14283126524682,1.624998240741218e-10
economy,Ipsos,Reuters,2026-02-13,2026-02-16,1117,A,34,57,https://www.reuters.com/data/trumps-approval-rating-2025-01-21/,-23,NA,-18.429889822926086,1.9081825937442747e-10
immigration,Ipsos,Reuters,2026-02-13,2026-02-16,1117,A,38,55,https://www.reuters.com/data/trumps-approval-rating-2025-01-21/,-17,NA,-12.429889822926086,1.9081825937442747e-10
crime,YouGov,The Economist,2026-02-13,2026-02-16,1682,A,43,47,https://d3nkl3psvxxpe9.cloudfront.net/documents/econTabReport_usZL1Jt.pdf,-4,NA,-5.142831265246819,2.194645753256586e-10
immigration,YouGov,The Economist,2026-02-13,2026-02-16,1682,A,42,53,https://d3nkl3psvxxpe9.cloudfront.net/documents/econTabReport_usZL1Jt.pdf,-11,NA,-12.14283126524682,2.194645753256586e-10
immigration,Morning Consult,NA,2026-02-13,2026-02-16,2200,RV,47,45,https://pro.morningconsult.com/trackers/donald-trump-congress-policy-republicans-polling,2,NA,-11.719085250761303,1.6786546410577464e-10
economy,Morning Consult,NA,2026-02-13,2026-02-16,2200,RV,44,48,https://pro.morningconsult.com/trackers/donald-trump-congress-policy-republicans-polling,-4,NA,-17.719085250761303,1.6786546410577464e-10
trade_tariffs,Morning Consult,NA,2026-02-13,2026-02-16,2200,RV,44,46,https://pro.morningconsult.com/trackers/donald-trump-congress-policy-republicans-polling,-2,NA,-15.719085250761303,1.6786546410577464e-10
foreign_policy,Morning Consult,NA,2026-02-13,2026-02-16,2200,RV,43,49,https://pro.morningconsult.com/trackers/donald-trump-congress-policy-republicans-polling,-6,NA,-19.719085250761303,1.6786546410577464e-10
healthcare,Morning Consult,NA,2026-02-13,2026-02-16,2200,RV,39,52,https://pro.morningconsult.com/trackers/donald-trump-congress-policy-republicans-polling,-13,NA,-26.719085250761303,1.6786546410577464e-10
economy,Ipsos,ABC News | The Washington Post,2026-02-12,2026-02-17,2589,A,41,57,https://www.washingtonpost.com/documents/d1fa84e0-1aef-4fb2-b140-c872ca010279.pdf,-16,NA,-11.429889822926086,3.136842416889842e-10
immigration,Ipsos,ABC News | The Washington Post,2026-02-12,2026-02-17,2589,A,40,58,https://www.washingtonpost.com/documents/d1fa84e0-1aef-4fb2-b140-c872ca010279.pdf,-18,NA,-13.429889822926086,3.136842416889842e-10
trade_tariffs,Ipsos,ABC News | The Washington Post,2026-02-12,2026-02-17,2589,A,34,64,https://www.washingtonpost.com/documents/d1fa84e0-1aef-4fb2-b140-c872ca010279.pdf,-30,NA,-25.429889822926093,3.136842416889842e-10
foreign_policy,Ipsos,ABC News | The Washington Post,2026-02-12,2026-02-17,2589,A,35,62,https://www.washingtonpost.com/documents/d1fa84e0-1aef-4fb2-b140-c872ca010279.pdf,-27,NA,-22.429889822926093,3.136842416889842e-10
inflation,Ipsos,ABC News | The Washington Post,2026-02-12,2026-02-17,2589,A,32,65,https://www.washingtonpost.com/documents/d1fa84e0-1aef-4fb2-b140-c872ca010279.pdf,-33,NA,-28.4298898229261,3.136842416889842e-10
economy,Change Research,NA,2026-02-05,2026-02-18,1741,RV,41,55,https://changeresearch.com/voters-voice-frustration-and-financial-strain/,-14,NA,-18.51305221660177,6.868031806242683e-10
trade_tariffs,Change Research,NA,2026-02-05,2026-02-18,1741,RV,39,55,https://changeresearch.com/voters-voice-frustration-and-financial-strain/,-16,NA,-20.51305221660177,6.868031806242683e-10
inflation,Change Research,NA,2026-02-05,2026-02-18,1741,RV,37,59,https://changeresearch.com/voters-voice-frustration-and-financial-strain/,-22,NA,-26.51305221660177,6.868031806242683e-10
immigration,Change Research,NA,2026-02-05,2026-02-18,1741,RV,45,52,https://changeresearch.com/voters-voice-frustration-and-financial-strain/,-7,NA,-11.513052216601771,6.868031806242683e-10
crime,RMG Research,Napolitan News Service,2026-02-18,2026-02-19,1000,RV,47,49,https://napolitannews.org/posts/trumps-approval-rating-drops-on-almost-every-important-issue,-2,NA,-9.847069136431294,2.958848848886085e-10
immigration,RMG Research,Napolitan News Service,2026-02-18,2026-02-19,1000,RV,44,53,https://napolitannews.org/posts/trumps-approval-rating-drops-on-almost-every-important-issue,-9,NA,-16.847069136431294,2.958848848886085e-10
economy,RMG Research,Napolitan News Service,2026-02-18,2026-02-19,1000,RV,39,59,https://napolitannews.org/posts/trumps-approval-rating-drops-on-almost-every-important-issue,-20,NA,-27.847069136431294,2.958848848886085e-10
healthcare,RMG Research,Napolitan News Service,2026-02-18,2026-02-19,1000,RV,37,58,https://napolitannews.org/posts/trumps-approval-rating-drops-on-almost-every-important-issue,-21,NA,-28.847069136431298,2.958848848886085e-10
inflation,RMG Research,Napolitan News Service,2026-02-18,2026-02-19,1000,RV,35,64,https://napolitannews.org/posts/trumps-approval-rating-drops-on-almost-every-important-issue,-29,NA,-36.8470691364313,2.958848848886085e-10
economy,American Research Group,NA,2026-02-16,2026-02-20,1100,A,35,62,https://americanresearchgroup.com/economy/,-27,NA,-16.56684923195619,2.578715430910132e-10
economy,Verasight,Strength In Numbers,2026-02-18,2026-02-20,1566,A,37,57,https://www.gelliottmorris.com/p/ahead-of-state-of-the-union-address,-20,NA,-18.26574860140164,1.118185974471718e-10
inflation,Verasight,Strength In Numbers,2026-02-18,2026-02-20,1566,A,30,65,https://www.gelliottmorris.com/p/ahead-of-state-of-the-union-address,-35,NA,-33.26574860140165,1.118185974471718e-10
trade_tariffs,Verasight,Strength In Numbers,2026-02-18,2026-02-20,1566,A,36,57,https://www.gelliottmorris.com/p/ahead-of-state-of-the-union-address,-21,NA,-19.26574860140164,1.118185974471718e-10
foreign_policy,Verasight,Strength In Numbers,2026-02-18,2026-02-20,1566,A,36,56,https://www.gelliottmorris.com/p/ahead-of-state-of-the-union-address,-20,NA,-18.26574860140164,1.118185974471718e-10
immigration,Verasight,Strength In Numbers,2026-02-18,2026-02-20,1566,A,41,55,https://www.gelliottmorris.com/p/ahead-of-state-of-the-union-address,-14,NA,-12.26574860140164,1.118185974471718e-10
healthcare,Verasight,Strength In Numbers,2026-02-18,2026-02-20,1566,A,33,60,https://www.gelliottmorris.com/p/ahead-of-state-of-the-union-address,-27,NA,-25.26574860140164,1.118185974471718e-10
crime,Verasight,Strength In Numbers,2026-02-18,2026-02-20,1566,A,41,53,https://www.gelliottmorris.com/p/ahead-of-state-of-the-union-address,-12,NA,-10.26574860140164,1.118185974471718e-10
immigration,Morning Consult,NA,2026-02-20,2026-02-22,2202,RV,47,47,https://pro.morningconsult.com/trackers/donald-trump-congress-policy-republicans-polling,0,NA,-13.719085250761303,2.6616973512562897e-10
economy,Morning Consult,NA,2026-02-20,2026-02-22,2202,RV,43,50,https://pro.morningconsult.com/trackers/donald-trump-congress-policy-republicans-polling,-7,NA,-20.719085250761303,2.6616973512562897e-10
trade_tariffs,Morning Consult,NA,2026-02-20,2026-02-22,2202,RV,43,48,https://pro.morningconsult.com/trackers/donald-trump-congress-policy-republicans-polling,-5,NA,-18.719085250761303,2.6616973512562897e-10
foreign_policy,Morning Consult,NA,2026-02-20,2026-02-22,2202,RV,43,49,https://pro.morningconsult.com/trackers/donald-trump-congress-policy-republicans-polling,-6,NA,-19.719085250761303,2.6616973512562897e-10
healthcare,Morning Consult,NA,2026-02-20,2026-02-22,2202,RV,39,52,https://pro.morningconsult.com/trackers/donald-trump-congress-policy-republicans-polling,-13,NA,-26.719085250761303,2.6616973512562897e-10
economy,Ipsos,Reuters,2026-02-18,2026-02-23,4638,A,36,56,https://www.reuters.com/world/us/most-americans-say-trump-is-growing-erratic-with-age-reutersipsos-poll-finds-2026-02-24/,-20,NA,-15.429889822926086,6.654141760211988e-10
immigration,Ipsos,Reuters,2026-02-18,2026-02-23,4638,A,39,54,https://www.reuters.com/world/us/most-americans-say-trump-is-growing-erratic-with-age-reutersipsos-poll-finds-2026-02-24/,-15,NA,-10.429889822926086,6.654141760211988e-10
crime,Ipsos,Reuters,2026-02-18,2026-02-23,4638,A,40,49,https://www.ipsos.com/sites/default/files/ct/news/documents/2026-03/Reuters%20Ipsos%20Large%20Issue%20Topline%20Feb%202026.pdf,-9,NA,-4.429889822926086,6.654141760211988e-10
foreign_policy,Ipsos,Reuters,2026-02-18,2026-02-23,4638,A,35,53,https://www.ipsos.com/sites/default/files/ct/news/documents/2026-03/Reuters%20Ipsos%20Large%20Issue%20Topline%20Feb%202026.pdf,-18,NA,-13.429889822926086,6.654141760211988e-10
inflation,Ipsos,Reuters,2026-02-18,2026-02-23,4638,A,29,62,https://www.ipsos.com/sites/default/files/ct/news/documents/2026-03/Reuters%20Ipsos%20Large%20Issue%20Topline%20Feb%202026.pdf,-33,NA,-28.429889822926093,6.654141760211988e-10
healthcare,Ipsos,Reuters,2026-02-18,2026-02-23,4638,A,32,54,https://www.ipsos.com/sites/default/files/ct/news/documents/2026-03/Reuters%20Ipsos%20Large%20Issue%20Topline%20Feb%202026.pdf,-22,NA,-17.429889822926086,6.654141760211988e-10
foreign_policy,YouGov,The Economist,2026-02-20,2026-02-23,1551,A,37,53,https://d3nkl3psvxxpe9.cloudfront.net/documents/econTabReport_mhEVZMR.pdf,-16,NA,-17.14283126524682,3.648558621780317e-10
trade_tariffs,YouGov,The Economist,2026-02-20,2026-02-23,1551,A,33,60,https://d3nkl3psvxxpe9.cloudfront.net/documents/econTabReport_mhEVZMR.pdf,-27,NA,-28.14283126524682,3.648558621780317e-10
iran,YouGov,The Economist,2026-02-20,2026-02-23,1551,A,31,48,https://d3nkl3psvxxpe9.cloudfront.net/documents/econTabReport_mhEVZMR.pdf,-17,NA,-18.142831265246823,3.648558621780317e-10
economy,YouGov,CBS News,2026-02-20,2026-02-23,2381,A,39,61,https://www.cbsnews.com/news/trump-state-of-the-union-opinion-poll-economy-iran/,-22,NA,-23.14283126524682,4.520590076014686e-10
inflation,YouGov,CBS News,2026-02-20,2026-02-23,2381,A,34,66,https://www.cbsnews.com/news/trump-state-of-the-union-opinion-poll-economy-iran/,-32,NA,-33.14283126524682,4.520590076014686e-10
immigration,YouGov,CBS News,2026-02-20,2026-02-23,2381,A,42,58,https://www.cbsnews.com/news/trump-state-of-the-union-opinion-poll-economy-iran/,-16,NA,-17.14283126524682,4.520590076014686e-10
economy,Global Strategy Group/GBAO (Navigator Research),NA,2026-02-19,2026-02-23,1000,RV,38,60,https://navigatorresearch.org/wp-content/uploads/2026/02/Navigator-February-1-Topline-F02.23.26.pdf,-22,NA,-21.573516623170725,5.630122000305719e-10
economy,Echelon Insights,NA,2026-02-19,2026-02-23,1002,LV,43,55,https://echeloninsights.com/in-the-news/february-2026-verified-voter-omnibus/,-12,NA,-15.48860462488409,7.505686624142221e-10
immigration,Echelon Insights,NA,2026-02-19,2026-02-23,1002,LV,44,55,https://echeloninsights.com/in-the-news/february-2026-verified-voter-omnibus/,-11,NA,-14.48860462488409,7.505686624142221e-10
foreign_policy,Echelon Insights,NA,2026-02-19,2026-02-23,1002,LV,42,55,https://echeloninsights.com/in-the-news/february-2026-verified-voter-omnibus/,-13,NA,-16.48860462488409,7.505686624142221e-10
trade_tariffs,Echelon Insights,NA,2026-02-19,2026-02-23,1002,LV,37,59,https://echeloninsights.com/in-the-news/february-2026-verified-voter-omnibus/,-22,NA,-25.48860462488409,7.505686624142221e-10
healthcare,Echelon Insights,NA,2026-02-19,2026-02-23,1002,LV,38,56,https://echeloninsights.com/in-the-news/february-2026-verified-voter-omnibus/,-18,NA,-21.48860462488409,7.505686624142221e-10
crime,Harris Insights & Analytics,Harvard CAPS,2026-02-25,2026-02-26,1999,RV,51,42,https://harvardharrispoll.com/key-results-february-2026/,9,NA,0.5248576233246851,7.411893048304076e-10
immigration,Harris Insights & Analytics,Harvard CAPS,2026-02-25,2026-02-26,1999,RV,48,46,https://harvardharrispoll.com/key-results-february-2026/,2,NA,-6.475142376675315,7.411893048304076e-10
foreign_policy,Harris Insights & Analytics,Harvard CAPS,2026-02-25,2026-02-26,1999,RV,45,46,https://harvardharrispoll.com/key-results-february-2026/,-1,NA,-9.475142376675315,7.411893048304076e-10
economy,Harris Insights & Analytics,Harvard CAPS,2026-02-25,2026-02-26,1999,RV,45,49,https://harvardharrispoll.com/key-results-february-2026/,-4,NA,-12.475142376675315,7.411893048304076e-10
inflation,Harris Insights & Analytics,Harvard CAPS,2026-02-25,2026-02-26,1999,RV,44,50,https://harvardharrispoll.com/key-results-february-2026/,-6,NA,-14.475142376675315,7.411893048304076e-10
trade_tariffs,Harris Insights & Analytics,Harvard CAPS,2026-02-25,2026-02-26,1999,RV,43,50,https://harvardharrispoll.com/key-results-february-2026/,-7,NA,-15.475142376675315,7.411893048304076e-10
economy,YouGov,CBS News,2026-02-25,2026-02-27,2264,A,37,63,https://www.cbsnews.com/news/cbs-news-poll-americans-views-on-iran-prior-to-conflict/,-26,NA,-27.14283126524682,6.112788973664295e-10
inflation,YouGov,CBS News,2026-02-25,2026-02-27,2264,A,34,66,https://www.cbsnews.com/news/cbs-news-poll-americans-views-on-iran-prior-to-conflict/,-32,NA,-33.14283126524682,6.112788973664295e-10
immigration,YouGov,CBS News,2026-02-25,2026-02-27,2264,A,42,58,https://www.cbsnews.com/news/cbs-news-poll-americans-views-on-iran-prior-to-conflict/,-16,NA,-17.14283126524682,6.112788973664295e-10
iran,YouGov,CBS News,2026-02-25,2026-02-27,2264,A,43,57,https://www.cbsnews.com/news/cbs-news-poll-americans-views-on-iran-prior-to-conflict/,-14,NA,-15.14283126524682,6.112788973664295e-10
immigration,John Zogby Strategies,NA,2026-02-25,2026-02-27,1015,LV,49,47,https://johnzogbystrategies.com/presidents-approval-up-3-points-post-state-of-the-union-now-47-approve-50-disapprove-americans-split-even-on-his-iran-policy/,2,NA,-7.61724102720688,8.827041201997426e-10
inflation,John Zogby Strategies,NA,2026-02-25,2026-02-27,1015,LV,43,51,https://johnzogbystrategies.com/presidents-approval-up-3-points-post-state-of-the-union-now-47-approve-50-disapprove-americans-split-even-on-his-iran-policy/,-8,NA,-17.61724102720688,8.827041201997426e-10
crime,John Zogby Strategies,NA,2026-02-25,2026-02-27,1015,LV,50,44,https://johnzogbystrategies.com/presidents-approval-up-3-points-post-state-of-the-union-now-47-approve-50-disapprove-americans-split-even-on-his-iran-policy/,6,NA,-3.6172410272068802,8.827041201997426e-10
iran,YouGov,NA,2026-02-28,2026-02-28,1654,A,35,50,https://yougov.com/en-us/daily-results/20260228-e3449-4,-15,NA,-16.14283126524682,5.641599835720129e-10
foreign_policy,Morning Consult,NA,2026-02-28,2026-02-28,1618,RV,43,52,https://morningconsult.com/articles/trump-iran-strikes-poll,-9,NA,-22.719085250761303,3.673040164292388e-10
economy,Ipsos,Reuters,2026-02-28,2026-03-01,1282,A,35,59,https://www.ipsos.com/sites/default/files/ct/news/documents/2026-03/Reuters%20Ipsos%20Iran%20Airstrike%20Topline%203.1.2026.pdf,-24,NA,-19.429889822926086,5.544605983575746e-10
immigration,Ipsos,Reuters,2026-02-28,2026-03-01,1282,A,39,56,https://www.ipsos.com/sites/default/files/ct/news/documents/2026-03/Reuters%20Ipsos%20Iran%20Airstrike%20Topline%203.1.2026.pdf,-17,NA,-12.429889822926086,5.544605983575746e-10
inflation,Ipsos,Reuters,2026-02-28,2026-03-01,1282,A,29,65,https://www.ipsos.com/sites/default/files/ct/news/documents/2026-03/Reuters%20Ipsos%20Iran%20Airstrike%20Topline%203.1.2026.pdf,-36,NA,-31.4298898229261,5.544605983575746e-10
crime,Ipsos,Reuters,2026-02-28,2026-03-01,1282,A,39,51,https://www.ipsos.com/sites/default/files/ct/news/documents/2026-03/Reuters%20Ipsos%20Iran%20Airstrike%20Topline%203.1.2026.pdf,-12,NA,-7.429889822926086,5.544605983575746e-10
foreign_policy,Ipsos,Reuters,2026-02-28,2026-03-01,1282,A,35,56,https://www.ipsos.com/sites/default/files/ct/news/documents/2026-03/Reuters%20Ipsos%20Iran%20Airstrike%20Topline%203.1.2026.pdf,-21,NA,-16.429889822926086,5.544605983575746e-10
healthcare,YouGov,The Economist,2026-02-27,2026-03-02,1515,A,33,59,https://d3nkl3psvxxpe9.cloudfront.net/documents/econTabReport_ubu5DXD.pdf,-26,NA,-27.14283126524682,6.295170663867186e-10
economy,YouGov,The Economist,2026-02-27,2026-03-02,1515,A,37,58,https://d3nkl3psvxxpe9.cloudfront.net/documents/econTabReport_ubu5DXD.pdf,-21,NA,-22.14283126524682,6.295170663867186e-10
inflation,YouGov,The Economist,2026-02-27,2026-03-02,1515,A,31,63,https://d3nkl3psvxxpe9.cloudfront.net/documents/econTabReport_ubu5DXD.pdf,-32,NA,-33.142831265246826,6.295170663867186e-10
foreign_policy,Beacon Research/Shaw & Co. Research,FOX News,2026-02-28,2026-03-02,1004,RV,40,60,https://static.foxnews.com/foxnews.com/content/uploads/2026/03/fox_feb.-28-mar.-2-2026_national_topline_march-3-release.pdf,-20,NA,-16.875018758966696,1.5310795263557946e-9
iran,Hart Research Associates/Public Opinion Strategies,NBC News,2026-02-27,2026-03-03,1000,RV,41,54,https://www.nbcnews.com/politics/trump-administration/poll-majority-voters-disapproves-trump-handled-iran-rcna261564,-13,NA,-17.08453568786684,2.1832250957764222e-9
immigration,Hart Research Associates/Public Opinion Strategies,NBC News,2026-02-27,2026-03-03,1000,RV,44,54,https://www.nbcnews.com/politics/2026-election/poll-trump-struggles-immigration-prices-iran-democrats-midterm-edge-rcna261861,-10,NA,-14.08453568786684,2.1832250957764222e-9
foreign_policy,Hart Research Associates/Public Opinion Strategies,NBC News,2026-02-27,2026-03-03,1000,RV,43,54,https://www.nbcnews.com/politics/2026-election/poll-trump-struggles-immigration-prices-iran-democrats-midterm-edge-rcna261861,-11,NA,-15.08453568786684,2.1832250957764222e-9
inflation,Hart Research Associates/Public Opinion Strategies,NBC News,2026-02-27,2026-03-03,1000,RV,36,62,https://www.nbcnews.com/politics/2026-election/poll-trump-struggles-immigration-prices-iran-democrats-midterm-edge-rcna261861,-26,NA,-30.084535687866843,2.1832250957764222e-9
iran,RMG Research,Napolitan News Service,2026-03-02,2026-03-03,1000,RV,42,49,https://napolitannews.org/posts/support-for-iran-unchanged-optimism-lowers,-7,NA,-14.847069136431294,7.432292276404702e-10
immigration,Quantus Insights,NA,2026-03-02,2026-03-03,1624,LV,45.4,53.7,https://quantusinsights.org/f/latest-survey-the-hardening-of-american-opinion,-8.3,NA,-14.249004119911334,9.642414129543246e-10
inflation,Quantus Insights,NA,2026-03-02,2026-03-03,1624,LV,40.4,54.6,https://quantusinsights.org/f/latest-survey-the-hardening-of-american-opinion,-14.2,NA,-20.149004119911332,9.642414129543246e-10
crime,Quantus Insights,NA,2026-03-02,2026-03-03,1624,LV,45.5,51.2,https://quantusinsights.org/f/latest-survey-the-hardening-of-american-opinion,-5.7,NA,-11.649004119911332,9.642414129543246e-10
economy,Marist College,NPR | PBS News,2026-03-02,2026-03-04,1591,A,35,58,https://maristpoll.marist.edu/polls/election-security-march-2026/,-23,NA,-18.444127380785893,4.449959507472646e-9
immigration,Marist College,NPR | PBS News,2026-03-02,2026-03-04,1591,A,40,57,https://maristpoll.marist.edu/polls/election-security-march-2026/,-17,NA,-12.444127380785893,4.449959507472646e-9
iran,RMG Research,Napolitan News Service,2026-03-04,2026-03-04,1000,RV,46,50,https://napolitannews.org/posts/views-on-iran-remain-largely-unmoved-though-opposition-creeps-up,-4,NA,-11.847069136431294,8.025204599221868e-10
trade_tariffs,Angus Reid Global,NA,2026-03-02,2026-03-05,1529,A,30,57,https://angusreid.org/tariffs-trade-trump-maga-canada-uscma-nafta-carney/,-27,NA,-38.69425475074864,6.065850978839736e-9
inflation,Angus Reid Global,NA,2026-03-02,2026-03-05,1529,A,40,45,https://angusreid.org/tariffs-trade-trump-maga-canada-uscma-nafta-carney/,-5,NA,-16.69425475074864,6.065850978839736e-9
healthcare,Angus Reid Global,NA,2026-03-02,2026-03-05,1529,A,41,43,https://angusreid.org/tariffs-trade-trump-maga-canada-uscma-nafta-carney/,-2,NA,-13.694254750748641,6.065850978839736e-9
economy,OH Predictive Insights,The Center Square,2026-03-02,2026-03-05,2659,RV,45,52,https://www.thecentersquare.com/national/article_c3795c17-be14-4566-a625-eb38b4ffc1bf.html,-7,NA,-12.054307507894805,9.480101540380728e-9
inflation,Clarity Campaign Labs,NA,2026-02-26,2026-03-07,1004,LV,35,58,https://www.claritycampaigns.com/clarity-omnibus-2026-mar,-23,NA,-26.735842035506188,1.6631165133078156e-9
healthcare,Clarity Campaign Labs,NA,2026-02-26,2026-03-07,1004,LV,37,55,https://www.claritycampaigns.com/clarity-omnibus-2026-mar,-18,NA,-21.735842035506188,1.6631165133078156e-9
economy,Clarity Campaign Labs,NA,2026-02-26,2026-03-07,1004,LV,42,52,https://www.claritycampaigns.com/clarity-omnibus-2026-mar,-10,NA,-13.735842035506188,1.6631165133078156e-9
immigration,Clarity Campaign Labs,NA,2026-02-26,2026-03-07,1004,LV,45,49,https://www.claritycampaigns.com/clarity-omnibus-2026-mar,-4,NA,-7.735842035506188,1.6631165133078156e-9
immigration,Morning Consult,NA,2026-03-06,2026-03-08,2202,RV,48,46,https://pro.morningconsult.com/trackers/donald-trump-congress-policy-republicans-polling,2,NA,-11.719085250761303,8.07986919579282e-10
foreign_policy,Morning Consult,NA,2026-03-06,2026-03-08,2202,RV,45,47,https://pro.morningconsult.com/trackers/donald-trump-congress-policy-republicans-polling,-2,NA,-15.719085250761303,8.07986919579282e-10
trade_tariffs,Morning Consult,NA,2026-03-06,2026-03-08,2202,RV,44,47,https://pro.morningconsult.com/trackers/donald-trump-congress-policy-republicans-polling,-3,NA,-16.719085250761303,8.07986919579282e-10
economy,Morning Consult,NA,2026-03-06,2026-03-08,2202,RV,43,50,https://pro.morningconsult.com/trackers/donald-trump-congress-policy-republicans-polling,-7,NA,-20.719085250761303,8.07986919579282e-10
healthcare,Morning Consult,NA,2026-03-06,2026-03-08,2202,RV,41,51,https://pro.morningconsult.com/trackers/donald-trump-congress-policy-republicans-polling,-10,NA,-23.719085250761303,8.07986919579282e-10
foreign_policy,Quinnipiac University,NA,2026-03-06,2026-03-08,1002,RV,40,57,https://poll.qu.edu/poll-release?releaseid=3952,-17,NA,-14.93666773944264,2.0663763872353497e-9
economy,Quinnipiac University,NA,2026-03-06,2026-03-08,1002,RV,39,58,https://poll.qu.edu/poll-release?releaseid=3952,-19,NA,-16.93666773944264,2.0663763872353497e-9
iran,Quinnipiac University,NA,2026-03-06,2026-03-08,1002,RV,38,57,https://poll.qu.edu/poll-release?releaseid=3952,-19,NA,-16.93666773944264,2.0663763872353497e-9
economy,YouGov,The Economist,2026-03-06,2026-03-09,1563,A,37,58,https://d3nkl3psvxxpe9.cloudfront.net/documents/econTabReport_EcCnfRV.pdf,-21,NA,-22.14283126524682,1.1032498699769692e-9
inflation,YouGov,The Economist,2026-03-06,2026-03-09,1563,A,33,62,https://d3nkl3psvxxpe9.cloudfront.net/documents/econTabReport_EcCnfRV.pdf,-29,NA,-30.14283126524682,1.1032498699769692e-9
immigration,YouGov,The Economist,2026-03-06,2026-03-09,1563,A,45,52,https://d3nkl3psvxxpe9.cloudfront.net/documents/econTabReport_EcCnfRV.pdf,-7,NA,-8.14283126524682,1.1032498699769692e-9
foreign_policy,YouGov,The Economist,2026-03-06,2026-03-09,1563,A,39,54,https://d3nkl3psvxxpe9.cloudfront.net/documents/econTabReport_EcCnfRV.pdf,-15,NA,-16.14283126524682,1.1032498699769692e-9
immigration,Focaldata,NA,2026-03-06,2026-03-10,1782,A,39,46,https://www.focaldata.com/blog/democrats-increase-lead-and-rubio-stock-surges-amid-iran-war,-7,NA,-4.274378851843892,1.8672027537222643e-9
foreign_policy,Focaldata,NA,2026-03-06,2026-03-10,1782,A,33,47,https://www.focaldata.com/blog/democrats-increase-lead-and-rubio-stock-surges-amid-iran-war,-14,NA,-11.274378851843892,1.8672027537222643e-9
iran,Focaldata,NA,2026-03-06,2026-03-10,1782,A,32,48,https://www.focaldata.com/blog/democrats-increase-lead-and-rubio-stock-surges-amid-iran-war,-16,NA,-13.274378851843892,1.8672027537222643e-9
economy,Focaldata,NA,2026-03-06,2026-03-10,1782,A,31,50,https://www.focaldata.com/blog/democrats-increase-lead-and-rubio-stock-surges-amid-iran-war,-19,NA,-16.274378851843892,1.8672027537222643e-9
healthcare,Focaldata,NA,2026-03-06,2026-03-10,1782,A,27,51,https://www.focaldata.com/blog/democrats-increase-lead-and-rubio-stock-surges-amid-iran-war,-24,NA,-21.274378851843892,1.8672027537222643e-9
inflation,Focaldata,NA,2026-03-06,2026-03-10,1782,A,27,56,https://www.focaldata.com/blog/democrats-increase-lead-and-rubio-stock-surges-amid-iran-war,-29,NA,-26.274378851843892,1.8672027537222643e-9
immigration,Change Research,NA,2026-03-08,2026-03-12,1540,RV,48,51,https://portal.changeresearch.com/portal/projects/61cdcd30-3c32-4785-9ccb-5fe82cb36389,-3,NA,-10.405887280434733,4.943580423400314e-9
economy,Change Research,NA,2026-03-08,2026-03-12,1540,RV,39,58,https://portal.changeresearch.com/portal/projects/61cdcd30-3c32-4785-9ccb-5fe82cb36389,-19,NA,-26.405887280434733,4.943580423400314e-9
trade_tariffs,Change Research,NA,2026-03-08,2026-03-12,1540,RV,40,56,https://portal.changeresearch.com/portal/projects/61cdcd30-3c32-4785-9ccb-5fe82cb36389,-16,NA,-23.405887280434733,4.943580423400314e-9
inflation,Change Research,NA,2026-03-08,2026-03-12,1540,RV,36,62,https://portal.changeresearch.com/portal/projects/61cdcd30-3c32-4785-9ccb-5fe82cb36389,-26,NA,-33.405887280434726,4.943580423400314e-9
iran,RMG Research,Napolitan News Service,2026-03-11,2026-03-12,1000,RV,39,60,https://napolitannews.org/posts/while-iran-approval-is-down-perceptions-of-israel-are-up,-21,NA,-28.847069136431294,1.545535759767341e-9
economy,YouGov,Yahoo News,2026-03-12,2026-03-13,1699,A,32,61,https://www.yahoo.com/news/politics/article/poll-66-of-americans-disapprove-of-trump-on-gas-prices-as-they-feel-effects-of-iran-war-120000483.html,-29,NA,-30.142831265246823,1.6038663792823453e-9
immigration,YouGov,Yahoo News,2026-03-12,2026-03-13,1699,A,43,53,https://www.yahoo.com/news/politics/article/poll-66-of-americans-disapprove-of-trump-on-gas-prices-as-they-feel-effects-of-iran-war-120000483.html,-10,NA,-11.14283126524682,1.6038663792823453e-9
iran,YouGov,Yahoo News,2026-03-12,2026-03-13,1699,A,36,55,https://www.yahoo.com/news/politics/article/poll-66-of-americans-disapprove-of-trump-on-gas-prices-as-they-feel-effects-of-iran-war-120000483.html,-19,NA,-20.14283126524682,1.6038663792823453e-9
foreign_policy,YouGov,Yahoo News,2026-03-12,2026-03-13,1699,A,35,56,https://www.yahoo.com/news/politics/article/poll-66-of-americans-disapprove-of-trump-on-gas-prices-as-they-feel-effects-of-iran-war-120000483.html,-21,NA,-22.14283126524682,1.6038663792823453e-9
inflation,YouGov,Yahoo News,2026-03-12,2026-03-13,1699,A,26,67,https://www.yahoo.com/news/politics/article/poll-66-of-americans-disapprove-of-trump-on-gas-prices-as-they-feel-effects-of-iran-war-120000483.html,-41,NA,-42.142831265246826,1.6038663792823453e-9
economy,Global Strategy Group/GBAO (Navigator Research),NA,2026-03-12,2026-03-16,1000,A,39,60,https://navigatorresearch.org/perceptions-and-concerns-about-trumps-war-against-iran/,-21,NA,-20.59671319666566,2.9035519289518597e-9
crime,YouGov,The Economist,2026-03-13,2026-03-16,1595,A,43,47,https://d3nkl3psvxxpe9.cloudfront.net/documents/econTabReport_CwWXhS2.pdf,-4,NA,-5.142831265246819,2.0003427455369894e-9
immigration,YouGov,The Economist,2026-03-13,2026-03-16,1595,A,43,52,https://d3nkl3psvxxpe9.cloudfront.net/documents/econTabReport_CwWXhS2.pdf,-9,NA,-10.14283126524682,2.0003427455369894e-9
iran,YouGov,The Economist,2026-03-13,2026-03-16,1595,A,36,56,https://d3nkl3psvxxpe9.cloudfront.net/documents/econTabReport_CwWXhS2.pdf,-20,NA,-21.14283126524682,2.0003427455369894e-9
immigration,Morning Consult,NA,2026-03-13,2026-03-16,2201,RV,48,46,https://pro.morningconsult.com/trackers/donald-trump-congress-policy-republicans-polling,2,NA,-11.719085250761303,1.5311443131912232e-9
trade_tariffs,Morning Consult,NA,2026-03-13,2026-03-16,2201,RV,44,47,https://pro.morningconsult.com/trackers/donald-trump-congress-policy-republicans-polling,-3,NA,-16.719085250761303,1.5311443131912232e-9
foreign_policy,Morning Consult,NA,2026-03-13,2026-03-16,2201,RV,43,48,https://pro.morningconsult.com/trackers/donald-trump-congress-policy-republicans-polling,-5,NA,-18.719085250761303,1.5311443131912232e-9
economy,Morning Consult,NA,2026-03-13,2026-03-16,2201,RV,42,50,https://pro.morningconsult.com/trackers/donald-trump-congress-policy-republicans-polling,-8,NA,-21.719085250761303,1.5311443131912232e-9
healthcare,Morning Consult,NA,2026-03-13,2026-03-16,2201,RV,40,50,https://pro.morningconsult.com/trackers/donald-trump-congress-policy-republicans-polling,-10,NA,-23.719085250761303,1.5311443131912232e-9
economy,Echelon Insights,NA,2026-03-12,2026-03-16,1033,LV,38,59,https://echelonin.wpenginepowered.com/wp-content/uploads/March-2026-Omnibus-Topline-External.pdf,-21,NA,-24.48860462488409,4.184054673803017e-9
immigration,Echelon Insights,NA,2026-03-12,2026-03-16,1033,LV,43,55,https://echelonin.wpenginepowered.com/wp-content/uploads/March-2026-Omnibus-Topline-External.pdf,-12,NA,-15.48860462488409,4.184054673803017e-9
foreign_policy,Echelon Insights,NA,2026-03-12,2026-03-16,1033,LV,38,59,https://echelonin.wpenginepowered.com/wp-content/uploads/March-2026-Omnibus-Topline-External.pdf,-21,NA,-24.48860462488409,4.184054673803017e-9
iran,RMG Research,Napolitan News Service,2026-03-16,2026-03-17,1000,RV,40,51,https://napolitannews.org/posts/dip-in-iran-war-interest-fluke,-11,NA,-18.847069136431294,2.2685362562702186e-9
economy,The Argument/Verasight,NA,2026-03-12,2026-03-17,1519,RV,39,58,https://substack.com/inbox/post/191802614,-19,NA,-19.03715257783847,5.462209041085332e-9
economy,The Winston Group,Winning the Issues,2026-03-15,2026-03-17,1000,RV,36,60,https://www.winningtheissues.org/wp-content/uploads/2026/04/March-2026-Winning-the-Issues-Survey.pdf,-24,REP,-25.86268054420711,7.605386563493765e-9
inflation,The Winston Group,Winning the Issues,2026-03-15,2026-03-17,1000,RV,33,61,https://www.winningtheissues.org/wp-content/uploads/2026/04/March-2026-Winning-the-Issues-Survey.pdf,-28,REP,-29.86268054420711,7.605386563493765e-9
economy,Verasight,Strength In Numbers,2026-03-16,2026-03-18,1530,A,36,59,https://www.gelliottmorris.com/p/2026-03-24-march-sin-verasight-poll-main-release,-23,NA,-21.26574860140164,8.727494076596736e-10
inflation,Verasight,Strength In Numbers,2026-03-16,2026-03-18,1530,A,28,67,https://www.gelliottmorris.com/p/2026-03-24-march-sin-verasight-poll-main-release,-39,NA,-37.26574860140165,8.727494076596736e-10
trade_tariffs,Verasight,Strength In Numbers,2026-03-16,2026-03-18,1530,A,35,59,https://www.gelliottmorris.com/p/2026-03-24-march-sin-verasight-poll-main-release,-24,NA,-22.26574860140164,8.727494076596736e-10
foreign_policy,Verasight,Strength In Numbers,2026-03-16,2026-03-18,1530,A,36,59,https://www.gelliottmorris.com/p/2026-03-24-march-sin-verasight-poll-main-release,-23,NA,-21.26574860140164,8.727494076596736e-10
immigration,Verasight,Strength In Numbers,2026-03-16,2026-03-18,1530,A,42,54,https://www.gelliottmorris.com/p/2026-03-24-march-sin-verasight-poll-main-release,-12,NA,-10.26574860140164,8.727494076596736e-10
healthcare,Verasight,Strength In Numbers,2026-03-16,2026-03-18,1530,A,33,61,https://www.gelliottmorris.com/p/2026-03-24-march-sin-verasight-poll-main-release,-28,NA,-26.26574860140164,8.727494076596736e-10
crime,Verasight,Strength In Numbers,2026-03-16,2026-03-18,1530,A,42,52,https://www.gelliottmorris.com/p/2026-03-24-march-sin-verasight-poll-main-release,-10,NA,-8.26574860140164,8.727494076596736e-10
economy,Ipsos,Reuters,2026-03-17,2026-03-19,1545,A,35,58,https://www.reuters.com/world/middle-east/americans-believe-trump-will-send-troops-into-iran-dont-like-idea-reutersipsos-2026-03-19/,-23,NA,-18.429889822926086,2.656977055911136e-9
immigration,Ipsos,Reuters,2026-03-17,2026-03-19,1545,A,42,52,https://www.reuters.com/world/middle-east/americans-believe-trump-will-send-troops-into-iran-dont-like-idea-reutersipsos-2026-03-19/,-10,NA,-5.429889822926086,2.656977055911136e-9
crime,Ipsos,Reuters,2026-03-17,2026-03-19,1545,A,42,47,https://www.ipsos.com/en-us/americans-think-its-likely-us-will-send-troops-iran,-5,NA,-0.4298898229260857,2.656977055911136e-9
foreign_policy,Ipsos,Reuters,2026-03-17,2026-03-19,1545,A,34,56,https://www.ipsos.com/en-us/americans-think-its-likely-us-will-send-troops-iran,-22,NA,-17.429889822926086,2.656977055911136e-9
inflation,Ipsos,Reuters,2026-03-17,2026-03-19,1545,A,29,63,https://www.ipsos.com/en-us/americans-think-its-likely-us-will-send-troops-iran,-34,NA,-29.429889822926093,2.656977055911136e-9
crime,RMG Research,Napolitan News Service,2026-03-16,2026-03-19,1000,RV,49,48,https://napolitannews.org/posts/trumps-approval-largely-unchanged-on-key-issues-from-february-lows,1,NA,-6.847069136431294,2.6917354525806086e-9
immigration,RMG Research,Napolitan News Service,2026-03-16,2026-03-19,1000,RV,46,53,https://napolitannews.org/posts/trumps-approval-largely-unchanged-on-key-issues-from-february-lows,-7,NA,-14.847069136431294,2.6917354525806086e-9
healthcare,RMG Research,Napolitan News Service,2026-03-16,2026-03-19,1000,RV,43,54,https://napolitannews.org/posts/trumps-approval-largely-unchanged-on-key-issues-from-february-lows,-11,NA,-18.847069136431294,2.6917354525806086e-9
economy,RMG Research,Napolitan News Service,2026-03-16,2026-03-19,1000,RV,41,59,https://napolitannews.org/posts/trumps-approval-largely-unchanged-on-key-issues-from-february-lows,-18,NA,-25.847069136431294,2.6917354525806086e-9
inflation,RMG Research,Napolitan News Service,2026-03-16,2026-03-19,1000,RV,37,61,https://napolitannews.org/posts/trumps-approval-largely-unchanged-on-key-issues-from-february-lows,-24,NA,-31.847069136431298,2.6917354525806086e-9
iran,RMG Research,Napolitan News Service,2026-03-18,2026-03-19,1000,RV,42,57,https://napolitannews.org/posts/iran-becomes-most-followed-story-in-years-amidst-chaos-disapproval-at-57-percent,-15,NA,-22.847069136431294,2.6917354525806086e-9
iran,John Zogby Strategies,NA,2026-03-17,2026-03-19,1000,LV,43,52,https://johnzogbystrategies.com/decisive-poll-on-war-with-iran/,-9,NA,-17.687157614573863,4.431651579566994e-9
economy,John Zogby Strategies,NA,2026-03-17,2026-03-19,1000,LV,41,55,https://johnzogbystrategies.com/decisive-poll-on-war-with-iran/,-14,NA,-22.687157614573863,4.431651579566994e-9
trade_tariffs,John Zogby Strategies,NA,2026-03-17,2026-03-19,1000,LV,40,54,https://johnzogbystrategies.com/decisive-poll-on-war-with-iran/,-14,NA,-22.687157614573863,4.431651579566994e-9
economy,American Research Group,NA,2026-03-16,2026-03-20,1100,A,33,64,https://americanresearchgroup.com/economy/,-31,NA,-20.56684923195619,2.3889669810236774e-9
economy,YouGov,CBS News,2026-03-17,2026-03-20,3335,A,36,64,https://www.cbsnews.com/news/opinion-poll-iran-war-regime-2028-03-22/,-28,NA,-29.14283126524682,3.986665318195287e-9
inflation,YouGov,CBS News,2026-03-17,2026-03-20,3335,A,33,67,https://www.cbsnews.com/news/opinion-poll-iran-war-regime-2028-03-22/,-34,NA,-35.14283126524682,3.986665318195287e-9
immigration,YouGov,CBS News,2026-03-17,2026-03-20,3335,A,45,55,https://www.cbsnews.com/news/opinion-poll-iran-war-regime-2028-03-22/,-10,NA,-11.14283126524682,3.986665318195287e-9
iran,YouGov,CBS News,2026-03-17,2026-03-20,3335,A,38,62,https://www.cbsnews.com/news/opinion-poll-iran-war-regime-2028-03-22/,-24,NA,-25.14283126524682,3.986665318195287e-9
crime,Impact Research/BSP Research,Third Way | UnidosUS,2026-03-10,2026-03-20,1000,LV,47,49,https://www.thirdway.org/memo/president-trumps-immigration-problem,-2,NA,-4.702056296376853,3.2212824200707793e-9
immigration,Impact Research/BSP Research,Third Way | UnidosUS,2026-03-10,2026-03-20,1000,LV,44,54,https://www.thirdway.org/memo/president-trumps-immigration-problem,-10,NA,-12.702056296376853,3.2212824200707793e-9
economy,Impact Research/BSP Research,Third Way | UnidosUS,2026-03-10,2026-03-20,1000,LV,40,59,https://www.thirdway.org/memo/president-trumps-immigration-problem,-19,NA,-21.702056296376853,3.2212824200707793e-9
immigration,Morning Consult,NA,2026-03-20,2026-03-22,2202,RV,47,46,https://pro.morningconsult.com/trackers/donald-trump-congress-policy-republicans-polling,1,NA,-12.719085250761303,2.427251408244583e-9
foreign_policy,Morning Consult,NA,2026-03-20,2026-03-22,2202,RV,44,47,https://pro.morningconsult.com/trackers/donald-trump-congress-policy-republicans-polling,-3,NA,-16.719085250761303,2.427251408244583e-9
trade_tariffs,Morning Consult,NA,2026-03-20,2026-03-22,2202,RV,43,47,https://pro.morningconsult.com/trackers/donald-trump-congress-policy-republicans-polling,-4,NA,-17.719085250761303,2.427251408244583e-9
economy,Morning Consult,NA,2026-03-20,2026-03-22,2202,RV,42,51,https://pro.morningconsult.com/trackers/donald-trump-congress-policy-republicans-polling,-9,NA,-22.719085250761303,2.427251408244583e-9
healthcare,Morning Consult,NA,2026-03-20,2026-03-22,2202,RV,41,51,https://pro.morningconsult.com/trackers/donald-trump-congress-policy-republicans-polling,-10,NA,-23.719085250761303,2.427251408244583e-9
economy,AP-NORC,NA,2026-03-19,2026-03-23,1150,A,38,61,https://apnorc.org/projects/most-say-the-united-states-recent-military-actions-against-iran-have-gone-too-far/,-23,NA,-15.073738280560889,1.6437232669037512e-9
trade_tariffs,AP-NORC,NA,2026-03-19,2026-03-23,1150,A,38,61,https://apnorc.org/projects/most-say-the-united-states-recent-military-actions-against-iran-have-gone-too-far/,-23,NA,-15.073738280560889,1.6437232669037512e-9
foreign_policy,AP-NORC,NA,2026-03-19,2026-03-23,1150,A,34,64,https://apnorc.org/projects/most-say-the-united-states-recent-military-actions-against-iran-have-gone-too-far/,-30,NA,-22.07373828056089,1.6437232669037512e-9
iran,AP-NORC,NA,2026-03-19,2026-03-23,1150,A,35,63,https://apnorc.org/projects/most-say-the-united-states-recent-military-actions-against-iran-have-gone-too-far/,-28,NA,-20.07373828056089,1.6437232669037512e-9
economy,Ipsos,Reuters,2026-03-20,2026-03-23,1272,A,29,62,https://www.ipsos.com/en-us/economy-and-foreign-conflicts-now-publics-top-two-issue-concerns,-33,NA,-28.429889822926093,3.277181172982828e-9
immigration,Ipsos,Reuters,2026-03-20,2026-03-23,1272,A,40,53,https://www.ipsos.com/en-us/economy-and-foreign-conflicts-now-publics-top-two-issue-concerns,-13,NA,-8.429889822926086,3.277181172982828e-9
crime,Ipsos,Reuters,2026-03-20,2026-03-23,1272,A,39,49,https://www.ipsos.com/en-us/economy-and-foreign-conflicts-now-publics-top-two-issue-concerns,-10,NA,-5.429889822926086,3.277181172982828e-9
foreign_policy,Ipsos,Reuters,2026-03-20,2026-03-23,1272,A,31,58,https://www.ipsos.com/en-us/economy-and-foreign-conflicts-now-publics-top-two-issue-concerns,-27,NA,-22.429889822926086,3.277181172982828e-9
inflation,Ipsos,Reuters,2026-03-20,2026-03-23,1272,A,23,68,https://www.ipsos.com/en-us/economy-and-foreign-conflicts-now-publics-top-two-issue-concerns,-45,NA,-40.4298898229261,3.277181172982828e-9
foreign_policy,YouGov,The Economist,2026-03-20,2026-03-23,1665,A,37,54,https://d3nkl3psvxxpe9.cloudfront.net/documents/econTabReport_o84FoNw.pdf,-17,NA,-18.14283126524682,3.546246970794115e-9
trade_tariffs,YouGov,The Economist,2026-03-20,2026-03-23,1665,A,34,59,https://d3nkl3psvxxpe9.cloudfront.net/documents/econTabReport_o84FoNw.pdf,-25,NA,-26.14283126524682,3.546246970794115e-9
economy,YouGov,The Economist,2026-03-20,2026-03-23,1665,A,35,60,https://d3nkl3psvxxpe9.cloudfront.net/documents/econTabReport_o84FoNw.pdf,-25,NA,-26.14283126524682,3.546246970794115e-9
inflation,YouGov,The Economist,2026-03-20,2026-03-23,1665,A,30,64,https://d3nkl3psvxxpe9.cloudfront.net/documents/econTabReport_o84FoNw.pdf,-34,NA,-35.142831265246826,3.546246970794115e-9
iran,YouGov,The Economist,2026-03-20,2026-03-23,1665,A,36,55,https://d3nkl3psvxxpe9.cloudfront.net/documents/econTabReport_o84FoNw.pdf,-19,NA,-20.14283126524682,3.546246970794115e-9
foreign_policy,Beacon Research/Shaw & Co. Research,FOX News,2026-03-20,2026-03-23,1001,RV,38,62,https://www.foxnews.com/politics/fox-news-poll-voters-oppose-action-iran-give-u-s-military-positive-marks,-24,NA,-20.875018758966696,7.851318237962436e-9
iran,Beacon Research/Shaw & Co. Research,FOX News,2026-03-20,2026-03-23,1001,RV,36,64,https://www.foxnews.com/politics/fox-news-poll-voters-oppose-action-iran-give-u-s-military-positive-marks,-28,NA,-24.875018758966696,7.851318237962436e-9
economy,Quinnipiac University,NA,2026-03-19,2026-03-23,1191,RV,38,58,https://poll.qu.edu/poll-release?releaseid=3953,-20,NA,-17.93666773944264,7.616008567273191e-9
foreign_policy,Quinnipiac University,NA,2026-03-19,2026-03-23,1191,RV,36,59,https://poll.qu.edu/poll-release?releaseid=3953,-23,NA,-20.93666773944264,7.616008567273191e-9
iran,Quinnipiac University,NA,2026-03-19,2026-03-23,1191,RV,34,59,https://poll.qu.edu/poll-release?releaseid=3953,-25,NA,-22.93666773944264,7.616008567273191e-9
iran,RMG Research,Napolitan News Service,2026-03-23,2026-03-24,1000,RV,42,53,https://napolitannews.org/posts/31-percent-say-iran-fighting-will-end-in-the-next-few-weeks,-11,NA,-18.847069136431294,3.950927325930172e-9
inflation,University of Massachusetts (Amherst),NA,2026-03-20,2026-03-25,1000,A,24,71,https://www.umass.edu/political-science/about/reports/2026-0,-47,NA,-38.48346265563313,1.0044117755212206e-8
immigration,University of Massachusetts (Amherst),NA,2026-03-20,2026-03-25,1000,A,35,60,https://www.umass.edu/political-science/about/reports/2026-0,-25,NA,-16.48346265563312,1.0044117755212206e-8
trade_tariffs,University of Massachusetts (Amherst),NA,2026-03-20,2026-03-25,1000,A,28,64,https://www.umass.edu/political-science/about/reports/2026-0,-36,NA,-27.48346265563312,1.0044117755212206e-8
iran,University of Massachusetts (Amherst),NA,2026-03-20,2026-03-25,1000,A,29,63,https://www.umass.edu/political-science/about/reports/2026-0,-34,NA,-25.48346265563312,1.0044117755212206e-8
foreign_policy,Harris Insights & Analytics,Harvard CAPS,2026-03-25,2026-03-26,2009,RV,41,59,https://harvardharrispoll.com/key-results-march-2026/,-18,NA,-26.475142376675315,6.8577332573288205e-9
economy,Harris Insights & Analytics,Harvard CAPS,2026-03-25,2026-03-26,2009,RV,40,60,https://harvardharrispoll.com/key-results-march-2026/,-20,NA,-28.475142376675308,6.8577332573288205e-9
immigration,Harris Insights & Analytics,Harvard CAPS,2026-03-25,2026-03-26,2009,RV,46,54,https://harvardharrispoll.com/key-results-march-2026/,-8,NA,-16.475142376675315,6.8577332573288205e-9
crime,Harris Insights & Analytics,Harvard CAPS,2026-03-25,2026-03-26,2009,RV,47,53,https://harvardharrispoll.com/key-results-march-2026/,-6,NA,-14.475142376675315,6.8577332573288205e-9
iran,Harris Insights & Analytics,Harvard CAPS,2026-03-25,2026-03-26,2009,RV,51,49,https://harvardharrispoll.com/key-results-march-2026/,2,NA,-6.475142376675315,6.8577332573288205e-9
iran,RMG Research,Napolitan News Service,2026-03-25,2026-03-26,1000,RV,40,54,https://napolitannews.org/posts/expectations-of-success-in-iran-hit-low-as-voters-expect-a-long-stay,-14,NA,-21.847069136431294,4.606443067316917e-9
immigration,Morning Consult,NA,2026-03-27,2026-03-29,2203,RV,49,45,https://pro.morningconsult.com/trackers/donald-trump-congress-policy-republicans-polling,4,NA,-9.719085250761303,4.248144334992015e-9
trade_tariffs,Morning Consult,NA,2026-03-27,2026-03-29,2203,RV,44,47,https://pro.morningconsult.com/trackers/donald-trump-congress-policy-republicans-polling,-3,NA,-16.719085250761303,4.248144334992015e-9
foreign_policy,Morning Consult,NA,2026-03-27,2026-03-29,2203,RV,44,48,https://pro.morningconsult.com/trackers/donald-trump-congress-policy-republicans-polling,-4,NA,-17.719085250761303,4.248144334992015e-9
economy,Morning Consult,NA,2026-03-27,2026-03-29,2203,RV,42,52,https://pro.morningconsult.com/trackers/donald-trump-congress-policy-republicans-polling,-10,NA,-23.719085250761303,4.248144334992015e-9
healthcare,Morning Consult,NA,2026-03-27,2026-03-29,2203,RV,41,51,https://pro.morningconsult.com/trackers/donald-trump-congress-policy-republicans-polling,-10,NA,-23.719085250761303,4.248144334992015e-9
economy,SSRS,CNN,2026-03-26,2026-03-30,1201,A,31,69,https://www.cnn.com/2026/04/01/politics/cnn-poll-trump-approval-rating-economy,-38,NA,-27.521544714213057,7.528542459497851e-9
immigration,SSRS,CNN,2026-03-26,2026-03-30,1201,A,41,59,https://www.cnn.com/2026/04/01/politics/cnn-poll-trump-approval-rating-economy,-18,NA,-7.521544714213057,7.528542459497851e-9
foreign_policy,SSRS,CNN,2026-03-26,2026-03-30,1201,A,36,64,https://www.cnn.com/2026/04/01/politics/cnn-poll-trump-approval-rating-economy,-28,NA,-17.521544714213057,7.528542459497851e-9
inflation,SSRS,CNN,2026-03-26,2026-03-30,1201,A,27,72,https://www.cnn.com/2026/04/01/politics/cnn-poll-trump-approval-rating-economy,-45,NA,-34.521544714213064,7.528542459497851e-9
healthcare,SSRS,CNN,2026-03-26,2026-03-30,1201,A,34,65,https://www.cnn.com/2026/04/01/politics/cnn-poll-trump-approval-rating-economy,-31,NA,-20.521544714213057,7.528542459497851e-9
iran,YouGov,The Economist,2026-03-27,2026-03-30,1679,A,30,60,https://d3nkl3psvxxpe9.cloudfront.net/documents/econTabReport_3wplfYX.pdf,-30,NA,-31.142831265246823,6.367946283967624e-9
healthcare,YouGov,The Economist,2026-03-27,2026-03-30,1679,A,33,57,https://d3nkl3psvxxpe9.cloudfront.net/documents/econTabReport_3wplfYX.pdf,-24,NA,-25.14283126524682,6.367946283967624e-9
iran,RMG Research,Napolitan News Service,2026-03-30,2026-03-31,1000,RV,36,58,https://napolitannews.org/posts/35-percent-approve-of-iran-attacks-new-low,-22,NA,-29.847069136431294,6.822523548588393e-9
iran,RMG Research,Napolitan News Service,2026-04-01,2026-04-02,1000,RV,36,63,https://napolitannews.org/posts/61-percent-oppose-iran-attacks-a-new-high,-27,NA,-34.84706913643129,8.027793173026396e-9
immigration,High Point University,NA,2026-03-29,2026-04-03,1001,A,38,53,https://www.highpoint.edu/blog/2026/04/hpu-poll-americans-and-north-carolinians-appreciate-benefits-of-trees-as-arbor-day-approaches/,-15,NA,-17.855188877813568,2.2588417479786865e-8
healthcare,High Point University,NA,2026-03-29,2026-04-03,1001,A,36,51,https://www.highpoint.edu/blog/2026/04/hpu-poll-americans-and-north-carolinians-appreciate-benefits-of-trees-as-arbor-day-approaches/,-15,NA,-17.855188877813568,2.2588417479786865e-8
economy,High Point University,NA,2026-03-29,2026-04-03,1001,A,34,55,https://www.highpoint.edu/blog/2026/04/hpu-poll-americans-and-north-carolinians-appreciate-benefits-of-trees-as-arbor-day-approaches/,-21,NA,-23.855188877813568,2.2588417479786865e-8
trade_tariffs,High Point University,NA,2026-03-29,2026-04-03,1001,A,34,49,https://www.highpoint.edu/blog/2026/04/hpu-poll-americans-and-north-carolinians-appreciate-benefits-of-trees-as-arbor-day-approaches/,-15,NA,-17.855188877813568,2.2588417479786865e-8
iran,High Point University,NA,2026-03-29,2026-04-03,1001,A,33,51,https://www.highpoint.edu/blog/2026/04/hpu-poll-americans-and-north-carolinians-appreciate-benefits-of-trees-as-arbor-day-approaches/,-18,NA,-20.855188877813568,2.2588417479786865e-8
inflation,High Point University,NA,2026-03-29,2026-04-03,1001,A,28,59,https://www.highpoint.edu/blog/2026/04/hpu-poll-americans-and-north-carolinians-appreciate-benefits-of-trees-as-arbor-day-approaches/,-31,NA,-33.85518887781356,2.2588417479786865e-8
iran,RMG Research,Napolitan News Service,2026-04-02,2026-04-03,1000,RV,44,52,https://napolitannews.org/posts/foreign-support-an-equalizer-in-iran,-8,NA,-15.847069136431294,9.19402688586049e-9
immigration,Morning Consult,NA,2026-04-03,2026-04-05,2203,RV,48,46,https://pro.morningconsult.com/trackers/donald-trump-congress-policy-republicans-polling,2,NA,-11.719085250761303,7.441051156757219e-9
foreign_policy,Morning Consult,NA,2026-04-03,2026-04-05,2203,RV,45,46,https://pro.morningconsult.com/trackers/donald-trump-congress-policy-republicans-polling,-1,NA,-14.719085250761303,7.441051156757219e-9
trade_tariffs,Morning Consult,NA,2026-04-03,2026-04-05,2203,RV,45,46,https://pro.morningconsult.com/trackers/donald-trump-congress-policy-republicans-polling,-1,NA,-14.719085250761303,7.441051156757219e-9
economy,Morning Consult,NA,2026-04-03,2026-04-05,2203,RV,43,51,https://pro.morningconsult.com/trackers/donald-trump-congress-policy-republicans-polling,-8,NA,-21.719085250761303,7.441051156757219e-9
healthcare,Morning Consult,NA,2026-04-03,2026-04-05,2203,RV,43,49,https://pro.morningconsult.com/trackers/donald-trump-congress-policy-republicans-polling,-6,NA,-19.719085250761303,7.441051156757219e-9
economy,YouGov,The Economist,2026-04-03,2026-04-06,1750,A,37,56,https://d3nkl3psvxxpe9.cloudfront.net/documents/econTabReport_SVRZJH8.pdf,-19,NA,-20.14283126524682,1.1545659427926996e-8
inflation,YouGov,The Economist,2026-04-03,2026-04-06,1750,A,29,64,https://d3nkl3psvxxpe9.cloudfront.net/documents/econTabReport_SVRZJH8.pdf,-35,NA,-36.142831265246826,1.1545659427926996e-8
economy,Global Strategy Group/GBAO (Navigator Research),NA,2026-04-02,2026-04-06,1000,RV,40,59,https://navigatorresearch.org/americans-blame-trump-for-rising-gas-prices/,-19,NA,-18.573516623170725,1.5000096983139223e-8
iran,YouGov,NA,2026-04-07,2026-04-07,2970,A,34,56,https://yougov.com/en-us/daily-results/20260407-6e79e-3,-22,NA,-23.14283126524682,1.6706395049772398e-8
iran,RMG Research,Napolitan News Service,2026-04-06,2026-04-07,1000,RV,42,55,https://napolitannews.org/posts/as-ceasefire-takes-effect-majority-still-disapprove-on-iran-attacks,-13,NA,-20.847069136431294,1.2497959205203433e-8
economy,Morning Consult,NA,2026-04-06,2026-04-09,2200,RV,42,52,https://drive.google.com/file/d/1J-vPAS1XXmBtiDUw4rDA4p3G7jHbQ6b7/view,-10,NA,-23.719085250761303,1.0357772431680266e-8
healthcare,Morning Consult,NA,2026-04-06,2026-04-09,2200,RV,40,52,https://drive.google.com/file/d/1J-vPAS1XXmBtiDUw4rDA4p3G7jHbQ6b7/view,-12,NA,-25.719085250761303,1.0357772431680266e-8
immigration,Morning Consult,NA,2026-04-06,2026-04-09,2200,RV,50,45,https://drive.google.com/file/d/1J-vPAS1XXmBtiDUw4rDA4p3G7jHbQ6b7/view,5,NA,-8.719085250761303,1.0357772431680266e-8
foreign_policy,Morning Consult,NA,2026-04-06,2026-04-09,2200,RV,43,49,https://drive.google.com/file/d/1J-vPAS1XXmBtiDUw4rDA4p3G7jHbQ6b7/view,-6,NA,-19.719085250761303,1.0357772431680266e-8
iran,RMG Research,Napolitan News Service,2026-04-08,2026-04-09,1000,RV,41,56,https://napolitannews.org/posts/iran-war-stays-unpopular-39-percent-favor-attacks,-15,NA,-22.847069136431294,1.4725751219794602e-8
economy,Echelon Insights,NetChoice,2026-04-03,2026-04-09,2880,LV,40,59,https://netchoice.org/new-72-of-americans-want-regulators-to-focus-on-lowering-prices-ahead-of-midterms-not-punishing-success/,-19,NA,-20.839690272097606,4.698963785277432e-8
economy,YouGov,CBS News,2026-04-08,2026-04-10,2387,A,35,65,https://www.cbsnews.com/news/iran-war-opinion-poll-2026-04-12/,-30,NA,-31.14283126524682,1.8855182123082868e-8
inflation,YouGov,CBS News,2026-04-08,2026-04-10,2387,A,31,69,https://www.cbsnews.com/news/iran-war-opinion-poll-2026-04-12/,-38,NA,-39.142831265246826,1.8855182123082868e-8
immigration,YouGov,CBS News,2026-04-08,2026-04-10,2387,A,44,56,https://www.cbsnews.com/news/iran-war-opinion-poll-2026-04-12/,-12,NA,-13.14283126524682,1.8855182123082868e-8
iran,YouGov,CBS News,2026-04-08,2026-04-10,2387,A,36,64,https://www.cbsnews.com/news/iran-war-opinion-poll-2026-04-12/,-28,NA,-29.14283126524682,1.8855182123082868e-8
immigration,SurveyMonkey,NBC News Decision Desk,2026-03-30,2026-04-13,32433,A,44,56,https://www.nbcnews.com/politics/donald-trump/poll-trumps-approval-rating-hits-second-term-low-economy-iran-war-rcna331462,-12,NA,-9.05707446915897,3.935903449427855e-8
inflation,SurveyMonkey,NBC News Decision Desk,2026-03-30,2026-04-13,32433,A,32,68,https://www.nbcnews.com/politics/donald-trump/poll-trumps-approval-rating-hits-second-term-low-economy-iran-war-rcna331462,-36,NA,-33.05707446915896,3.935903449427855e-8
iran,SurveyMonkey,NBC News Decision Desk,2026-03-30,2026-04-13,32433,A,33,67,https://www.nbcnews.com/politics/donald-trump/poll-trumps-approval-rating-hits-second-term-low-economy-iran-war-rcna331462,-34,NA,-31.057074469158966,3.935903449427855e-8
iran,YouGov,The Economist,2026-04-10,2026-04-13,1748,A,35,57,https://d3nkl3psvxxpe9.cloudfront.net/documents/econTabReport_G1zNgZq.pdf,-22,NA,-23.14283126524682,2.0313054619083343e-8
crime,YouGov,The Economist,2026-04-10,2026-04-13,1748,A,43,45,https://d3nkl3psvxxpe9.cloudfront.net/documents/econTabReport_G1zNgZq.pdf,-2,NA,-3.1428312652468193,2.0313054619083343e-8
immigration,YouGov,The Economist,2026-04-10,2026-04-13,1748,A,43,51,https://d3nkl3psvxxpe9.cloudfront.net/documents/econTabReport_G1zNgZq.pdf,-8,NA,-9.14283126524682,2.0313054619083343e-8
economy,Quinnipiac University,NA,2026-04-09,2026-04-13,1028,RV,38,57,https://poll.qu.edu/poll-release?releaseid=3956,-19,NA,-16.93666773944264,3.8303767738915186e-8
iran,Quinnipiac University,NA,2026-04-09,2026-04-13,1028,RV,36,58,https://poll.qu.edu/poll-release?releaseid=3956,-22,NA,-19.93666773944264,3.8303767738915186e-8
economy,Verasight,Strength In Numbers,2026-04-10,2026-04-14,1514,A,35,60,https://www.gelliottmorris.com/p/2026-04-21-april-strength-in-numbers-verasight-poll,-25,NA,-23.26574860140164,7.489509866301913e-9
inflation,Verasight,Strength In Numbers,2026-04-10,2026-04-14,1514,A,26,72,https://www.gelliottmorris.com/p/2026-04-21-april-strength-in-numbers-verasight-poll,-46,NA,-44.26574860140165,7.489509866301913e-9
trade_tariffs,Verasight,Strength In Numbers,2026-04-10,2026-04-14,1514,A,36,59,https://www.gelliottmorris.com/p/2026-04-21-april-strength-in-numbers-verasight-poll,-23,NA,-21.26574860140164,7.489509866301913e-9
foreign_policy,Verasight,Strength In Numbers,2026-04-10,2026-04-14,1514,A,35,59,https://www.gelliottmorris.com/p/2026-04-21-april-strength-in-numbers-verasight-poll,-24,NA,-22.26574860140164,7.489509866301913e-9
immigration,Verasight,Strength In Numbers,2026-04-10,2026-04-14,1514,A,43,54,https://www.gelliottmorris.com/p/2026-04-21-april-strength-in-numbers-verasight-poll,-11,NA,-9.26574860140164,7.489509866301913e-9
healthcare,Verasight,Strength In Numbers,2026-04-10,2026-04-14,1514,A,32,62,https://www.gelliottmorris.com/p/2026-04-21-april-strength-in-numbers-verasight-poll,-30,NA,-28.26574860140164,7.489509866301913e-9
crime,Verasight,Strength In Numbers,2026-04-10,2026-04-14,1514,A,43,53,https://www.gelliottmorris.com/p/2026-04-21-april-strength-in-numbers-verasight-poll,-10,NA,-8.26574860140164,7.489509866301913e-9
iran,RMG Research,Napolitan News Service,2026-04-13,2026-04-14,1000,RV,39,56,https://napolitannews.org/posts/iran-blockade-sees-less-opposition-than-war,-17,NA,-24.847069136431294,2.1848123342478814e-8
iran,RMG Research,Napolitan News Service,2026-04-14,2026-04-15,1000,RV,44,56,https://napolitannews.org/posts/42-percent-approve-of-iran-attacks-55-disapprove,-12,NA,-19.847069136431294,2.385174354869576e-8
immigration,RMG Research,Napolitan News Service,2026-04-14,2026-04-15,1000,RV,49,49,https://napolitannews.org/posts/trumps-approval-on-key-issues-remains-low,0,NA,-7.847069136431294,2.385174354869576e-8
crime,RMG Research,Napolitan News Service,2026-04-14,2026-04-15,1000,RV,49,49,https://napolitannews.org/posts/trumps-approval-on-key-issues-remains-low,0,NA,-7.847069136431294,2.385174354869576e-8
healthcare,RMG Research,Napolitan News Service,2026-04-14,2026-04-15,1000,RV,40,56,https://napolitannews.org/posts/trumps-approval-on-key-issues-remains-low,-16,NA,-23.847069136431294,2.385174354869576e-8
economy,RMG Research,Napolitan News Service,2026-04-14,2026-04-15,1000,RV,37,62,https://napolitannews.org/posts/trumps-approval-on-key-issues-remains-low,-25,NA,-32.84706913643129,2.385174354869576e-8
inflation,RMG Research,Napolitan News Service,2026-04-14,2026-04-15,1000,RV,32,67,https://napolitannews.org/posts/trumps-approval-on-key-issues-remains-low,-35,NA,-42.8470691364313,2.385174354869576e-8
economy,Marquette University Law School,NA,2026-04-08,2026-04-16,982,A,32,68,https://law.marquette.edu/poll/2026/04/22/detailed-results-of-the-marquette-law-school-supreme-court-poll-april-8-16-2026-national-issues/,-36,NA,-27.824396463564902,5.9250168951124136e-8
inflation,Marquette University Law School,NA,2026-04-08,2026-04-16,982,A,24,76,https://law.marquette.edu/poll/2026/04/22/detailed-results-of-the-marquette-law-school-supreme-court-poll-april-8-16-2026-national-issues/,-52,NA,-43.82439646356491,5.9250168951124136e-8
immigration,Marquette University Law School,NA,2026-04-08,2026-04-16,982,A,44,55,https://law.marquette.edu/poll/2026/04/22/detailed-results-of-the-marquette-law-school-supreme-court-poll-april-8-16-2026-national-issues/,-11,NA,-2.8243964635649093,5.9250168951124136e-8
trade_tariffs,Marquette University Law School,NA,2026-04-08,2026-04-16,982,A,34,65,https://law.marquette.edu/poll/2026/04/22/detailed-results-of-the-marquette-law-school-supreme-court-poll-april-8-16-2026-national-issues/,-31,NA,-22.82439646356491,5.9250168951124136e-8
iran,Marquette University Law School,NA,2026-04-08,2026-04-16,982,A,32,68,https://law.marquette.edu/poll/2026/04/22/detailed-results-of-the-marquette-law-school-supreme-court-poll-april-8-16-2026-national-issues/,-36,NA,-27.824396463564902,5.9250168951124136e-8
inflation,John Zogby Strategies,NA,2026-04-17,2026-04-18,1001,LV,36,57,https://johnzogbystrategies.com/brand-new-zogby-poll-amid-war-confusion-04-20-26/,-21,NA,-29.687157614573863,4.9189336253236917e-8
iran,John Zogby Strategies,NA,2026-04-17,2026-04-18,1001,LV,40,55,https://johnzogbystrategies.com/brand-new-zogby-poll-amid-war-confusion-04-20-26/,-15,NA,-23.687157614573863,4.9189336253236917e-8
economy,John Zogby Strategies,NA,2026-04-17,2026-04-18,1001,LV,40,56,https://johnzogbystrategies.com/brand-new-zogby-poll-amid-war-confusion-04-20-26/,-16,NA,-24.687157614573863,4.9189336253236917e-8
immigration,John Zogby Strategies,NA,2026-04-17,2026-04-18,1001,LV,48,47,https://johnzogbystrategies.com/brand-new-zogby-poll-amid-war-confusion-04-20-26/,1,NA,-7.687157614573863,4.9189336253236917e-8
crime,John Zogby Strategies,NA,2026-04-17,2026-04-18,1001,LV,47,47,https://johnzogbystrategies.com/brand-new-zogby-poll-amid-war-confusion-04-20-26/,0,NA,-8.687157614573863,4.9189336253236917e-8
economy,Hart Research Associates/Public Opinion Strategies,CNBC,2026-04-15,2026-04-19,1000,A,39,60,https://www.cnbc.com/2026/04/23/trumps-approval-rating-on-economy-and-overall-falls-to-lowest-of-his-two-terms-cnbc-survey-shows.html,-21,NA,-23.779870971951567,9.858499324592595e-8
foreign_policy,Hart Research Associates/Public Opinion Strategies,CNBC,2026-04-15,2026-04-19,1000,A,38,59,https://www.cnbc.com/2026/04/23/trumps-approval-rating-on-economy-and-overall-falls-to-lowest-of-his-two-terms-cnbc-survey-shows.html,-21,NA,-23.779870971951567,9.858499324592595e-8
trade_tariffs,Hart Research Associates/Public Opinion Strategies,CNBC,2026-04-15,2026-04-19,1000,A,37,59,https://www.cnbc.com/2026/04/23/trumps-approval-rating-on-economy-and-overall-falls-to-lowest-of-his-two-terms-cnbc-survey-shows.html,-22,NA,-24.779870971951567,9.858499324592595e-8
iran,Hart Research Associates/Public Opinion Strategies,CNBC,2026-04-15,2026-04-19,1000,A,37,62,https://www.cnbc.com/2026/04/23/trumps-approval-rating-on-economy-and-overall-falls-to-lowest-of-his-two-terms-cnbc-survey-shows.html,-25,NA,-27.779870971951567,9.858499324592595e-8
inflation,Hart Research Associates/Public Opinion Strategies,CNBC,2026-04-15,2026-04-19,1000,A,30,69,https://www.cnbc.com/2026/04/23/trumps-approval-rating-on-economy-and-overall-falls-to-lowest-of-his-two-terms-cnbc-survey-shows.html,-39,NA,-41.77987097195157,9.858499324592595e-8
iran,Morning Consult,Deseret News | University of Utah Hinckley Institute of Politics,2026-04-15,2026-04-19,2057,RV,38,57,https://www.deseret.com/politics/2026/04/22/trump-polling-underwater-in-utah-among-religious/,-19,NA,-32.7190852507613,2.2138271085452747e-8
economy,AP-NORC,NA,2026-04-16,2026-04-20,2596,A,30,70,https://apnorc.org/projects/fewer-approve-of-trumps-handling-of-the-economy/,-40,NA,-32.073738280560896,2.3542395239020747e-8
immigration,AP-NORC,NA,2026-04-16,2026-04-20,2596,A,40,59,https://apnorc.org/projects/fewer-approve-of-trumps-handling-of-the-economy/,-19,NA,-11.073738280560889,2.3542395239020747e-8
iran,AP-NORC,NA,2026-04-16,2026-04-20,2596,A,38,61,https://apnorc.org/projects/fewer-approve-of-trumps-handling-of-the-economy/,-23,NA,-15.073738280560889,2.3542395239020747e-8
inflation,AP-NORC,NA,2026-04-16,2026-04-20,2596,A,23,76,https://apnorc.org/projects/fewer-approve-of-trumps-handling-of-the-economy/,-53,NA,-45.0737382805609,2.3542395239020747e-8
economy,American Research Group,NA,2026-04-16,2026-04-20,1100,A,31,65,https://americanresearchgroup.com/economy/,-34,NA,-23.56684923195619,2.8257523898376757e-8
economy,Ipsos,Reuters,2026-04-15,2026-04-20,4557,A,30,63,https://www.ipsos.com/en-us/americans-remain-skeptical-trumps-handling-inflation,-33,NA,-28.429889822926093,5.646914353606338e-8
immigration,Ipsos,Reuters,2026-04-15,2026-04-20,4557,A,40,53,https://www.ipsos.com/en-us/americans-remain-skeptical-trumps-handling-inflation,-13,NA,-8.429889822926086,5.646914353606338e-8
crime,Ipsos,Reuters,2026-04-15,2026-04-20,4557,A,40,49,https://www.ipsos.com/en-us/americans-remain-skeptical-trumps-handling-inflation,-9,NA,-4.429889822926086,5.646914353606338e-8
foreign_policy,Ipsos,Reuters,2026-04-15,2026-04-20,4557,A,31,59,https://www.ipsos.com/en-us/americans-remain-skeptical-trumps-handling-inflation,-28,NA,-23.429889822926086,5.646914353606338e-8
inflation,Ipsos,Reuters,2026-04-15,2026-04-20,4557,A,24,69,https://www.ipsos.com/en-us/americans-remain-skeptical-trumps-handling-inflation,-45,NA,-40.4298898229261,5.646914353606338e-8
foreign_policy,YouGov,The Economist,2026-04-17,2026-04-20,1707,A,36,54,https://d3nkl3psvxxpe9.cloudfront.net/documents/econTabReport_I24AWdp.pdf,-18,NA,-19.14283126524682,3.4758753899647263e-8
trade_tariffs,YouGov,The Economist,2026-04-17,2026-04-20,1707,A,34,57,https://d3nkl3psvxxpe9.cloudfront.net/documents/econTabReport_I24AWdp.pdf,-23,NA,-24.14283126524682,3.4758753899647263e-8
iran,YouGov,The Economist,2026-04-17,2026-04-20,1707,A,34,55,https://d3nkl3psvxxpe9.cloudfront.net/documents/econTabReport_I24AWdp.pdf,-21,NA,-22.14283126524682,3.4758753899647263e-8
immigration,Beacon Research/Shaw & Co. Research,FOX News,2026-04-17,2026-04-20,1001,RV,46,54,https://www.foxnews.com/politics/fox-news-poll-economic-gloom-trump-ratings-signal-tough-gop-midterm-path,-8,NA,-4.8750187589666965,7.098305056144996e-8
foreign_policy,Beacon Research/Shaw & Co. Research,FOX News,2026-04-17,2026-04-20,1001,RV,40,60,https://www.foxnews.com/politics/fox-news-poll-economic-gloom-trump-ratings-signal-tough-gop-midterm-path,-20,NA,-16.875018758966696,7.098305056144996e-8
iran,Beacon Research/Shaw & Co. Research,FOX News,2026-04-17,2026-04-20,1001,RV,37,63,https://www.foxnews.com/politics/fox-news-poll-economic-gloom-trump-ratings-signal-tough-gop-midterm-path,-26,NA,-22.875018758966696,7.098305056144996e-8
economy,Beacon Research/Shaw & Co. Research,FOX News,2026-04-17,2026-04-20,1001,RV,34,66,https://www.foxnews.com/politics/fox-news-poll-economic-gloom-trump-ratings-signal-tough-gop-midterm-path,-32,NA,-28.875018758966696,7.098305056144996e-8
inflation,Beacon Research/Shaw & Co. Research,FOX News,2026-04-17,2026-04-20,1001,RV,28,72,https://www.foxnews.com/politics/fox-news-poll-economic-gloom-trump-ratings-signal-tough-gop-midterm-path,-44,NA,-40.875018758966696,7.098305056144996e-8
economy,Morning Consult,NA,2026-04-17,2026-04-20,2203,RV,42,51,https://drive.google.com/file/d/16-z92A-iefFFRxX8Un1CsEheV3rAzTv8/view,-9,NA,-22.719085250761303,2.5416028283425975e-8
healthcare,Morning Consult,NA,2026-04-17,2026-04-20,2203,RV,42,49,https://drive.google.com/file/d/16-z92A-iefFFRxX8Un1CsEheV3rAzTv8/view,-7,NA,-20.719085250761303,2.5416028283425975e-8
immigration,Morning Consult,NA,2026-04-17,2026-04-20,2203,RV,49,44,https://drive.google.com/file/d/16-z92A-iefFFRxX8Un1CsEheV3rAzTv8/view,5,NA,-8.719085250761303,2.5416028283425975e-8
foreign_policy,Morning Consult,NA,2026-04-17,2026-04-20,2203,RV,44,47,https://drive.google.com/file/d/16-z92A-iefFFRxX8Un1CsEheV3rAzTv8/view,-3,NA,-16.719085250761303,2.5416028283425975e-8
economy,Echelon Insights,NA,2026-04-17,2026-04-20,1012,LV,40,58,https://echeloninsights.com/insights/april-2026-verified-voter-omnibus,-18,NA,-21.48860462488409,6.479817538405556e-8
immigration,Echelon Insights,NA,2026-04-17,2026-04-20,1012,LV,44,54,https://echeloninsights.com/insights/april-2026-verified-voter-omnibus,-10,NA,-13.48860462488409,6.479817538405556e-8
foreign_policy,Echelon Insights,NA,2026-04-17,2026-04-20,1012,LV,40,57,https://echeloninsights.com/insights/april-2026-verified-voter-omnibus,-17,NA,-20.48860462488409,6.479817538405556e-8
iran,RMG Research,Napolitan News Service,2026-04-20,2026-04-21,1000,RV,39,57,https://napolitannews.org/posts/35-percent-favor-iran-attacksties-low,-18,NA,-25.847069136431294,3.867160172320303e-8
iran,RMG Research,Napolitan News Service,2026-04-22,2026-04-23,1000,RV,36,62,https://napolitannews.org/posts/34-percent-favor-iran-attacks-as-conflict-drags-on,-26,NA,-33.84706913643129,4.5621379103488666e-8
inflation,Clarity Campaign Labs,NA,2026-04-15,2026-04-24,1000,LV,31,66,https://www.claritycampaigns.com/clarity-omnibus-2026-april,-35,NA,-38.735842035506195,7.238464392636354e-8
iran,Clarity Campaign Labs,NA,2026-04-15,2026-04-24,1000,LV,37,60,https://www.claritycampaigns.com/clarity-omnibus-2026-april,-23,NA,-26.735842035506188,7.238464392636354e-8
healthcare,Clarity Campaign Labs,NA,2026-04-15,2026-04-24,1000,LV,38,56,https://www.claritycampaigns.com/clarity-omnibus-2026-april,-18,NA,-21.735842035506188,7.238464392636354e-8
economy,Clarity Campaign Labs,NA,2026-04-15,2026-04-24,1000,LV,40,56,https://www.claritycampaigns.com/clarity-omnibus-2026-april,-16,NA,-19.735842035506188,7.238464392636354e-8
immigration,Clarity Campaign Labs,NA,2026-04-15,2026-04-24,1000,LV,46,53,https://www.claritycampaigns.com/clarity-omnibus-2026-april,-7,NA,-10.735842035506188,7.238464392636354e-8
iran,Pew Research Center,NA,2026-04-20,2026-04-26,5103,A,36,62,https://www.pewresearch.org/short-reads/2026/05/01/americans-remain-critical-of-trump-administrations-approach-to-iran/,-26,NA,-26.686911463873983,9.109017445628019e-7
crime,Harris Insights & Analytics,Harvard CAPS,2026-04-23,2026-04-26,2745,RV,48,46,https://harvardharrispoll.com/topline-april-2026/,2,NA,-6.475142376675315,9.288165735669695e-8
immigration,Harris Insights & Analytics,Harvard CAPS,2026-04-23,2026-04-26,2745,RV,47,48,https://harvardharrispoll.com/topline-april-2026/,-1,NA,-9.475142376675315,9.288165735669695e-8
foreign_policy,Harris Insights & Analytics,Harvard CAPS,2026-04-23,2026-04-26,2745,RV,41,52,https://harvardharrispoll.com/topline-april-2026/,-11,NA,-19.475142376675315,9.288165735669695e-8
trade_tariffs,Harris Insights & Analytics,Harvard CAPS,2026-04-23,2026-04-26,2745,RV,40,54,https://harvardharrispoll.com/topline-april-2026/,-14,NA,-22.475142376675315,9.288165735669695e-8
iran,Harris Insights & Analytics,Harvard CAPS,2026-04-23,2026-04-26,2745,RV,39,53,https://harvardharrispoll.com/topline-april-2026/,-14,NA,-22.475142376675315,9.288165735669695e-8
economy,Harris Insights & Analytics,Harvard CAPS,2026-04-23,2026-04-26,2745,RV,39,55,https://harvardharrispoll.com/topline-april-2026/,-16,NA,-24.475142376675315,9.288165735669695e-8
inflation,Harris Insights & Analytics,Harvard CAPS,2026-04-23,2026-04-26,2745,RV,37,57,https://harvardharrispoll.com/topline-april-2026/,-20,NA,-28.475142376675315,9.288165735669695e-8
foreign_policy,Emerson College,NA,2026-04-24,2026-04-26,1000,LV,38.5,54.3,https://emersoncollegepolling.com/april-2026-national-poll/,-15.8,NA,-17.76345140878025,2.81038846130035e-7
economy,Emerson College,NA,2026-04-24,2026-04-26,1000,LV,37.7,56.1,https://emersoncollegepolling.com/april-2026-national-poll/,-18.4,NA,-20.36345140878025,2.81038846130035e-7
immigration,Emerson College,NA,2026-04-24,2026-04-26,1000,LV,42.7,53,https://emersoncollegepolling.com/april-2026-national-poll/,-10.3,NA,-12.263451408780249,2.81038846130035e-7
economy,Ipsos,Reuters,2026-04-24,2026-04-27,1269,A,27,63,https://www.ipsos.com/en-us/americans-increasingly-feel-economy-wrong-track,-36,NA,-31.429889822926093,5.099596694665684e-8
immigration,Ipsos,Reuters,2026-04-24,2026-04-27,1269,A,38,55,https://www.ipsos.com/en-us/americans-increasingly-feel-economy-wrong-track,-17,NA,-12.429889822926086,5.099596694665684e-8
crime,Ipsos,Reuters,2026-04-24,2026-04-27,1269,A,37,51,https://www.ipsos.com/en-us/americans-increasingly-feel-economy-wrong-track,-14,NA,-9.429889822926086,5.099596694665684e-8
foreign_policy,Ipsos,Reuters,2026-04-24,2026-04-27,1269,A,30,59,https://www.ipsos.com/en-us/americans-increasingly-feel-economy-wrong-track,-29,NA,-24.429889822926086,5.099596694665684e-8
inflation,Ipsos,Reuters,2026-04-24,2026-04-27,1269,A,21,70,https://www.ipsos.com/en-us/americans-increasingly-feel-economy-wrong-track,-49,NA,-44.4298898229261,5.099596694665684e-8
healthcare,YouGov,The Economist,2026-04-24,2026-04-27,1836,A,34,56,https://d3nkl3psvxxpe9.cloudfront.net/documents/econTabReport_Ty7ikPd.pdf,-22,NA,-23.14283126524682,6.443345068209474e-8
iran,YouGov,The Economist,2026-04-24,2026-04-27,1836,A,32,59,https://d3nkl3psvxxpe9.cloudfront.net/documents/econTabReport_Ty7ikPd.pdf,-27,NA,-28.142831265246823,6.443345068209474e-8
economy,Global Strategy Group/GBAO (Navigator Research),NA,2026-04-23,2026-04-27,1000,RV,36,61,https://navigatorresearch.org/two-months-later-most-americans-dont-think-trumps-war-with-iran-is-worth-it-and-see-no-end-in-sight/,-25,NA,-24.573516623170725,7.76440943747629e-8
foreign_policy,Global Strategy Group/GBAO (Navigator Research),NA,2026-04-23,2026-04-27,1000,RV,37,58,https://navigatorresearch.org/two-months-later-most-americans-dont-think-trumps-war-with-iran-is-worth-it-and-see-no-end-in-sight/,-21,NA,-20.573516623170725,7.76440943747629e-8
economy,Morning Consult,NA,2026-04-24,2026-04-27,2201,RV,41,53,https://drive.google.com/file/d/1EfsROZrVDVFJ0h5GyYAl49RJFkg_VzXW/view,-12,NA,-25.719085250761303,4.447498602003304e-8
healthcare,Morning Consult,NA,2026-04-24,2026-04-27,2201,RV,41,51,https://drive.google.com/file/d/1EfsROZrVDVFJ0h5GyYAl49RJFkg_VzXW/view,-10,NA,-23.719085250761303,4.447498602003304e-8
immigration,Morning Consult,NA,2026-04-24,2026-04-27,2201,RV,49,45,https://drive.google.com/file/d/1EfsROZrVDVFJ0h5GyYAl49RJFkg_VzXW/view,4,NA,-9.719085250761303,4.447498602003304e-8
foreign_policy,Morning Consult,NA,2026-04-24,2026-04-27,2201,RV,44,47,https://drive.google.com/file/d/1EfsROZrVDVFJ0h5GyYAl49RJFkg_VzXW/view,-3,NA,-16.719085250761303,4.447498602003304e-8
trade_tariffs,Morning Consult,NA,2026-04-24,2026-04-27,2201,RV,45,46,https://drive.google.com/file/d/1EfsROZrVDVFJ0h5GyYAl49RJFkg_VzXW/view,-1,NA,-14.719085250761303,4.447498602003304e-8
economy,Ipsos,ABC News | The Washington Post,2026-04-24,2026-04-28,2560,A,34,65,https://www.washingtonpost.com/tablet/2026/04/30/april-24-28-2026-washington-post-abc-news-ipsos-poll/,-31,NA,-26.4298898229261,7.820928866915126e-8
immigration,Ipsos,ABC News | The Washington Post,2026-04-24,2026-04-28,2560,A,40,59,https://www.washingtonpost.com/tablet/2026/04/30/april-24-28-2026-washington-post-abc-news-ipsos-poll/,-19,NA,-14.429889822926086,7.820928866915126e-8
iran,Ipsos,ABC News | The Washington Post,2026-04-24,2026-04-28,2560,A,33,66,https://www.washingtonpost.com/tablet/2026/04/30/april-24-28-2026-washington-post-abc-news-ipsos-poll/,-33,NA,-28.4298898229261,7.820928866915126e-8
inflation,Ipsos,ABC News | The Washington Post,2026-04-24,2026-04-28,2560,A,27,72,https://www.washingtonpost.com/tablet/2026/04/30/april-24-28-2026-washington-post-abc-news-ipsos-poll/,-45,NA,-40.4298898229261,7.820928866915126e-8
economy,Marist College,NA,2026-04-27,2026-04-30,1322,A,35,61,https://maristpoll.marist.edu/polls/president-trump-while-at-war-may-2026/,-26,NA,-21.444127380785893,4.1596910110011496e-7
iran,Marist College,NA,2026-04-27,2026-04-30,1322,A,33,60,https://maristpoll.marist.edu/polls/president-trump-while-at-war-may-2026/,-27,NA,-22.444127380785893,4.1596910110011496e-7
iran,RMG Research,Napolitan News Service,2026-04-29,2026-04-30,1000,RV,39,59,https://napolitannews.org/posts/as-war-passes-60-days-majority-still-opposed,-20,NA,-27.847069136431294,8.677346294683872e-8
economy,Morning Consult,NA,2026-04-30,2026-05-03,2200,RV,42,52,https://drive.google.com/file/d/1sp2Ez_gNEjC0hRhTh3hP7B4qsrkctCmj/view,-10,NA,-23.719085250761303,7.047208801394411e-8
healthcare,Morning Consult,NA,2026-04-30,2026-05-03,2200,RV,41,50,https://drive.google.com/file/d/1sp2Ez_gNEjC0hRhTh3hP7B4qsrkctCmj/view,-9,NA,-22.719085250761303,7.047208801394411e-8
immigration,Morning Consult,NA,2026-04-30,2026-05-03,2200,RV,48,46,https://drive.google.com/file/d/1sp2Ez_gNEjC0hRhTh3hP7B4qsrkctCmj/view,2,NA,-11.719085250761303,7.047208801394411e-8
foreign_policy,Morning Consult,NA,2026-04-30,2026-05-03,2200,RV,42,48,https://drive.google.com/file/d/1sp2Ez_gNEjC0hRhTh3hP7B4qsrkctCmj/view,-6,NA,-19.719085250761303,7.047208801394411e-8
trade_tariffs,Morning Consult,NA,2026-04-30,2026-05-03,2200,RV,43,48,https://drive.google.com/file/d/1sp2Ez_gNEjC0hRhTh3hP7B4qsrkctCmj/view,-5,NA,-18.719085250761303,7.047208801394411e-8
economy,SSRS,CNN,2026-04-30,2026-05-04,1499,A,30,70,https://www.cnn.com/2026/05/12/politics/cnn-poll-midterms-affordability-politics-impact,-40,NA,-29.521544714213057,1.4382012639947477e-7
immigration,SSRS,CNN,2026-04-30,2026-05-04,1499,A,41,59,https://www.cnn.com/2026/05/12/politics/cnn-poll-midterms-affordability-politics-impact,-18,NA,-7.521544714213057,1.4382012639947477e-7
foreign_policy,SSRS,CNN,2026-04-30,2026-05-04,1499,A,31,69,https://www.cnn.com/2026/05/12/politics/cnn-poll-midterms-affordability-politics-impact,-38,NA,-27.521544714213057,1.4382012639947477e-7
inflation,SSRS,CNN,2026-04-30,2026-05-04,1499,A,26,74,https://www.cnn.com/2026/05/12/politics/cnn-poll-midterms-affordability-politics-impact,-48,NA,-37.521544714213064,1.4382012639947477e-7
economy,YouGov,The Economist,2026-05-01,2026-05-04,1573,A,34,58,https://d3nkl3psvxxpe9.cloudfront.net/documents/econTabReport_Zi1MEwp.pdf,-24,NA,-25.14283126524682,1.0411234995543693e-7
inflation,YouGov,The Economist,2026-05-01,2026-05-04,1573,A,25,69,https://d3nkl3psvxxpe9.cloudfront.net/documents/econTabReport_Zi1MEwp.pdf,-44,NA,-45.142831265246826,1.0411234995543693e-7
iran,YouGov,The Economist,2026-05-01,2026-05-04,1573,A,31,60,https://d3nkl3psvxxpe9.cloudfront.net/documents/econTabReport_Zi1MEwp.pdf,-29,NA,-30.142831265246823,1.0411234995543693e-7
immigration,Focaldata,Financial Times,2026-05-01,2026-05-05,3612,A,40,46,https://www.focaldata.com/blog/democrats-lead-economy-focaldata-financial-times-poll,-6,NA,-3.274378851843892,2.121136923502041e-7
inflation,Focaldata,Financial Times,2026-05-01,2026-05-05,3612,A,27,58,https://www.focaldata.com/blog/democrats-lead-economy-focaldata-financial-times-poll,-31,NA,-28.274378851843892,2.121136923502041e-7
economy,Focaldata,Financial Times,2026-05-01,2026-05-05,3612,A,33,51,https://www.focaldata.com/blog/democrats-lead-economy-focaldata-financial-times-poll,-18,NA,-15.274378851843892,2.121136923502041e-7
healthcare,Focaldata,Financial Times,2026-05-01,2026-05-05,3612,A,31,51,https://www.focaldata.com/blog/democrats-lead-economy-focaldata-financial-times-poll,-20,NA,-17.274378851843892,2.121136923502041e-7
foreign_policy,Focaldata,Financial Times,2026-05-01,2026-05-05,3612,A,32,51,https://www.focaldata.com/blog/democrats-lead-economy-focaldata-financial-times-poll,-19,NA,-16.274378851843892,2.121136923502041e-7
iran,Focaldata,Financial Times,2026-05-01,2026-05-05,3612,A,30,54,https://www.focaldata.com/blog/democrats-lead-economy-focaldata-financial-times-poll,-24,NA,-21.274378851843892,2.121136923502041e-7
inflation,Harris Insights & Analytics,Forbes,2026-04-29,2026-05-05,2569,A,32,62,https://www.harrisx.com/posts/forbes-and-harrisx-partner-on-new-american-confidence-survey-as-gallup-ends-approval-polling,-30,NA,-38.498338950170236,1.7928371136451215e-7
economy,Harris Insights & Analytics,Forbes,2026-04-29,2026-05-05,2569,A,37,58,https://www.harrisx.com/posts/forbes-and-harrisx-partner-on-new-american-confidence-survey-as-gallup-ends-approval-polling,-21,NA,-29.49833895017025,1.7928371136451215e-7
trade_tariffs,Harris Insights & Analytics,Forbes,2026-04-29,2026-05-05,2569,A,37,56,https://www.harrisx.com/posts/forbes-and-harrisx-partner-on-new-american-confidence-survey-as-gallup-ends-approval-polling,-19,NA,-27.49833895017025,1.7928371136451215e-7
foreign_policy,Harris Insights & Analytics,Forbes,2026-04-29,2026-05-05,2569,A,40,53,https://www.harrisx.com/posts/forbes-and-harrisx-partner-on-new-american-confidence-survey-as-gallup-ends-approval-polling,-13,NA,-21.49833895017025,1.7928371136451215e-7
iran,Harris Insights & Analytics,Forbes,2026-04-29,2026-05-05,2569,A,37,57,https://www.harrisx.com/posts/forbes-and-harrisx-partner-on-new-american-confidence-survey-as-gallup-ends-approval-polling,-20,NA,-28.49833895017025,1.7928371136451215e-7
iran,RMG Research,Napolitan News Service,2026-05-05,2026-05-06,1000,RV,40,57,https://napolitannews.org/posts/39-percent-say-u-s-is-winning-iran-war,-17,NA,-24.847069136431294,1.3959485700024877e-7
immigration,AtlasIntel,NA,2026-05-04,2026-05-07,2069,A,41,58,https://www.atlasintel.org/poll/usa-national-2026-05-11,-17,NA,-18.828953244831837,7.341979085364177e-7
foreign_policy,AtlasIntel,NA,2026-05-04,2026-05-07,2069,A,40,60,https://www.atlasintel.org/poll/usa-national-2026-05-11,-20,NA,-21.828953244831837,7.341979085364177e-7
trade_tariffs,AtlasIntel,NA,2026-05-04,2026-05-07,2069,A,39,59,https://www.atlasintel.org/poll/usa-national-2026-05-11,-20,NA,-21.828953244831837,7.341979085364177e-7
economy,AtlasIntel,NA,2026-05-04,2026-05-07,2069,A,38,60,https://www.atlasintel.org/poll/usa-national-2026-05-11,-22,NA,-23.828953244831837,7.341979085364177e-7
healthcare,AtlasIntel,NA,2026-05-04,2026-05-07,2069,A,32,60,https://www.atlasintel.org/poll/usa-national-2026-05-11,-28,NA,-29.828953244831837,7.341979085364177e-7
economy,Ipsos,Reuters,2026-05-08,2026-05-11,1254,A,30,64,https://www.ipsos.com/en-us/two-thirds-say-rising-gas-prices-have-affected-their-household-finances,-34,NA,-29.429889822926093,1.5339745014832426e-7
immigration,Ipsos,Reuters,2026-05-08,2026-05-11,1254,A,40,54,https://www.ipsos.com/en-us/two-thirds-say-rising-gas-prices-have-affected-their-household-finances,-14,NA,-9.429889822926086,1.5339745014832426e-7
crime,Ipsos,Reuters,2026-05-08,2026-05-11,1254,A,41,49,https://www.ipsos.com/en-us/two-thirds-say-rising-gas-prices-have-affected-their-household-finances,-8,NA,-3.4298898229260857,1.5339745014832426e-7
foreign_policy,Ipsos,Reuters,2026-05-08,2026-05-11,1254,A,34,59,https://www.ipsos.com/en-us/two-thirds-say-rising-gas-prices-have-affected-their-household-finances,-25,NA,-20.429889822926086,1.5339745014832426e-7
inflation,Ipsos,Reuters,2026-05-08,2026-05-11,1254,A,23,72,https://www.ipsos.com/en-us/two-thirds-say-rising-gas-prices-have-affected-their-household-finances,-49,NA,-44.4298898229261,1.5339745014832426e-7
crime,YouGov,The Economist,2026-05-09,2026-05-11,1549,A,43,48,https://d3nkl3psvxxpe9.cloudfront.net/documents/econTabReport_ONiR6Nb.pdf,-5,NA,-6.142831265246819,1.805026638572363e-7
immigration,YouGov,The Economist,2026-05-09,2026-05-11,1549,A,41,54,https://d3nkl3psvxxpe9.cloudfront.net/documents/econTabReport_ONiR6Nb.pdf,-13,NA,-14.14283126524682,1.805026638572363e-7
iran,RMG Research,Napolitan News Service,2026-05-13,2026-05-14,1000,RV,36,60,https://napolitannews.org/posts/iran-support-hits-new-low-voters-split-on-if-iran-was-a-threat-prior-to-attacks,-24,NA,-31.847069136431294,2.6194979662771085e-7
economy,YouGov,CBS News,2026-05-13,2026-05-15,2064,A,33,67,https://www.cbsnews.com/news/cbs-news-poll-stress-uncertainty-economy-views-decline/,-34,NA,-35.14283126524682,2.8730998239395707e-7
inflation,YouGov,CBS News,2026-05-13,2026-05-15,2064,A,27,73,https://www.cbsnews.com/news/cbs-news-poll-stress-uncertainty-economy-views-decline/,-46,NA,-47.142831265246826,2.8730998239395707e-7
immigration,YouGov,CBS News,2026-05-13,2026-05-15,2064,A,43,57,https://www.cbsnews.com/news/cbs-news-poll-stress-uncertainty-economy-views-decline/,-14,NA,-15.14283126524682,2.8730998239395707e-7
immigration,The New York Times/Siena College,NA,2026-05-11,2026-05-15,1507,RV,41,56,https://www.nytimes.com/2026/05/18/us/politics/poll-trump-republicans-midterms-iran.html,-15,NA,-11.38091839435058,8.952668739196309e-7
economy,The New York Times/Siena College,NA,2026-05-11,2026-05-15,1507,RV,33,64,https://www.nytimes.com/2026/05/18/us/politics/poll-trump-republicans-midterms-iran.html,-31,NA,-27.38091839435058,8.952668739196309e-7
inflation,The New York Times/Siena College,NA,2026-05-11,2026-05-15,1507,RV,28,69,https://www.nytimes.com/2026/05/18/us/politics/poll-trump-republicans-midterms-iran.html,-41,NA,-37.38091839435058,8.952668739196309e-7
iran,The New York Times/Siena College,NA,2026-05-11,2026-05-15,1507,RV,31,65,https://www.nytimes.com/2026/05/18/us/politics/poll-trump-republicans-midterms-iran.html,-34,NA,-30.38091839435058,8.952668739196309e-7
immigration,Morning Consult,NA,2026-05-15,2026-05-17,2203,RV,47,45,https://intel.morningconsult.com/mc-content/trackers/donald-trump-congress-policy-republicans-polling,2,NA,-11.719085250761303,2.1969599690745535e-7
trade_tariffs,Morning Consult,NA,2026-05-15,2026-05-17,2203,RV,41,49,https://intel.morningconsult.com/mc-content/trackers/donald-trump-congress-policy-republicans-polling,-8,NA,-21.719085250761303,2.1969599690745535e-7
foreign_policy,Morning Consult,NA,2026-05-15,2026-05-17,2203,RV,41,50,https://intel.morningconsult.com/mc-content/trackers/donald-trump-congress-policy-republicans-polling,-9,NA,-22.719085250761303,2.1969599690745535e-7
healthcare,Morning Consult,NA,2026-05-15,2026-05-17,2203,RV,38,52,https://intel.morningconsult.com/mc-content/trackers/donald-trump-congress-policy-republicans-polling,-14,NA,-27.719085250761303,2.1969599690745535e-7
economy,Morning Consult,NA,2026-05-15,2026-05-17,2203,RV,40,54,https://intel.morningconsult.com/mc-content/trackers/donald-trump-congress-policy-republicans-polling,-14,NA,-27.719085250761303,2.1969599690745535e-7
economy,AP-NORC,NA,2026-05-14,2026-05-18,1117,A,33,67,https://apnorc.org/projects/trump-approval-on-the-economy-remains-low/,-34,NA,-26.07373828056089,1.5146455278757928e-7
immigration,AP-NORC,NA,2026-05-14,2026-05-18,1117,A,45,54,https://apnorc.org/projects/trump-approval-on-the-economy-remains-low/,-9,NA,-1.0737382805608888,1.5146455278757928e-7
iran,AP-NORC,NA,2026-05-14,2026-05-18,1117,A,34,64,https://apnorc.org/projects/trump-approval-on-the-economy-remains-low/,-30,NA,-22.07373828056089,1.5146455278757928e-7
foreign_policy,AP-NORC,NA,2026-05-14,2026-05-18,1117,A,36,62,https://apnorc.org/projects/trump-approval-on-the-economy-remains-low/,-26,NA,-18.07373828056089,1.5146455278757928e-7
economy,Ipsos,Reuters,2026-05-15,2026-05-18,1271,A,26,67,https://www.ipsos.com/en-us/americas-frustration-cost-living-continues-rise,-41,NA,-36.4298898229261,2.8199062007488547e-7
immigration,Ipsos,Reuters,2026-05-15,2026-05-18,1271,A,40,53,https://www.ipsos.com/en-us/americas-frustration-cost-living-continues-rise,-13,NA,-8.429889822926086,2.8199062007488547e-7
crime,Ipsos,Reuters,2026-05-15,2026-05-18,1271,A,37,51,https://www.ipsos.com/en-us/americas-frustration-cost-living-continues-rise,-14,NA,-9.429889822926086,2.8199062007488547e-7
foreign_policy,Ipsos,Reuters,2026-05-15,2026-05-18,1271,A,30,59,https://www.ipsos.com/en-us/americas-frustration-cost-living-continues-rise,-29,NA,-24.429889822926086,2.8199062007488547e-7
inflation,Ipsos,Reuters,2026-05-15,2026-05-18,1271,A,19,74,https://www.ipsos.com/en-us/americas-frustration-cost-living-continues-rise,-55,NA,-50.4298898229261,2.8199062007488547e-7
iran,Ipsos,Reuters,2026-05-15,2026-05-18,1271,A,28,62,https://www.ipsos.com/en-us/americas-frustration-cost-living-continues-rise,-34,NA,-29.429889822926093,2.8199062007488547e-7
foreign_policy,YouGov,The Economist,2026-05-15,2026-05-18,1549,A,36,56,https://d3nkl3psvxxpe9.cloudfront.net/documents/econTabReport_YTE4G2g.pdf,-20,NA,-21.14283126524682,3.133441405536616e-7
trade_tariffs,YouGov,The Economist,2026-05-15,2026-05-18,1549,A,31,60,https://d3nkl3psvxxpe9.cloudfront.net/documents/econTabReport_YTE4G2g.pdf,-29,NA,-30.142831265246823,3.133441405536616e-7
iran,YouGov,The Economist,2026-05-15,2026-05-18,1549,A,31,59,https://d3nkl3psvxxpe9.cloudfront.net/documents/econTabReport_YTE4G2g.pdf,-28,NA,-29.142831265246823,3.133441405536616e-7
foreign_policy,Beacon Research/Shaw & Co. Research,FOX News,2026-05-15,2026-05-18,1002,RV,38,62,https://www.foxnews.com/politics/fox-news-poll-economic-pain-deepens-disapproval-trump-hits-new-high,-24,NA,-20.875018758966696,7.167527887376689e-7
economy,Beacon Research/Shaw & Co. Research,FOX News,2026-05-15,2026-05-18,1002,RV,29,71,https://www.foxnews.com/politics/fox-news-poll-economic-pain-deepens-disapproval-trump-hits-new-high,-42,NA,-38.875018758966696,7.167527887376689e-7
inflation,Beacon Research/Shaw & Co. Research,FOX News,2026-05-15,2026-05-18,1002,RV,24,76,https://www.foxnews.com/politics/fox-news-poll-economic-pain-deepens-disapproval-trump-hits-new-high,-52,NA,-48.875018758966696,7.167527887376689e-7
economy,Echelon Insights,NA,2026-05-14,2026-05-18,2000,RV,37,61,https://echeloninsights.com/insights/june-2026-verified-voter-omnibus,-24,NA,-27.860730458035,8.63765671100227e-7
immigration,Echelon Insights,NA,2026-05-14,2026-05-18,2000,RV,44,53,https://echeloninsights.com/insights/june-2026-verified-voter-omnibus,-9,NA,-12.860730458035,8.63765671100227e-7
foreign_policy,Echelon Insights,NA,2026-05-14,2026-05-18,2000,RV,40,57,https://echeloninsights.com/insights/june-2026-verified-voter-omnibus,-17,NA,-20.860730458035,8.63765671100227e-7
economy,Global Strategy Group/GBAO (Navigator Research),NA,2026-05-13,2026-05-18,1000,RV,36,62,https://navigatorresearch.org/low-awareness-high-stakes-views-on-the-recent-supreme-court-ruling-on-the-voting-rights-act/,-26,NA,-25.573516623170725,4.180058715534586e-7
trade_tariffs,Echelon Insights,NA,2026-05-14,2026-05-18,1008,LV,34,62,https://echeloninsights.com/insights/may-2026-verified-voter-omnibus,-28,NA,-31.488604624884086,6.132127948957829e-7
economy,Verasight,Strength In Numbers,2026-05-18,2026-05-19,1520,A,35,60,https://www.gelliottmorris.com/p/2026-05-26-may-strength-in-numbers-verasight-poll,-25,NA,-23.26574860140164,1.2160074470391326e-7
inflation,Verasight,Strength In Numbers,2026-05-18,2026-05-19,1520,A,25,72,https://www.gelliottmorris.com/p/2026-05-26-may-strength-in-numbers-verasight-poll,-47,NA,-45.26574860140165,1.2160074470391326e-7
healthcare,Verasight,Strength In Numbers,2026-05-18,2026-05-19,1520,A,33,61,https://www.gelliottmorris.com/p/2026-05-26-may-strength-in-numbers-verasight-poll,-28,NA,-26.26574860140164,1.2160074470391326e-7
foreign_policy,Verasight,Strength In Numbers,2026-05-18,2026-05-19,1520,A,35,58,https://www.gelliottmorris.com/p/2026-05-26-may-strength-in-numbers-verasight-poll,-23,NA,-21.26574860140164,1.2160074470391326e-7
trade_tariffs,Verasight,Strength In Numbers,2026-05-18,2026-05-19,1520,A,37,58,https://www.gelliottmorris.com/p/2026-05-26-may-strength-in-numbers-verasight-poll,-21,NA,-19.26574860140164,1.2160074470391326e-7
crime,Verasight,Strength In Numbers,2026-05-18,2026-05-19,1520,A,41,53,https://www.gelliottmorris.com/p/2026-05-26-may-strength-in-numbers-verasight-poll,-12,NA,-10.26574860140164,1.2160074470391326e-7
immigration,Verasight,Strength In Numbers,2026-05-18,2026-05-19,1520,A,42,54,https://www.gelliottmorris.com/p/2026-05-26-may-strength-in-numbers-verasight-poll,-12,NA,-10.26574860140164,1.2160074470391326e-7
economy,American Research Group,NA,2026-05-16,2026-05-20,1100,A,29,67,https://americanresearchgroup.com/economy/,-38,NA,-27.56684923195619,3.1592872156297644e-7
economy,Verasight/Morris Predictive Insights,UNITE HERE,2026-05-18,2026-05-20,2000,A,31,65,https://morrispredictive.com/assets/surveys/tyg730HYHsJ/topline.pdf,-34,NA,-30.102617267775813,4.91900352334154e-7
trade_tariffs,Verasight/Morris Predictive Insights,UNITE HERE,2026-05-18,2026-05-20,2000,A,34,62,https://morrispredictive.com/assets/surveys/tyg730HYHsJ/topline.pdf,-28,NA,-24.102617267775813,4.91900352334154e-7
healthcare,Verasight/Morris Predictive Insights,UNITE HERE,2026-05-18,2026-05-20,2000,A,34,60,https://morrispredictive.com/assets/surveys/tyg730HYHsJ/topline.pdf,-26,NA,-22.102617267775813,4.91900352334154e-7
economy,Wave Polling And Research/Verasight,NA,2026-05-18,2026-05-20,2000,A,31,65,https://wavepolling.com/results/2026-05-20-wrong-priorities/,-34,NA,-29.432477780257365,3.478260748035322e-7
trade_tariffs,Wave Polling And Research/Verasight,NA,2026-05-18,2026-05-20,2000,A,34,62,https://wavepolling.com/results/2026-05-20-wrong-priorities/,-28,NA,-23.432477780257365,3.478260748035322e-7
healthcare,Wave Polling And Research/Verasight,NA,2026-05-18,2026-05-20,2000,A,34,60,https://wavepolling.com/results/2026-05-20-wrong-priorities/,-26,NA,-21.432477780257365,3.478260748035322e-7
immigration,RMG Research,Napolitan News Service,2026-05-20,2026-05-21,1000,RV,48,52,https://napolitannews.org/posts/trumps-approval-on-key-issues-sinks-even-lower,-4,NA,-11.847069136431294,4.6298376333314205e-7
crime,RMG Research,Napolitan News Service,2026-05-20,2026-05-21,1000,RV,47,51,https://napolitannews.org/posts/trumps-approval-on-key-issues-sinks-even-lower,-4,NA,-11.847069136431294,4.6298376333314205e-7
healthcare,RMG Research,Napolitan News Service,2026-05-20,2026-05-21,1000,RV,39,58,https://napolitannews.org/posts/trumps-approval-on-key-issues-sinks-even-lower,-19,NA,-26.847069136431294,4.6298376333314205e-7
economy,RMG Research,Napolitan News Service,2026-05-20,2026-05-21,1000,RV,37,62,https://napolitannews.org/posts/trumps-approval-on-key-issues-sinks-even-lower,-25,NA,-32.84706913643129,4.6298376333314205e-7
inflation,RMG Research,Napolitan News Service,2026-05-20,2026-05-21,1000,RV,30,68,https://napolitannews.org/posts/trumps-approval-on-key-issues-sinks-even-lower,-38,NA,-45.8470691364313,4.6298376333314205e-7
iran,RMG Research,Napolitan News Service,2026-05-20,2026-05-21,1000,RV,40,56,https://napolitannews.org/posts/short-term-gas-prices-no-longer-worth-it-to-voters,-16,NA,-23.847069136431294,4.6298376333314205e-7
immigration,Morning Consult,NA,2026-05-22,2026-05-24,2204,RV,46,47,https://intel.morningconsult.com/mc-content/trackers/donald-trump-congress-policy-republicans-polling,-1,NA,-14.719085250761303,3.8907349420544525e-7
trade_tariffs,Morning Consult,NA,2026-05-22,2026-05-24,2204,RV,41,50,https://intel.morningconsult.com/mc-content/trackers/donald-trump-congress-policy-republicans-polling,-9,NA,-22.719085250761303,3.8907349420544525e-7
foreign_policy,Morning Consult,NA,2026-05-22,2026-05-24,2204,RV,41,50,https://intel.morningconsult.com/mc-content/trackers/donald-trump-congress-policy-republicans-polling,-9,NA,-22.719085250761303,3.8907349420544525e-7
healthcare,Morning Consult,NA,2026-05-22,2026-05-24,2204,RV,40,51,https://intel.morningconsult.com/mc-content/trackers/donald-trump-congress-policy-republicans-polling,-11,NA,-24.719085250761303,3.8907349420544525e-7
economy,Morning Consult,NA,2026-05-22,2026-05-24,2204,RV,37,55,https://intel.morningconsult.com/mc-content/trackers/donald-trump-congress-policy-republicans-polling,-18,NA,-31.719085250761303,3.8907349420544525e-7
economy,Marquette University Law School,NA,2026-05-20,2026-05-26,1001,A,30,70,https://law.marquette.edu/poll/2026/06/03/detailed-results-of-the-marquette-law-school-supreme-court-poll-may-20-26-2026-national-issues/,-40,NA,-31.824396463564902,1.5339742129398448e-6
inflation,Marquette University Law School,NA,2026-05-20,2026-05-26,1001,A,22,78,https://law.marquette.edu/poll/2026/06/03/detailed-results-of-the-marquette-law-school-supreme-court-poll-may-20-26-2026-national-issues/,-56,NA,-47.82439646356491,1.5339742129398448e-6
immigration,Marquette University Law School,NA,2026-05-20,2026-05-26,1001,A,44,56,https://law.marquette.edu/poll/2026/06/03/detailed-results-of-the-marquette-law-school-supreme-court-poll-may-20-26-2026-national-issues/,-12,NA,-3.8243964635649093,1.5339742129398448e-6
trade_tariffs,Marquette University Law School,NA,2026-05-20,2026-05-26,1001,A,32,67,https://law.marquette.edu/poll/2026/06/03/detailed-results-of-the-marquette-law-school-supreme-court-poll-may-20-26-2026-national-issues/,-35,NA,-26.82439646356491,1.5339742129398448e-6
iran,Marquette University Law School,NA,2026-05-20,2026-05-26,1001,A,33,67,https://law.marquette.edu/poll/2026/06/03/detailed-results-of-the-marquette-law-school-supreme-court-poll-may-20-26-2026-national-issues/,-34,NA,-25.82439646356491,1.5339742129398448e-6
foreign_policy,Marquette University Law School,NA,2026-05-20,2026-05-26,1001,A,38,62,https://law.marquette.edu/poll/2026/06/03/detailed-results-of-the-marquette-law-school-supreme-court-poll-may-20-26-2026-national-issues/,-24,NA,-15.82439646356491,1.5339742129398448e-6
healthcare,YouGov,The Economist,2026-05-22,2026-05-26,1520,A,31,57,https://d3nkl3psvxxpe9.cloudfront.net/documents/econTabReport_aWdgoE7.pdf,-26,NA,-27.142831265246823,5.955509038064909e-7
iran,RMG Research,Napolitan News Service,2026-05-26,2026-05-26,1000,RV,40,54,https://napolitannews.org/posts/support-in-iran-holds-steady-at-38-percent,-14,NA,-21.847069136431294,6.795672287412959e-7
immigration,Harris Insights & Analytics,Harvard CAPS,2026-05-29,2026-05-31,1725,RV,49,45,https://harvardharrispoll.com/wp-content/uploads/2026/06/HHP_May2026_Topline.pdf,4,NA,-4.475142376675315,1.3547754582144682e-6
crime,Harris Insights & Analytics,Harvard CAPS,2026-05-29,2026-05-31,1725,RV,48,46,https://harvardharrispoll.com/wp-content/uploads/2026/06/HHP_May2026_Topline.pdf,2,NA,-6.475142376675315,1.3547754582144682e-6
foreign_policy,Harris Insights & Analytics,Harvard CAPS,2026-05-29,2026-05-31,1725,RV,41,51,https://harvardharrispoll.com/wp-content/uploads/2026/06/HHP_May2026_Topline.pdf,-10,NA,-18.475142376675315,1.3547754582144682e-6
economy,Harris Insights & Analytics,Harvard CAPS,2026-05-29,2026-05-31,1725,RV,39,56,https://harvardharrispoll.com/wp-content/uploads/2026/06/HHP_May2026_Topline.pdf,-17,NA,-25.475142376675315,1.3547754582144682e-6
iran,Harris Insights & Analytics,Harvard CAPS,2026-05-29,2026-05-31,1725,RV,38,54,https://harvardharrispoll.com/wp-content/uploads/2026/06/HHP_May2026_Topline.pdf,-16,NA,-24.475142376675315,1.3547754582144682e-6
trade_tariffs,Harris Insights & Analytics,Harvard CAPS,2026-05-29,2026-05-31,1725,RV,37,56,https://harvardharrispoll.com/wp-content/uploads/2026/06/HHP_May2026_Topline.pdf,-19,NA,-27.475142376675315,1.3547754582144682e-6
inflation,Harris Insights & Analytics,Harvard CAPS,2026-05-29,2026-05-31,1725,RV,35,59,https://harvardharrispoll.com/wp-content/uploads/2026/06/HHP_May2026_Topline.pdf,-24,NA,-32.475142376675315,1.3547754582144682e-6
immigration,Focaldata,Financial Times,2026-05-29,2026-06-01,1719,A,41,46,https://www.focaldata.com/blog/trump-inflation-approval-crashes-to-record-low,-5,NA,-2.274378851843892,1.2808350819115681e-6
inflation,Focaldata,Financial Times,2026-05-29,2026-06-01,1719,A,18,69,https://www.focaldata.com/blog/trump-inflation-approval-crashes-to-record-low,-51,NA,-48.274378851843885,1.2808350819115681e-6
economy,Focaldata,Financial Times,2026-05-29,2026-06-01,1719,A,28,55,https://www.focaldata.com/blog/trump-inflation-approval-crashes-to-record-low,-27,NA,-24.274378851843892,1.2808350819115681e-6
healthcare,Focaldata,Financial Times,2026-05-29,2026-06-01,1719,A,28,51,https://www.focaldata.com/blog/trump-inflation-approval-crashes-to-record-low,-23,NA,-20.274378851843892,1.2808350819115681e-6
foreign_policy,Focaldata,Financial Times,2026-05-29,2026-06-01,1719,A,30,50,https://www.focaldata.com/blog/trump-inflation-approval-crashes-to-record-low,-20,NA,-17.274378851843892,1.2808350819115681e-6
iran,Focaldata,Financial Times,2026-05-29,2026-06-01,1719,A,26,56,https://www.focaldata.com/blog/trump-inflation-approval-crashes-to-record-low,-30,NA,-27.274378851843892,1.2808350819115681e-6
trade_tariffs,Focaldata,Financial Times,2026-05-29,2026-06-01,1719,A,26,57,https://www.focaldata.com/blog/trump-inflation-approval-crashes-to-record-low,-31,NA,-28.274378851843892,1.2808350819115681e-6
inflation,YouGov,The Economist,2026-05-28,2026-06-01,1604,A,24,72,https://d3nkl3psvxxpe9.cloudfront.net/documents/econTabReport_AvLU7vY.pdf,-48,NA,-49.142831265246826,9.931717217901817e-7
iran,YouGov,The Economist,2026-05-28,2026-06-01,1604,A,29,64,https://d3nkl3psvxxpe9.cloudfront.net/documents/econTabReport_AvLU7vY.pdf,-35,NA,-36.142831265246826,9.931717217901817e-7
economy,The Winston Group,Winning the Issues,2026-05-30,2026-06-02,1000,RV,35,60,https://www.winningtheissues.org/2026/06/13/may-2026-winning-the-issues-survey/,-25,REP,-26.86268054420711,3.620031374714716e-6
inflation,The Winston Group,Winning the Issues,2026-05-30,2026-06-02,1000,RV,29,64,https://www.winningtheissues.org/2026/06/13/may-2026-winning-the-issues-survey/,-35,REP,-36.86268054420712,3.620031374714716e-6
trade_tariffs,The Winston Group,Winning the Issues,2026-05-30,2026-06-02,1000,RV,32,61,https://www.winningtheissues.org/2026/06/13/may-2026-winning-the-issues-survey/,-29,REP,-30.86268054420711,3.620031374714716e-6
iran,Quantus Insights,NA,2026-06-01,2026-06-02,1050,LV,39,59.5,https://quantusinsights.org/f/quantus-insights-trump-underwater-democrats-hold-edge,-20.5,NA,-23.57860457825079,1.6743673473596015e-6
iran,RMG Research,Napolitan News Service,2026-06-03,2026-06-04,1000,RV,35,62,https://napolitannews.org/posts/36-percent-favor-iran-attacks-as-conflict-slogs-on,-27,NA,-34.84706913643129,1.3790945932460407e-6
inflation,Clarity Campaign Labs,NA,2026-05-28,2026-06-05,1045,LV,26,69,https://www.claritycampaigns.com/clarity-omnibus-2026-may,-43,NA,-46.735842035506195,2.146218607770964e-6
iran,Clarity Campaign Labs,NA,2026-05-28,2026-06-05,1045,LV,35,60,https://www.claritycampaigns.com/clarity-omnibus-2026-may,-25,NA,-28.735842035506188,2.146218607770964e-6
economy,Clarity Campaign Labs,NA,2026-05-28,2026-06-05,1045,LV,35,60,https://www.claritycampaigns.com/clarity-omnibus-2026-may,-25,NA,-28.735842035506188,2.146218607770964e-6
healthcare,Clarity Campaign Labs,NA,2026-05-28,2026-06-05,1045,LV,36,57,https://www.claritycampaigns.com/clarity-omnibus-2026-may,-21,NA,-24.735842035506188,2.146218607770964e-6
immigration,Clarity Campaign Labs,NA,2026-05-28,2026-06-05,1045,LV,44,53,https://www.claritycampaigns.com/clarity-omnibus-2026-may,-9,NA,-12.735842035506188,2.146218607770964e-6
immigration,Harris Insights & Analytics,Forbes,2026-05-20,2026-06-07,2010,A,45,50,https://www.harrisx.com/content/forbes-harrisx-american-confidence-tracker-june-2026,-5,NA,-7.208509724017659,2.5026731432621244e-6
crime,Harris Insights & Analytics,Forbes,2026-05-21,2026-06-08,2010,A,44,47,https://www.harrisx.com/content/forbes-harrisx-american-confidence-tracker-june-2026,-3,NA,-5.208509724017659,2.702324299519059e-6
economy,Ipsos,Reuters,2026-06-03,2026-06-08,4531,A,29,64,https://www.ipsos.com/en-us/reutersipsos-june-2026-poll,-35,NA,-30.429889822926093,2.9276470410910374e-6
immigration,Ipsos,Reuters,2026-06-03,2026-06-08,4531,A,39,53,https://www.ipsos.com/en-us/reutersipsos-june-2026-poll,-14,NA,-9.429889822926086,2.9276470410910374e-6
crime,Ipsos,Reuters,2026-06-03,2026-06-08,4531,A,39,48,https://www.ipsos.com/en-us/reutersipsos-june-2026-poll,-9,NA,-4.429889822926086,2.9276470410910374e-6
foreign_policy,Ipsos,Reuters,2026-06-03,2026-06-08,4531,A,31,57,https://www.ipsos.com/en-us/reutersipsos-june-2026-poll,-26,NA,-21.429889822926086,2.9276470410910374e-6
inflation,Ipsos,Reuters,2026-06-03,2026-06-08,4531,A,31,72,https://www.ipsos.com/en-us/reutersipsos-june-2026-poll,-41,NA,-36.4298898229261,2.9276470410910374e-6
iran,Ipsos,Reuters,2026-06-03,2026-06-08,4531,A,29,59,https://www.ipsos.com/en-us/reutersipsos-june-2026-poll,-30,NA,-25.429889822926086,2.9276470410910374e-6
economy,YouGov,The Economist,2026-06-05,2026-06-08,1568,A,29,63,https://d3nkl3psvxxpe9.cloudfront.net/documents/econTabReport_nvajahp.pdf,-34,NA,-35.142831265246826,1.7233736437148216e-6
inflation,YouGov,The Economist,2026-06-05,2026-06-08,1568,A,24,68,https://d3nkl3psvxxpe9.cloudfront.net/documents/econTabReport_nvajahp.pdf,-44,NA,-45.142831265246826,1.7233736437148216e-6
iran,YouGov,The Economist,2026-06-05,2026-06-08,1568,A,29,62,https://d3nkl3psvxxpe9.cloudfront.net/documents/econTabReport_nvajahp.pdf,-33,NA,-34.142831265246826,1.7233736437148216e-6
economy,Global Strategy Group/GBAO (Navigator Research),NA,2026-06-04,2026-06-08,1000,RV,38,61,https://navigatorresearch.org/trumps-ballroom-and-other-recent-actions-lead-americans-to-believe-hes-focused-on-the-wrong-things/,-23,NA,-22.573516623170725,2.180536874430001e-6
inflation,Global Strategy Group/GBAO (Navigator Research),NA,2026-06-04,2026-06-08,1000,RV,27,69,https://navigatorresearch.org/trumps-ballroom-and-other-recent-actions-lead-americans-to-believe-hes-focused-on-the-wrong-things/,-42,NA,-41.57351662317073,2.180536874430001e-6
healthcare,Global Strategy Group/GBAO (Navigator Research),NA,2026-06-04,2026-06-08,1000,RV,36,58,https://navigatorresearch.org/trumps-ballroom-and-other-recent-actions-lead-americans-to-believe-hes-focused-on-the-wrong-things/,-22,NA,-21.573516623170725,2.180536874430001e-6
foreign_policy,Global Strategy Group/GBAO (Navigator Research),NA,2026-06-04,2026-06-08,1000,RV,36,57,https://navigatorresearch.org/trumps-ballroom-and-other-recent-actions-lead-americans-to-believe-hes-focused-on-the-wrong-things/,-21,NA,-20.573516623170725,2.180536874430001e-6
immigration,Global Strategy Group/GBAO (Navigator Research),NA,2026-06-04,2026-06-08,1000,RV,42,54,https://navigatorresearch.org/trumps-ballroom-and-other-recent-actions-lead-americans-to-believe-hes-focused-on-the-wrong-things/,-12,NA,-11.573516623170725,2.180536874430001e-6
immigration,Morning Consult,NA,2026-06-06,2026-06-08,2200,RV,48,46,https://pro-assets.morningconsult.com/wp-uploads/2026/06/MCPI-PI-Weekly_260609.html,2,NA,-11.719085250761303,1.3261768652073045e-6
foreign_policy,Morning Consult,NA,2026-06-06,2026-06-08,2200,RV,45,47,https://pro-assets.morningconsult.com/wp-uploads/2026/06/MCPI-PI-Weekly_260609.html,-2,NA,-15.719085250761303,1.3261768652073045e-6
trade_tariffs,Morning Consult,NA,2026-06-06,2026-06-08,2200,RV,43,48,https://pro-assets.morningconsult.com/wp-uploads/2026/06/MCPI-PI-Weekly_260609.html,-5,NA,-18.719085250761303,1.3261768652073045e-6
healthcare,Morning Consult,NA,2026-06-06,2026-06-08,2200,RV,40,52,https://pro-assets.morningconsult.com/wp-uploads/2026/06/MCPI-PI-Weekly_260609.html,-12,NA,-25.719085250761303,1.3261768652073045e-6
economy,Morning Consult,NA,2026-06-06,2026-06-08,2200,RV,41,53,https://pro-assets.morningconsult.com/wp-uploads/2026/06/MCPI-PI-Weekly_260609.html,-12,NA,-25.719085250761303,1.3261768652073045e-6
foreign_policy,Harris Insights & Analytics,Forbes,2026-05-22,2026-06-09,2010,A,41,52,https://www.harrisx.com/content/forbes-harrisx-american-confidence-tracker-june-2026,-11,NA,-13.20850972401766,2.917902659175306e-6
economy,Harris Insights & Analytics,Forbes,2026-05-24,2026-06-11,2010,A,36,59,https://www.harrisx.com/content/forbes-harrisx-american-confidence-tracker-june-2026,-23,NA,-25.20850972401766,3.402024731573417e-6
economy,Marist College,NPR | PBS News,2026-06-08,2026-06-11,1340,A,33,60,https://maristpoll.marist.edu/polls/its-trumps-economy-and-americans-are-not-impressed-june-2026/,-27,NA,-22.444127380785893,1.8220419452539462e-5
iran,RMG Research,Napolitan News Service,2026-06-10,2026-06-11,1000,RV,40,57,https://napolitannews.org/posts/majority-expect-at-least-6-more-months-of-war,-17,NA,-24.847069136431294,2.7096615433575314e-6
trade_tariffs,Harris Insights & Analytics,Forbes,2026-05-25,2026-06-12,2010,A,36,56,https://www.harrisx.com/content/forbes-harrisx-american-confidence-tracker-june-2026,-20,NA,-22.20850972401766,3.673421806777568e-6
iran,Harris Insights & Analytics,Forbes,2026-05-26,2026-06-13,2010,A,33,59,https://www.harrisx.com/content/forbes-harrisx-american-confidence-tracker-june-2026,-26,NA,-28.20850972401766,3.966469627711396e-6
inflation,Harris Insights & Analytics,Forbes,2026-05-27,2026-06-14,2010,A,29,64,https://www.harrisx.com/content/forbes-harrisx-american-confidence-tracker-june-2026,-35,NA,-37.20850972401765,4.282895386130006e-6
economy,Ipsos,Reuters,2026-06-12,2026-06-15,1537,A,30,63,https://www.ipsos.com/en-us/reutersipsos-june-2026-poll-0,-33,NA,-28.429889822926093,2.9180447832526934e-6
immigration,Ipsos,Reuters,2026-06-12,2026-06-15,1537,A,40,52,https://www.ipsos.com/en-us/reutersipsos-june-2026-poll-0,-12,NA,-7.429889822926086,2.9180447832526934e-6
crime,Ipsos,Reuters,2026-06-12,2026-06-15,1537,A,41,47,https://www.ipsos.com/en-us/reutersipsos-june-2026-poll-0,-6,NA,-1.4298898229260857,2.9180447832526934e-6
foreign_policy,Ipsos,Reuters,2026-06-12,2026-06-15,1537,A,34,56,https://www.ipsos.com/en-us/reutersipsos-june-2026-poll-0,-22,NA,-17.429889822926086,2.9180447832526934e-6
inflation,Ipsos,Reuters,2026-06-12,2026-06-15,1537,A,23,70,https://www.ipsos.com/en-us/reutersipsos-june-2026-poll-0,-47,NA,-42.4298898229261,2.9180447832526934e-6
crime,YouGov,The Economist,2026-06-13,2026-06-15,1549,A,44,45,https://d3nkl3psvxxpe9.cloudfront.net/documents/econTabReport_GpnDRNm.pdf,-1,NA,-2.1428312652468193,2.956936708418021e-6
immigration,YouGov,The Economist,2026-06-13,2026-06-15,1549,A,44,50,https://d3nkl3psvxxpe9.cloudfront.net/documents/econTabReport_GpnDRNm.pdf,-6,NA,-7.142831265246819,2.956936708418021e-6
immigration,Beacon Research/Shaw & Co. Research,FOX News,2026-06-12,2026-06-15,1002,RV,43,57,https://www.foxnews.com/politics/fox-news-poll-most-rate-economy-negatively-including-half-republicans,-14,NA,-10.875018758966696,7.009296006319032e-6
iran,Beacon Research/Shaw & Co. Research,FOX News,2026-06-12,2026-06-15,1002,RV,35,64,https://www.foxnews.com/politics/fox-news-poll-most-rate-economy-negatively-including-half-republicans,-29,NA,-25.875018758966696,7.009296006319032e-6
economy,Beacon Research/Shaw & Co. Research,FOX News,2026-06-12,2026-06-15,1002,RV,31,68,https://www.foxnews.com/politics/fox-news-poll-most-rate-economy-negatively-including-half-republicans,-37,NA,-33.875018758966704,7.009296006319032e-6
economy,AP-NORC,NA,2026-06-11,2026-06-17,3040,A,33,66,https://apnorc.org/projects/trumps-overall-approval-rating-is-steady/?doing_wp_cron=1781890416.8100750446319580078125,-33,NA,-25.07373828056089,3.0031127206587257e-6
immigration,AP-NORC,NA,2026-06-11,2026-06-17,3040,A,40,59,https://apnorc.org/projects/trumps-overall-approval-rating-is-steady/?doing_wp_cron=1781890416.8100750446319580078125,-19,NA,-11.073738280560889,3.0031127206587257e-6
iran,AP-NORC,NA,2026-06-11,2026-06-17,3040,A,34,65,https://apnorc.org/projects/trumps-overall-approval-rating-is-steady/?doing_wp_cron=1781890416.8100750446319580078125,-31,NA,-23.07373828056089,3.0031127206587257e-6
immigration,RMG Research,Napolitan News Service,2026-06-17,2026-06-18,1000,RV,46,52,https://napolitannews.org/posts/trumps-approval-ratings-slump-across-key-issues,-6,NA,-13.847069136431294,4.637120493846439e-6
crime,RMG Research,Napolitan News Service,2026-06-17,2026-06-18,1000,RV,46,52,https://napolitannews.org/posts/trumps-approval-ratings-slump-across-key-issues,-6,NA,-13.847069136431294,4.637120493846439e-6
healthcare,RMG Research,Napolitan News Service,2026-06-17,2026-06-18,1000,RV,38,58,https://napolitannews.org/posts/trumps-approval-ratings-slump-across-key-issues,-20,NA,-27.847069136431294,4.637120493846439e-6
economy,RMG Research,Napolitan News Service,2026-06-17,2026-06-18,1000,RV,36,64,https://napolitannews.org/posts/trumps-approval-ratings-slump-across-key-issues,-28,NA,-35.8470691364313,4.637120493846439e-6
inflation,RMG Research,Napolitan News Service,2026-06-17,2026-06-18,1000,RV,29,69,https://napolitannews.org/posts/trumps-approval-ratings-slump-across-key-issues,-40,NA,-47.8470691364313,4.637120493846439e-6
economy,YouGov,CBS News,2026-06-17,2026-06-19,2519,A,34,66,https://www.cbsnews.com/news/opinion-poll-iran-war/,-32,NA,-33.14283126524682,5.218189181725843e-6
inflation,YouGov,CBS News,2026-06-17,2026-06-19,2519,A,27,73,https://www.cbsnews.com/news/opinion-poll-iran-war/,-46,NA,-47.142831265246826,5.218189181725843e-6
immigration,YouGov,CBS News,2026-06-17,2026-06-19,2519,A,43,57,https://www.cbsnews.com/news/opinion-poll-iran-war/,-14,NA,-15.14283126524682,5.218189181725843e-6
iran,YouGov,CBS News,2026-06-17,2026-06-19,2519,A,36,64,https://www.cbsnews.com/news/opinion-poll-iran-war/,-28,NA,-29.14283126524682,5.218189181725843e-6
economy,American Research Group,NA,2026-06-16,2026-06-20,1100,A,26,70,https://americanresearchgroup.com/economy/,-44,NA,-33.5668492319562,3.939052885965448e-6
economy,Ipsos,Reuters,2026-06-18,2026-06-22,1262,A,29,62,https://www.ipsos.com/sites/default/files/ct/news/documents/2026-06/Reuters%20Ipsos%20June%20Core%20Political%20Topline.pdf,-33,NA,-28.429889822926093,4.5249942301143955e-6
immigration,Ipsos,Reuters,2026-06-18,2026-06-22,1262,A,37,55,https://www.ipsos.com/sites/default/files/ct/news/documents/2026-06/Reuters%20Ipsos%20June%20Core%20Political%20Topline.pdf,-18,NA,-13.429889822926086,4.5249942301143955e-6
crime,Ipsos,Reuters,2026-06-18,2026-06-22,1262,A,37,52,https://www.ipsos.com/sites/default/files/ct/news/documents/2026-06/Reuters%20Ipsos%20June%20Core%20Political%20Topline.pdf,-15,NA,-10.429889822926086,4.5249942301143955e-6
foreign_policy,Ipsos,Reuters,2026-06-18,2026-06-22,1262,A,32,56,https://www.ipsos.com/sites/default/files/ct/news/documents/2026-06/Reuters%20Ipsos%20June%20Core%20Political%20Topline.pdf,-24,NA,-19.429889822926086,4.5249942301143955e-6
inflation,Ipsos,Reuters,2026-06-18,2026-06-22,1262,A,22,69,https://www.ipsos.com/sites/default/files/ct/news/documents/2026-06/Reuters%20Ipsos%20June%20Core%20Political%20Topline.pdf,-47,NA,-42.4298898229261,4.5249942301143955e-6
iran,Ipsos,Reuters,2026-06-18,2026-06-22,1262,A,28,61,https://www.ipsos.com/sites/default/files/ct/news/documents/2026-06/Reuters%20Ipsos%20June%20Core%20Political%20Topline.pdf,-33,NA,-28.429889822926086,4.5249942301143955e-6
inflation,Verasight,Strength In Numbers,2026-06-17,2026-06-22,2087,A,25,71,https://www.gelliottmorris.com/p/2026-06-24-june-strength-in-numbers-verasight-poll,-46,NA,-44.26574860140165,2.191361278441333e-6
healthcare,Verasight,Strength In Numbers,2026-06-17,2026-06-22,2087,A,30,62,https://www.gelliottmorris.com/p/2026-06-24-june-strength-in-numbers-verasight-poll,-32,NA,-30.26574860140164,2.191361278441333e-6
economy,Verasight,Strength In Numbers,2026-06-17,2026-06-22,2087,A,35,60,https://www.gelliottmorris.com/p/2026-06-24-june-strength-in-numbers-verasight-poll,-25,NA,-23.26574860140164,2.191361278441333e-6
trade_tariffs,Verasight,Strength In Numbers,2026-06-17,2026-06-22,2087,A,35,58,https://www.gelliottmorris.com/p/2026-06-24-june-strength-in-numbers-verasight-poll,-23,NA,-21.26574860140164,2.191361278441333e-6
foreign_policy,Verasight,Strength In Numbers,2026-06-17,2026-06-22,2087,A,35,57,https://www.gelliottmorris.com/p/2026-06-24-june-strength-in-numbers-verasight-poll,-22,NA,-20.26574860140164,2.191361278441333e-6
immigration,Verasight,Strength In Numbers,2026-06-17,2026-06-22,2087,A,42,54,https://www.gelliottmorris.com/p/2026-06-24-june-strength-in-numbers-verasight-poll,-12,NA,-10.26574860140164,2.191361278441333e-6
crime,Verasight,Strength In Numbers,2026-06-17,2026-06-22,2087,A,42,52,https://www.gelliottmorris.com/p/2026-06-24-june-strength-in-numbers-verasight-poll,-10,NA,-8.26574860140164,2.191361278441333e-6
foreign_policy,YouGov,The Economist,2026-06-19,2026-06-22,1679,A,38,53,https://d3nkl3psvxxpe9.cloudfront.net/documents/econTabReport_v8p0Pe8.pdf,-15,NA,-16.14283126524682,5.363287578845872e-6
trade_tariffs,YouGov,The Economist,2026-06-19,2026-06-22,1679,A,32,61,https://d3nkl3psvxxpe9.cloudfront.net/documents/econTabReport_v8p0Pe8.pdf,-29,NA,-30.142831265246823,5.363287578845872e-6
iran,YouGov,The Economist,2026-06-19,2026-06-22,1679,A,34,55,https://d3nkl3psvxxpe9.cloudfront.net/documents/econTabReport_v8p0Pe8.pdf,-21,NA,-22.14283126524682,5.363287578845872e-6
immigration,Morning Consult,NA,2026-06-19,2026-06-22,2200,RV,48,44,https://pro-assets.morningconsult.com/wp-uploads/2026/06/MCPI-PI-Weekly_260622.html,4,NA,-9.719085250761303,3.8839006680211086e-6
trade_tariffs,Morning Consult,NA,2026-06-19,2026-06-22,2200,RV,42,47,https://pro-assets.morningconsult.com/wp-uploads/2026/06/MCPI-PI-Weekly_260622.html,-5,NA,-18.719085250761303,3.8839006680211086e-6
foreign_policy,Morning Consult,NA,2026-06-19,2026-06-22,2200,RV,42,49,https://pro-assets.morningconsult.com/wp-uploads/2026/06/MCPI-PI-Weekly_260622.html,-7,NA,-20.719085250761303,3.8839006680211086e-6
economy,Morning Consult,NA,2026-06-19,2026-06-22,2200,RV,41,52,https://pro-assets.morningconsult.com/wp-uploads/2026/06/MCPI-PI-Weekly_260622.html,-11,NA,-24.719085250761303,3.8839006680211086e-6
healthcare,Morning Consult,NA,2026-06-19,2026-06-22,2200,RV,39,52,https://pro-assets.morningconsult.com/wp-uploads/2026/06/MCPI-PI-Weekly_260622.html,-13,NA,-26.719085250761303,3.8839006680211086e-6
immigration,Quinnipiac University,NA,2026-06-18,2026-06-22,1165,RV,42,55,https://poll.qu.edu/poll-release?releaseid=3961,-13,NA,-10.93666773944264,9.317888198606739e-6
economy,Quinnipiac University,NA,2026-06-18,2026-06-22,1165,RV,39,59,https://poll.qu.edu/poll-release?releaseid=3961,-20,NA,-17.93666773944264,9.317888198606739e-6
foreign_policy,Quinnipiac University,NA,2026-06-18,2026-06-22,1165,RV,37,59,https://poll.qu.edu/poll-release?releaseid=3961,-22,NA,-19.93666773944264,9.317888198606739e-6
iran,Quinnipiac University,NA,2026-06-18,2026-06-22,1165,RV,34,62,https://poll.qu.edu/poll-release?releaseid=3961,-28,NA,-25.93666773944264,9.317888198606739e-6
economy,Echelon Insights,NA,2026-06-18,2026-06-22,1003,LV,38,60,https://echeloninsights.com/insights/june-2026-america-250-verified-voter-omnibus,-22,NA,-25.48860462488409,1.018052816655756e-5
immigration,Echelon Insights,NA,2026-06-18,2026-06-22,1003,LV,44,54,https://echeloninsights.com/insights/june-2026-america-250-verified-voter-omnibus,-10,NA,-13.48860462488409,1.018052816655756e-5
foreign_policy,Echelon Insights,NA,2026-06-18,2026-06-22,1003,LV,38,59,https://echeloninsights.com/insights/june-2026-america-250-verified-voter-omnibus,-21,NA,-24.48860462488409,1.018052816655756e-5
economy,YouGov,Winthrop University Center for Public Opinion & Policy Research,2026-06-18,2026-06-23,2150,A,35,61,https://www.winthrop.edu/winthroppoll/2026-july-winthroppoll-results.aspx,-26,NA,-27.14283126524682,6.739659761098829e-6
inflation,YouGov,Winthrop University Center for Public Opinion & Policy Research,2026-06-18,2026-06-23,2150,A,28,70,https://www.winthrop.edu/winthroppoll/2026-july-winthroppoll-results.aspx,-42,NA,-43.142831265246826,6.739659761098829e-6
immigration,YouGov,Winthrop University Center for Public Opinion & Policy Research,2026-06-18,2026-06-23,2150,A,44,53,https://www.winthrop.edu/winthroppoll/2026-july-winthroppoll-results.aspx,-9,NA,-10.14283126524682,6.739659761098829e-6
iran,YouGov,Winthrop University Center for Public Opinion & Policy Research,2026-06-18,2026-06-23,2150,A,32,62,https://www.winthrop.edu/winthroppoll/2026-july-winthroppoll-results.aspx,-30,NA,-31.142831265246823,6.739659761098829e-6
foreign_policy,YouGov,Winthrop University Center for Public Opinion & Policy Research,2026-06-18,2026-06-23,2150,A,38,58,https://www.winthrop.edu/winthroppoll/2026-july-winthroppoll-results.aspx,-20,NA,-21.14283126524682,6.739659761098829e-6
economy,Morning Consult,NA,2026-06-26,2026-06-28,2202,RV,40,52,https://drive.google.com/file/d/1r9X_-vXE-Kkv1lXR5cu1KtWd-LAEMSJW/view,-12,NA,-25.719085250761303,6.427414897701331e-6
healthcare,Morning Consult,NA,2026-06-26,2026-06-28,2202,RV,42,52,https://drive.google.com/file/d/1r9X_-vXE-Kkv1lXR5cu1KtWd-LAEMSJW/view,-10,NA,-23.719085250761303,6.427414897701331e-6
immigration,Morning Consult,NA,2026-06-26,2026-06-28,2202,RV,49,46,https://drive.google.com/file/d/1r9X_-vXE-Kkv1lXR5cu1KtWd-LAEMSJW/view,3,NA,-10.719085250761303,6.427414897701331e-6
foreign_policy,Morning Consult,NA,2026-06-26,2026-06-28,2202,RV,42,51,https://drive.google.com/file/d/1r9X_-vXE-Kkv1lXR5cu1KtWd-LAEMSJW/view,-9,NA,-22.719085250761303,6.427414897701331e-6
healthcare,YouGov,The Economist,2026-06-26,2026-06-29,1606,A,34,57,https://d3nkl3psvxxpe9.cloudfront.net/documents/econTabReport_1tbbxVr.pdf,-23,NA,-24.14283126524682,9.231908960248366e-6
immigration,Focaldata,Financial Times,2026-06-26,2026-06-30,2016,A,41,46,https://www.focaldata.com/blog/ossoffism-and-the-gops-elite-problem,-5,NA,-3.204462264476909,1.4833258827711047e-5
foreign_policy,Focaldata,Financial Times,2026-06-26,2026-06-30,2016,A,30,50,https://www.focaldata.com/blog/ossoffism-and-the-gops-elite-problem,-20,NA,-18.20446226447691,1.4833258827711047e-5
economy,Focaldata,Financial Times,2026-06-26,2026-06-30,2016,A,29,56,https://www.focaldata.com/blog/ossoffism-and-the-gops-elite-problem,-27,NA,-25.20446226447691,1.4833258827711047e-5
iran,Focaldata,Financial Times,2026-06-26,2026-06-30,2016,A,27,56,https://www.focaldata.com/blog/ossoffism-and-the-gops-elite-problem,-29,NA,-27.20446226447691,1.4833258827711047e-5
trade_tariffs,Focaldata,Financial Times,2026-06-26,2026-06-30,2016,A,27,56,https://www.focaldata.com/blog/ossoffism-and-the-gops-elite-problem,-29,NA,-27.20446226447691,1.4833258827711047e-5
healthcare,Focaldata,Financial Times,2026-06-26,2026-06-30,2016,A,25,55,https://www.focaldata.com/blog/ossoffism-and-the-gops-elite-problem,-30,NA,-28.204462264476906,1.4833258827711047e-5
inflation,Focaldata,Financial Times,2026-06-26,2026-06-30,2016,A,20,67,https://www.focaldata.com/blog/ossoffism-and-the-gops-elite-problem,-47,NA,-45.2044622644769,1.4833258827711047e-5
economy,Global Strategy Group/GBAO (Navigator Research),NA,2026-06-25,2026-06-30,1000,RV,35,63,https://navigatorresearch.org/war-with-iran-remains-unpopular-at-home/,-28,NA,-27.573516623170725,1.5450351765073385e-5
foreign_policy,Global Strategy Group/GBAO (Navigator Research),NA,2026-06-25,2026-06-30,1000,RV,36,58,https://navigatorresearch.org/war-with-iran-remains-unpopular-at-home/,-22,NA,-21.573516623170725,1.5450351765073385e-5
economy,YouGov,The Economist,2026-07-03,2026-07-06,1603,A,32,63,https://d3nkl3psvxxpe9.cloudfront.net/documents/econTabReport_Qxo6bev.pdf,-31,NA,-32.142831265246826,1.6781917937460148e-5
inflation,YouGov,The Economist,2026-07-03,2026-07-06,1603,A,27,67,https://d3nkl3psvxxpe9.cloudfront.net/documents/econTabReport_Qxo6bev.pdf,-40,NA,-41.142831265246826,1.6781917937460148e-5
immigration,Morning Consult,NA,2026-07-03,2026-07-06,2200,RV,48,45,https://pro-assets.morningconsult.com/wp-uploads/2026/07/MCPI-PI-Weekly_260706.html,3,NA,-10.719085250761303,1.1871502405047329e-5
trade_tariffs,Morning Consult,NA,2026-07-03,2026-07-06,2200,RV,43,48,https://pro-assets.morningconsult.com/wp-uploads/2026/07/MCPI-PI-Weekly_260706.html,-5,NA,-18.719085250761303,1.1871502405047329e-5
foreign_policy,Morning Consult,NA,2026-07-03,2026-07-06,2200,RV,43,48,https://pro-assets.morningconsult.com/wp-uploads/2026/07/MCPI-PI-Weekly_260706.html,-5,NA,-18.719085250761303,1.1871502405047329e-5
healthcare,Morning Consult,NA,2026-07-03,2026-07-06,2200,RV,42,49,https://pro-assets.morningconsult.com/wp-uploads/2026/07/MCPI-PI-Weekly_260706.html,-7,NA,-20.719085250761303,1.1871502405047329e-5
economy,Morning Consult,NA,2026-07-03,2026-07-06,2200,RV,43,51,https://pro-assets.morningconsult.com/wp-uploads/2026/07/MCPI-PI-Weekly_260706.html,-8,NA,-21.719085250761303,1.1871502405047329e-5
iran,RMG Research,Napolitan News Service,2026-07-10,2026-07-11,1000,RV,40,57,https://napolitannews.org/posts/half-of-voters-say-iran-war-ending-is-at-least-a-few-months-away,-17,NA,-24.847069136431294,3.2815630924923136e-5
economy,Hart Research Associates/Public Opinion Strategies,CNBC,2026-07-08,2026-07-12,1000,RV,38,60,https://www.cnbc.com/2026/07/17/democratic-socialists-top-maga-candidates-all-america-poll.html,-22,NA,-24.75667439845663,1.0157695206083291e-4
iran,Hart Research Associates/Public Opinion Strategies,CNBC,2026-07-08,2026-07-12,1000,RV,35,63,https://www.cnbc.com/2026/07/17/democratic-socialists-top-maga-candidates-all-america-poll.html,-28,NA,-30.75667439845663,1.0157695206083291e-4
inflation,Hart Research Associates/Public Opinion Strategies,CNBC,2026-07-08,2026-07-12,1000,RV,31,68,https://www.cnbc.com/2026/07/17/democratic-socialists-top-maga-candidates-all-america-poll.html,-37,NA,-39.75667439845664,1.0157695206083291e-4
economy,Ipsos,The Washington Post,2026-07-08,2026-07-13,2648,A,33,65,https://www.washingtonpost.com/politics/2026/07/16/trump-approval-stuck-30s-post-ipsos-poll-shows/,-32,NA,-27.4298898229261,3.9686551258596265e-5
immigration,Ipsos,The Washington Post,2026-07-08,2026-07-13,2648,A,40,59,https://www.washingtonpost.com/politics/2026/07/16/trump-approval-stuck-30s-post-ipsos-poll-shows/,-19,NA,-14.429889822926086,3.9686551258596265e-5
iran,Ipsos,The Washington Post,2026-07-08,2026-07-13,2648,A,29,69,https://www.washingtonpost.com/politics/2026/07/16/trump-approval-stuck-30s-post-ipsos-poll-shows/,-40,NA,-35.4298898229261,3.9686551258596265e-5
foreign_policy,YouGov,The Economist,2026-07-10,2026-07-13,1616,A,34,57,https://d3nkl3psvxxpe9.cloudfront.net/documents/econTabReport_ie0SzVb.pdf,-23,NA,-24.14283126524682,3.172604683346448e-5
trade_tariffs,YouGov,The Economist,2026-07-10,2026-07-13,1616,A,34,57,https://d3nkl3psvxxpe9.cloudfront.net/documents/econTabReport_ie0SzVb.pdf,-23,NA,-24.14283126524682,3.172604683346448e-5
iran,YouGov,The Economist,2026-07-10,2026-07-13,1616,A,31,59,https://d3nkl3psvxxpe9.cloudfront.net/documents/econTabReport_ie0SzVb.pdf,-28,NA,-29.142831265246823,3.172604683346448e-5
economy,Morning Consult,NA,2026-07-10,2026-07-13,2200,RV,41,51,https://drive.google.com/file/d/1cggsijQl76RMmlpuDL991Z3uyHfXfiZh/view,-10,NA,-23.719085250761303,2.2176045433395923e-5
healthcare,Morning Consult,NA,2026-07-10,2026-07-13,2200,RV,40,50,https://drive.google.com/file/d/1cggsijQl76RMmlpuDL991Z3uyHfXfiZh/view,-10,NA,-23.719085250761303,2.2176045433395923e-5
immigration,Morning Consult,NA,2026-07-10,2026-07-13,2200,RV,49,44,https://drive.google.com/file/d/1cggsijQl76RMmlpuDL991Z3uyHfXfiZh/view,5,NA,-8.719085250761303,2.2176045433395923e-5
foreign_policy,Morning Consult,NA,2026-07-10,2026-07-13,2200,RV,44,47,https://drive.google.com/file/d/1cggsijQl76RMmlpuDL991Z3uyHfXfiZh/view,-3,NA,-16.719085250761303,2.2176045433395923e-5
economy,Echelon Insights,NA,2026-07-09,2026-07-13,1004,LV,35,61,https://echeloninsights.com/insights/july-2026-verified-voter-omnibus-1,-26,NA,-29.48860462488409,5.7590967558888454e-5
immigration,Echelon Insights,NA,2026-07-09,2026-07-13,1004,LV,42,55,https://echeloninsights.com/insights/july-2026-verified-voter-omnibus-1,-13,NA,-16.48860462488409,5.7590967558888454e-5
foreign_policy,Echelon Insights,NA,2026-07-09,2026-07-13,1004,LV,37,59,https://echeloninsights.com/insights/july-2026-verified-voter-omnibus-1,-22,NA,-25.48860462488409,5.7590967558888454e-5
iran,RMG Research,Napolitan News Service,2026-07-13,2026-07-14,1000,RV,40,53,https://napolitannews.org/posts/half-of-voters-say-iran-war-ending-is-at-least-a-few-months-away,-13,NA,-20.847069136431294,4.131243167544427e-5
immigration,RMG Research,Napolitan News Service,2026-07-13,2026-07-14,1000,RV,46,51,https://napolitannews.org/posts/trump-sees-mild-bounce-in-approval-on-economy-inflation-long-way-to-go,-5,NA,-12.847069136431294,4.131243167544427e-5
crime,RMG Research,Napolitan News Service,2026-07-13,2026-07-14,1000,RV,46,48,https://napolitannews.org/posts/trump-sees-mild-bounce-in-approval-on-economy-inflation-long-way-to-go,-2,NA,-9.847069136431294,4.131243167544427e-5
healthcare,RMG Research,Napolitan News Service,2026-07-13,2026-07-14,1000,RV,43,50,https://napolitannews.org/posts/trump-sees-mild-bounce-in-approval-on-economy-inflation-long-way-to-go,-7,NA,-14.847069136431294,4.131243167544427e-5
economy,RMG Research,Napolitan News Service,2026-07-13,2026-07-14,1000,RV,40,56,https://napolitannews.org/posts/trump-sees-mild-bounce-in-approval-on-economy-inflation-long-way-to-go,-16,NA,-23.847069136431294,4.131243167544427e-5
inflation,RMG Research,Napolitan News Service,2026-07-13,2026-07-14,1000,RV,35,60,https://napolitannews.org/posts/trump-sees-mild-bounce-in-approval-on-economy-inflation-long-way-to-go,-25,NA,-32.847069136431294,4.131243167544427e-5
inflation,Verasight,Strength In Numbers,2026-07-14,2026-07-17,1514,A,27,69,https://www.gelliottmorris.com/p/2026-07-21-july-strength-in-numbers-verasight-poll,-42,NA,-40.26574860140165,1.4985898318598737e-5
healthcare,Verasight,Strength In Numbers,2026-07-14,2026-07-17,1514,A,32,61,https://www.gelliottmorris.com/p/2026-07-21-july-strength-in-numbers-verasight-poll,-29,NA,-27.26574860140164,1.4985898318598737e-5
economy,Verasight,Strength In Numbers,2026-07-14,2026-07-17,1514,A,36,59,https://www.gelliottmorris.com/p/2026-07-21-july-strength-in-numbers-verasight-poll,-23,NA,-21.26574860140164,1.4985898318598737e-5
foreign_policy,Verasight,Strength In Numbers,2026-07-14,2026-07-17,1514,A,37,57,https://www.gelliottmorris.com/p/2026-07-21-july-strength-in-numbers-verasight-poll,-20,NA,-18.26574860140164,1.4985898318598737e-5
trade_tariffs,Verasight,Strength In Numbers,2026-07-14,2026-07-17,1514,A,37,57,https://www.gelliottmorris.com/p/2026-07-21-july-strength-in-numbers-verasight-poll,-20,NA,-18.26574860140164,1.4985898318598737e-5
crime,Verasight,Strength In Numbers,2026-07-14,2026-07-17,1514,A,41,53,https://www.gelliottmorris.com/p/2026-07-21-july-strength-in-numbers-verasight-poll,-12,NA,-10.26574860140164,1.4985898318598737e-5
immigration,Verasight,Strength In Numbers,2026-07-14,2026-07-17,1514,A,42,54,https://www.gelliottmorris.com/p/2026-07-21-july-strength-in-numbers-verasight-poll,-12,NA,-10.26574860140164,1.4985898318598737e-5
economy,Morning Consult,NA,2026-07-17,2026-07-19,2200,RV,39,53,https://drive.google.com/file/d/1ScxP9BFh2WgpxNaL2PSkQcHn4I877sXi/view,-14,NA,-27.719085250761303,3.514666344309758e-5
healthcare,Morning Consult,NA,2026-07-17,2026-07-19,2200,RV,40,50,https://drive.google.com/file/d/1ScxP9BFh2WgpxNaL2PSkQcHn4I877sXi/view,-10,NA,-23.719085250761303,3.514666344309758e-5
immigration,Morning Consult,NA,2026-07-17,2026-07-19,2200,RV,47,46,https://drive.google.com/file/d/1ScxP9BFh2WgpxNaL2PSkQcHn4I877sXi/view,1,NA,-12.719085250761303,3.514666344309758e-5
foreign_policy,Morning Consult,NA,2026-07-17,2026-07-19,2200,RV,43,48,https://drive.google.com/file/d/1ScxP9BFh2WgpxNaL2PSkQcHn4I877sXi/view,-5,NA,-18.719085250761303,3.514666344309758e-5
economy,American Research Group,NA,2026-07-16,2026-07-20,1100,A,28,70,https://americanresearchgroup.com/economy/,-42,NA,-31.56684923195619,4.82433482022642e-5
crime,YouGov,The Economist,2026-07-17,2026-07-20,1602,A,41,49,https://d3nkl3psvxxpe9.cloudfront.net/documents/econTabReport_ESdiNMa.pdf,-8,NA,-9.14283126524682,5.4783630346106225e-5
immigration,YouGov,The Economist,2026-07-17,2026-07-20,1602,A,39,54,https://d3nkl3psvxxpe9.cloudfront.net/documents/econTabReport_ESdiNMa.pdf,-15,NA,-16.14283126524682,5.4783630346106225e-5
immigration,Beacon Research/Shaw & Co. Research,FOX News,2026-07-17,2026-07-20,1003,RV,42,57,https://www.foxnews.com/politics/fox-news-poll-voters-want-major-change-amid-economic-political-discontent,-15,NA,-11.875018758966696,1.2302932840078587e-4
iran,Beacon Research/Shaw & Co. Research,FOX News,2026-07-17,2026-07-20,1003,RV,34,66,https://www.foxnews.com/politics/fox-news-poll-voters-want-major-change-amid-economic-political-discontent,-32,NA,-28.875018758966696,1.2302932840078587e-4
economy,Beacon Research/Shaw & Co. Research,FOX News,2026-07-17,2026-07-20,1003,RV,33,67,https://www.foxnews.com/politics/fox-news-poll-voters-want-major-change-amid-economic-political-discontent,-34,NA,-30.875018758966696,1.2302932840078587e-4
inflation,Beacon Research/Shaw & Co. Research,FOX News,2026-07-17,2026-07-20,1003,RV,27,73,https://www.foxnews.com/politics/fox-news-poll-voters-want-major-change-amid-economic-political-discontent,-46,NA,-42.875018758966696,1.2302932840078587e-4
iran,RMG Research,Napolitan News Service,2026-07-20,2026-07-21,1000,RV,41,52,https://napolitannews.org/posts/opinions-on-iran-remain-set-in-stone,-11,NA,-18.847069136431294,7.069913363993749e-5
inflation,Clarity Campaign Labs,NA,2026-07-17,2026-07-22,1000,LV,30,66,https://www.claritycampaigns.com/clarity-omnibus-2026-july,-36,NA,-39.735842035506195,9.480431549058194e-5
iran,Clarity Campaign Labs,NA,2026-07-17,2026-07-22,1000,LV,36,59,https://www.claritycampaigns.com/clarity-omnibus-2026-july,-23,NA,-26.735842035506188,9.480431549058194e-5
economy,Clarity Campaign Labs,NA,2026-07-17,2026-07-22,1000,LV,37,58,https://www.claritycampaigns.com/clarity-omnibus-2026-july,-21,NA,-24.735842035506188,9.480431549058194e-5
healthcare,Clarity Campaign Labs,NA,2026-07-17,2026-07-22,1000,LV,38,57,https://www.claritycampaigns.com/clarity-omnibus-2026-july,-19,NA,-22.735842035506188,9.480431549058194e-5
immigration,Clarity Campaign Labs,NA,2026-07-17,2026-07-22,1000,LV,46,50,https://www.claritycampaigns.com/clarity-omnibus-2026-july,-4,NA,-7.735842035506188,9.480431549058194e-5
economy,YouGov,CBS News,2026-07-22,2026-07-24,2193,A,35,65,https://www.cbsnews.com/news/iran-conflict-trump-opinion-poll/,-30,NA,-31.14283126524682,8.958577217857563e-5
inflation,YouGov,CBS News,2026-07-22,2026-07-24,2193,A,29,71,https://www.cbsnews.com/news/iran-conflict-trump-opinion-poll/,-42,NA,-43.142831265246826,8.958577217857563e-5
immigration,YouGov,CBS News,2026-07-22,2026-07-24,2193,A,42,58,https://www.cbsnews.com/news/iran-conflict-trump-opinion-poll/,-16,NA,-17.14283126524682,8.958577217857563e-5
economy,Ipsos,Reuters,2026-07-24,2026-07-26,1248,A,30,63,https://www.ipsos.com/en-us/americans-unimpressed-ideas-both-major-parties,-33,NA,-28.429889822926093,7.389669176945735e-5
immigration,Ipsos,Reuters,2026-07-24,2026-07-26,1248,A,38,55,https://www.ipsos.com/en-us/americans-unimpressed-ideas-both-major-parties,-17,NA,-12.429889822926086,7.389669176945735e-5
crime,Ipsos,Reuters,2026-07-24,2026-07-26,1248,A,36,50,https://www.ipsos.com/en-us/americans-unimpressed-ideas-both-major-parties,-14,NA,-9.429889822926086,7.389669176945735e-5
foreign_policy,Ipsos,Reuters,2026-07-24,2026-07-26,1248,A,29,60,https://www.ipsos.com/en-us/americans-unimpressed-ideas-both-major-parties,-31,NA,-26.429889822926086,7.389669176945735e-5
inflation,Ipsos,Reuters,2026-07-24,2026-07-26,1248,A,21,72,https://www.ipsos.com/en-us/americans-unimpressed-ideas-both-major-parties,-51,NA,-46.4298898229261,7.389669176945735e-5
iran,Ipsos,Reuters,2026-07-24,2026-07-26,1248,A,26,63,https://www.ipsos.com/en-us/americans-unimpressed-ideas-both-major-parties,-37,NA,-32.42988982292609,7.389669176945735e-5
immigration,Morning Consult,NA,2026-07-24,2026-07-26,2200,RV,48,44,https://pro-assets.morningconsult.com/wp-uploads/2026/07/MCPI-PI-Weekly_260727.html,4,NA,-9.719085250761303,6.36270399929174e-5
foreign_policy,Morning Consult,NA,2026-07-24,2026-07-26,2200,RV,44,47,https://pro-assets.morningconsult.com/wp-uploads/2026/07/MCPI-PI-Weekly_260727.html,-3,NA,-16.719085250761303,6.36270399929174e-5
trade_tariffs,Morning Consult,NA,2026-07-24,2026-07-26,2200,RV,44,47,https://pro-assets.morningconsult.com/wp-uploads/2026/07/MCPI-PI-Weekly_260727.html,-3,NA,-16.719085250761303,6.36270399929174e-5
healthcare,Morning Consult,NA,2026-07-24,2026-07-26,2200,RV,42,49,https://pro-assets.morningconsult.com/wp-uploads/2026/07/MCPI-PI-Weekly_260727.html,-7,NA,-20.719085250761303,6.36270399929174e-5
economy,Morning Consult,NA,2026-07-24,2026-07-26,2200,RV,42,50,https://pro-assets.morningconsult.com/wp-uploads/2026/07/MCPI-PI-Weekly_260727.html,-8,NA,-21.719085250761303,6.36270399929174e-5
iran,AP-NORC,NA,2026-07-23,2026-07-27,1165,A,28,69,https://apnorc.org/projects/most-say-the-war-with-iran-is-not-worth-fighting/,-41,NA,-33.07373828056089,4.905426437072734e-5
economy,SSRS,CNN,2026-07-23,2026-07-27,1225,A,30,70,https://www.cnn.com/2026/07/29/politics/cnn-poll-donald-trump-midterms-polls-iran-war,-40,NA,-29.521544714213057,9.706237457472356e-5
immigration,SSRS,CNN,2026-07-23,2026-07-27,1225,A,39,61,https://www.cnn.com/2026/07/29/politics/cnn-poll-donald-trump-midterms-polls-iran-war,-22,NA,-11.521544714213057,9.706237457472356e-5
inflation,SSRS,CNN,2026-07-23,2026-07-27,1225,A,25,75,https://www.cnn.com/2026/07/29/politics/cnn-poll-donald-trump-midterms-polls-iran-war,-50,NA,-39.521544714213064,9.706237457472356e-5
iran,SSRS,CNN,2026-07-23,2026-07-27,1225,A,28,72,https://www.cnn.com/2026/07/29/politics/cnn-poll-donald-trump-midterms-polls-iran-war,-44,NA,-33.521544714213064,9.706237457472356e-5
healthcare,YouGov,The Economist,2026-07-25,2026-07-27,1559,A,31,59,https://d3nkl3psvxxpe9.cloudfront.net/documents/econTabReport_0t0YpHo.pdf,-28,NA,-29.142831265246823,9.509173757549218e-5
foreign_policy,YouGov,The Economist,2026-07-25,2026-07-27,1559,A,32,60,https://d3nkl3psvxxpe9.cloudfront.net/documents/econTabReport_0t0YpHo.pdf,-28,NA,-29.142831265246823,9.509173757549218e-5
trade_tariffs,YouGov,The Economist,2026-07-25,2026-07-27,1559,A,30,60,https://d3nkl3psvxxpe9.cloudfront.net/documents/econTabReport_0t0YpHo.pdf,-30,NA,-31.142831265246823,9.509173757549218e-5
economy,Global Strategy Group/GBAO (Navigator Research),NA,2026-07-23,2026-07-27,1000,RV,35,62,https://navigatorresearch.org/sticker-shock-rising-gas-prices-and-billions-spent-on-war-are-turning-americans-against-trump/,-27,NA,-26.573516623170725,1.4521196071316225e-4
healthcare,Global Strategy Group/GBAO (Navigator Research),NA,2026-07-23,2026-07-27,1000,RV,35,60,https://navigatorresearch.org/sticker-shock-rising-gas-prices-and-billions-spent-on-war-are-turning-americans-against-trump/,-25,NA,-24.573516623170725,1.4521196071316225e-4
foreign_policy,Global Strategy Group/GBAO (Navigator Research),NA,2026-07-23,2026-07-27,1000,RV,35,59,https://navigatorresearch.org/sticker-shock-rising-gas-prices-and-billions-spent-on-war-are-turning-americans-against-trump/,-24,NA,-23.573516623170725,1.4521196071316225e-4
immigration,Quinnipiac University,NA,2026-07-23,2026-07-27,963,RV,40,57,https://poll.qu.edu/poll-release?releaseid=3964,-17,NA,-14.93666773944264,1.435832274313382e-4
trade_tariffs,Quinnipiac University,NA,2026-07-23,2026-07-27,963,RV,37,58,https://poll.qu.edu/poll-release?releaseid=3964,-21,NA,-18.93666773944264,1.435832274313382e-4
economy,Quinnipiac University,NA,2026-07-23,2026-07-27,963,RV,34,62,https://poll.qu.edu/poll-release?releaseid=3964,-28,NA,-25.93666773944264,1.435832274313382e-4
foreign_policy,Quinnipiac University,NA,2026-07-23,2026-07-27,963,RV,34,62,https://poll.qu.edu/poll-release?releaseid=3964,-28,NA,-25.93666773944264,1.435832274313382e-4
iran,Quinnipiac University,NA,2026-07-23,2026-07-27,963,RV,28,66,https://poll.qu.edu/poll-release?releaseid=3964,-38,NA,-35.936667739442655,1.435832274313382e-4
iran,RMG Research,Napolitan News Service,2026-07-27,2026-07-28,1000,RV,41,52,https://napolitannews.org/posts/iran-approval-unchanged-but-interest-rises-after-relative-lull,-11,NA,-18.847069136431294,1.252359564555064e-4
immigration,Morning Consult,NA,2026-07-31,2026-08-02,2200,RV,49,45,https://pro-assets.morningconsult.com/wp-uploads/2026/08/MCPI-PI-Weekly.html,4,NA,-9.719085250761303,1.1447427456060283e-4
trade_tariffs,Morning Consult,NA,2026-07-31,2026-08-02,2200,RV,43,47,https://pro-assets.morningconsult.com/wp-uploads/2026/08/MCPI-PI-Weekly.html,-4,NA,-17.719085250761303,1.1447427456060283e-4
foreign_policy,Morning Consult,NA,2026-07-31,2026-08-02,2200,RV,43,49,https://pro-assets.morningconsult.com/wp-uploads/2026/08/MCPI-PI-Weekly.html,-6,NA,-19.719085250761303,1.1447427456060283e-4
economy,Morning Consult,NA,2026-07-31,2026-08-02,2200,RV,41,53,https://pro-assets.morningconsult.com/wp-uploads/2026/08/MCPI-PI-Weekly.html,-12,NA,-25.719085250761303,1.1447427456060283e-4
healthcare,Morning Consult,NA,2026-07-31,2026-08-02,2200,RV,39,53,https://pro-assets.morningconsult.com/wp-uploads/2026/08/MCPI-PI-Weekly.html,-14,NA,-27.719085250761303,1.1447427456060283e-4
economy,Ipsos,Reuters,2026-07-29,2026-08-03,4505,A,28,63,https://www.ipsos.com/en-us/reutersipsos-august-2026-poll,-35,NA,-30.429889822926093,2.706407394441981e-4
immigration,Ipsos,Reuters,2026-07-29,2026-08-03,4505,A,38,54,https://www.ipsos.com/en-us/reutersipsos-august-2026-poll,-16,NA,-11.429889822926086,2.706407394441981e-4
crime,Ipsos,Reuters,2026-07-29,2026-08-03,4505,A,38,50,https://www.ipsos.com/en-us/reutersipsos-august-2026-poll,-12,NA,-7.429889822926086,2.706407394441981e-4
foreign_policy,Ipsos,Reuters,2026-07-29,2026-08-03,4505,A,30,58,https://www.ipsos.com/en-us/reutersipsos-august-2026-poll,-28,NA,-23.429889822926086,2.706407394441981e-4
inflation,Ipsos,Reuters,2026-07-29,2026-08-03,4505,A,22,70,https://www.ipsos.com/en-us/reutersipsos-august-2026-poll,-48,NA,-43.4298898229261,2.706407394441981e-4
iran,Ipsos,Reuters,2026-07-29,2026-08-03,4505,A,28,60,https://www.ipsos.com/en-us/reutersipsos-august-2026-poll,-32,NA,-27.429889822926086,2.706407394441981e-4
economy,YouGov,The Economist,2026-07-31,2026-08-03,1609,A,30,65,https://d3nkl3psvxxpe9.cloudfront.net/documents/econTabReport_mjKhx0z.pdf,-35,NA,-36.142831265246826,1.7289805747878396e-4
inflation,YouGov,The Economist,2026-07-31,2026-08-03,1609,A,25,69,https://d3nkl3psvxxpe9.cloudfront.net/documents/econTabReport_mjKhx0z.pdf,-44,NA,-45.142831265246826,1.7289805747878396e-4
immigration,John Zogby Strategies,NA,2026-08-04,2026-08-05,1000,LV,44,51,https://johnzogbystrategies.com/lowest-trump-approval-ratings-maga-numbers-spell-major-trouble-for-midterm-prospects/,-7,NA,-15.687157614573863,2.6941014125908287e-4
crime,John Zogby Strategies,NA,2026-08-04,2026-08-05,1000,LV,40,51,https://johnzogbystrategies.com/lowest-trump-approval-ratings-maga-numbers-spell-major-trouble-for-midterm-prospects/,-11,NA,-19.687157614573863,2.6941014125908287e-4
inflation,John Zogby Strategies,NA,2026-08-04,2026-08-05,1000,LV,32,62,https://johnzogbystrategies.com/lowest-trump-approval-ratings-maga-numbers-spell-major-trouble-for-midterm-prospects/,-30,NA,-38.68715761457388,2.6941014125908287e-4
iran,John Zogby Strategies,NA,2026-08-04,2026-08-05,1000,LV,33,61,https://johnzogbystrategies.com/lowest-trump-approval-ratings-maga-numbers-spell-major-trouble-for-midterm-prospects/,-28,NA,-36.68715761457386,2.6941014125908287e-4
crime,YouGov,The Economist,2026-08-07,2026-08-10,1589,A,40,50,https://d3nkl3psvxxpe9.cloudfront.net/documents/econTabReport_pKJG0WT.pdf,-10,NA,-11.14283126524682,3.2011091364714776e-4
immigration,YouGov,The Economist,2026-08-07,2026-08-10,1589,A,40,53,https://d3nkl3psvxxpe9.cloudfront.net/documents/econTabReport_pKJG0WT.pdf,-13,NA,-14.14283126524682,3.2011091364714776e-4
immigration,Focaldata,Financial Times,2026-08-07,2026-08-11,2152,A,41,44,https://www.focaldata.com/blog/democrats-maintain-lead-three-months-out-from-midterms,-3,NA,-0.2743788518438919,4.7147435385953954e-4
inflation,Focaldata,Financial Times,2026-08-07,2026-08-11,2152,A,21,64,https://www.focaldata.com/blog/democrats-maintain-lead-three-months-out-from-midterms,-43,NA,-40.274378851843885,4.7147435385953954e-4
economy,Focaldata,Financial Times,2026-08-07,2026-08-11,2152,A,29,55,https://www.focaldata.com/blog/democrats-maintain-lead-three-months-out-from-midterms,-26,NA,-23.274378851843892,4.7147435385953954e-4
healthcare,Focaldata,Financial Times,2026-08-07,2026-08-11,2152,A,27,52,https://www.focaldata.com/blog/democrats-maintain-lead-three-months-out-from-midterms,-25,NA,-22.274378851843892,4.7147435385953954e-4
foreign_policy,Focaldata,Financial Times,2026-08-07,2026-08-11,2152,A,30,50,https://www.focaldata.com/blog/democrats-maintain-lead-three-months-out-from-midterms,-20,NA,-17.274378851843892,4.7147435385953954e-4
iran,Focaldata,Financial Times,2026-08-07,2026-08-11,2152,A,26,54,https://www.focaldata.com/blog/democrats-maintain-lead-three-months-out-from-midterms,-28,NA,-25.274378851843892,4.7147435385953954e-4
trade_tariffs,Focaldata,Financial Times,2026-08-07,2026-08-11,2152,A,28,55,https://www.focaldata.com/blog/democrats-maintain-lead-three-months-out-from-midterms,-27,NA,-24.274378851843892,4.7147435385953954e-4
iran,RMG Research,Napolitan News Service,2026-08-10,2026-08-11,1000,RV,38,55,https://napolitannews.org/posts/on-iran-trump-approval-back-in-the-30s,-17,NA,-24.847069136431294,5.186933754950098e-4
trade_tariffs,Wave Polling And Research/Verasight,NA,2026-08-07,2026-08-11,1591,RV,35,61,https://wavepolling.com/results/2026-08-17-economic-costs-deportations/,-26,NA,-21.40928120676243,2.5636804542157734e-4
healthcare,Wave Polling And Research/Verasight,NA,2026-08-07,2026-08-11,1591,RV,33,61,https://wavepolling.com/results/2026-08-17-economic-costs-deportations/,-28,NA,-23.40928120676243,2.5636804542157734e-4
economy,Wave Polling And Research/Verasight,NA,2026-08-07,2026-08-11,1591,RV,32,64,https://wavepolling.com/results/2026-08-17-economic-costs-deportations/,-32,NA,-27.40928120676243,2.5636804542157734e-4
immigration,Morning Consult,NA,2026-08-14,2026-08-16,2200,RV,47,46,https://pro-assets.morningconsult.com/wp-uploads/2026/08/MCPI-PI-Weekly.html,1,NA,-12.719085250761303,3.8376676926535894e-4
trade_tariffs,Morning Consult,NA,2026-08-14,2026-08-16,2200,RV,44,47,https://pro-assets.morningconsult.com/wp-uploads/2026/08/MCPI-PI-Weekly.html,-3,NA,-16.719085250761303,3.8376676926535894e-4
foreign_policy,Morning Consult,NA,2026-08-14,2026-08-16,2200,RV,41,49,https://pro-assets.morningconsult.com/wp-uploads/2026/08/MCPI-PI-Weekly.html,-8,NA,-21.719085250761303,3.8376676926535894e-4
healthcare,Morning Consult,NA,2026-08-14,2026-08-16,2200,RV,40,51,https://pro-assets.morningconsult.com/wp-uploads/2026/08/MCPI-PI-Weekly.html,-11,NA,-24.719085250761303,3.8376676926535894e-4
economy,Morning Consult,NA,2026-08-14,2026-08-16,2200,RV,40,53,https://pro-assets.morningconsult.com/wp-uploads/2026/08/MCPI-PI-Weekly.html,-13,NA,-26.719085250761303,3.8376676926535894e-4
economy,OH Predictive Insights,NA,2026-08-12,2026-08-16,2533,RV,40,58,https://www.thecentersquare.com/polls/,-18,NA,-22.33547656774134,0.0038322433544445336
economy,Ipsos,Reuters,2026-08-14,2026-08-17,1166,A,29,64,https://www.reuters.com/data/trumps-approval-rating-2025-01-21/,-35,NA,-30.429889822926093,4.443469038726238e-4
immigration,Ipsos,Reuters,2026-08-14,2026-08-17,1166,A,38,55,https://www.reuters.com/data/trumps-approval-rating-2025-01-21/,-17,NA,-12.429889822926086,4.443469038726238e-4
foreign_policy,YouGov,The Economist,2026-08-14,2026-08-17,1611,A,31,62,https://d3nkl3psvxxpe9.cloudfront.net/documents/econTabReport_ZMy1Zxu.pdf,-31,NA,-32.142831265246826,5.85053924764175e-4
trade_tariffs,YouGov,The Economist,2026-08-14,2026-08-17,1611,A,30,64,https://d3nkl3psvxxpe9.cloudfront.net/documents/econTabReport_ZMy1Zxu.pdf,-34,NA,-35.142831265246826,5.85053924764175e-4
iran,YouGov,The Economist,2026-08-14,2026-08-17,1611,A,30,62,https://d3nkl3psvxxpe9.cloudfront.net/documents/econTabReport_ZMy1Zxu.pdf,-32,NA,-33.142831265246826,5.85053924764175e-4
economy,Echelon Insights,NA,2026-08-13,2026-08-17,1002,LV,37,61,https://echeloninsights.com/insights/august-2026-verified-voter-omnibus,-24,NA,-27.48860462488409,0.00099023755967152325
immigration,Echelon Insights,NA,2026-08-13,2026-08-17,1002,LV,44,54,https://echeloninsights.com/insights/august-2026-verified-voter-omnibus,-10,NA,-13.48860462488409,0.00099023755967152325
foreign_policy,Echelon Insights,NA,2026-08-13,2026-08-17,1002,LV,38,59,https://echeloninsights.com/insights/august-2026-verified-voter-omnibus,-21,NA,-24.48860462488409,0.00099023755967152325
iran,Echelon Insights,NA,2026-08-13,2026-08-17,1002,LV,34,63,https://echeloninsights.com/insights/august-2026-verified-voter-omnibus,-29,NA,-32.488604624884076,0.00099023755967152325
immigration,RMG Research,Napolitan News Service,2026-08-17,2026-08-18,1000,RV,45,52,https://napolitannews.org/posts/trumps-approval-falls-across-the-board-on-issues-in-august,-7,NA,-14.847069136431294,9.587766077706651e-4
crime,RMG Research,Napolitan News Service,2026-08-17,2026-08-18,1000,RV,44,49,https://napolitannews.org/posts/trumps-approval-falls-across-the-board-on-issues-in-august,-5,NA,-12.847069136431294,9.587766077706651e-4
economy,RMG Research,Napolitan News Service,2026-08-17,2026-08-18,1000,RV,38,59,https://napolitannews.org/posts/trumps-approval-falls-across-the-board-on-issues-in-august,-21,NA,-28.847069136431294,9.587766077706651e-4
healthcare,RMG Research,Napolitan News Service,2026-08-17,2026-08-18,1000,RV,38,58,https://napolitannews.org/posts/trumps-approval-falls-across-the-board-on-issues-in-august,-20,NA,-27.847069136431294,9.587766077706651e-4
inflation,RMG Research,Napolitan News Service,2026-08-17,2026-08-18,1000,RV,34,62,https://napolitannews.org/posts/trumps-approval-falls-across-the-board-on-issues-in-august,-28,NA,-35.84706913643129,9.587766077706651e-4
economy,American Research Group,NA,2026-08-15,2026-08-19,1100,A,28,69,https://americanresearchgroup.com/economy/,-41,NA,-30.56684923195619,6.822639732192974e-4
inflation,Verasight,Strength In Numbers,2026-08-14,2026-08-19,1514,A,24,72,https://www.gelliottmorris.com/p/2026-08-25-august-strength-in-numbers-verasight-poll-release,-48,NA,-46.26574860140165,2.4133632297736e-4
healthcare,Verasight,Strength In Numbers,2026-08-14,2026-08-19,1514,A,32,62,https://www.gelliottmorris.com/p/2026-08-25-august-strength-in-numbers-verasight-poll-release,-30,NA,-28.26574860140164,2.4133632297736e-4
foreign_policy,Verasight,Strength In Numbers,2026-08-14,2026-08-19,1514,A,33,60,https://www.gelliottmorris.com/p/2026-08-25-august-strength-in-numbers-verasight-poll-release,-27,NA,-25.26574860140164,2.4133632297736e-4
economy,Verasight,Strength In Numbers,2026-08-14,2026-08-19,1514,A,35,62,https://www.gelliottmorris.com/p/2026-08-25-august-strength-in-numbers-verasight-poll-release,-27,NA,-25.26574860140164,2.4133632297736e-4
trade_tariffs,Verasight,Strength In Numbers,2026-08-14,2026-08-19,1514,A,34,59,https://www.gelliottmorris.com/p/2026-08-25-august-strength-in-numbers-verasight-poll-release,-25,NA,-23.26574860140164,2.4133632297736e-4
immigration,Verasight,Strength In Numbers,2026-08-14,2026-08-19,1514,A,41,56,https://www.gelliottmorris.com/p/2026-08-25-august-strength-in-numbers-verasight-poll-release,-15,NA,-13.26574860140164,2.4133632297736e-4
crime,Verasight,Strength In Numbers,2026-08-14,2026-08-19,1514,A,41,54,https://www.gelliottmorris.com/p/2026-08-25-august-strength-in-numbers-verasight-poll-release,-13,NA,-11.26574860140164,2.4133632297736e-4
economy,Ipsos,Reuters,2026-08-21,2026-08-24,1215,A,26,66,https://www.ipsos.com/en-us/americans-continue-expect-extended-us-military-involvement-iran,-40,NA,-35.4298898229261,8.757134716423552e-4
immigration,Ipsos,Reuters,2026-08-21,2026-08-24,1215,A,36,56,https://www.ipsos.com/en-us/americans-continue-expect-extended-us-military-involvement-iran,-20,NA,-15.429889822926086,8.757134716423552e-4
crime,Ipsos,Reuters,2026-08-21,2026-08-24,1215,A,34,54,https://www.ipsos.com/en-us/americans-continue-expect-extended-us-military-involvement-iran,-20,NA,-15.429889822926086,8.757134716423552e-4
foreign_policy,Ipsos,Reuters,2026-08-21,2026-08-24,1215,A,29,60,https://www.ipsos.com/en-us/americans-continue-expect-extended-us-military-involvement-iran,-31,NA,-26.429889822926086,8.757134716423552e-4
inflation,Ipsos,Reuters,2026-08-21,2026-08-24,1215,A,20,72,https://www.ipsos.com/en-us/americans-continue-expect-extended-us-military-involvement-iran,-52,NA,-47.4298898229261,8.757134716423552e-4
iran,Ipsos,Reuters,2026-08-21,2026-08-24,1215,A,25,63,https://www.ipsos.com/en-us/americans-continue-expect-extended-us-military-involvement-iran,-38,NA,-33.42988982292609,8.757134716423552e-4
healthcare,YouGov,The Economist,2026-08-21,2026-08-24,1536,A,32,57,https://d3nkl3psvxxpe9.cloudfront.net/documents/econTabReport_v7iliA1.pdf,-25,NA,-26.142831265246823,0.001021107223591518
economy,Global Strategy Group/GBAO (Navigator Research),NA,2026-08-21,2026-08-24,1000,RV,34,63,https://navigatorresearch.org/views-on-voting-by-mail-in-the-wake-of-scotus-decision/,-29,NA,-28.573516623170725,0.0019692720961667484
inflation,University of Massachusetts (Amherst),NA,2026-08-21,2026-08-26,1000,A,22,75,https://www.wcvb.com/article/trump-iran-umass-poll/73562411,-53,NA,-44.48346265563313,0.002085612022387121
immigration,University of Massachusetts (Amherst),NA,2026-08-21,2026-08-26,1000,A,37,59,https://www.wcvb.com/article/trump-iran-umass-poll/73562411,-22,NA,-13.483462655633119,0.002085612022387121
iran,University of Massachusetts (Amherst),NA,2026-08-21,2026-08-26,1000,A,25,68,https://www.wcvb.com/article/trump-iran-umass-poll/73562411,-43,NA,-34.48346265563313,0.002085612022387121
crime,Harris Insights & Analytics,Harvard CAPS,2026-08-28,2026-08-30,2100,RV,48,45,https://harvardharrispoll.com/topline-august-2026/,3,NA,-5.475142376675315,0.002795608673010736
immigration,Harris Insights & Analytics,Harvard CAPS,2026-08-28,2026-08-30,2100,RV,47,47,https://harvardharrispoll.com/topline-august-2026/,0,NA,-8.475142376675315,0.002795608673010736
economy,Harris Insights & Analytics,Harvard CAPS,2026-08-28,2026-08-30,2100,RV,41,54,https://harvardharrispoll.com/topline-august-2026/,-13,NA,-21.475142376675315,0.002795608673010736
foreign_policy,Harris Insights & Analytics,Harvard CAPS,2026-08-28,2026-08-30,2100,RV,41,52,https://harvardharrispoll.com/topline-august-2026/,-11,NA,-19.475142376675315,0.002795608673010736
iran,Harris Insights & Analytics,Harvard CAPS,2026-08-28,2026-08-30,2100,RV,39,54,https://harvardharrispoll.com/topline-august-2026/,-15,NA,-23.475142376675315,0.002795608673010736
trade_tariffs,Harris Insights & Analytics,Harvard CAPS,2026-08-28,2026-08-30,2100,RV,38,55,https://harvardharrispoll.com/topline-august-2026/,-17,NA,-25.475142376675315,0.002795608673010736
inflation,Harris Insights & Analytics,Harvard CAPS,2026-08-28,2026-08-30,2100,RV,37,56,https://harvardharrispoll.com/topline-august-2026/,-19,NA,-27.475142376675315,0.002795608673010736
economy,Morning Consult,NA,2026-08-28,2026-08-30,2200,RV,37,55,https://drive.google.com/file/d/1mz53nbxVmkDaSt2l6gfcGff3hiOikKPJ/view,-18,NA,-31.719085250761303,0.0012354563639144502
healthcare,Morning Consult,NA,2026-08-28,2026-08-30,2200,RV,36,53,https://drive.google.com/file/d/1mz53nbxVmkDaSt2l6gfcGff3hiOikKPJ/view,-17,NA,-30.719085250761303,0.0012354563639144502
immigration,Morning Consult,NA,2026-08-28,2026-08-30,2200,RV,45,47,https://drive.google.com/file/d/1mz53nbxVmkDaSt2l6gfcGff3hiOikKPJ/view,-2,NA,-15.719085250761303,0.0012354563639144502
economy,Ipsos,Reuters,2026-08-28,2026-08-31,1167,A,28,65,https://www.ipsos.com/en-us/cost-living-remains-top-mind-voters-heading-2026-midterms,-37,NA,-32.4298898229261,0.0014687323246707796
immigration,Ipsos,Reuters,2026-08-28,2026-08-31,1167,A,37,55,https://www.ipsos.com/en-us/cost-living-remains-top-mind-voters-heading-2026-midterms,-18,NA,-13.429889822926086,0.0014687323246707796
crime,Ipsos,Reuters,2026-08-28,2026-08-31,1167,A,37,50,https://www.ipsos.com/en-us/cost-living-remains-top-mind-voters-heading-2026-midterms,-13,NA,-8.429889822926086,0.0014687323246707796
foreign_policy,Ipsos,Reuters,2026-08-28,2026-08-31,1167,A,30,58,https://www.ipsos.com/en-us/cost-living-remains-top-mind-voters-heading-2026-midterms,-28,NA,-23.429889822926086,0.0014687323246707796
inflation,Ipsos,Reuters,2026-08-28,2026-08-31,1167,A,21,72,https://www.ipsos.com/en-us/cost-living-remains-top-mind-voters-heading-2026-midterms,-51,NA,-46.4298898229261,0.0014687323246707796
iran,Ipsos,Reuters,2026-08-28,2026-08-31,1167,A,27,61,https://www.ipsos.com/en-us/cost-living-remains-top-mind-voters-heading-2026-midterms,-34,NA,-29.429889822926086,0.0014687323246707796
iran,SurveyMonkey,NBC News,2026-08-20,2026-09-01,7105,A,31,69,https://www.nbcnews.com/politics/trump-administration/poll-cracks-emerge-gop-support-trump-handling-iran-war-rcna596068,-38,NA,-35.05707446915896,0.00394524912328557
immigration,Focaldata,Financial Times,2026-08-28,2026-09-02,2180,A,40,48,https://www.focaldata.com/blog/trump-approval-hits-record-low-as-democrats-extend-house-lead,-8,NA,-5.274378851843892,0.0036317297067026333
inflation,Focaldata,Financial Times,2026-08-28,2026-09-02,2180,A,17,69,https://www.focaldata.com/blog/trump-approval-hits-record-low-as-democrats-extend-house-lead,-52,NA,-49.274378851843885,0.0036317297067026333
economy,Focaldata,Financial Times,2026-08-28,2026-09-02,2180,A,26,58,https://www.focaldata.com/blog/trump-approval-hits-record-low-as-democrats-extend-house-lead,-32,NA,-29.274378851843892,0.0036317297067026333
healthcare,Focaldata,Financial Times,2026-08-28,2026-09-02,2180,A,23,55,https://www.focaldata.com/blog/trump-approval-hits-record-low-as-democrats-extend-house-lead,-32,NA,-29.274378851843892,0.0036317297067026333
foreign_policy,Focaldata,Financial Times,2026-08-28,2026-09-02,2180,A,28,53,https://www.focaldata.com/blog/trump-approval-hits-record-low-as-democrats-extend-house-lead,-25,NA,-22.274378851843892,0.0036317297067026333
iran,Focaldata,Financial Times,2026-08-28,2026-09-02,2180,A,24,58,https://www.focaldata.com/blog/trump-approval-hits-record-low-as-democrats-extend-house-lead,-34,NA,-31.274378851843892,0.0036317297067026333
trade_tariffs,Focaldata,Financial Times,2026-08-28,2026-09-02,2180,A,24,60,https://www.focaldata.com/blog/trump-approval-hits-record-low-as-democrats-extend-house-lead,-36,NA,-33.274378851843885,0.0036317297067026333
economy,Morning Consult,NA,2026-09-04,2026-09-06,2201,RV,38,54,https://drive.google.com/file/d/1tRrQzrZUZ4MZJ953Ir3hf8vSZx0vuHlv/view,-16,NA,-29.719085250761303,0.00237677595595052
healthcare,Morning Consult,NA,2026-09-04,2026-09-06,2201,RV,39,52,https://drive.google.com/file/d/1tRrQzrZUZ4MZJ953Ir3hf8vSZx0vuHlv/view,-13,NA,-26.719085250761303,0.00237677595595052
immigration,Morning Consult,NA,2026-09-04,2026-09-06,2201,RV,47,46,https://drive.google.com/file/d/1tRrQzrZUZ4MZJ953Ir3hf8vSZx0vuHlv/view,1,NA,-12.719085250761303,0.00237677595595052
immigration,Quinnipiac University,NA,2026-09-03,2026-09-06,970,RV,39,57,https://poll.qu.edu/poll-release?releaseid=3965,-18,NA,-15.93666773944264,0.004389193267116585
foreign_policy,Quinnipiac University,NA,2026-09-03,2026-09-06,970,RV,33,60,https://poll.qu.edu/poll-release?releaseid=3965,-27,NA,-24.93666773944264,0.004389193267116585
economy,Quinnipiac University,NA,2026-09-03,2026-09-06,970,RV,32,65,https://poll.qu.edu/poll-release?releaseid=3965,-33,NA,-30.936667739442647,0.004389193267116585
iran,Quinnipiac University,NA,2026-09-03,2026-09-06,970,RV,29,65,https://poll.qu.edu/poll-release?releaseid=3965,-36,NA,-33.936667739442655,0.004389193267116585
economy,YouGov,The Economist,2026-09-04,2026-09-08,1469,RV,31,66,https://d3nkl3psvxxpe9.cloudfront.net/documents/econTabReport_HGAKAIQ.pdf,-35,NA,-36.11963469175189,0.003702865928778485
inflation,YouGov,The Economist,2026-09-04,2026-09-08,1469,RV,28,68,https://d3nkl3psvxxpe9.cloudfront.net/documents/econTabReport_HGAKAIQ.pdf,-40,NA,-41.11963469175189,0.003702865928778485
economy,Marquette University Law School,NA,2026-09-02,2026-09-09,1023,A,28,72,https://law.marquette.edu/poll/2026/09/15/detailed-results-of-the-marquette-law-school-supreme-court-poll-september-2-9-2026/,-44,NA,-35.82439646356491,0.0074883678182286455
inflation,Marquette University Law School,NA,2026-09-02,2026-09-09,1023,A,19,80,https://law.marquette.edu/poll/2026/09/15/detailed-results-of-the-marquette-law-school-supreme-court-poll-september-2-9-2026/,-61,NA,-52.82439646356491,0.0074883678182286455
immigration,Marquette University Law School,NA,2026-09-02,2026-09-09,1023,A,43,56,https://law.marquette.edu/poll/2026/09/15/detailed-results-of-the-marquette-law-school-supreme-court-poll-september-2-9-2026/,-13,NA,-4.824396463564909,0.0074883678182286455
trade_tariffs,Marquette University Law School,NA,2026-09-02,2026-09-09,1023,A,30,70,https://law.marquette.edu/poll/2026/09/15/detailed-results-of-the-marquette-law-school-supreme-court-poll-september-2-9-2026/,-40,NA,-31.824396463564902,0.0074883678182286455
iran,Marquette University Law School,NA,2026-09-02,2026-09-09,1023,A,26,73,https://law.marquette.edu/poll/2026/09/15/detailed-results-of-the-marquette-law-school-supreme-court-poll-september-2-9-2026/,-47,NA,-38.82439646356491,0.0074883678182286455
foreign_policy,Marquette University Law School,NA,2026-09-02,2026-09-09,1023,A,34,66,https://law.marquette.edu/poll/2026/09/15/detailed-results-of-the-marquette-law-school-supreme-court-poll-september-2-9-2026/,-32,NA,-23.82439646356491,0.0074883678182286455
economy,YouGov,CBS News,2026-09-08,2026-09-11,2460,A,34,66,https://www.cbsnews.com/news/poll-trump-battleground-tracker-house-control-2026-midterm-elections/,-32,NA,-33.14283126524682,0.006032462672970087
inflation,YouGov,CBS News,2026-09-08,2026-09-11,2460,A,27,73,https://www.cbsnews.com/news/poll-trump-battleground-tracker-house-control-2026-midterm-elections/,-46,NA,-47.142831265246826,0.006032462672970087
immigration,YouGov,CBS News,2026-09-08,2026-09-11,2460,A,45,55,https://www.cbsnews.com/news/poll-trump-battleground-tracker-house-control-2026-midterm-elections/,-10,NA,-11.14283126524682,0.006032462672970087
iran,YouGov,CBS News,2026-09-08,2026-09-11,2460,A,36,64,https://www.cbsnews.com/news/poll-trump-battleground-tracker-house-control-2026-midterm-elections/,-28,NA,-29.14283126524682,0.006032462672970087
economy,Morning Consult,NA,2026-09-11,2026-09-13,2203,RV,39,55,https://data.ddhq.io/polls/2026/09/14/Morning-Consult-National,-16,NA,-29.719085250761303,0.004069291544618394
healthcare,Morning Consult,NA,2026-09-11,2026-09-13,2203,RV,40,51,https://data.ddhq.io/polls/2026/09/14/Morning-Consult-National,-11,NA,-24.719085250761303,0.004069291544618394
immigration,Morning Consult,NA,2026-09-11,2026-09-13,2203,RV,47,46,https://data.ddhq.io/polls/2026/09/14/Morning-Consult-National,1,NA,-12.719085250761303,0.004069291544618394
economy,The New York Times/Siena College,NA,2026-09-08,2026-09-13,1503,RV,39,60,https://www.nytimes.com/2026/09/15/us/politics/trump-midterm-election-poll.html,-21,NA,-17.38091839435058,0.012952242451554163
immigration,The New York Times/Siena College,NA,2026-09-08,2026-09-13,1503,RV,43,55,https://www.nytimes.com/2026/09/15/us/politics/trump-midterm-election-poll.html,-12,NA,-8.38091839435058,0.012952242451554163
trade_tariffs,The New York Times/Siena College,NA,2026-09-08,2026-09-13,1503,RV,39,58,https://www.nytimes.com/2026/09/15/us/politics/trump-midterm-election-poll.html,-19,NA,-15.38091839435058,0.012952242451554163
inflation,The New York Times/Siena College,NA,2026-09-08,2026-09-13,1503,RV,28,71,https://www.nytimes.com/2026/09/15/us/politics/trump-midterm-election-poll.html,-43,NA,-39.38091839435058,0.012952242451554163
iran,The New York Times/Siena College,NA,2026-09-08,2026-09-13,1503,RV,31,66,https://www.nytimes.com/2026/09/15/us/politics/trump-midterm-election-poll.html,-35,NA,-31.380918394350573,0.012952242451554163
economy,Ipsos,Reuters,2026-09-11,2026-09-14,1143,A,27,65,https://www.ipsos.com/en-us/reutersipsos-september-2026-survey,-38,NA,-33.4298898229261,0.005336350285999628
immigration,Ipsos,Reuters,2026-09-11,2026-09-14,1143,A,39,54,https://www.ipsos.com/en-us/reutersipsos-september-2026-survey,-15,NA,-10.429889822926086,0.005336350285999628
crime,Ipsos,Reuters,2026-09-11,2026-09-14,1143,A,37,51,https://www.ipsos.com/en-us/reutersipsos-september-2026-survey,-14,NA,-9.429889822926086,0.005336350285999628
foreign_policy,Ipsos,Reuters,2026-09-11,2026-09-14,1143,A,29,60,https://www.ipsos.com/en-us/reutersipsos-september-2026-survey,-31,NA,-26.429889822926086,0.005336350285999628
inflation,Ipsos,Reuters,2026-09-11,2026-09-14,1143,A,22,70,https://www.ipsos.com/en-us/reutersipsos-september-2026-survey,-48,NA,-43.4298898229261,0.005336350285999628
iran,Ipsos,Reuters,2026-09-11,2026-09-14,1143,A,28,62,https://www.ipsos.com/en-us/reutersipsos-september-2026-survey,-34,NA,-29.429889822926093,0.005336350285999628
immigration,Beacon Research/Shaw & Co. Research,FOX News,2026-09-11,2026-09-14,1211,RV,43,56,https://www.foxnews.com/politics/fox-news-poll-squeezed-costs-frustrated-voters-turn-democrats,-13,NA,-9.875018758966696,0.015190963409018376
foreign_policy,Beacon Research/Shaw & Co. Research,FOX News,2026-09-11,2026-09-14,1211,RV,37,61,https://www.foxnews.com/politics/fox-news-poll-squeezed-costs-frustrated-voters-turn-democrats,-24,NA,-20.875018758966696,0.015190963409018376
inflation,Beacon Research/Shaw & Co. Research,FOX News,2026-09-11,2026-09-14,1211,RV,24,74,https://www.foxnews.com/politics/fox-news-poll-squeezed-costs-frustrated-voters-turn-democrats,-50,NA,-46.875018758966696,0.015190963409018376
economy,Global Strategy Group/GBAO (Navigator Research),NA,2026-09-10,2026-09-14,1000,RV,36,62,https://navigatorresearch.org/chatbot-curious-data-center-skeptical/,-26,NA,-25.573516623170725,0.013957920647869037
immigration,YouGov,The Economist,2026-09-11,2026-09-14,1461,RV,45,52,https://d3nkl3psvxxpe9.cloudfront.net/documents/econTabReport_ZmVljW6.pdf,-7,NA,-8.119634691751884,0.005852645209181667
crime,YouGov,The Economist,2026-09-11,2026-09-14,1461,RV,43,49,https://d3nkl3psvxxpe9.cloudfront.net/documents/econTabReport_ZmVljW6.pdf,-6,NA,-7.119634691751884,0.005852645209181667
trade_tariffs,YouGov,The Economist,2026-09-11,2026-09-14,1461,RV,33,62,https://d3nkl3psvxxpe9.cloudfront.net/documents/econTabReport_ZmVljW6.pdf,-29,NA,-30.119634691751884,0.005852645209181667
iran,YouGov,The Economist,2026-09-11,2026-09-14,1461,RV,33,60,https://d3nkl3psvxxpe9.cloudfront.net/documents/econTabReport_ZmVljW6.pdf,-27,NA,-28.119634691751884,0.005852645209181667
inflation,YouGov,The Economist,2026-09-11,2026-09-14,1461,RV,29,66,https://d3nkl3psvxxpe9.cloudfront.net/documents/econTabReport_ZmVljW6.pdf,-37,NA,-38.11963469175189,0.005852645209181667
inflation,Clarity Campaign Labs,NA,2026-09-11,2026-09-16,1046,LV,29,68,https://www.claritycampaigns.com/clarity-omnibus-2026-september,-39,NA,-42.735842035506195,0.01008731571371194
iran,Clarity Campaign Labs,NA,2026-09-11,2026-09-16,1046,LV,36,60,https://www.claritycampaigns.com/clarity-omnibus-2026-september,-24,NA,-27.735842035506188,0.01008731571371194
healthcare,Clarity Campaign Labs,NA,2026-09-11,2026-09-16,1046,LV,35,59,https://www.claritycampaigns.com/clarity-omnibus-2026-september,-24,NA,-27.735842035506188,0.01008731571371194
economy,Clarity Campaign Labs,NA,2026-09-11,2026-09-16,1046,LV,38,59,https://www.claritycampaigns.com/clarity-omnibus-2026-september,-21,NA,-24.735842035506188,0.01008731571371194
immigration,Clarity Campaign Labs,NA,2026-09-11,2026-09-16,1046,LV,45,51,https://www.claritycampaigns.com/clarity-omnibus-2026-september,-6,NA,-9.735842035506188,0.01008731571371194
economy,SSRS,CNN,2026-09-16,2026-09-17,1206,A,33,67,https://www.cnn.com/2026/09/23/politics/cnn-poll-donald-trump-economy-midterms-vis,-34,NA,-23.521544714213057,0.006728437607414482
immigration,SSRS,CNN,2026-09-16,2026-09-17,1206,A,39,61,https://www.cnn.com/2026/09/23/politics/cnn-poll-donald-trump-economy-midterms-vis,-22,NA,-11.521544714213057,0.006728437607414482
foreign_policy,SSRS,CNN,2026-09-16,2026-09-17,1206,A,29,71,https://www.cnn.com/2026/09/23/politics/cnn-poll-donald-trump-economy-midterms-vis,-42,NA,-31.521544714213057,0.006728437607414482
inflation,SSRS,CNN,2026-09-16,2026-09-17,1206,A,20,80,https://www.cnn.com/2026/09/23/politics/cnn-poll-donald-trump-economy-midterms-vis,-60,NA,-49.521544714213064,0.006728437607414482
trade_tariffs,SSRS,CNN,2026-09-16,2026-09-17,1206,A,29,71,https://www.cnn.com/2026/09/23/politics/cnn-poll-donald-trump-economy-midterms-vis,-42,NA,-31.521544714213057,0.006728437607414482
iran,SSRS,CNN,2026-09-16,2026-09-17,1206,A,26,73,https://www.cnn.com/2026/09/23/politics/cnn-poll-donald-trump-economy-midterms-vis,-47,NA,-36.521544714213064,0.006728437607414482
inflation,John Zogby Strategies,NA,2026-09-15,2026-09-17,1007,LV,36,59,https://johnzogbystrategies.com/a-slight-bump-in-presidents-approval-comes-from-independent-voters/,-23,NA,-31.687157614573856,0.010369958205759528
iran,John Zogby Strategies,NA,2026-09-15,2026-09-17,1007,LV,40,55,https://johnzogbystrategies.com/a-slight-bump-in-presidents-approval-comes-from-independent-voters/,-15,NA,-23.687157614573863,0.010369958205759528
immigration,John Zogby Strategies,NA,2026-09-15,2026-09-17,1007,LV,50,46,https://johnzogbystrategies.com/a-slight-bump-in-presidents-approval-comes-from-independent-voters/,4,NA,-4.687157614573863,0.010369958205759528
crime,John Zogby Strategies,NA,2026-09-15,2026-09-17,1007,LV,48,46,https://johnzogbystrategies.com/a-slight-bump-in-presidents-approval-comes-from-independent-voters/,2,NA,-6.687157614573863,0.010369958205759528
economy,Ipsos,Reuters,2026-09-17,2026-09-20,1277,A,23,67,https://www.reuters.com/world/us/trump-approval-falls-career-low-32-high-costs-bite-reutersipsos-poll-finds-2026-09-21/,-44,NA,-39.4298898229261,0.011825940439062804
immigration,Ipsos,Reuters,2026-09-17,2026-09-20,1277,A,36,55,https://www.reuters.com/world/us/trump-approval-falls-career-low-32-high-costs-bite-reutersipsos-poll-finds-2026-09-21/,-19,NA,-14.429889822926086,0.011825940439062804
immigration,Morning Consult,NA,2026-09-18,2026-09-20,2201,RV,48,47,https://pro-assets.morningconsult.com/wp-uploads/2026/09/MCPI-PI-Weekly.html,1,NA,-12.719085250761303,0.007585281823623467
foreign_policy,Morning Consult,NA,2026-09-18,2026-09-20,2201,RV,43,50,https://pro-assets.morningconsult.com/wp-uploads/2026/09/MCPI-PI-Weekly.html,-7,NA,-20.719085250761303,0.007585281823623467
trade_tariffs,Morning Consult,NA,2026-09-18,2026-09-20,2201,RV,41,50,https://pro-assets.morningconsult.com/wp-uploads/2026/09/MCPI-PI-Weekly.html,-9,NA,-22.719085250761303,0.007585281823623467
healthcare,Morning Consult,NA,2026-09-18,2026-09-20,2201,RV,39,52,https://pro-assets.morningconsult.com/wp-uploads/2026/09/MCPI-PI-Weekly.html,-13,NA,-26.719085250761303,0.007585281823623467
economy,Morning Consult,NA,2026-09-18,2026-09-20,2201,RV,38,56,https://pro-assets.morningconsult.com/wp-uploads/2026/09/MCPI-PI-Weekly.html,-18,NA,-31.719085250761303,0.007585281823623467
trade_tariffs,Verasight,Strength In Numbers,2026-09-16,2026-09-21,1528,A,33,60,https://www.gelliottmorris.com/p/2026-09-23-september-strength-in-numbers-verasight-poll-release,-27,NA,-25.26574860140164,0.0050615994929955575
foreign_policy,Verasight,Strength In Numbers,2026-09-16,2026-09-21,1528,A,33,59,https://www.gelliottmorris.com/p/2026-09-23-september-strength-in-numbers-verasight-poll-release,-26,NA,-24.26574860140164,0.0050615994929955575
immigration,Verasight,Strength In Numbers,2026-09-16,2026-09-21,1528,A,42,53,https://www.gelliottmorris.com/p/2026-09-23-september-strength-in-numbers-verasight-poll-release,-11,NA,-9.26574860140164,0.0050615994929955575
crime,Verasight,Strength In Numbers,2026-09-16,2026-09-21,1528,A,42,52,https://www.gelliottmorris.com/p/2026-09-23-september-strength-in-numbers-verasight-poll-release,-10,NA,-8.26574860140164,0.0050615994929955575
immigration,YouGov,The Economist,2026-09-18,2026-09-21,1401,RV,41,55,https://d3nkl3psvxxpe9.cloudfront.net/documents/econTabReport_5WiMaRX.pdf,-14,NA,-15.119634691751884,0.009807978174139783
foreign_policy,YouGov,The Economist,2026-09-18,2026-09-21,1401,RV,36,58,https://d3nkl3psvxxpe9.cloudfront.net/documents/econTabReport_5WiMaRX.pdf,-22,NA,-23.119634691751884,0.009807978174139783
trade_tariffs,YouGov,The Economist,2026-09-18,2026-09-21,1401,RV,32,63,https://d3nkl3psvxxpe9.cloudfront.net/documents/econTabReport_5WiMaRX.pdf,-31,NA,-32.11963469175189,0.009807978174139783
economy,Echelon Insights,NA,2026-09-17,2026-09-21,1002,LV,32,67,https://echeloninsights.com/insights/september-2026-verified-voter-omnibus,-35,NA,-38.48860462488408,0.020555169368037446
immigration,Echelon Insights,NA,2026-09-17,2026-09-21,1002,LV,41,57,https://echeloninsights.com/insights/september-2026-verified-voter-omnibus,-16,NA,-19.48860462488409,0.020555169368037446
foreign_policy,Echelon Insights,NA,2026-09-17,2026-09-21,1002,LV,34,64,https://echeloninsights.com/insights/september-2026-verified-voter-omnibus,-30,NA,-33.48860462488409,0.020555169368037446
iran,Echelon Insights,NA,2026-09-17,2026-09-21,1002,LV,28,69,https://echeloninsights.com/insights/september-2026-verified-voter-omnibus,-41,NA,-44.48860462488408,0.020555169368037446
immigration,Morning Consult,NA,2026-09-25,2026-09-27,2202,RV,45,48,https://intel.morningconsult.com/mc-content/trackers/donald-trump-congress-policy-republicans-polling,-3,NA,-16.719085250761303,0.014404294953893435
foreign_policy,Morning Consult,NA,2026-09-25,2026-09-27,2202,RV,41,50,https://intel.morningconsult.com/mc-content/trackers/donald-trump-congress-policy-republicans-polling,-9,NA,-22.719085250761303,0.014404294953893435
trade_tariffs,Morning Consult,NA,2026-09-25,2026-09-27,2202,RV,40,51,https://intel.morningconsult.com/mc-content/trackers/donald-trump-congress-policy-republicans-polling,-11,NA,-24.719085250761303,0.014404294953893435
healthcare,Morning Consult,NA,2026-09-25,2026-09-27,2202,RV,36,54,https://intel.morningconsult.com/mc-content/trackers/donald-trump-congress-policy-republicans-polling,-18,NA,-31.719085250761303,0.014404294953893435
economy,Morning Consult,NA,2026-09-25,2026-09-27,2202,RV,37,56,https://intel.morningconsult.com/mc-content/trackers/donald-trump-congress-policy-republicans-polling,-19,NA,-32.7190852507613,0.014404294953893435
foreign_policy,Quinnipiac University,NA,2026-09-24,2026-09-27,1032,RV,34,62,https://poll.qu.edu/poll-release?releaseid=3968,-28,NA,-25.93666773944264,0.03465988189421943
economy,Quinnipiac University,NA,2026-09-24,2026-09-27,1032,RV,31,65,https://poll.qu.edu/poll-release?releaseid=3968,-34,NA,-31.936667739442655,0.03465988189421943
iran,Quinnipiac University,NA,2026-09-24,2026-09-27,1032,RV,28,66,https://poll.qu.edu/poll-release?releaseid=3968,-38,NA,-35.936667739442655,0.03465988189421943
economy,AP-NORC,NA,2026-09-24,2026-09-28,2140,A,26,73,https://apnorc.org/projects/most-blame-president-trump-for-higher-prices-and-are-unhappy-with-how-he-is-handling-the-economy/,-47,NA,-39.0737382805609,0.009168774978405549
immigration,AP-NORC,NA,2026-09-24,2026-09-28,2140,A,39,60,https://apnorc.org/projects/most-blame-president-trump-for-higher-prices-and-are-unhappy-with-how-he-is-handling-the-economy/,-21,NA,-13.073738280560889,0.009168774978405549
iran,AP-NORC,NA,2026-09-24,2026-09-28,2140,A,28,71,https://apnorc.org/projects/most-blame-president-trump-for-higher-prices-and-are-unhappy-with-how-he-is-handling-the-economy/,-43,NA,-35.0737382805609,0.009168774978405549
trade_tariffs,AP-NORC,NA,2026-09-24,2026-09-28,2140,A,31,68,https://apnorc.org/projects/most-blame-president-trump-for-higher-prices-and-are-unhappy-with-how-he-is-handling-the-economy/,-37,NA,-29.07373828056089,0.009168774978405549
inflation,AP-NORC,NA,2026-09-24,2026-09-28,2140,A,17,82,https://apnorc.org/projects/most-blame-president-trump-for-higher-prices-and-are-unhappy-with-how-he-is-handling-the-economy/,-65,NA,-57.0737382805609,0.009168774978405549
healthcare,YouGov,The Economist,2026-09-25,2026-09-28,1429,RV,35,60,https://d3nkl3psvxxpe9.cloudfront.net/documents/econTabReport_CCphJ5Q.pdf,-25,NA,-26.119634691751884,0.021442225654577447
iran,YouGov,The Economist,2026-09-25,2026-09-28,1429,RV,31,63,https://d3nkl3psvxxpe9.cloudfront.net/documents/econTabReport_CCphJ5Q.pdf,-32,NA,-33.11963469175189,0.021442225654577447
