pollster,sponsors,sponsor_candidate,state,start_date,end_date,sample_size,population,subpopulation,population_full,candidate_name,pct,party,url,mode,tracking,partisan,internal,hypothetical,election_date,stage,question_id
CWS Research,Defend Texas Liberty PAC (hybrid PAC),NA,Texas,2022-07-09,2022-07-10,1918,RV,R,RV-R,John Cornyn,31,REP,https://drive.google.com/file/d/1eNg8qDs0MpbzlQKqdwTXPrgzM4dSdL4N/view,IVR/Text,FALSE,REP,FALSE,TRUE,2026-03-03,primary,222838
CWS Research,Defend Texas Liberty PAC (hybrid PAC),NA,Texas,2022-07-09,2022-07-10,1918,RV,R,RV-R,Ken Paxton Jr.,51,REP,https://drive.google.com/file/d/1eNg8qDs0MpbzlQKqdwTXPrgzM4dSdL4N/view,IVR/Text,FALSE,REP,FALSE,TRUE,2026-03-03,primary,222838
CWS Research,Defend Texas Liberty PAC (hybrid PAC),NA,Texas,2022-10-19,2022-10-23,823,RV,R,RV-R,John Cornyn,35,REP,https://texasscorecard.com/wp-content/uploads/2022/10/22.10.25-defend-texas-liberty-texas-statewide-2022-republicans-october-issue-poll.pdf,IVR/Text-to-Web,FALSE,REP,FALSE,TRUE,2026-03-03,primary,222837
CWS Research,Defend Texas Liberty PAC (hybrid PAC),NA,Texas,2022-10-19,2022-10-23,823,RV,R,RV-R,Chip Roy,18,REP,https://texasscorecard.com/wp-content/uploads/2022/10/22.10.25-defend-texas-liberty-texas-statewide-2022-republicans-october-issue-poll.pdf,IVR/Text-to-Web,FALSE,REP,FALSE,TRUE,2026-03-03,primary,222837
CWS Research,Defend Texas Liberty PAC (hybrid PAC),NA,Texas,2022-10-19,2022-10-23,823,RV,R,RV-R,Ronny Jackson,14,REP,https://texasscorecard.com/wp-content/uploads/2022/10/22.10.25-defend-texas-liberty-texas-statewide-2022-republicans-october-issue-poll.pdf,IVR/Text-to-Web,FALSE,REP,FALSE,TRUE,2026-03-03,primary,222837
Trafalgar Group,NA,Clay Higgins,Louisiana,2024-08-12,2024-08-14,1062,LV,R,LV-R,Bill Cassidy,48.5,REP,https://www.thetrafalgargroup.org/news/la-ussen-gop-0325/,IVR/Live Phone/Text/Online Opt-In Panel/Email,FALSE,REP,TRUE,TRUE,2026-05-30,primary runoff,219246
Trafalgar Group,NA,Clay Higgins,Louisiana,2024-08-12,2024-08-14,1062,LV,R,LV-R,John Fleming,51.5,REP,https://www.thetrafalgargroup.org/news/la-ussen-gop-0325/,IVR/Live Phone/Text/Online Opt-In Panel/Email,FALSE,REP,TRUE,TRUE,2026-05-30,primary runoff,219246
Trafalgar Group,NA,Clay Higgins,Louisiana,2024-08-12,2024-08-14,1062,LV,R,LV-R,Garret Graves,44.2,REP,https://www.thetrafalgargroup.org/news/la-ussen-gop-0325/,IVR/Live Phone/Text/Online Opt-In Panel/Email,FALSE,REP,TRUE,TRUE,2026-05-30,primary runoff,219245
Trafalgar Group,NA,Clay Higgins,Louisiana,2024-08-12,2024-08-14,1062,LV,R,LV-R,Clay Higgins,55.8,REP,https://www.thetrafalgargroup.org/news/la-ussen-gop-0325/,IVR/Live Phone/Text/Online Opt-In Panel/Email,FALSE,REP,TRUE,TRUE,2026-05-30,primary runoff,219245
Trafalgar Group,NA,Clay Higgins,Louisiana,2024-08-12,2024-08-14,1062,LV,R,LV-R,Clay Higgins,56.5,REP,https://www.thetrafalgargroup.org/news/la-ussen-gop-0325/,IVR/Live Phone/Text/Online Opt-In Panel/Email,FALSE,REP,TRUE,TRUE,2026-05-30,primary runoff,219244
Trafalgar Group,NA,Clay Higgins,Louisiana,2024-08-12,2024-08-14,1062,LV,R,LV-R,Bill Cassidy,41.3,REP,https://www.thetrafalgargroup.org/news/la-ussen-gop-0325/,IVR/Live Phone/Text/Online Opt-In Panel/Email,FALSE,REP,TRUE,TRUE,2026-05-30,primary runoff,219243
Trafalgar Group,NA,Clay Higgins,Louisiana,2024-08-12,2024-08-14,1062,LV,R,LV-R,Garret Graves,58.7,REP,https://www.thetrafalgargroup.org/news/la-ussen-gop-0325/,IVR/Live Phone/Text/Online Opt-In Panel/Email,FALSE,REP,TRUE,TRUE,2026-05-30,primary runoff,219243
Trafalgar Group,NA,Clay Higgins,Louisiana,2024-08-12,2024-08-14,1062,LV,R,LV-R,Eric Skrmetta,3.9,REP,https://www.thetrafalgargroup.org/news/la-ussen-gop-0325/,IVR/Live Phone/Text/Online Opt-In Panel/Email,FALSE,REP,TRUE,TRUE,2026-04-18,primary,219242
Trafalgar Group,NA,Clay Higgins,Louisiana,2024-08-12,2024-08-14,1062,LV,R,LV-R,John Fleming,22,REP,https://www.thetrafalgargroup.org/news/la-ussen-gop-0325/,IVR/Live Phone/Text/Online Opt-In Panel/Email,FALSE,REP,TRUE,TRUE,2026-04-18,primary,219242
Trafalgar Group,NA,Clay Higgins,Louisiana,2024-08-12,2024-08-14,1062,LV,R,LV-R,Garret Graves,29.2,REP,https://www.thetrafalgargroup.org/news/la-ussen-gop-0325/,IVR/Live Phone/Text/Online Opt-In Panel/Email,FALSE,REP,TRUE,TRUE,2026-04-18,primary,219242
Trafalgar Group,NA,Clay Higgins,Louisiana,2024-08-12,2024-08-14,1062,LV,R,LV-R,Bill Cassidy,43.5,REP,https://www.thetrafalgargroup.org/news/la-ussen-gop-0325/,IVR/Live Phone/Text/Online Opt-In Panel/Email,FALSE,REP,TRUE,TRUE,2026-05-30,primary runoff,219244
Trafalgar Group,NA,Clay Higgins,Louisiana,2024-08-12,2024-08-14,1062,LV,R,LV-R,Eric Skrmetta,3.9,REP,https://www.thetrafalgargroup.org/news/la-ussen-gop-0325/,IVR/Live Phone/Text/Online Opt-In Panel/Email,FALSE,REP,TRUE,TRUE,2026-04-18,primary,219241
Trafalgar Group,NA,Clay Higgins,Louisiana,2024-08-12,2024-08-14,1062,LV,R,LV-R,John Fleming,15.9,REP,https://www.thetrafalgargroup.org/news/la-ussen-gop-0325/,IVR/Live Phone/Text/Online Opt-In Panel/Email,FALSE,REP,TRUE,TRUE,2026-04-18,primary,219241
Trafalgar Group,NA,Clay Higgins,Louisiana,2024-08-12,2024-08-14,1062,LV,R,LV-R,Bill Cassidy,36,REP,https://www.thetrafalgargroup.org/news/la-ussen-gop-0325/,IVR/Live Phone/Text/Online Opt-In Panel/Email,FALSE,REP,TRUE,TRUE,2026-04-18,primary,219241
Trafalgar Group,NA,Clay Higgins,Louisiana,2024-08-12,2024-08-14,1062,LV,R,LV-R,Clay Higgins,44.1,REP,https://www.thetrafalgargroup.org/news/la-ussen-gop-0325/,IVR/Live Phone/Text/Online Opt-In Panel/Email,FALSE,REP,TRUE,TRUE,2026-04-18,primary,219241
Trafalgar Group,NA,Clay Higgins,Louisiana,2024-08-12,2024-08-14,1062,LV,R,LV-R,Eric Skrmetta,2.2,REP,https://www.thetrafalgargroup.org/news/la-ussen-gop-0325/,IVR/Live Phone/Text/Online Opt-In Panel/Email,FALSE,REP,TRUE,TRUE,2026-04-18,primary,219240
Trafalgar Group,NA,Clay Higgins,Louisiana,2024-08-12,2024-08-14,1062,LV,R,LV-R,John Fleming,11.8,REP,https://www.thetrafalgargroup.org/news/la-ussen-gop-0325/,IVR/Live Phone/Text/Online Opt-In Panel/Email,FALSE,REP,TRUE,TRUE,2026-04-18,primary,219240
Trafalgar Group,NA,Clay Higgins,Louisiana,2024-08-12,2024-08-14,1062,LV,R,LV-R,Garret Graves,23.2,REP,https://www.thetrafalgargroup.org/news/la-ussen-gop-0325/,IVR/Live Phone/Text/Online Opt-In Panel/Email,FALSE,REP,TRUE,TRUE,2026-04-18,primary,219240
Trafalgar Group,NA,Clay Higgins,Louisiana,2024-08-12,2024-08-14,1062,LV,R,LV-R,Bill Cassidy,26.9,REP,https://www.thetrafalgargroup.org/news/la-ussen-gop-0325/,IVR/Live Phone/Text/Online Opt-In Panel/Email,FALSE,REP,TRUE,TRUE,2026-04-18,primary,219240
Trafalgar Group,NA,Clay Higgins,Louisiana,2024-08-12,2024-08-14,1062,LV,R,LV-R,Clay Higgins,35.9,REP,https://www.thetrafalgargroup.org/news/la-ussen-gop-0325/,IVR/Live Phone/Text/Online Opt-In Panel/Email,FALSE,REP,TRUE,TRUE,2026-04-18,primary,219240
Trafalgar Group,NA,Clay Higgins,Louisiana,2024-08-12,2024-08-14,1062,LV,R,LV-R,Clay Higgins,44.9,REP,https://www.thetrafalgargroup.org/news/la-ussen-gop-0325/,IVR/Live Phone/Text/Online Opt-In Panel/Email,FALSE,REP,TRUE,TRUE,2026-04-18,primary,219242
Victory Insights,NA,NA,North Carolina,2024-11-26,2024-11-29,NA,LV,R,LV-R,Thomas Roland Tillis,10.8,REP,https://irp.cdn-website.com/07e08705/files/uploaded/PollReport_NC-2026_12-2-24.pdf,IVR/Text-to-Web,FALSE,NA,FALSE,TRUE,2026-03-03,primary,216886
Victory Insights,NA,NA,North Carolina,2024-11-26,2024-11-29,NA,LV,R,LV-R,Lara Trump,64.7,REP,https://irp.cdn-website.com/07e08705/files/uploaded/PollReport_NC-2026_12-2-24.pdf,IVR/Text-to-Web,FALSE,NA,FALSE,TRUE,2026-03-03,primary,216886
co/efficient,NA,NA,Kentucky,2024-12-02,2024-12-03,1298,LV,R,LV-R,Daniel Jay Cameron,37,REP,https://www.kentucky.com/news/politics-government/article300099259.html,IVR/Text,FALSE,REP,FALSE,TRUE,2026-05-19,primary,218164
co/efficient,NA,NA,Kentucky,2024-12-02,2024-12-03,1298,LV,R,LV-R,Andy Barr,12,REP,https://www.kentucky.com/news/politics-government/article300099259.html,IVR/Text,FALSE,REP,FALSE,TRUE,2026-05-19,primary,218164
co/efficient,NA,NA,Kentucky,2024-12-02,2024-12-03,1298,LV,R,LV-R,Kelly Knight Craft,6,REP,https://www.kentucky.com/news/politics-government/article300099259.html,IVR/Text,FALSE,REP,FALSE,TRUE,2026-05-19,primary,218164
co/efficient,NA,NA,Kentucky,2024-12-02,2024-12-03,1298,LV,R,LV-R,Nathaniel Ryan Morris,1,REP,https://www.kentucky.com/news/politics-government/article300099259.html,IVR/Text,FALSE,REP,FALSE,TRUE,2026-05-19,primary,218164
co/efficient,NA,NA,Kentucky,2024-12-02,2024-12-03,1298,LV,R,LV-R,Kelly Knight Craft,3,REP,https://www.kentucky.com/news/politics-government/article300099259.html,IVR/Text,FALSE,REP,FALSE,TRUE,2026-05-19,primary,218163
co/efficient,NA,NA,Kentucky,2024-12-02,2024-12-03,1298,LV,R,LV-R,Thomas Massie,16,REP,https://www.kentucky.com/news/politics-government/article300099259.html,IVR/Text,FALSE,REP,FALSE,TRUE,2026-05-19,primary,218163
co/efficient,NA,NA,Kentucky,2024-12-02,2024-12-03,1298,LV,R,LV-R,Andy Barr,10,REP,https://www.kentucky.com/news/politics-government/article300099259.html,IVR/Text,FALSE,REP,FALSE,TRUE,2026-05-19,primary,218163
co/efficient,NA,NA,Kentucky,2024-12-02,2024-12-03,1298,LV,R,LV-R,Nathaniel Ryan Morris,0,REP,https://www.kentucky.com/news/politics-government/article300099259.html,IVR/Text,FALSE,REP,FALSE,TRUE,2026-05-19,primary,218163
co/efficient,NA,NA,Kentucky,2024-12-02,2024-12-03,1298,LV,R,LV-R,Daniel Jay Cameron,32,REP,https://www.kentucky.com/news/politics-government/article300099259.html,IVR/Text,FALSE,REP,FALSE,TRUE,2026-05-19,primary,218163
JMC Analytics,NA,John Fleming,Louisiana,2024-12-24,2024-12-26,600,LV,R,LV-R,John Fleming,40,REP,https://louisianaradionetwork.com/2025/03/05/poll-shows-troubling-signs-for-cassidys-re-election-bid/,NA,FALSE,REP,TRUE,TRUE,2026-04-18,primary,219234
JMC Analytics,NA,John Fleming,Louisiana,2024-12-24,2024-12-26,600,LV,R,LV-R,Bill Cassidy,27,REP,https://louisianaradionetwork.com/2025/03/05/poll-shows-troubling-signs-for-cassidys-re-election-bid/,NA,FALSE,REP,TRUE,TRUE,2026-04-18,primary,219234
JMC Analytics,NA,John Fleming,Louisiana,2024-12-24,2024-12-26,600,LV,R,LV-R,John Fleming,29,REP,https://louisianaradionetwork.com/2025/03/05/poll-shows-troubling-signs-for-cassidys-re-election-bid/,NA,FALSE,REP,TRUE,TRUE,2026-04-18,primary,219235
JMC Analytics,NA,John Fleming,Louisiana,2024-12-24,2024-12-26,600,LV,R,LV-R,Bill Cassidy,27,REP,https://louisianaradionetwork.com/2025/03/05/poll-shows-troubling-signs-for-cassidys-re-election-bid/,NA,FALSE,REP,TRUE,TRUE,2026-04-18,primary,219235
Victory Insights,NA,NA,Texas,2025-01-04,2025-01-06,NA,LV,R,LV-R,John Cornyn,33.8,REP,https://irp.cdn-website.com/07e08705/files/uploaded/PollReport_TX-2026_1-8-25.pdf,IVR/Text-to-Web,FALSE,NA,FALSE,TRUE,2026-03-03,primary,217392
Victory Insights,NA,NA,Texas,2025-01-04,2025-01-06,NA,LV,R,LV-R,Ken Paxton Jr.,41.6,REP,https://irp.cdn-website.com/07e08705/files/uploaded/PollReport_TX-2026_1-8-25.pdf,IVR/Text-to-Web,FALSE,NA,FALSE,TRUE,2026-03-03,primary,217392
"Fabrizio, Lee & Associates",NA,Ken Paxton Jr.,Texas,2025-01-28,2025-02-02,600,LV,R,LV-R,John Cornyn,28,REP,https://davidblackmon.substack.com/p/new-texas-poll-shows-cornyn-in-serious,NA,FALSE,REP,TRUE,TRUE,2026-03-03,primary,219258
"Fabrizio, Lee & Associates",NA,Ken Paxton Jr.,Texas,2025-01-28,2025-02-02,600,LV,R,LV-R,Ken Paxton Jr.,53,REP,https://davidblackmon.substack.com/p/new-texas-poll-shows-cornyn-in-serious,NA,FALSE,REP,TRUE,TRUE,2026-03-03,primary,219258
Public Policy Polling,Unknown Sponsor,NA,Minnesota,2025-02-14,2025-02-15,668,LV,D,LV-D,Angie Craig,22,DEM,https://projects.fivethirtyeight.com/polls/250219_MN_PPP.pdf,NA,FALSE,DEM,FALSE,TRUE,2026-08-11,primary,218324
Public Policy Polling,Unknown Sponsor,NA,Minnesota,2025-02-14,2025-02-15,668,LV,D,LV-D,Peggy Flanagan,52,DEM,https://projects.fivethirtyeight.com/polls/250219_MN_PPP.pdf,NA,FALSE,DEM,FALSE,TRUE,2026-08-11,primary,218324
"Fabrizio, Lee & Associates",NA,NA,Michigan,2025-02-17,2025-02-19,600,LV,R,LV-R,Tudor M. Dixon,40,REP,https://www.politico.com/newsletters/playbook-pm/2025/03/13/trumps-negotiator-in-chief-00132333,Live Phone/Text-to-Web,FALSE,NA,FALSE,TRUE,2026-08-04,primary,219237
"Fabrizio, Lee & Associates",NA,NA,Michigan,2025-02-17,2025-02-19,600,LV,R,LV-R,Mike Rogers,36,REP,https://www.politico.com/newsletters/playbook-pm/2025/03/13/trumps-negotiator-in-chief-00132333,Live Phone/Text-to-Web,FALSE,NA,FALSE,TRUE,2026-08-04,primary,219237
Data for Progress,Texas Majority PAC,NA,Texas,2025-02-19,2025-02-24,412,LV,R,LV-R,Ken Paxton Jr.,49,REP,https://drive.google.com/file/d/1cGJBrdI_1V7lmRc-0H-0daYo-JPa9i8f/view,Online Opt-In Panel/Text-to-Web,FALSE,DEM,FALSE,TRUE,2026-03-03,primary,219268
Data for Progress,Texas Majority PAC,NA,Texas,2025-02-19,2025-02-24,412,LV,R,LV-R,John Cornyn,21,REP,https://drive.google.com/file/d/1cGJBrdI_1V7lmRc-0H-0daYo-JPa9i8f/view,Online Opt-In Panel/Text-to-Web,FALSE,DEM,FALSE,TRUE,2026-03-03,primary,219268
JMC Analytics,NA,John Fleming,Louisiana,2025-02-24,2025-02-26,600,LV,R,LV-R,John Fleming,40,REP,https://thehayride.com/2025/03/fleming-to-cassidy-hey-cool-poll-ive-got-one-too/,Live Phone/Text-to-Web,FALSE,REP,TRUE,TRUE,2026-04-18,primary,219279
JMC Analytics,NA,John Fleming,Louisiana,2025-02-24,2025-02-26,600,LV,R,LV-R,Eric Skrmetta,2,REP,https://thehayride.com/2025/03/fleming-to-cassidy-hey-cool-poll-ive-got-one-too/,Live Phone/Text-to-Web,FALSE,REP,TRUE,TRUE,2026-04-18,primary,219278
JMC Analytics,NA,John Fleming,Louisiana,2025-02-24,2025-02-26,600,LV,R,LV-R,Blake Miguez,6,REP,https://thehayride.com/2025/03/fleming-to-cassidy-hey-cool-poll-ive-got-one-too/,Live Phone/Text-to-Web,FALSE,REP,TRUE,TRUE,2026-04-18,primary,219278
JMC Analytics,NA,John Fleming,Louisiana,2025-02-24,2025-02-26,600,LV,R,LV-R,Bill Cassidy,27,REP,https://thehayride.com/2025/03/fleming-to-cassidy-hey-cool-poll-ive-got-one-too/,Live Phone/Text-to-Web,FALSE,REP,TRUE,TRUE,2026-04-18,primary,219278
JMC Analytics,NA,John Fleming,Louisiana,2025-02-24,2025-02-26,600,LV,R,LV-R,Bill Cassidy,27,REP,https://thehayride.com/2025/03/fleming-to-cassidy-hey-cool-poll-ive-got-one-too/,Live Phone/Text-to-Web,FALSE,REP,TRUE,TRUE,2026-04-18,primary,219279
JMC Analytics,NA,John Fleming,Louisiana,2025-02-24,2025-02-26,600,LV,R,LV-R,John Fleming,29,REP,https://thehayride.com/2025/03/fleming-to-cassidy-hey-cool-poll-ive-got-one-too/,Live Phone/Text-to-Web,FALSE,REP,TRUE,TRUE,2026-04-18,primary,219278
co/efficient,NA,NA,Kentucky,2025-02-25,2025-02-26,1134,LV,R,LV-R,Daniel Jay Cameron,38.9,REP,https://www.semafor.com/article/03/03/2025/mcconnell-protege-daniel-cameron-leads-in-early-kentucky-senate-primary-poll,NA,FALSE,REP,FALSE,TRUE,2026-05-19,primary,218651
co/efficient,NA,NA,Kentucky,2025-02-25,2025-02-26,1134,LV,R,LV-R,Andy Barr,17.6,REP,https://www.semafor.com/article/03/03/2025/mcconnell-protege-daniel-cameron-leads-in-early-kentucky-senate-primary-poll,NA,FALSE,REP,FALSE,TRUE,2026-05-19,primary,218651
co/efficient,NA,NA,Kentucky,2025-02-25,2025-02-26,1134,LV,R,LV-R,Nathaniel Ryan Morris,2.5,REP,https://www.semafor.com/article/03/03/2025/mcconnell-protege-daniel-cameron-leads-in-early-kentucky-senate-primary-poll,NA,FALSE,REP,FALSE,TRUE,2026-05-19,primary,218651
Target Insyght,Michigan Information & Research Service,NA,Michigan,2025-03-03,2025-03-06,344,RV,D,RV-D,Gretchen Whitmer,43,DEM,https://www.deadlinedetroit.com/articles/32917/poll_jocelyn_benson_dominates_mike_duggan_in_governor_s_race,NA,FALSE,NA,FALSE,TRUE,2026-08-04,primary,219236
Target Insyght,Michigan Information & Research Service,NA,Michigan,2025-03-03,2025-03-06,344,RV,D,RV-D,Haley Stevens,4,DEM,https://www.deadlinedetroit.com/articles/32917/poll_jocelyn_benson_dominates_mike_duggan_in_governor_s_race,NA,FALSE,NA,FALSE,TRUE,2026-08-04,primary,219236
Target Insyght,Michigan Information & Research Service,NA,Michigan,2025-03-03,2025-03-06,344,RV,D,RV-D,Pete Buttigieg,27,DEM,https://www.deadlinedetroit.com/articles/32917/poll_jocelyn_benson_dominates_mike_duggan_in_governor_s_race,NA,FALSE,NA,FALSE,TRUE,2026-08-04,primary,219236
Trafalgar Group,NA,Clay Higgins,Louisiana,2025-03-06,2025-03-10,1068,LV,R,LV-R,John Fleming,24.5,REP,https://www.thetrafalgargroup.org/news/la-ussen-gop-0325/,IVR/Live Phone/Text/Online Opt-In Panel/Email,FALSE,REP,TRUE,TRUE,2026-04-18,primary,219250
Trafalgar Group,NA,Clay Higgins,Louisiana,2025-03-06,2025-03-10,1068,LV,R,LV-R,Clay Higgins,60.7,REP,https://www.thetrafalgargroup.org/news/la-ussen-gop-0325/,IVR/Live Phone/Text/Online Opt-In Panel/Email,FALSE,REP,TRUE,TRUE,2026-05-30,primary runoff,219251
Trafalgar Group,NA,Clay Higgins,Louisiana,2025-03-06,2025-03-10,1068,LV,R,LV-R,Bill Cassidy,31.8,REP,https://www.thetrafalgargroup.org/news/la-ussen-gop-0325/,IVR/Live Phone/Text/Online Opt-In Panel/Email,FALSE,REP,TRUE,TRUE,2026-05-30,primary runoff,219251
Trafalgar Group,NA,Clay Higgins,Louisiana,2025-03-06,2025-03-10,1068,LV,R,LV-R,John Fleming,51.4,REP,https://www.thetrafalgargroup.org/news/la-ussen-gop-0325/,IVR/Live Phone/Text/Online Opt-In Panel/Email,FALSE,REP,TRUE,TRUE,2026-05-30,primary runoff,219252
Advantage Inc.,Fiscal Alliance Foundation,NA,Massachusetts,2025-03-06,2025-03-12,325,LV,D,LV-D,Edward J. Markey,35.69,DEM,https://assets.nationbuilder.com/fiscalalliancefoundation/pages/135/attachments/original/1741971484/Fiscal_Alliance_Foundation_March_2025_Poll_Results_FINAL.pdf?1741971484,NA,FALSE,NA,FALSE,TRUE,2026-09-15,primary,219239
Trafalgar Group,NA,Clay Higgins,Louisiana,2025-03-06,2025-03-10,1068,LV,R,LV-R,Blake Miguez,42.1,REP,https://www.thetrafalgargroup.org/news/la-ussen-gop-0325/,IVR/Live Phone/Text/Online Opt-In Panel/Email,FALSE,REP,TRUE,TRUE,2026-05-30,primary runoff,219253
Trafalgar Group,NA,Clay Higgins,Louisiana,2025-03-06,2025-03-10,1068,LV,R,LV-R,Bill Cassidy,37,REP,https://www.thetrafalgargroup.org/news/la-ussen-gop-0325/,IVR/Live Phone/Text/Online Opt-In Panel/Email,FALSE,REP,TRUE,TRUE,2026-05-30,primary runoff,219253
Advantage Inc.,Fiscal Alliance Foundation,NA,Massachusetts,2025-03-06,2025-03-12,325,LV,D,LV-D,Jake Auchincloss,23.69,DEM,https://assets.nationbuilder.com/fiscalalliancefoundation/pages/135/attachments/original/1741971484/Fiscal_Alliance_Foundation_March_2025_Poll_Results_FINAL.pdf?1741971484,NA,FALSE,NA,FALSE,TRUE,2026-09-15,primary,219239
Trafalgar Group,NA,Clay Higgins,Louisiana,2025-03-06,2025-03-10,1068,LV,R,LV-R,Bill Cassidy,28.3,REP,https://www.thetrafalgargroup.org/news/la-ussen-gop-0325/,IVR/Live Phone/Text/Online Opt-In Panel/Email,FALSE,REP,TRUE,TRUE,2026-04-18,primary,219250
Trafalgar Group,NA,Clay Higgins,Louisiana,2025-03-06,2025-03-10,1068,LV,R,LV-R,Bill Cassidy,33.4,REP,https://www.thetrafalgargroup.org/news/la-ussen-gop-0325/,IVR/Live Phone/Text/Online Opt-In Panel/Email,FALSE,REP,TRUE,TRUE,2026-05-30,primary runoff,219252
Trafalgar Group,NA,Clay Higgins,Louisiana,2025-03-06,2025-03-10,1068,LV,R,LV-R,Clay Higgins,41.6,REP,https://www.thetrafalgargroup.org/news/la-ussen-gop-0325/,IVR/Live Phone/Text/Online Opt-In Panel/Email,FALSE,REP,TRUE,TRUE,2026-04-18,primary,219250
Trafalgar Group,NA,Clay Higgins,Louisiana,2025-03-06,2025-03-10,1068,LV,R,LV-R,Julia Letlow,19.7,REP,https://www.thetrafalgargroup.org/news/la-ussen-gop-0325/,IVR/Live Phone/Text/Online Opt-In Panel/Email,FALSE,REP,TRUE,TRUE,2026-04-18,primary,219247
Trafalgar Group,NA,Clay Higgins,Louisiana,2025-03-06,2025-03-10,1068,LV,R,LV-R,John Fleming,24.6,REP,https://www.thetrafalgargroup.org/news/la-ussen-gop-0325/,IVR/Live Phone/Text/Online Opt-In Panel/Email,FALSE,REP,TRUE,TRUE,2026-04-18,primary,219249
Trafalgar Group,NA,Clay Higgins,Louisiana,2025-03-06,2025-03-10,1068,LV,R,LV-R,Bill Cassidy,28.1,REP,https://www.thetrafalgargroup.org/news/la-ussen-gop-0325/,IVR/Live Phone/Text/Online Opt-In Panel/Email,FALSE,REP,TRUE,TRUE,2026-04-18,primary,219249
Trafalgar Group,NA,Clay Higgins,Louisiana,2025-03-06,2025-03-10,1068,LV,R,LV-R,Clay Higgins,39.2,REP,https://www.thetrafalgargroup.org/news/la-ussen-gop-0325/,IVR/Live Phone/Text/Online Opt-In Panel/Email,FALSE,REP,TRUE,TRUE,2026-04-18,primary,219249
Trafalgar Group,NA,Clay Higgins,Louisiana,2025-03-06,2025-03-10,1068,LV,R,LV-R,Bill Cassidy,33,REP,https://www.thetrafalgargroup.org/news/la-ussen-gop-0325/,IVR/Live Phone/Text/Online Opt-In Panel/Email,FALSE,REP,TRUE,TRUE,2026-04-18,primary,219248
Trafalgar Group,NA,Clay Higgins,Louisiana,2025-03-06,2025-03-10,1068,LV,R,LV-R,Julia Letlow,55,REP,https://www.thetrafalgargroup.org/news/la-ussen-gop-0325/,IVR/Live Phone/Text/Online Opt-In Panel/Email,FALSE,REP,TRUE,TRUE,2026-04-18,primary,219248
Trafalgar Group,NA,Clay Higgins,Louisiana,2025-03-06,2025-03-10,1068,LV,R,LV-R,Blake Miguez,4.1,REP,https://www.thetrafalgargroup.org/news/la-ussen-gop-0325/,IVR/Live Phone/Text/Online Opt-In Panel/Email,FALSE,REP,TRUE,TRUE,2026-04-18,primary,219247
Trafalgar Group,NA,Clay Higgins,Louisiana,2025-03-06,2025-03-10,1068,LV,R,LV-R,John Fleming,16.8,REP,https://www.thetrafalgargroup.org/news/la-ussen-gop-0325/,IVR/Live Phone/Text/Online Opt-In Panel/Email,FALSE,REP,TRUE,TRUE,2026-04-18,primary,219247
Advantage Inc.,Fiscal Alliance Foundation,NA,Massachusetts,2025-03-06,2025-03-12,325,LV,D,LV-D,Edward J. Markey,23.69,DEM,https://assets.nationbuilder.com/fiscalalliancefoundation/pages/135/attachments/original/1741971484/Fiscal_Alliance_Foundation_March_2025_Poll_Results_FINAL.pdf?1741971484,NA,FALSE,NA,FALSE,TRUE,2026-09-15,primary,219238
Trafalgar Group,NA,Clay Higgins,Louisiana,2025-03-06,2025-03-10,1068,LV,R,LV-R,Bill Cassidy,23.5,REP,https://www.thetrafalgargroup.org/news/la-ussen-gop-0325/,IVR/Live Phone/Text/Online Opt-In Panel/Email,FALSE,REP,TRUE,TRUE,2026-04-18,primary,219247
Trafalgar Group,NA,Clay Higgins,Louisiana,2025-03-06,2025-03-10,1068,LV,R,LV-R,Clay Higgins,30.7,REP,https://www.thetrafalgargroup.org/news/la-ussen-gop-0325/,IVR/Live Phone/Text/Online Opt-In Panel/Email,FALSE,REP,TRUE,TRUE,2026-04-18,primary,219247
Trafalgar Group,NA,Clay Higgins,Louisiana,2025-03-06,2025-03-10,1068,LV,R,LV-R,Blake Miguez,3.3,REP,https://www.thetrafalgargroup.org/news/la-ussen-gop-0325/,IVR/Live Phone/Text/Online Opt-In Panel/Email,FALSE,REP,TRUE,TRUE,2026-04-18,primary,219249
Advantage Inc.,Fiscal Alliance Foundation,NA,Massachusetts,2025-03-06,2025-03-12,325,LV,D,LV-D,Maura Healey,44,DEM,https://assets.nationbuilder.com/fiscalalliancefoundation/pages/135/attachments/original/1741971484/Fiscal_Alliance_Foundation_March_2025_Poll_Results_FINAL.pdf?1741971484,NA,FALSE,NA,FALSE,TRUE,2026-09-15,primary,219238
Lake Research Partners,Texas Public Opinion Research,NA,Texas,2025-03-07,2025-03-10,NA,NAN,NAN,NAN,Ken Paxton Jr.,38,REP,https://texaspublicopinionresearch.substack.com/p/texas-public-opinion-research-releases,NA,FALSE,NA,FALSE,TRUE,2026-03-03,primary,222573
Lake Research Partners,Texas Public Opinion Research,NA,Texas,2025-03-07,2025-03-10,NA,NAN,NAN,NAN,John Cornyn,27,REP,https://texaspublicopinionresearch.substack.com/p/texas-public-opinion-research-releases,NA,FALSE,NA,FALSE,TRUE,2026-03-03,primary,222573
Lake Research/Slingshot Strategies,Texas Public Opinion Research,NA,Texas,2025-03-07,2025-03-10,NA,RV,R,RV-R,John Cornyn,27,REP,https://s3.documentcloud.org/documents/25871171/tpor-legislative-session-toplines-32025.pdf,NA,FALSE,NA,FALSE,TRUE,2026-03-03,primary,219256
Lake Research/Slingshot Strategies,Texas Public Opinion Research,NA,Texas,2025-03-07,2025-03-10,NA,RV,R,RV-R,Ken Paxton Jr.,38,REP,https://s3.documentcloud.org/documents/25871171/tpor-legislative-session-toplines-32025.pdf,NA,FALSE,NA,FALSE,TRUE,2026-03-03,primary,219256
Mitchell Research & Communications,Michigan Information & Research Service,NA,Michigan,2025-03-13,2025-03-13,336,RV,R,RV-R,Mike Rogers,25,REP,https://onedrive.live.com/?redeem=aHR0cHM6Ly8xZHJ2Lm1zL2IvYy8wOTk0MzEzZTVjZGZlNGZjL0VadGZnTVFFcllSRmtRNGY2WWJXT3c4QlZTYjc1OWpwRkFENDNFaEpKUkZTakE&cid=0994313E5CDFE4FC&id=994313E5CDFE4FC%21sc4805f9bad044584910e1fe986d63b0f&parId=root&o=OneUp,Text-to-Web,FALSE,NA,FALSE,TRUE,2026-08-04,primary,219255
Mitchell Research & Communications,Michigan Information & Research Service,NA,Michigan,2025-03-13,2025-03-13,336,RV,R,RV-R,Kevin Rinke,4,REP,https://onedrive.live.com/?redeem=aHR0cHM6Ly8xZHJ2Lm1zL2IvYy8wOTk0MzEzZTVjZGZlNGZjL0VadGZnTVFFcllSRmtRNGY2WWJXT3c4QlZTYjc1OWpwRkFENDNFaEpKUkZTakE&cid=0994313E5CDFE4FC&id=994313E5CDFE4FC%21sc4805f9bad044584910e1fe986d63b0f&parId=root&o=OneUp,Text-to-Web,FALSE,NA,FALSE,TRUE,2026-08-04,primary,219255
Mitchell Research & Communications,Michigan Information & Research Service,NA,Michigan,2025-03-13,2025-03-13,336,RV,R,RV-R,Bryan Posthumus,2,REP,https://onedrive.live.com/?redeem=aHR0cHM6Ly8xZHJ2Lm1zL2IvYy8wOTk0MzEzZTVjZGZlNGZjL0VadGZnTVFFcllSRmtRNGY2WWJXT3c4QlZTYjc1OWpwRkFENDNFaEpKUkZTakE&cid=0994313E5CDFE4FC&id=994313E5CDFE4FC%21sc4805f9bad044584910e1fe986d63b0f&parId=root&o=OneUp,Text-to-Web,FALSE,NA,FALSE,TRUE,2026-08-04,primary,219255
Mitchell Research & Communications,Michigan Information & Research Service,NA,Michigan,2025-03-13,2025-03-13,336,RV,R,RV-R,Peter Meijer,8,REP,https://onedrive.live.com/?redeem=aHR0cHM6Ly8xZHJ2Lm1zL2IvYy8wOTk0MzEzZTVjZGZlNGZjL0VadGZnTVFFcllSRmtRNGY2WWJXT3c4QlZTYjc1OWpwRkFENDNFaEpKUkZTakE&cid=0994313E5CDFE4FC&id=994313E5CDFE4FC%21sc4805f9bad044584910e1fe986d63b0f&parId=root&o=OneUp,Text-to-Web,FALSE,NA,FALSE,TRUE,2026-08-04,primary,219255
Mitchell Research & Communications,Michigan Information & Research Service,NA,Michigan,2025-03-13,2025-03-13,336,RV,R,RV-R,Jonathan Lindsey,0,REP,https://onedrive.live.com/?redeem=aHR0cHM6Ly8xZHJ2Lm1zL2IvYy8wOTk0MzEzZTVjZGZlNGZjL0VadGZnTVFFcllSRmtRNGY2WWJXT3c4QlZTYjc1OWpwRkFENDNFaEpKUkZTakE&cid=0994313E5CDFE4FC&id=994313E5CDFE4FC%21sc4805f9bad044584910e1fe986d63b0f&parId=root&o=OneUp,Text-to-Web,FALSE,NA,FALSE,TRUE,2026-08-04,primary,219255
Mitchell Research & Communications,Michigan Information & Research Service,NA,Michigan,2025-03-13,2025-03-13,336,RV,R,RV-R,Bill Huizenga,9,REP,https://onedrive.live.com/?redeem=aHR0cHM6Ly8xZHJ2Lm1zL2IvYy8wOTk0MzEzZTVjZGZlNGZjL0VadGZnTVFFcllSRmtRNGY2WWJXT3c4QlZTYjc1OWpwRkFENDNFaEpKUkZTakE&cid=0994313E5CDFE4FC&id=994313E5CDFE4FC%21sc4805f9bad044584910e1fe986d63b0f&parId=root&o=OneUp,Text-to-Web,FALSE,NA,FALSE,TRUE,2026-08-04,primary,219255
Mitchell Research & Communications,Michigan Information & Research Service,NA,Michigan,2025-03-13,2025-03-13,336,RV,R,RV-R,Tudor M. Dixon,28,REP,https://onedrive.live.com/?redeem=aHR0cHM6Ly8xZHJ2Lm1zL2IvYy8wOTk0MzEzZTVjZGZlNGZjL0VadGZnTVFFcllSRmtRNGY2WWJXT3c4QlZTYjc1OWpwRkFENDNFaEpKUkZTakE&cid=0994313E5CDFE4FC&id=994313E5CDFE4FC%21sc4805f9bad044584910e1fe986d63b0f&parId=root&o=OneUp,Text-to-Web,FALSE,NA,FALSE,TRUE,2026-08-04,primary,219255
Mitchell Research & Communications,Michigan Information & Research Service,NA,Michigan,2025-03-13,2025-03-13,344,RV,D,RV-D,Gretchen Whitmer,59,DEM,https://onedrive.live.com/?redeem=aHR0cHM6Ly8xZHJ2Lm1zL2IvYy8wOTk0MzEzZTVjZGZlNGZjL0VadGZnTVFFcllSRmtRNGY2WWJXT3c4QlZTYjc1OWpwRkFENDNFaEpKUkZTakE&cid=0994313E5CDFE4FC&id=994313E5CDFE4FC%21sc4805f9bad044584910e1fe986d63b0f&parId=root&o=OneUp,Text-to-Web,FALSE,NA,FALSE,TRUE,2026-08-04,primary,219254
Mitchell Research & Communications,Michigan Information & Research Service,NA,Michigan,2025-03-13,2025-03-13,344,RV,D,RV-D,Haley Stevens,2,DEM,https://onedrive.live.com/?redeem=aHR0cHM6Ly8xZHJ2Lm1zL2IvYy8wOTk0MzEzZTVjZGZlNGZjL0VadGZnTVFFcllSRmtRNGY2WWJXT3c4QlZTYjc1OWpwRkFENDNFaEpKUkZTakE&cid=0994313E5CDFE4FC&id=994313E5CDFE4FC%21sc4805f9bad044584910e1fe986d63b0f&parId=root&o=OneUp,Text-to-Web,FALSE,NA,FALSE,TRUE,2026-08-04,primary,219254
Mitchell Research & Communications,Michigan Information & Research Service,NA,Michigan,2025-03-13,2025-03-13,344,RV,D,RV-D,Hillary Scholten,3,DEM,https://onedrive.live.com/?redeem=aHR0cHM6Ly8xZHJ2Lm1zL2IvYy8wOTk0MzEzZTVjZGZlNGZjL0VadGZnTVFFcllSRmtRNGY2WWJXT3c4QlZTYjc1OWpwRkFENDNFaEpKUkZTakE&cid=0994313E5CDFE4FC&id=994313E5CDFE4FC%21sc4805f9bad044584910e1fe986d63b0f&parId=root&o=OneUp,Text-to-Web,FALSE,NA,FALSE,TRUE,2026-08-04,primary,219254
Mitchell Research & Communications,Michigan Information & Research Service,NA,Michigan,2025-03-13,2025-03-13,344,RV,D,RV-D,Dana Michelle Nessel,13,DEM,https://onedrive.live.com/?redeem=aHR0cHM6Ly8xZHJ2Lm1zL2IvYy8wOTk0MzEzZTVjZGZlNGZjL0VadGZnTVFFcllSRmtRNGY2WWJXT3c4QlZTYjc1OWpwRkFENDNFaEpKUkZTakE&cid=0994313E5CDFE4FC&id=994313E5CDFE4FC%21sc4805f9bad044584910e1fe986d63b0f&parId=root&o=OneUp,Text-to-Web,FALSE,NA,FALSE,TRUE,2026-08-04,primary,219254
Mitchell Research & Communications,Michigan Information & Research Service,NA,Michigan,2025-03-13,2025-03-13,344,RV,D,RV-D,Mallory Ann McMorrow,6,DEM,https://onedrive.live.com/?redeem=aHR0cHM6Ly8xZHJ2Lm1zL2IvYy8wOTk0MzEzZTVjZGZlNGZjL0VadGZnTVFFcllSRmtRNGY2WWJXT3c4QlZTYjc1OWpwRkFENDNFaEpKUkZTakE&cid=0994313E5CDFE4FC&id=994313E5CDFE4FC%21sc4805f9bad044584910e1fe986d63b0f&parId=root&o=OneUp,Text-to-Web,FALSE,NA,FALSE,TRUE,2026-08-04,primary,219254
Advanced Targeting Research,NA,NA,Georgia,2025-03-25,2025-03-26,726,LV,R,LV-R,Tyler Harper,1.2,REP,https://www.advancedtargetingresearch.com/reports,Text-to-Web,FALSE,NA,FALSE,TRUE,2026-05-19,primary,219257
Advanced Targeting Research,NA,NA,Georgia,2025-03-25,2025-03-26,726,LV,R,LV-R,Rich McCormick,4.5,REP,https://www.advancedtargetingresearch.com/reports,Text-to-Web,FALSE,NA,FALSE,TRUE,2026-05-19,primary,219257
Advanced Targeting Research,NA,NA,Georgia,2025-03-25,2025-03-26,726,LV,R,LV-R,Mike Collins,10.4,REP,https://www.advancedtargetingresearch.com/reports,Text-to-Web,FALSE,NA,FALSE,TRUE,2026-05-19,primary,219257
Advanced Targeting Research,NA,NA,Georgia,2025-03-25,2025-03-26,726,LV,R,LV-R,John King,0.6,REP,https://www.advancedtargetingresearch.com/reports,Text-to-Web,FALSE,NA,FALSE,TRUE,2026-05-19,primary,219257
Advanced Targeting Research,NA,NA,Georgia,2025-03-25,2025-03-26,726,LV,R,LV-R,"Earl L. ""Buddy"" Carter",3.4,REP,https://www.advancedtargetingresearch.com/reports,Text-to-Web,FALSE,NA,FALSE,TRUE,2026-05-19,primary,219257
Advanced Targeting Research,NA,NA,Georgia,2025-03-25,2025-03-26,726,LV,R,LV-R,Brad Raffensperger,10.3,REP,https://www.advancedtargetingresearch.com/reports,Text-to-Web,FALSE,NA,FALSE,TRUE,2026-05-19,primary,219257
McLaughlin & Associates,NA,Daniel Jay Cameron,Kentucky,2025-04-13,2025-04-15,500,LV,R,LV-R,Daniel Jay Cameron,44,REP,https://x.com/_AustinHorn/status/1914307612587286953,NA,FALSE,REP,TRUE,TRUE,2026-05-19,primary,219259
McLaughlin & Associates,NA,Daniel Jay Cameron,Kentucky,2025-04-13,2025-04-15,500,LV,R,LV-R,Andy Barr,18,REP,https://x.com/_AustinHorn/status/1914307612587286953,NA,FALSE,REP,TRUE,TRUE,2026-05-19,primary,219259
McLaughlin & Associates,NA,Daniel Jay Cameron,Kentucky,2025-04-13,2025-04-15,500,LV,R,LV-R,Nathaniel Ryan Morris,2,REP,https://x.com/_AustinHorn/status/1914307612587286953,NA,FALSE,REP,TRUE,TRUE,2026-05-19,primary,219259
Ragnar Research Partners,NA,Bill Cassidy,Louisiana,2025-04-14,2025-04-16,600,LV,R,LV-R,Bill Cassidy,45,REP,https://www.politico.com/newsletters/playbook-pm/2025/05/01/take-this-waltz-00132333,Live Phone,FALSE,REP,TRUE,TRUE,2026-04-18,primary,219269
Ragnar Research Partners,NA,Bill Cassidy,Louisiana,2025-04-14,2025-04-16,600,LV,R,LV-R,John Fleming,18,REP,https://www.politico.com/newsletters/playbook-pm/2025/05/01/take-this-waltz-00132333,Live Phone,FALSE,REP,TRUE,TRUE,2026-04-18,primary,219269
Ragnar Research Partners,NA,Bill Cassidy,Louisiana,2025-04-14,2025-04-16,600,LV,R,LV-R,Randall Arrington,3,REP,https://www.politico.com/newsletters/playbook-pm/2025/05/01/take-this-waltz-00132333,Live Phone,FALSE,REP,TRUE,TRUE,2026-04-18,primary,219269
GBAO,NA,Raja Krishnamoorthi,Illinois,2025-04-24,2025-04-28,800,LV,D,LV-D,Robin Kelly,11,DEM,https://www.politico.com/newsletters/illinois-playbook/2025/05/20/trump-attacks-chicago-city-hall-diversity-00358327,Live Phone/Text-to-Web,FALSE,DEM,TRUE,TRUE,2026-03-17,primary,219436
GBAO,NA,Raja Krishnamoorthi,Illinois,2025-04-24,2025-04-28,800,LV,D,LV-D,Juliana Stratton,18,DEM,https://www.politico.com/newsletters/illinois-playbook/2025/05/20/trump-attacks-chicago-city-hall-diversity-00358327,Live Phone/Text-to-Web,FALSE,DEM,TRUE,TRUE,2026-03-17,primary,219436
GBAO,NA,Raja Krishnamoorthi,Illinois,2025-04-24,2025-04-28,800,LV,D,LV-D,Michael W. Frerichs,4,DEM,https://www.politico.com/newsletters/illinois-playbook/2025/05/20/trump-attacks-chicago-city-hall-diversity-00358327,Live Phone/Text-to-Web,FALSE,DEM,TRUE,TRUE,2026-03-17,primary,219435
GBAO,NA,Raja Krishnamoorthi,Illinois,2025-04-24,2025-04-28,800,LV,D,LV-D,Robin Kelly,8,DEM,https://www.politico.com/newsletters/illinois-playbook/2025/05/20/trump-attacks-chicago-city-hall-diversity-00358327,Live Phone/Text-to-Web,FALSE,DEM,TRUE,TRUE,2026-03-17,primary,219435
GBAO,NA,Raja Krishnamoorthi,Illinois,2025-04-24,2025-04-28,800,LV,D,LV-D,Juliana Stratton,13,DEM,https://www.politico.com/newsletters/illinois-playbook/2025/05/20/trump-attacks-chicago-city-hall-diversity-00358327,Live Phone/Text-to-Web,FALSE,DEM,TRUE,TRUE,2026-03-17,primary,219435
GBAO,NA,Raja Krishnamoorthi,Illinois,2025-04-24,2025-04-28,800,LV,D,LV-D,Lauren Underwood,20,DEM,https://www.politico.com/newsletters/illinois-playbook/2025/05/20/trump-attacks-chicago-city-hall-diversity-00358327,Live Phone/Text-to-Web,FALSE,DEM,TRUE,TRUE,2026-03-17,primary,219435
GBAO,NA,Raja Krishnamoorthi,Illinois,2025-04-24,2025-04-28,800,LV,D,LV-D,Raja Krishnamoorthi,21,DEM,https://www.politico.com/newsletters/illinois-playbook/2025/05/20/trump-attacks-chicago-city-hall-diversity-00358327,Live Phone/Text-to-Web,FALSE,DEM,TRUE,TRUE,2026-03-17,primary,219435
Trafalgar Group,NA,NA,Georgia,2025-04-24,2025-04-27,NA,LV,R,LV-R,John King,11,REP,https://www.thetrafalgargroup.org/news/ga-sen-2026-0429/,IVR/Live Phone/Text/Online Opt-In Panel/Email,FALSE,REP,FALSE,TRUE,2026-05-19,primary,219118
GBAO,NA,Raja Krishnamoorthi,Illinois,2025-04-24,2025-04-28,800,LV,D,LV-D,Raja Krishnamoorthi,27,DEM,https://www.politico.com/newsletters/illinois-playbook/2025/05/20/trump-attacks-chicago-city-hall-diversity-00358327,Live Phone/Text-to-Web,FALSE,DEM,TRUE,TRUE,2026-03-17,primary,219436
Trafalgar Group,NA,NA,Georgia,2025-04-24,2025-04-27,NA,LV,R,LV-R,"Earl L. ""Buddy"" Carter",22.5,REP,https://www.thetrafalgargroup.org/news/ga-sen-2026-0429/,IVR/Live Phone/Text/Online Opt-In Panel/Email,FALSE,REP,FALSE,TRUE,2026-05-19,primary,219118
Trafalgar Group,NA,NA,Georgia,2025-04-24,2025-04-27,NA,LV,R,LV-R,Mike Collins,45.6,REP,https://www.thetrafalgargroup.org/news/ga-sen-2026-0429/,IVR/Live Phone/Text/Online Opt-In Panel/Email,FALSE,REP,FALSE,TRUE,2026-05-19,primary,219118
Trafalgar Group,NA,NA,Georgia,2025-04-24,2025-04-27,NA,LV,R,LV-R,John King,2,REP,https://www.thetrafalgargroup.org/news/ga-sen-2026-0429/,IVR/Live Phone/Text/Online Opt-In Panel/Email,FALSE,REP,FALSE,TRUE,2026-05-19,primary,219117
Trafalgar Group,NA,NA,Georgia,2025-04-24,2025-04-27,NA,LV,R,LV-R,Rich McCormick,5.3,REP,https://www.thetrafalgargroup.org/news/ga-sen-2026-0429/,IVR/Live Phone/Text/Online Opt-In Panel/Email,FALSE,REP,FALSE,TRUE,2026-05-19,primary,219117
Trafalgar Group,NA,NA,Georgia,2025-04-24,2025-04-27,NA,LV,R,LV-R,"Earl L. ""Buddy"" Carter",13.1,REP,https://www.thetrafalgargroup.org/news/ga-sen-2026-0429/,IVR/Live Phone/Text/Online Opt-In Panel/Email,FALSE,REP,FALSE,TRUE,2026-05-19,primary,219117
Trafalgar Group,NA,NA,Georgia,2025-04-24,2025-04-27,NA,LV,R,LV-R,Mike Collins,15,REP,https://www.thetrafalgargroup.org/news/ga-sen-2026-0429/,IVR/Live Phone/Text/Online Opt-In Panel/Email,FALSE,REP,FALSE,TRUE,2026-05-19,primary,219117
Trafalgar Group,NA,NA,Georgia,2025-04-24,2025-04-27,NA,LV,R,LV-R,Rich McCormick,20.9,REP,https://www.thetrafalgargroup.org/news/ga-sen-2026-0429/,IVR/Live Phone/Text/Online Opt-In Panel/Email,FALSE,REP,FALSE,TRUE,2026-05-19,primary,219118
Trafalgar Group,NA,NA,Georgia,2025-04-24,2025-04-27,NA,LV,R,LV-R,Brad Raffensperger,22,REP,https://www.thetrafalgargroup.org/news/ga-sen-2026-0429/,IVR/Live Phone/Text/Online Opt-In Panel/Email,FALSE,REP,FALSE,TRUE,2026-05-19,primary,219117
Trafalgar Group,NA,NA,Georgia,2025-04-24,2025-04-27,NA,LV,R,LV-R,Marjorie Taylor Greene,42.7,REP,https://www.thetrafalgargroup.org/news/ga-sen-2026-0429/,IVR/Live Phone/Text/Online Opt-In Panel/Email,FALSE,REP,FALSE,TRUE,2026-05-19,primary,219117
Tarrance Group,Senate Leadership Fund (super PAC),NA,Texas,2025-04-27,2025-05-01,NA,LV,R,LV-R,Wesley P. Hunt,19,REP,https://punchbowl.news/article/campaigns/cornyn-getting-beat-in-new-poll/,NA,FALSE,REP,FALSE,TRUE,2026-03-03,primary,219372
Tarrance Group,Senate Leadership Fund (super PAC),NA,Texas,2025-04-27,2025-05-01,NA,LV,R,LV-R,John Cornyn,34,REP,https://punchbowl.news/article/campaigns/cornyn-getting-beat-in-new-poll/,NA,FALSE,REP,FALSE,TRUE,2026-03-03,primary,219372
Tarrance Group,Senate Leadership Fund (super PAC),NA,Texas,2025-04-27,2025-05-01,NA,LV,R,LV-R,Ken Paxton Jr.,44,REP,https://punchbowl.news/article/campaigns/cornyn-getting-beat-in-new-poll/,NA,FALSE,REP,FALSE,TRUE,2026-03-03,primary,219372
Tarrance Group,Senate Leadership Fund (super PAC),NA,Texas,2025-04-27,2025-05-01,NA,LV,R,LV-R,John Cornyn,40,REP,https://punchbowl.news/article/campaigns/cornyn-getting-beat-in-new-poll/,NA,FALSE,REP,FALSE,TRUE,2026-03-03,primary,219371
Tarrance Group,Senate Leadership Fund (super PAC),NA,Texas,2025-04-27,2025-05-01,NA,LV,R,LV-R,Ken Paxton Jr.,56,REP,https://punchbowl.news/article/campaigns/cornyn-getting-beat-in-new-poll/,NA,FALSE,REP,FALSE,TRUE,2026-03-03,primary,219371
Public Policy Polling,Democratic Lieutenant Governors Association,NA,Illinois,2025-04-29,2025-04-30,674,LV,D,LV-D,Raja Krishnamoorthi,20,DEM,https://capitolfax.com/2025/05/05/ppp-poll-us-sen-dem-primary-wide-open/,IVR/Text,FALSE,DEM,TRUE,TRUE,2026-03-17,primary,219282
Public Policy Polling,Democratic Lieutenant Governors Association,NA,Illinois,2025-04-29,2025-04-30,674,LV,D,LV-D,Juliana Stratton,13,DEM,https://capitolfax.com/2025/05/05/ppp-poll-us-sen-dem-primary-wide-open/,IVR/Text,FALSE,DEM,TRUE,TRUE,2026-03-17,primary,219282
Public Policy Polling,Democratic Lieutenant Governors Association,NA,Illinois,2025-04-29,2025-04-30,674,LV,D,LV-D,Lauren Underwood,16,DEM,https://capitolfax.com/2025/05/05/ppp-poll-us-sen-dem-primary-wide-open/,IVR/Text,FALSE,DEM,TRUE,TRUE,2026-03-17,primary,219282
Public Policy Polling,Democratic Lieutenant Governors Association,NA,Illinois,2025-04-29,2025-04-30,674,LV,D,LV-D,Robin Kelly,8,DEM,https://capitolfax.com/2025/05/05/ppp-poll-us-sen-dem-primary-wide-open/,IVR/Text,FALSE,DEM,TRUE,TRUE,2026-03-17,primary,219282
Glengariff Group,Detroit Regional Chamber,NA,Michigan,2025-05-05,2025-05-08,NA,RV,D,RV-D,Haley Stevens,34.3,DEM,https://www.detroitchamber.com/new-poll-michigan-voters-2026-gubernatorial-us-senate-races/,Live Phone,FALSE,NA,FALSE,TRUE,2026-08-04,primary,219603
Glengariff Group,Detroit Regional Chamber,NA,Michigan,2025-05-05,2025-05-08,NA,RV,D,RV-D,Mallory Ann McMorrow,13.7,DEM,https://www.detroitchamber.com/new-poll-michigan-voters-2026-gubernatorial-us-senate-races/,Live Phone,FALSE,NA,FALSE,TRUE,2026-08-04,primary,219603
Glengariff Group,Detroit Regional Chamber,NA,Michigan,2025-05-05,2025-05-08,NA,RV,R,RV-R,Bill Huizenga,16.5,REP,https://www.detroitchamber.com/new-poll-michigan-voters-2026-gubernatorial-us-senate-races/,Live Phone,FALSE,NA,FALSE,TRUE,2026-08-04,primary,219601
Glengariff Group,Detroit Regional Chamber,NA,Michigan,2025-05-05,2025-05-08,NA,RV,R,RV-R,Mike Rogers,61.3,REP,https://www.detroitchamber.com/new-poll-michigan-voters-2026-gubernatorial-us-senate-races/,Live Phone,FALSE,NA,FALSE,TRUE,2026-08-04,primary,219601
Glengariff Group,Detroit Regional Chamber,NA,Michigan,2025-05-05,2025-05-08,NA,RV,D,RV-D,Abdul El-Sayed,22.2,DEM,https://www.detroitchamber.com/new-poll-michigan-voters-2026-gubernatorial-us-senate-races/,Live Phone,FALSE,NA,FALSE,TRUE,2026-08-04,primary,219603
YouGov,Texas Southern University Barbara Jordan-Mickey Leland School of Public Affairs,NA,Texas,2025-05-09,2025-05-19,510,LV,R,LV-R,John Cornyn,27,REP,https://thetexan.news/elections/2026/paxton-up-9-points-on-cornyn-in-2026-primary-matchup-hunt-at-15-percent-in/article_0ae97ac9-5ba6-4bac-a0e1-3395b0a1bc67.html,Online Matched Sample,FALSE,NA,FALSE,TRUE,2026-03-03,primary,219613
YouGov,Texas Southern University Barbara Jordan-Mickey Leland School of Public Affairs,NA,Texas,2025-05-09,2025-05-19,510,LV,R,LV-R,Wesley P. Hunt,15,REP,https://thetexan.news/elections/2026/paxton-up-9-points-on-cornyn-in-2026-primary-matchup-hunt-at-15-percent-in/article_0ae97ac9-5ba6-4bac-a0e1-3395b0a1bc67.html,Online Matched Sample,FALSE,NA,FALSE,TRUE,2026-03-03,primary,219613
YouGov,Texas Southern University Barbara Jordan-Mickey Leland School of Public Affairs,NA,Texas,2025-05-09,2025-05-19,510,LV,R,LV-R,Ken Paxton Jr.,34,REP,https://thetexan.news/elections/2026/paxton-up-9-points-on-cornyn-in-2026-primary-matchup-hunt-at-15-percent-in/article_0ae97ac9-5ba6-4bac-a0e1-3395b0a1bc67.html,Online Matched Sample,FALSE,NA,FALSE,TRUE,2026-03-03,primary,219613
YouGov,Texas Southern University Barbara Jordan-Mickey Leland School of Public Affairs,NA,Texas,2025-05-09,2025-05-19,510,LV,R,LV-R,Wesley P. Hunt,31,REP,https://thetexan.news/elections/2026/paxton-up-9-points-on-cornyn-in-2026-primary-matchup-hunt-at-15-percent-in/article_0ae97ac9-5ba6-4bac-a0e1-3395b0a1bc67.html,Online Matched Sample,FALSE,NA,FALSE,TRUE,2026-03-03,primary,219612
YouGov,Texas Southern University Barbara Jordan-Mickey Leland School of Public Affairs,NA,Texas,2025-05-09,2025-05-19,510,LV,R,LV-R,John Cornyn,39,REP,https://thetexan.news/elections/2026/paxton-up-9-points-on-cornyn-in-2026-primary-matchup-hunt-at-15-percent-in/article_0ae97ac9-5ba6-4bac-a0e1-3395b0a1bc67.html,Online Matched Sample,FALSE,NA,FALSE,TRUE,2026-03-03,primary,219612
YouGov,Texas Southern University Barbara Jordan-Mickey Leland School of Public Affairs,NA,Texas,2025-05-09,2025-05-19,510,LV,R,LV-R,John Cornyn,34,REP,https://thetexan.news/elections/2026/paxton-up-9-points-on-cornyn-in-2026-primary-matchup-hunt-at-15-percent-in/article_0ae97ac9-5ba6-4bac-a0e1-3395b0a1bc67.html,Online Matched Sample,FALSE,NA,FALSE,TRUE,2026-03-03,primary,219611
YouGov,Texas Southern University Barbara Jordan-Mickey Leland School of Public Affairs,NA,Texas,2025-05-09,2025-05-19,510,LV,R,LV-R,Ken Paxton Jr.,43,REP,https://thetexan.news/elections/2026/paxton-up-9-points-on-cornyn-in-2026-primary-matchup-hunt-at-15-percent-in/article_0ae97ac9-5ba6-4bac-a0e1-3395b0a1bc67.html,Online Matched Sample,FALSE,NA,FALSE,TRUE,2026-03-03,primary,219611
YouGov,Texas Southern University Barbara Jordan-Mickey Leland School of Public Affairs,NA,Texas,2025-05-09,2025-05-19,510,LV,R,LV-R,Wesley P. Hunt,25,REP,https://thetexan.news/elections/2026/paxton-up-9-points-on-cornyn-in-2026-primary-matchup-hunt-at-15-percent-in/article_0ae97ac9-5ba6-4bac-a0e1-3395b0a1bc67.html,Online Matched Sample,FALSE,NA,FALSE,TRUE,2026-03-03,primary,219610
YouGov,Texas Southern University Barbara Jordan-Mickey Leland School of Public Affairs,NA,Texas,2025-05-09,2025-05-19,510,LV,R,LV-R,Ken Paxton Jr.,45,REP,https://thetexan.news/elections/2026/paxton-up-9-points-on-cornyn-in-2026-primary-matchup-hunt-at-15-percent-in/article_0ae97ac9-5ba6-4bac-a0e1-3395b0a1bc67.html,Online Matched Sample,FALSE,NA,FALSE,TRUE,2026-03-03,primary,219610
Quantus Insights,TrendingPolitics,NA,Texas,2025-05-11,2025-05-13,600,RV,R,RV-R,John Cornyn,38,REP,https://quantusinsights.org/f/texas-senate-primary-trouble-at-the-top,Online Opt-In Panel/Text-to-Web,FALSE,REP,FALSE,TRUE,2026-03-03,primary,220834
Quantus Insights,TrendingPolitics,NA,Texas,2025-05-11,2025-05-13,600,RV,R,RV-R,Ken Paxton Jr.,52,REP,https://quantusinsights.org/f/texas-senate-primary-trouble-at-the-top,Online Opt-In Panel/Text-to-Web,FALSE,REP,FALSE,TRUE,2026-03-03,primary,220833
Quantus Insights,TrendingPolitics,NA,Texas,2025-05-11,2025-05-13,600,RV,R,RV-R,John Cornyn,39,REP,https://quantusinsights.org/f/texas-senate-primary-trouble-at-the-top,Online Opt-In Panel/Text-to-Web,FALSE,REP,FALSE,TRUE,2026-03-03,primary,220833
Quantus Insights,TrendingPolitics,NA,Texas,2025-05-11,2025-05-13,600,RV,R,RV-R,Ken Paxton Jr.,46,REP,https://quantusinsights.org/f/texas-senate-primary-trouble-at-the-top,Online Opt-In Panel/Text-to-Web,FALSE,REP,FALSE,TRUE,2026-03-03,primary,220834
Quantus Insights,TrendingPolitics,NA,Texas,2025-05-11,2025-05-13,600,RV,R,RV-R,Wesley P. Hunt,16,REP,https://quantusinsights.org/f/texas-senate-primary-trouble-at-the-top,Online Opt-In Panel/Text-to-Web,FALSE,REP,FALSE,TRUE,2026-03-03,primary,220834
Remington Research Group,NA,NA,Alabama,2025-05-12,2025-05-13,505,LV,R,LV-R,Caroleene Dobson,13,REP,https://1819news.com/news/item/poll-marshall-tops-dobson-moore-pearl-in-speculative-gop-u-s-senate-field,IVR,FALSE,NA,FALSE,TRUE,2026-05-26,primary,219675
Remington Research Group,NA,NA,Alabama,2025-05-12,2025-05-13,505,LV,R,LV-R,Steve Marshall,37,REP,https://1819news.com/news/item/poll-marshall-tops-dobson-moore-pearl-in-speculative-gop-u-s-senate-field,IVR,FALSE,NA,FALSE,TRUE,2026-05-26,primary,219677
Remington Research Group,NA,NA,Alabama,2025-05-12,2025-05-13,505,LV,R,LV-R,Bruce Pearl,9,REP,https://1819news.com/news/item/poll-marshall-tops-dobson-moore-pearl-in-speculative-gop-u-s-senate-field,IVR,FALSE,NA,FALSE,TRUE,2026-05-26,primary,219676
Remington Research Group,NA,NA,Alabama,2025-05-12,2025-05-13,505,LV,R,LV-R,Will Ainsworth,13,REP,https://1819news.com/news/item/poll-marshall-tops-dobson-moore-pearl-in-speculative-gop-u-s-senate-field,IVR,FALSE,NA,FALSE,TRUE,2026-05-26,primary,219676
Remington Research Group,NA,NA,Alabama,2025-05-12,2025-05-13,505,LV,R,LV-R,Caroleene Dobson,9,REP,https://1819news.com/news/item/poll-marshall-tops-dobson-moore-pearl-in-speculative-gop-u-s-senate-field,IVR,FALSE,NA,FALSE,TRUE,2026-05-26,primary,219676
Remington Research Group,NA,NA,Alabama,2025-05-12,2025-05-13,505,LV,R,LV-R,Steve Marshall,21,REP,https://1819news.com/news/item/poll-marshall-tops-dobson-moore-pearl-in-speculative-gop-u-s-senate-field,IVR,FALSE,NA,FALSE,TRUE,2026-05-26,primary,219676
Remington Research Group,NA,NA,Alabama,2025-05-12,2025-05-13,505,LV,R,LV-R,Barry Moore,10,REP,https://1819news.com/news/item/poll-marshall-tops-dobson-moore-pearl-in-speculative-gop-u-s-senate-field,IVR,FALSE,NA,FALSE,TRUE,2026-05-26,primary,219675
Remington Research Group,NA,NA,Alabama,2025-05-12,2025-05-13,505,LV,R,LV-R,Steve Marshall,28,REP,https://1819news.com/news/item/poll-marshall-tops-dobson-moore-pearl-in-speculative-gop-u-s-senate-field,IVR,FALSE,NA,FALSE,TRUE,2026-05-26,primary,219675
Remington Research Group,NA,NA,Alabama,2025-05-12,2025-05-13,505,LV,R,LV-R,Barry Moore,11,REP,https://1819news.com/news/item/poll-marshall-tops-dobson-moore-pearl-in-speculative-gop-u-s-senate-field,IVR,FALSE,NA,FALSE,TRUE,2026-05-26,primary,219677
UpONE Insights,Educational Freedom Institute,NA,Texas,2025-05-27,2025-05-28,600,LV,R,LV-R,John Cornyn,32,REP,https://punchbowl.news/article/campaigns/cornyn-trails-new-poll/,Live Phone/Text-to-Web,FALSE,NA,FALSE,TRUE,2026-03-03,primary,219662
UpONE Insights,Educational Freedom Institute,NA,Texas,2025-05-27,2025-05-28,600,LV,R,LV-R,Ken Paxton Jr.,54,REP,https://punchbowl.news/article/campaigns/cornyn-trails-new-poll/,Live Phone/Text-to-Web,FALSE,NA,FALSE,TRUE,2026-03-03,primary,219662
University of Texas at Tyler Center for Opinion Research,NA,NA,Texas,2025-05-28,2025-06-07,538,RV,R,RV-R,Ken Paxton Jr.,44,REP,https://www.uttyler.edu/academics/colleges-schools/arts-sciences/departments/political-science/files/uttyler-poll-20250610.pdf,Live Phone/Online Opt-In Panel,FALSE,NA,FALSE,TRUE,2026-03-03,primary,221005
Global Strategy Group,NA,Mallory Ann McMorrow,Michigan,2025-05-28,2025-06-02,800,LV,D,LV-D,Joe Tate,4,DEM,https://www.politico.com/newsletters/playbook/2025/06/07/the-great-un-awokening-00393429,Live Phone/Text-to-Web,FALSE,DEM,TRUE,TRUE,2026-08-04,primary,219684
University of Texas at Tyler Center for Opinion Research,NA,NA,Texas,2025-05-28,2025-06-07,538,RV,R,RV-R,John Cornyn,34,REP,https://www.uttyler.edu/academics/colleges-schools/arts-sciences/departments/political-science/files/uttyler-poll-20250610.pdf,Live Phone/Online Opt-In Panel,FALSE,NA,FALSE,TRUE,2026-03-03,primary,221005
Global Strategy Group,NA,Mallory Ann McMorrow,Michigan,2025-05-28,2025-06-02,800,LV,D,LV-D,Haley Stevens,24,DEM,https://www.politico.com/newsletters/playbook/2025/06/07/the-great-un-awokening-00393429,Live Phone/Text-to-Web,FALSE,DEM,TRUE,TRUE,2026-08-04,primary,219684
Global Strategy Group,NA,Mallory Ann McMorrow,Michigan,2025-05-28,2025-06-02,800,LV,D,LV-D,Abdul El-Sayed,15,DEM,https://www.politico.com/newsletters/playbook/2025/06/07/the-great-un-awokening-00393429,Live Phone/Text-to-Web,FALSE,DEM,TRUE,TRUE,2026-08-04,primary,219684
Global Strategy Group,NA,Mallory Ann McMorrow,Michigan,2025-05-28,2025-06-02,800,LV,D,LV-D,Mallory Ann McMorrow,20,DEM,https://www.politico.com/newsletters/playbook/2025/06/07/the-great-un-awokening-00393429,Live Phone/Text-to-Web,FALSE,DEM,TRUE,TRUE,2026-08-04,primary,219684
GBAO,NA,Raja Krishnamoorthi,Illinois,2025-06-05,2025-06-10,1200,LV,D,LV-D,Raja Krishnamoorthi,32,DEM,https://www.politico.com/newsletters/illinois-playbook/2025/06/18/chicago-mayor-pushes-back-against-ice-threat-00411817,Live Phone/Text-to-Web,FALSE,DEM,TRUE,TRUE,2026-03-17,primary,220845
GBAO,NA,Raja Krishnamoorthi,Illinois,2025-06-05,2025-06-10,1200,LV,D,LV-D,Juliana Stratton,19,DEM,https://www.politico.com/newsletters/illinois-playbook/2025/06/18/chicago-mayor-pushes-back-against-ice-threat-00411817,Live Phone/Text-to-Web,FALSE,DEM,TRUE,TRUE,2026-03-17,primary,220845
GBAO,NA,Raja Krishnamoorthi,Illinois,2025-06-05,2025-06-10,1200,LV,D,LV-D,Robin Kelly,14,DEM,https://www.politico.com/newsletters/illinois-playbook/2025/06/18/chicago-mayor-pushes-back-against-ice-threat-00411817,Live Phone/Text-to-Web,FALSE,DEM,TRUE,TRUE,2026-03-17,primary,220845
Stratus Intelligence,Conservative Policy Project,NA,Texas,2025-06-06,2025-06-08,600,LV,R,LV-R,Ken Paxton Jr.,49,REP,https://www.axios.com/2025/06/17/texas-senate-race-polling-cornyn-paxton,Live Phone/Online Opt-In Panel/Text-to-Web,FALSE,REP,FALSE,TRUE,2026-03-03,primary,220835
Stratus Intelligence,Conservative Policy Project,NA,Texas,2025-06-06,2025-06-08,600,LV,R,LV-R,John Cornyn,33,REP,https://www.axios.com/2025/06/17/texas-senate-race-polling-cornyn-paxton,Live Phone/Online Opt-In Panel/Text-to-Web,FALSE,REP,FALSE,TRUE,2026-03-03,primary,220835
Big Data Poll,NA,Paul Edouard Dans,South Carolina,2025-06-08,2025-06-11,827,RV,R,RV-R,Lindsey Graham,49.5,REP,https://www.fitsnews.com/wp-content/uploads/securepdfs/2025/09/South-Carolina-September-Poll-Memo-FITSNEWS.pdf,Live Phone/Online Opt-In Panel/Text-to-Web,FALSE,REP,TRUE,TRUE,2026-06-09,primary,222984
Big Data Poll,NA,Paul Edouard Dans,South Carolina,2025-06-08,2025-06-11,827,RV,R,RV-R,Mark Lynch,10.8,REP,https://www.fitsnews.com/wp-content/uploads/securepdfs/2025/09/South-Carolina-September-Poll-Memo-FITSNEWS.pdf,Live Phone/Online Opt-In Panel/Text-to-Web,FALSE,REP,TRUE,TRUE,2026-06-09,primary,222984
Big Data Poll,NA,Paul Edouard Dans,South Carolina,2025-06-08,2025-06-11,827,RV,R,RV-R,Paul Edouard Dans,9.2,REP,https://www.fitsnews.com/wp-content/uploads/securepdfs/2025/09/South-Carolina-September-Poll-Memo-FITSNEWS.pdf,Live Phone/Online Opt-In Panel/Text-to-Web,FALSE,REP,TRUE,TRUE,2026-06-09,primary,222984
Quantus Insights,TrendingPolitics,NA,South Carolina,2025-06-10,2025-06-13,NA,RV,R,RV-R,Lindsey Graham,48,REP,https://quantusinsights.org/f/lindsey-graham-faces-a-shifting-gop-landscape-in-south-carolina,Online Opt-In Panel/Text-to-Web,FALSE,REP,FALSE,TRUE,2026-06-09,primary,219757
Quantus Insights,TrendingPolitics,NA,South Carolina,2025-06-10,2025-06-13,NA,RV,R,RV-R,Mark Lynch,23,REP,https://quantusinsights.org/f/lindsey-graham-faces-a-shifting-gop-landscape-in-south-carolina,Online Opt-In Panel/Text-to-Web,FALSE,REP,FALSE,TRUE,2026-06-09,primary,219757
Pulse Decision Sicence,Unknown Sponsor,NA,Texas,2025-06-17,2025-06-22,806,LV,R,LV-R,Wesley P. Hunt,13,REP,https://www.politico.com/live-updates/2025/06/26/congress/cornyn-paxton-poll-texas-00424994,Live Phone,FALSE,REP,FALSE,TRUE,2026-03-03,primary,221014
Pulse Decision Sicence,Unknown Sponsor,NA,Texas,2025-06-17,2025-06-22,806,LV,R,LV-R,Ken Paxton Jr.,49,REP,https://www.politico.com/live-updates/2025/06/26/congress/cornyn-paxton-poll-texas-00424994,Live Phone,FALSE,REP,FALSE,TRUE,2026-03-03,primary,221014
Pulse Decision Sicence,Unknown Sponsor,NA,Texas,2025-06-17,2025-06-22,806,LV,R,LV-R,John Cornyn,32,REP,https://www.politico.com/live-updates/2025/06/26/congress/cornyn-paxton-poll-texas-00424994,Live Phone,FALSE,REP,FALSE,TRUE,2026-03-03,primary,221014
"Fabrizio, Lee & Associates",First Principles Digital (hybrid PAC),NA,Michigan,2025-06-17,2025-06-19,600,LV,R,LV-R,Mike Rogers,48,REP,https://punchbowl.news/article/campaigns/rogers-up-new-poll/,Live Phone/Text-to-Web,FALSE,REP,FALSE,TRUE,2026-08-04,primary,221028
Pulse Decision Sicence,Unknown Sponsor,NA,Texas,2025-06-17,2025-06-22,806,LV,R,LV-R,John Cornyn,38,REP,https://www.politico.com/live-updates/2025/06/26/congress/cornyn-paxton-poll-texas-00424994,Live Phone,FALSE,REP,FALSE,TRUE,2026-03-03,primary,221013
"Fabrizio, Lee & Associates",First Principles Digital (hybrid PAC),NA,Michigan,2025-06-17,2025-06-19,600,LV,R,LV-R,Bill Huizenga,20,REP,https://punchbowl.news/article/campaigns/rogers-up-new-poll/,Live Phone/Text-to-Web,FALSE,REP,FALSE,TRUE,2026-08-04,primary,221028
Pulse Decision Sicence,Unknown Sponsor,NA,Texas,2025-06-17,2025-06-22,806,LV,R,LV-R,Ken Paxton Jr.,57,REP,https://www.politico.com/live-updates/2025/06/26/congress/cornyn-paxton-poll-texas-00424994,Live Phone,FALSE,REP,FALSE,TRUE,2026-03-03,primary,221013
NRSC,NA,NA,Minnesota,2025-07-04,2025-07-07,559,LV,D,LV-D,Peggy Flanagan,30,DEM,https://dailycaller.com/2025/07/09/exclusive-jasmine-crockett-holds-healthy-lead-in-hypothetical-2026-senate-race-shock-poll-shows/,Live Phone/Text-to-Web,FALSE,REP,TRUE,TRUE,2026-08-11,primary,221295
NRSC,NA,NA,Maine,2025-07-04,2025-07-07,579,LV,D,LV-D,Jordan Wood,18,DEM,https://dailycaller.com/2025/07/09/exclusive-jasmine-crockett-holds-healthy-lead-in-hypothetical-2026-senate-race-shock-poll-shows/,Live Phone/Text-to-Web,FALSE,REP,TRUE,TRUE,2026-06-09,primary,221297
NRSC,NA,NA,Maine,2025-07-04,2025-07-07,579,LV,D,LV-D,Janet T. Mills,32,DEM,https://dailycaller.com/2025/07/09/exclusive-jasmine-crockett-holds-healthy-lead-in-hypothetical-2026-senate-race-shock-poll-shows/,Live Phone/Text-to-Web,FALSE,REP,TRUE,TRUE,2026-06-09,primary,221297
NRSC,NA,NA,North Carolina,2025-07-04,2025-07-07,548,LV,D,LV-D,Wiley Nickel,19,DEM,https://dailycaller.com/2025/07/09/exclusive-jasmine-crockett-holds-healthy-lead-in-hypothetical-2026-senate-race-shock-poll-shows/,Live Phone/Text-to-Web,FALSE,REP,TRUE,TRUE,2026-03-03,primary,221296
NRSC,NA,NA,North Carolina,2025-07-04,2025-07-07,548,LV,D,LV-D,Roy A. Cooper III,39,DEM,https://dailycaller.com/2025/07/09/exclusive-jasmine-crockett-holds-healthy-lead-in-hypothetical-2026-senate-race-shock-poll-shows/,Live Phone/Text-to-Web,FALSE,REP,TRUE,TRUE,2026-03-03,primary,221296
NRSC,NA,NA,Minnesota,2025-07-04,2025-07-07,559,LV,D,LV-D,Angie Craig,24,DEM,https://dailycaller.com/2025/07/09/exclusive-jasmine-crockett-holds-healthy-lead-in-hypothetical-2026-senate-race-shock-poll-shows/,Live Phone/Text-to-Web,FALSE,REP,TRUE,TRUE,2026-08-11,primary,221295
NRSC,NA,NA,Texas,2025-07-04,2025-07-07,566,LV,D,LV-D,Joaquin Castro,13,DEM,https://dailycaller.com/2025/07/09/exclusive-jasmine-crockett-holds-healthy-lead-in-hypothetical-2026-senate-race-shock-poll-shows/,Live Phone/Text-to-Web,FALSE,REP,TRUE,TRUE,2026-03-03,primary,221294
NRSC,NA,NA,Michigan,2025-07-04,2025-07-07,582,LV,D,LV-D,Abdul El-Sayed,22,DEM,https://dailycaller.com/2025/07/08/michigan-senate-democratic-primary-poll-stevens-el-sayed/,Live Phone/Text-to-Web,FALSE,REP,TRUE,TRUE,2026-08-04,primary,221238
NRSC,NA,NA,Texas,2025-07-04,2025-07-07,566,LV,D,LV-D,Colin Allred,20,DEM,https://dailycaller.com/2025/07/09/exclusive-jasmine-crockett-holds-healthy-lead-in-hypothetical-2026-senate-race-shock-poll-shows/,Live Phone/Text-to-Web,FALSE,REP,TRUE,TRUE,2026-03-03,primary,221294
NRSC,NA,NA,Texas,2025-07-04,2025-07-07,566,LV,D,LV-D,Jasmine Crockett,35,DEM,https://dailycaller.com/2025/07/09/exclusive-jasmine-crockett-holds-healthy-lead-in-hypothetical-2026-senate-race-shock-poll-shows/,Live Phone/Text-to-Web,FALSE,REP,TRUE,TRUE,2026-03-03,primary,221294
NRSC,NA,NA,Michigan,2025-07-04,2025-07-07,582,LV,D,LV-D,Mallory Ann McMorrow,11,DEM,https://dailycaller.com/2025/07/08/michigan-senate-democratic-primary-poll-stevens-el-sayed/,Live Phone/Text-to-Web,FALSE,REP,TRUE,TRUE,2026-08-04,primary,221238
NRSC,NA,NA,Michigan,2025-07-04,2025-07-07,582,LV,D,LV-D,Joe Tate,1,DEM,https://dailycaller.com/2025/07/08/michigan-senate-democratic-primary-poll-stevens-el-sayed/,Live Phone/Text-to-Web,FALSE,REP,TRUE,TRUE,2026-08-04,primary,221238
NRSC,NA,NA,Michigan,2025-07-04,2025-07-07,582,LV,D,LV-D,Haley Stevens,24,DEM,https://dailycaller.com/2025/07/08/michigan-senate-democratic-primary-poll-stevens-el-sayed/,Live Phone/Text-to-Web,FALSE,REP,TRUE,TRUE,2026-08-04,primary,221238
NRSC,NA,NA,Texas,2025-07-04,2025-07-07,566,LV,D,LV-D,Beto O'Rourke,13,DEM,https://dailycaller.com/2025/07/09/exclusive-jasmine-crockett-holds-healthy-lead-in-hypothetical-2026-senate-race-shock-poll-shows/,Live Phone/Text-to-Web,FALSE,REP,TRUE,TRUE,2026-03-03,primary,221294
McLaughlin & Associates,NA,Steve Marshall,Alabama,2025-07-14,2025-07-17,600,LV,R,LV-R,Steve Marshall,35,REP,https://1819news.com/news/item/poll-marshall-leading-moore-hudson-in-2026-alabama-senate-race,Live Phone/Text,FALSE,REP,TRUE,TRUE,2026-05-26,primary,221608
McLaughlin & Associates,NA,Steve Marshall,Alabama,2025-07-14,2025-07-17,600,LV,R,LV-R,Barry Moore,12,REP,https://1819news.com/news/item/poll-marshall-leading-moore-hudson-in-2026-alabama-senate-race,Live Phone/Text,FALSE,REP,TRUE,TRUE,2026-05-26,primary,221608
McLaughlin & Associates,NA,Steve Marshall,Alabama,2025-07-14,2025-07-17,600,LV,R,LV-R,Jared Hudson,9,REP,https://1819news.com/news/item/poll-marshall-leading-moore-hudson-in-2026-alabama-senate-race,Live Phone/Text,FALSE,REP,TRUE,TRUE,2026-05-26,primary,221608
Cygnal,Business Council of Alabama,NA,Alabama,2025-07-20,2025-07-22,400,LV,R,LV-R,Steve Marshall,24,REP,https://aldailynews.com/cygnal-at-bca-alabama-gop-primary-voters-priorities-are-economic/,Live Phone/Text,FALSE,REP,FALSE,TRUE,2026-05-26,primary,221909
Cygnal,Business Council of Alabama,NA,Alabama,2025-07-20,2025-07-22,400,LV,R,LV-R,Bruce Pearl,12.9,REP,https://aldailynews.com/cygnal-at-bca-alabama-gop-primary-voters-priorities-are-economic/,Live Phone/Text,FALSE,REP,FALSE,TRUE,2026-05-26,primary,221909
Cygnal,Business Council of Alabama,NA,Alabama,2025-07-20,2025-07-22,400,LV,R,LV-R,Barry Moore,8.8,REP,https://aldailynews.com/cygnal-at-bca-alabama-gop-primary-voters-priorities-are-economic/,Live Phone/Text,FALSE,REP,FALSE,TRUE,2026-05-26,primary,221909
Cygnal,Business Council of Alabama,NA,Alabama,2025-07-20,2025-07-22,400,LV,R,LV-R,Jared Hudson,3,REP,https://aldailynews.com/cygnal-at-bca-alabama-gop-primary-voters-priorities-are-economic/,Live Phone/Text,FALSE,REP,FALSE,TRUE,2026-05-26,primary,221909
TIPP Insights,League of American Workers,NA,Georgia,2025-07-28,2025-08-01,978,LV,R,LV-R,"Earl L. ""Buddy"" Carter",20,REP,https://dailycaller.com/2025/08/07/mike-collins-georgia-senate-poll/,Online Opt-In Panel,FALSE,REP,FALSE,TRUE,2026-05-19,primary,221858
TIPP Insights,League of American Workers,NA,Georgia,2025-07-28,2025-08-01,978,LV,R,LV-R,Derek Dooley,8,REP,https://dailycaller.com/2025/08/07/mike-collins-georgia-senate-poll/,Online Opt-In Panel,FALSE,REP,FALSE,TRUE,2026-05-19,primary,221858
TIPP Insights,League of American Workers,NA,Georgia,2025-07-28,2025-08-01,978,LV,R,LV-R,Mike Collins,27,REP,https://dailycaller.com/2025/08/07/mike-collins-georgia-senate-poll/,Online Opt-In Panel,FALSE,REP,FALSE,TRUE,2026-05-19,primary,221858
TIPP Insights,League of American Workers,NA,Georgia,2025-07-28,2025-08-01,1123,RV,R,RV-R,Derek Dooley,7,REP,https://tippinsights.com/league-of-american-workers-georgia-survey-july-2025/,Online Opt-In Panel,FALSE,REP,FALSE,TRUE,2026-05-19,primary,221876
TIPP Insights,League of American Workers,NA,Georgia,2025-07-28,2025-08-01,1123,RV,R,RV-R,"Earl L. ""Buddy"" Carter",19,REP,https://tippinsights.com/league-of-american-workers-georgia-survey-july-2025/,Online Opt-In Panel,FALSE,REP,FALSE,TRUE,2026-05-19,primary,221876
TIPP Insights,League of American Workers,NA,Georgia,2025-07-28,2025-08-01,1123,RV,R,RV-R,Mike Collins,25,REP,https://tippinsights.com/league-of-american-workers-georgia-survey-july-2025/,Online Opt-In Panel,FALSE,REP,FALSE,TRUE,2026-05-19,primary,221876
Texas Southern University Barbara Jordan Public Policy Research and Survey Center,NA,NA,Texas,2025-08-06,2025-08-12,1500,LV,R,LV-R,John Cornyn,43,REP,https://drive.google.com/file/d/1Wzc9rffpNMmg3C1YtQMUAkQCtvksorL6/view,Text-to-Web,FALSE,NA,FALSE,TRUE,2026-03-03,primary,222032
Texas Southern University Barbara Jordan Public Policy Research and Survey Center,NA,NA,Texas,2025-08-06,2025-08-12,1500,LV,R,LV-R,Ronny Jackson,35,REP,https://drive.google.com/file/d/1Wzc9rffpNMmg3C1YtQMUAkQCtvksorL6/view,Text-to-Web,FALSE,NA,FALSE,TRUE,2026-03-03,primary,222032
Texas Southern University Barbara Jordan Public Policy Research and Survey Center,NA,NA,Texas,2025-08-06,2025-08-12,1500,LV,R,LV-R,Ken Paxton Jr.,43,REP,https://drive.google.com/file/d/1Wzc9rffpNMmg3C1YtQMUAkQCtvksorL6/view,Text-to-Web,FALSE,NA,FALSE,TRUE,2026-03-03,primary,222033
Texas Southern University Barbara Jordan Public Policy Research and Survey Center,NA,NA,Texas,2025-08-06,2025-08-12,1500,LV,R,LV-R,Wesley P. Hunt,36,REP,https://drive.google.com/file/d/1Wzc9rffpNMmg3C1YtQMUAkQCtvksorL6/view,Text-to-Web,FALSE,NA,FALSE,TRUE,2026-03-03,primary,222033
Texas Southern University Barbara Jordan Public Policy Research and Survey Center,NA,NA,Texas,2025-08-06,2025-08-12,1500,LV,R,LV-R,John Cornyn,42,REP,https://drive.google.com/file/d/1Wzc9rffpNMmg3C1YtQMUAkQCtvksorL6/view,Text-to-Web,FALSE,NA,FALSE,TRUE,2026-03-03,primary,222034
Texas Southern University Barbara Jordan Public Policy Research and Survey Center,NA,NA,Texas,2025-08-06,2025-08-12,1500,LV,R,LV-R,Wesley P. Hunt,36,REP,https://drive.google.com/file/d/1Wzc9rffpNMmg3C1YtQMUAkQCtvksorL6/view,Text-to-Web,FALSE,NA,FALSE,TRUE,2026-03-03,primary,222034
Texas Southern University Barbara Jordan Public Policy Research and Survey Center,NA,NA,Texas,2025-08-06,2025-08-12,1500,LV,R,LV-R,Ken Paxton Jr.,35,REP,https://drive.google.com/file/d/1Wzc9rffpNMmg3C1YtQMUAkQCtvksorL6/view,Text-to-Web,FALSE,NA,FALSE,TRUE,2026-03-03,primary,222035
Texas Southern University Barbara Jordan Public Policy Research and Survey Center,NA,NA,Texas,2025-08-06,2025-08-12,1500,LV,R,LV-R,John Cornyn,30,REP,https://drive.google.com/file/d/1Wzc9rffpNMmg3C1YtQMUAkQCtvksorL6/view,Text-to-Web,FALSE,NA,FALSE,TRUE,2026-03-03,primary,222035
Texas Southern University Barbara Jordan Public Policy Research and Survey Center,NA,NA,Texas,2025-08-06,2025-08-12,1500,LV,R,LV-R,Wesley P. Hunt,22,REP,https://drive.google.com/file/d/1Wzc9rffpNMmg3C1YtQMUAkQCtvksorL6/view,Text-to-Web,FALSE,NA,FALSE,TRUE,2026-03-03,primary,222035
Texas Southern University Barbara Jordan Public Policy Research and Survey Center,NA,NA,Texas,2025-08-06,2025-08-12,1500,LV,R,LV-R,Ken Paxton Jr.,38,REP,https://drive.google.com/file/d/1Wzc9rffpNMmg3C1YtQMUAkQCtvksorL6/view,Text-to-Web,FALSE,NA,FALSE,TRUE,2026-03-03,primary,222036
Texas Southern University Barbara Jordan Public Policy Research and Survey Center,NA,NA,Texas,2025-08-06,2025-08-12,1500,LV,R,LV-R,John Cornyn,33,REP,https://drive.google.com/file/d/1Wzc9rffpNMmg3C1YtQMUAkQCtvksorL6/view,Text-to-Web,FALSE,NA,FALSE,TRUE,2026-03-03,primary,222036
Texas Southern University Barbara Jordan Public Policy Research and Survey Center,NA,NA,Texas,2025-08-06,2025-08-12,1500,LV,R,LV-R,Ronny Jackson,15,REP,https://drive.google.com/file/d/1Wzc9rffpNMmg3C1YtQMUAkQCtvksorL6/view,Text-to-Web,FALSE,NA,FALSE,TRUE,2026-03-03,primary,222036
Texas Southern University Barbara Jordan Public Policy Research and Survey Center,NA,NA,Texas,2025-08-06,2025-08-12,1500,LV,D,LV-D,Colin Allred,38,DEM,https://drive.google.com/file/d/1Wzc9rffpNMmg3C1YtQMUAkQCtvksorL6/view,Text-to-Web,FALSE,NA,FALSE,TRUE,2026-03-03,primary,222037
Texas Southern University Barbara Jordan Public Policy Research and Survey Center,NA,NA,Texas,2025-08-06,2025-08-12,1500,LV,D,LV-D,Beto O'Rourke,58,DEM,https://drive.google.com/file/d/1Wzc9rffpNMmg3C1YtQMUAkQCtvksorL6/view,Text-to-Web,FALSE,NA,FALSE,TRUE,2026-03-03,primary,222037
Texas Southern University Barbara Jordan Public Policy Research and Survey Center,NA,NA,Texas,2025-08-06,2025-08-12,1500,LV,D,LV-D,Colin Allred,50,DEM,https://drive.google.com/file/d/1Wzc9rffpNMmg3C1YtQMUAkQCtvksorL6/view,Text-to-Web,FALSE,NA,FALSE,TRUE,2026-03-03,primary,222038
Texas Southern University Barbara Jordan Public Policy Research and Survey Center,NA,NA,Texas,2025-08-06,2025-08-12,1500,LV,D,LV-D,James Talarico,43,DEM,https://drive.google.com/file/d/1Wzc9rffpNMmg3C1YtQMUAkQCtvksorL6/view,Text-to-Web,FALSE,NA,FALSE,TRUE,2026-03-03,primary,222038
Texas Southern University Barbara Jordan Public Policy Research and Survey Center,NA,NA,Texas,2025-08-06,2025-08-12,1500,LV,D,LV-D,Colin Allred,52,DEM,https://drive.google.com/file/d/1Wzc9rffpNMmg3C1YtQMUAkQCtvksorL6/view,Text-to-Web,FALSE,NA,FALSE,TRUE,2026-03-03,primary,222039
Texas Southern University Barbara Jordan Public Policy Research and Survey Center,NA,NA,Texas,2025-08-06,2025-08-12,1500,LV,R,LV-R,Ronny Jackson,33,REP,https://drive.google.com/file/d/1Wzc9rffpNMmg3C1YtQMUAkQCtvksorL6/view,Text-to-Web,FALSE,NA,FALSE,TRUE,2026-03-03,primary,222031
Texas Southern University Barbara Jordan Public Policy Research and Survey Center,NA,NA,Texas,2025-08-06,2025-08-12,1500,LV,R,LV-R,Ken Paxton Jr.,44,REP,https://drive.google.com/file/d/1Wzc9rffpNMmg3C1YtQMUAkQCtvksorL6/view,Text-to-Web,FALSE,NA,FALSE,TRUE,2026-03-03,primary,222031
Texas Southern University Barbara Jordan Public Policy Research and Survey Center,NA,NA,Texas,2025-08-06,2025-08-12,1500,LV,R,LV-R,John Cornyn,39,REP,https://drive.google.com/file/d/1Wzc9rffpNMmg3C1YtQMUAkQCtvksorL6/view,Text-to-Web,FALSE,NA,FALSE,TRUE,2026-03-03,primary,222030
Texas Southern University Barbara Jordan Public Policy Research and Survey Center,NA,NA,Texas,2025-08-06,2025-08-12,1500,LV,R,LV-R,Ken Paxton Jr.,44,REP,https://drive.google.com/file/d/1Wzc9rffpNMmg3C1YtQMUAkQCtvksorL6/view,Text-to-Web,FALSE,NA,FALSE,TRUE,2026-03-03,primary,222030
Texas Southern University Barbara Jordan Public Policy Research and Survey Center,NA,NA,Texas,2025-08-06,2025-08-12,1500,LV,D,LV-D,Joaquin Castro,41,DEM,https://drive.google.com/file/d/1Wzc9rffpNMmg3C1YtQMUAkQCtvksorL6/view,Text-to-Web,FALSE,NA,FALSE,TRUE,2026-03-03,primary,222039
Z to A Research,The Impact Fund (PAC),NA,Illinois,2025-08-08,2025-08-10,615,LV,D,LV-D,Raja Krishnamoorthi,51,DEM,https://x.com/JacobRubashkin/status/1955317488364744856,Text-to-Web/Online Ad,FALSE,DEM,FALSE,TRUE,2026-03-17,primary,221953
Z to A Research,The Impact Fund (PAC),NA,Illinois,2025-08-08,2025-08-10,615,LV,D,LV-D,Juliana Stratton,28,DEM,https://x.com/JacobRubashkin/status/1955317488364744856,Text-to-Web/Online Ad,FALSE,DEM,FALSE,TRUE,2026-03-17,primary,221953
Z to A Research,The Impact Fund (PAC),NA,Illinois,2025-08-08,2025-08-10,615,LV,D,LV-D,Robin Kelly,13,DEM,https://x.com/JacobRubashkin/status/1955317488364744856,Text-to-Web/Online Ad,FALSE,DEM,FALSE,TRUE,2026-03-17,primary,221953
Emerson College,NA,NA,Texas,2025-08-11,2025-08-12,491,LV,R,LV-R,John Cornyn,29.5,REP,https://emersoncollegepolling.com/texas-2026-poll-cornyn-and-paxton-in-dead-heat-for-gop-senate-nomination/,Online Opt-In Panel/Text-to-Web/Email,FALSE,NA,FALSE,TRUE,2026-03-03,primary,221970
Emerson College,NA,NA,Texas,2025-08-11,2025-08-12,491,LV,R,LV-R,Ken Paxton Jr.,28.7,REP,https://emersoncollegepolling.com/texas-2026-poll-cornyn-and-paxton-in-dead-heat-for-gop-senate-nomination/,Online Opt-In Panel/Text-to-Web/Email,FALSE,NA,FALSE,TRUE,2026-03-03,primary,221970
Emerson College,NA,NA,Texas,2025-08-11,2025-08-12,491,LV,R,LV-R,Barrett McNabb,0.8,REP,https://emersoncollegepolling.com/texas-2026-poll-cornyn-and-paxton-in-dead-heat-for-gop-senate-nomination/,Online Opt-In Panel/Text-to-Web/Email,FALSE,NA,FALSE,TRUE,2026-03-03,primary,221970
Emerson College,NA,NA,Texas,2025-08-11,2025-08-12,491,LV,R,LV-R,Virgil Bierschwale,0.7,REP,https://emersoncollegepolling.com/texas-2026-poll-cornyn-and-paxton-in-dead-heat-for-gop-senate-nomination/,Online Opt-In Panel/Text-to-Web/Email,FALSE,NA,FALSE,TRUE,2026-03-03,primary,221970
Emerson College,NA,NA,Texas,2025-08-11,2025-08-12,491,LV,R,LV-R,Rennie Mann,0.5,REP,https://emersoncollegepolling.com/texas-2026-poll-cornyn-and-paxton-in-dead-heat-for-gop-senate-nomination/,Online Opt-In Panel/Text-to-Web/Email,FALSE,NA,FALSE,TRUE,2026-03-03,primary,221970
Emerson College,NA,NA,Texas,2025-08-11,2025-08-12,491,LV,R,LV-R,Leo Wyatt,1.3,REP,https://emersoncollegepolling.com/texas-2026-poll-cornyn-and-paxton-in-dead-heat-for-gop-senate-nomination/,Online Opt-In Panel/Text-to-Web/Email,FALSE,NA,FALSE,TRUE,2026-03-03,primary,221970
Emerson College,NA,NA,Texas,2025-08-11,2025-08-12,491,LV,R,LV-R,Alexander Duncan,0.1,REP,https://emersoncollegepolling.com/texas-2026-poll-cornyn-and-paxton-in-dead-heat-for-gop-senate-nomination/,Online Opt-In Panel/Text-to-Web/Email,FALSE,NA,FALSE,TRUE,2026-03-03,primary,221970
Emerson College,NA,NA,Texas,2025-08-11,2025-08-12,491,LV,R,LV-R,Gulrez Khan,0.2,REP,https://emersoncollegepolling.com/texas-2026-poll-cornyn-and-paxton-in-dead-heat-for-gop-senate-nomination/,Online Opt-In Panel/Text-to-Web/Email,FALSE,NA,FALSE,TRUE,2026-03-03,primary,221970
Emerson College,NA,NA,Texas,2025-08-11,2025-08-12,491,LV,R,LV-R,Andrew Alvarez,0.5,REP,https://emersoncollegepolling.com/texas-2026-poll-cornyn-and-paxton-in-dead-heat-for-gop-senate-nomination/,Online Opt-In Panel/Text-to-Web/Email,FALSE,NA,FALSE,TRUE,2026-03-03,primary,221970
Emerson College,NA,NA,Texas,2025-08-11,2025-08-12,370,LV,D,LV-D,Colin Allred,57.7,DEM,https://emersoncollegepolling.com/texas-2026-poll-cornyn-and-paxton-in-dead-heat-for-gop-senate-nomination/,Online Opt-In Panel/Text-to-Web/Email,FALSE,NA,FALSE,TRUE,2026-03-03,primary,221971
Emerson College,NA,NA,Texas,2025-08-11,2025-08-12,370,LV,D,LV-D,Terry Virts,0.9,DEM,https://emersoncollegepolling.com/texas-2026-poll-cornyn-and-paxton-in-dead-heat-for-gop-senate-nomination/,Online Opt-In Panel/Text-to-Web/Email,FALSE,NA,FALSE,TRUE,2026-03-03,primary,221971
Emerson College,NA,NA,Texas,2025-08-11,2025-08-12,370,LV,D,LV-D,Mike Swanson,3.2,DEM,https://emersoncollegepolling.com/texas-2026-poll-cornyn-and-paxton-in-dead-heat-for-gop-senate-nomination/,Online Opt-In Panel/Text-to-Web/Email,FALSE,NA,FALSE,TRUE,2026-03-03,primary,221971
Emerson College,NA,NA,Texas,2025-08-11,2025-08-12,370,LV,D,LV-D,Emily Morgul,3.8,DEM,https://emersoncollegepolling.com/texas-2026-poll-cornyn-and-paxton-in-dead-heat-for-gop-senate-nomination/,Online Opt-In Panel/Text-to-Web/Email,FALSE,NA,FALSE,TRUE,2026-03-03,primary,221971
Emerson College,NA,NA,Texas,2025-08-11,2025-08-12,491,LV,R,LV-R,Tony Schmoker,0.5,REP,https://emersoncollegepolling.com/texas-2026-poll-cornyn-and-paxton-in-dead-heat-for-gop-senate-nomination/,Online Opt-In Panel/Text-to-Web/Email,FALSE,NA,FALSE,TRUE,2026-03-03,primary,221970
GBAO,NA,Raja Krishnamoorthi,Illinois,2025-08-12,2025-08-17,800,LV,D,LV-D,Robin Kelly,12,DEM,https://x.com/nicholaswu12/status/1958873448752525556,Live Phone/Text-to-Web,FALSE,DEM,TRUE,TRUE,2026-03-17,primary,222116
GBAO,NA,Raja Krishnamoorthi,Illinois,2025-08-12,2025-08-17,800,LV,D,LV-D,Juliana Stratton,18,DEM,https://x.com/nicholaswu12/status/1958873448752525556,Live Phone/Text-to-Web,FALSE,DEM,TRUE,TRUE,2026-03-17,primary,222116
GBAO,NA,Raja Krishnamoorthi,Illinois,2025-08-12,2025-08-17,800,LV,D,LV-D,Raja Krishnamoorthi,38,DEM,https://x.com/nicholaswu12/status/1958873448752525556,Live Phone/Text-to-Web,FALSE,DEM,TRUE,TRUE,2026-03-17,primary,222116
Echelon Insights,NA,NA,Texas,2025-08-21,2025-08-24,515,LV,R,LV-R,John Cornyn,37,REP,https://echeloninsights.com/wp-content/uploads/Echelon-TX-SEN-Poll-Memo-08-26-25.pdf,Online Opt-In Panel/Text-to-Web,FALSE,NA,FALSE,TRUE,2026-03-03,primary,222195
Echelon Insights,NA,NA,Texas,2025-08-21,2025-08-24,515,LV,R,LV-R,Ken Paxton Jr.,42,REP,https://echeloninsights.com/wp-content/uploads/Echelon-TX-SEN-Poll-Memo-08-26-25.pdf,Online Opt-In Panel/Text-to-Web,FALSE,NA,FALSE,TRUE,2026-03-03,primary,222195
The Alabama Poll,NA,NA,Alabama,2025-08-24,2025-08-26,600,LV,R,LV-R,Steve Marshall,37,REP,https://www.politico.com/newsletters/playbook/2025/09/15/washington-braces-for-fallout-from-kirks-death-00563517,Live Phone/Text-to-Web,FALSE,NA,FALSE,TRUE,2026-05-26,primary,222586
The Alabama Poll,NA,NA,Alabama,2025-08-24,2025-08-26,600,LV,R,LV-R,Barry Moore,16,REP,https://www.politico.com/newsletters/playbook/2025/09/15/washington-braces-for-fallout-from-kirks-death-00563517,Live Phone/Text-to-Web,FALSE,NA,FALSE,TRUE,2026-05-26,primary,222586
The Alabama Poll,NA,NA,Alabama,2025-08-24,2025-08-26,600,LV,R,LV-R,Jared Hudson,7,REP,https://www.politico.com/newsletters/playbook/2025/09/15/washington-braces-for-fallout-from-kirks-death-00563517,Live Phone/Text-to-Web,FALSE,NA,FALSE,TRUE,2026-05-26,primary,222586
The Alabama Poll,NA,NA,Alabama,2025-08-24,2025-08-26,600,LV,R,LV-R,Rodney Walker,1,REP,https://www.politico.com/newsletters/playbook/2025/09/15/washington-braces-for-fallout-from-kirks-death-00563517,Live Phone/Text-to-Web,FALSE,NA,FALSE,TRUE,2026-05-26,primary,222586
co/efficient,NA,NA,Texas,2025-08-25,2025-08-27,818,LV,R,LV-R,Ken Paxton Jr.,39,REP,https://coefficient.org/wp-content/uploads/2025/09/TX-GOP-Primary-US-Senate-8.27.25.pdf,IVR/Text,FALSE,REP,FALSE,TRUE,2026-03-03,primary,222382
co/efficient,NA,NA,Texas,2025-08-25,2025-08-27,818,LV,R,LV-R,John Cornyn,36,REP,https://coefficient.org/wp-content/uploads/2025/09/TX-GOP-Primary-US-Senate-8.27.25.pdf,IVR/Text,FALSE,REP,FALSE,TRUE,2026-03-03,primary,222382
Saint Anselm College Survey Center,NA,NA,New Hampshire,2025-08-26,2025-08-27,791,RV,R,RV-R,Scott Brown,48,REP,https://www.anselm.edu/about/anselmian-hub/news/new-saint-anselm-college-survey-center-poll-reveals-shifting-political-landscape-ahead-2028-primary,NA,FALSE,NA,FALSE,TRUE,2026-09-08,primary,222442
Saint Anselm College Survey Center,NA,NA,New Hampshire,2025-08-26,2025-08-27,791,RV,R,RV-R,Dan Innis,13,REP,https://www.anselm.edu/about/anselmian-hub/news/new-saint-anselm-college-survey-center-poll-reveals-shifting-political-landscape-ahead-2028-primary,NA,FALSE,NA,FALSE,TRUE,2026-09-08,primary,222442
Slingshot Strategies,Texas Public Opinion Research,NA,Texas,2025-08-27,2025-08-29,NA,RV,D,RV-D,Joaquin Castro,4,DEM,https://www.politico.com/newsletters/playbook/2025/09/12/massive-manhunt-underway-for-charlie-kirks-killer-00560011,NA,FALSE,NA,FALSE,TRUE,2026-03-03,primary,222572
Slingshot Strategies,Texas Public Opinion Research,NA,Texas,2025-08-27,2025-08-29,NA,RV,D,RV-D,James Talarico,7,DEM,https://www.politico.com/newsletters/playbook/2025/09/12/massive-manhunt-underway-for-charlie-kirks-killer-00560011,NA,FALSE,NA,FALSE,TRUE,2026-03-03,primary,222572
Slingshot Strategies,Texas Public Opinion Research,NA,Texas,2025-08-27,2025-08-29,NA,RV,D,RV-D,Colin Allred,13,DEM,https://www.politico.com/newsletters/playbook/2025/09/12/massive-manhunt-underway-for-charlie-kirks-killer-00560011,NA,FALSE,NA,FALSE,TRUE,2026-03-03,primary,222572
Slingshot Strategies,Texas Public Opinion Research,NA,Texas,2025-08-27,2025-08-29,NA,RV,D,RV-D,Jasmine Crockett,26,DEM,https://www.politico.com/newsletters/playbook/2025/09/12/massive-manhunt-underway-for-charlie-kirks-killer-00560011,NA,FALSE,NA,FALSE,TRUE,2026-03-03,primary,222572
Slingshot Strategies,Texas Public Opinion Research,NA,Texas,2025-08-27,2025-08-29,NA,RV,D,RV-D,Beto O'Rourke,27,DEM,https://www.politico.com/newsletters/playbook/2025/09/12/massive-manhunt-underway-for-charlie-kirks-killer-00560011,NA,FALSE,NA,FALSE,TRUE,2026-03-03,primary,222572
Slingshot Strategies,Texas Public Opinion Research,NA,Texas,2025-08-27,2025-08-29,NA,RV,R,RV-R,Ken Paxton Jr.,26,REP,https://www.politico.com/newsletters/playbook/2025/09/12/massive-manhunt-underway-for-charlie-kirks-killer-00560011,NA,FALSE,NA,FALSE,TRUE,2026-03-03,primary,222571
Slingshot Strategies,Texas Public Opinion Research,NA,Texas,2025-08-27,2025-08-29,NA,RV,R,RV-R,John Cornyn,32,REP,https://www.politico.com/newsletters/playbook/2025/09/12/massive-manhunt-underway-for-charlie-kirks-killer-00560011,NA,FALSE,NA,FALSE,TRUE,2026-03-03,primary,222571
Public Opinion Strategies,Keep America Great PAC (super PAC),NA,Kentucky,2025-09-02,2025-09-04,600,LV,R,LV-R,Daniel Jay Cameron,37,REP,https://www.semafor.com/article/09/09/2025/new-poll-reveals-kentuckys-shifting-senate-race,Live Phone,FALSE,REP,FALSE,TRUE,2026-05-19,primary,222550
Public Opinion Strategies,Keep America Great PAC (super PAC),NA,Kentucky,2025-09-02,2025-09-04,600,LV,R,LV-R,Nathaniel Ryan Morris,8,REP,https://www.semafor.com/article/09/09/2025/new-poll-reveals-kentuckys-shifting-senate-race,Live Phone,FALSE,REP,FALSE,TRUE,2026-05-19,primary,222550
Public Opinion Strategies,Keep America Great PAC (super PAC),NA,Kentucky,2025-09-02,2025-09-04,600,LV,R,LV-R,Andy Barr,29,REP,https://www.semafor.com/article/09/09/2025/new-poll-reveals-kentuckys-shifting-senate-race,Live Phone,FALSE,REP,FALSE,TRUE,2026-05-19,primary,222550
Public Policy Polling,Unknown Sponsor,NA,Texas,2025-09-03,2025-09-04,510,LV,D,LV-D,James Talarico,32,DEM,https://www.politico.com/newsletters/playbook/2025/09/07/trumps-apocalypse-now-moment-00549289,IVR/Text,FALSE,DEM,FALSE,TRUE,2026-03-03,primary,222507
Public Policy Polling,Unknown Sponsor,NA,Texas,2025-09-03,2025-09-04,510,LV,D,LV-D,Colin Allred,40,DEM,https://www.politico.com/newsletters/playbook/2025/09/07/trumps-apocalypse-now-moment-00549289,IVR/Text,FALSE,DEM,FALSE,TRUE,2026-03-03,primary,222507
co/efficient,NA,NA,New Hampshire,2025-09-10,2025-09-12,346,LV,R,LV-R,Dan Innis,8,REP,https://coefficient.org/wp-content/uploads/2025/09/NH-U.S.-Senate-General-Election-2026.pdf,IVR/Text,FALSE,REP,FALSE,TRUE,2026-09-08,primary,222619
co/efficient,NA,NA,New Hampshire,2025-09-10,2025-09-12,346,LV,R,LV-R,Scott Brown,23,REP,https://coefficient.org/wp-content/uploads/2025/09/NH-U.S.-Senate-General-Election-2026.pdf,IVR/Text,FALSE,REP,FALSE,TRUE,2026-09-08,primary,222619
co/efficient,NA,NA,New Hampshire,2025-09-10,2025-09-12,346,LV,R,LV-R,John E. Sununu,40,REP,https://coefficient.org/wp-content/uploads/2025/09/NH-U.S.-Senate-General-Election-2026.pdf,IVR/Text,FALSE,REP,FALSE,TRUE,2026-09-08,primary,222619
Stratus Intelligence,Anonymous Sponsor,NA,Texas,2025-09-14,2025-09-16,842,V,R,V-R,Wesley P. Hunt,39,REP,https://punchbowl.news/article/campaigns/hunt-senate-bid,NA,FALSE,REP,FALSE,TRUE,2026-03-03,primary,222696
Stratus Intelligence,Anonymous Sponsor,NA,Texas,2025-09-14,2025-09-16,842,V,R,V-R,Wesley P. Hunt,46,REP,https://punchbowl.news/article/campaigns/hunt-senate-bid,NA,FALSE,REP,FALSE,TRUE,2026-03-03,primary,222697
Stratus Intelligence,Anonymous Sponsor,NA,Texas,2025-09-14,2025-09-16,842,V,R,V-R,Ken Paxton Jr.,38,REP,https://punchbowl.news/article/campaigns/hunt-senate-bid,NA,FALSE,REP,FALSE,TRUE,2026-03-03,primary,222696
Stratus Intelligence,Anonymous Sponsor,NA,Texas,2025-09-14,2025-09-16,842,V,R,V-R,John Cornyn,37,REP,https://punchbowl.news/article/campaigns/hunt-senate-bid,NA,FALSE,REP,FALSE,TRUE,2026-03-03,primary,222697
Stratus Intelligence,Anonymous Sponsor,NA,Texas,2025-09-14,2025-09-16,842,V,R,V-R,John Cornyn,28,REP,https://punchbowl.news/article/campaigns/hunt-senate-bid,NA,FALSE,REP,FALSE,TRUE,2026-03-03,primary,222695
Stratus Intelligence,Anonymous Sponsor,NA,Texas,2025-09-14,2025-09-16,842,V,R,V-R,Ken Paxton Jr.,38,REP,https://punchbowl.news/article/campaigns/hunt-senate-bid,NA,FALSE,REP,FALSE,TRUE,2026-03-03,primary,222695
Stratus Intelligence,Anonymous Sponsor,NA,Texas,2025-09-14,2025-09-16,842,V,R,V-R,Wesley P. Hunt,23,REP,https://punchbowl.news/article/campaigns/hunt-senate-bid,NA,FALSE,REP,FALSE,TRUE,2026-03-03,primary,222695
University of New Hampshire Survey Center,NA,NA,New Hampshire,2025-09-17,2025-09-23,508,LV,D,LV-D,Karishma Manzur,14,DEM,https://scholars.unh.edu/survey_center_polls/888/,Probability Panel,FALSE,NA,FALSE,TRUE,2026-09-08,primary,222858
University of New Hampshire Survey Center,NA,NA,New Hampshire,2025-09-17,2025-09-23,508,LV,D,LV-D,Chris Pappas,65,DEM,https://scholars.unh.edu/survey_center_polls/888/,Probability Panel,FALSE,NA,FALSE,TRUE,2026-09-08,primary,222858
University of New Hampshire Survey Center,NA,NA,New Hampshire,2025-09-17,2025-09-23,555,LV,R,LV-R,John E. Sununu,42,REP,https://scholars.unh.edu/survey_center_polls/888/,Probability Panel,FALSE,NA,FALSE,TRUE,2026-09-08,primary,222857
University of New Hampshire Survey Center,NA,NA,New Hampshire,2025-09-17,2025-09-23,555,LV,R,LV-R,Scott Brown,19,REP,https://scholars.unh.edu/survey_center_polls/888/,Probability Panel,FALSE,NA,FALSE,TRUE,2026-09-08,primary,222857
University of New Hampshire Survey Center,NA,NA,New Hampshire,2025-09-17,2025-09-23,555,LV,R,LV-R,Dan Innis,7,REP,https://scholars.unh.edu/survey_center_polls/888/,Probability Panel,FALSE,NA,FALSE,TRUE,2026-09-08,primary,222857
University of Houston Hobby School of Public Affairs/Texas Southern University School of Public Affairs/YouGov,NA,NA,Texas,2025-09-19,2025-10-01,576,LV,R,LV-R,Ken Paxton Jr.,34,REP,https://www.uh.edu/hobby/txtrends/2025/,Online Matched Sample,FALSE,NA,FALSE,TRUE,2026-03-03,primary,223085
University of Houston Hobby School of Public Affairs/Texas Southern University School of Public Affairs/YouGov,NA,NA,Texas,2025-09-19,2025-10-01,576,LV,R,LV-R,John Cornyn,33,REP,https://www.uh.edu/hobby/txtrends/2025/,Online Matched Sample,FALSE,NA,FALSE,TRUE,2026-03-03,primary,223085
University of Houston Hobby School of Public Affairs/Texas Southern University School of Public Affairs/YouGov,NA,NA,Texas,2025-09-19,2025-10-01,576,LV,R,LV-R,Wesley P. Hunt,22,REP,https://www.uh.edu/hobby/txtrends/2025/,Online Matched Sample,FALSE,NA,FALSE,TRUE,2026-03-03,primary,223085
University of Houston Hobby School of Public Affairs/Texas Southern University School of Public Affairs/YouGov,NA,NA,Texas,2025-09-19,2025-10-01,576,LV,R,LV-R,Ken Paxton Jr.,43,REP,https://www.uh.edu/hobby/txtrends/2025/,Online Matched Sample,FALSE,NA,FALSE,TRUE,2026-03-03,primary,223086
University of Houston Hobby School of Public Affairs/Texas Southern University School of Public Affairs/YouGov,NA,NA,Texas,2025-09-19,2025-10-01,576,LV,R,LV-R,John Cornyn,44,REP,https://www.uh.edu/hobby/txtrends/2025/,Online Matched Sample,FALSE,NA,FALSE,TRUE,2026-03-03,primary,223086
University of Houston Hobby School of Public Affairs/Texas Southern University School of Public Affairs/YouGov,NA,NA,Texas,2025-09-19,2025-10-01,478,LV,D,LV-D,Beto O'Rourke,55,DEM,https://www.uh.edu/hobby/txtrends/2025/,Online Matched Sample,FALSE,NA,FALSE,TRUE,2026-03-03,primary,223092
University of Houston Hobby School of Public Affairs/Texas Southern University School of Public Affairs/YouGov,NA,NA,Texas,2025-09-19,2025-10-01,576,LV,R,LV-R,Wesley P. Hunt,34,REP,https://www.uh.edu/hobby/txtrends/2025/,Online Matched Sample,FALSE,NA,FALSE,TRUE,2026-03-03,primary,223088
University of Houston Hobby School of Public Affairs/Texas Southern University School of Public Affairs/YouGov,NA,NA,Texas,2025-09-19,2025-10-01,478,LV,D,LV-D,Colin Allred,38,DEM,https://www.uh.edu/hobby/txtrends/2025/,Online Matched Sample,FALSE,NA,FALSE,TRUE,2026-03-03,primary,223092
University of Houston Hobby School of Public Affairs/Texas Southern University School of Public Affairs/YouGov,NA,NA,Texas,2025-09-19,2025-10-01,576,LV,R,LV-R,John Cornyn,50,REP,https://www.uh.edu/hobby/txtrends/2025/,Online Matched Sample,FALSE,NA,FALSE,TRUE,2026-03-03,primary,223088
University of Houston Hobby School of Public Affairs/Texas Southern University School of Public Affairs/YouGov,NA,NA,Texas,2025-09-19,2025-10-01,478,LV,D,LV-D,James Talarico,34,DEM,https://www.uh.edu/hobby/txtrends/2025/,Online Matched Sample,FALSE,NA,FALSE,TRUE,2026-03-03,primary,223091
University of Houston Hobby School of Public Affairs/Texas Southern University School of Public Affairs/YouGov,NA,NA,Texas,2025-09-19,2025-10-01,478,LV,D,LV-D,Jasmine Crockett,31,DEM,https://www.uh.edu/hobby/txtrends/2025/,Online Matched Sample,FALSE,NA,FALSE,TRUE,2026-03-03,primary,223089
University of Houston Hobby School of Public Affairs/Texas Southern University School of Public Affairs/YouGov,NA,NA,Texas,2025-09-19,2025-10-01,478,LV,D,LV-D,Jasmine Crockett,52,DEM,https://www.uh.edu/hobby/txtrends/2025/,Online Matched Sample,FALSE,NA,FALSE,TRUE,2026-03-03,primary,223091
University of Houston Hobby School of Public Affairs/Texas Southern University School of Public Affairs/YouGov,NA,NA,Texas,2025-09-19,2025-10-01,478,LV,D,LV-D,James Talarico,39,DEM,https://www.uh.edu/hobby/txtrends/2025/,Online Matched Sample,FALSE,NA,FALSE,TRUE,2026-03-03,primary,223093
University of Houston Hobby School of Public Affairs/Texas Southern University School of Public Affairs/YouGov,NA,NA,Texas,2025-09-19,2025-10-01,478,LV,D,LV-D,Jasmine Crockett,51,DEM,https://www.uh.edu/hobby/txtrends/2025/,Online Matched Sample,FALSE,NA,FALSE,TRUE,2026-03-03,primary,223094
University of Houston Hobby School of Public Affairs/Texas Southern University School of Public Affairs/YouGov,NA,NA,Texas,2025-09-19,2025-10-01,478,LV,D,LV-D,Beto O'Rourke,41,DEM,https://www.uh.edu/hobby/txtrends/2025/,Online Matched Sample,FALSE,NA,FALSE,TRUE,2026-03-03,primary,223094
University of Houston Hobby School of Public Affairs/Texas Southern University School of Public Affairs/YouGov,NA,NA,Texas,2025-09-19,2025-10-01,478,LV,D,LV-D,Colin Allred,46,DEM,https://www.uh.edu/hobby/txtrends/2025/,Online Matched Sample,FALSE,NA,FALSE,TRUE,2026-03-03,primary,223095
University of Houston Hobby School of Public Affairs/Texas Southern University School of Public Affairs/YouGov,NA,NA,Texas,2025-09-19,2025-10-01,478,LV,D,LV-D,James Talarico,42,DEM,https://www.uh.edu/hobby/txtrends/2025/,Online Matched Sample,FALSE,NA,FALSE,TRUE,2026-03-03,primary,223095
University of Houston Hobby School of Public Affairs/Texas Southern University School of Public Affairs/YouGov,NA,NA,Texas,2025-09-19,2025-10-01,478,LV,D,LV-D,James Talarico,25,DEM,https://www.uh.edu/hobby/txtrends/2025/,Online Matched Sample,FALSE,NA,FALSE,TRUE,2026-03-03,primary,223089
University of Houston Hobby School of Public Affairs/Texas Southern University School of Public Affairs/YouGov,NA,NA,Texas,2025-09-19,2025-10-01,478,LV,D,LV-D,Beto O'Rourke,25,DEM,https://www.uh.edu/hobby/txtrends/2025/,Online Matched Sample,FALSE,NA,FALSE,TRUE,2026-03-03,primary,223089
University of Houston Hobby School of Public Affairs/Texas Southern University School of Public Affairs/YouGov,NA,NA,Texas,2025-09-19,2025-10-01,478,LV,D,LV-D,Colin Allred,34,DEM,https://www.uh.edu/hobby/txtrends/2025/,Online Matched Sample,FALSE,NA,FALSE,TRUE,2026-03-03,primary,223090
University of Houston Hobby School of Public Affairs/Texas Southern University School of Public Affairs/YouGov,NA,NA,Texas,2025-09-19,2025-10-01,478,LV,D,LV-D,Colin Allred,13,DEM,https://www.uh.edu/hobby/txtrends/2025/,Online Matched Sample,FALSE,NA,FALSE,TRUE,2026-03-03,primary,223089
University of Houston Hobby School of Public Affairs/Texas Southern University School of Public Affairs/YouGov,NA,NA,Texas,2025-09-19,2025-10-01,478,LV,D,LV-D,Jasmine Crockett,57,DEM,https://www.uh.edu/hobby/txtrends/2025/,Online Matched Sample,FALSE,NA,FALSE,TRUE,2026-03-03,primary,223090
University of Houston Hobby School of Public Affairs/Texas Southern University School of Public Affairs/YouGov,NA,NA,Texas,2025-09-19,2025-10-01,576,LV,R,LV-R,Ken Paxton Jr.,50,REP,https://www.uh.edu/hobby/txtrends/2025/,Online Matched Sample,FALSE,NA,FALSE,TRUE,2026-03-03,primary,223087
University of Houston Hobby School of Public Affairs/Texas Southern University School of Public Affairs/YouGov,NA,NA,Texas,2025-09-19,2025-10-01,478,LV,D,LV-D,Beto O'Rourke,54,DEM,https://www.uh.edu/hobby/txtrends/2025/,Online Matched Sample,FALSE,NA,FALSE,TRUE,2026-03-03,primary,223093
University of Houston Hobby School of Public Affairs/Texas Southern University School of Public Affairs/YouGov,NA,NA,Texas,2025-09-19,2025-10-01,576,LV,R,LV-R,Wesley P. Hunt,35,REP,https://www.uh.edu/hobby/txtrends/2025/,Online Matched Sample,FALSE,NA,FALSE,TRUE,2026-03-03,primary,223087
Ragnar Research Partners,One Nation,NA,Texas,2025-09-20,2025-09-22,NA,LV,R,LV-R,Wesley P. Hunt,17,REP,https://www.notus.org/2026-election/one-nation-poll-john-cornyn-ken-paxton-primary-matchup,NA,FALSE,REP,FALSE,TRUE,2026-03-03,primary,222821
Ragnar Research Partners,One Nation,NA,Texas,2025-09-20,2025-09-22,NA,LV,R,LV-R,Ken Paxton Jr.,39,REP,https://www.notus.org/2026-election/one-nation-poll-john-cornyn-ken-paxton-primary-matchup,NA,FALSE,REP,FALSE,TRUE,2026-03-03,primary,222822
Ragnar Research Partners,One Nation,NA,Texas,2025-09-20,2025-09-22,NA,LV,R,LV-R,John Cornyn,39,REP,https://www.notus.org/2026-election/one-nation-poll-john-cornyn-ken-paxton-primary-matchup,NA,FALSE,REP,FALSE,TRUE,2026-03-03,primary,222822
Ragnar Research Partners,One Nation,NA,Texas,2025-09-20,2025-09-22,NA,LV,R,LV-R,Ken Paxton Jr.,31,REP,https://www.notus.org/2026-election/one-nation-poll-john-cornyn-ken-paxton-primary-matchup,NA,FALSE,REP,FALSE,TRUE,2026-03-03,primary,222821
Ragnar Research Partners,One Nation,NA,Texas,2025-09-20,2025-09-22,NA,LV,R,LV-R,John Cornyn,32,REP,https://www.notus.org/2026-election/one-nation-poll-john-cornyn-ken-paxton-primary-matchup,NA,FALSE,REP,FALSE,TRUE,2026-03-03,primary,222821
Deep Root Analytics,Texans for a Conservative Majority (super PAC),NA,Texas,2025-09-22,2025-09-28,1142,LV,R,LV-R,Ken Paxton Jr.,28,REP,https://www.politico.com/live-updates/2025/10/09/congress/john-cornyn-wesley-hunt-poll-00599889,NA,FALSE,REP,FALSE,TRUE,2026-03-03,primary,223110
Deep Root Analytics,Texans for a Conservative Majority (super PAC),NA,Texas,2025-09-22,2025-09-28,1142,LV,R,LV-R,John Cornyn,33,REP,https://www.politico.com/live-updates/2025/10/09/congress/john-cornyn-wesley-hunt-poll-00599889,NA,FALSE,REP,FALSE,TRUE,2026-03-03,primary,223110
Deep Root Analytics,Texans for a Conservative Majority (super PAC),NA,Texas,2025-09-22,2025-09-28,1142,LV,R,LV-R,Wesley P. Hunt,21,REP,https://www.politico.com/live-updates/2025/10/09/congress/john-cornyn-wesley-hunt-poll-00599889,NA,FALSE,REP,FALSE,TRUE,2026-03-03,primary,223110
Advantage Inc.,Fiscal Alliance Foundation,NA,Massachusetts,2025-09-23,2025-09-24,278,LV,D,LV-D,Seth Moulton,38.13,DEM,https://www.fiscalalliancefoundation.org/new-poll-voters-back-income-tax-cut-reject-rent-control-support-natural-gas-nuclear-expansion,NA,FALSE,NA,FALSE,TRUE,2026-09-15,primary,222987
Advantage Inc.,Fiscal Alliance Foundation,NA,Massachusetts,2025-09-23,2025-09-24,278,LV,D,LV-D,Edward J. Markey,29.86,DEM,https://www.fiscalalliancefoundation.org/new-poll-voters-back-income-tax-cut-reject-rent-control-support-natural-gas-nuclear-expansion,NA,FALSE,NA,FALSE,TRUE,2026-09-15,primary,222987
Advantage Inc.,Fiscal Alliance Foundation,NA,Massachusetts,2025-09-23,2025-09-24,278,LV,D,LV-D,Ayanna S. Pressley,37.41,DEM,https://www.fiscalalliancefoundation.org/new-poll-voters-back-income-tax-cut-reject-rent-control-support-natural-gas-nuclear-expansion,NA,FALSE,NA,FALSE,TRUE,2026-09-15,primary,222988
Advantage Inc.,Fiscal Alliance Foundation,NA,Massachusetts,2025-09-23,2025-09-24,278,LV,D,LV-D,Edward J. Markey,34.89,DEM,https://www.fiscalalliancefoundation.org/new-poll-voters-back-income-tax-cut-reject-rent-control-support-natural-gas-nuclear-expansion,NA,FALSE,NA,FALSE,TRUE,2026-09-15,primary,222988
Public Policy Polling,NA,Juliana Stratton,Illinois,2025-09-25,2025-09-26,576,LV,D,LV-D,Robin Kelly,8,DEM,https://www.politico.com/newsletters/illinois-playbook/2025/09/30/pritzker-slams-plan-to-deploy-the-guard-00586114,IVR/Text,FALSE,DEM,TRUE,TRUE,2026-03-17,primary,222891
Public Policy Polling,NA,Juliana Stratton,Illinois,2025-09-25,2025-09-26,576,LV,D,LV-D,Juliana Stratton,18,DEM,https://www.politico.com/newsletters/illinois-playbook/2025/09/30/pritzker-slams-plan-to-deploy-the-guard-00586114,IVR/Text,FALSE,DEM,TRUE,TRUE,2026-03-17,primary,222891
Public Policy Polling,NA,Juliana Stratton,Illinois,2025-09-25,2025-09-26,576,LV,D,LV-D,Raja Krishnamoorthi,33,DEM,https://www.politico.com/newsletters/illinois-playbook/2025/09/30/pritzker-slams-plan-to-deploy-the-guard-00586114,IVR/Text,FALSE,DEM,TRUE,TRUE,2026-03-17,primary,222891
Big Data Poll,NA,Paul Edouard Dans,South Carolina,2025-09-26,2025-09-29,827,RV,R,RV-R,Mark Lynch,4.1,REP,https://www.fitsnews.com/wp-content/uploads/securepdfs/2025/09/South-Carolina-September-Poll-Memo-FITSNEWS.pdf,Live Phone/Online Opt-In Panel/Text-to-Web,FALSE,REP,TRUE,TRUE,2026-06-09,primary,222983
Big Data Poll,NA,Paul Edouard Dans,South Carolina,2025-09-26,2025-09-29,827,RV,R,RV-R,Lindsey Graham,46.3,REP,https://www.fitsnews.com/wp-content/uploads/securepdfs/2025/09/South-Carolina-September-Poll-Memo-FITSNEWS.pdf,Live Phone/Online Opt-In Panel/Text-to-Web,FALSE,REP,TRUE,TRUE,2026-06-09,primary,222983
Big Data Poll,NA,Paul Edouard Dans,South Carolina,2025-09-26,2025-09-29,827,RV,R,RV-R,Paul Edouard Dans,22.1,REP,https://www.fitsnews.com/wp-content/uploads/securepdfs/2025/09/South-Carolina-September-Poll-Memo-FITSNEWS.pdf,Live Phone/Online Opt-In Panel/Text-to-Web,FALSE,REP,TRUE,TRUE,2026-06-09,primary,222983
Quantus Insights,TrendingPolitics,NA,South Carolina,2025-10-01,2025-10-04,600,RV,R,RV-R,Lindsey Graham,58,REP,https://quantusinsights.org/f/south-carolina-gop-governor%E2%80%99s-race-wide-open-graham-in-control,IVR/Live Phone/Text-to-Web,FALSE,REP,FALSE,TRUE,2026-06-09,primary,223066
Quantus Insights,TrendingPolitics,NA,South Carolina,2025-10-01,2025-10-04,600,RV,R,RV-R,Mark Lynch,15,REP,https://quantusinsights.org/f/south-carolina-gop-governor%E2%80%99s-race-wide-open-graham-in-control,IVR/Live Phone/Text-to-Web,FALSE,REP,FALSE,TRUE,2026-06-09,primary,223066
Quantus Insights,TrendingPolitics,NA,South Carolina,2025-10-01,2025-10-04,600,RV,R,RV-R,Paul Edouard Dans,7,REP,https://quantusinsights.org/f/south-carolina-gop-governor%E2%80%99s-race-wide-open-graham-in-control,IVR/Live Phone/Text-to-Web,FALSE,REP,FALSE,TRUE,2026-06-09,primary,223066
co/efficient,NA,Daniel Jay Cameron,Kentucky,2025-10-08,2025-10-10,911,LV,R,LV-R,Andy Barr,22,REP,https://fox56news.com/news/kentucky/cameron-campaign-releases-poll-showing-former-attorney-general-maintaining-senate-lead/,NA,FALSE,REP,TRUE,TRUE,2026-05-19,primary,223138
co/efficient,NA,Daniel Jay Cameron,Kentucky,2025-10-08,2025-10-10,911,LV,R,LV-R,Daniel Jay Cameron,39,REP,https://fox56news.com/news/kentucky/cameron-campaign-releases-poll-showing-former-attorney-general-maintaining-senate-lead/,NA,FALSE,REP,TRUE,TRUE,2026-05-19,primary,223138
co/efficient,NA,Daniel Jay Cameron,Kentucky,2025-10-08,2025-10-10,911,LV,R,LV-R,Nathaniel Ryan Morris,8,REP,https://fox56news.com/news/kentucky/cameron-campaign-releases-poll-showing-former-attorney-general-maintaining-senate-lead/,NA,FALSE,REP,TRUE,TRUE,2026-05-19,primary,223138
UpONE Insights,NA,Andy Barr,Kentucky,2025-10-13,2025-10-14,600,LV,R,LV-R,Andy Barr,25,REP,https://x.com/_AustinHorn/status/1978479427509243986,Live Phone,FALSE,REP,TRUE,TRUE,2026-05-19,primary,223224
UpONE Insights,NA,Andy Barr,Kentucky,2025-10-13,2025-10-14,600,LV,R,LV-R,Daniel Jay Cameron,42,REP,https://x.com/_AustinHorn/status/1978479427509243986,Live Phone,FALSE,REP,TRUE,TRUE,2026-05-19,primary,223224
UpONE Insights,NA,Andy Barr,Kentucky,2025-10-13,2025-10-14,600,LV,R,LV-R,Nathaniel Ryan Morris,10,REP,https://x.com/_AustinHorn/status/1978479427509243986,Live Phone,FALSE,REP,TRUE,TRUE,2026-05-19,primary,223224
Rosetta Stone Communications,NA,NA,Michigan,2025-10-23,2025-10-25,287,LV,D,LV-D,Haley Stevens,26,DEM,https://drive.google.com/file/d/1IXMRqu8XUE5k6Ao5G74CabOQMWKDxqAg/view?usp=sharing,NA,FALSE,NA,FALSE,TRUE,2026-08-04,primary,NA
Rosetta Stone Communications,NA,NA,Michigan,2025-10-23,2025-10-25,287,LV,D,LV-D,Mallory Ann McMorrow,25,DEM,https://drive.google.com/file/d/1IXMRqu8XUE5k6Ao5G74CabOQMWKDxqAg/view?usp=sharing,NA,FALSE,NA,FALSE,TRUE,2026-08-04,primary,NA
Rosetta Stone Communications,NA,NA,Michigan,2025-10-23,2025-10-25,287,LV,D,LV-D,Abdul El-Sayed,20,DEM,https://drive.google.com/file/d/1IXMRqu8XUE5k6Ao5G74CabOQMWKDxqAg/view?usp=sharing,NA,FALSE,NA,FALSE,TRUE,2026-08-04,primary,NA
Mitchell Research & Communications,Michigan Information & Research Service,NA,Michigan,2025-11-18,2025-11-21,261,LV,D,LV-D,Haley Stevens,27,DEM,https://mirs-polls.s3.us-east-2.amazonaws.com/c7ba70f28c3812c553cbf07db509f469.pdf,Online Opt-In Panel/Text-to-Web,FALSE,NA,FALSE,TRUE,2026-08-04,primary,NA
Mitchell Research & Communications,Michigan Information & Research Service,NA,Michigan,2025-11-18,2025-11-21,261,LV,D,LV-D,Abdul El-Sayed,16,DEM,https://mirs-polls.s3.us-east-2.amazonaws.com/c7ba70f28c3812c553cbf07db509f469.pdf,Online Opt-In Panel/Text-to-Web,FALSE,NA,FALSE,TRUE,2026-08-04,primary,NA
Mitchell Research & Communications,Michigan Information & Research Service,NA,Michigan,2025-11-18,2025-11-21,261,LV,D,LV-D,Mallory Ann McMorrow,24,DEM,https://mirs-polls.s3.us-east-2.amazonaws.com/c7ba70f28c3812c553cbf07db509f469.pdf,Online Opt-In Panel/Text-to-Web,FALSE,NA,FALSE,TRUE,2026-08-04,primary,NA
NRSC,NA,NA,Maine,2025-10-22,2025-10-23,647,LV,D,LV-D,Graham Platner,46,DEM,https://x.com/PollTracker2024/status/1981748796221456736,Live Phone/Text-to-Web,FALSE,REP,FALSE,TRUE,2026-06-09,primary,NA
NRSC,NA,NA,Maine,2025-10-23,2025-10-24,647,LV,D,LV-D,Janet T. Mills,25,DEM,https://x.com/PollTracker2024/status/1981748796221456736,Live Phone/Text-to-Web,FALSE,REP,FALSE,TRUE,2026-06-09,primary,NA
NRSC,NA,NA,Maine,2025-10-24,2025-10-25,647,LV,D,LV-D,Jordan Wood,3,DEM,https://x.com/PollTracker2024/status/1981748796221456736,Live Phone/Text-to-Web,FALSE,REP,FALSE,TRUE,2026-06-09,primary,NA
Emerson College,Nexstar,NA,Michigan,2026-01-24,2026-01-25,1000,LV,D,LV-D,Haley Stevens,16.5,DEM,https://emersoncollegepolling.com/michigan-2026-poll-crowded-democratic-senate-primary-remains-wide-open/,Online Opt-In Panel/Text-to-Web,FALSE,NA,FALSE,TRUE,2026-08-04,primary,NA
Emerson College,Nexstar,NA,Michigan,2026-01-24,2026-01-25,1000,LV,D,LV-D,Mallory Ann McMorrow,22.4,DEM,https://emersoncollegepolling.com/michigan-2026-poll-crowded-democratic-senate-primary-remains-wide-open/,Online Opt-In Panel/Text-to-Web,FALSE,NA,FALSE,TRUE,2026-08-04,primary,NA
Emerson College,Nexstar,NA,Michigan,2026-01-24,2026-01-25,1000,LV,D,LV-D,Abdul El-Sayed,15.9,DEM,https://emersoncollegepolling.com/michigan-2026-poll-crowded-democratic-senate-primary-remains-wide-open/,Online Opt-In Panel/Text-to-Web,FALSE,NA,FALSE,TRUE,2026-08-04,primary,NA
Emerson College,Nexstar,NA,Michigan,2026-01-24,2026-01-25,1000,LV,D,LV-D,Rachel Howard,2.5,DEM,https://emersoncollegepolling.com/michigan-2026-poll-crowded-democratic-senate-primary-remains-wide-open/,Online Opt-In Panel/Text-to-Web,FALSE,NA,FALSE,TRUE,2026-08-04,primary,NA
Emerson College,Nexstar,NA,Michigan,2026-01-24,2026-01-25,1000,LV,D,LV-D,Travis Zollner,0.1,DEM,https://emersoncollegepolling.com/michigan-2026-poll-crowded-democratic-senate-primary-remains-wide-open/,Online Opt-In Panel/Text-to-Web,FALSE,NA,FALSE,TRUE,2026-08-04,primary,NA
Upswing Research,Public First Action (super PAC),NA,Michigan,2026-02-26,2026-03-02,600,LV,D,LV-D,Haley Stevens,27,DEM,https://static1.squarespace.com/static/691cea7d5035d75f8dc1b1e1/t/69b30c5917fd295d04039a0a/1773341785521/MI+Dem+Senate+Primary+IP+Memo.pdf,Live Phone/Text-to-Web,FALSE,NA,FALSE,TRUE,2026-08-04,primary,NA
Upswing Research,Public First Action (super PAC),NA,Michigan,2026-02-26,2026-03-02,600,LV,D,LV-D,Mallory Ann McMorrow,25,DEM,https://static1.squarespace.com/static/691cea7d5035d75f8dc1b1e1/t/69b30c5917fd295d04039a0a/1773341785521/MI+Dem+Senate+Primary+IP+Memo.pdf,Live Phone/Text-to-Web,FALSE,NA,FALSE,TRUE,2026-08-04,primary,NA
Upswing Research,Public First Action (super PAC),NA,Michigan,2026-02-26,2026-03-02,600,LV,D,LV-D,Abdul El-Sayed,23,DEM,https://static1.squarespace.com/static/691cea7d5035d75f8dc1b1e1/t/69b30c5917fd295d04039a0a/1773341785521/MI+Dem+Senate+Primary+IP+Memo.pdf,Live Phone/Text-to-Web,FALSE,NA,FALSE,TRUE,2026-08-04,primary,NA
Global Strategy Group,NA,Mallory Ann McMorrow,Michigan,2026-03-19,2026-03-22,800,LV,D,LV-D,Mallory Ann McMorrow,30,DEM,https://www.politico.com/f/?id=0000019d-2303-d065-a7bf-6f1fae0b0000,Live Phone/Text-to-Web,FALSE,DEM,TRUE,TRUE,2026-08-04,primary,NA
Global Strategy Group,NA,Mallory Ann McMorrow,Michigan,2026-03-19,2026-03-22,800,LV,D,LV-D,Abdul El-Sayed,25,DEM,https://www.politico.com/f/?id=0000019d-2303-d065-a7bf-6f1fae0b0000,Live Phone/Text-to-Web,FALSE,DEM,TRUE,TRUE,2026-08-04,primary,NA
Global Strategy Group,NA,Mallory Ann McMorrow,Michigan,2026-03-19,2026-03-22,800,LV,D,LV-D,Haley Stevens,23,DEM,https://www.politico.com/f/?id=0000019d-2303-d065-a7bf-6f1fae0b0000,Live Phone/Text-to-Web,FALSE,DEM,TRUE,TRUE,2026-08-04,primary,NA
Impact Research,NA,Haley Stevens,Michigan,2026-02-10,2026-02-16,800,LV,D,LV-D,Haley Stevens,28,DEM,https://x.com/NenoNicolosio/status/2036807794699944075,Text-to-Web,FALSE,DEM,TRUE,TRUE,2026-08-04,primary,NA
Impact Research,NA,Haley Stevens,Michigan,2026-02-10,2026-02-16,800,LV,D,LV-D,Mallory Ann McMorrow,25,DEM,https://x.com/NenoNicolosio/status/2036807794699944075,Text-to-Web,FALSE,DEM,TRUE,TRUE,2026-08-04,primary,NA
Impact Research,NA,Haley Stevens,Michigan,2026-02-10,2026-02-16,800,LV,D,LV-D,Abdul El-Sayed,26,DEM,https://x.com/NenoNicolosio/status/2036807794699944075,Text-to-Web,FALSE,DEM,TRUE,TRUE,2026-08-04,primary,NA
Data for Progress,Zeteo | Drop Site News,NA,Michigan,2026-04-02,2026-04-08,515,LV,D,LV-D,Abdul El-Sayed,22,DEM,https://zeteo.com/p/exclusive-poll-michigans-dem-senate,Online Opt-In Panel/Text-to-Web,FALSE,NA,FALSE,TRUE,2026-08-04,primary,NA
Data for Progress,Zeteo | Drop Site News,NA,Michigan,2026-04-02,2026-04-08,515,LV,D,LV-D,Mallory Ann McMorrow,22,DEM,https://zeteo.com/p/exclusive-poll-michigans-dem-senate,Online Opt-In Panel/Text-to-Web,FALSE,NA,FALSE,TRUE,2026-08-04,primary,NA
Data for Progress,Zeteo | Drop Site News,NA,Michigan,2026-04-02,2026-04-08,515,LV,D,LV-D,Haley Stevens,23,DEM,https://zeteo.com/p/exclusive-poll-michigans-dem-senate,Online Opt-In Panel/Text-to-Web,FALSE,NA,FALSE,TRUE,2026-08-04,primary,NA
Emerson College,WOOD-TV | Nexstar,NA,Michigan,2026-04-11,2026-04-13,971,LV,D,LV-D,Haley Stevens,13.4,DEM,https://emersoncollegepolling.com/michigan-2026-poll-abdul-el-sayed-mallory-mcmorrow-tied-for-lead-in-democratic-senate-primary/,Probability Panel/Text-to-Web/Email,FALSE,NA,FALSE,TRUE,2026-08-04,primary,NA
Emerson College,WOOD-TV | Nexstar,NA,Michigan,2026-04-11,2026-04-13,971,LV,D,LV-D,Mallory Ann McMorrow,23.6,DEM,https://emersoncollegepolling.com/michigan-2026-poll-abdul-el-sayed-mallory-mcmorrow-tied-for-lead-in-democratic-senate-primary/,Probability Panel/Text-to-Web/Email,FALSE,NA,FALSE,TRUE,2026-08-04,primary,NA
Emerson College,WOOD-TV | Nexstar,NA,Michigan,2026-04-11,2026-04-13,971,LV,D,LV-D,Abdul El-Sayed,24,DEM,https://emersoncollegepolling.com/michigan-2026-poll-abdul-el-sayed-mallory-mcmorrow-tied-for-lead-in-democratic-senate-primary/,Probability Panel/Text-to-Web/Email,FALSE,NA,FALSE,TRUE,2026-08-04,primary,NA
Emerson College,WOOD-TV | Nexstar,NA,Michigan,2026-04-11,2026-04-13,971,LV,D,LV-D,Rachel Howard,0.4,DEM,https://emersoncollegepolling.com/michigan-2026-poll-abdul-el-sayed-mallory-mcmorrow-tied-for-lead-in-democratic-senate-primary/,Probability Panel/Text-to-Web/Email,FALSE,NA,FALSE,TRUE,2026-08-04,primary,NA
Emerson College,WOOD-TV | Nexstar,NA,Michigan,2026-04-11,2026-04-13,971,LV,D,LV-D,Travis Zollner,2.8,DEM,https://emersoncollegepolling.com/michigan-2026-poll-abdul-el-sayed-mallory-mcmorrow-tied-for-lead-in-democratic-senate-primary/,Probability Panel/Text-to-Web/Email,FALSE,NA,FALSE,TRUE,2026-08-04,primary,NA
Glengariff Group,Detroit Regional Chamber,NA,Michigan,2026-04-17,2026-04-19,500,LV,D,LV-D,Haley Stevens,24.9,DEM,https://www.detroitchamber.com/new-polling-gives-insight-on-the-august-primary-races/,Live Phone,FALSE,NA,FALSE,TRUE,2026-08-04,primary,NA
Glengariff Group,Detroit Regional Chamber,NA,Michigan,2026-04-17,2026-04-19,500,LV,D,LV-D,Abdul El-Sayed,22.9,DEM,https://www.detroitchamber.com/new-polling-gives-insight-on-the-august-primary-races/,Live Phone,FALSE,NA,FALSE,TRUE,2026-08-04,primary,NA
Glengariff Group,Detroit Regional Chamber,NA,Michigan,2026-04-17,2026-04-19,500,LV,D,LV-D,Mallory Ann McMorrow,16,DEM,https://www.detroitchamber.com/new-polling-gives-insight-on-the-august-primary-races/,Live Phone,FALSE,NA,FALSE,TRUE,2026-08-04,primary,NA
