end_date,avg_katie_porter_dem,avg_chad_bianco_rep,avg_steve_hilton_rep,avg_eric_swalwell_dem,avg_tom_steyer_dem,avg_xavier_becerra_dem,avg_antonio_ramon_villaraigosa_dem,avg_matt_mahan_dem,sd_katie_porter_dem,sd_chad_bianco_rep,sd_steve_hilton_rep,sd_eric_swalwell_dem,sd_tom_steyer_dem,sd_xavier_becerra_dem,sd_antonio_ramon_villaraigosa_dem,sd_matt_mahan_dem,upper_ci_katie_porter_dem,upper_ci_chad_bianco_rep,upper_ci_steve_hilton_rep,upper_ci_eric_swalwell_dem,upper_ci_tom_steyer_dem,upper_ci_xavier_becerra_dem,upper_ci_antonio_ramon_villaraigosa_dem,upper_ci_matt_mahan_dem,lower_ci_katie_porter_dem,lower_ci_chad_bianco_rep,lower_ci_steve_hilton_rep,lower_ci_eric_swalwell_dem,lower_ci_tom_steyer_dem,lower_ci_xavier_becerra_dem,lower_ci_antonio_ramon_villaraigosa_dem,lower_ci_matt_mahan_dem
2025-08-01,12.289695550374223,4.34297220112222,NA,NA,NA,3.0169890230542604,4.9340873804791725,NA,0,0,NA,NA,NA,0,0,NA,12.289695550374223,4.34297220112222,NA,NA,NA,3.0169890230542604,4.9340873804791725,NA,12.289695550374223,4.34297220112222,NA,NA,NA,3.0169890230542604,4.9340873804791725,NA
2025-08-02,12.289695550374223,4.34297220112222,NA,NA,NA,3.0169890230542604,4.9340873804791725,NA,0,0,NA,NA,NA,0,0,NA,12.289695550374223,4.34297220112222,NA,NA,NA,3.0169890230542604,4.9340873804791725,NA,12.289695550374223,4.34297220112222,NA,NA,NA,3.0169890230542604,4.9340873804791725,NA
2025-08-03,12.289695550374223,4.34297220112222,NA,NA,NA,3.0169890230542604,4.9340873804791725,NA,0,0,NA,NA,NA,0,0,NA,12.289695550374223,4.34297220112222,NA,NA,NA,3.0169890230542604,4.9340873804791725,NA,12.289695550374223,4.34297220112222,NA,NA,NA,3.0169890230542604,4.9340873804791725,NA
2025-08-04,12.289695550374223,4.34297220112222,NA,NA,NA,3.0169890230542604,4.9340873804791725,NA,0,0,NA,NA,NA,0,0,NA,12.289695550374223,4.34297220112222,NA,NA,NA,3.0169890230542604,4.9340873804791725,NA,12.289695550374223,4.34297220112222,NA,NA,NA,3.0169890230542604,4.9340873804791725,NA
2025-08-05,12.289695550374223,4.34297220112222,NA,NA,NA,3.0169890230542604,4.9340873804791725,NA,0,0,NA,NA,NA,0,0,NA,12.289695550374223,4.34297220112222,NA,NA,NA,3.0169890230542604,4.9340873804791725,NA,12.289695550374223,4.34297220112222,NA,NA,NA,3.0169890230542604,4.9340873804791725,NA
2025-08-06,12.289695550374223,4.34297220112222,NA,NA,NA,3.0169890230542604,4.9340873804791725,NA,0,0,NA,NA,NA,0,0,NA,12.289695550374223,4.34297220112222,NA,NA,NA,3.0169890230542604,4.9340873804791725,NA,12.289695550374223,4.34297220112222,NA,NA,NA,3.0169890230542604,4.9340873804791725,NA
2025-08-07,12.289695550374223,4.34297220112222,NA,NA,NA,3.0169890230542604,4.9340873804791725,NA,0,0,NA,NA,NA,0,0,NA,12.289695550374223,4.34297220112222,NA,NA,NA,3.0169890230542604,4.9340873804791725,NA,12.289695550374223,4.34297220112222,NA,NA,NA,3.0169890230542604,4.9340873804791725,NA
2025-08-08,12.289695550374223,4.34297220112222,NA,NA,NA,3.0169890230542604,4.9340873804791725,NA,0,0,NA,NA,NA,0,0,NA,12.289695550374223,4.34297220112222,NA,NA,NA,3.0169890230542604,4.9340873804791725,NA,12.289695550374223,4.34297220112222,NA,NA,NA,3.0169890230542604,4.9340873804791725,NA
2025-08-09,12.289695550374223,4.34297220112222,NA,NA,NA,3.0169890230542604,4.9340873804791725,NA,0,0,NA,NA,NA,0,0,NA,12.289695550374223,4.34297220112222,NA,NA,NA,3.0169890230542604,4.9340873804791725,NA,12.289695550374223,4.34297220112222,NA,NA,NA,3.0169890230542604,4.9340873804791725,NA
2025-08-10,12.289695550374223,4.34297220112222,NA,NA,NA,3.0169890230542604,4.9340873804791725,NA,0,0,NA,NA,NA,0,0,NA,12.289695550374223,4.34297220112222,NA,NA,NA,3.0169890230542604,4.9340873804791725,NA,12.289695550374223,4.34297220112222,NA,NA,NA,3.0169890230542604,4.9340873804791725,NA
2025-08-11,12.289695550374223,4.34297220112222,NA,NA,NA,3.0169890230542604,4.9340873804791725,NA,0,0,NA,NA,NA,0,0,NA,12.289695550374223,4.34297220112222,NA,NA,NA,3.0169890230542604,4.9340873804791725,NA,12.289695550374223,4.34297220112222,NA,NA,NA,3.0169890230542604,4.9340873804791725,NA
2025-08-12,12.289695550374223,4.34297220112222,NA,NA,NA,3.0169890230542604,4.9340873804791725,NA,0,0,NA,NA,NA,0,0,NA,12.289695550374223,4.34297220112222,NA,NA,NA,3.0169890230542604,4.9340873804791725,NA,12.289695550374223,4.34297220112222,NA,NA,NA,3.0169890230542604,4.9340873804791725,NA
2025-08-13,12.289695550374223,4.34297220112222,NA,NA,NA,3.0169890230542604,4.9340873804791725,NA,0,0,NA,NA,NA,0,0,NA,12.289695550374223,4.34297220112222,NA,NA,NA,3.0169890230542604,4.9340873804791725,NA,12.289695550374223,4.34297220112222,NA,NA,NA,3.0169890230542604,4.9340873804791725,NA
2025-08-14,12.289695550374223,4.34297220112222,NA,NA,NA,3.0169890230542604,4.9340873804791725,NA,0,0,NA,NA,NA,0,0,NA,12.289695550374223,4.34297220112222,NA,NA,NA,3.0169890230542604,4.9340873804791725,NA,12.289695550374223,4.34297220112222,NA,NA,NA,3.0169890230542604,4.9340873804791725,NA
2025-08-15,12.289695550374223,4.34297220112222,NA,NA,NA,3.0169890230542604,4.9340873804791725,NA,0,0,NA,NA,NA,0,0,NA,12.289695550374223,4.34297220112222,NA,NA,NA,3.0169890230542604,4.9340873804791725,NA,12.289695550374223,4.34297220112222,NA,NA,NA,3.0169890230542604,4.9340873804791725,NA
2025-08-16,12.289695550374223,4.34297220112222,NA,NA,NA,3.0169890230542604,4.9340873804791725,NA,0,0,NA,NA,NA,0,0,NA,12.289695550374223,4.34297220112222,NA,NA,NA,3.0169890230542604,4.9340873804791725,NA,12.289695550374223,4.34297220112222,NA,NA,NA,3.0169890230542604,4.9340873804791725,NA
2025-08-17,12.289695550374223,4.34297220112222,NA,NA,NA,3.0169890230542604,4.9340873804791725,NA,0,0,NA,NA,NA,0,0,NA,12.289695550374223,4.34297220112222,NA,NA,NA,3.0169890230542604,4.9340873804791725,NA,12.289695550374223,4.34297220112222,NA,NA,NA,3.0169890230542604,4.9340873804791725,NA
2025-08-18,12.289695550374223,4.34297220112222,NA,NA,NA,3.0169890230542604,4.9340873804791725,NA,0,0,NA,NA,NA,0,0,NA,12.289695550374223,4.34297220112222,NA,NA,NA,3.0169890230542604,4.9340873804791725,NA,12.289695550374223,4.34297220112222,NA,NA,NA,3.0169890230542604,4.9340873804791725,NA
2025-08-19,12.289695550374223,4.34297220112222,NA,NA,NA,3.0169890230542604,4.9340873804791725,NA,0,0,NA,NA,NA,0,0,NA,12.289695550374223,4.34297220112222,NA,NA,NA,3.0169890230542604,4.9340873804791725,NA,12.289695550374223,4.34297220112222,NA,NA,NA,3.0169890230542604,4.9340873804791725,NA
2025-08-20,12.289695550374223,4.34297220112222,NA,NA,NA,3.0169890230542604,4.9340873804791725,NA,0,0,NA,NA,NA,0,0,NA,12.289695550374223,4.34297220112222,NA,NA,NA,3.0169890230542604,4.9340873804791725,NA,12.289695550374223,4.34297220112222,NA,NA,NA,3.0169890230542604,4.9340873804791725,NA
2025-08-21,12.289695550374223,4.34297220112222,NA,NA,NA,3.0169890230542604,4.9340873804791725,NA,0,0,NA,NA,NA,0,0,NA,12.289695550374223,4.34297220112222,NA,NA,NA,3.0169890230542604,4.9340873804791725,NA,12.289695550374223,4.34297220112222,NA,NA,NA,3.0169890230542604,4.9340873804791725,NA
2025-08-22,12.289695550374223,4.34297220112222,NA,NA,NA,3.0169890230542604,4.9340873804791725,NA,0,0,NA,NA,NA,0,0,NA,12.289695550374223,4.34297220112222,NA,NA,NA,3.0169890230542604,4.9340873804791725,NA,12.289695550374223,4.34297220112222,NA,NA,NA,3.0169890230542604,4.9340873804791725,NA
2025-08-23,12.289695550374223,4.34297220112222,NA,NA,NA,3.0169890230542604,4.9340873804791725,NA,0,0,NA,NA,NA,0,0,NA,12.289695550374223,4.34297220112222,NA,NA,NA,3.0169890230542604,4.9340873804791725,NA,12.289695550374223,4.34297220112222,NA,NA,NA,3.0169890230542604,4.9340873804791725,NA
2025-08-24,12.289695550374223,4.34297220112222,NA,NA,NA,3.0169890230542604,4.9340873804791725,NA,0,0,NA,NA,NA,0,0,NA,12.289695550374223,4.34297220112222,NA,NA,NA,3.0169890230542604,4.9340873804791725,NA,12.289695550374223,4.34297220112222,NA,NA,NA,3.0169890230542604,4.9340873804791725,NA
2025-08-25,12.289695550374223,4.34297220112222,NA,NA,NA,3.0169890230542604,4.9340873804791725,NA,0,0,NA,NA,NA,0,0,NA,12.289695550374223,4.34297220112222,NA,NA,NA,3.0169890230542604,4.9340873804791725,NA,12.289695550374223,4.34297220112222,NA,NA,NA,3.0169890230542604,4.9340873804791725,NA
2025-08-26,12.289695550374223,4.34297220112222,NA,NA,NA,3.0169890230542604,4.9340873804791725,NA,0,0,NA,NA,NA,0,0,NA,12.289695550374223,4.34297220112222,NA,NA,NA,3.0169890230542604,4.9340873804791725,NA,12.289695550374223,4.34297220112222,NA,NA,NA,3.0169890230542604,4.9340873804791725,NA
2025-08-27,12.289695550374223,4.34297220112222,NA,NA,NA,3.0169890230542604,4.9340873804791725,NA,0,0,NA,NA,NA,0,0,NA,12.289695550374223,4.34297220112222,NA,NA,NA,3.0169890230542604,4.9340873804791725,NA,12.289695550374223,4.34297220112222,NA,NA,NA,3.0169890230542604,4.9340873804791725,NA
2025-08-28,12.289695550374223,4.34297220112222,NA,NA,NA,3.0169890230542604,4.9340873804791725,NA,0,0,NA,NA,NA,0,0,NA,12.289695550374223,4.34297220112222,NA,NA,NA,3.0169890230542604,4.9340873804791725,NA,12.289695550374223,4.34297220112222,NA,NA,NA,3.0169890230542604,4.9340873804791725,NA
2025-08-29,12.289695550374223,4.34297220112222,NA,NA,NA,3.0169890230542604,4.9340873804791725,NA,0,0,NA,NA,NA,0,0,NA,12.289695550374223,4.34297220112222,NA,NA,NA,3.0169890230542604,4.9340873804791725,NA,12.289695550374223,4.34297220112222,NA,NA,NA,3.0169890230542604,4.9340873804791725,NA
2025-08-30,12.289695550374223,4.34297220112222,NA,NA,NA,3.0169890230542604,4.9340873804791725,NA,0,0,NA,NA,NA,0,0,NA,12.289695550374223,4.34297220112222,NA,NA,NA,3.0169890230542604,4.9340873804791725,NA,12.289695550374223,4.34297220112222,NA,NA,NA,3.0169890230542604,4.9340873804791725,NA
2025-08-31,12.289695550374223,4.34297220112222,NA,NA,NA,3.0169890230542604,4.9340873804791725,NA,0,0,NA,NA,NA,0,0,NA,12.289695550374223,4.34297220112222,NA,NA,NA,3.0169890230542604,4.9340873804791725,NA,12.289695550374223,4.34297220112222,NA,NA,NA,3.0169890230542604,4.9340873804791725,NA
2025-09-01,12.289695550374223,4.34297220112222,NA,NA,NA,3.0169890230542604,4.9340873804791725,NA,0,0,NA,NA,NA,0,0,NA,12.289695550374223,4.34297220112222,NA,NA,NA,3.0169890230542604,4.9340873804791725,NA,12.289695550374223,4.34297220112222,NA,NA,NA,3.0169890230542604,4.9340873804791725,NA
2025-09-02,12.289695550374223,4.34297220112222,NA,NA,NA,3.0169890230542604,4.9340873804791725,NA,0,0,NA,NA,NA,0,0,NA,12.289695550374223,4.34297220112222,NA,NA,NA,3.0169890230542604,4.9340873804791725,NA,12.289695550374223,4.34297220112222,NA,NA,NA,3.0169890230542604,4.9340873804791725,NA
2025-09-03,12.289695550374223,4.34297220112222,NA,NA,NA,3.0169890230542604,4.9340873804791725,NA,0,0,NA,NA,NA,0,0,NA,12.289695550374223,4.34297220112222,NA,NA,NA,3.0169890230542604,4.9340873804791725,NA,12.289695550374223,4.34297220112222,NA,NA,NA,3.0169890230542604,4.9340873804791725,NA
2025-09-04,12.289695550374223,4.34297220112222,NA,NA,NA,3.0169890230542604,4.9340873804791725,NA,0,0,NA,NA,NA,0,0,NA,12.289695550374223,4.34297220112222,NA,NA,NA,3.0169890230542604,4.9340873804791725,NA,12.289695550374223,4.34297220112222,NA,NA,NA,3.0169890230542604,4.9340873804791725,NA
2025-09-05,12.289695550374223,4.34297220112222,NA,NA,NA,3.0169890230542604,4.9340873804791725,NA,0,0,NA,NA,NA,0,0,NA,12.289695550374223,4.34297220112222,NA,NA,NA,3.0169890230542604,4.9340873804791725,NA,12.289695550374223,4.34297220112222,NA,NA,NA,3.0169890230542604,4.9340873804791725,NA
2025-09-06,12.289695550374223,4.34297220112222,NA,NA,NA,3.0169890230542604,4.9340873804791725,NA,0,0,NA,NA,NA,0,0,NA,12.289695550374223,4.34297220112222,NA,NA,NA,3.0169890230542604,4.9340873804791725,NA,12.289695550374223,4.34297220112222,NA,NA,NA,3.0169890230542604,4.9340873804791725,NA
2025-09-07,12.289695550374223,4.34297220112222,NA,NA,NA,3.0169890230542604,4.9340873804791725,NA,0,0,NA,NA,NA,0,0,NA,12.289695550374223,4.34297220112222,NA,NA,NA,3.0169890230542604,4.9340873804791725,NA,12.289695550374223,4.34297220112222,NA,NA,NA,3.0169890230542604,4.9340873804791725,NA
2025-09-08,12.289695550374223,4.34297220112222,NA,NA,NA,3.0169890230542604,4.9340873804791725,NA,0,0,NA,NA,NA,0,0,NA,12.289695550374223,4.34297220112222,NA,NA,NA,3.0169890230542604,4.9340873804791725,NA,12.289695550374223,4.34297220112222,NA,NA,NA,3.0169890230542604,4.9340873804791725,NA
2025-09-09,12.289695550374223,4.34297220112222,NA,NA,NA,3.0169890230542604,4.9340873804791725,NA,0,0,NA,NA,NA,0,0,NA,12.289695550374223,4.34297220112222,NA,NA,NA,3.0169890230542604,4.9340873804791725,NA,12.289695550374223,4.34297220112222,NA,NA,NA,3.0169890230542604,4.9340873804791725,NA
2025-09-10,12.289695550374223,4.34297220112222,NA,NA,NA,3.0169890230542604,4.9340873804791725,NA,0,0,NA,NA,NA,0,0,NA,12.289695550374223,4.34297220112222,NA,NA,NA,3.0169890230542604,4.9340873804791725,NA,12.289695550374223,4.34297220112222,NA,NA,NA,3.0169890230542604,4.9340873804791725,NA
2025-09-11,12.289695550374223,4.34297220112222,NA,NA,NA,3.0169890230542604,4.9340873804791725,NA,0,0,NA,NA,NA,0,0,NA,12.289695550374223,4.34297220112222,NA,NA,NA,3.0169890230542604,4.9340873804791725,NA,12.289695550374223,4.34297220112222,NA,NA,NA,3.0169890230542604,4.9340873804791725,NA
2025-09-12,12.289695550374223,4.34297220112222,NA,NA,NA,3.0169890230542604,4.9340873804791725,NA,0,0,NA,NA,NA,0,0,NA,12.289695550374223,4.34297220112222,NA,NA,NA,3.0169890230542604,4.9340873804791725,NA,12.289695550374223,4.34297220112222,NA,NA,NA,3.0169890230542604,4.9340873804791725,NA
2025-09-13,12.289695550374223,4.34297220112222,NA,NA,NA,3.0169890230542604,4.9340873804791725,NA,0,0,NA,NA,NA,0,0,NA,12.289695550374223,4.34297220112222,NA,NA,NA,3.0169890230542604,4.9340873804791725,NA,12.289695550374223,4.34297220112222,NA,NA,NA,3.0169890230542604,4.9340873804791725,NA
2025-09-14,12.289695550374223,4.34297220112222,NA,NA,NA,3.0169890230542604,4.9340873804791725,NA,0,0,NA,NA,NA,0,0,NA,12.289695550374223,4.34297220112222,NA,NA,NA,3.0169890230542604,4.9340873804791725,NA,12.289695550374223,4.34297220112222,NA,NA,NA,3.0169890230542604,4.9340873804791725,NA
2025-09-15,12.289695550374223,4.34297220112222,NA,NA,NA,3.0169890230542604,4.9340873804791725,NA,0,0,NA,NA,NA,0,0,NA,12.289695550374223,4.34297220112222,NA,NA,NA,3.0169890230542604,4.9340873804791725,NA,12.289695550374223,4.34297220112222,NA,NA,NA,3.0169890230542604,4.9340873804791725,NA
2025-09-16,12.289695550374223,4.34297220112222,NA,NA,NA,3.0169890230542604,4.9340873804791725,NA,0,0,NA,NA,NA,0,0,NA,12.289695550374223,4.34297220112222,NA,NA,NA,3.0169890230542604,4.9340873804791725,NA,12.289695550374223,4.34297220112222,NA,NA,NA,3.0169890230542604,4.9340873804791725,NA
2025-09-17,12.289695550374223,4.34297220112222,NA,NA,NA,3.0169890230542604,4.9340873804791725,NA,0,0,NA,NA,NA,0,0,NA,12.289695550374223,4.34297220112222,NA,NA,NA,3.0169890230542604,4.9340873804791725,NA,12.289695550374223,4.34297220112222,NA,NA,NA,3.0169890230542604,4.9340873804791725,NA
2025-09-18,12.289695550374223,4.34297220112222,NA,NA,NA,3.0169890230542604,4.9340873804791725,NA,0,0,NA,NA,NA,0,0,NA,12.289695550374223,4.34297220112222,NA,NA,NA,3.0169890230542604,4.9340873804791725,NA,12.289695550374223,4.34297220112222,NA,NA,NA,3.0169890230542604,4.9340873804791725,NA
2025-09-19,12.289695550374223,4.34297220112222,NA,NA,NA,3.0169890230542604,4.9340873804791725,NA,0,0,NA,NA,NA,0,0,NA,12.289695550374223,4.34297220112222,NA,NA,NA,3.0169890230542604,4.9340873804791725,NA,12.289695550374223,4.34297220112222,NA,NA,NA,3.0169890230542604,4.9340873804791725,NA
2025-09-20,12.289695550374223,4.34297220112222,NA,NA,NA,3.0169890230542604,4.9340873804791725,NA,0,0,NA,NA,NA,0,0,NA,12.289695550374223,4.34297220112222,NA,NA,NA,3.0169890230542604,4.9340873804791725,NA,12.289695550374223,4.34297220112222,NA,NA,NA,3.0169890230542604,4.9340873804791725,NA
2025-09-21,12.289695550374223,4.34297220112222,NA,NA,NA,3.0169890230542604,4.9340873804791725,NA,0,0,NA,NA,NA,0,0,NA,12.289695550374223,4.34297220112222,NA,NA,NA,3.0169890230542604,4.9340873804791725,NA,12.289695550374223,4.34297220112222,NA,NA,NA,3.0169890230542604,4.9340873804791725,NA
2025-09-22,12.289695550374223,4.34297220112222,NA,NA,NA,3.0169890230542604,4.9340873804791725,NA,0,0,NA,NA,NA,0,0,NA,12.289695550374223,4.34297220112222,NA,NA,NA,3.0169890230542604,4.9340873804791725,NA,12.289695550374223,4.34297220112222,NA,NA,NA,3.0169890230542604,4.9340873804791725,NA
2025-09-23,12.289695550374223,4.34297220112222,NA,NA,NA,3.0169890230542604,4.9340873804791725,NA,0,0,NA,NA,NA,0,0,NA,12.289695550374223,4.34297220112222,NA,NA,NA,3.0169890230542604,4.9340873804791725,NA,12.289695550374223,4.34297220112222,NA,NA,NA,3.0169890230542604,4.9340873804791725,NA
2025-09-24,12.289695550374223,4.34297220112222,NA,NA,NA,3.0169890230542604,4.9340873804791725,NA,0,0,NA,NA,NA,0,0,NA,12.289695550374223,4.34297220112222,NA,NA,NA,3.0169890230542604,4.9340873804791725,NA,12.289695550374223,4.34297220112222,NA,NA,NA,3.0169890230542604,4.9340873804791725,NA
2025-09-25,12.289695550374223,4.34297220112222,NA,NA,NA,3.0169890230542604,4.9340873804791725,NA,0,0,NA,NA,NA,0,0,NA,12.289695550374223,4.34297220112222,NA,NA,NA,3.0169890230542604,4.9340873804791725,NA,12.289695550374223,4.34297220112222,NA,NA,NA,3.0169890230542604,4.9340873804791725,NA
2025-09-26,12.289695550374223,4.34297220112222,NA,NA,NA,3.0169890230542604,4.9340873804791725,NA,0,0,NA,NA,NA,0,0,NA,12.289695550374223,4.34297220112222,NA,NA,NA,3.0169890230542604,4.9340873804791725,NA,12.289695550374223,4.34297220112222,NA,NA,NA,3.0169890230542604,4.9340873804791725,NA
2025-09-27,12.289695550374223,4.34297220112222,NA,NA,NA,3.0169890230542604,4.9340873804791725,NA,0,0,NA,NA,NA,0,0,NA,12.289695550374223,4.34297220112222,NA,NA,NA,3.0169890230542604,4.9340873804791725,NA,12.289695550374223,4.34297220112222,NA,NA,NA,3.0169890230542604,4.9340873804791725,NA
2025-09-28,12.289695550374223,4.34297220112222,NA,NA,NA,3.0169890230542604,4.9340873804791725,NA,0,0,NA,NA,NA,0,0,NA,12.289695550374223,4.34297220112222,NA,NA,NA,3.0169890230542604,4.9340873804791725,NA,12.289695550374223,4.34297220112222,NA,NA,NA,3.0169890230542604,4.9340873804791725,NA
2025-09-29,12.289695550374223,4.34297220112222,NA,NA,NA,3.0169890230542604,4.9340873804791725,NA,0,0,NA,NA,NA,0,0,NA,12.289695550374223,4.34297220112222,NA,NA,NA,3.0169890230542604,4.9340873804791725,NA,12.289695550374223,4.34297220112222,NA,NA,NA,3.0169890230542604,4.9340873804791725,NA
2025-09-30,12.289695550374223,4.34297220112222,NA,NA,NA,3.0169890230542604,4.9340873804791725,NA,0,0,NA,NA,NA,0,0,NA,12.289695550374223,4.34297220112222,NA,NA,NA,3.0169890230542604,4.9340873804791725,NA,12.289695550374223,4.34297220112222,NA,NA,NA,3.0169890230542604,4.9340873804791725,NA
2025-10-01,12.289695550374223,4.34297220112222,NA,NA,NA,3.0169890230542604,4.9340873804791725,NA,0,0,NA,NA,NA,0,0,NA,12.289695550374223,4.34297220112222,NA,NA,NA,3.0169890230542604,4.9340873804791725,NA,12.289695550374223,4.34297220112222,NA,NA,NA,3.0169890230542604,4.9340873804791725,NA
2025-10-02,12.289695550374223,4.34297220112222,NA,NA,NA,3.0169890230542604,4.9340873804791725,NA,0,0,NA,NA,NA,0,0,NA,12.289695550374223,4.34297220112222,NA,NA,NA,3.0169890230542604,4.9340873804791725,NA,12.289695550374223,4.34297220112222,NA,NA,NA,3.0169890230542604,4.9340873804791725,NA
2025-10-03,12.289695550374223,4.34297220112222,NA,NA,NA,3.0169890230542604,4.9340873804791725,NA,0,0,NA,NA,NA,0,0,NA,12.289695550374223,4.34297220112222,NA,NA,NA,3.0169890230542604,4.9340873804791725,NA,12.289695550374223,4.34297220112222,NA,NA,NA,3.0169890230542604,4.9340873804791725,NA
2025-10-04,12.289695550374223,4.34297220112222,NA,NA,NA,3.0169890230542604,4.9340873804791725,NA,0,0,NA,NA,NA,0,0,NA,12.289695550374223,4.34297220112222,NA,NA,NA,3.0169890230542604,4.9340873804791725,NA,12.289695550374223,4.34297220112222,NA,NA,NA,3.0169890230542604,4.9340873804791725,NA
2025-10-05,12.289695550374223,4.34297220112222,NA,NA,NA,3.0169890230542604,4.9340873804791725,NA,0,0,NA,NA,NA,0,0,NA,12.289695550374223,4.34297220112222,NA,NA,NA,3.0169890230542604,4.9340873804791725,NA,12.289695550374223,4.34297220112222,NA,NA,NA,3.0169890230542604,4.9340873804791725,NA
2025-10-06,12.289695550374223,4.34297220112222,NA,NA,NA,3.0169890230542604,4.9340873804791725,NA,0,0,NA,NA,NA,0,0,NA,12.289695550374223,4.34297220112222,NA,NA,NA,3.0169890230542604,4.9340873804791725,NA,12.289695550374223,4.34297220112222,NA,NA,NA,3.0169890230542604,4.9340873804791725,NA
2025-10-07,12.289695550374223,4.34297220112222,NA,NA,NA,3.0169890230542604,4.9340873804791725,NA,0,0,NA,NA,NA,0,0,NA,12.289695550374223,4.34297220112222,NA,NA,NA,3.0169890230542604,4.9340873804791725,NA,12.289695550374223,4.34297220112222,NA,NA,NA,3.0169890230542604,4.9340873804791725,NA
2025-10-08,12.289695550374223,4.34297220112222,NA,NA,NA,3.0169890230542604,4.9340873804791725,NA,0,0,NA,NA,NA,0,0,NA,12.289695550374223,4.34297220112222,NA,NA,NA,3.0169890230542604,4.9340873804791725,NA,12.289695550374223,4.34297220112222,NA,NA,NA,3.0169890230542604,4.9340873804791725,NA
2025-10-09,12.289695550374223,4.34297220112222,NA,NA,NA,3.0169890230542604,4.9340873804791725,NA,0,0,NA,NA,NA,0,0,NA,12.289695550374223,4.34297220112222,NA,NA,NA,3.0169890230542604,4.9340873804791725,NA,12.289695550374223,4.34297220112222,NA,NA,NA,3.0169890230542604,4.9340873804791725,NA
2025-10-10,12.289695550374223,4.34297220112222,NA,NA,NA,3.0169890230542604,4.9340873804791725,NA,0,0,NA,NA,NA,0,0,NA,12.289695550374223,4.34297220112222,NA,NA,NA,3.0169890230542604,4.9340873804791725,NA,12.289695550374223,4.34297220112222,NA,NA,NA,3.0169890230542604,4.9340873804791725,NA
2025-10-11,12.289695550374223,4.34297220112222,NA,NA,NA,3.0169890230542604,4.9340873804791725,NA,0,0,NA,NA,NA,0,0,NA,12.289695550374223,4.34297220112222,NA,NA,NA,3.0169890230542604,4.9340873804791725,NA,12.289695550374223,4.34297220112222,NA,NA,NA,3.0169890230542604,4.9340873804791725,NA
2025-10-12,12.289695550374223,4.34297220112222,NA,NA,NA,3.0169890230542604,4.9340873804791725,NA,0,0,NA,NA,NA,0,0,NA,12.289695550374223,4.34297220112222,NA,NA,NA,3.0169890230542604,4.9340873804791725,NA,12.289695550374223,4.34297220112222,NA,NA,NA,3.0169890230542604,4.9340873804791725,NA
2025-10-13,12.289695550374223,4.34297220112222,NA,NA,NA,3.0169890230542604,4.9340873804791725,NA,0,0,NA,NA,NA,0,0,NA,12.289695550374223,4.34297220112222,NA,NA,NA,3.0169890230542604,4.9340873804791725,NA,12.289695550374223,4.34297220112222,NA,NA,NA,3.0169890230542604,4.9340873804791725,NA
2025-10-14,12.289695550374223,4.34297220112222,NA,NA,NA,3.0169890230542604,4.9340873804791725,NA,0,0,NA,NA,NA,0,0,NA,12.289695550374223,4.34297220112222,NA,NA,NA,3.0169890230542604,4.9340873804791725,NA,12.289695550374223,4.34297220112222,NA,NA,NA,3.0169890230542604,4.9340873804791725,NA
2025-10-15,12.289695550374223,4.34297220112222,NA,NA,NA,3.0169890230542604,4.9340873804791725,NA,0,0,NA,NA,NA,0,0,NA,12.289695550374223,4.34297220112222,NA,NA,NA,3.0169890230542604,4.9340873804791725,NA,12.289695550374223,4.34297220112222,NA,NA,NA,3.0169890230542604,4.9340873804791725,NA
2025-10-16,12.289695550374223,4.34297220112222,NA,NA,NA,3.0169890230542604,4.9340873804791725,NA,0,0,NA,NA,NA,0,0,NA,12.289695550374223,4.34297220112222,NA,NA,NA,3.0169890230542604,4.9340873804791725,NA,12.289695550374223,4.34297220112222,NA,NA,NA,3.0169890230542604,4.9340873804791725,NA
2025-10-17,12.289695550374223,4.34297220112222,NA,NA,NA,3.0169890230542604,4.9340873804791725,NA,0,0,NA,NA,NA,0,0,NA,12.289695550374223,4.34297220112222,NA,NA,NA,3.0169890230542604,4.9340873804791725,NA,12.289695550374223,4.34297220112222,NA,NA,NA,3.0169890230542604,4.9340873804791725,NA
2025-10-18,12.289695550374223,4.34297220112222,NA,NA,NA,3.0169890230542604,4.9340873804791725,NA,0,0,NA,NA,NA,0,0,NA,12.289695550374223,4.34297220112222,NA,NA,NA,3.0169890230542604,4.9340873804791725,NA,12.289695550374223,4.34297220112222,NA,NA,NA,3.0169890230542604,4.9340873804791725,NA
2025-10-19,12.289695550374223,4.34297220112222,NA,NA,NA,3.0169890230542604,4.9340873804791725,NA,0,0,NA,NA,NA,0,0,NA,12.289695550374223,4.34297220112222,NA,NA,NA,3.0169890230542604,4.9340873804791725,NA,12.289695550374223,4.34297220112222,NA,NA,NA,3.0169890230542604,4.9340873804791725,NA
2025-10-20,12.289695550374223,4.34297220112222,NA,NA,NA,3.0169890230542604,4.9340873804791725,NA,0,0,NA,NA,NA,0,0,NA,12.289695550374223,4.34297220112222,NA,NA,NA,3.0169890230542604,4.9340873804791725,NA,12.289695550374223,4.34297220112222,NA,NA,NA,3.0169890230542604,4.9340873804791725,NA
2025-10-21,14.167992388567724,11.378036235472498,15.159847498447471,NA,6.835669111805138,5.610575739417763,5.599496210521449,NA,0.8074802027135779,1.2160251134868063,0.7745860658330525,NA,0,1.1366040510677629,0.6996874173100871,NA,15.750653585886337,13.761445457906639,16.678036187480252,NA,6.835669111805138,7.838319679510578,6.97088354844922,NA,12.58533119124911,8.994627013038357,13.641658809414688,NA,6.835669111805138,3.3828317993249484,4.228108872593679,NA
2025-10-22,14.167992388567725,11.378036235472498,15.159847498447471,NA,6.835669111805138,5.610575739417764,5.599496210521449,NA,0.8074802027135779,1.2160251134868063,0.7745860658330525,NA,0,1.1366040510677629,0.6996874173100872,NA,15.750653585886338,13.761445457906639,16.678036187480252,NA,6.835669111805138,7.83831967951058,6.970883548449221,NA,12.585331191249113,8.994627013038357,13.641658809414688,NA,6.835669111805138,3.3828317993249493,4.228108872593678,NA
2025-10-23,14.167992388567725,11.378036235472498,15.159847498447471,NA,6.835669111805138,5.610575739417764,5.599496210521449,NA,0.8074802027135779,1.2160251134868063,0.7745860658330525,NA,0,1.1366040510677629,0.6996874173100872,NA,15.750653585886338,13.761445457906639,16.678036187480252,NA,6.835669111805138,7.83831967951058,6.970883548449221,NA,12.585331191249113,8.994627013038357,13.641658809414688,NA,6.835669111805138,3.3828317993249493,4.228108872593678,NA
2025-10-24,14.167992388567724,11.378036235472498,15.15984749844747,NA,6.835669111805138,5.610575739417763,5.5994962105214485,NA,0.8074802027135779,1.2160251134868065,0.7745860658330525,NA,0,1.1366040510677629,0.6996874173100872,NA,15.750653585886337,13.761445457906639,16.678036187480252,NA,6.835669111805138,7.838319679510578,6.970883548449219,NA,12.58533119124911,8.994627013038357,13.641658809414686,NA,6.835669111805138,3.3828317993249484,4.228108872593678,NA
2025-10-25,14.167992388567725,11.378036235472498,15.159847498447471,NA,6.835669111805138,5.610575739417764,5.599496210521449,NA,0.8074802027135779,1.2160251134868063,0.7745860658330525,NA,0,1.1366040510677629,0.6996874173100872,NA,15.750653585886338,13.761445457906639,16.678036187480252,NA,6.835669111805138,7.83831967951058,6.970883548449221,NA,12.585331191249113,8.994627013038357,13.641658809414688,NA,6.835669111805138,3.3828317993249493,4.228108872593678,NA
2025-10-26,14.67320474832469,12.005431449479191,16.158760215472427,10.387409591887849,4.243319850785898,6.567971696855829,5.4685991437595005,NA,1.0195131750382844,1.3817573074712808,1.640276477394795,0,1.8121106258382953,1.7197246662893597,0.6178188919323856,NA,16.671450571399728,14.713675772122901,19.373702111166224,10.387409591887849,7.795056677428957,9.938632042782974,6.6795241719469765,NA,12.674958925249651,9.297187126835482,12.943818319778629,10.387409591887849,0.6915830241428393,3.197311350928684,4.257674115572025,NA
2025-10-27,14.673204748324688,12.005431449479191,16.158760215472427,10.387409591887849,4.243319850785898,6.567971696855828,5.4685991437595,NA,1.0195131750382844,1.3817573074712808,1.6402764773947953,0,1.8121106258382955,1.7197246662893595,0.6178188919323856,NA,16.671450571399724,14.713675772122901,19.373702111166224,10.387409591887849,7.795056677428958,9.938632042782974,6.679524171946976,NA,12.67495892524965,9.297187126835482,12.943818319778629,10.387409591887849,0.6915830241428389,3.1973113509286835,4.257674115572024,NA
2025-10-28,14.67320474832469,12.005431449479193,16.158760215472427,10.387409591887849,4.243319850785898,6.56797169685583,5.4685991437595005,NA,1.0195131750382846,1.381757307471281,1.6402764773947953,0,1.8121106258382955,1.7197246662893597,0.6178188919323856,NA,16.671450571399728,14.713675772122905,19.373702111166224,10.387409591887849,7.795056677428958,9.938632042782976,6.6795241719469765,NA,12.674958925249651,9.297187126835482,12.943818319778629,10.387409591887849,0.6915830241428389,3.197311350928685,4.257674115572025,NA
2025-10-29,14.673204748324688,12.00543144947919,16.158760215472427,10.387409591887849,4.243319850785898,6.567971696855828,5.4685991437595,NA,1.0195131750382844,1.3817573074712808,1.640276477394795,0,1.8121106258382955,1.7197246662893595,0.6178188919323855,NA,16.671450571399724,14.7136757721229,19.373702111166224,10.387409591887849,7.795056677428958,9.938632042782974,6.679524171946975,NA,12.67495892524965,9.29718712683548,12.943818319778629,10.387409591887849,0.6915830241428389,3.1973113509286835,4.257674115572025,NA
2025-10-30,14.739159717903785,12.686549507173115,15.800703245863838,10.387409591887849,4.24775875674354,7.02217194598987,5.3847701234120136,NA,0.9240725138685336,1.8355479972509903,1.6345988964623392,0,1.8137281001310046,1.783245695774116,0.5800771679673082,NA,16.550341845086113,16.284223581785056,19.004517082930022,10.387409591887849,7.802665833000309,10.517333509707138,6.521721372627938,NA,12.92797759072146,9.088875432561174,12.596889408797653,10.387409591887849,0.692851680486771,3.527010382272602,4.247818874196089,NA
2025-10-31,14.791428509012968,15.607013963067986,16.414787216249913,10.387409591887849,4.2552866470210535,7.022983556147264,9.994515638952794,NA,0.7076741539026182,3.697862900020539,1.4390796745318442,0,1.8164430671718523,1.782468829030857,5.422905137325288,NA,16.1784698506621,22.854825247108245,19.235383378332326,10.387409591887849,7.815515058677883,10.516622461047744,20.62340970811036,NA,13.404387167363836,8.35920267902773,13.594191054167498,10.387409591887849,0.6950582353642232,3.5293446512467845,0,NA
2025-11-01,14.79142850901297,15.607013963067988,16.414787216249913,10.387409591887849,4.255286647021055,7.022983556147265,9.994515638952794,NA,0.7076741539026182,3.697862900020539,1.4390796745318444,0,1.8164430671718526,1.7824688290308572,5.422905137325288,NA,16.1784698506621,22.854825247108245,19.23538337833233,10.387409591887849,7.815515058677886,10.516622461047746,20.62340970811036,NA,13.404387167363838,8.359202679027732,13.594191054167498,10.387409591887849,0.6950582353642245,3.529344651246785,0,NA
2025-11-02,14.79142850901297,15.607013963067988,16.414787216249916,10.387409591887849,4.2552866470210535,7.022983556147265,9.994515638952794,NA,0.7076741539026182,3.697862900020539,1.4390796745318444,0,1.8164430671718523,1.7824688290308572,5.422905137325288,NA,16.1784698506621,22.854825247108245,19.23538337833233,10.387409591887849,7.815515058677883,10.516622461047746,20.62340970811036,NA,13.404387167363838,8.359202679027732,13.594191054167501,10.387409591887849,0.6950582353642232,3.529344651246785,0,NA
2025-11-03,14.79142850901297,15.607013963067986,16.414787216249913,10.387409591887849,4.255286647021055,7.022983556147264,9.994515638952796,NA,0.7076741539026182,3.697862900020539,1.4390796745318444,0,1.8164430671718526,1.782468829030857,5.422905137325288,NA,16.1784698506621,22.854825247108245,19.23538337833233,10.387409591887849,7.815515058677886,10.516622461047744,20.62340970811036,NA,13.404387167363838,8.35920267902773,13.594191054167498,10.387409591887849,0.6950582353642245,3.5293446512467845,0,NA
2025-11-04,14.791428509012968,15.607013963067988,16.414787216249913,10.387409591887849,4.255286647021054,7.022983556147264,9.994515638952796,NA,0.7076741539026181,3.697862900020539,1.4390796745318442,0,1.8164430671718523,1.782468829030857,5.422905137325288,NA,16.1784698506621,22.854825247108245,19.235383378332326,10.387409591887849,7.815515058677885,10.516622461047744,20.62340970811036,NA,13.404387167363836,8.359202679027732,13.594191054167498,10.387409591887849,0.6950582353642241,3.5293446512467845,0,NA
2025-11-05,14.79142850901297,15.607013963067988,16.414787216249913,10.387409591887849,4.255286647021055,7.022983556147264,9.994515638952796,NA,0.7076741539026182,3.697862900020539,1.4390796745318444,0,1.8164430671718526,1.782468829030857,5.422905137325288,NA,16.1784698506621,22.854825247108245,19.23538337833233,10.387409591887849,7.815515058677886,10.516622461047744,20.62340970811036,NA,13.404387167363838,8.359202679027732,13.594191054167498,10.387409591887849,0.6950582353642245,3.5293446512467845,0,NA
2025-11-06,14.791428509012968,15.607013963067986,16.414787216249916,10.387409591887849,4.255286647021055,7.022983556147264,9.994515638952796,NA,0.7076741539026182,3.697862900020539,1.4390796745318444,0,1.8164430671718526,1.782468829030857,5.422905137325288,NA,16.1784698506621,22.854825247108245,19.23538337833233,10.387409591887849,7.815515058677886,10.516622461047744,20.62340970811036,NA,13.404387167363836,8.35920267902773,13.594191054167501,10.387409591887849,0.6950582353642245,3.5293446512467845,0,NA
2025-11-07,14.791428509012968,15.607013963067986,16.414787216249913,10.387409591887849,4.255286647021055,7.022983556147264,9.994515638952794,NA,0.7076741539026181,3.697862900020539,1.4390796745318442,0,1.8164430671718526,1.782468829030857,5.422905137325288,NA,16.1784698506621,22.854825247108245,19.235383378332326,10.387409591887849,7.815515058677886,10.516622461047744,20.62340970811036,NA,13.404387167363836,8.35920267902773,13.594191054167498,10.387409591887849,0.6950582353642245,3.5293446512467845,0,NA
2025-11-08,14.79142850901297,15.60701396306799,16.414787216249916,10.387409591887849,4.255286647021055,7.022983556147265,9.994515638952796,NA,0.7076741539026182,3.697862900020539,1.4390796745318444,0,1.8164430671718526,1.782468829030857,5.422905137325288,NA,16.1784698506621,22.854825247108245,19.23538337833233,10.387409591887849,7.815515058677886,10.516622461047746,20.62340970811036,NA,13.404387167363838,8.359202679027733,13.594191054167501,10.387409591887849,0.6950582353642245,3.5293446512467854,0,NA
2025-11-09,14.79142850901297,15.607013963067988,16.414787216249913,10.387409591887849,4.255286647021055,7.022983556147264,9.994515638952794,NA,0.7076741539026182,3.697862900020539,1.4390796745318444,0,1.8164430671718526,1.782468829030857,5.422905137325288,NA,16.1784698506621,22.854825247108245,19.23538337833233,10.387409591887849,7.815515058677886,10.516622461047744,20.62340970811036,NA,13.404387167363838,8.359202679027732,13.594191054167498,10.387409591887849,0.6950582353642245,3.5293446512467845,0,NA
2025-11-10,14.79142850901297,15.607013963067988,16.414787216249913,10.387409591887849,4.255286647021055,7.022983556147265,9.994515638952796,NA,0.7076741539026183,3.697862900020539,1.4390796745318444,0,1.8164430671718526,1.782468829030857,5.422905137325288,NA,16.1784698506621,22.854825247108245,19.23538337833233,10.387409591887849,7.815515058677886,10.516622461047746,20.62340970811036,NA,13.404387167363838,8.359202679027732,13.594191054167498,10.387409591887849,0.6950582353642245,3.5293446512467854,0,NA
2025-11-11,14.79142850901297,15.60701396306799,16.414787216249913,10.387409591887849,4.255286647021055,7.022983556147264,9.994515638952794,NA,0.7076741539026183,3.697862900020539,1.4390796745318444,0,1.8164430671718526,1.782468829030857,5.422905137325288,NA,16.1784698506621,22.854825247108245,19.23538337833233,10.387409591887849,7.815515058677886,10.516622461047744,20.62340970811036,NA,13.404387167363838,8.359202679027733,13.594191054167498,10.387409591887849,0.6950582353642245,3.5293446512467845,0,NA
2025-11-12,14.791428509012968,15.607013963067986,16.414787216249913,10.387409591887849,4.255286647021055,7.022983556147264,9.994515638952794,NA,0.7076741539026182,3.697862900020539,1.4390796745318444,0,1.8164430671718526,1.782468829030857,5.422905137325288,NA,16.1784698506621,22.854825247108245,19.23538337833233,10.387409591887849,7.815515058677886,10.516622461047744,20.62340970811036,NA,13.404387167363836,8.35920267902773,13.594191054167498,10.387409591887849,0.6950582353642245,3.5293446512467845,0,NA
2025-11-13,14.79142850901297,15.607013963067988,16.414787216249913,10.387409591887849,4.255286647021055,7.022983556147264,9.994515638952796,NA,0.7076741539026182,3.697862900020539,1.4390796745318442,0,1.8164430671718526,1.782468829030857,5.422905137325288,NA,16.1784698506621,22.854825247108245,19.235383378332326,10.387409591887849,7.815515058677886,10.516622461047744,20.62340970811036,NA,13.404387167363838,8.359202679027732,13.594191054167498,10.387409591887849,0.6950582353642245,3.5293446512467845,0,NA
2025-11-14,14.79142850901297,15.607013963067988,16.414787216249913,10.387409591887849,4.255286647021055,7.022983556147264,9.994515638952794,NA,0.7076741539026183,3.6978629000205396,1.4390796745318444,0,1.8164430671718526,1.782468829030857,5.422905137325288,NA,16.1784698506621,22.854825247108245,19.23538337833233,10.387409591887849,7.815515058677886,10.516622461047744,20.62340970811036,NA,13.404387167363838,8.359202679027732,13.594191054167498,10.387409591887849,0.6950582353642245,3.5293446512467845,0,NA
2025-11-15,14.79142850901297,15.607013963067988,16.414787216249913,10.387409591887849,4.255286647021055,7.022983556147264,9.994515638952796,NA,0.7076741539026181,3.697862900020539,1.4390796745318442,0,1.8164430671718526,1.782468829030857,5.422905137325288,NA,16.1784698506621,22.854825247108245,19.235383378332326,10.387409591887849,7.815515058677886,10.516622461047744,20.62340970811036,NA,13.404387167363838,8.359202679027732,13.594191054167498,10.387409591887849,0.6950582353642245,3.5293446512467845,0,NA
2025-11-16,14.79142850901297,15.607013963067988,16.414787216249913,10.387409591887849,4.255286647021054,7.022983556147266,9.994515638952796,NA,0.7076741539026181,3.697862900020539,1.4390796745318442,0,1.8164430671718523,1.7824688290308572,5.422905137325288,NA,16.1784698506621,22.854825247108245,19.235383378332326,10.387409591887849,7.815515058677885,10.516622461047746,20.62340970811036,NA,13.404387167363838,8.359202679027732,13.594191054167498,10.387409591887849,0.6950582353642241,3.529344651246786,0,NA
2025-11-17,14.79142850901297,15.607013963067988,16.414787216249916,10.387409591887849,4.255286647021054,7.022983556147264,9.994515638952796,NA,0.7076741539026182,3.697862900020539,1.4390796745318444,0,1.8164430671718523,1.782468829030857,5.422905137325288,NA,16.1784698506621,22.854825247108245,19.23538337833233,10.387409591887849,7.815515058677885,10.516622461047744,20.62340970811036,NA,13.404387167363838,8.359202679027732,13.594191054167501,10.387409591887849,0.6950582353642241,3.5293446512467845,0,NA
2025-11-18,14.791428509012968,15.607013963067985,16.414787216249913,10.387409591887849,4.255286647021055,7.022983556147264,9.994515638952793,NA,0.7076741539026182,3.6978629000205387,1.4390796745318444,0,1.8164430671718526,1.782468829030857,5.422905137325288,NA,16.1784698506621,22.85482524710824,19.23538337833233,10.387409591887849,7.815515058677886,10.516622461047744,20.62340970811036,NA,13.404387167363836,8.359202679027728,13.594191054167498,10.387409591887849,0.6950582353642245,3.5293446512467845,0,NA
2025-11-19,20.667368075305806,10.308154077058305,14.186546013411641,10.387409591887849,4.262705921586616,13.95724162476605,8.087987478253522,NA,1.06198110065517,1.1532141097155304,0.47361290410885704,0,1.8190844154360686,0.9771174888502304,1.0166983427162448,NA,22.74885103258994,12.568453732100744,15.114827305465,10.387409591887849,7.828111375841311,15.872391902912502,10.080716229977362,NA,18.58588511802167,8.047854422015865,13.258264721358282,10.387409591887849,0.6973004673319219,12.042091346619598,6.095258726529682,NA
2025-11-20,20.667368075305806,10.308154077058305,14.186546013411641,10.387409591887849,4.262705921586617,13.95724162476605,8.087987478253522,NA,1.06198110065517,1.1532141097155304,0.473612904108857,0,1.8190844154360686,0.9771174888502305,1.0166983427162448,NA,22.74885103258994,12.568453732100744,15.114827305465,10.387409591887849,7.828111375841312,15.872391902912502,10.080716229977362,NA,18.58588511802167,8.047854422015865,13.258264721358282,10.387409591887849,0.6973004673319227,12.042091346619598,6.095258726529682,NA
2025-11-21,20.667368075305802,10.308154077058303,14.186546013411641,10.387409591887849,4.262705921586617,13.95724162476605,8.087987478253522,NA,1.0619811006551698,1.1532141097155304,0.473612904108857,0,1.8190844154360686,0.9771174888502303,1.0166983427162448,NA,22.748851032589936,12.568453732100743,15.114827305465,10.387409591887849,7.828111375841312,15.8723919029125,10.080716229977362,NA,18.585885118021668,8.047854422015863,13.258264721358282,10.387409591887849,0.6973004673319227,12.0420913466196,6.095258726529682,NA
2025-11-22,20.667368075305802,10.308154077058303,14.186546013411641,10.387409591887849,4.262705921586617,13.95724162476605,8.087987478253522,NA,1.06198110065517,1.1532141097155306,0.473612904108857,0,1.8190844154360688,0.9771174888502305,1.0166983427162448,NA,22.748851032589936,12.568453732100743,15.114827305465,10.387409591887849,7.828111375841312,15.872391902912502,10.080716229977362,NA,18.585885118021668,8.047854422015863,13.258264721358282,10.387409591887849,0.6973004673319223,12.042091346619598,6.095258726529682,NA
2025-11-23,20.667368075305802,10.308154077058303,14.186546013411641,10.387409591887849,4.262705921586616,13.95724162476605,8.087987478253522,NA,1.06198110065517,1.1532141097155306,0.47361290410885704,0,1.8190844154360686,0.9771174888502303,1.0166983427162448,NA,22.748851032589936,12.568453732100743,15.114827305465,10.387409591887849,7.828111375841311,15.8723919029125,10.080716229977362,NA,18.585885118021668,8.047854422015863,13.258264721358282,10.387409591887849,0.6973004673319219,12.0420913466196,6.095258726529682,NA
2025-11-24,20.667368075305802,10.308154077058303,14.186546013411641,10.387409591887849,4.262705921586618,13.95724162476605,8.087987478253522,NA,1.0619811006551703,1.1532141097155308,0.47361290410885704,0,1.8190844154360688,0.9771174888502305,1.016698342716245,NA,22.748851032589936,12.568453732100743,15.114827305465,10.387409591887849,7.8281113758413134,15.872391902912502,10.080716229977362,NA,18.585885118021668,8.047854422015863,13.258264721358282,10.387409591887849,0.6973004673319232,12.042091346619598,6.095258726529682,NA
2025-11-25,20.667368075305802,10.308154077058301,14.186546013411641,10.387409591887849,4.262705921586617,13.95724162476605,8.087987478253522,NA,1.0619811006551698,1.1532141097155304,0.473612904108857,0,1.8190844154360686,0.9771174888502303,1.0166983427162446,NA,22.748851032589936,12.56845373210074,15.114827305465,10.387409591887849,7.828111375841312,15.8723919029125,10.080716229977362,NA,18.585885118021668,8.047854422015861,13.258264721358282,10.387409591887849,0.6973004673319227,12.0420913466196,6.095258726529683,NA
2025-11-26,20.667368075305802,10.308154077058301,14.186546013411641,10.387409591887849,4.262705921586617,13.95724162476605,8.087987478253522,NA,1.0619811006551698,1.1532141097155304,0.473612904108857,0,1.8190844154360686,0.9771174888502303,1.0166983427162446,NA,22.748851032589936,12.56845373210074,15.114827305465,10.387409591887849,7.828111375841312,15.8723919029125,10.080716229977362,NA,18.585885118021668,8.047854422015861,13.258264721358282,10.387409591887849,0.6973004673319227,12.0420913466196,6.095258726529683,NA
2025-11-27,20.667368075305802,10.308154077058303,14.186546013411641,10.387409591887849,4.262705921586617,13.95724162476605,8.087987478253522,NA,1.06198110065517,1.1532141097155304,0.47361290410885704,0,1.8190844154360686,0.9771174888502305,1.0166983427162448,NA,22.748851032589936,12.568453732100743,15.114827305465,10.387409591887849,7.828111375841312,15.872391902912502,10.080716229977362,NA,18.585885118021668,8.047854422015863,13.258264721358282,10.387409591887849,0.6973004673319227,12.042091346619598,6.095258726529682,NA
2025-11-28,20.667368075305806,10.308154077058305,14.186546013411641,10.387409591887849,4.262705921586617,13.95724162476605,8.087987478253522,NA,1.06198110065517,1.1532141097155306,0.47361290410885704,0,1.8190844154360686,0.9771174888502304,1.016698342716245,NA,22.74885103258994,12.568453732100744,15.114827305465,10.387409591887849,7.828111375841312,15.872391902912502,10.080716229977362,NA,18.58588511802167,8.047854422015865,13.258264721358282,10.387409591887849,0.6973004673319227,12.042091346619598,6.095258726529682,NA
2025-11-29,20.667368075305806,10.308154077058305,14.186546013411641,10.387409591887849,4.262705921586617,13.95724162476605,8.087987478253522,NA,1.06198110065517,1.1532141097155304,0.47361290410885704,0,1.8190844154360686,0.9771174888502306,1.0166983427162448,NA,22.74885103258994,12.568453732100744,15.114827305465,10.387409591887849,7.828111375841312,15.872391902912502,10.080716229977362,NA,18.58588511802167,8.047854422015865,13.258264721358282,10.387409591887849,0.6973004673319227,12.042091346619598,6.095258726529682,NA
2025-11-30,20.667368075305806,10.308154077058305,14.186546013411641,10.387409591887849,4.262705921586617,13.95724162476605,8.087987478253522,NA,1.06198110065517,1.1532141097155308,0.4736129041088571,0,1.8190844154360686,0.9771174888502304,1.016698342716245,NA,22.74885103258994,12.568453732100746,15.114827305465,10.387409591887849,7.828111375841312,15.872391902912502,10.080716229977362,NA,18.58588511802167,8.047854422015863,13.258264721358282,10.387409591887849,0.6973004673319227,12.042091346619598,6.095258726529682,NA
2025-12-01,20.667368075305806,10.308154077058305,14.186546013411641,10.387409591887849,4.262705921586617,13.95724162476605,8.087987478253522,NA,1.06198110065517,1.1532141097155304,0.473612904108857,0,1.8190844154360688,0.9771174888502306,1.0166983427162446,NA,22.74885103258994,12.568453732100744,15.114827305465,10.387409591887849,7.828111375841312,15.872391902912502,10.080716229977362,NA,18.58588511802167,8.047854422015865,13.258264721358282,10.387409591887849,0.6973004673319223,12.042091346619598,6.095258726529683,NA
2025-12-02,20.667368075305806,10.308154077058305,14.186546013411641,10.387409591887849,4.262705921586617,13.95724162476605,8.087987478253522,NA,1.0619811006551703,1.1532141097155308,0.4736129041088571,0,1.8190844154360686,0.9771174888502305,1.016698342716245,NA,22.74885103258994,12.568453732100746,15.114827305465,10.387409591887849,7.828111375841312,15.872391902912502,10.080716229977362,NA,18.58588511802167,8.047854422015863,13.258264721358282,10.387409591887849,0.6973004673319227,12.042091346619598,6.095258726529682,NA
2025-12-03,20.6673680753058,10.308154077058301,14.186546013411641,10.387409591887849,4.262705921586616,13.95724162476605,8.087987478253522,NA,1.0619811006551698,1.1532141097155304,0.47361290410885687,0,1.8190844154360686,0.9771174888502302,1.0166983427162446,NA,22.748851032589933,12.56845373210074,15.114827305465,10.387409591887849,7.828111375841311,15.8723919029125,10.080716229977362,NA,18.585885118021665,8.047854422015861,13.258264721358282,10.387409591887849,0.6973004673319219,12.0420913466196,6.095258726529683,NA
2025-12-04,20.667368075305802,10.308154077058303,14.186546013411641,10.387409591887849,4.262705921586617,13.95724162476605,8.087987478253522,NA,1.06198110065517,1.1532141097155306,0.47361290410885704,0,1.8190844154360686,0.9771174888502305,1.016698342716245,NA,22.748851032589936,12.568453732100743,15.114827305465,10.387409591887849,7.828111375841312,15.872391902912502,10.080716229977362,NA,18.585885118021668,8.047854422015863,13.258264721358282,10.387409591887849,0.6973004673319227,12.042091346619598,6.095258726529682,NA
2025-12-05,20.6673680753058,10.308154077058301,14.186546013411641,10.387409591887849,4.262705921586617,13.95724162476605,8.087987478253522,NA,1.0619811006551698,1.1532141097155304,0.4736129041088569,0,1.8190844154360686,0.9771174888502302,1.0166983427162446,NA,22.748851032589933,12.56845373210074,15.114827305465,10.387409591887849,7.828111375841312,15.8723919029125,10.080716229977362,NA,18.585885118021665,8.047854422015861,13.258264721358282,10.387409591887849,0.6973004673319227,12.0420913466196,6.095258726529683,NA
2025-12-06,20.667368075305806,10.308154077058303,14.186546013411641,10.387409591887849,4.262705921586617,13.95724162476605,8.087987478253522,NA,1.0619811006551698,1.1532141097155302,0.4736129041088569,0,1.8190844154360686,0.9771174888502305,1.0166983427162446,NA,22.74885103258994,12.568453732100743,15.114827305465,10.387409591887849,7.828111375841312,15.872391902912502,10.080716229977362,NA,18.58588511802167,8.047854422015863,13.258264721358282,10.387409591887849,0.6973004673319227,12.042091346619598,6.095258726529683,NA
2025-12-07,14.787193154693862,15.396470953715168,16.740255398113273,16.985476133171034,5.902657340821452,5.5792322776155965,4.181399043776287,NA,3.2389689332546205,2.8225096092768127,1.40759474669515,0.23896912401192105,0.10856747886567517,4.551623959543663,2.1802291889952086,NA,21.135572263872916,20.92858978789772,19.499141101635768,17.4538556162344,6.1154495993981755,14.500415238321178,8.454648254206896,NA,8.438814045514805,9.864352119532615,13.981369694590779,16.517096650107668,5.689865082244729,0,0,NA
2025-12-08,14.787193154693862,15.396470953715166,16.740255398113273,16.985476133171034,5.902657340821452,5.579232277615597,4.181399043776287,NA,3.2389689332546205,2.8225096092768127,1.4075947466951502,0.23896912401192102,0.10856747886567515,4.551623959543663,2.1802291889952086,NA,21.135572263872916,20.92858978789772,19.499141101635768,17.4538556162344,6.1154495993981755,14.500415238321178,8.454648254206896,NA,8.438814045514805,9.864352119532613,13.981369694590779,16.517096650107668,5.689865082244729,0,0,NA
2025-12-09,14.787193154693862,15.396470953715168,16.740255398113273,16.985476133171034,5.902657340821452,5.579232277615597,4.181399043776288,NA,3.2389689332546205,2.8225096092768127,1.4075947466951502,0.23896912401192105,0.10856747886567517,4.551623959543663,2.1802291889952086,NA,21.135572263872916,20.92858978789772,19.499141101635768,17.4538556162344,6.1154495993981755,14.500415238321178,8.454648254206898,NA,8.438814045514805,9.864352119532615,13.981369694590779,16.517096650107668,5.689865082244729,0,0,NA
2025-12-10,14.787193154693863,15.396470953715166,16.74025539811327,16.985476133171034,5.902657340821452,5.579232277615598,4.181399043776288,NA,3.238968933254621,2.822509609276813,1.4075947466951502,0.23896912401192105,0.10856747886567517,4.551623959543663,2.1802291889952086,NA,21.13557226387292,20.92858978789772,19.499141101635765,17.4538556162344,6.1154495993981755,14.500415238321178,8.454648254206898,NA,8.438814045514807,9.864352119532612,13.981369694590775,16.517096650107668,5.689865082244729,0,0,NA
2025-12-11,14.787193154693863,15.396470953715166,16.74025539811327,16.985476133171034,5.902657340821452,5.579232277615598,4.181399043776287,NA,3.238968933254621,2.8225096092768127,1.4075947466951502,0.23896912401192105,0.10856747886567517,4.551623959543663,2.1802291889952086,NA,21.13557226387292,20.92858978789772,19.499141101635765,17.4538556162344,6.1154495993981755,14.500415238321178,8.454648254206896,NA,8.438814045514807,9.864352119532613,13.981369694590775,16.517096650107668,5.689865082244729,0,0,NA
2025-12-12,14.787193154693865,15.396470953715166,16.740255398113273,16.985476133171034,5.902657340821452,5.579232277615598,4.181399043776288,NA,3.238968933254621,2.8225096092768136,1.4075947466951504,0.23896912401192105,0.10856747886567517,4.551623959543663,2.180229188995209,NA,21.135572263872923,20.92858978789772,19.499141101635768,17.4538556162344,6.1154495993981755,14.500415238321178,8.454648254206898,NA,8.438814045514807,9.864352119532612,13.981369694590779,16.517096650107668,5.689865082244729,0,0,NA
2025-12-13,14.787193154693863,15.396470953715166,16.740255398113273,16.985476133171034,5.902657340821452,5.579232277615599,4.181399043776288,NA,3.238968933254621,2.822509609276813,1.4075947466951504,0.23896912401192114,0.1085674788656752,4.551623959543664,2.1802291889952086,NA,21.13557226387292,20.92858978789772,19.499141101635768,17.4538556162344,6.1154495993981755,14.500415238321182,8.454648254206898,NA,8.438814045514807,9.864352119532612,13.981369694590779,16.517096650107668,5.689865082244729,0,0,NA
2025-12-14,14.787193154693862,15.396470953715166,16.740255398113273,16.985476133171034,5.902657340821452,5.579232277615597,4.181399043776287,NA,3.2389689332546205,2.8225096092768127,1.4075947466951502,0.2389691240119211,0.10856747886567518,4.551623959543663,2.1802291889952086,NA,21.135572263872916,20.92858978789772,19.499141101635768,17.4538556162344,6.1154495993981755,14.500415238321178,8.454648254206896,NA,8.438814045514805,9.864352119532613,13.981369694590779,16.517096650107668,5.689865082244729,0,0,NA
2025-12-15,14.787193154693862,15.396470953715168,16.740255398113273,16.985476133171034,5.902657340821452,5.579232277615597,4.181399043776287,NA,3.2389689332546205,2.8225096092768127,1.40759474669515,0.238969124011921,0.10856747886567512,4.551623959543663,2.1802291889952086,NA,21.135572263872916,20.92858978789772,19.499141101635768,17.4538556162344,6.1154495993981755,14.500415238321178,8.454648254206896,NA,8.438814045514805,9.864352119532615,13.981369694590779,16.517096650107668,5.689865082244729,0,0,NA
2025-12-16,11.108729997074773,14.369719107227011,17.565921787646484,13.602338665255482,6.534723110621599,2.4286635526560088,2.424827974715053,NA,2.935789416576696,1.6599848129932249,0.9258241967682158,1.9111967056417503,0.36047738249298544,3.1762856683655665,1.6287646568630267,NA,16.862877253565095,17.62328934069373,19.380537213312188,17.348284208313313,7.2412587803078505,8.654183462652519,5.617206702166586,NA,5.3545827405844495,11.116148873760292,15.751306361980781,9.856393122197652,5.828187440935347,0,0,NA
2025-12-17,11.108729997074773,14.369719107227011,17.565921787646484,13.602338665255482,6.534723110621599,2.428663552656009,2.424827974715053,NA,2.935789416576696,1.659984812993225,0.9258241967682158,1.91119670564175,0.36047738249298544,3.176285668365567,1.628764656863027,NA,16.862877253565095,17.62328934069373,19.380537213312188,17.348284208313313,7.2412587803078505,8.65418346265252,5.617206702166586,NA,5.3545827405844495,11.11614887376029,15.751306361980781,9.856393122197652,5.828187440935347,0,0,NA
2025-12-18,11.108729997074775,14.369719107227013,17.565921787646484,13.60233866525548,6.534723110621599,2.4286635526560083,2.424827974715053,NA,2.935789416576696,1.6599848129932249,0.9258241967682157,1.91119670564175,0.36047738249298544,3.1762856683655656,1.6287646568630265,NA,16.8628772535651,17.623289340693734,19.380537213312188,17.34828420831331,7.2412587803078505,8.654183462652517,5.617206702166586,NA,5.354582740584451,11.116148873760292,15.751306361980781,9.85639312219765,5.828187440935347,0,0,NA
2025-12-19,11.108729997074775,14.369719107227011,17.565921787646484,13.602338665255482,6.534723110621599,2.428663552656009,2.424827974715053,NA,2.935789416576696,1.659984812993225,0.9258241967682158,1.9111967056417503,0.36047738249298544,3.176285668365567,1.628764656863027,NA,16.8628772535651,17.62328934069373,19.380537213312188,17.348284208313313,7.2412587803078505,8.65418346265252,5.617206702166586,NA,5.354582740584451,11.11614887376029,15.751306361980781,9.856393122197652,5.828187440935347,0,0,NA
2025-12-20,11.108729997074773,14.369719107227011,17.565921787646484,13.60233866525548,6.534723110621599,2.4286635526560083,2.424827974715053,NA,2.935789416576696,1.6599848129932249,0.9258241967682158,1.91119670564175,0.36047738249298544,3.176285668365566,1.6287646568630265,NA,16.862877253565095,17.62328934069373,19.380537213312188,17.34828420831331,7.2412587803078505,8.654183462652519,5.617206702166586,NA,5.3545827405844495,11.116148873760292,15.751306361980781,9.85639312219765,5.828187440935347,0,0,NA
2025-12-21,11.108729997074775,14.369719107227011,17.565921787646484,13.602338665255482,6.534723110621599,2.428663552656009,2.4248279747150536,NA,2.9357894165766965,1.659984812993225,0.9258241967682159,1.9111967056417503,0.36047738249298544,3.176285668365567,1.628764656863027,NA,16.8628772535651,17.62328934069373,19.380537213312188,17.348284208313313,7.2412587803078505,8.65418346265252,5.617206702166587,NA,5.35458274058445,11.11614887376029,15.751306361980781,9.856393122197652,5.828187440935347,0,0,NA
2025-12-22,11.108729997074775,14.369719107227013,17.565921787646484,13.60233866525548,6.5347231106215995,2.4286635526560083,2.424827974715053,NA,2.935789416576696,1.6599848129932249,0.9258241967682158,1.9111967056417498,0.36047738249298544,3.176285668365566,1.6287646568630267,NA,16.8628772535651,17.623289340693734,19.380537213312188,17.34828420831331,7.2412587803078505,8.654183462652519,5.617206702166586,NA,5.354582740584451,11.116148873760292,15.751306361980781,9.856393122197652,5.8281874409353485,0,0,NA
2025-12-23,11.108729997074775,14.369719107227013,17.565921787646484,13.602338665255482,6.534723110621599,2.428663552656009,2.4248279747150536,NA,2.9357894165766965,1.659984812993225,0.9258241967682159,1.9111967056417503,0.36047738249298544,3.176285668365567,1.628764656863027,NA,16.8628772535651,17.623289340693734,19.380537213312188,17.348284208313313,7.2412587803078505,8.65418346265252,5.617206702166587,NA,5.35458274058445,11.116148873760292,15.751306361980781,9.856393122197652,5.828187440935347,0,0,NA
2025-12-24,11.108729997074775,14.369719107227013,17.565921787646484,13.602338665255482,6.5347231106215995,2.428663552656009,2.4248279747150536,NA,2.935789416576696,1.659984812993225,0.9258241967682158,1.9111967056417503,0.36047738249298544,3.176285668365567,1.628764656863027,NA,16.8628772535651,17.623289340693734,19.380537213312188,17.348284208313313,7.2412587803078505,8.65418346265252,5.617206702166587,NA,5.354582740584451,11.116148873760292,15.751306361980781,9.856393122197652,5.8281874409353485,0,0,NA
2025-12-25,11.108729997074773,14.369719107227011,17.565921787646484,13.60233866525548,6.534723110621599,2.4286635526560083,2.424827974715053,NA,2.935789416576696,1.6599848129932249,0.9258241967682158,1.91119670564175,0.36047738249298544,3.176285668365566,1.6287646568630265,NA,16.862877253565095,17.62328934069373,19.380537213312188,17.34828420831331,7.2412587803078505,8.654183462652519,5.617206702166586,NA,5.3545827405844495,11.116148873760292,15.751306361980781,9.85639312219765,5.828187440935347,0,0,NA
2025-12-26,11.108729997074775,14.369719107227013,17.565921787646484,13.602338665255482,6.534723110621599,2.4286635526560088,2.4248279747150536,NA,2.935789416576696,1.659984812993225,0.9258241967682158,1.91119670564175,0.36047738249298544,3.176285668365567,1.628764656863027,NA,16.8628772535651,17.623289340693734,19.380537213312188,17.348284208313313,7.2412587803078505,8.65418346265252,5.617206702166587,NA,5.354582740584451,11.116148873760292,15.751306361980781,9.856393122197652,5.828187440935347,0,0,NA
2025-12-27,11.108729997074775,14.369719107227013,17.565921787646484,13.602338665255482,6.534723110621599,2.4286635526560088,2.4248279747150536,NA,2.935789416576696,1.659984812993225,0.9258241967682158,1.91119670564175,0.36047738249298544,3.1762856683655665,1.6287646568630267,NA,16.8628772535651,17.623289340693734,19.380537213312188,17.348284208313313,7.2412587803078505,8.654183462652519,5.617206702166586,NA,5.354582740584451,11.116148873760292,15.751306361980781,9.856393122197652,5.828187440935347,0,0,NA
2025-12-28,11.108729997074775,14.369719107227011,17.565921787646484,13.602338665255482,6.534723110621599,2.428663552656009,2.424827974715053,NA,2.935789416576696,1.659984812993225,0.9258241967682158,1.9111967056417503,0.36047738249298544,3.176285668365567,1.628764656863027,NA,16.8628772535651,17.62328934069373,19.380537213312188,17.348284208313313,7.2412587803078505,8.65418346265252,5.617206702166586,NA,5.354582740584451,11.11614887376029,15.751306361980781,9.856393122197652,5.828187440935347,0,0,NA
2025-12-29,11.108729997074773,14.369719107227011,17.565921787646484,13.602338665255482,6.534723110621599,2.4286635526560088,2.424827974715053,NA,2.935789416576696,1.6599848129932249,0.9258241967682157,1.9111967056417503,0.36047738249298544,3.1762856683655665,1.6287646568630265,NA,16.862877253565095,17.62328934069373,19.380537213312188,17.348284208313313,7.2412587803078505,8.654183462652519,5.617206702166586,NA,5.3545827405844495,11.116148873760292,15.751306361980781,9.856393122197652,5.828187440935347,0,0,NA
2025-12-30,11.108729997074775,14.369719107227013,17.565921787646484,13.602338665255482,6.534723110621599,2.428663552656009,2.4248279747150536,NA,2.935789416576697,1.6599848129932253,0.9258241967682161,1.9111967056417503,0.36047738249298544,3.1762856683655674,1.6287646568630272,NA,16.862877253565102,17.623289340693734,19.380537213312188,17.348284208313313,7.2412587803078505,8.654183462652522,5.6172067021665875,NA,5.3545827405844495,11.116148873760292,15.751306361980781,9.856393122197652,5.828187440935347,0,0,NA
2025-12-31,11.108729997074775,14.369719107227013,17.565921787646484,13.602338665255482,6.534723110621599,2.4286635526560088,2.424827974715053,NA,2.935789416576696,1.659984812993225,0.9258241967682158,1.9111967056417503,0.36047738249298544,3.1762856683655665,1.6287646568630267,NA,16.8628772535651,17.623289340693734,19.380537213312188,17.348284208313313,7.2412587803078505,8.654183462652519,5.617206702166586,NA,5.354582740584451,11.116148873760292,15.751306361980781,9.856393122197652,5.828187440935347,0,0,NA
2026-01-01,11.108729997074773,14.369719107227011,17.565921787646484,13.60233866525548,6.5347231106215995,2.4286635526560083,2.4248279747150527,NA,2.9357894165766956,1.6599848129932246,0.9258241967682156,1.9111967056417498,0.3604773824929854,3.1762856683655656,1.6287646568630265,NA,16.862877253565095,17.62328934069373,19.380537213312188,17.34828420831331,7.2412587803078505,8.654183462652517,5.617206702166585,NA,5.35458274058445,11.116148873760292,15.751306361980781,9.856393122197652,5.8281874409353485,0,0,NA
2026-01-02,11.108729997074775,14.369719107227013,17.565921787646484,13.602338665255482,6.5347231106215995,2.4286635526560088,2.424827974715053,NA,2.935789416576696,1.659984812993225,0.9258241967682158,1.91119670564175,0.3604773824929854,3.176285668365567,1.628764656863027,NA,16.8628772535651,17.623289340693734,19.380537213312188,17.348284208313313,7.2412587803078505,8.65418346265252,5.617206702166586,NA,5.354582740584451,11.116148873760292,15.751306361980781,9.856393122197652,5.8281874409353485,0,0,NA
2026-01-03,11.108729997074773,14.369719107227011,17.565921787646484,13.602338665255482,6.534723110621599,2.4286635526560088,2.424827974715053,NA,2.935789416576696,1.6599848129932249,0.9258241967682158,1.9111967056417503,0.36047738249298544,3.1762856683655665,1.6287646568630267,NA,16.862877253565095,17.62328934069373,19.380537213312188,17.348284208313313,7.2412587803078505,8.654183462652519,5.617206702166586,NA,5.3545827405844495,11.116148873760292,15.751306361980781,9.856393122197652,5.828187440935347,0,0,NA
2026-01-04,11.108729997074775,14.369719107227013,17.565921787646484,13.602338665255482,6.534723110621599,2.428663552656009,2.4248279747150536,NA,2.935789416576697,1.6599848129932253,0.925824196768216,1.9111967056417503,0.36047738249298544,3.1762856683655674,1.628764656863027,NA,16.862877253565102,17.623289340693734,19.380537213312188,17.348284208313313,7.2412587803078505,8.654183462652522,5.617206702166587,NA,5.3545827405844495,11.116148873760292,15.751306361980781,9.856393122197652,5.828187440935347,0,0,NA
2026-01-05,11.108729997074773,14.369719107227011,17.565921787646484,13.60233866525548,6.534723110621599,2.4286635526560088,2.424827974715053,NA,2.935789416576696,1.6599848129932249,0.9258241967682158,1.91119670564175,0.36047738249298544,3.1762856683655665,1.6287646568630267,NA,16.862877253565095,17.62328934069373,19.380537213312188,17.34828420831331,7.2412587803078505,8.654183462652519,5.617206702166586,NA,5.3545827405844495,11.116148873760292,15.751306361980781,9.85639312219765,5.828187440935347,0,0,NA
2026-01-06,11.108729997074775,14.369719107227011,17.565921787646484,13.602338665255482,6.534723110621599,2.428663552656009,2.4248279747150536,NA,2.9357894165766965,1.659984812993225,0.9258241967682159,1.9111967056417503,0.36047738249298544,3.176285668365567,1.628764656863027,NA,16.8628772535651,17.62328934069373,19.380537213312188,17.348284208313313,7.2412587803078505,8.65418346265252,5.617206702166587,NA,5.35458274058445,11.11614887376029,15.751306361980781,9.856393122197652,5.828187440935347,0,0,NA
2026-01-07,11.108729997074773,14.369719107227011,17.565921787646484,13.60233866525548,6.534723110621599,2.4286635526560088,2.424827974715053,NA,2.935789416576696,1.6599848129932249,0.9258241967682158,1.91119670564175,0.36047738249298544,3.1762856683655665,1.6287646568630267,NA,16.862877253565095,17.62328934069373,19.380537213312188,17.34828420831331,7.2412587803078505,8.654183462652519,5.617206702166586,NA,5.3545827405844495,11.116148873760292,15.751306361980781,9.85639312219765,5.828187440935347,0,0,NA
2026-01-08,11.108729997074773,14.369719107227011,17.565921787646484,13.602338665255482,6.534723110621599,2.4286635526560083,2.4248279747150527,NA,2.935789416576695,1.6599848129932249,0.9258241967682155,1.9111967056417503,0.36047738249298544,3.1762856683655656,1.6287646568630263,NA,16.862877253565095,17.62328934069373,19.380537213312188,17.348284208313313,7.2412587803078505,8.654183462652517,5.617206702166584,NA,5.354582740584451,11.116148873760292,15.751306361980783,9.856393122197652,5.828187440935347,0,0,NA
2026-01-09,11.108729997074775,14.369719107227013,17.565921787646484,13.60233866525548,6.5347231106215995,2.4286635526560088,2.424827974715053,NA,2.935789416576696,1.6599848129932249,0.9258241967682158,1.9111967056417498,0.3604773824929854,3.176285668365567,1.628764656863027,NA,16.8628772535651,17.623289340693734,19.380537213312188,17.34828420831331,7.2412587803078505,8.65418346265252,5.617206702166586,NA,5.354582740584451,11.116148873760292,15.751306361980781,9.856393122197652,5.8281874409353485,0,0,NA
2026-01-10,11.108729997074775,14.369719107227013,17.565921787646484,13.602338665255484,6.534723110621599,2.428663552656009,2.424827974715053,NA,2.935789416576696,1.6599848129932253,0.9258241967682158,1.9111967056417505,0.3604773824929855,3.1762856683655665,1.6287646568630267,NA,16.8628772535651,17.623289340693734,19.380537213312188,17.348284208313316,7.2412587803078505,8.654183462652519,5.617206702166586,NA,5.354582740584451,11.116148873760292,15.751306361980781,9.856393122197654,5.828187440935347,0,0,NA
2026-01-11,11.108729997074775,14.369719107227013,17.565921787646484,13.602338665255482,6.5347231106215995,2.428663552656009,2.4248279747150536,NA,2.935789416576697,1.6599848129932253,0.925824196768216,1.9111967056417503,0.36047738249298544,3.176285668365567,1.6287646568630272,NA,16.862877253565102,17.623289340693734,19.380537213312188,17.348284208313313,7.2412587803078505,8.65418346265252,5.6172067021665875,NA,5.3545827405844495,11.116148873760292,15.751306361980781,9.856393122197652,5.8281874409353485,0,0,NA
2026-01-12,11.108729997074775,14.369719107227013,17.565921787646484,13.60233866525548,6.5347231106215995,2.4286635526560088,2.424827974715053,NA,2.935789416576696,1.659984812993225,0.9258241967682158,1.9111967056417498,0.3604773824929854,3.176285668365567,1.628764656863027,NA,16.8628772535651,17.623289340693734,19.380537213312188,17.34828420831331,7.2412587803078505,8.65418346265252,5.617206702166586,NA,5.354582740584451,11.116148873760292,15.751306361980781,9.856393122197652,5.8281874409353485,0,0,NA
2026-01-13,11.108729997074775,14.369719107227013,17.565921787646484,13.602338665255482,6.534723110621599,2.428663552656009,2.4248279747150536,NA,2.9357894165766965,1.659984812993225,0.9258241967682159,1.9111967056417503,0.36047738249298544,3.176285668365567,1.628764656863027,NA,16.8628772535651,17.623289340693734,19.380537213312188,17.348284208313313,7.2412587803078505,8.65418346265252,5.617206702166587,NA,5.35458274058445,11.116148873760292,15.751306361980781,9.856393122197652,5.828187440935347,0,0,NA
2026-01-14,11.108729997074775,14.369719107227011,17.565921787646484,13.60233866525548,6.534723110621599,2.428663552656009,2.424827974715053,NA,2.9357894165766965,1.659984812993225,0.9258241967682159,1.91119670564175,0.36047738249298544,3.176285668365567,1.628764656863027,NA,16.8628772535651,17.62328934069373,19.380537213312188,17.34828420831331,7.2412587803078505,8.65418346265252,5.617206702166586,NA,5.35458274058445,11.11614887376029,15.751306361980781,9.85639312219765,5.828187440935347,0,0,NA
2026-01-15,11.108729997074775,14.369719107227013,17.565921787646484,13.602338665255482,6.534723110621599,2.428663552656009,2.4248279747150536,NA,2.935789416576697,1.6599848129932253,0.925824196768216,1.9111967056417503,0.36047738249298544,3.1762856683655674,1.628764656863027,NA,16.862877253565102,17.623289340693734,19.380537213312188,17.348284208313313,7.2412587803078505,8.654183462652522,5.617206702166587,NA,5.3545827405844495,11.116148873760292,15.751306361980781,9.856393122197652,5.828187440935347,0,0,NA
2026-01-16,11.108729997074773,14.369719107227011,17.565921787646484,13.602338665255482,6.534723110621599,2.4286635526560083,2.424827974715053,NA,2.9357894165766956,1.6599848129932249,0.9258241967682156,1.9111967056417503,0.36047738249298544,3.1762856683655656,1.6287646568630265,NA,16.862877253565095,17.62328934069373,19.380537213312188,17.348284208313313,7.2412587803078505,8.654183462652517,5.617206702166586,NA,5.35458274058445,11.116148873760292,15.751306361980781,9.856393122197652,5.828187440935347,0,0,NA
2026-01-17,11.108729997074775,14.369719107227013,17.565921787646484,13.60233866525548,6.534723110621599,2.4286635526560083,2.424827974715053,NA,2.9357894165766956,1.6599848129932249,0.9258241967682155,1.91119670564175,0.36047738249298544,3.1762856683655656,1.6287646568630263,NA,16.8628772535651,17.623289340693734,19.380537213312188,17.34828420831331,7.2412587803078505,8.654183462652517,5.617206702166585,NA,5.354582740584452,11.116148873760292,15.751306361980783,9.85639312219765,5.828187440935347,0,0,NA
2026-01-18,11.108729997074775,14.369719107227013,17.565921787646484,13.602338665255482,6.5347231106215995,2.428663552656009,2.4248279747150536,NA,2.935789416576697,1.6599848129932253,0.925824196768216,1.9111967056417503,0.36047738249298544,3.176285668365567,1.628764656863027,NA,16.862877253565102,17.623289340693734,19.380537213312188,17.348284208313313,7.2412587803078505,8.65418346265252,5.617206702166587,NA,5.3545827405844495,11.116148873760292,15.751306361980781,9.856393122197652,5.8281874409353485,0,0,NA
2026-01-19,11.108729997074775,14.369719107227011,17.565921787646484,13.60233866525548,6.534723110621599,2.428663552656009,2.4248279747150536,NA,2.935789416576697,1.659984812993225,0.9258241967682161,1.9111967056417496,0.36047738249298533,3.176285668365568,1.6287646568630272,NA,16.862877253565102,17.62328934069373,19.380537213312188,17.34828420831331,7.24125878030785,8.654183462652522,5.6172067021665875,NA,5.3545827405844495,11.11614887376029,15.751306361980781,9.856393122197652,5.828187440935348,0,0,NA
2026-01-20,10.896414442664012,16.97612770443526,13.52374735099734,10.900165996298309,8.154237218765893,4.935463390007507,3.0719663147198863,NA,0.09879749894345265,0.10387466595225729,0.1394612436748733,0.10743959266240026,0.05390295356897475,0.13591964984516938,0.058865608754056616,NA,11.090057540593179,17.179722049701684,13.79709138860009,11.110747597916614,8.259887007761083,5.2018659037040385,3.1873429078778375,NA,10.702771344734845,16.772533359168836,13.250403313394589,10.689584394680004,8.048587429770702,4.669060876310975,2.9565897215619352,NA
2026-01-21,12.260122599387941,17.396009494753557,14.767104354816905,10.588640041654951,7.949684179884591,5.268393239272015,2.216023115614756,4.9531246799811655,1.3836438228383023,0.4318634145812545,1.2638025518457872,0.32479902964994445,0.21079031761067912,0.3509889183716771,0.8683398004984643,0,14.972064492151013,18.242461787332815,17.24415735643465,11.225246139768842,8.362833202401522,5.956331519280503,3.917969124591746,4.9531246799811655,9.54818070662487,16.5495572021743,12.29005135319916,9.95203394354106,7.53653515736766,4.580454959263528,0.5140771066377658,4.9531246799811655
2026-01-22,12.260122599387941,17.396009494753557,14.767104354816905,10.58864004165495,7.949684179884592,5.268393239272015,2.216023115614756,4.9531246799811655,1.3836438228383023,0.4318634145812545,1.2638025518457872,0.32479902964994445,0.21079031761067912,0.3509889183716771,0.8683398004984643,0,14.972064492151013,18.242461787332815,17.24415735643465,11.22524613976884,8.362833202401523,5.956331519280503,3.917969124591746,4.9531246799811655,9.54818070662487,16.5495572021743,12.29005135319916,9.952033943541059,7.536535157367661,4.580454959263528,0.5140771066377658,4.9531246799811655
2026-01-23,12.260122599387943,17.396009494753557,14.767104354816905,10.588640041654951,7.949684179884591,5.268393239272015,2.2160231156147554,4.9531246799811655,1.3836438228383023,0.43186341458125443,1.2638025518457872,0.32479902964994445,0.21079031761067912,0.3509889183716771,0.8683398004984642,0,14.972064492151016,18.242461787332815,17.24415735643465,11.225246139768842,8.362833202401522,5.956331519280503,3.917969124591745,4.9531246799811655,9.54818070662487,16.5495572021743,12.29005135319916,9.95203394354106,7.53653515736766,4.580454959263528,0.5140771066377656,4.9531246799811655
2026-01-24,12.260122599387941,17.396009494753557,14.767104354816905,10.588640041654951,7.949684179884592,5.268393239272015,2.2160231156147554,4.9531246799811655,1.3836438228383023,0.43186341458125443,1.2638025518457872,0.32479902964994445,0.21079031761067912,0.3509889183716771,0.8683398004984642,0,14.972064492151013,18.242461787332815,17.24415735643465,11.225246139768842,8.362833202401523,5.956331519280503,3.917969124591745,4.9531246799811655,9.54818070662487,16.5495572021743,12.29005135319916,9.95203394354106,7.536535157367661,4.580454959263528,0.5140771066377656,4.9531246799811655
2026-01-25,12.260122599387941,17.396009494753557,14.767104354816905,10.588640041654951,7.949684179884592,5.268393239272015,2.2160231156147554,4.9531246799811655,1.3836438228383023,0.43186341458125443,1.2638025518457872,0.32479902964994445,0.21079031761067912,0.3509889183716771,0.8683398004984642,0,14.972064492151013,18.242461787332815,17.24415735643465,11.225246139768842,8.362833202401523,5.956331519280503,3.917969124591745,4.9531246799811655,9.54818070662487,16.5495572021743,12.29005135319916,9.95203394354106,7.536535157367661,4.580454959263528,0.5140771066377656,4.9531246799811655
2026-01-26,12.260122599387943,17.396009494753557,14.767104354816906,10.588640041654951,7.949684179884592,5.268393239272014,2.216023115614756,4.9531246799811655,1.3836438228383023,0.4318634145812545,1.2638025518457872,0.32479902964994445,0.21079031761067912,0.3509889183716771,0.8683398004984643,0,14.972064492151016,18.242461787332815,17.24415735643465,11.225246139768842,8.362833202401523,5.956331519280502,3.917969124591746,4.9531246799811655,9.54818070662487,16.5495572021743,12.290051353199164,9.95203394354106,7.536535157367661,4.580454959263527,0.5140771066377658,4.9531246799811655
2026-01-27,12.260122599387943,17.396009494753557,14.767104354816906,10.588640041654951,7.949684179884592,5.268393239272014,2.216023115614756,4.9531246799811655,1.3836438228383023,0.4318634145812545,1.2638025518457872,0.32479902964994445,0.21079031761067912,0.3509889183716771,0.8683398004984643,0,14.972064492151016,18.242461787332815,17.24415735643465,11.225246139768842,8.362833202401523,5.956331519280502,3.917969124591746,4.9531246799811655,9.54818070662487,16.5495572021743,12.290051353199164,9.95203394354106,7.536535157367661,4.580454959263527,0.5140771066377658,4.9531246799811655
2026-01-28,12.617881273844116,15.949546956882347,14.8231875899027,12.204487900985594,8.902391117216613,5.0330982919384395,3.4176864749206866,4.9531246799811655,0.9692474375218182,1.3098376273196868,0.8383451924894378,1.4440046206429031,0.8533864157758966,0.3118667250121936,1.2075916466743524,0,14.51760625138688,18.51682870642893,16.466344167181997,15.034736957445684,10.57502849213737,5.644357072962339,5.784566102402417,4.9531246799811655,10.718156296301352,13.382265207335761,13.180031012623402,9.374238844525504,7.2297537422958555,4.42183951091454,1.050806847438956,4.9531246799811655
2026-01-29,12.773114855093,15.436135332401639,15.230697772834976,13.106330856920222,8.519357081102727,5.033098291938439,3.4176864749206866,3.36652971729202,0.6866466558209569,1.0307365486310347,0.698914737972064,1.3203201504581827,0.6949136589193775,0.3118667250121936,1.2075916466743524,0.7066940824701103,14.118942300502075,17.456378967718468,16.60057065926022,15.69415835181826,9.881387852584707,5.644357072962338,5.784566102402417,4.751650118933436,11.427287409683926,13.415891697084811,13.86082488640973,10.518503362022184,7.157326309620748,4.421839510914539,1.050806847438956,1.9814093156506036
2026-01-30,12.773114855092999,15.436135332401639,15.230697772834976,13.10633085692022,8.519357081102727,5.033098291938439,3.417686474920687,3.3665297172920203,0.6866466558209567,1.0307365486310345,0.698914737972064,1.3203201504581825,0.6949136589193775,0.31186672501219354,1.2075916466743524,0.7066940824701102,14.118942300502074,17.456378967718464,16.60057065926022,15.694158351818258,9.881387852584707,5.644357072962338,5.784566102402417,4.751650118933436,11.427287409683924,13.415891697084811,13.86082488640973,10.518503362022182,7.157326309620748,4.421839510914539,1.0508068474389565,1.9814093156506043
2026-01-31,12.773114855093,15.436135332401639,15.230697772834976,13.10633085692022,8.519357081102727,5.033098291938439,3.417686474920687,3.36652971729202,0.6866466558209567,1.0307365486310347,0.698914737972064,1.3203201504581825,0.6949136589193775,0.3118667250121936,1.2075916466743524,0.7066940824701103,14.118942300502075,17.456378967718468,16.60057065926022,15.694158351818258,9.881387852584707,5.644357072962338,5.784566102402417,4.751650118933436,11.427287409683926,13.415891697084811,13.86082488640973,10.518503362022182,7.157326309620748,4.421839510914539,1.0508068474389565,1.9814093156506036
2026-02-01,12.30127465647137,14.942500032879039,15.119741682251984,12.566738726946108,8.800591660024084,5.1656199867721915,4.00297813525133,3.457346997767555,1.383348076320164,1.5994871045040657,0.7135484997021192,1.8697207299013452,0.9781616800508552,0.3615503507703842,1.4882298446952915,0.6620339709812321,15.012636886058893,18.077494757707008,16.518296741668138,16.231391357552745,10.71778855292376,5.874258674282144,6.919908630854101,4.75493358089077,9.58991242688385,11.80750530805107,13.72118662283583,8.90208609633947,6.883394767124408,4.456981299262239,1.0860476396485583,2.1597604146443405
2026-02-02,12.30127465647137,14.942500032879039,15.119741682251984,12.566738726946108,8.800591660024084,5.165619986772192,4.00297813525133,3.4573469977675555,1.383348076320164,1.5994871045040657,0.7135484997021192,1.8697207299013452,0.9781616800508552,0.3615503507703842,1.4882298446952915,0.6620339709812322,15.012636886058893,18.077494757707008,16.518296741668138,16.231391357552745,10.71778855292376,5.874258674282146,6.919908630854101,4.7549335808907705,9.58991242688385,11.80750530805107,13.72118662283583,8.90208609633947,6.883394767124408,4.456981299262239,1.0860476396485583,2.1597604146443405
2026-02-03,12.03143880115462,15.98371458133267,15.645354138708873,13.011984999629329,9.013239687209,4.485342727550659,3.4661619580161536,3.226360938668705,1.156320420371226,1.8681516410868246,0.893843675328537,1.5984693139306743,0.8268770371815017,0.7057740321839574,1.1591538488486843,0.5457020331623882,14.297826825082222,19.645291797862846,17.397287742352805,16.14498485493345,10.633918680084744,5.868659830631215,5.738103501759575,4.295936923666986,9.765050777227017,12.322137364802494,13.89342053506494,9.878985144325206,7.392560694333256,3.1020256244701025,1.1942204142727322,2.1567849536704244
2026-02-04,12.005075487755763,17.20608803033834,15.718083330136038,14.134698509421348,9.020201068257142,4.897557744474949,3.3540394007343393,3.641655913628235,0.9793975491782444,2.519760871980167,0.7648856886327038,2.245056845266939,0.7008659857086652,0.8045526215534952,0.940650681254729,0.7501595148640975,13.924694684145122,22.144819339419467,17.217259279856137,18.535009926144546,10.393898400246126,6.474480882719799,5.197714735993608,5.1119685627618665,10.085456291366404,12.267356721257212,14.218907380415938,9.734387092698148,7.6465037362681585,3.3206346062300987,1.5103640654750705,2.171343264494604
2026-02-05,11.736130168304076,17.43114245609756,15.643163874691659,13.734679242889719,9.004180162801005,5.006473864170378,3.312184496894495,3.480947966920531,1.2175788819797333,2.472845970726343,0.758898151176863,2.411046009565367,0.6640549871421514,0.8115481317712878,0.8814958344696064,0.8153108413517255,14.122584776984354,22.277920558721192,17.13060425099831,18.460329421637837,10.30572793759962,6.597108202442102,5.039916332454924,5.078957215969913,9.349675559623797,12.58436435347393,14.155723498385008,9.0090290641416,7.702632388002388,3.4158395258986536,1.5844526613340666,1.8829387178711492
2026-02-06,11.736130168304076,17.43114245609756,15.643163874691659,13.734679242889719,9.004180162801005,5.006473864170378,3.3121844968944956,3.4809479669205317,1.2175788819797333,2.472845970726343,0.758898151176863,2.411046009565367,0.6640549871421514,0.8115481317712878,0.8814958344696064,0.8153108413517256,14.122584776984354,22.277920558721192,17.13060425099831,18.460329421637837,10.30572793759962,6.597108202442102,5.039916332454924,5.078957215969914,9.349675559623797,12.58436435347393,14.155723498385008,9.0090290641416,7.702632388002388,3.4158395258986536,1.584452661334067,1.8829387178711494
2026-02-07,11.736130168304078,17.43114245609756,15.643163874691659,13.73467924288972,9.004180162801005,5.006473864170378,3.312184496894495,3.480947966920531,1.2175788819797333,2.4728459707263433,0.758898151176863,2.4110460095653674,0.6640549871421513,0.8115481317712878,0.8814958344696064,0.8153108413517255,14.122584776984354,22.277920558721192,17.13060425099831,18.46032942163784,10.30572793759962,6.597108202442102,5.039916332454924,5.078957215969913,9.349675559623801,12.584364353473928,14.155723498385008,9.0090290641416,7.702632388002388,3.4158395258986536,1.5844526613340666,1.8829387178711492
2026-02-08,11.736130168304078,17.43114245609756,15.64316387469166,13.73467924288972,9.004180162801005,5.006473864170378,3.3121844968944956,3.480947966920531,1.2175788819797333,2.4728459707263433,0.758898151176863,2.411046009565367,0.6640549871421514,0.8115481317712878,0.8814958344696064,0.8153108413517255,14.122584776984354,22.277920558721192,17.130604250998314,18.46032942163784,10.30572793759962,6.597108202442102,5.039916332454924,5.078957215969913,9.349675559623801,12.584364353473928,14.15572349838501,9.0090290641416,7.702632388002388,3.4158395258986536,1.584452661334067,1.8829387178711492
2026-02-09,11.736130168304078,17.43114245609756,15.643163874691659,13.734679242889719,9.004180162801005,5.0064738641703785,3.3121844968944956,3.480947966920531,1.2175788819797333,2.472845970726343,0.758898151176863,2.411046009565367,0.6640549871421514,0.8115481317712879,0.8814958344696064,0.8153108413517255,14.122584776984354,22.277920558721192,17.13060425099831,18.460329421637837,10.30572793759962,6.597108202442103,5.039916332454924,5.078957215969913,9.349675559623801,12.58436435347393,14.155723498385008,9.0090290641416,7.702632388002388,3.4158395258986545,1.584452661334067,1.8829387178711492
2026-02-10,11.736130168304076,17.43114245609756,15.643163874691659,13.734679242889719,9.004180162801005,5.006473864170378,3.3121844968944956,3.4809479669205317,1.2175788819797333,2.472845970726343,0.758898151176863,2.411046009565367,0.6640549871421514,0.8115481317712878,0.8814958344696063,0.8153108413517255,14.122584776984354,22.277920558721192,17.13060425099831,18.460329421637837,10.30572793759962,6.597108202442102,5.039916332454924,5.078957215969914,9.349675559623797,12.58436435347393,14.155723498385008,9.0090290641416,7.702632388002388,3.4158395258986536,1.5844526613340673,1.8829387178711496
2026-02-11,12.556529414047686,13.55445589839342,14.524040490106765,11.685674986667577,9.695963957018153,5.068126148531747,4.6349775793276935,3.1030113690262504,0.802144991731796,2.6695735591695815,0.7824080006606284,1.7570749852154737,0.541459256181781,0.3894239189409293,0.8341196127265904,0.45335570539038883,14.128733597842006,18.7868200743658,16.057560171401597,15.129541957689906,10.757224099134444,5.831397029655969,6.269852020271811,3.9915885515914127,10.984325230253367,8.322091722421039,12.990520808811933,8.241808015645248,8.634703814901862,4.304855267407525,3.0001031383835763,2.214434186461088
2026-02-12,12.556529414047686,13.55445589839342,14.524040490106765,11.685674986667577,9.695963957018153,5.068126148531747,4.6349775793276935,3.103011369026251,0.802144991731796,2.6695735591695815,0.7824080006606284,1.7570749852154737,0.5414592561817811,0.3894239189409293,0.8341196127265904,0.45335570539038883,14.128733597842006,18.7868200743658,16.057560171401597,15.129541957689906,10.757224099134444,5.831397029655969,6.269852020271811,3.9915885515914127,10.984325230253367,8.322091722421039,12.990520808811933,8.241808015645248,8.634703814901862,4.304855267407525,3.0001031383835763,2.214434186461089
2026-02-13,12.556529414047686,13.554455898393417,14.524040490106765,11.685674986667577,9.695963957018153,5.068126148531747,4.6349775793276935,3.103011369026251,0.802144991731796,2.6695735591695815,0.7824080006606284,1.7570749852154737,0.541459256181781,0.3894239189409293,0.8341196127265904,0.4533557053903888,14.128733597842006,18.786820074365796,16.057560171401597,15.129541957689906,10.757224099134444,5.831397029655969,6.269852020271811,3.9915885515914127,10.984325230253367,8.322091722421039,12.990520808811933,8.241808015645248,8.634703814901862,4.304855267407525,3.0001031383835763,2.214434186461089
2026-02-14,11.078310229368562,13.498223406411082,15.92183891768296,12.740626646926122,9.388430948077879,4.1887050887645625,3.616647683295415,3.160475302915382,1.4553674896736377,1.8006424540313026,1.3823460950616626,1.5277644550574057,0.4609372360036117,0.8245414282306018,1.062987516841911,0.30701158650392124,13.930830509128892,17.027482616312433,18.63123726400382,15.735044978838637,10.291867930644958,5.804806288096542,5.7001032163055605,3.7622180124630678,8.225789949608231,9.968964196509729,13.212440571362102,9.746208315013607,8.4849939655108,2.5726038894325827,1.5331921502852692,2.5587325933676963
2026-02-15,11.078310229368562,13.49822340641108,15.921838917682958,12.740626646926122,9.388430948077879,4.188705088764562,3.6166476832954153,3.160475302915382,1.4553674896736377,1.8006424540313029,1.3823460950616626,1.5277644550574057,0.4609372360036117,0.8245414282306018,1.062987516841911,0.30701158650392124,13.930830509128892,17.027482616312433,18.63123726400382,15.735044978838637,10.291867930644958,5.804806288096541,5.7001032163055605,3.7622180124630678,8.225789949608231,9.968964196509727,13.2124405713621,9.746208315013607,8.4849939655108,2.572603889432582,1.5331921502852697,2.5587325933676963
2026-02-16,11.078310229368562,13.498223406411082,15.92183891768296,12.740626646926122,9.388430948077879,4.1887050887645625,3.616647683295415,3.160475302915382,1.4553674896736377,1.8006424540313026,1.3823460950616626,1.5277644550574057,0.4609372360036117,0.8245414282306018,1.062987516841911,0.30701158650392124,13.930830509128892,17.027482616312433,18.63123726400382,15.735044978838637,10.291867930644958,5.804806288096542,5.7001032163055605,3.7622180124630678,8.225789949608231,9.968964196509729,13.212440571362102,9.746208315013607,8.4849939655108,2.5726038894325827,1.5331921502852692,2.5587325933676963
2026-02-17,11.078310229368562,13.49822340641108,15.921838917682958,12.74062664692612,9.38843094807788,4.1887050887645625,3.6166476832954153,3.160475302915382,1.4553674896736377,1.8006424540313026,1.3823460950616626,1.5277644550574057,0.46093723600361175,0.8245414282306018,1.062987516841911,0.30701158650392124,13.930830509128892,17.027482616312433,18.63123726400382,15.735044978838635,10.29186793064496,5.804806288096542,5.7001032163055605,3.7622180124630678,8.225789949608231,9.968964196509727,13.2124405713621,9.746208315013606,8.484993965510801,2.5726038894325827,1.5331921502852697,2.5587325933676963
2026-02-18,11.078310229368562,13.49822340641108,15.92183891768296,12.740626646926122,9.388430948077879,4.1887050887645625,3.616647683295415,3.160475302915382,1.4553674896736377,1.8006424540313026,1.3823460950616626,1.5277644550574054,0.4609372360036117,0.8245414282306018,1.062987516841911,0.30701158650392124,13.930830509128892,17.027482616312433,18.63123726400382,15.735044978838637,10.291867930644958,5.804806288096542,5.7001032163055605,3.7622180124630678,8.225789949608231,9.968964196509727,13.212440571362102,9.746208315013607,8.4849939655108,2.5726038894325827,1.5331921502852692,2.5587325933676963
2026-02-19,11.078310229368562,13.49822340641108,15.921838917682958,12.740626646926122,9.388430948077879,4.188705088764562,3.6166476832954153,3.160475302915382,1.4553674896736377,1.8006424540313026,1.3823460950616626,1.5277644550574057,0.4609372360036117,0.8245414282306018,1.062987516841911,0.30701158650392124,13.930830509128892,17.027482616312433,18.63123726400382,15.735044978838637,10.291867930644958,5.804806288096541,5.7001032163055605,3.7622180124630678,8.225789949608231,9.968964196509727,13.2124405713621,9.746208315013607,8.4849939655108,2.572603889432582,1.5331921502852697,2.5587325933676963
2026-02-20,11.315516299280446,15.31543185619411,15.766028726812978,13.66647091187063,9.143528220923232,4.01276193481612,3.438866883639295,2.9673718083866074,1.3719864201377288,3.8631510001602187,1.2645125911177646,2.247629473227485,0.6262745467827708,0.8042092969551299,1.0014694083405724,0.45955204183603793,14.004609682750395,22.887207816508138,18.244473405403795,18.0718246793965,10.371026332617463,5.589012156848174,5.401746923986817,3.8680938103852416,8.626422915810497,7.743655895880081,13.28758404822216,9.261117144344759,7.916030109229001,2.4365117127840654,1.475986843291773,2.0666498063879732
2026-02-21,11.315516299280446,15.31543185619411,15.76602872681298,13.666470911870627,9.143528220923232,4.012761934816119,3.438866883639295,2.9673718083866074,1.3719864201377288,3.8631510001602187,1.2645125911177648,2.2476294732274846,0.6262745467827708,0.8042092969551297,1.0014694083405724,0.45955204183603793,14.004609682750395,22.887207816508138,18.2444734054038,18.071824679396496,10.371026332617463,5.589012156848173,5.401746923986817,3.8680938103852416,8.626422915810497,7.743655895880081,13.287584048222161,9.261117144344759,7.916030109229001,2.436511712784065,1.475986843291773,2.0666498063879732
2026-02-22,11.315516299280446,15.31543185619411,15.766028726812978,13.66647091187063,9.143528220923232,4.012761934816119,3.4388668836392955,2.9673718083866074,1.3719864201377288,3.8631510001602183,1.2645125911177646,2.247629473227485,0.6262745467827708,0.8042092969551298,1.0014694083405724,0.45955204183603793,14.004609682750395,22.887207816508138,18.244473405403795,18.0718246793965,10.371026332617463,5.589012156848173,5.401746923986817,3.8680938103852416,8.626422915810497,7.743655895880082,13.28758404822216,9.261117144344759,7.916030109229001,2.436511712784065,1.4759868432917735,2.0666498063879732
2026-02-23,11.315516299280446,15.31543185619411,15.766028726812978,13.66647091187063,9.143528220923232,4.01276193481612,3.438866883639295,2.9673718083866074,1.3719864201377288,3.8631510001602187,1.2645125911177648,2.247629473227485,0.6262745467827708,0.8042092969551299,1.0014694083405724,0.45955204183603793,14.004609682750395,22.887207816508138,18.2444734054038,18.0718246793965,10.371026332617463,5.589012156848174,5.401746923986817,3.8680938103852416,8.626422915810497,7.743655895880081,13.28758404822216,9.261117144344759,7.916030109229001,2.4365117127840654,1.475986843291773,2.0666498063879732
2026-02-24,11.315516299280446,15.315431856194108,15.766028726812978,13.66647091187063,9.143528220923232,4.012761934816119,3.438866883639295,2.9673718083866074,1.3719864201377288,3.8631510001602187,1.2645125911177646,2.247629473227485,0.6262745467827708,0.8042092969551298,1.0014694083405724,0.45955204183603793,14.004609682750395,22.887207816508138,18.244473405403795,18.0718246793965,10.371026332617463,5.589012156848173,5.401746923986817,3.8680938103852416,8.626422915810497,7.743655895880079,13.28758404822216,9.261117144344759,7.916030109229001,2.436511712784065,1.475986843291773,2.0666498063879732
2026-02-25,11.315516299280448,15.31543185619411,15.76602872681298,13.666470911870627,9.143528220923232,4.01276193481612,3.438866883639295,2.9673718083866074,1.3719864201377288,3.8631510001602187,1.2645125911177648,2.2476294732274846,0.6262745467827708,0.8042092969551299,1.0014694083405724,0.45955204183603793,14.004609682750397,22.887207816508138,18.2444734054038,18.071824679396496,10.371026332617463,5.589012156848174,5.401746923986817,3.8680938103852416,8.6264229158105,7.743655895880081,13.287584048222161,9.261117144344759,7.916030109229001,2.4365117127840654,1.475986843291773,2.0666498063879732
2026-02-26,11.315516299280446,15.31543185619411,15.766028726812978,13.66647091187063,9.143528220923232,4.012761934816119,3.438866883639295,2.9673718083866074,1.3719864201377288,3.8631510001602187,1.2645125911177646,2.247629473227485,0.6262745467827708,0.8042092969551298,1.0014694083405724,0.45955204183603793,14.004609682750395,22.887207816508138,18.244473405403795,18.0718246793965,10.371026332617463,5.589012156848173,5.401746923986817,3.8680938103852416,8.626422915810497,7.743655895880081,13.28758404822216,9.261117144344759,7.916030109229001,2.436511712784065,1.475986843291773,2.0666498063879732
2026-02-27,11.315516299280448,15.31543185619411,15.76602872681298,13.666470911870627,9.14352822092323,4.012761934816119,3.438866883639295,2.9673718083866074,1.3719864201377288,3.8631510001602187,1.2645125911177648,2.247629473227485,0.6262745467827708,0.8042092969551298,1.0014694083405724,0.45955204183603793,14.004609682750397,22.887207816508138,18.2444734054038,18.0718246793965,10.371026332617461,5.589012156848173,5.401746923986817,3.8680938103852416,8.6264229158105,7.743655895880081,13.287584048222161,9.261117144344757,7.916030109228999,2.436511712784065,1.475986843291773,2.0666498063879732
2026-02-28,11.315516299280448,15.31543185619411,15.766028726812978,13.66647091187063,9.14352822092323,4.01276193481612,3.438866883639295,2.9673718083866074,1.3719864201377288,3.8631510001602187,1.2645125911177648,2.247629473227485,0.6262745467827708,0.8042092969551299,1.0014694083405724,0.45955204183603793,14.004609682750397,22.887207816508138,18.2444734054038,18.0718246793965,10.371026332617461,5.589012156848174,5.401746923986817,3.8680938103852416,8.6264229158105,7.743655895880081,13.28758404822216,9.261117144344759,7.916030109228999,2.4365117127840654,1.475986843291773,2.0666498063879732
2026-03-01,11.315516299280446,15.31543185619411,15.76602872681298,13.66647091187063,9.14352822092323,4.012761934816119,3.4388668836392946,2.9673718083866074,1.3719864201377288,3.8631510001602183,1.2645125911177646,2.2476294732274846,0.6262745467827707,0.8042092969551297,1.0014694083405722,0.45955204183603793,14.004609682750395,22.887207816508138,18.2444734054038,18.0718246793965,10.371026332617461,5.589012156848173,5.401746923986816,3.8680938103852416,8.626422915810497,7.743655895880082,13.287584048222161,9.261117144344759,7.916030109228999,2.436511712784065,1.475986843291773,2.0666498063879732
2026-03-02,12.186649678359062,14.938597002552909,17.7062800224595,11.655497061352024,13.489708403214024,4.597714869835648,2.4045458079660413,2.960988834356024,0.951097877337469,2.14512240775716,1.460078971940805,1.8180897484266076,2.887681806456362,0.5831106846005695,0.8721555772958577,0.253989798961997,14.050801517940501,19.14303692175694,20.568034807463476,15.218952968268175,19.149564743868495,5.740611811652764,4.113970739465922,3.458808840321538,10.322497838777624,10.734157083348876,14.844525237455521,8.092041154435874,7.829852062559555,3.4548179280185316,0.6951208764661603,2.4631688283905095
2026-03-03,11.855845506160353,13.902322934003996,18.08634720180818,11.452147531679984,13.399825688075602,4.717417235483144,2.858260610697767,2.9698246183410264,0.9462740151514109,2.404228286883791,1.3569900225153655,1.5563939042548447,2.425509970352869,0.5219913181370616,1.0095037047817323,0.2132881418162017,13.710542575857119,18.614610376296227,20.746047645938297,14.502679584019479,18.153825229967225,5.740520219031785,4.836887872069962,3.387869376300782,10.001148436463588,9.190035491711765,15.426646757678064,8.401615479340489,8.645826146183978,3.694314251934504,0.8796333493255717,2.551779860381271
2026-03-04,11.855845506160353,13.902322934003996,18.08634720180818,11.452147531679982,13.399825688075602,4.717417235483144,2.858260610697767,2.9698246183410264,0.9462740151514107,2.4042282868837908,1.3569900225153655,1.5563939042548445,2.425509970352869,0.5219913181370615,1.0095037047817323,0.21328814181620168,13.710542575857119,18.614610376296227,20.746047645938297,14.502679584019477,18.153825229967225,5.740520219031785,4.836887872069962,3.387869376300782,10.001148436463588,9.190035491711766,15.426646757678064,8.401615479340487,8.645826146183978,3.694314251934504,0.8796333493255717,2.551779860381271
2026-03-05,11.855845506160353,13.902322934003994,18.086347201808177,11.452147531679982,13.399825688075602,4.717417235483144,2.858260610697767,2.9698246183410264,0.9462740151514107,2.4042282868837908,1.3569900225153653,1.5563939042548445,2.425509970352869,0.5219913181370615,1.0095037047817323,0.21328814181620168,13.710542575857119,18.614610376296223,20.746047645938294,14.502679584019477,18.153825229967225,5.740520219031785,4.836887872069962,3.387869376300782,10.001148436463588,9.190035491711765,15.42664675767806,8.401615479340487,8.645826146183978,3.694314251934504,0.8796333493255717,2.551779860381271
2026-03-06,11.855845506160353,13.902322934003994,18.086347201808177,11.452147531679982,13.399825688075603,4.717417235483144,2.858260610697767,2.969824618341027,0.9462740151514107,2.4042282868837908,1.3569900225153653,1.5563939042548445,2.425509970352869,0.5219913181370615,1.0095037047817323,0.2132881418162017,13.710542575857119,18.614610376296223,20.746047645938294,14.502679584019477,18.153825229967225,5.740520219031785,4.836887872069962,3.3878693763007823,10.001148436463588,9.190035491711765,15.42664675767806,8.401615479340487,8.64582614618398,3.694314251934504,0.8796333493255717,2.5517798603812714
2026-03-07,11.855845506160351,13.902322934003994,18.086347201808177,11.452147531679982,13.399825688075602,4.717417235483144,2.858260610697767,2.9698246183410264,0.9462740151514107,2.4042282868837908,1.3569900225153655,1.5563939042548447,2.425509970352869,0.5219913181370616,1.0095037047817323,0.21328814181620168,13.710542575857117,18.614610376296223,20.746047645938294,14.502679584019477,18.153825229967225,5.740520219031785,4.836887872069962,3.387869376300782,10.001148436463586,9.190035491711765,15.42664675767806,8.401615479340487,8.645826146183978,3.694314251934504,0.8796333493255717,2.551779860381271
2026-03-08,11.855845506160353,13.902322934003996,18.086347201808177,11.452147531679984,13.399825688075602,4.717417235483144,2.858260610697767,2.9698246183410264,0.9462740151514107,2.4042282868837908,1.3569900225153653,1.5563939042548447,2.425509970352869,0.5219913181370615,1.0095037047817323,0.2132881418162017,13.710542575857119,18.614610376296227,20.746047645938294,14.502679584019479,18.153825229967225,5.740520219031785,4.836887872069962,3.387869376300782,10.001148436463588,9.190035491711766,15.42664675767806,8.401615479340489,8.645826146183978,3.694314251934504,0.8796333493255717,2.551779860381271
2026-03-09,9.115333204099807,11.84864975544465,14.223870587076593,15.770750415009239,11.674389456738782,3.3314778832849994,3.1417550448281926,2.9985556393405695,1.426233283386567,1.4747383079273142,1.999015189241336,2.2498492140571704,1.3737091754378663,0.7267791871495485,0.47036870484880194,0.09498729998617267,11.910750439537479,14.739136838982187,18.14194035798961,20.180454874561292,14.366859440597,4.7559650900981145,4.063677706331845,3.184730747313468,6.319915968662135,8.958162671907115,10.305800816163575,11.361045955457186,8.981919472880563,1.9069906764718845,2.219832383324541,2.812380531367671
2026-03-10,9.115333204099807,11.848649755444649,14.223870587076592,15.770750415009239,11.674389456738783,3.3314778832849994,3.141755044828193,2.9985556393405695,1.426233283386567,1.4747383079273142,1.9990151892413357,2.249849214057171,1.3737091754378665,0.7267791871495485,0.470368704848802,0.09498729998617267,11.910750439537479,14.739136838982185,18.14194035798961,20.180454874561292,14.366859440597002,4.7559650900981145,4.063677706331845,3.184730747313468,6.319915968662135,8.958162671907113,10.305800816163574,11.361045955457184,8.981919472880564,1.9069906764718845,2.2198323833245412,2.812380531367671
2026-03-11,9.115333204099807,11.84864975544465,14.223870587076593,15.770750415009239,11.674389456738782,3.3314778832849994,3.1417550448281926,2.9985556393405695,1.426233283386567,1.4747383079273142,1.999015189241336,2.2498492140571704,1.3737091754378663,0.7267791871495485,0.47036870484880194,0.09498729998617267,11.910750439537479,14.739136838982187,18.14194035798961,20.180454874561292,14.366859440597,4.7559650900981145,4.063677706331845,3.184730747313468,6.319915968662135,8.958162671907115,10.305800816163575,11.361045955457186,8.981919472880563,1.9069906764718845,2.219832383324541,2.812380531367671
2026-03-12,9.115333204099809,11.84864975544465,14.223870587076593,15.770750415009239,11.674389456738782,3.3314778832849994,3.1417550448281926,2.9985556393405695,1.426233283386567,1.4747383079273142,1.9990151892413361,2.2498492140571704,1.3737091754378665,0.7267791871495485,0.470368704848802,0.09498729998617267,11.91075043953748,14.739136838982187,18.14194035798961,20.180454874561292,14.366859440597,4.7559650900981145,4.063677706331845,3.184730747313468,6.319915968662137,8.958162671907115,10.305800816163575,11.361045955457186,8.981919472880563,1.9069906764718845,2.219832383324541,2.812380531367671
2026-03-13,9.115333204099807,11.848649755444649,14.223870587076592,15.770750415009239,11.674389456738783,3.3314778832849994,3.141755044828193,2.9985556393405695,1.4262332833865667,1.4747383079273142,1.9990151892413357,2.2498492140571704,1.3737091754378663,0.7267791871495485,0.47036870484880194,0.09498729998617267,11.910750439537477,14.739136838982185,18.14194035798961,20.180454874561292,14.366859440597,4.7559650900981145,4.063677706331845,3.184730747313468,6.319915968662136,8.958162671907113,10.305800816163574,11.361045955457186,8.981919472880566,1.9069906764718845,2.2198323833245412,2.812380531367671
2026-03-14,9.115333204099809,11.84864975544465,14.223870587076593,15.770750415009239,11.674389456738782,3.3314778832849994,3.1417550448281926,2.9985556393405695,1.426233283386567,1.4747383079273144,1.9990151892413361,2.249849214057171,1.3737091754378665,0.7267791871495485,0.470368704848802,0.09498729998617267,11.91075043953748,14.739136838982187,18.14194035798961,20.180454874561292,14.366859440597,4.7559650900981145,4.063677706331845,3.184730747313468,6.319915968662137,8.958162671907115,10.305800816163575,11.361045955457184,8.981919472880563,1.9069906764718845,2.219832383324541,2.812380531367671
2026-03-15,11.855816249789688,14.741115428644767,16.16835038935261,13.553612453285766,10.525098635369329,4.517043979611923,3.743065039484321,3.5809348036423634,1.8860772093975895,1.9841766522240667,1.6232879630775199,1.8406529662227575,1.0295779788180164,0.8409154230372758,0.4540302517217288,0.3701985928032893,15.552527580208963,18.630101667003938,19.34999479698455,17.16129226708237,12.54307147385264,6.165238208764984,4.63296433285891,4.30652404553681,8.159104919370414,10.852129190285595,12.986705981720672,9.945932639489161,8.507125796886017,2.8688497504588626,2.8531657461097324,2.8553455617479164
2026-03-16,11.855816249789687,14.741115428644765,16.168350389352607,13.553612453285767,10.525098635369329,4.517043979611923,3.743065039484321,3.580934803642364,1.8860772093975895,1.9841766522240667,1.6232879630775199,1.8406529662227578,1.0295779788180164,0.8409154230372758,0.45403025172172884,0.3701985928032894,15.552527580208961,18.630101667003935,19.349994796984546,17.161292267082374,12.54307147385264,6.165238208764984,4.63296433285891,4.306524045536811,8.159104919370412,10.852129190285595,12.986705981720668,9.945932639489161,8.507125796886017,2.8688497504588626,2.8531657461097324,2.8553455617479164
2026-03-17,11.479491932290143,14.555098971023693,16.697009786782225,13.618135579096665,10.886666554946656,4.057460973088284,3.481188551632592,3.6319080675109086,1.696208784671081,1.6792393526112754,1.5540830836635697,1.6186211439213465,1.065140185167396,1.0241346354705059,0.5753498634363742,0.3635978654150256,14.804061150245461,17.846408102141794,19.74301263076282,16.790633021182504,12.974341317874751,6.064764858610475,4.608874283967886,4.344559883724359,8.154922714334825,11.263789839905593,13.651006942801628,10.445638137010825,8.79899179201856,2.050157087566092,2.3535028192972987,2.9192562512974582
2026-03-18,11.479491932290145,14.555098971023694,16.69700978678223,13.618135579096665,10.886666554946654,4.057460973088284,3.4811885516325924,3.6319080675109086,1.696208784671081,1.6792393526112757,1.55408308366357,1.6186211439213465,1.065140185167396,1.0241346354705059,0.5753498634363742,0.3635978654150256,14.804061150245463,17.846408102141794,19.743012630762827,16.790633021182504,12.97434131787475,6.064764858610475,4.608874283967886,4.344559883724359,8.154922714334827,11.263789839905595,13.651006942801631,10.445638137010825,8.798991792018558,2.050157087566092,2.353502819297299,2.9192562512974582
2026-03-19,11.479491932290145,14.555098971023694,16.69700978678223,13.618135579096665,10.886666554946654,4.057460973088284,3.4811885516325924,3.6319080675109086,1.696208784671081,1.6792393526112757,1.55408308366357,1.6186211439213465,1.065140185167396,1.0241346354705059,0.5753498634363742,0.3635978654150256,14.804061150245463,17.846408102141794,19.743012630762827,16.790633021182504,12.97434131787475,6.064764858610475,4.608874283967886,4.344559883724359,8.154922714334827,11.263789839905595,13.651006942801631,10.445638137010825,8.798991792018558,2.050157087566092,2.353502819297299,2.9192562512974582
2026-03-20,11.479491932290143,14.555098971023693,16.697009786782225,13.618135579096665,10.886666554946654,4.057460973088284,3.4811885516325924,3.6319080675109086,1.696208784671081,1.6792393526112754,1.5540830836635697,1.6186211439213465,1.065140185167396,1.0241346354705059,0.5753498634363742,0.3635978654150256,14.804061150245461,17.846408102141794,19.74301263076282,16.790633021182504,12.97434131787475,6.064764858610475,4.608874283967886,4.344559883724359,8.154922714334825,11.263789839905593,13.651006942801628,10.445638137010825,8.798991792018558,2.050157087566092,2.353502819297299,2.9192562512974582
2026-03-21,11.479491932290143,14.555098971023693,16.697009786782225,13.618135579096665,10.886666554946656,4.0574609730882845,3.481188551632592,3.631908067510909,1.696208784671081,1.6792393526112754,1.5540830836635697,1.6186211439213465,1.065140185167396,1.0241346354705059,0.5753498634363742,0.3635978654150256,14.804061150245461,17.846408102141794,19.74301263076282,16.790633021182504,12.974341317874751,6.064764858610475,4.608874283967886,4.344559883724359,8.154922714334825,11.263789839905593,13.651006942801628,10.445638137010825,8.79899179201856,2.050157087566093,2.3535028192972987,2.9192562512974587
2026-03-22,11.479491932290143,14.555098971023694,16.69700978678223,13.618135579096665,10.886666554946654,4.057460973088284,3.4811885516325924,3.6319080675109086,1.696208784671081,1.6792393526112757,1.55408308366357,1.6186211439213465,1.065140185167396,1.0241346354705059,0.5753498634363742,0.3635978654150256,14.804061150245461,17.846408102141794,19.743012630762827,16.790633021182504,12.97434131787475,6.064764858610475,4.608874283967886,4.344559883724359,8.154922714334825,11.263789839905595,13.651006942801631,10.445638137010825,8.798991792018558,2.050157087566092,2.353502819297299,2.9192562512974582
2026-03-23,11.479491932290143,14.555098971023694,16.697009786782225,13.618135579096666,10.886666554946654,4.0574609730882845,3.481188551632592,3.631908067510908,1.696208784671081,1.6792393526112757,1.5540830836635697,1.6186211439213465,1.065140185167396,1.0241346354705059,0.5753498634363742,0.3635978654150256,14.804061150245461,17.846408102141794,19.74301263076282,16.790633021182504,12.97434131787475,6.064764858610475,4.608874283967886,4.344559883724358,8.154922714334825,11.263789839905595,13.651006942801628,10.445638137010828,8.798991792018558,2.050157087566093,2.3535028192972987,2.919256251297458
2026-03-24,11.479491932290143,14.555098971023693,16.697009786782225,13.618135579096665,10.886666554946654,4.057460973088284,3.4811885516325924,3.6319080675109086,1.696208784671081,1.6792393526112754,1.5540830836635697,1.6186211439213465,1.065140185167396,1.0241346354705059,0.5753498634363742,0.3635978654150256,14.804061150245461,17.846408102141794,19.74301263076282,16.790633021182504,12.97434131787475,6.064764858610475,4.608874283967886,4.344559883724359,8.154922714334825,11.263789839905593,13.651006942801628,10.445638137010825,8.798991792018558,2.050157087566092,2.353502819297299,2.9192562512974582
2026-03-25,11.479491932290143,14.555098971023693,16.697009786782225,13.618135579096665,10.886666554946654,4.057460973088284,3.481188551632592,3.6319080675109086,1.696208784671081,1.6792393526112757,1.55408308366357,1.6186211439213465,1.065140185167396,1.0241346354705059,0.5753498634363742,0.36359786541502565,14.804061150245461,17.846408102141794,19.74301263076282,16.790633021182504,12.97434131787475,6.064764858610475,4.608874283967886,4.344559883724359,8.154922714334825,11.263789839905591,13.651006942801628,10.445638137010825,8.798991792018558,2.050157087566092,2.3535028192972987,2.9192562512974582
2026-03-26,11.479491932290141,14.55509897102369,16.697009786782225,13.618135579096665,10.886666554946654,4.057460973088284,3.4811885516325924,3.6319080675109086,1.696208784671081,1.6792393526112754,1.5540830836635697,1.6186211439213465,1.065140185167396,1.0241346354705059,0.5753498634363742,0.36359786541502565,14.80406115024546,17.84640810214179,19.74301263076282,16.790633021182504,12.97434131787475,6.064764858610475,4.608874283967886,4.344559883724359,8.154922714334823,11.263789839905591,13.651006942801628,10.445638137010825,8.798991792018558,2.050157087566092,2.353502819297299,2.9192562512974582
2026-03-27,11.479491932290143,14.555098971023693,16.697009786782225,13.618135579096665,10.886666554946656,4.057460973088284,3.481188551632592,3.6319080675109086,1.696208784671081,1.6792393526112754,1.5540830836635695,1.6186211439213465,1.065140185167396,1.0241346354705059,0.5753498634363742,0.3635978654150256,14.804061150245461,17.846408102141794,19.74301263076282,16.790633021182504,12.974341317874751,6.064764858610475,4.608874283967886,4.344559883724359,8.154922714334825,11.263789839905593,13.65100694280163,10.445638137010825,8.79899179201856,2.050157087566092,2.3535028192972987,2.9192562512974582
2026-03-28,11.479491932290143,14.555098971023694,16.69700978678223,13.618135579096665,10.886666554946654,4.057460973088284,3.4811885516325924,3.6319080675109086,1.696208784671081,1.6792393526112757,1.55408308366357,1.6186211439213465,1.065140185167396,1.0241346354705059,0.5753498634363742,0.3635978654150256,14.804061150245461,17.846408102141794,19.743012630762827,16.790633021182504,12.97434131787475,6.064764858610475,4.608874283967886,4.344559883724359,8.154922714334825,11.263789839905595,13.651006942801631,10.445638137010825,8.798991792018558,2.050157087566092,2.353502819297299,2.9192562512974582
2026-03-29,10.252710792188434,12.810155817516236,17.513727689961268,13.485291446618167,11.631951692308883,3.249274619273035,2.911161678824008,3.8122164873051227,1.9936009296065023,2.4985146038395754,1.563537957810373,1.2634706369776485,1.2289812565877563,1.266880431415524,0.8271263368695991,0.35752780735900125,14.160168614217179,17.7072444410418,20.5782620872696,15.961693895094358,14.040754955220885,5.732360264847461,4.532329299088422,4.512970989728765,6.34525297015969,7.913067193990669,14.449193292652938,11.008888998141975,9.22314842939688,0.7661889736986081,1.2899940585595937,3.11146198488148
2026-03-30,10.252710792188434,12.810155817516236,17.513727689961268,13.485291446618167,11.631951692308883,3.249274619273035,2.911161678824008,3.8122164873051223,1.9936009296065023,2.4985146038395754,1.563537957810373,1.2634706369776485,1.2289812565877563,1.266880431415524,0.827126336869599,0.35752780735900125,14.160168614217179,17.7072444410418,20.5782620872696,15.961693895094358,14.040754955220885,5.732360264847461,4.532329299088422,4.512970989728765,6.34525297015969,7.913067193990669,14.449193292652938,11.008888998141975,9.22314842939688,0.7661889736986081,1.289994058559594,3.1114619848814797
2026-03-31,10.252710792188434,12.810155817516236,17.513727689961268,13.485291446618167,11.631951692308883,3.2492746192730344,2.9111616788240076,3.8122164873051223,1.9936009296065023,2.4985146038395754,1.563537957810373,1.2634706369776485,1.228981256587756,1.2668804314155238,0.827126336869599,0.35752780735900125,14.160168614217179,17.7072444410418,20.5782620872696,15.961693895094358,14.040754955220885,5.732360264847461,4.532329299088421,4.512970989728765,6.34525297015969,7.913067193990669,14.449193292652938,11.008888998141975,9.22314842939688,0.7661889736986081,1.2899940585595935,3.1114619848814797
2026-04-01,10.252710792188434,12.810155817516236,17.513727689961268,13.485291446618167,11.631951692308883,3.249274619273035,2.911161678824008,3.8122164873051223,1.9936009296065025,2.4985146038395754,1.563537957810373,1.2634706369776485,1.2289812565877563,1.266880431415524,0.827126336869599,0.35752780735900125,14.160168614217179,17.7072444410418,20.5782620872696,15.961693895094358,14.040754955220885,5.732360264847461,4.532329299088422,4.512970989728765,6.34525297015969,7.913067193990669,14.449193292652938,11.008888998141975,9.22314842939688,0.7661889736986081,1.289994058559594,3.1114619848814797
2026-04-02,10.252710792188433,12.810155817516234,17.513727689961268,13.485291446618167,11.631951692308883,3.2492746192730344,2.9111616788240076,3.8122164873051223,1.9936009296065023,2.498514603839575,1.563537957810373,1.2634706369776485,1.228981256587756,1.2668804314155238,0.827126336869599,0.35752780735900125,14.160168614217177,17.7072444410418,20.5782620872696,15.961693895094358,14.040754955220885,5.732360264847461,4.532329299088421,4.512970989728765,6.345252970159688,7.913067193990668,14.449193292652938,11.008888998141975,9.22314842939688,0.7661889736986081,1.2899940585595935,3.1114619848814797
2026-04-03,9.91776025431523,13.932140361708482,17.176802199641333,17.248229670500926,13.59036684033452,4.802060572992502,4.699084177498046,4.80189342787098,0.7971972577009379,1.094149453735765,0.6315556194186535,1.6849229926240306,0.9673481461891171,0.8308427851368729,0.8316436327512824,0.4461232715401181,11.480266879409069,16.07667329103058,18.414651213701895,20.550678736044027,15.48636920686519,6.430512431860773,6.329105697690559,5.676295040089611,8.35525362922139,11.787607432386384,15.938953185580772,13.945780604957825,11.69436447380385,3.1736087141242315,3.0690626573055324,3.9274918156523486
2026-04-04,9.91776025431523,13.932140361708484,17.176802199641333,17.248229670500926,13.59036684033452,4.802060572992502,4.699084177498045,4.80189342787098,0.797197257700938,1.094149453735765,0.6315556194186536,1.6849229926240306,0.9673481461891171,0.8308427851368729,0.8316436327512823,0.4461232715401181,11.480266879409069,16.076673291030584,18.414651213701895,20.550678736044027,15.48636920686519,6.430512431860773,6.329105697690558,5.676295040089611,8.35525362922139,11.787607432386384,15.938953185580772,13.945780604957825,11.69436447380385,3.1736087141242315,3.0690626573055315,3.9274918156523486
2026-04-05,9.61485542818079,13.933566371567741,16.924075128983162,16.91031515232153,13.42171950846181,4.695443446229316,4.634895018112055,4.729772106519273,1.12831074287105,1.0309655669428333,0.9230055267601408,1.84839526192824,1.0266356511916606,0.8372018178429,0.8029516309926622,0.46469524884311775,11.826344484208049,15.954258882775694,18.733165961433038,20.53316986570088,15.433925384797465,6.3363590092013995,6.208680214857673,5.640574794251783,7.403366372153533,11.912873860359788,15.114984296533287,13.28746043894218,11.409513632126156,3.054527883257232,3.061109821366437,3.818969418786762
2026-04-06,10.019040784322963,13.518346464400443,18.59377752387972,17.492617956624855,12.885315213623672,4.309099405005362,3.463454066870614,4.814577839793128,0.9401621154774887,0.8815894972526684,1.934355532774141,1.5032005447362704,0.9528954741079474,0.7447426876705838,1.4009924534596983,0.3566418074804958,11.86175853065884,15.246261879015673,22.385114368117037,20.438891024307946,14.752990342875249,5.768795072839707,6.209399275651622,5.5135957824549,8.176323037987085,11.790431049785212,14.802440679642404,14.546344888941764,11.017640084372095,2.849403737171018,0.7175088580896056,4.115559897131357
2026-04-07,10.019040784322964,13.518346464400443,18.593777523879723,17.492617956624855,12.885315213623672,4.309099405005362,3.463454066870614,4.814577839793128,0.9401621154774887,0.8815894972526684,1.934355532774141,1.5032005447362706,0.9528954741079475,0.7447426876705838,1.4009924534596983,0.3566418074804958,11.861758530658843,15.246261879015673,22.38511436811704,20.438891024307946,14.752990342875249,5.768795072839707,6.209399275651622,5.5135957824549,8.176323037987085,11.790431049785212,14.802440679642407,14.546344888941764,11.017640084372095,2.849403737171018,0.7175088580896056,4.115559897131357
2026-04-08,10.019040784322963,13.518346464400443,18.59377752387972,17.492617956624855,12.885315213623672,4.309099405005362,3.463454066870614,4.814577839793128,0.9401621154774888,0.8815894972526684,1.934355532774141,1.5032005447362706,0.9528954741079475,0.7447426876705838,1.4009924534596983,0.35664180748049584,11.861758530658841,15.246261879015673,22.385114368117037,20.438891024307946,14.752990342875249,5.768795072839707,6.209399275651622,5.5135957824549005,8.176323037987084,11.790431049785212,14.802440679642404,14.546344888941764,11.017640084372095,2.849403737171018,0.7175088580896056,4.115559897131356
2026-04-09,10.019040784322963,13.518346464400443,18.59377752387972,17.492617956624855,12.885315213623672,4.309099405005362,3.463454066870614,4.814577839793128,0.9401621154774887,0.8815894972526684,1.934355532774141,1.5032005447362706,0.9528954741079474,0.7447426876705838,1.4009924534596983,0.3566418074804958,11.86175853065884,15.246261879015673,22.385114368117037,20.438891024307946,14.752990342875249,5.768795072839707,6.209399275651622,5.5135957824549,8.176323037987085,11.790431049785212,14.802440679642404,14.546344888941764,11.017640084372095,2.849403737171018,0.7175088580896056,4.115559897131357
2026-04-10,8.979864391873999,10.731365885491947,18.366539080463692,13.151820878318444,16.678148099351812,4.147462615421179,4.278216432761109,4.399593497357344,1.1523210692287835,2.6423657157706826,1.3290338341111902,4.13642885456388,3.5618511400288244,0.5268572758327398,1.2122724757006584,0.45323011960506426,11.238413687562414,15.910402688402485,20.971445395321624,21.259221433263647,23.659376333808307,5.180102876053349,6.6542704851344,5.28792453178327,6.721315096185584,5.552329082581409,15.761632765605759,5.04442032337324,9.696919864895317,3.114822354789009,1.9021623803878187,3.511262462931418
2026-04-11,8.979864391873999,10.731365885491947,18.366539080463692,13.151820878318444,16.678148099351812,4.14746261542118,4.278216432761109,4.399593497357343,1.1523210692287835,2.6423657157706826,1.32903383411119,4.13642885456388,3.5618511400288244,0.5268572758327398,1.2122724757006582,0.45323011960506426,11.238413687562414,15.910402688402485,20.971445395321624,21.259221433263647,23.659376333808307,5.18010287605335,6.654270485134399,5.287924531783269,6.721315096185584,5.552329082581409,15.76163276560576,5.04442032337324,9.696919864895317,3.11482235478901,1.9021623803878192,3.511262462931417
2026-04-12,8.979864391873999,10.731365885491947,18.36653908046369,13.151820878318444,16.678148099351812,4.147462615421179,4.27821643276111,4.399593497357343,1.1523210692287835,2.6423657157706826,1.32903383411119,4.13642885456388,3.5618511400288244,0.5268572758327398,1.2122724757006584,0.45323011960506426,11.238413687562414,15.910402688402485,20.97144539532162,21.259221433263647,23.659376333808307,5.180102876053349,6.654270485134401,5.287924531783269,6.721315096185584,5.552329082581409,15.761632765605757,5.04442032337324,9.696919864895317,3.114822354789009,1.9021623803878196,3.511262462931417
2026-04-13,8.979864391873999,10.731365885491947,18.366539080463692,13.151820878318444,16.678148099351812,4.14746261542118,4.278216432761109,4.399593497357343,1.1523210692287835,2.6423657157706826,1.3290338341111902,4.13642885456388,3.5618511400288244,0.5268572758327398,1.2122724757006582,0.45323011960506426,11.238413687562414,15.910402688402485,20.971445395321624,21.259221433263647,23.659376333808307,5.18010287605335,6.654270485134399,5.287924531783269,6.721315096185584,5.552329082581409,15.761632765605759,5.04442032337324,9.696919864895317,3.11482235478901,1.9021623803878192,3.511262462931417
2026-04-14,8.979864391873999,10.731365885491947,18.366539080463692,13.151820878318444,16.678148099351812,4.147462615421179,4.278216432761109,4.399593497357344,1.1523210692287835,2.6423657157706826,1.3290338341111902,4.13642885456388,3.5618511400288244,0.5268572758327398,1.2122724757006582,0.45323011960506426,11.238413687562414,15.910402688402485,20.971445395321624,21.259221433263647,23.659376333808307,5.180102876053349,6.654270485134399,5.28792453178327,6.721315096185584,5.552329082581409,15.761632765605759,5.04442032337324,9.696919864895317,3.114822354789009,1.9021623803878192,3.511262462931418
2026-04-15,9.703413166166063,12.807540008932138,17.500771260483294,13.148466194096711,15.461377211646752,7.750326527545933,3.264492651737053,4.945209873704936,0.9709176696820458,2.4696838902160447,1.1355915359321433,4.136847384229996,2.5373734515503052,3.0969620231794637,1.1714818953877915,0.5499286791507104,11.606411798742872,17.648120433755587,19.726530670910293,21.256687067187503,20.43462917668535,13.820372092977681,5.560597166697124,6.023070084840328,7.800414533589254,7.96695958410869,15.275011850056293,5.040245321005919,10.488125246608154,1.6802809621141845,0.9683881367769818,3.867349662569544
2026-04-16,9.703413166166063,12.807540008932138,17.500771260483294,13.148466194096711,15.461377211646752,7.750326527545933,3.264492651737053,4.945209873704937,0.970917669682046,2.469683890216045,1.1355915359321433,4.136847384229996,2.5373734515503052,3.0969620231794637,1.1714818953877915,0.5499286791507104,11.606411798742874,17.648120433755587,19.726530670910293,21.256687067187503,20.43462917668535,13.820372092977681,5.560597166697124,6.023070084840329,7.800414533589254,7.9669595841086895,15.275011850056293,5.040245321005919,10.488125246608154,1.6802809621141845,0.9683881367769818,3.867349662569545
2026-04-17,9.744031891023429,12.869284584425593,17.477922439727326,11.875399708109416,15.39273159388998,8.05707662974598,3.195088633780972,4.959384034449371,0.942618965093152,2.4154951303431687,1.102069540450588,5.101283243261979,2.481110366568177,3.227210374920347,1.1694332822727809,0.5344384507217483,11.591565062606007,17.603655039898204,19.637978739010478,21.873914864902893,20.255707912363608,14.38240896458986,5.487177867035623,6.006883397863998,7.896498719440851,8.134914128952982,15.317866140444174,1.8768845513159373,10.529755275416353,1.7317442949021,0.9029994005263213,3.911884671034745
2026-04-18,9.795973323177812,13.147829607419101,17.578518357806512,8.084649679184087,15.445914880317773,8.93717002292817,2.907759046103515,4.91981902617188,1.2304042046606491,2.2042295096826616,0.9943107160907588,6.20545764178493,2.192105666032974,3.434975199613565,1.2598327764249035,0.6208120234281622,12.207565564312684,17.468119446397118,19.5273673613444,20.247346657082552,19.742441985742403,15.669721414170755,5.377031287896326,6.136610592091078,7.384381082042939,8.827539768441085,15.629669354268625,0,11.149387774893144,2.204618631685583,0.4384868043107044,3.7030274602526823
2026-04-19,9.795973323177812,13.147829607419101,17.578518357806512,8.084649679184087,15.445914880317773,8.93717002292817,2.9077590461035157,4.91981902617188,1.2304042046606491,2.2042295096826616,0.9943107160907588,6.20545764178493,2.192105666032974,3.434975199613565,1.2598327764249035,0.6208120234281622,12.207565564312684,17.468119446397118,19.5273673613444,20.247346657082552,19.742441985742403,15.669721414170755,5.377031287896326,6.136610592091078,7.384381082042939,8.827539768441085,15.629669354268625,0,11.149387774893144,2.204618631685583,0.43848680431070486,3.7030274602526823
2026-04-20,9.795973323177812,13.147829607419103,17.578518357806512,8.084649679184087,15.445914880317773,8.937170022928168,2.9077590461035157,4.91981902617188,1.2304042046606491,2.204229509682662,0.9943107160907588,6.20545764178493,2.192105666032974,3.434975199613565,1.2598327764249038,0.6208120234281622,12.207565564312684,17.46811944639712,19.5273673613444,20.247346657082552,19.742441985742403,15.669721414170755,5.377031287896327,6.136610592091078,7.384381082042939,8.827539768441085,15.629669354268625,0,11.149387774893144,2.204618631685581,0.4384868043107044,3.7030274602526823
2026-04-21,9.795973323177812,13.1478296074191,17.578518357806512,8.084649679184087,15.44591488031777,8.93717002292817,2.9077590461035157,4.91981902617188,1.2304042046606491,2.2042295096826616,0.9943107160907588,6.20545764178493,2.192105666032974,3.4349751996135645,1.2598327764249035,0.6208120234281622,12.207565564312684,17.468119446397118,19.5273673613444,20.247346657082552,19.7424419857424,15.669721414170755,5.377031287896326,6.136610592091078,7.384381082042939,8.827539768441083,15.629669354268625,0,11.149387774893142,2.204618631685584,0.43848680431070486,3.7030274602526823
2026-04-22,9.79597332317781,13.147829607419101,17.578518357806512,8.084649679184087,15.445914880317773,8.93717002292817,2.9077590461035157,4.91981902617188,1.2304042046606491,2.2042295096826616,0.9943107160907588,6.20545764178493,2.192105666032974,3.434975199613565,1.2598327764249035,0.6208120234281622,12.207565564312683,17.468119446397118,19.5273673613444,20.247346657082552,19.742441985742403,15.669721414170755,5.377031287896326,6.136610592091078,7.384381082042937,8.827539768441085,15.629669354268625,0,11.149387774893144,2.204618631685583,0.43848680431070486,3.7030274602526823
2026-04-23,9.795973323177812,13.147829607419101,17.578518357806512,8.084649679184087,15.445914880317773,8.93717002292817,2.9077590461035157,4.91981902617188,1.2304042046606491,2.2042295096826616,0.9943107160907588,6.20545764178493,2.192105666032974,3.434975199613565,1.2598327764249035,0.6208120234281622,12.207565564312684,17.468119446397118,19.5273673613444,20.247346657082552,19.742441985742403,15.669721414170755,5.377031287896326,6.136610592091078,7.384381082042939,8.827539768441085,15.629669354268625,0,11.149387774893144,2.204618631685583,0.43848680431070486,3.7030274602526823
2026-04-24,9.795973323177812,13.147829607419101,17.578518357806512,8.084649679184087,15.445914880317773,8.93717002292817,2.9077590461035157,4.91981902617188,1.2304042046606491,2.2042295096826616,0.9943107160907587,6.20545764178493,2.192105666032974,3.434975199613565,1.2598327764249035,0.6208120234281622,12.207565564312684,17.468119446397118,19.5273673613444,20.247346657082552,19.742441985742403,15.669721414170755,5.377031287896326,6.136610592091078,7.384381082042939,8.827539768441085,15.629669354268625,0,11.149387774893144,2.204618631685583,0.43848680431070486,3.7030274602526823
2026-04-25,9.795973323177812,13.147829607419101,17.578518357806512,8.084649679184087,15.445914880317774,8.937170022928168,2.907759046103516,4.91981902617188,1.2304042046606491,2.204229509682662,0.9943107160907588,6.20545764178493,2.192105666032974,3.434975199613565,1.2598327764249035,0.6208120234281622,12.207565564312684,17.468119446397118,19.5273673613444,20.247346657082552,19.742441985742403,15.669721414170755,5.377031287896327,6.136610592091078,7.384381082042939,8.827539768441085,15.629669354268625,0,11.149387774893146,2.204618631685581,0.4384868043107053,3.7030274602526823
2026-04-26,8.782132682332152,14.046939742795018,18.85659567445428,8.084643811100989,16.36189936225716,15.71707003642868,2.9574747335735805,6.411436083594717,1.1974982010899304,1.6465119648382955,1.2911993060709035,6.205455449748328,1.6465873729995495,6.324570330034665,0.8288202368386859,1.3623363126672905,11.129229156468416,17.274103193878076,21.387346314353252,20.24733649260771,19.589210613336277,28.113227883296624,4.581962397777405,9.081615256422607,6.435036208195889,10.819776291711959,16.325845034555307,0,13.134588111178042,3.3209121895607367,1.332987069369756,3.7412569107668276
2026-04-27,8.885600522615588,11.9404998642147,17.49918835318198,8.084643811104414,15.708640875648916,14.296566611004598,3.527154352553475,5.203484722054449,0.8008985815974473,2.1686172940814537,1.4805143653894943,6.205455449747163,1.2385419263617217,4.38758294660601,0.748113021007197,1.4043754266846984,10.455361742546586,16.19098976061435,20.40099650934539,20.247336492608852,18.13618305131789,22.89622918635238,4.993455873727582,7.956060558356457,7.315839302684592,7.690009967815052,14.597380197018573,0,13.281098699979943,5.69690403565682,2.060852831379369,2.45090888575244
2026-04-28,8.88560052261559,11.940499864214702,17.49918835318198,8.084643811104414,15.708640875648918,14.296566611004598,3.527154352553475,5.20348472205445,0.8008985815974473,2.168617294081454,1.4805143653894945,6.205455449747163,1.2385419263617217,4.38758294660601,0.748113021007197,1.4043754266846984,10.455361742546586,16.19098976061435,20.40099650934539,20.247336492608852,18.136183051317893,22.89622918635238,4.993455873727582,7.956060558356459,7.315839302684593,7.690009967815053,14.597380197018573,0,13.281098699979943,5.69690403565682,2.060852831379369,2.450908885752441
2026-04-29,8.88560052261559,11.940499864214702,17.49918835318198,8.084643811104414,15.708640875648918,14.296566611004598,3.527154352553475,5.20348472205445,0.8008985815974473,2.168617294081454,1.4805143653894945,6.205455449747163,1.2385419263617217,4.38758294660601,0.748113021007197,1.4043754266846984,10.455361742546586,16.19098976061435,20.40099650934539,20.247336492608852,18.136183051317893,22.89622918635238,4.993455873727582,7.956060558356459,7.315839302684593,7.690009967815053,14.597380197018573,0,13.281098699979943,5.69690403565682,2.060852831379369,2.450908885752441
