end_date,dem,rep,net,dem_std,rep_std,net_std,dem_lower_ci,dem_upper_ci,rep_lower_ci,rep_upper_ci,net_lower_ci,net_upper_ci
2025-01-03,44.334778200473075,46.63900853551251,2.3042303350394366,0.13516273767863698,0.8066858626620897,0.9418486003407267,44.069859234622946,44.5996971663232,45.05790424469481,48.22011282633021,0.45820707837161234,4.150253591707261
2025-01-04,44.33477820047307,46.6390085355125,2.304230335039436,0.13516273767863698,0.8066858626620897,0.9418486003407267,44.06985923462294,44.599697166323196,45.057904244694804,48.2201128263302,0.4582070783716119,4.15025359170726
2025-01-05,44.334778200473075,46.63900853551251,2.3042303350394366,0.13516273767863698,0.8066858626620897,0.9418486003407267,44.069859234622946,44.5996971663232,45.05790424469481,48.22011282633021,0.45820707837161234,4.150253591707261
2025-01-06,44.33477820047307,46.63900853551251,2.304230335039436,0.13516273767863698,0.8066858626620897,0.9418486003407268,44.06985923462294,44.599697166323196,45.05790424469481,48.22011282633021,0.4582070783716117,4.15025359170726
2025-01-07,44.33477820047307,46.63900853551251,2.304230335039436,0.13516273767863698,0.8066858626620897,0.9418486003407267,44.06985923462294,44.599697166323196,45.05790424469481,48.22011282633021,0.4582070783716119,4.15025359170726
2025-01-08,44.33477820047307,46.6390085355125,2.304230335039436,0.13516273767863696,0.8066858626620896,0.9418486003407266,44.06985923462294,44.599697166323196,45.057904244694804,48.2201128263302,0.4582070783716121,4.15025359170726
2025-01-09,44.33477820047307,46.6390085355125,2.3042303350394366,0.13516273767863698,0.8066858626620897,0.9418486003407267,44.06985923462294,44.599697166323196,45.057904244694804,48.2201128263302,0.45820707837161234,4.150253591707261
2025-01-10,44.33477820047307,46.6390085355125,2.304230335039436,0.13516273767863696,0.8066858626620896,0.9418486003407266,44.06985923462294,44.599697166323196,45.057904244694804,48.2201128263302,0.4582070783716121,4.15025359170726
2025-01-11,44.33477820047307,46.63900853551251,2.304230335039436,0.13516273767863698,0.8066858626620897,0.9418486003407267,44.06985923462294,44.599697166323196,45.05790424469481,48.22011282633021,0.4582070783716119,4.15025359170726
2025-01-12,44.27630471138384,45.50707303834755,1.2307683269637109,0.046454871130034936,0.37567222129077477,0.38764238343203145,44.185253163968966,44.36735625879871,44.77075548461763,46.24339059207747,0.47098925543692927,1.9905473984904924
2025-01-13,44.27630471138383,45.50707303834754,1.2307683269637104,0.04645487113003492,0.37567222129077465,0.3876423834320314,44.18525316396896,44.3673562587987,44.770755484617624,46.24339059207746,0.47098925543692893,1.990547398490492
2025-01-14,44.27630471138383,45.50707303834754,1.2307683269637106,0.04645487113003492,0.3756722212907747,0.38764238343203145,44.18525316396896,44.3673562587987,44.770755484617624,46.24339059207746,0.47098925543692904,1.9905473984904922
2025-01-15,44.27630471138384,45.50707303834755,1.2307683269637106,0.04645487113003493,0.3756722212907747,0.3876423834320314,44.185253163968966,44.36735625879871,44.77075548461763,46.24339059207747,0.47098925543692916,1.990547398490492
2025-01-16,44.8452967785745,46.918616499286884,2.073319720712385,0.6668816974947734,1.6762293950093206,1.0288371744832958,43.538208651484744,46.152384905664256,43.63320688506862,50.20402611350515,0.056798858725125356,4.089840582699645
2025-01-17,44.8452967785745,46.918616499286884,2.0733197207123846,0.6668816974947734,1.6762293950093206,1.0288371744832958,43.538208651484744,46.152384905664256,43.63320688506862,50.20402611350515,0.05679885872512491,4.089840582699644
2025-01-18,44.8452967785745,46.918616499286884,2.073319720712385,0.6668816974947734,1.6762293950093206,1.0288371744832958,43.538208651484744,46.152384905664256,43.63320688506862,50.20402611350515,0.056798858725125356,4.089840582699645
2025-01-19,44.8452967785745,46.918616499286884,2.0733197207123846,0.6668816974947734,1.6762293950093206,1.0288371744832958,43.538208651484744,46.152384905664256,43.63320688506862,50.20402611350515,0.05679885872512491,4.089840582699644
2025-01-20,44.8452967785745,46.918616499286884,2.073319720712385,0.6668816974947734,1.6762293950093206,1.0288371744832958,43.538208651484744,46.152384905664256,43.63320688506862,50.20402611350515,0.056798858725125356,4.089840582699645
2025-01-21,44.8452967785745,46.918616499286884,2.073319720712385,0.6668816974947734,1.6762293950093206,1.0288371744832958,43.538208651484744,46.152384905664256,43.63320688506862,50.20402611350515,0.056798858725125356,4.089840582699645
2025-01-22,44.8452967785745,46.918616499286884,2.073319720712385,0.6668816974947734,1.6762293950093206,1.0288371744832958,43.538208651484744,46.152384905664256,43.63320688506862,50.20402611350515,0.056798858725125356,4.089840582699645
2025-01-23,45.249165395809754,47.159138981758,1.9099735859482436,1.2007213116884463,1.6759094575963684,1.0439164074496299,42.8957516249004,47.60257916671911,43.874356444869115,50.44392151864688,-0.13610257265303094,3.956049744549518
2025-01-24,45.24916539580977,47.15913898175801,1.9099735859482438,1.2007213116884463,1.6759094575963687,1.0439164074496299,42.89575162490041,47.602579166719124,43.87435644486913,50.443921518646896,-0.13610257265303072,3.956049744549518
2025-01-25,45.249165395809754,47.159138981758,1.9099735859482438,1.2007213116884463,1.6759094575963684,1.0439164074496299,42.8957516249004,47.60257916671911,43.874356444869115,50.44392151864688,-0.13610257265303072,3.956049744549518
2025-01-26,44.88828005064094,45.93533179853993,1.0470517478989911,0.8359291347853939,1.5033227352115535,0.9974986344005622,43.249858946461565,46.52670115482031,42.988819237525284,48.88184435955457,-0.9080455755261108,3.002149071324093
2025-01-27,44.6910011163236,45.942750272543385,1.2517491562197882,1.0268277048705827,1.4391023725312668,1.153251504543555,42.67841881477725,46.70358341786994,43.122109622382105,48.763390922704666,-1.0086237926855797,3.5121221051251563
2025-01-28,44.691001116323605,45.9427502725434,1.2517491562197884,1.0268277048705827,1.439102372531267,1.153251504543555,42.67841881477726,46.70358341786995,43.12210962238212,48.76339092270468,-1.0086237926855794,3.5121221051251563
2025-01-29,44.691001116323605,45.94275027254339,1.2517491562197884,1.0268277048705827,1.439102372531267,1.153251504543555,42.67841881477726,46.70358341786995,43.12210962238211,48.76339092270467,-1.0086237926855794,3.5121221051251563
2025-01-30,44.6910011163236,45.942750272543385,1.2517491562197882,1.0268277048705827,1.4391023725312668,1.153251504543555,42.67841881477725,46.70358341786994,43.122109622382105,48.763390922704666,-1.0086237926855797,3.5121221051251563
2025-01-31,44.6910011163236,45.942750272543385,1.2517491562197884,1.0268277048705827,1.4391023725312668,1.153251504543555,42.67841881477725,46.70358341786994,43.122109622382105,48.763390922704666,-1.0086237926855794,3.5121221051251563
2025-02-01,44.653004365182305,45.80622015166517,1.1532157864828685,0.9282339759308728,1.3267276174232896,1.058928970631072,42.8336657723578,46.47234295800681,43.20583402151553,48.40660628181482,-0.9222849959540329,3.22871656891977
2025-02-02,45.02815988295611,45.195817625387505,0.16765774243139386,0.9081285633406314,1.4105735550433238,1.618912847619969,43.24822789880847,46.80809186710375,42.43109345750259,47.96054179327242,-3.0054114389037454,3.340726923766533
2025-02-03,45.02815988295611,45.195817625387505,0.1676577424313939,0.9081285633406314,1.4105735550433238,1.618912847619969,43.24822789880847,46.80809186710375,42.43109345750259,47.96054179327242,-3.0054114389037454,3.340726923766533
2025-02-04,45.02815988295611,45.19581762538751,0.16765774243139395,0.9081285633406314,1.4105735550433238,1.6189128476199692,43.24822789880847,46.80809186710375,42.4310934575026,47.96054179327243,-3.005411438903746,3.3407269237665336
2025-02-05,45.37697712050257,45.44049733815763,0.06352021765504998,0.8134568328350077,1.15414516592494,1.2706155423271972,43.782601728145956,46.97135251285919,43.178372812944744,47.70262186337051,-2.4268862453062563,2.5539266806163563
2025-02-06,45.29686871069954,45.07917045512494,-0.2176982555745983,0.7389125125948812,1.2404349130335994,1.2526492989588442,43.84860018601358,46.745137235385506,42.64791802557908,47.510422884670795,-2.672890881533933,2.2374943703847365
2025-02-07,45.29686871069954,45.079170455124945,-0.21769825557459838,0.7389125125948812,1.2404349130335997,1.2526492989588442,43.84860018601358,46.745137235385506,42.64791802557909,47.5104228846708,-2.672890881533933,2.2374943703847365
2025-02-08,45.29686871069954,45.07917045512494,-0.21769825557459832,0.7389125125948812,1.2404349130335994,1.2526492989588442,43.84860018601358,46.745137235385506,42.64791802557908,47.510422884670795,-2.672890881533933,2.2374943703847365
2025-02-09,45.37045566652223,45.10290105426908,-0.2675546122531507,0.6780784725533738,1.1150444809667925,1.1247324404641075,44.04142186031762,46.699489472726846,42.91741387157417,47.288388236963996,-2.4720301955628017,1.9369209710565
2025-02-10,45.37045566652223,45.10290105426908,-0.2675546122531507,0.6780784725533738,1.1150444809667925,1.1247324404641075,44.04142186031762,46.699489472726846,42.91741387157417,47.288388236963996,-2.4720301955628017,1.9369209710565
2025-02-11,45.37045566652223,45.10290105426908,-0.2675546122531508,0.6780784725533738,1.1150444809667928,1.1247324404641073,44.04142186031762,46.699489472726846,42.91741387157417,47.288388236963996,-2.4720301955628012,1.9369209710564994
2025-02-12,45.44046455024941,45.280178890701926,-0.16028565954748406,0.7271384106563522,1.3385121046146695,1.1926954355834487,44.01527326536296,46.86565583513586,42.656695165657176,47.903662615746676,-2.4979687132910438,2.1773973941960754
2025-02-13,45.37531055401482,45.07582121011842,-0.2994893438963979,0.6422619029183944,1.2175006930154944,1.0650733471101956,44.11647722429476,46.63414388373487,42.68951985180805,47.46212256842879,-2.387033104232381,1.7880544164395853
2025-02-14,45.375310554014824,45.07582121011842,-0.2994893438963979,0.6422619029183944,1.2175006930154946,1.0650733471101959,44.11647722429477,46.63414388373488,42.68951985180805,47.46212256842879,-2.3870331042323816,1.7880544164395857
2025-02-15,45.37531055401481,45.07582121011841,-0.2994893438963979,0.6422619029183944,1.2175006930154946,1.0650733471101956,44.116477224294755,46.634143883734865,42.68951985180804,47.46212256842878,-2.387033104232381,1.7880544164395853
2025-02-16,45.21003958806587,45.081235423269135,-0.12880416479673443,0.652439674728685,1.0944618638250498,0.994366887962911,43.93125782559765,46.48882135053409,42.93609017017204,47.22638067636623,-2.07776326520404,1.820154935610571
2025-02-17,45.225182421318976,45.22006522386257,-0.005117197456409556,0.5434345218675787,0.9758350828629282,0.8796008860081524,44.160050758458524,46.29031408417943,43.30742846145123,47.13270198627391,-1.7291349340323883,1.7189005391195693
2025-02-18,45.10883000151712,44.322799976063486,-0.786030025453637,0.5166574166770778,1.732427796255343,1.6561379326619907,44.096181464830046,46.121478538204194,40.92724149540302,47.718358456723955,-4.032060373471139,2.4600003225638645
2025-02-19,45.10883000151711,44.32279997606348,-0.7860300254536369,0.5166574166770778,1.7324277962553427,1.6561379326619905,44.09618146483004,46.12147853820419,40.92724149540301,47.71835845672395,-4.032060373471138,2.4600003225638645
2025-02-20,45.10883000151712,44.322799976063486,-0.786030025453637,0.5166574166770778,1.732427796255343,1.6561379326619907,44.096181464830046,46.121478538204194,40.92724149540302,47.718358456723955,-4.032060373471139,2.4600003225638645
2025-02-21,45.374496538458004,44.524722871127736,-0.8497736673302659,0.8364900955400767,1.6922538934838194,1.5379425800146462,43.73497595119945,47.014017125716556,41.207905239899446,47.841540502356025,-3.8641411241589725,2.1645937894984404
2025-02-22,45.374496538458004,44.524722871127736,-0.849773667330266,0.8364900955400767,1.6922538934838194,1.5379425800146462,43.73497595119945,47.014017125716556,41.207905239899446,47.841540502356025,-3.8641411241589725,2.1645937894984404
2025-02-23,45.27501445463581,44.59246193983365,-0.6825525148021603,0.8220614800325747,1.593539101754188,1.5017081259547882,43.663773953771965,46.88625495549965,41.46912530039544,47.715798579271855,-3.625900441673545,2.2607954120692244
2025-02-24,45.275014454635816,44.592461939833655,-0.6825525148021603,0.8220614800325747,1.593539101754188,1.5017081259547882,43.66377395377197,46.88625495549966,41.46912530039545,47.71579857927186,-3.625900441673545,2.2607954120692244
2025-02-25,45.27501445463581,44.59246193983365,-0.6825525148021603,0.8220614800325747,1.593539101754188,1.501708125954788,43.663773953771965,46.88625495549965,41.46912530039544,47.715798579271855,-3.6259004416735445,2.260795412069224
2025-02-26,45.27501445463581,44.59246193983365,-0.6825525148021602,0.8220614800325747,1.5935391017541878,1.501708125954788,43.663773953771965,46.88625495549965,41.46912530039544,47.715798579271855,-3.6259004416735445,2.260795412069224
2025-02-27,45.27501445463581,44.59246193983365,-0.6825525148021603,0.8220614800325747,1.593539101754188,1.5017081259547882,43.663773953771965,46.88625495549965,41.46912530039544,47.715798579271855,-3.625900441673545,2.2607954120692244
2025-02-28,45.27501445463581,44.59246193983365,-0.6825525148021603,0.8220614800325747,1.593539101754188,1.5017081259547882,43.663773953771965,46.88625495549965,41.46912530039544,47.715798579271855,-3.625900441673545,2.2607954120692244
2025-03-01,45.27501445463581,44.592461939833655,-0.6825525148021604,0.8220614800325747,1.593539101754188,1.5017081259547882,43.663773953771965,46.88625495549965,41.46912530039545,47.71579857927186,-3.625900441673545,2.2607954120692244
2025-03-02,45.5324988680247,45.02209277492216,-0.5104060931025457,0.7646386608921905,1.4952450479890544,1.2708181880485263,44.03380709267601,47.0311906433734,42.09141248086361,47.952773068980704,-3.0012097416776573,1.9803975554725657
2025-03-03,45.52871582000118,44.7676454820993,-0.7610703379018853,0.69095890826855,1.4537553739610398,1.2641457242405199,44.174436359794825,46.88299528020754,41.91828494913566,47.617006015062934,-3.2387959574133043,1.7166552816095337
2025-03-04,45.52871582000119,44.767645482099304,-0.7610703379018854,0.69095890826855,1.4537553739610398,1.2641457242405199,44.17443635979483,46.882995280207545,41.91828494913567,47.61700601506294,-3.2387959574133043,1.7166552816095337
2025-03-05,45.860698887388544,44.707043602736505,-1.1536552846520374,0.8833859327472579,1.29336583896397,1.3390569775025551,44.12926245920392,47.59213531557317,42.17204655836712,47.24204064710589,-3.7782069605570454,1.4708963912529704
2025-03-06,45.860698887388544,44.70704360273651,-1.1536552846520374,0.883385932747258,1.2933658389639702,1.3390569775025551,44.12926245920392,47.59213531557317,42.17204655836713,47.242040647105895,-3.7782069605570454,1.4708963912529704
2025-03-07,45.92638539700002,44.74524799048532,-1.1811374065146965,0.9148583017493535,1.284701148260823,1.3112192364797433,44.13326312557128,47.719507668428754,42.2272337398941,47.26326224107653,-3.751127110014993,1.3888522969856003
2025-03-08,45.92638539700002,44.745247990485325,-1.1811374065146967,0.9148583017493536,1.284701148260823,1.3112192364797433,44.13326312557128,47.719507668428754,42.22723373989411,47.26326224107654,-3.7511271100149934,1.3888522969856
2025-03-09,45.9109397744148,44.65217183288039,-1.2587679415344104,0.7953084234337912,1.1767188268579896,1.2167867063778155,44.352135264484566,47.46974428434503,42.34580293223873,46.95854073352205,-3.643669886034929,1.126134002966108
2025-03-10,45.91093977441481,44.6521718328804,-1.2587679415344106,0.7953084234337913,1.1767188268579898,1.2167867063778157,44.35213526448457,47.46974428434504,42.34580293223874,46.95854073352206,-3.6436698860349295,1.1261340029661082
2025-03-11,46.015974174385846,44.60689087639295,-1.4090832979928982,0.7731802866328875,1.0888001920469559,1.175298417572013,44.500540812585385,47.53140753618631,42.47284249998092,46.740939252804985,-3.7126681964340436,0.8945016004482471
2025-03-12,46.01597417438585,44.60689087639295,-1.4090832979928982,0.7731802866328875,1.0888001920469559,1.175298417572013,44.50054081258539,47.531407536186315,42.47284249998092,46.740939252804985,-3.7126681964340436,0.8945016004482471
2025-03-13,45.893643357697435,44.5833334041969,-1.310309953500536,0.7739250717677565,1.0082093678366466,1.1126493871810639,44.37675021703263,47.41053649836224,42.60724304323707,46.55942376515673,-3.4911027523754212,0.8704828453743492
2025-03-14,45.893643357697435,44.5833334041969,-1.310309953500536,0.7739250717677565,1.0082093678366466,1.1126493871810639,44.37675021703263,47.41053649836224,42.60724304323707,46.55942376515673,-3.4911027523754212,0.8704828453743492
2025-03-15,45.89364335769745,44.58333340419691,-1.3103099535005363,0.7739250717677565,1.0082093678366466,1.112649387181064,44.376750217032644,47.410536498362255,42.60724304323708,46.55942376515674,-3.491102752375422,0.8704828453743494
2025-03-16,45.86344101966642,44.64189705453402,-1.2215439651323958,0.7264134644780962,0.9558399582460391,1.0657166224463432,44.43967062928935,47.28721141004348,42.76845073637178,46.51534337269626,-3.3103485451272285,0.8672606148624369
2025-03-17,45.86344101966642,44.64189705453402,-1.2215439651323956,0.7264134644780962,0.9558399582460391,1.0657166224463432,44.43967062928935,47.28721141004348,42.76845073637178,46.51534337269626,-3.310348545127228,0.8672606148624371
2025-03-18,45.86344101966642,44.64189705453402,-1.2215439651323956,0.7264134644780962,0.9558399582460391,1.0657166224463432,44.43967062928935,47.28721141004348,42.76845073637178,46.51534337269626,-3.310348545127228,0.8672606148624371
2025-03-19,45.86172900463061,44.64464056877035,-1.217088435860256,0.6917481965865814,0.9102393023246401,1.0149243296598711,44.505902539320914,47.21755546994031,42.86057153621405,46.428709601326645,-3.2063401219936036,0.7721632502730913
2025-03-20,45.861729004630604,44.64464056877035,-1.217088435860256,0.6917481965865814,0.9102393023246401,1.0149243296598711,44.50590253932091,47.2175554699403,42.86057153621405,46.428709601326645,-3.2063401219936036,0.7721632502730913
2025-03-21,45.86172900463061,44.64464056877035,-1.217088435860256,0.6917481965865814,0.9102393023246401,1.0149243296598711,44.505902539320914,47.21755546994031,42.86057153621405,46.428709601326645,-3.2063401219936036,0.7721632502730913
2025-03-22,45.861729004630604,44.644640568770356,-1.2170884358602563,0.6917481965865815,0.9102393023246401,1.0149243296598711,44.50590253932091,47.2175554699403,42.86057153621406,46.42870960132665,-3.2063401219936036,0.7721632502730911
2025-03-23,45.825556655234244,44.710682339256785,-1.114874315977458,0.6370653517009148,0.8464695181137161,0.9565703199469671,44.57690856590045,47.074204744568036,43.0516020837539,46.36976259475967,-2.9897521430735132,0.7600035111185974
2025-03-24,45.825556655234244,44.710682339256785,-1.1148743159774581,0.6370653517009148,0.8464695181137161,0.9565703199469671,44.57690856590045,47.074204744568036,43.0516020837539,46.36976259475967,-2.9897521430735132,0.7600035111185972
2025-03-25,45.825556655234244,44.710682339256785,-1.114874315977458,0.6370653517009148,0.8464695181137161,0.9565703199469671,44.57690856590045,47.074204744568036,43.0516020837539,46.36976259475967,-2.9897521430735132,0.7600035111185974
2025-03-26,45.825556655234244,44.710682339256785,-1.114874315977458,0.6370653517009148,0.8464695181137161,0.9565703199469671,44.57690856590045,47.074204744568036,43.0516020837539,46.36976259475967,-2.9897521430735132,0.7600035111185974
2025-03-27,45.94383349525642,44.82079570782926,-1.1230377874271587,0.813369022806818,0.9590524026154694,0.9309898435814232,44.349630210555055,47.538036779957785,42.94105299870294,46.70053841695558,-2.947777880846748,0.7017023059924308
2025-03-28,45.94383349525642,44.82079570782926,-1.1230377874271587,0.813369022806818,0.9590524026154694,0.9309898435814232,44.349630210555055,47.538036779957785,42.94105299870294,46.70053841695558,-2.947777880846748,0.7017023059924308
2025-03-29,45.94383349525643,44.82079570782927,-1.1230377874271587,0.8133690228068181,0.9590524026154695,0.9309898435814232,44.34963021055506,47.53803677995779,42.94105299870295,46.70053841695559,-2.947777880846748,0.7017023059924308
2025-03-30,46.12013196446677,44.62772857234136,-1.4924033921254072,0.7746223706403087,0.9118428152735599,1.0231301062395501,44.60187211801177,47.638391810921775,42.840516654405185,46.41494049027754,-3.4977384003549252,0.5129316161041109
2025-03-31,46.12013196446677,44.62772857234136,-1.4924033921254072,0.7746223706403087,0.9118428152735599,1.0231301062395501,44.60187211801177,47.638391810921775,42.840516654405185,46.41494049027754,-3.4977384003549252,0.5129316161041109
2025-04-01,46.1023838348982,44.63402301073812,-1.4683608241600785,0.7451463534612223,0.8750306367326074,0.984319137028738,44.641896982114204,47.56287068768219,42.91896296274221,46.34908305873403,-3.397626332736405,0.4609046844162479
2025-04-02,46.1023838348982,44.63402301073812,-1.4683608241600785,0.7451463534612223,0.8750306367326073,0.9843191370287379,44.641896982114204,47.56287068768219,42.91896296274221,46.34908305873403,-3.3976263327364045,0.46090468441624766
2025-04-03,46.54750467061894,44.65018670219585,-1.897317968423087,0.8147778694202958,0.8528140328232484,1.1148214361385196,44.95054004655516,48.14446929468272,42.97867119786228,46.32170220652942,-4.082367983254585,0.2877320464084112
2025-04-04,46.547504670618935,44.65018670219585,-1.8973179684230868,0.8147778694202957,0.8528140328232483,1.1148214361385196,44.950540046555155,48.144469294682715,42.97867119786228,46.32170220652942,-4.082367983254585,0.28773204640841143
2025-04-05,46.547504670618935,44.650186702195846,-1.8973179684230868,0.8147778694202957,0.8528140328232483,1.1148214361385196,44.950540046555155,48.144469294682715,42.978671197862276,46.321702206529416,-4.082367983254585,0.28773204640841143
2025-04-06,46.57230088933012,44.53859830963882,-2.0337025796913024,0.7364206191424977,0.8093249943992631,1.0378900035759178,45.128916475810826,48.01568530284942,42.952321320616264,46.12487529866138,-4.067966986700101,5.618273174965438e-4
2025-04-07,46.57230088933012,44.53859830963882,-2.0337025796913024,0.7364206191424976,0.8093249943992631,1.0378900035759178,45.128916475810826,48.01568530284942,42.952321320616264,46.12487529866138,-4.067966986700101,5.618273174965438e-4
2025-04-08,46.42012875003868,44.43573425997815,-1.9843944900605297,0.7048533067631834,0.735587978107871,0.9172182349197974,45.03861626878284,47.80164123129452,42.993981822886724,45.87748669706957,-3.7821422305033323,-0.18664674961772687
2025-04-09,46.42012875003868,44.43573425997815,-1.9843944900605297,0.7048533067631834,0.735587978107871,0.9172182349197974,45.03861626878284,47.80164123129452,42.993981822886724,45.87748669706957,-3.7821422305033323,-0.18664674961772687
2025-04-10,46.449641471546805,44.464635162399446,-1.9850063091473582,0.6518679283871287,0.6798354360568105,0.8434918621380563,45.17198033190803,47.72730261118558,43.1321577077281,45.797112617070795,-3.6382503589379485,-0.33176225935676795
2025-04-11,46.449641471546805,44.464635162399446,-1.985006309147358,0.6518679283871287,0.6798354360568105,0.8434918621380564,45.17198033190803,47.72730261118558,43.1321577077281,45.797112617070795,-3.6382503589379485,-0.3317622593567675
2025-04-12,46.36787177329484,44.38537370620008,-1.98249806709476,0.732444297717467,0.7509649685402113,0.8229870004619715,44.932280949768604,47.80346259682107,42.91348236786126,45.85726504453889,-3.595552588000224,-0.369443546189296
2025-04-13,46.806055205288324,44.72226163699088,-2.083793568297446,1.0711600636615979,1.077727910941075,0.7134560700617715,44.706581480511595,48.90552893006505,42.60991493154637,46.83460834243539,-3.482167465618518,-0.685419670976374
2025-04-14,46.40320828739568,44.6881250370031,-1.7150832503925828,1.2863431373975682,0.9389547926417069,1.0824001289287573,43.88197573809644,48.92444083669491,42.84777364342535,46.528476430580845,-3.8365875030929466,0.4064210023077812
2025-04-15,46.40320828739568,44.6881250370031,-1.715083250392583,1.2863431373975682,0.938954792641707,1.0824001289287573,43.88197573809644,48.92444083669491,42.84777364342535,46.528476430580845,-3.836587503092947,0.406421002307781
2025-04-16,47.006553212478146,44.47504390095653,-2.5315093115216207,2.0620975697898922,1.0600396303934365,2.4757909034574546,42.96484197568996,51.048264449266334,42.39736622538539,46.55272157652767,-7.384059482298231,2.32104085925499
2025-04-17,47.00655321247815,44.47504390095653,-2.5315093115216207,2.0620975697898922,1.0600396303934367,2.4757909034574546,42.964841975689964,51.04826444926634,42.39736622538539,46.55272157652767,-7.384059482298231,2.32104085925499
2025-04-18,47.062308775052614,44.1445044762952,-2.9178042987574133,1.8389183930011492,1.1435324791897228,2.329643528126491,43.45802872477036,50.66658882533487,41.90318081708334,46.385828135507055,-7.4839056138853355,1.6482970163705084
2025-04-19,47.092429214692714,44.17149313502639,-2.920936079666321,1.8187071932931298,1.1363649326788112,2.2939081602210334,43.527763115838184,50.657095313547245,41.94421786697592,46.39876840307686,-7.416996073699546,1.5751239143669045
2025-04-20,47.04740344671609,44.04263820552672,-3.004765241189362,1.7302805477404275,1.1355025127867848,2.183871226653559,43.65605357314485,50.438753320287326,41.81705328046462,46.26822313058882,-7.285152845430337,1.2756223630516135
2025-04-21,46.955028017576886,43.3905537608455,-3.564474256731383,1.616024828361468,1.9023583817181384,2.4358668390699294,43.78761935398841,50.12243668116536,39.661931332677945,47.119176189013054,-8.338773261308445,1.2098247478456785
2025-04-22,46.955028017576886,43.390553760845506,-3.564474256731383,1.616024828361468,1.9023583817181384,2.4358668390699294,43.78761935398841,50.12243668116536,39.66193133267795,47.11917618901306,-8.338773261308445,1.2098247478456785
2025-04-23,46.955028017576886,43.3905537608455,-3.564474256731383,1.616024828361468,1.9023583817181384,2.4358668390699294,43.78761935398841,50.12243668116536,39.661931332677945,47.119176189013054,-8.338773261308445,1.2098247478456785
2025-04-24,47.02863861633731,43.48978766216231,-3.5388509541750057,1.5025113756476536,1.7726686070960214,2.2498641469514067,44.08371632006791,49.973560912606715,40.01535719225411,46.964218132070506,-7.948584682199763,0.8708827738497513
2025-04-25,47.02863861633732,43.489787662162314,-3.538850954175006,1.5025113756476536,1.7726686070960214,2.249864146951407,44.083716320067914,49.97356091260672,40.015357192254115,46.96421813207051,-7.948584682199764,0.8708827738497518
2025-04-26,47.02863861633731,43.48978766216231,-3.5388509541750057,1.5025113756476534,1.7726686070960214,2.2498641469514067,44.08371632006791,49.973560912606715,40.01535719225411,46.964218132070506,-7.948584682199763,0.8708827738497513
2025-04-27,46.99663398632148,43.1068489536007,-3.889785032720779,1.345881267335319,1.8523288265826612,2.236029638069563,44.35870670234425,49.634561270298704,39.47628445349868,46.737413453702715,-8.27240312333712,0.492833057895564
2025-04-28,46.99663398632147,43.10684895360069,-3.8897850327207784,1.345881267335319,1.8523288265826612,2.236029638069563,44.35870670234424,49.6345612702987,39.47628445349867,46.73741345370271,-8.27240312333712,0.4928330578955644
2025-04-29,46.959653181494296,43.09432561142295,-3.8653275700713468,1.347316947016297,1.8300864474620366,2.2217478058902476,44.31891196534235,49.60039439764624,39.50735617439736,46.68129504844855,-8.219953269616232,0.4892981294735388
2025-04-30,46.959653181494296,43.09432561142295,-3.8653275700713468,1.347316947016297,1.8300864474620366,2.2217478058902476,44.31891196534235,49.60039439764624,39.50735617439736,46.68129504844855,-8.219953269616232,0.4892981294735388
2025-05-01,46.959653181494296,43.09432561142295,-3.8653275700713468,1.347316947016297,1.8300864474620366,2.2217478058902476,44.31891196534235,49.60039439764624,39.50735617439736,46.68129504844855,-8.219953269616232,0.4892981294735388
2025-05-02,46.959653181494296,43.094325611422946,-3.8653275700713468,1.347316947016297,1.8300864474620366,2.2217478058902476,44.31891196534235,49.60039439764624,39.50735617439735,46.68129504844854,-8.219953269616232,0.4892981294735388
2025-05-03,46.95965318149429,43.094325611422946,-3.8653275700713463,1.347316947016297,1.8300864474620364,2.221747805890247,44.318911965342345,49.600394397646234,39.50735617439735,46.68129504844854,-8.21995326961623,0.48929812947353835
2025-05-04,46.91274551019178,43.24878147656644,-3.663964033625339,1.25236898029162,1.7299076898665648,2.109825515227599,44.45810230882021,49.36738871156336,39.85816240442797,46.63940054870491,-7.799222043471433,0.4712939762207551
2025-05-05,46.91274551019178,43.24878147656644,-3.663964033625339,1.2523689802916202,1.7299076898665648,2.109825515227599,44.45810230882021,49.36738871156336,39.85816240442797,46.63940054870491,-7.799222043471433,0.4712939762207551
2025-05-06,46.93386382661887,43.22541760256988,-3.708446224048988,1.2304929539947342,1.6966788587068666,2.0760682115462674,44.52209763678919,49.345630016448546,39.89992703950442,46.550908165635335,-7.777539918679672,0.360647470581696
2025-05-07,46.95811004609104,43.331117230504105,-3.626992815586935,1.2128211600337577,1.7465963299045493,2.0768455129389434,44.58098057242488,49.33523951975721,39.90778842389119,46.75444603711702,-7.697610020947264,0.44362438977339425
2025-05-08,46.90949746747875,43.800644411158785,-3.108853056319971,1.0550762830208005,1.7221586096535773,2.01511889754385,44.841547952757985,48.97744698219952,40.42521353623778,47.176075286079794,-7.058486095505917,0.8407799828659748
2025-05-09,46.80168355176369,43.47541493218555,-3.326268619578138,1.0004575743524997,1.751312721699288,1.9169796772099341,44.84078670603279,48.76258039749459,40.042841997654946,46.907987866716155,-7.083548786909608,0.4310115477533327
2025-05-10,46.80168355176368,43.475414932185544,-3.3262686195781375,1.0004575743524997,1.7513127216992879,1.9169796772099341,44.84078670603278,48.76258039749458,40.04284199765494,46.90798786671615,-7.083548786909608,0.43101154775333317
2025-05-11,46.63547232611046,43.69837577784,-2.937096548270461,1.0229873725405483,1.7282096010743346,2.0366696059706406,44.630417075930986,48.640527576289934,40.3110849597343,47.085666595945696,-6.928968975972916,1.0547758794319946
2025-05-12,46.56774601784815,43.961070547064544,-2.6066754707836086,0.9584844035756411,1.7148097909106086,2.040519554443043,44.689116586839894,48.44637544885641,40.60004335687975,47.32209773724934,-6.6060937974919725,1.3927428559247552
2025-05-13,46.567746017848144,43.96107054706454,-2.606675470783608,0.958484403575641,1.7148097909106086,2.0405195544430423,44.68911658683989,48.4463754488564,40.600043356879745,47.32209773724933,-6.606093797491971,1.3927428559247548
2025-05-14,46.567746017848144,43.96107054706454,-2.606675470783608,0.9584844035756409,1.7148097909106084,2.0405195544430423,44.68911658683989,48.4463754488564,40.600043356879745,47.32209773724933,-6.606093797491971,1.3927428559247548
2025-05-15,46.567746017848144,43.96107054706454,-2.606675470783608,0.958484403575641,1.7148097909106084,2.0405195544430423,44.68911658683989,48.4463754488564,40.600043356879745,47.32209773724933,-6.606093797491971,1.3927428559247548
2025-05-16,46.56774601784815,43.96107054706454,-2.606675470783608,0.958484403575641,1.7148097909106084,2.040519554443043,44.689116586839894,48.44637544885641,40.600043356879745,47.32209773724933,-6.6060937974919725,1.3927428559247557
2025-05-17,46.56774601784815,43.961070547064544,-2.6066754707836086,0.958484403575641,1.7148097909106086,2.040519554443043,44.689116586839894,48.44637544885641,40.60004335687975,47.32209773724934,-6.6060937974919725,1.3927428559247552
2025-05-18,46.412635793716866,43.964361654289576,-2.4482741394272955,0.9476291179245855,1.5710448817023215,1.9035957566257795,44.55528272258468,48.269988864849054,40.885113686153026,47.043609622426125,-6.179321822413823,1.282773543559232
2025-05-19,46.25026548793505,44.024915947288505,-2.225349540646551,0.9142981240161007,1.39759788284962,1.7697175459186838,44.458241164863495,48.04228981100661,41.28562409690325,46.76420779767376,-5.693995930647171,1.2432968493540693
2025-05-20,46.25026548793505,44.024915947288505,-2.225349540646551,0.9142981240161008,1.39759788284962,1.7697175459186838,44.458241164863495,48.04228981100661,41.28562409690325,46.76420779767376,-5.693995930647171,1.2432968493540693
2025-05-21,46.71152193715244,43.862521805299735,-2.849000131852704,1.4261082292175693,1.3590731348414984,2.26028786314855,43.91634980788601,49.50669406641887,41.1987384610104,46.52630514958907,-7.2791643436238616,1.5811640799184534
2025-05-22,46.71152193715244,43.862521805299735,-2.849000131852704,1.4261082292175693,1.3590731348414984,2.26028786314855,43.91634980788601,49.50669406641887,41.1987384610104,46.52630514958907,-7.2791643436238616,1.5811640799184534
2025-05-23,46.71152193715244,43.862521805299735,-2.849000131852704,1.4261082292175693,1.3590731348414986,2.26028786314855,43.91634980788601,49.50669406641887,41.1987384610104,46.52630514958907,-7.2791643436238616,1.5811640799184534
2025-05-24,46.71152193715244,43.862521805299735,-2.849000131852704,1.4261082292175693,1.3590731348414984,2.26028786314855,43.91634980788601,49.50669406641887,41.1987384610104,46.52630514958907,-7.2791643436238616,1.5811640799184534
2025-05-25,46.54467017049798,44.060207201813654,-2.4844629686843263,1.3719358277167761,1.329125998544629,2.2480630327433375,43.8556759481731,49.23366439282286,41.45512024466618,46.665294158961125,-6.890666512861268,1.9217405754926151
2025-05-26,46.437702251932976,43.95488040545088,-2.4828218464820972,1.2936605122667801,1.2908297142729235,2.108607872230891,43.90212764789008,48.97327685597587,41.42485416547595,46.48490664542581,-6.615693276054644,1.6500495830904498
2025-05-27,46.56150647161806,43.755302863859775,-2.8062036077582895,1.0918222454297766,1.1144485914051667,1.8194361200440266,44.4215348705757,48.70147807266042,41.57098362470565,45.9396221030139,-6.3722984030445815,0.7598911875280026
2025-05-28,46.56150647161806,43.75530286385977,-2.8062036077582895,1.0918222454297766,1.1144485914051665,1.8194361200440266,44.4215348705757,48.70147807266042,41.57098362470564,45.939622103013896,-6.3722984030445815,0.7598911875280026
2025-05-29,46.56150647161806,43.75530286385977,-2.8062036077582895,1.0918222454297766,1.1144485914051667,1.8194361200440266,44.4215348705757,48.70147807266042,41.57098362470564,45.939622103013896,-6.3722984030445815,0.7598911875280026
2025-05-30,46.56150647161807,43.755302863859775,-2.80620360775829,1.0918222454297766,1.1144485914051667,1.8194361200440268,44.421534870575705,48.70147807266043,41.57098362470565,45.9396221030139,-6.372298403044582,0.7598911875280026
2025-05-31,46.56150647161807,43.755302863859775,-2.80620360775829,1.0918222454297766,1.1144485914051667,1.8194361200440268,44.421534870575705,48.70147807266043,41.57098362470565,45.9396221030139,-6.372298403044582,0.7598911875280026
2025-06-01,46.58891998097863,43.78090752301544,-2.8080124579631898,1.0093702523884778,1.0329357638071754,1.6750435946172508,44.610554286297216,48.567285675660045,41.75635342595338,45.80546162007751,-6.091097903413001,0.47507298748662175
2025-06-02,46.638313451304704,43.82069960147347,-2.8176138498312326,0.9636133228715107,0.9880420874677595,1.5994412111148708,44.74963133847654,48.52699556413287,41.88413711003666,45.75726209291028,-5.952518623616379,0.3172909239539141
2025-06-03,46.63831345130471,43.82069960147348,-2.817613849831233,0.9636133228715108,0.9880420874677595,1.599441211114871,44.74963133847655,48.526995564132875,41.88413711003667,45.75726209291029,-5.95251862361638,0.3172909239539141
2025-06-04,46.73347688357014,44.24216133326229,-2.491315550307846,0.8907432819397687,1.1552505083173927,1.5228638182866268,44.9876200509682,48.479333716172086,41.9778703369602,46.506452329564375,-5.476128634149635,0.49349753353394243
2025-06-05,46.733476883570134,44.242161333262295,-2.491315550307846,0.8907432819397687,1.1552505083173927,1.5228638182866268,44.98762005096819,48.47933371617208,41.97787033696021,46.50645232956438,-5.476128634149635,0.49349753353394243
2025-06-06,46.38298918403847,43.351964397414356,-3.0310247866241196,1.2203347055972074,2.5151990130721504,1.977597639870288,43.99113316106794,48.774845207009,38.422174331792945,48.28175446303577,-6.907116160769884,0.8450665875216448
2025-06-07,46.38298918403847,43.35196439741435,-3.031024786624119,1.2203347055972074,2.5151990130721504,1.977597639870288,43.99113316106794,48.774845207009,38.42217433179293,48.28175446303577,-6.907116160769883,0.8450665875216452
2025-06-08,46.28054570288746,43.57000832484151,-2.7105373780459523,1.1722941314406883,2.428565518681499,2.034062318662883,43.98284920526371,48.578242200511205,38.81001990822577,48.32999674145725,-6.697299522625203,1.2762247665332977
2025-06-09,45.1887422592267,42.46592878794167,-2.7228134712850283,3.2627466394289897,4.132945202767504,1.856487002783292,38.79375884594588,51.58372567250752,34.36535619051736,50.56650138536598,-6.36152799674028,0.9159010541702242
2025-06-10,45.1887422592267,42.46592878794168,-2.7228134712850283,3.2627466394289897,4.132945202767504,1.8564870027832923,38.79375884594588,51.58372567250752,34.36535619051737,50.56650138536599,-6.361527996740281,0.9159010541702246
2025-06-11,45.20733382936265,42.514901331985605,-2.6924324973770504,3.1961745481081247,4.05486561699399,1.8293884226667139,38.94283171507073,51.471835943654575,34.56736472267738,50.46243794129383,-6.27803380580381,0.8931688110497089
2025-06-12,45.33855338517438,42.56536068960271,-2.7731926955716606,3.194743421845991,3.9791058170689957,1.8343472167598196,39.07685627835624,51.60025049199252,34.76631328814748,50.364408091057946,-6.368513240420906,0.8221278492775856
2025-06-13,45.33855338517437,42.56536068960271,-2.7731926955716606,3.194743421845991,3.9791058170689957,1.8343472167598198,39.07685627835623,51.60025049199251,34.76631328814748,50.364408091057946,-6.368513240420907,0.8221278492775861
2025-06-14,46.053995597957986,42.83582965068286,-3.2181659472751227,3.1833320675491916,3.550120165302145,1.8168403251936238,39.81466474556157,52.2933264503544,35.87759412669065,49.79406517467507,-6.779172984654625,0.3428410901043799
2025-06-15,46.160687654406836,43.121977348826164,-3.0387103055806746,3.0161391336284535,3.393557293893104,1.8320297657358313,40.249054952495065,52.072320356318606,36.470605052795676,49.77334964485665,-6.629488646422904,0.5520680352615548
2025-06-16,46.3380851956962,43.35417016735041,-2.983915028345794,2.7888947418768613,3.1879041544003317,1.7262595261473481,40.871851501617556,51.80431888977485,37.10587802472576,49.60246230997506,-6.367383699594596,0.39955364290300865
2025-06-17,46.319250089945044,43.59445203645415,-2.724798053490896,2.6243384674990153,3.0724547801417197,1.7761920702256762,41.17554669364697,51.462953486243116,37.572440667376384,49.61646340553192,-6.206134511133222,0.7565384041514291
2025-06-18,46.31168091806426,43.6910093304932,-2.620671587571059,2.5551987388944912,3.0194514982804375,1.785317338682541,41.30349138983106,51.319870446297465,37.77288439386354,49.60913426712286,-6.11989357138884,0.8785503962467209
2025-06-19,46.39078630883529,44.28225248626672,-2.108533822568564,2.209183270637015,3.0581551236407645,2.4609342000602323,42.06078709838674,50.72078551928384,38.288268443930825,50.27623652860262,-6.931964854686619,2.714897209549491
2025-06-20,46.39078630883529,44.28225248626672,-2.108533822568564,2.209183270637015,3.0581551236407645,2.460934200060232,42.06078709838674,50.72078551928384,38.288268443930825,50.27623652860262,-6.931964854686618,2.7148972095494903
2025-06-21,46.60458611933256,44.3088960966039,-2.2956900227286634,2.1526946146108386,2.873284546406489,2.354142301350669,42.38530467469532,50.8238675639698,38.677258385647185,49.94053380756062,-6.909808933375974,2.3184288879186474
2025-06-22,46.61128819930396,44.272117332946934,-2.339170866357025,2.048223777117852,2.73497853941432,2.2386839325988563,42.59676959615297,50.625806802454946,38.911559395694866,49.632675270199,-6.726991374250783,2.0486496415367337
2025-06-23,46.63181104337359,44.10453978397764,-2.527271259395944,1.9777383926252519,2.7033213798341493,2.259131161876173,42.75544379382809,50.508178292919084,38.80602987950271,49.403049688452576,-6.955168336673243,1.9006258178813549
2025-06-24,46.63181104337359,44.10453978397764,-2.527271259395944,1.9777383926252519,2.7033213798341493,2.259131161876173,42.75544379382809,50.508178292919084,38.80602987950271,49.403049688452576,-6.955168336673243,1.9006258178813549
2025-06-25,46.24171984424805,43.77250378336222,-2.469216060885829,2.016846570053637,2.5285491326454914,2.036110808189337,42.28870056694292,50.194739121553184,38.81654748337706,48.72846008334738,-6.45999324493693,1.5215611231652715
2025-06-26,46.241719844248045,43.77250378336221,-2.469216060885829,2.016846570053637,2.5285491326454914,2.036110808189337,42.288700566942914,50.19473912155318,38.81654748337705,48.72846008334737,-6.45999324493693,1.5215611231652715
2025-06-27,46.241719844248045,43.77250378336222,-2.469216060885829,2.016846570053637,2.5285491326454914,2.036110808189337,42.288700566942914,50.19473912155318,38.81654748337706,48.72846008334738,-6.45999324493693,1.5215611231652715
2025-06-28,46.241719844248045,43.77250378336222,-2.469216060885829,2.016846570053637,2.5285491326454914,2.036110808189337,42.288700566942914,50.19473912155318,38.81654748337706,48.72846008334738,-6.45999324493693,1.5215611231652715
2025-06-29,46.28515312074484,43.67303244434152,-2.6121206764033142,1.9097755664819092,2.3990042372057028,1.955328411765423,42.541993010440294,50.02831323104938,38.97098413941835,48.3750807492647,-6.4445643634635434,1.220323010656915
2025-06-30,46.33344036416585,43.54000433190284,-2.79343603226301,1.840721083590624,2.3441005302949223,1.9724908585621066,42.72562704032823,49.94125368800348,38.94556729252479,48.13444137128089,-6.6595181150447385,1.0726460505187192
2025-07-01,46.33344036416585,43.54000433190284,-2.79343603226301,1.840721083590624,2.344100530294922,1.9724908585621066,42.72562704032823,49.94125368800348,38.9455672925248,48.134441371280886,-6.6595181150447385,1.0726460505187192
2025-07-02,46.362037323708044,43.626358337245684,-2.735678986462362,1.715809431296785,2.207009682787499,1.8480866419110893,42.999050838366344,49.725023809049745,39.30061935898219,47.95209731550918,-6.357928804608097,0.8865708316833727
2025-07-03,46.362037323708044,43.62635833724568,-2.735678986462362,1.7158094312967849,2.207009682787499,1.8480866419110893,42.999050838366344,49.725023809049745,39.300619358982175,47.95209731550918,-6.357928804608097,0.8865708316833727
2025-07-04,46.362037323708044,43.626358337245684,-2.735678986462362,1.7158094312967849,2.2070096827874988,1.8480866419110893,42.999050838366344,49.725023809049745,39.30061935898219,47.95209731550918,-6.357928804608097,0.8865708316833727
2025-07-05,46.36203732370804,43.62635833724568,-2.7356789864623616,1.715809431296785,2.207009682787499,1.848086641911089,42.99905083836634,49.72502380904974,39.300619358982175,47.95209731550918,-6.357928804608096,0.8865708316833727
2025-07-06,46.397484031104106,43.54078618498836,-2.8566978461157464,1.6038479863826505,2.0675209410743256,1.7463312960962232,43.25394197779411,49.5410260844141,39.48844514048268,47.593127229494044,-6.279507186464343,0.5661114942328509
2025-07-07,46.338399045979024,43.40555587888003,-2.932843167098995,1.5366528135351847,2.017136896477526,1.6790973852282698,43.32655953145006,49.35023856050799,39.45196756178408,47.35914419597598,-6.223874042146404,0.3581877079484137
2025-07-08,46.338399045979024,43.40555587888003,-2.932843167098995,1.5366528135351847,2.017136896477526,1.6790973852282698,43.32655953145006,49.35023856050799,39.45196756178408,47.35914419597598,-6.223874042146404,0.3581877079484137
2025-07-09,46.33839904597903,43.40555587888003,-2.932843167098995,1.5366528135351847,2.017136896477526,1.6790973852282698,43.32655953145007,49.35023856050799,39.45196756178408,47.35914419597598,-6.223874042146404,0.3581877079484137
2025-07-10,46.33839904597903,43.40555587888003,-2.932843167098995,1.5366528135351845,2.017136896477526,1.67909738522827,43.32655953145007,49.35023856050799,39.45196756178408,47.35914419597598,-6.223874042146404,0.35818770794841415
2025-07-11,46.33839904597903,43.40555587888004,-2.9328431670989956,1.5366528135351847,2.017136896477526,1.67909738522827,43.32655953145007,49.35023856050799,39.45196756178409,47.359144195975986,-6.223874042146405,0.3581877079484137
2025-07-12,46.33839904597903,43.40555587888004,-2.9328431670989956,1.5366528135351847,2.017136896477526,1.67909738522827,43.32655953145007,49.35023856050799,39.45196756178409,47.359144195975986,-6.223874042146405,0.3581877079484137
2025-07-13,46.58054658082509,43.33960360358148,-3.2409429772436136,1.492173379443379,1.8439180834852629,1.661178088861758,43.65588675711607,49.505206404534114,39.72552415995037,46.95368304721259,-6.49685203141266,0.01496607692543206
2025-07-14,46.369136507048744,43.52475197873511,-2.8443845283136318,1.3148740453116405,1.9298781781710554,1.887235647523758,43.79198337823793,48.94628963585956,39.74219074951984,47.30731320795038,-6.543366397460197,0.8545973408329339
2025-07-15,46.369136507048744,43.52475197873512,-2.8443845283136318,1.3148740453116408,1.9298781781710557,1.8872356475237582,43.79198337823793,48.94628963585956,39.74219074951985,47.307313207950386,-6.543366397460198,0.8545973408329344
2025-07-16,46.471156256599365,44.095343836338806,-2.3758124202605617,1.1257484154510289,2.059809052779232,2.0137156626855264,44.26468936231535,48.67762315088338,40.05811809289151,48.1325695797861,-6.322695119124193,1.5710702786030697
2025-07-17,46.471156256599365,44.0953438363388,-2.3758124202605613,1.1257484154510289,2.059809052779232,2.013715662685526,44.26468936231535,48.67762315088338,40.058118092891505,48.13256957978609,-6.322695119124193,1.5710702786030697
2025-07-18,46.64452963732158,44.14467015962649,-2.4998594776950855,1.041988193689772,1.8153816066836008,1.7876758565227064,44.60223277768963,48.686826496953536,40.58652221052664,47.70281810872635,-6.00370415647959,1.003985201089419
2025-07-19,46.64452963732158,44.1446701596265,-2.4998594776950855,1.0419881936897721,1.815381606683601,1.7876758565227064,44.60223277768963,48.686826496953536,40.586522210526645,47.702818108726355,-6.00370415647959,1.003985201089419
2025-07-20,46.67907291131524,44.05170682892439,-2.6273660823908482,0.9907835841773239,1.7221675370378402,1.6864086790397077,44.737137086327685,48.62100873630279,40.676258456330224,47.42715520151855,-5.932727093308675,0.6779949285269788
2025-07-21,46.705056357373735,43.9946762676399,-2.710380089733828,0.9507395824208908,1.6557823981460085,1.6428648740210385,44.84160677582879,48.56850593891868,40.749342767273724,47.24000976800608,-5.930395242815063,0.5096350633474072
2025-07-22,46.48185769926701,43.87138515177184,-2.610472547495173,1.0107173291994052,1.545415737824682,1.5272105005592207,44.500851734036175,48.462863664497846,40.84237030563546,46.90039999790822,-5.603805128591246,0.3828600336008998
2025-07-23,46.48185769926702,43.87138515177184,-2.610472547495173,1.0107173291994052,1.5454157378246822,1.5272105005592207,44.50085173403618,48.46286366449785,40.84237030563546,46.90039999790822,-5.603805128591246,0.3828600336008998
2025-07-24,46.57580753687659,43.82149946892468,-2.754308067951911,1.1453986477159035,1.558704527582825,1.7337994717948524,44.330826187353416,48.82078888639976,40.76643859486234,46.87656034298701,-6.152555032669822,0.6439388967659996
2025-07-25,46.57580753687659,43.82149946892468,-2.754308067951911,1.1453986477159033,1.558704527582825,1.7337994717948524,44.330826187353416,48.82078888639976,40.76643859486234,46.87656034298701,-6.152555032669822,0.6439388967659996
2025-07-26,46.57580753687659,43.82149946892468,-2.754308067951911,1.1453986477159033,1.5587045275828249,1.7337994717948524,44.330826187353416,48.82078888639976,40.76643859486234,46.87656034298701,-6.152555032669822,0.6439388967659996
2025-07-27,46.5777930252976,43.59338569904309,-2.984407326254513,1.0736806333040507,1.5833955425307547,1.739835968365588,44.473378984021664,48.68220706657354,40.48993043568281,46.69684096240337,-6.394485824251065,0.42567117174203917
2025-07-28,46.68693333379735,43.39418140255319,-3.29275193124416,1.185731075498182,1.6009155922764238,2.042422626726259,44.36290042582091,49.01096624177379,40.256386841691395,46.53197596341498,-7.295900279627627,0.7103964171393073
2025-07-29,46.750781577388004,43.41760593467873,-3.3331756427092687,1.2071347774259584,1.5749373976173868,2.0139861580279996,44.38479741363312,49.116765741142885,40.330728635348656,46.50448323400881,-7.280588512444147,0.6142372270256105
2025-07-30,46.750781577388004,43.41760593467873,-3.3331756427092687,1.2071347774259584,1.5749373976173868,2.0139861580279996,44.38479741363312,49.116765741142885,40.330728635348656,46.50448323400881,-7.280588512444147,0.6142372270256105
2025-07-31,47.30244689736424,43.32626066510721,-3.9761862322570245,1.8193279647302636,1.486834757909938,2.509199200801516,43.736564086492926,50.86832970823556,40.41206453960373,46.24045679061069,-8.894216665827996,0.9418442013139465
2025-08-01,47.30244689736425,43.32626066510722,-3.976186232257025,1.8193279647302636,1.486834757909938,2.509199200801516,43.73656408649293,50.868329708235564,40.41206453960374,46.2404567906107,-8.894216665827996,0.9418442013139461
2025-08-02,47.30244689736425,43.32626066510722,-3.976186232257025,1.8193279647302636,1.486834757909938,2.509199200801516,43.73656408649293,50.868329708235564,40.41206453960374,46.2404567906107,-8.894216665827996,0.9418442013139461
2025-08-03,47.209061965121784,42.986746871362584,-4.222315093759195,1.5608944597276848,1.4399600592972832,2.2427416112571503,44.14970882405552,50.268415106188044,40.16442515513991,45.80906858758526,-8.61808865182321,0.1734584643048196
2025-08-04,47.16222109332384,42.797029135067874,-4.365191958255967,1.5096269175476789,1.5429482477300687,2.2124079927844447,44.20335233493039,50.121089851717294,39.77285056951694,45.82120770061881,-8.70151162411348,-0.028872292398455457
2025-08-05,47.16222109332384,42.797029135067874,-4.365191958255967,1.5096269175476789,1.5429482477300687,2.2124079927844447,44.20335233493039,50.121089851717294,39.77285056951694,45.82120770061881,-8.70151162411348,-0.028872292398455457
2025-08-06,47.16222109332384,42.79702913506788,-4.365191958255967,1.509626917547679,1.5429482477300687,2.2124079927844447,44.20335233493039,50.121089851717294,39.77285056951695,45.821207700618814,-8.70151162411348,-0.028872292398455457
2025-08-07,47.16222109332385,42.79702913506788,-4.365191958255968,1.509626917547679,1.5429482477300687,2.2124079927844447,44.2033523349304,50.1210898517173,39.77285056951695,45.821207700618814,-8.70151162411348,-0.028872292398456345
2025-08-08,47.16222109332384,42.79702913506788,-4.365191958255967,1.5096269175476789,1.5429482477300687,2.2124079927844447,44.20335233493039,50.121089851717294,39.77285056951695,45.821207700618814,-8.70151162411348,-0.028872292398455457
2025-08-09,47.14145156877189,43.29999532790116,-3.841456240870739,1.3290099568144431,1.6476947171200493,2.176113078662852,44.53659205341558,49.7463110841282,40.07051368234586,46.529476973456454,-8.106637875049929,0.42372539330845127
2025-08-10,47.081183950793026,43.274867627247865,-3.80631632354516,1.2603375383021245,1.5494127850563149,2.0471706453202683,44.61092237572086,49.55144552586519,40.238018568537484,46.311716685958245,-7.818770788372886,0.2061381412825658
2025-08-11,46.898548841373625,43.19447610024924,-3.7040727411243832,1.3535006972464592,1.511894709039208,1.9731083433619985,44.24568747477056,49.55141020797669,40.23116247053239,46.15778972996609,-7.571365094113901,0.1632196118651339
2025-08-12,46.898548841373625,43.19447610024924,-3.7040727411243832,1.3535006972464592,1.511894709039208,1.9731083433619987,44.24568747477056,49.55141020797669,40.23116247053239,46.15778972996609,-7.571365094113901,0.16321961186513434
2025-08-13,46.92729009092867,43.19591049203282,-3.7313795988958454,1.3363192758621312,1.4840088193208196,1.941567580099445,44.308104310238896,49.54647587161845,40.28725320616402,46.10456777790163,-7.5368520558907575,0.07409285809906674
2025-08-14,46.927290090928665,43.19591049203282,-3.731379598895845,1.3363192758621312,1.4840088193208196,1.9415675800994447,44.30810431023889,49.54647587161844,40.28725320616402,46.10456777790163,-7.536852055890757,0.07409285809906674
2025-08-15,46.92729009092867,43.19591049203282,-3.7313795988958454,1.3363192758621312,1.4840088193208196,1.941567580099445,44.308104310238896,49.54647587161845,40.28725320616402,46.10456777790163,-7.5368520558907575,0.07409285809906674
2025-08-16,46.927290090928665,43.19591049203282,-3.731379598895845,1.3363192758621312,1.4840088193208196,1.9415675800994447,44.30810431023889,49.54647587161844,40.28725320616402,46.10456777790163,-7.536852055890757,0.07409285809906674
2025-08-17,46.75019596731166,43.277522441936675,-3.4726735253749803,1.1351789982968143,1.2545206926391885,1.669398881402521,44.52524513064991,48.975146803973416,40.81866188436386,45.73638299950949,-6.744695332923921,-0.2006517178260392
2025-08-18,46.7810525361881,43.070453533798464,-3.710599002389635,1.0625679223542583,1.3403587144362306,1.7125246877445568,44.69841940837375,48.863685664002446,40.44335045350345,45.69755661409348,-7.067147390368966,-0.3540506144103035
2025-08-19,46.7810525361881,43.070453533798464,-3.710599002389635,1.0625679223542583,1.3403587144362306,1.7125246877445568,44.69841940837375,48.863685664002446,40.44335045350345,45.69755661409348,-7.067147390368966,-0.3540506144103035
2025-08-20,46.781052536188106,43.07045353379847,-3.7105990023896354,1.0625679223542586,1.3403587144362306,1.712524687744557,44.69841940837376,48.86368566400245,40.443350453503456,45.697556614093486,-7.067147390368968,-0.3540506144103035
2025-08-21,47.16973127262227,43.35885742874041,-3.810873843881859,1.1995263878043476,1.357987472317449,1.5490349128667655,44.81865955252575,49.52080299271879,40.69720198299821,46.020512874482606,-6.8469822731007195,-0.7747654146629985
2025-08-22,47.169731272622265,43.35885742874041,-3.810873843881859,1.1995263878043476,1.3579874723174488,1.5490349128667655,44.818659552525745,49.520802992718785,40.69720198299821,46.020512874482606,-6.8469822731007195,-0.7747654146629985
2025-08-23,47.169731272622265,43.35885742874041,-3.810873843881859,1.1995263878043476,1.357987472317449,1.5490349128667655,44.818659552525745,49.520802992718785,40.69720198299821,46.020512874482606,-6.8469822731007195,-0.7747654146629985
2025-08-24,47.073890737118724,42.93431490191362,-4.1395758352051,1.072898338389698,1.4417565110113213,1.5117764795805537,44.971009993874915,49.17677148036253,40.108472140331436,45.76015766349581,-7.102657735182985,-1.176493935227215
2025-08-25,46.973188706421205,42.96608336395288,-4.007105342468321,1.0785496723325383,1.3713046877744104,1.4871304345726326,44.85923134864943,49.08714606419298,40.27832617591504,45.653840551990726,-6.921880994230682,-1.0923296907059616
2025-08-26,46.8301898875303,43.161633493980496,-3.668556393549807,1.0637182624923782,1.3285986019431457,1.5456003937244809,44.74530209304524,48.915077682015365,40.55758023417193,45.76568675378906,-6.69793316524979,-0.6391796218498245
2025-08-27,46.830189887530295,43.16163349398049,-3.6685563935498067,1.0637182624923782,1.3285986019431457,1.5456003937244807,44.74530209304523,48.91507768201536,40.55758023417192,45.765686753789055,-6.697933165249789,-0.6391796218498245
2025-08-28,46.8301898875303,43.161633493980496,-3.668556393549807,1.0637182624923782,1.3285986019431457,1.5456003937244809,44.74530209304524,48.915077682015365,40.55758023417193,45.76568675378906,-6.69793316524979,-0.6391796218498245
2025-08-29,46.8301898875303,43.161633493980496,-3.668556393549807,1.0637182624923782,1.3285986019431457,1.5456003937244809,44.74530209304524,48.915077682015365,40.55758023417193,45.76568675378906,-6.69793316524979,-0.6391796218498245
2025-08-30,46.8301898875303,43.161633493980496,-3.6685563935498067,1.0637182624923782,1.3285986019431457,1.5456003937244807,44.74530209304524,48.915077682015365,40.55758023417193,45.76568675378906,-6.697933165249789,-0.6391796218498245
2025-08-31,46.87628936176252,42.879205023309396,-3.997084338453122,0.9960687678331087,1.3678232754397697,1.6252180704235657,44.923994576809626,48.82858414671541,40.19827140344745,45.56013864317134,-7.182511756483311,-0.8116569204229331
2025-09-01,47.08039017630263,43.14877530812288,-3.9316148681797523,1.025761445701661,1.4385069470154677,1.4715662293050977,45.06989774272737,49.09088260987789,40.32930169197256,45.9682489242732,-6.815884677617744,-1.0473450587417608
2025-09-02,46.98341126701676,42.911766461555366,-4.0716448054614,0.9973598010891522,1.463500305567427,1.3895294269390261,45.02858605688203,48.9382364771515,40.04330586264321,45.780227060467524,-6.795122482261891,-1.3481671286609087
2025-09-03,47.03002210624896,43.04722344531997,-3.982798660928984,0.9215250128486101,1.3753591622682204,1.2860909331438435,45.22383308106568,48.836211131432236,40.35151948727426,45.742927403365684,-6.503536889890917,-1.4620604319670507
2025-09-04,47.03002210624896,43.04722344531997,-3.982798660928984,0.9215250128486101,1.3753591622682204,1.2860909331438435,45.22383308106568,48.836211131432236,40.35151948727426,45.742927403365684,-6.503536889890917,-1.4620604319670507
2025-09-05,47.03002210624896,43.04722344531997,-3.9827986609289843,0.9215250128486101,1.3753591622682204,1.2860909331438437,45.22383308106568,48.836211131432236,40.35151948727426,45.742927403365684,-6.503536889890918,-1.4620604319670507
2025-09-06,47.03002210624896,43.04722344531997,-3.982798660928984,0.9215250128486101,1.3753591622682204,1.2860909331438435,45.22383308106568,48.836211131432236,40.35151948727426,45.742927403365684,-6.503536889890917,-1.4620604319670507
2025-09-07,46.6335885699195,42.75899144879765,-3.874597121121857,1.2548687905449083,1.350928903261534,1.2247025929096622,44.17404574045148,49.093131399387524,40.11117079840505,45.406812099190255,-6.275014203224795,-1.4741800390189193
2025-09-08,45.916176896282025,41.949997790854134,-3.9661791054278877,1.8230831704662052,1.9324084200751521,1.0797208920795693,42.34293388216826,49.48941991039579,38.16247728750684,45.73751829420143,-6.082432053903844,-1.8499261569519319
2025-09-09,45.916176896282025,41.94999779085414,-3.966179105427888,1.8230831704662054,1.9324084200751523,1.0797208920795696,42.34293388216826,49.48941991039579,38.162477287506846,45.737518294201436,-6.082432053903844,-1.8499261569519319
2025-09-10,46.03914830630201,42.179292234573865,-3.8598560717281494,1.7538149586112517,1.9341565541010577,1.0616307035841661,42.60167098742396,49.47662562518006,38.38834538853579,45.97023908061194,-5.940652250753114,-1.779059892703184
2025-09-11,46.38339951048843,42.31551506200006,-4.067884448488371,2.011629043073177,1.899405451990584,1.2154943519126604,42.440606586065,50.32619243491186,38.592680376098514,46.038349747901606,-6.450253378237186,-1.6855155187395567
2025-09-12,46.31968188478555,42.24600423804165,-4.073677646743908,2.0504351333776474,1.9535973609591988,1.2056131788116766,42.30082902336537,50.33853474620574,38.41695341056162,46.07505506552168,-6.436679477214794,-1.7106758162730222
2025-09-13,46.31968188478555,42.24600423804165,-4.073677646743908,2.0504351333776474,1.9535973609591988,1.2056131788116766,42.30082902336537,50.33853474620574,38.41695341056162,46.07505506552168,-6.436679477214794,-1.7106758162730222
2025-09-14,46.342283772708704,42.23132219827838,-4.110961574430329,1.9692811055562942,1.8752120467534632,1.1610822161546033,42.48249280581837,50.20207473959904,38.55590658664159,45.906737809915164,-6.3866827180933505,-1.8352404307673065
2025-09-15,46.310565493986346,42.29135586516712,-4.019209628819231,1.916229384971559,1.8330658202560972,1.1694616295399547,42.55475589944209,50.0663750885306,38.69854685746517,45.88416487286907,-6.311354422717542,-1.7270648349209203
2025-09-16,46.62690512711699,42.80306555268609,-3.8238395744308944,1.8697536049165273,1.9797692572007801,1.1575120830874923,42.962188061480596,50.29162219275339,38.922717808572564,46.68341329679962,-6.092563257282379,-1.5551158915794097
2025-09-17,46.626905127116984,42.80306555268609,-3.8238395744308944,1.8697536049165273,1.9797692572007801,1.1575120830874923,42.96218806148059,50.29162219275338,38.922717808572564,46.68341329679962,-6.092563257282379,-1.5551158915794097
2025-09-18,46.69730227881319,42.7880722814688,-3.9092299973443905,1.878165347240801,1.9481625846469854,1.2236679059910187,43.01609819822122,50.37850635940516,38.96967361556071,46.60647094737689,-6.307619093086787,-1.510840901601994
2025-09-19,46.686629609322544,42.78662091866815,-3.9000086906543947,1.8482491643915266,1.9173447290345105,1.203642418903477,43.06406124711515,50.30919797152994,39.02862524976051,46.54461658757579,-6.259147831705209,-1.5408695496035802
2025-09-20,46.68662960932254,42.78662091866814,-3.9000086906543943,1.8482491643915264,1.9173447290345103,1.203642418903477,43.06406124711515,50.309197971529926,39.0286252497605,46.54461658757578,-6.259147831705208,-1.5408695496035798
2025-09-21,46.679690754020875,42.82634293764381,-3.85334781637707,1.7496264208489367,1.8146851031846851,1.1391613510515557,43.25042296915696,50.10895853888479,39.269560135401825,46.38312573988579,-6.0861040644381195,-1.6205915683160206
2025-09-22,46.65914442161799,43.059235990142156,-3.5999084314758316,1.6624533212854369,1.6844108827228677,1.3368417034517235,43.40073591189853,49.91755293133745,39.757790660005334,46.36068132027898,-6.220118170241209,-0.9796986927104538
2025-09-23,46.659144421617995,43.05923599014216,-3.599908431475832,1.6624533212854369,1.6844108827228677,1.3368417034517235,43.400735911898536,49.917552931337454,39.75779066000534,46.360681320278985,-6.22011817024121,-0.9796986927104543
2025-09-24,46.64875292255688,43.16101776670355,-3.4877351558533283,1.5447655966566571,1.5891120338215885,1.2763181896677624,43.62101235310983,49.67649349200393,40.046358180413236,46.27567735299387,-5.989318807602142,-0.9861515041045141
2025-09-25,46.64875292255688,43.16101776670355,-3.4877351558533287,1.5447655966566571,1.5891120338215885,1.2763181896677627,43.62101235310983,49.67649349200393,40.046358180413236,46.27567735299387,-5.989318807602143,-0.9861515041045141
2025-09-26,46.64875292255688,43.16101776670355,-3.4877351558533283,1.5447655966566571,1.5891120338215885,1.2763181896677627,43.62101235310983,49.67649349200393,40.046358180413236,46.27567735299387,-5.989318807602142,-0.9861515041045137
2025-09-27,46.799687511896366,43.43142886862415,-3.368258643272211,1.453718854606796,1.5771720636677002,1.19836312685957,43.95039855686704,49.64897646692569,40.34017162383546,46.522686113412846,-5.717050371916969,-1.0194669146274538
2025-09-28,46.67843220917656,43.40145346277983,-3.2769787463967357,1.4310791231351132,1.5038697239124543,1.162486893259265,43.87351712783174,49.48334729052139,40.45386880391142,46.349038121648235,-5.555453057184895,-0.9985044356085764
2025-09-29,46.696035729507734,43.306230950611564,-3.389804778896174,1.3493195247836554,1.4508164091528313,1.1558888582237308,44.05136946093177,49.3407019980837,40.462630788672016,46.14983111255111,-5.655346941014686,-1.1242626167776617
2025-09-30,46.696035729507734,43.306230950611564,-3.389804778896174,1.3493195247836554,1.4508164091528313,1.1558888582237308,44.05136946093177,49.3407019980837,40.462630788672016,46.14983111255111,-5.655346941014686,-1.1242626167776617
2025-10-01,46.69603572950774,43.306230950611564,-3.3898047788961745,1.3493195247836554,1.4508164091528313,1.1558888582237308,44.051369460931774,49.34070199808371,40.462630788672016,46.14983111255111,-5.655346941014686,-1.1242626167776621
2025-10-02,46.69603572950774,43.306230950611564,-3.3898047788961745,1.3493195247836554,1.4508164091528313,1.1558888582237308,44.051369460931774,49.34070199808371,40.462630788672016,46.14983111255111,-5.655346941014686,-1.1242626167776621
2025-10-03,46.696035729507734,43.306230950611564,-3.389804778896174,1.3493195247836554,1.4508164091528313,1.1558888582237308,44.05136946093177,49.3407019980837,40.462630788672016,46.14983111255111,-5.655346941014686,-1.1242626167776617
2025-10-04,46.696035729507734,43.306230950611564,-3.389804778896174,1.3493195247836554,1.4508164091528313,1.1558888582237308,44.05136946093177,49.3407019980837,40.462630788672016,46.14983111255111,-5.655346941014686,-1.1242626167776617
2025-10-05,46.856801578909064,43.269986644864794,-3.5868149340442623,1.3287217859516671,1.3270389914744645,1.195807700420217,44.252506878443796,49.46109627937433,40.668990221574845,45.87098306815474,-5.930598026867887,-1.243031841220637
2025-10-06,47.046398125404075,43.14483847868856,-3.9015596467155076,1.146662725489301,1.2133397656536078,1.1717244222336582,44.79893918344504,49.293857067363106,40.76669253800749,45.522984419369635,-6.198139514293478,-1.6049797791375373
2025-10-07,47.046398125404075,43.14483847868857,-3.901559646715508,1.1466627254893011,1.2133397656536078,1.1717244222336582,44.79893918344504,49.293857067363106,40.7666925380075,45.52298441936964,-6.198139514293478,-1.6049797791375378
2025-10-08,46.95946754901417,43.25472731386229,-3.7047402351518812,1.2438411451325078,1.1394039903353474,1.2512474994595881,44.521538904554454,49.39739619347389,41.02149549280501,45.48795913491957,-6.157185334092674,-1.2522951362110883
2025-10-09,46.95946754901417,43.25472731386229,-3.7047402351518812,1.2438411451325075,1.1394039903353474,1.2512474994595881,44.521538904554454,49.39739619347389,41.02149549280501,45.48795913491957,-6.157185334092674,-1.2522951362110883
2025-10-10,46.95946754901418,43.2547273138623,-3.7047402351518817,1.2438411451325078,1.1394039903353474,1.2512474994595881,44.52153890455446,49.397396193473895,41.021495492805016,45.48795913491958,-6.1571853340926745,-1.2522951362110888
2025-10-11,46.95946754901417,43.25472731386229,-3.7047402351518812,1.2438411451325075,1.1394039903353474,1.2512474994595881,44.521538904554454,49.39739619347389,41.02149549280501,45.48795913491957,-6.157185334092674,-1.2522951362110883
2025-10-12,46.8409265862355,43.43860916603998,-3.402317420195513,1.1786624097429828,1.1342407335348923,1.353595420054578,44.53074826313925,49.15110490933174,41.21549732831159,45.66172100376837,-6.055364443502485,-0.7492703968885404
2025-10-13,46.77416910681637,43.357157580432236,-3.417011526384136,1.1671043927294478,1.1411858643131123,1.3051722731995723,44.486644497066656,49.06169371656609,41.120433286378535,45.59388187448594,-5.975149181855297,-0.8588738709129742
2025-10-14,46.74260780190277,43.42954075231727,-3.3130670495854986,1.0912285209481836,1.080525624474093,1.2462350626059717,44.60379990084433,48.88141570296121,41.31171052834805,45.547370976286494,-5.755687772293204,-0.870446326877794
2025-10-15,46.53088392894059,43.053749229377225,-3.477134699563365,1.2175154883643364,1.5295755416252397,1.2824187697987732,44.14455357174649,48.91721428613469,40.05578116779176,46.05171729096269,-5.990675488368961,-0.9635939107577696
2025-10-16,46.627384845327235,43.14322340529315,-3.484161440034087,1.1830877763228589,1.464790361655368,1.2281059274928046,44.30853280373443,48.94623688692004,40.27223429644863,46.01421251413767,-5.891249057919984,-1.07707382214819
2025-10-17,46.627384845327235,43.14322340529315,-3.484161440034087,1.1830877763228589,1.464790361655368,1.2281059274928048,44.30853280373443,48.94623688692004,40.27223429644863,46.01421251413767,-5.891249057919984,-1.0770738221481895
2025-10-18,46.62738484532723,43.14322340529315,-3.4841614400340863,1.1830877763228589,1.464790361655368,1.2281059274928046,44.30853280373442,48.94623688692003,40.27223429644863,46.01421251413767,-5.891249057919984,-1.0770738221481895
2025-10-19,46.74253492099027,43.04118506892189,-3.7013498520683803,1.1907536799474319,1.3960542049367122,1.2673488572112315,44.408657708293305,49.07641213368724,40.304918827245935,45.77745131059785,-6.185353612202394,-1.2173460919343668
2025-10-20,47.0969135332914,42.71384912916946,-4.383064404121935,1.2009948976874787,1.2377949948971696,1.4345375141994692,44.74296353382394,49.45086353275886,40.28777093917101,45.13992731916791,-7.1947579319528945,-1.5713708762909757
2025-10-21,47.09691353329139,42.71384912916946,-4.383064404121934,1.2009948976874787,1.2377949948971696,1.4345375141994692,44.74296353382393,49.45086353275885,40.28777093917101,45.13992731916791,-7.194757931952894,-1.5713708762909748
2025-10-22,47.0969135332914,42.71384912916947,-4.383064404121935,1.2009948976874787,1.2377949948971696,1.4345375141994692,44.74296353382394,49.45086353275886,40.28777093917102,45.13992731916792,-7.1947579319528945,-1.5713708762909757
2025-10-23,47.08655847447656,42.94833204751174,-4.138226426964821,1.1506557200510028,1.438022507407882,1.6102836406769971,44.8312732631766,49.341843685776524,40.12980793299229,45.76685616203119,-7.294382362691735,-0.982070491237907
2025-10-24,47.08655847447656,42.94833204751174,-4.138226426964821,1.1506557200510028,1.438022507407882,1.6102836406769971,44.8312732631766,49.341843685776524,40.12980793299229,45.76685616203119,-7.294382362691735,-0.982070491237907
2025-10-25,47.08655847447656,42.94833204751174,-4.138226426964821,1.150655720051003,1.438022507407882,1.6102836406769971,44.8312732631766,49.341843685776524,40.12980793299229,45.76685616203119,-7.294382362691735,-0.982070491237907
2025-10-26,47.01189866969243,42.880333220303804,-4.13156544938862,1.1465068173279236,1.3534872708874042,1.5516407559544074,44.7647453077297,49.25905203165516,40.227498169364495,45.53316827124311,-7.172781331059259,-1.0903495677179813
2025-10-27,46.98447039774002,42.83270274434358,-4.151767653396445,1.1245021696572015,1.3075267707942873,1.51518436853285,44.780446145211904,49.18849465026813,40.26995027358677,45.395455215100384,-7.1215290157208315,-1.1820062910720588
2025-10-28,47.41267314081837,42.808098877348115,-4.604574263470259,1.6270664628352556,1.982484017890827,1.9009723805040306,44.22362287366127,50.60172340797547,38.922430202282094,46.69376755241414,-8.33048012925816,-0.8786683976823593
2025-10-29,47.345633073984594,42.925369610986216,-4.4202634629983795,1.5868018629337344,2.1112954250262237,2.017305205133476,44.23550142263448,50.45576472533471,38.78723057793482,47.06350864403761,-8.374181665059993,-0.46634526093676687
2025-10-30,47.202224219451956,43.00596024956463,-4.19626396988733,1.5780212985439563,1.9957975170111923,2.0546941889724426,44.1093024743058,50.29514596459811,39.094197116222695,46.917723382906566,-8.223464580273317,-0.169063359501342
2025-10-31,47.20222421945196,43.00596024956464,-4.1962639698873305,1.5780212985439566,1.9957975170111926,2.0546941889724426,44.10930247430581,50.29514596459812,39.0941971162227,46.91772338290657,-8.223464580273319,-0.16906335950134288
2025-11-01,47.20222421945196,43.00596024956463,-4.19626396988733,1.5780212985439563,1.9957975170111926,2.0546941889724426,44.10930247430581,50.29514596459812,39.094197116222695,46.917723382906566,-8.223464580273317,-0.169063359501342
2025-11-02,47.12686182887791,42.98596265392539,-4.140899174952518,1.5589576433638217,1.9199066549998978,2.023912138840689,44.07130484788482,50.182418809870995,39.22294561012559,46.74897969772519,-8.107766967080268,-0.17403138282476815
2025-11-03,47.11558806956129,42.99927249345814,-4.116315576103144,1.5208113723173633,1.8732319950693708,1.9747036483289255,44.13479777981926,50.09637835930332,39.327737783122174,46.67080720379411,-7.986734726827838,-0.2458964253784499
2025-11-04,46.918188420857,42.89487515747552,-4.023313263381489,1.5546579196841472,1.797326392658917,1.892621223193907,43.87105889827607,49.96531794343793,39.37211542786404,46.417634887087,-7.7328508608415465,-0.31377566592143147
2025-11-05,46.918188420857,42.89487515747551,-4.023313263381489,1.5546579196841472,1.7973263926589167,1.8926212231939068,43.87105889827607,49.96531794343793,39.37211542786403,46.41763488708699,-7.7328508608415465,-0.3137756659214319
2025-11-06,47.29742949385382,42.85304213699135,-4.4443873568624745,1.731009677082147,1.6738718343877665,2.0455913333912856,43.90465052677281,50.69020846093483,39.57225334159133,46.13383093239137,-8.453746370309394,-0.43502834341555463
2025-11-07,47.29742949385382,42.85304213699135,-4.4443873568624745,1.731009677082147,1.6738718343877665,2.0455913333912856,43.90465052677281,50.69020846093483,39.57225334159133,46.13383093239137,-8.453746370309394,-0.43502834341555463
2025-11-08,47.29742949385382,42.85304213699135,-4.4443873568624745,1.731009677082147,1.6738718343877665,2.0455913333912856,43.90465052677281,50.69020846093483,39.57225334159133,46.13383093239137,-8.453746370309394,-0.43502834341555463
2025-11-09,47.41209264892966,42.81390218389355,-4.598190465036102,1.7909821746482997,1.6024775445536796,2.0431001037381464,43.90176758661899,50.92241771124033,39.67304619656834,45.954758171218764,-8.602666668362868,-0.5937142617093345
2025-11-10,47.64622731492395,42.83914637364112,-4.8070809412828295,1.7172236745032206,1.5564385273040962,1.995081552902629,44.28046891289763,51.011985716950264,39.788526860125096,45.88976588715715,-8.717440784971982,-0.896721097593677
2025-11-11,47.593281052924084,42.828720031635285,-4.764561021288794,1.7002413966875771,1.524556822807792,1.9637964789702484,44.260807915416436,50.92575419043173,39.84058865893201,45.81685140433856,-8.613602120070482,-0.9155199225071073
2025-11-12,47.6089516305574,42.85195505085913,-4.756996579698265,1.5327333293180045,1.4287454558170125,1.8211127595164331,44.60479430509411,50.61310895602069,40.05161395745779,45.652296144260475,-8.326377588350475,-1.1876155710460563
2025-11-13,48.007003305332354,42.72217373425949,-5.284829571072863,1.8542423564797577,1.4026139913062956,2.305936966934516,44.37268828663203,51.64131832403268,39.973050311299154,45.47129715721983,-9.804466026264514,-0.7651931158812113
2025-11-14,48.01408074744377,42.664817939905255,-5.34926280753852,1.8225941973075548,1.3755592940293278,2.311703733937572,44.441796120720966,51.586365374166576,39.96872172360777,45.36091415620274,-9.880202126056162,-0.8183234890208784
2025-11-15,48.01408074744378,42.664817939905255,-5.349262807538521,1.822594197307555,1.375559294029328,2.3117037339375726,44.44179612072097,51.58636537416658,39.96872172360777,45.36091415620274,-9.880202126056163,-0.8183234890208784
2025-11-16,47.96352219188098,42.74262463436582,-5.220897557515159,1.7685068443690726,1.344821247230781,2.2490268745719297,44.4972487769176,51.429795606844365,40.106774989793486,45.37847427893815,-9.628990231676141,-0.8128048833541772
2025-11-17,47.748000229015176,42.54796749869286,-5.200032730322312,1.7535083049998856,1.2880838074435472,2.004590763812173,44.3111239512154,51.18487650681495,40.02332323610351,45.07261176128222,-9.12903062739417,-1.2710348332504533
2025-11-18,47.74800022901518,42.54796749869287,-5.200032730322312,1.7535083049998859,1.2880838074435472,2.004590763812173,44.31112395121541,51.18487650681496,40.023323236103515,45.072611761282225,-9.12903062739417,-1.2710348332504533
2025-11-19,47.748000229015176,42.54796749869287,-5.200032730322312,1.7535083049998856,1.2880838074435472,2.004590763812173,44.3111239512154,51.18487650681495,40.023323236103515,45.072611761282225,-9.12903062739417,-1.2710348332504533
2025-11-20,47.879532318653204,42.880299182618934,-4.9992331360342694,1.7503509280606184,1.721755054073897,2.0694101171949186,44.44884449965439,51.31022013765202,39.5056592766341,46.25493908860377,-9.05527696573631,-0.9431893063322292
2025-11-21,47.879532318653204,42.88029918261894,-4.9992331360342694,1.7503509280606184,1.721755054073897,2.0694101171949186,44.44884449965439,51.31022013765202,39.505659276634105,46.25493908860378,-9.05527696573631,-0.9431893063322292
2025-11-22,47.879532318653204,42.880299182618934,-4.9992331360342694,1.7503509280606184,1.721755054073897,2.0694101171949186,44.44884449965439,51.31022013765202,39.5056592766341,46.25493908860377,-9.05527696573631,-0.9431893063322292
2025-11-23,47.79386294714061,42.832026818549046,-4.961836128591564,1.6873691319440376,1.650985543910326,1.9691297784371773,44.4866194485303,51.10110644575092,39.59609515248481,46.067958484613285,-8.821330494328432,-1.1023417628546968
2025-11-24,47.663407050298595,42.68868886574869,-4.974718184549905,1.6414105978411002,1.6129316442081336,1.8754655975537982,44.446242278530036,50.880571822067154,39.52734284310075,45.85003488839663,-8.65063075575535,-1.2988056133444612
2025-11-25,47.61416604152844,42.661800756666864,-4.952365284861578,1.6534467532027555,1.6036589573587008,1.8592537038490988,44.37341040525104,50.85492167780584,39.51862920024381,45.80497231308992,-8.596502544405812,-1.3082280253173444
2025-11-26,47.77368450314674,42.7991065510117,-4.974577952135047,1.6227706167951874,1.5609459979380873,1.7539906061439867,44.59305409422817,50.95431491206531,39.73965239505304,45.85856070697035,-8.412399540177262,-1.5367563640928332
2025-11-27,47.77368450314674,42.7991065510117,-4.974577952135047,1.6227706167951874,1.5609459979380873,1.7539906061439867,44.59305409422817,50.95431491206531,39.73965239505304,45.85856070697035,-8.412399540177262,-1.5367563640928332
2025-11-28,47.77368450314675,42.7991065510117,-4.974577952135047,1.6227706167951876,1.5609459979380873,1.753990606143987,44.59305409422818,50.954314912065314,39.73965239505304,45.85856070697035,-8.412399540177262,-1.5367563640928328
2025-11-29,47.77368450314674,42.7991065510117,-4.974577952135047,1.6227706167951874,1.5609459979380873,1.753990606143987,44.59305409422817,50.95431491206531,39.73965239505304,45.85856070697035,-8.412399540177262,-1.5367563640928328
2025-11-30,47.66398385345716,42.66067496533426,-5.0033088881229055,1.5597325760219067,1.525278258177575,1.6704941957009258,44.606908004454226,50.721059702460096,39.67112957930621,45.65022035136231,-8.27747751169672,-1.7291402645490908
2025-12-01,47.69263953457669,42.563359013193676,-5.1292805213830155,1.5081375189480737,1.5300009062205162,1.6802939152459342,44.73668999743847,50.648589071714916,39.564557237001466,45.562160789385885,-8.422656595265046,-1.8359044475009845
2025-12-02,47.692639534576685,42.563359013193676,-5.1292805213830155,1.5081375189480737,1.530000906220516,1.680293915245934,44.73668999743846,50.64858907171491,39.564557237001466,45.562160789385885,-8.422656595265046,-1.835904447500985
2025-12-03,47.69263953457669,42.563359013193676,-5.1292805213830155,1.5081375189480737,1.5300009062205162,1.6802939152459342,44.73668999743847,50.648589071714916,39.564557237001466,45.562160789385885,-8.422656595265046,-1.8359044475009845
2025-12-04,47.37843183733308,43.069183720109656,-4.309248117223424,1.5748483741989103,1.8441635082632803,2.4770392250499484,44.291729023903216,50.46513465076295,39.45462324391363,46.68374419630568,-9.164244998321323,0.5457487638744745
2025-12-05,47.357362810252546,43.01693787612247,-4.340424934130076,1.556261050668671,1.8415071114840418,2.4466911581221846,44.30709115094195,50.40763446956314,39.40758393761375,46.62629181463119,-9.135939604049558,0.4550897357894055
2025-12-06,47.35736281025254,43.01693787612247,-4.340424934130076,1.556261050668671,1.8415071114840418,2.4466911581221846,44.30709115094194,50.407634469563135,39.40758393761375,46.62629181463119,-9.135939604049558,0.4550897357894055
2025-12-07,47.41384427526372,42.98863230962658,-4.425211965637141,1.3656315379103265,1.5705955301789418,2.1198902004884133,44.73720646095948,50.09048208956796,39.91026507047586,46.066999548777304,-8.58019675859443,-0.2702271726798511
2025-12-08,47.18947509007364,42.78653723171755,-4.402937858356089,1.3503025181938426,1.6004609662771982,1.8567574492171735,44.54288215441371,49.836068025733574,39.64963373781424,45.923440725620864,-8.042182458821749,-0.763693257890429
2025-12-09,47.189475090073635,42.786537231717546,-4.402937858356088,1.3503025181938424,1.600460966277198,1.8567574492171735,44.542882154413704,49.83606802573357,39.649633737814234,45.92344072562086,-8.042182458821749,-0.7636932578904281
2025-12-10,46.998886849820686,42.888901553157865,-4.109985296662824,1.424454523292247,1.56965858045145,2.0157375184862043,44.206955984167884,49.79081771547349,39.812370735473024,45.965432370842706,-8.060830832895785,-0.15913976042986366
2025-12-11,46.987531324693684,42.88333850028212,-4.104192824411563,1.346691450457623,1.5108862446274962,1.9303743260730635,44.34801608179674,49.627046567590625,39.922001460812226,45.84467553975202,-7.8877265035147675,-0.32065914530835915
2025-12-12,46.987531324693684,42.88333850028212,-4.104192824411563,1.346691450457623,1.5108862446274962,1.9303743260730635,44.34801608179674,49.627046567590625,39.922001460812226,45.84467553975202,-7.8877265035147675,-0.32065914530835915
2025-12-13,46.987531324693684,42.88333850028212,-4.104192824411563,1.346691450457623,1.510886244627496,1.9303743260730635,44.34801608179674,49.627046567590625,39.92200146081223,45.84467553975201,-7.8877265035147675,-0.32065914530835915
2025-12-14,46.95782141558144,42.89794077393658,-4.059880641644865,1.300798924064405,1.4580995383528206,1.8664410568828398,44.40825552441521,49.507387306747674,40.04006567876505,45.75581586910811,-7.7181051131352305,-0.40165617015449895
2025-12-15,46.84421267746246,42.8514987945311,-3.9927138829313535,1.0995699001936425,1.4628215492991583,1.7258160021172022,44.68905567308292,48.999369681842,39.98436855790475,45.718629031157455,-7.37531324708107,-0.6101145187816375
2025-12-16,46.83298245255911,42.843576937473706,-3.989405515085402,1.0879511111633304,1.4353320188204701,1.6942366736202799,44.70059827467898,48.965366630439235,40.03032618058558,45.65682769436183,-7.310109395381151,-0.6687016347896537
2025-12-17,46.85133384036607,42.81194895446581,-4.039384885900255,1.0892820331787971,1.4461788435747198,1.7273773563622499,44.716341055335626,48.98632662539651,39.97743842105936,45.646459487872264,-7.425044504370264,-0.6537252674302447
2025-12-18,46.85133384036607,42.81194895446581,-4.039384885900254,1.0892820331787971,1.4461788435747198,1.7273773563622496,44.716341055335626,48.98632662539651,39.97743842105936,45.646459487872264,-7.425044504370263,-0.6537252674302443
2025-12-19,47.36858156387078,42.312101642929484,-5.056479920941292,1.5054973979233224,1.7572313637933183,2.7733310470699566,44.417806663941064,50.31935646380049,38.86792816989458,45.756275115964385,-10.492208773198406,0.37924893131582316
2025-12-20,47.36858156387078,42.312101642929484,-5.056479920941292,1.5054973979233224,1.7572313637933183,2.7733310470699566,44.417806663941064,50.31935646380049,38.86792816989458,45.756275115964385,-10.492208773198406,0.37924893131582316
2025-12-21,47.47044887399317,42.31076575165132,-5.159683122341853,1.5050147935151197,1.6873172003513024,2.673628135810068,44.520619878703535,50.420277869282806,39.00362403896276,45.61790746433987,-10.399994268529586,0.08062802384587986
2025-12-22,47.3889856008191,42.30841172365651,-5.080573877162588,1.505440298290124,1.637487406371834,2.6223274558716936,44.43832261617045,50.33964858546774,39.09893640716772,45.517887040145304,-10.220335690671106,0.059187936345931114
2025-12-23,47.3889856008191,42.308411723656505,-5.080573877162588,1.505440298290124,1.637487406371834,2.6223274558716936,44.43832261617045,50.33964858546774,39.09893640716771,45.5178870401453,-10.220335690671106,0.059187936345931114
2025-12-24,47.38898560081909,42.308411723656505,-5.080573877162588,1.505440298290124,1.637487406371834,2.6223274558716936,44.438322616170446,50.339648585467735,39.09893640716771,45.5178870401453,-10.220335690671106,0.059187936345931114
2025-12-25,47.3889856008191,42.30841172365651,-5.080573877162588,1.5054402982901243,1.637487406371834,2.6223274558716936,44.43832261617045,50.33964858546774,39.09893640716772,45.517887040145304,-10.220335690671106,0.059187936345931114
2025-12-26,47.3889856008191,42.30841172365651,-5.080573877162589,1.5054402982901243,1.637487406371834,2.6223274558716936,44.43832261617045,50.33964858546774,39.09893640716772,45.517887040145304,-10.220335690671108,0.059187936345930225
2025-12-27,47.3889856008191,42.30841172365651,-5.080573877162588,1.505440298290124,1.637487406371834,2.6223274558716936,44.43832261617045,50.33964858546774,39.09893640716772,45.517887040145304,-10.220335690671106,0.059187936345931114
2025-12-28,47.29499263530035,42.417858779317676,-4.87713385598268,1.4640839098805027,1.6080070317264903,2.590149450820493,44.42538817193457,50.164597098666135,39.26616499713376,45.569552561501595,-9.953826779590846,0.19955906762548636
2025-12-29,47.105390052551975,42.227830971527965,-4.877559081024007,1.554520728329105,1.67596171973684,2.49019040832548,44.05852942502693,50.15225068007702,38.94294600084376,45.51271594221217,-9.758332281341948,0.0032141192939345586
2025-12-30,47.105390052551975,42.227830971527965,-4.877559081024007,1.554520728329105,1.67596171973684,2.49019040832548,44.05852942502693,50.15225068007702,38.94294600084376,45.51271594221217,-9.758332281341948,0.0032141192939345586
2025-12-31,47.105390052551975,42.227830971527965,-4.877559081024006,1.5545207283291047,1.67596171973684,2.49019040832548,44.05852942502693,50.15225068007702,38.94294600084376,45.51271594221217,-9.758332281341946,0.003214119293935447
2026-01-01,47.158130941353726,42.11501338067026,-5.043117560683462,1.5490515472548436,1.7458997247711663,2.5885199398530108,44.121989908734236,50.194271973973215,38.693049920118774,45.53697684122175,-10.116616642795364,0.030381521428439306
2026-01-02,47.158130941353726,42.11501338067026,-5.043117560683463,1.5490515472548436,1.7458997247711665,2.588519939853011,44.121989908734236,50.194271973973215,38.693049920118774,45.53697684122175,-10.116616642795364,0.030381521428439306
2026-01-03,47.158130941353726,42.11501338067026,-5.043117560683463,1.5490515472548438,1.7458997247711665,2.588519939853011,44.12198990873423,50.19427197397322,38.693049920118774,45.53697684122175,-10.116616642795364,0.030381521428439306
2026-01-04,47.054296696831365,42.0792306521054,-4.975066044725959,1.416570676627342,1.5784783069091421,2.350056367895991,44.27781817064177,49.83077522302096,38.98541317056348,45.17304813364732,-9.5811765258021,-0.3689555636498172
2026-01-05,47.16710664715676,41.99412916678531,-5.172977480371451,1.3556370118223962,1.5243201846116337,2.309042742315112,44.51005810398486,49.82415519032865,39.0064616049465,44.98179672862411,-9.698701255309071,-0.6472537054338323
2026-01-06,47.167106647156764,41.994129166785314,-5.172977480371452,1.3556370118223964,1.5243201846116337,2.309042742315112,44.51005810398487,49.82415519032866,39.00646160494651,44.98179672862412,-9.698701255309071,-0.6472537054338332
2026-01-07,47.16710664715676,41.99412916678531,-5.172977480371451,1.3556370118223962,1.5243201846116337,2.3090427423151114,44.51005810398486,49.82415519032865,39.0064616049465,44.98179672862411,-9.69870125530907,-0.6472537054338332
2026-01-08,47.5229995562155,42.51972183240574,-5.003277723809766,1.2134961038261496,1.4279916116882252,1.8565192086556863,45.144547192716246,49.90145191971476,39.72085827349682,45.31858539131466,-8.64205537277491,-1.3645000748446203
2026-01-09,47.5229995562155,42.519721832405736,-5.003277723809766,1.2134961038261496,1.4279916116882252,1.8565192086556863,45.144547192716246,49.90145191971476,39.720858273496816,45.318585391314656,-8.64205537277491,-1.3645000748446203
2026-01-10,47.5229995562155,42.519721832405736,-5.003277723809766,1.2134961038261496,1.4279916116882252,1.8565192086556863,45.144547192716246,49.90145191971476,39.720858273496816,45.318585391314656,-8.64205537277491,-1.3645000748446203
2026-01-11,47.544774387020965,42.58409043512345,-4.96068395189752,1.1429586464984465,1.3598499922834326,1.7581444403615407,45.30457543988401,49.78497333415792,39.91878445024792,45.24939641999898,-8.40664705500614,-1.5147208487889006
2026-01-12,47.500739603802536,42.63544254113328,-4.865297062669258,1.038194078731137,1.198970317661919,1.6105562702558298,45.46587920948951,49.535599998115565,40.28546071851592,44.98542436375064,-8.021987352370685,-1.708606772967832
2026-01-13,47.417722601552136,42.59747693901085,-4.8202456625412875,1.0357168521716242,1.1571424819833585,1.5206721117540696,45.38771757129575,49.44772763180852,40.32947767432347,44.865476203698236,-7.800763001579264,-1.8397283235033113
2026-01-14,47.56710382836956,42.627480156713936,-4.939623671655629,1.1219101907682045,1.1166474600458371,1.5186523578043274,45.36815985446388,49.76604780227524,40.438851135024095,44.81610917840378,-7.916182292952111,-1.9630650503591474
2026-01-15,47.73719837310705,42.64229473593005,-5.094903637177,1.1779538120060589,1.0594588063017747,1.5120412302707447,45.428408901575175,50.04598784463892,40.56575547557857,44.71883399628153,-8.058504448507659,-2.13130282584634
2026-01-16,47.73719837310705,42.64229473593005,-5.094903637177,1.1779538120060589,1.0594588063017745,1.5120412302707444,45.428408901575175,50.04598784463892,40.56575547557857,44.71883399628153,-8.058504448507659,-2.1313028258463405
2026-01-17,47.873290904079376,42.670689041071356,-5.202601863008016,1.1210988689375143,0.9714958097561476,1.4048382961566452,45.67593712096185,50.0706446871969,40.76655725394931,44.5748208281934,-7.95608492347504,-2.4491188025409913
2026-01-18,47.79424605914885,42.64570651085309,-5.148539548295757,1.1098122129984136,0.9448115698099923,1.3572363260125142,45.61901412167196,49.969477996625734,40.793875834025506,44.49753718768067,-7.808722747280285,-2.488356349311229
2026-01-19,47.67052940355726,42.63052919393474,-5.040000209622521,1.0743837301018506,0.9724839541501008,1.2301207489934345,45.56473729255763,49.77632151455689,40.72446064380054,44.53659774406894,-7.451036877649653,-2.6289635415953896
2026-01-20,47.73855750987422,42.66575772282066,-5.072799787053565,1.094741794742772,0.9733259173555168,1.2284751642706282,45.59286359217839,49.88425142757005,40.75803892480384,44.573476520837474,-7.480611109023997,-2.664988465083134
2026-01-21,47.73855750987422,42.66575772282066,-5.072799787053565,1.094741794742772,0.9733259173555168,1.2284751642706282,45.59286359217839,49.88425142757005,40.75803892480384,44.573476520837474,-7.480611109023997,-2.664988465083134
2026-01-22,47.89861282801266,42.43662911627873,-5.461983711733929,1.127731912147896,1.137716773435688,1.5875652602401207,45.68825828020278,50.10896737582254,40.206704240344784,44.66655399221268,-8.573611621804565,-2.350355801663292
2026-01-23,47.89861282801266,42.43662911627873,-5.461983711733929,1.127731912147896,1.137716773435688,1.5875652602401207,45.68825828020278,50.10896737582254,40.206704240344784,44.66655399221268,-8.573611621804565,-2.350355801663292
2026-01-24,47.89861282801265,42.43662911627872,-5.461983711733928,1.1277319121478957,1.137716773435688,1.5875652602401205,45.688258280202774,50.10896737582253,40.20670424034478,44.66655399221267,-8.573611621804563,-2.3503558016632917
2026-01-25,47.79782038793362,42.379471827320366,-5.418348560613253,1.1026929149680547,1.1517243595051008,1.5864927040829897,45.63654227459623,49.95909850127101,40.122092082690365,44.636851571950366,-8.527874260615913,-2.3088228606105927
2026-01-26,47.41845400913345,41.962393331913376,-5.456060677220071,1.9297434153872257,1.5684558486929547,1.4681350294093778,43.636156914974485,51.20075110329241,38.88821986847518,45.03656679535157,-8.333605334862451,-2.5785160195776906
2026-01-27,47.44842573029099,41.99474285918058,-5.453682871110408,1.8967922032065125,1.5502871509716882,1.4559125499657466,43.73071301200623,51.16613844857576,38.95618004327608,45.03330567508509,-8.307271469043272,-2.600094273177545
2026-01-28,47.644698897795934,42.0869836146872,-5.557715283108737,1.7983549888353216,1.4293782674004099,1.357655189198107,44.1199231196787,51.169474675913165,39.2854022105824,44.888565018792,-8.218719453937027,-2.8967111122804474
2026-01-29,47.70021366372366,42.016218152832444,-5.683995510891214,1.8279892237582798,1.342045186999531,1.403559994422748,44.11735478515743,51.28307254228989,39.385809586313364,44.646626719351524,-8.4349730999598,-2.9330179218226284
2026-01-30,47.67425223443576,42.0094499397959,-5.664802294639864,1.78711770015834,1.3125556127359357,1.3748837014693016,44.17150154212542,51.177002926746106,39.43684093883346,44.58205894075834,-8.359574349519695,-2.970030239760033
2026-01-31,47.67425223443576,42.0094499397959,-5.664802294639864,1.78711770015834,1.3125556127359357,1.3748837014693016,44.17150154212542,51.177002926746106,39.43684093883346,44.58205894075834,-8.359574349519695,-2.970030239760033
2026-02-01,47.692687926192306,42.0050065205531,-5.6876814056392035,1.7710041575650748,1.2634031571421496,1.3799683832845038,44.22151977736476,51.16385607501985,39.52873633255449,44.48127670855172,-8.392419436876832,-2.982943374401576
2026-02-02,47.659728433760115,42.01572270221408,-5.644005731546039,1.734722048415771,1.2291256552401564,1.3607761838610977,44.2596732188652,51.05978364865503,39.60663641794337,44.424808986484784,-8.31112705191379,-2.9768844111782875
2026-02-03,47.65972843376011,42.01572270221407,-5.644005731546038,1.734722048415771,1.2291256552401562,1.3607761838610977,44.259673218865196,51.05978364865502,39.60663641794336,44.42480898648478,-8.31112705191379,-2.9768844111782866
2026-02-04,47.63488533038712,42.095044875967645,-5.539840454419476,1.6726473889138844,1.2176668766179006,1.3557109855562701,44.356496448115905,50.91327421265834,39.70841779779656,44.48167195413873,-8.197033986109766,-2.8826469227291867
2026-02-05,47.667637572293465,42.05074209465061,-5.616895477642854,1.6199996363031475,1.1875324093366157,1.3403691193288865,44.49243828513929,50.84283685944764,39.72317857235084,44.37830561695038,-8.24401895152747,-2.9897720037582363
2026-02-06,47.667637572293465,42.05074209465061,-5.616895477642854,1.6199996363031475,1.1875324093366157,1.3403691193288865,44.49243828513929,50.84283685944764,39.72317857235084,44.37830561695038,-8.24401895152747,-2.9897720037582363
2026-02-07,47.667637572293465,42.050742094650616,-5.616895477642854,1.6199996363031475,1.1875324093366157,1.3403691193288865,44.49243828513929,50.84283685944764,39.72317857235085,44.378305616950385,-8.24401895152747,-2.9897720037582363
2026-02-08,47.66588951745043,42.048678744106724,-5.617210773343711,1.5648146553425883,1.1493261875462468,1.291298997793243,44.59885279297896,50.7329262419219,39.79599941651608,44.301358071697365,-8.148156809018467,-3.0862647376689547
2026-02-09,47.62272126279635,41.875375148311534,-5.747346114484812,1.4976540232060969,1.2099285890015106,1.272063191223088,44.6873193773124,50.558123148280295,39.50391511386857,44.246835182754495,-8.240589969282064,-3.25410225968756
2026-02-10,47.89818195725062,42.02015639435774,-5.87802556289288,1.4499753761921443,1.1390302518360889,1.2201745357815206,45.05623021991402,50.74013369458722,39.787657100759006,44.25265568795648,-8.26956765302466,-3.4864834727611
2026-02-11,47.89818195725062,42.02015639435774,-5.87802556289288,1.4499753761921443,1.1390302518360889,1.2201745357815206,45.05623021991402,50.74013369458722,39.787657100759006,44.25265568795648,-8.26956765302466,-3.4864834727611
2026-02-12,47.70396256924909,42.42383409925654,-5.280128469992556,1.399964802181878,1.3789804911355112,1.7628076931219332,44.96003155697261,50.44789358152558,39.721032336630934,45.12663586188214,-8.735231548511546,-1.8250253914735675
2026-02-13,47.717702213022186,42.40159814923048,-5.3161040637917045,1.3825207433772242,1.3670422567751581,1.7520098730023141,45.007961556002826,50.427442870041546,39.72219532595117,45.08100097250979,-8.75004341487624,-1.8821647127071688
2026-02-14,47.717702213022186,42.40159814923048,-5.3161040637917045,1.3825207433772242,1.3670422567751581,1.7520098730023141,45.007961556002826,50.427442870041546,39.72219532595117,45.08100097250979,-8.75004341487624,-1.8821647127071688
2026-02-15,47.71323241663152,42.38402823381714,-5.32920418281438,1.3407556379487258,1.3277123770762587,1.6989768279406217,45.08535136625202,50.34111346701102,39.78171197474767,44.98634449288661,-8.659198765578,-1.999209600050762
2026-02-16,47.87287986617418,42.27102170592356,-5.601858160250621,1.3762008460130646,1.2782273409117908,1.742974503479908,45.175526207988575,50.570233524359786,39.76569611773645,44.77634729411067,-9.01808818707124,-2.185628133430001
2026-02-17,48.37019709907989,42.88903989117227,-5.481157207907623,2.0343662259077138,2.223463962244952,1.7095162449511232,44.38283929630077,52.357554901859004,38.53105052517216,47.24702925717237,-8.831809048011824,-2.130505367803422
2026-02-18,48.554903470670496,42.911451008269424,-5.643452462401072,2.1335620448692882,2.174365216433832,1.8199550681852097,44.37312186272669,52.7366850786143,38.64969518405911,47.173206832479735,-9.210564396044083,-2.076340528758061
2026-02-19,48.50687840148691,42.887470488432236,-5.619407913054666,2.1290243751996414,2.1530662280745183,1.8039447557171244,44.33399062609561,52.6797661768782,38.66746068140618,47.10748029545829,-9.15513963426023,-2.0836761918491025
2026-02-20,48.564152949422464,42.852902816689934,-5.711250132732531,2.1228313953057456,2.1301624439571105,1.8527755350600326,44.403403414623206,52.72490248422172,38.677784426534,47.02802120684587,-9.342690181450195,-2.0798100840148677
2026-02-21,48.564152949422464,42.852902816689934,-5.711250132732531,2.1228313953057456,2.1301624439571105,1.8527755350600326,44.403403414623206,52.72490248422172,38.677784426534,47.02802120684587,-9.342690181450195,-2.0798100840148677
2026-02-22,48.630549768043636,42.707760708436844,-5.922789059606791,1.8649737974107699,1.8824252926899452,1.637513413610911,44.97520112511853,52.28589841096874,39.01820713476455,46.397314282109136,-9.132315350284177,-2.7132627689294058
2026-02-23,48.300520627942724,42.59311553530774,-5.707405092634985,1.792499509868965,1.6913027102992966,1.4860299192496245,44.78722158859955,51.8138196672859,39.278162223121114,45.90806884749436,-8.62002373436425,-2.7947864509057205
2026-02-24,48.30052062794273,42.593115535307746,-5.7074050926349855,1.7924995098689651,1.691302710299297,1.4860299192496245,44.78722158859956,51.813819667285905,39.27816222312112,45.90806884749437,-8.62002373436425,-2.7947864509057214
2026-02-25,48.30052062794273,42.593115535307746,-5.707405092634985,1.792499509868965,1.6913027102992968,1.4860299192496245,44.78722158859956,51.813819667285905,39.27816222312112,45.90806884749437,-8.62002373436425,-2.7947864509057205
2026-02-26,48.2928253292997,42.78137170524034,-5.511453624059362,1.6408515558770482,1.6199748018107032,1.4335361310194914,45.07675627978069,51.50889437881872,39.60622109369136,45.95652231678932,-8.321184440857564,-2.701722807261159
2026-02-27,48.35172802704129,42.984599392349104,-5.367128634692189,1.5182092954276187,1.6237778321164138,1.3922924262455907,45.376037808003154,51.327418246079425,39.80199484140093,46.167203943297274,-8.096021790133547,-2.638235479250831
2026-02-28,48.35172802704129,42.9845993923491,-5.367128634692188,1.5182092954276187,1.6237778321164138,1.3922924262455907,45.376037808003154,51.327418246079425,39.801994841400926,46.16720394329727,-8.096021790133545,-2.63823547925083
2026-03-01,48.33344776261854,42.962098096868004,-5.371349665750539,1.5042578781687033,1.6108676463684901,1.3747906340663048,45.385102321407885,51.281793203829196,39.80479750998576,46.11939868375025,-8.065939308520496,-2.6767600229805812
2026-03-02,48.31851798394452,42.97628654539655,-5.342231438547969,1.4713960624533382,1.5764390421770762,1.3493984293171448,45.434581701535976,51.20245426635306,39.88646602272948,46.066107068063616,-7.987052360009573,-2.697410517086365
2026-03-03,48.346941369871736,42.778265734300724,-5.5686756355710125,1.3780380081116144,1.5635445109731094,1.3973246537941708,45.64598687397297,51.0478958657705,39.71371849279343,45.842812975808016,-8.307431957007587,-2.829919314134438
2026-03-04,48.48358501400278,43.01777304677803,-5.465811967224748,1.29211788470494,1.534186182511141,1.2956156306621762,45.951033959981096,51.01613606802446,40.010768129056196,46.02477796449987,-8.005218603322614,-2.9264053311268823
2026-03-05,48.152786372810624,43.13444592888381,-5.01834044392681,1.3638547989418197,1.3905271893604931,1.4737566666961976,45.479630966884656,50.82594177873659,40.40901263773724,45.85987922003037,-7.906903510651357,-2.129777377202263
2026-03-06,48.15278637281063,43.134445928883814,-5.018340443926811,1.3638547989418197,1.3905271893604934,1.4737566666961976,45.47963096688466,50.8259417787366,40.40901263773725,45.85987922003038,-7.906903510651358,-2.129777377202264
2026-03-07,47.93587786071835,43.015273614806276,-4.92060424591208,1.5418888176833179,1.4143640179927166,1.463083821410342,44.91377577805905,50.95797994337765,40.24312013954055,45.787427090072,-7.788248535876351,-2.0529599559478093
2026-03-08,47.98251198410329,42.99840119505113,-4.984110789052156,1.5323100495036777,1.384839186977896,1.4563158560654852,44.97918428707608,50.9858396811305,40.284116388574454,45.71268600152781,-7.838489866940508,-2.129731711163805
2026-03-09,48.008661014612414,43.00731822858329,-5.001342786029121,1.5042811298817906,1.3888081816988405,1.5155393076642107,45.060270000044106,50.95705202918072,40.28525419245356,45.72938226471302,-7.971799829050974,-2.030885743007268
2026-03-10,48.06620868975826,42.96176937706442,-5.104439312693841,1.4557012979267159,1.344085982661802,1.5032332213476738,45.2130341458219,50.919383233694624,40.32736085104729,45.59617790308155,-8.05077642653528,-2.1581021988524003
2026-03-11,48.06620868975826,42.96176937706442,-5.104439312693841,1.4557012979267159,1.344085982661802,1.5032332213476736,45.2130341458219,50.919383233694624,40.32736085104729,45.59617790308155,-8.05077642653528,-2.1581021988524007
2026-03-12,48.12792857502081,42.90053101557203,-5.2273975594487885,1.4277670493991803,1.3207151984344039,1.5272842120372243,45.329505158198415,50.926351991843205,40.31192922664059,45.48913280450346,-8.220874615041748,-2.233920503855829
2026-03-13,48.12792857502081,42.90053101557202,-5.2273975594487885,1.4277670493991803,1.3207151984344037,1.5272842120372243,45.329505158198415,50.926351991843205,40.311929226640586,45.489132804503456,-8.220874615041748,-2.233920503855829
2026-03-14,48.12792857502081,42.90053101557202,-5.227397559448788,1.4277670493991803,1.3207151984344039,1.5272842120372243,45.329505158198415,50.926351991843205,40.311929226640586,45.489132804503456,-8.220874615041748,-2.233920503855828
2026-03-15,48.113044452115815,42.82424196591659,-5.28880248619922,1.3714638817813807,1.2820930793477314,1.4780057986546846,45.424975243824306,50.801113660407324,40.31133953039504,45.337144401438145,-8.185693851562402,-2.3919111208360384
2026-03-16,48.05882798821153,42.56176181808344,-5.497066170128091,1.4185270960137013,1.3160723532573053,1.8063439621338688,45.27851488002468,50.839141096398386,39.98226000569912,45.14126363046776,-9.037500335910474,-1.9566320043457086
2026-03-17,48.22212412505872,42.373001583568985,-5.849122541489735,1.364476703799004,1.299651578464845,1.8985559499394038,45.54774978561267,50.896498464504766,39.82568448977789,44.92031867736008,-9.570292203370967,-2.127952879608504
2026-03-18,48.12778874294793,42.544731213344065,-5.583057529603862,1.337538409141757,1.4201043036655718,2.0681139637523436,45.506213461030086,50.74936402486577,39.76132677815954,45.32813564852859,-9.636560898558455,-1.529554160649269
2026-03-19,47.993630007545534,42.41745684960577,-5.576173157939763,1.365045990272906,1.42779559177212,1.993442595107606,45.318139866610636,50.66912014848043,39.618977489732416,45.215936209479125,-9.483320644350671,-1.6690256715288556
2026-03-20,47.97910744392009,42.4064141141338,-5.572693329786291,1.3568525261429023,1.417143046219013,1.9754809711445251,45.31967649268,50.63853839516018,39.62881374354454,45.184014484723065,-9.44463603322956,-1.7007506263430217
2026-03-21,47.97910744392009,42.4064141141338,-5.57269332978629,1.3568525261429023,1.417143046219013,1.9754809711445251,45.31967649268,50.63853839516018,39.62881374354454,45.184014484723065,-9.444636033229559,-1.7007506263430208
2026-03-22,48.15127043700813,42.5365692488209,-5.614701188187226,1.5722650662511932,1.4786972831048453,1.885403358924294,45.06963090715579,51.23290996686047,39.638322573935405,45.4348159237064,-9.310091771678842,-1.9193106046956099
2026-03-23,48.24755849496876,42.5371486380966,-5.710409856872152,1.578381526909066,1.405644016058046,2.0089782374622374,45.15393070222699,51.34118628771053,39.782086366622835,45.29221090957037,-9.648007202298137,-1.7728125114461672
2026-03-24,48.24755849496876,42.5371486380966,-5.710409856872152,1.578381526909066,1.405644016058046,2.0089782374622374,45.15393070222699,51.34118628771053,39.782086366622835,45.29221090957037,-9.648007202298137,-1.7728125114461672
2026-03-25,48.24755849496876,42.5371486380966,-5.710409856872152,1.578381526909066,1.405644016058046,2.0089782374622374,45.15393070222699,51.34118628771053,39.782086366622835,45.29221090957037,-9.648007202298137,-1.7728125114461672
2026-03-26,48.4024681608366,42.480459659082335,-5.922008501754266,1.6114041806108241,1.3593745730108107,2.0247038635186176,45.24411596683938,51.560820354833815,39.81608549598115,45.14483382218352,-9.890428074250757,-1.953588929257775
2026-03-27,48.4024681608366,42.480459659082335,-5.922008501754266,1.6114041806108241,1.3593745730108107,2.0247038635186176,45.24411596683938,51.560820354833815,39.81608549598115,45.14483382218352,-9.890428074250757,-1.953588929257775
2026-03-28,48.4024681608366,42.48045965908233,-5.922008501754266,1.6114041806108241,1.3593745730108107,2.0247038635186176,45.24411596683938,51.560820354833815,39.81608549598114,45.144833822183514,-9.890428074250757,-1.953588929257775
2026-03-29,48.345006331842356,42.4507891045117,-5.894217227330652,1.563733617680731,1.315864226892948,1.9636562225181897,45.28008844118812,51.40992422249659,39.87169521980152,45.029882989221875,-9.742983423466304,-2.0454510311950007
2026-03-30,48.16843195590093,42.27591476902785,-5.892517186873081,1.5438133124448246,1.2581237425020848,1.7969050687569406,45.14255786350907,51.19430604829279,39.80999223372376,44.74183730433194,-9.414451121636684,-2.3705832521094776
2026-03-31,48.168431955900935,42.27591476902785,-5.892517186873082,1.5438133124448246,1.258123742502085,1.7969050687569406,45.14255786350908,51.19430604829279,39.80999223372376,44.74183730433194,-9.414451121636686,-2.3705832521094785
2026-04-01,48.16843195590093,42.27591476902785,-5.892517186873081,1.5438133124448246,1.2581237425020848,1.7969050687569406,45.14255786350907,51.19430604829279,39.80999223372376,44.74183730433194,-9.414451121636684,-2.3705832521094776
2026-04-02,48.168431955900935,42.27591476902786,-5.892517186873082,1.5438133124448246,1.258123742502085,1.7969050687569408,45.14255786350908,51.19430604829279,39.80999223372377,44.741837304331945,-9.414451121636686,-2.370583252109478
2026-04-03,48.2139222327835,42.21882770574814,-5.995094527035365,1.426602545440113,1.1645064283171271,1.6717446925021258,45.41778124372088,51.010063221846124,39.93639510624657,44.50126030524971,-9.271714124339532,-2.7184749297311983
2026-04-04,48.2139222327835,42.21882770574814,-5.995094527035365,1.426602545440113,1.1645064283171271,1.6717446925021258,45.41778124372088,51.010063221846124,39.93639510624657,44.50126030524971,-9.271714124339532,-2.7184749297311983
2026-04-05,48.2139222327835,42.21882770574814,-5.995094527035364,1.426602545440113,1.1645064283171271,1.6717446925021255,45.41778124372088,51.010063221846124,39.93639510624657,44.50126030524971,-9.27171412433953,-2.718474929731198
2026-04-06,48.11305277604046,42.36829688844769,-5.744755887592773,1.4180296623180477,1.2245265444590472,1.8217360153123965,45.33371463789709,50.892390914183835,39.96822486130795,44.76836891558742,-9.31535847760507,-2.1741532975804763
2026-04-07,48.21416376196373,42.44359673549516,-5.7705670264685685,1.3673296100304762,1.1725885540539427,1.7181906500014357,45.534197726304,50.894129797623464,40.145323169549435,44.74187030144089,-9.138220700471383,-2.4029133524657547
2026-04-08,48.21416376196374,42.44359673549517,-5.770567026468569,1.3673296100304762,1.1725885540539427,1.7181906500014357,45.53419772630401,50.89412979762347,40.14532316954944,44.7418703014409,-9.138220700471383,-2.4029133524657555
2026-04-09,48.116901237207635,42.222051118689855,-5.89485011851778,1.2497519429964317,1.2767789150818782,1.443565418482738,45.66738742893463,50.56641504548064,39.71956444512937,44.72453779225034,-8.724238338743946,-3.065461898291614
2026-04-10,48.116901237207635,42.22205111868985,-5.89485011851778,1.2497519429964317,1.2767789150818782,1.443565418482738,45.66738742893463,50.56641504548064,39.719564445129365,44.72453779225033,-8.724238338743946,-3.065461898291614
2026-04-11,48.116901237207635,42.222051118689855,-5.89485011851778,1.2497519429964317,1.2767789150818782,1.443565418482738,45.66738742893463,50.56641504548064,39.71956444512937,44.72453779225034,-8.724238338743946,-3.065461898291614
2026-04-12,48.116901237207635,42.222051118689855,-5.89485011851778,1.2497519429964317,1.2767789150818782,1.443565418482738,45.66738742893463,50.56641504548064,39.71956444512937,44.72453779225034,-8.724238338743946,-3.065461898291614
2026-04-13,48.100860681818624,42.167800227168975,-5.933060454649645,1.1871901720563263,1.2194952479727583,1.3585943447063291,45.77396794458822,50.427753419049026,39.77758954114237,44.55801091319558,-8.59590537027405,-3.2702155390252403
2026-04-14,48.111294907981346,42.18478340023422,-5.92651150774713,1.170508572719027,1.2053487081665422,1.338306870908924,45.817098105452054,50.40549171051064,39.82229993222779,44.54726686824064,-8.549592974728622,-3.303430040765639
2026-04-15,48.266977330066865,42.119036600651086,-6.147940729415777,1.1418377955050718,1.1286519855911672,1.3557138851620425,46.028975250876925,50.504979409256805,39.9068787088924,44.33119449240977,-8.80513994433338,-3.4907415144981737
2026-04-16,48.473958602538,41.95478024786338,-6.5191783546746125,1.2261610115292536,1.1620476495904426,1.65568740923639,46.07068301994066,50.877234185135336,39.67716685466611,44.23239364106065,-9.764325676777936,-3.2740310325712882
2026-04-17,48.473958602538,41.95478024786338,-6.519178354674612,1.2261610115292536,1.1620476495904426,1.65568740923639,46.07068301994066,50.877234185135336,39.67716685466611,44.23239364106065,-9.764325676777936,-3.2740310325712874
2026-04-18,48.515457179412515,42.111954425878636,-6.403502753533877,1.1791753589109952,1.2301048679466562,1.6254222605846236,46.20427347594696,50.82664088287807,39.70094888470319,44.522959967054085,-9.589330384279739,-3.2176751227880147
2026-04-19,48.639103614965144,42.4463179092077,-6.192785705757441,1.1687284448784903,1.6756565729892121,1.7194754309124876,46.348395863003304,50.929811366926984,39.162031026148846,45.730604792266554,-9.562957550345917,-2.822613861168965
2026-04-20,48.42781483784111,42.300563938217536,-6.12725089962358,1.1074288381713857,1.5775001533686681,1.4965791220732072,46.25725431502519,50.59837536065703,39.20866363761495,45.392464238820125,-9.060545978887067,-3.193955820360094
2026-04-21,48.42781483784111,42.30056393821753,-6.127250899623579,1.1074288381713857,1.5775001533686681,1.4965791220732072,46.25725431502519,50.59837536065703,39.20866363761494,45.39246423882012,-9.060545978887065,-3.193955820360093
2026-04-22,48.42781483784111,42.300563938217536,-6.12725089962358,1.1074288381713857,1.5775001533686681,1.4965791220732072,46.25725431502519,50.59837536065703,39.20866363761495,45.392464238820125,-9.060545978887067,-3.193955820360094
2026-04-23,48.41024673035978,42.28755518534423,-6.122691545015553,1.0959531626773917,1.5453787328987867,1.464236962270054,46.26217853151209,50.55831492920747,39.25861286886261,45.31649750182585,-8.992595991064858,-3.2527870989662477
2026-04-24,48.37936828631398,42.36614270910993,-6.013225577204046,1.0585911333029674,1.5131992484254908,1.462706308124337,46.304529665040164,50.45420690758779,39.40027218219597,45.33201323602389,-8.880129941127747,-3.1463212132803453
2026-04-25,48.37936828631398,42.36614270910993,-6.013225577204045,1.0585911333029674,1.5131992484254906,1.462706308124337,46.304529665040164,50.45420690758779,39.40027218219597,45.33201323602389,-8.880129941127745,-3.1463212132803444
2026-04-26,48.357635381340494,42.32422380864936,-6.033411572691137,0.9590817926385372,1.514412983741323,1.5252667941236324,46.47783506776896,50.23743569491203,39.35597436051636,45.29247325678235,-9.022934489173457,-3.043888656208818
2026-04-27,48.21373948866616,42.20266945870397,-6.011070029962185,1.007995810043675,1.462232691413086,1.401085126669523,46.23806770098055,50.18941127635176,39.336693383534325,45.06864553387362,-8.75719687823445,-3.2649431816899197
2026-04-28,48.596175156684254,42.50842230576635,-6.0877528509179,1.8499242907504583,1.8977360856964502,1.4112013618085564,44.970323546813354,52.22202676655515,38.78885957780131,46.22798503373139,-8.85370752006267,-3.3217981817731292
2026-04-29,48.59617515668426,42.50842230576636,-6.087752850917901,1.8499242907504585,1.8977360856964502,1.4112013618085564,44.97032354681336,52.22202676655516,38.78885957780132,46.2279850337314,-8.85370752006267,-3.32179818177313
2026-04-30,48.5757243730431,42.51806866135754,-6.057655711685561,1.767750141308941,1.81214979705352,1.351038433939532,45.11093409607758,52.040514650008625,38.96625505913264,46.069882263582436,-8.705691042207043,-3.409620381164078
2026-05-01,48.5757243730431,42.51806866135754,-6.057655711685561,1.767750141308941,1.81214979705352,1.351038433939532,45.11093409607758,52.040514650008625,38.96625505913264,46.069882263582436,-8.705691042207043,-3.409620381164078
2026-05-02,48.5757243730431,42.51806866135754,-6.057655711685561,1.7677501413089411,1.8121497970535203,1.351038433939532,45.11093409607758,52.040514650008625,38.96625505913264,46.069882263582436,-8.705691042207043,-3.409620381164078
2026-05-03,48.57618871790813,42.558657301642086,-6.017531416266049,1.7015959172978337,1.749693939561114,1.3106126813271046,45.24106072000438,51.911316715811886,39.1292571801023,45.98805742318187,-8.586332271667175,-3.448730560864924
2026-05-04,48.344947175643114,42.591694375311434,-5.753252800331675,1.743066891878009,1.6604863164067025,1.4514764495671055,44.92853606756221,51.761358283724014,39.337141195154295,45.84624755546857,-8.598146641483202,-2.9083589591801484
2026-05-05,48.382776154581954,42.18389415792859,-6.198881996653364,1.7394209961556404,2.1186838869225406,1.7157475458336864,44.9735110021169,51.79204130704701,38.03127373956041,46.33651457629677,-9.56174718648739,-2.836016806819339
2026-05-06,48.64513552726184,41.787081067002504,-6.858054460259341,1.8175627797906617,2.141664456782401,2.403510416901412,45.082712478872146,52.20755857565154,37.589418731708996,45.98474340229601,-11.56893487738611,-2.1471740431325737
2026-05-07,48.79422436743963,41.681013500186566,-7.113210867253064,1.816658606332745,2.0486841379311405,2.3231733432546524,45.23357349902745,52.354875235851814,37.66559258984153,45.6964344105316,-11.666630620032183,-2.5597911144739447
2026-05-08,48.794224367439625,41.68101350018656,-7.113210867253063,1.816658606332745,2.0486841379311405,2.3231733432546524,45.23357349902744,52.35487523585181,37.66559258984152,45.696434410531594,-11.666630620032182,-2.559791114473944
2026-05-09,48.794224367439625,41.681013500186566,-7.113210867253063,1.816658606332745,2.0486841379311405,2.3231733432546524,45.23357349902744,52.35487523585181,37.66559258984153,45.6964344105316,-11.666630620032182,-2.559791114473944
2026-05-10,48.64899327522489,41.79002927882958,-6.858963996395315,1.7807005073573734,1.9717298458158052,2.3428604888043356,45.158820280804434,52.139166269645344,37.9254387810306,45.65461977662856,-11.450970554451812,-2.2669574383388174
2026-05-11,48.55905176930586,41.67194258827454,-6.887109181031317,1.7019331784045233,1.9541032657211104,2.280883443967511,45.22326273963299,51.89484079897873,37.841900187461164,45.501984989087916,-11.357640731207638,-2.416577630854995
2026-05-12,48.55905176930586,41.67194258827454,-6.887109181031317,1.7019331784045233,1.9541032657211104,2.280883443967511,45.22326273963299,51.89484079897873,37.841900187461164,45.501984989087916,-11.357640731207638,-2.416577630854995
2026-05-13,48.55905176930586,41.67194258827454,-6.887109181031317,1.7019331784045233,1.9541032657211104,2.280883443967511,45.22326273963299,51.89484079897873,37.841900187461164,45.501984989087916,-11.357640731207638,-2.416577630854995
2026-05-14,48.55905176930585,41.67194258827454,-6.887109181031316,1.7019331784045233,1.9541032657211104,2.2808834439675105,45.223262739632986,51.89484079897872,37.841900187461164,45.501984989087916,-11.357640731207637,-2.416577630854995
2026-05-15,48.67722158620332,41.39837790712437,-7.278843679078959,1.6090916582690693,1.9458642319139805,2.397059479143568,45.52340193599595,51.8310412364107,37.58448401257297,45.21227180167577,-11.977080258200353,-2.5806070999575654
2026-05-16,48.67722158620333,41.39837790712437,-7.2788436790789595,1.6090916582690693,1.9458642319139807,2.3970594791435684,45.523401935995956,51.831041236410705,37.58448401257297,45.21227180167577,-11.977080258200353,-2.5806070999575654
2026-05-17,48.715848261562726,41.40914876875184,-7.306699492810882,1.5526564783013377,1.8712025186170655,2.312636198901025,45.6726415640921,51.75905495903335,37.741591832262394,45.07670570524129,-11.83946644265689,-2.7739325429648733
2026-05-18,48.66359226489425,41.318453254484325,-7.3451390104099215,1.6354189148925664,1.8835142245010856,2.348704155247438,45.45817119170482,51.869013338083676,37.626765374462195,45.010141134506455,-11.9485991546949,-2.7416788661249427
2026-05-19,48.67842276442589,41.34539552272265,-7.333027241703243,1.6232121610635084,1.8756668379898391,2.3278855881061387,45.496926928741416,51.85991860011036,37.66908852026256,45.02170252518273,-11.895682994391274,-2.7703714890152114
2026-05-20,48.72179583610383,41.358180169786806,-7.363615666317023,1.626886314731616,1.8545622826738293,2.307714905085841,45.533098659229864,51.910493012977796,37.7232380957461,44.993122243827514,-11.886736880285273,-2.840494452348774
2026-05-21,48.72179583610384,41.35818016978681,-7.363615666317023,1.626886314731616,1.8545622826738293,2.307714905085841,45.53309865922987,51.9104930129778,37.723238095746105,44.99312224382752,-11.886736880285273,-2.840494452348774
2026-05-22,48.790525689867394,41.36657623547497,-7.423949454392425,1.5828190610655775,1.781396188457464,2.225998329204271,45.68820033017886,51.89285104955593,37.87503970609834,44.858112764851604,-11.786906179632798,-3.060992729152054
2026-05-23,48.790525689867394,41.36657623547497,-7.423949454392425,1.5828190610655775,1.781396188457464,2.225998329204271,45.68820033017886,51.89285104955593,37.87503970609834,44.858112764851604,-11.786906179632798,-3.060992729152054
2026-05-24,48.780502803762126,41.40998843517242,-7.370514368589703,1.518262053619503,1.7159472745035342,2.1428423945150104,45.8047091786679,51.75629642885635,38.046731777145496,44.77324509319935,-11.570485461839123,-3.1705432753402825
2026-05-25,48.802400615731216,41.47028839539889,-7.332112220332326,1.4454153986106137,1.640640925240272,2.040248363399909,45.969386434454414,51.63541479700802,38.25463218192795,44.685944608869825,-11.330999012596148,-3.3332254280685047
2026-05-26,48.41826921505551,41.80358970869833,-6.614679506357172,1.7392668797210644,1.9808235123616482,2.7034009584767316,45.00930613080222,51.8272322993088,37.921175624469505,45.68600379292716,-11.913345384971565,-1.3160136277427785
2026-05-27,48.41826921505551,41.80358970869833,-6.614679506357172,1.7392668797210644,1.9808235123616482,2.7034009584767316,45.00930613080222,51.8272322993088,37.921175624469505,45.68600379292716,-11.913345384971565,-1.3160136277427785
2026-05-28,48.52992579204697,41.77691660666939,-6.753009185377576,1.6661380859318744,1.8656557633489985,2.5733235086579453,45.264295143620494,51.79555644047344,38.12023131050535,45.43360190283342,-11.796723262347149,-1.7092951084080035
2026-05-29,48.52992579204696,41.77691660666938,-6.753009185377574,1.6661380859318742,1.8656557633489983,2.573323508657945,45.26429514362049,51.79555644047343,38.120231310505346,45.433601902833416,-11.796723262347147,-1.7092951084080026
2026-05-30,48.52992579204697,41.77691660666939,-6.753009185377575,1.6661380859318744,1.8656557633489985,2.5733235086579453,45.264295143620494,51.79555644047344,38.12023131050535,45.43360190283342,-11.796723262347147,-1.7092951084080026
2026-05-31,48.65389218865138,41.82970886533451,-6.824183323316871,1.658980892066288,1.75059251361929,2.464820966840009,45.40228964020146,51.90549473710131,38.3985475386407,45.26087019202832,-11.655232418323287,-1.9931342283104536
2026-06-01,48.68353025411107,42.06327211722195,-6.620258136889124,1.53877994769834,1.7480154952328533,2.3768220061934433,45.667521556622326,51.69953895159981,38.63716174656555,45.489382487878345,-11.278829269028272,-1.961687004749975
2026-06-02,48.63047495991645,42.02203889625725,-6.608436063659196,1.4732335288791674,1.6540734604786944,2.256206825279461,45.74293724331328,51.51801267651962,38.780054913719006,45.264022878795494,-11.03060144120694,-2.1862706861114534
2026-06-03,48.64119725555158,42.107883318452075,-6.533313937099505,1.3645384046198592,1.5421269571019784,2.0983111294928163,45.96670198249666,51.315692528606505,39.0853144825322,45.13045215437195,-10.646003750905425,-2.4206241232935852
2026-06-04,48.87212939913522,42.15353807007084,-6.71859132906438,1.3405307442144803,1.39138060017248,1.902743058028261,46.24468914047484,51.4995696577956,39.42643209373278,44.8806440464089,-10.44796772279977,-2.989214935328989
2026-06-05,48.6917251858383,42.22713167287981,-6.464593512958494,1.4763512853531866,1.37818169801732,2.0924086928880996,45.79807666654605,51.58537370513055,39.52589554476586,44.928367800993755,-10.56571455101917,-2.3634724748978186
2026-06-06,48.47024780064304,42.06953145637281,-6.400716344270222,1.6594648786746533,1.4626661422594756,2.0387568480714027,45.217696638440714,51.72279896284536,39.202705817544235,44.93635709520138,-10.396679766490172,-2.404752922050273
2026-06-07,48.32735179434959,41.97268450858935,-6.35466728576024,1.5292699928045526,1.3403304183619869,1.844096118204355,45.32998260845267,51.32472098024651,39.345636888599856,44.59973212857885,-9.969095677440777,-2.7402388940797047
2026-06-08,48.241593168717216,41.8033392719785,-6.4382538967387175,1.4265296951692201,1.3389900375936086,1.7819838948911046,45.445594966185546,51.03759137124889,39.17891879829503,44.42775974566197,-9.930942330725284,-2.9455654627521524
2026-06-09,48.24159316871722,41.8033392719785,-6.4382538967387175,1.4265296951692201,1.3389900375936086,1.7819838948911046,45.44559496618555,51.037591371248894,39.17891879829503,44.42775974566197,-9.930942330725284,-2.9455654627521524
2026-06-10,48.24159316871722,41.8033392719785,-6.4382538967387175,1.4265296951692201,1.3389900375936086,1.7819838948911046,45.44559496618555,51.037591371248894,39.17891879829503,44.42775974566197,-9.930942330725284,-2.9455654627521524
2026-06-11,48.24159316871722,41.8033392719785,-6.4382538967387175,1.4265296951692201,1.3389900375936086,1.7819838948911046,45.44559496618555,51.037591371248894,39.17891879829503,44.42775974566197,-9.930942330725284,-2.9455654627521524
2026-06-12,48.24159316871722,41.80333927197851,-6.438253896738718,1.4265296951692201,1.3389900375936086,1.7819838948911046,45.44559496618555,51.037591371248894,39.17891879829504,44.42775974566198,-9.930942330725284,-2.9455654627521533
2026-06-13,48.24159316871722,41.8033392719785,-6.438253896738718,1.4265296951692201,1.3389900375936086,1.7819838948911046,45.44559496618555,51.037591371248894,39.17891879829503,44.42775974566197,-9.930942330725284,-2.9455654627521533
2026-06-14,48.325394989239854,41.78382762217821,-6.541567367061643,1.3469597803098727,1.2465452946147577,1.6852916601843064,45.6853538198325,50.96543615864721,39.340598844733286,44.22705639962313,-9.844739021022884,-3.2383957131004024
2026-06-15,48.482001534323665,42.038689323192585,-6.443312211131084,1.3413983849190376,1.4245771991294758,1.7232776690794736,45.85286069988235,51.11114236876498,39.24651801289881,44.83086063348636,-9.820936442526852,-3.0656879797353156
2026-06-16,48.48503478319122,42.039613362647216,-6.445421420544,1.3331112103522094,1.4172374834594643,1.7133503317717562,45.872136810900884,51.09793275548155,39.261827895066666,44.817398830227766,-9.803588070816643,-3.087254770271358
2026-06-17,48.272607296452165,41.86560758742086,-6.4069997090313056,1.5203910542123271,1.5391729771341904,1.6549561904289858,45.29264083019601,51.25257376270832,38.84882855223785,44.882386622603875,-9.650713842272118,-3.1632855757904936
2026-06-18,48.27260729645216,41.865607587420854,-6.406999709031305,1.520391054212327,1.5391729771341902,1.6549561904289858,45.292640830196,51.252573762708316,38.84882855223784,44.88238662260387,-9.650713842272117,-3.1632855757904927
2026-06-19,48.272607296452165,41.86560758742086,-6.4069997090313056,1.5203910542123271,1.5391729771341904,1.6549561904289858,45.29264083019601,51.25257376270832,38.84882855223785,44.882386622603875,-9.650713842272118,-3.1632855757904936
2026-06-20,48.27260729645216,41.865607587420854,-6.406999709031305,1.5203910542123271,1.5391729771341904,1.6549561904289858,45.292640830196,51.252573762708316,38.84882855223784,44.88238662260387,-9.650713842272117,-3.1632855757904927
2026-06-21,48.314157390583496,41.89641224429486,-6.417745146288636,1.4510393367855876,1.456258190419912,1.569006023363234,45.47012029048374,51.15819449068325,39.04214619107183,44.75067829751789,-9.492996952080574,-3.342493340496698
2026-06-22,48.362969896731734,42.161460489875644,-6.201509406856089,1.3624962316492653,1.5495987176487969,1.670332744078347,45.69247728269917,51.033462510764295,39.124247003284005,45.19867397646728,-9.475361585249649,-2.927657228462529
2026-06-23,48.36841568516488,42.140877020034075,-6.2275386651308,1.3490282428070444,1.5412806591237345,1.6663220418047124,45.72432032926307,51.01251104106668,39.119966928151555,45.161787111916595,-9.493529867068037,-2.961547463193564
2026-06-24,48.36841568516488,42.140877020034075,-6.2275386651308,1.3490282428070444,1.5412806591237347,1.6663220418047127,45.72432032926307,51.01251104106668,39.119966928151555,45.161787111916595,-9.493529867068037,-2.9615474631935634
2026-06-25,48.36841568516488,42.140877020034075,-6.2275386651308,1.3490282428070444,1.5412806591237345,1.6663220418047127,45.72432032926307,51.01251104106668,39.119966928151555,45.161787111916595,-9.493529867068037,-2.9615474631935634
2026-06-26,48.54455090448447,42.22785032253876,-6.316700581945708,1.360173129848068,1.4812248838662312,1.6124177779626396,45.878611569982255,51.21049023898668,39.32464955016094,45.13105109491657,-9.477039426752482,-3.156361737138934
2026-06-27,48.544550904484474,42.227850322538764,-6.3167005819457085,1.360173129848068,1.4812248838662312,1.6124177779626396,45.87861156998226,51.21049023898669,39.32464955016095,45.13105109491658,-9.477039426752482,-3.1563617371389348
2026-06-28,48.531998116700734,42.2258535077675,-6.3061446089332325,1.2947551071909638,1.4111336968518366,1.5484579281917208,45.994278106606444,51.069718126795024,39.4600314619379,44.991675553597105,-9.341122148189005,-3.27116706967746
2026-06-29,48.49602276218322,42.317581536956965,-6.1784412252262655,1.2670149926611995,1.419876006245984,1.596580313953222,46.01267337656727,50.979372147799175,39.53462456471484,45.10053850919909,-9.30773864057458,-3.0491438098779504
2026-06-30,48.671904839768345,42.31314549925162,-6.358759340516729,1.318114360444274,1.3490378766734563,1.6102081937791355,46.088400693297565,51.255408986239125,39.66903126097164,44.957259737531594,-9.514767400323834,-3.2027512807096232
2026-07-01,48.791520775433426,42.3272339080323,-6.464286867401128,1.2678704676129309,1.2596358544002921,1.5266567007938292,46.30649465891208,51.27654689195477,39.858347633407725,44.79612018265687,-9.456534000957033,-3.472039733845223
2026-07-02,48.829053760393414,42.3097722409558,-6.519281519437616,1.2666844663923336,1.244502018615868,1.5356006251129213,46.34635220626444,51.31175531452239,39.8705482844687,44.74899619744291,-9.529058744658942,-3.50950429421629
2026-07-03,48.82905376039342,42.3097722409558,-6.519281519437617,1.2666844663923336,1.244502018615868,1.5356006251129213,46.34635220626445,51.311755314522394,39.8705482844687,44.74899619744291,-9.529058744658943,-3.509504294216291
2026-07-04,48.68821986370143,42.16293953362267,-6.525280330078762,1.3081347657113491,1.2962247990750675,1.4742165124275264,46.124275722907186,51.25216400449567,39.622338927435536,44.7035401398098,-9.414744694436713,-3.6358159657208104
2026-07-05,48.6467242129632,42.161781024537646,-6.484943188425554,1.2808090495927111,1.2611766695969473,1.440960198190558,46.136338475761484,51.157109950164916,39.68987475212763,44.63368729694766,-9.309225176879048,-3.66066119997206
2026-07-06,48.61190696863246,42.30891407458095,-6.302992894051512,1.2788445122498175,1.4014685265871605,1.5189830835592293,46.10537172462282,51.1184422126421,39.56203576247011,45.055792386691785,-9.280199737827601,-3.3257860502754224
2026-07-07,48.589661648509235,42.293994690104256,-6.2956669584049765,1.2710295841967696,1.3873659585030453,1.501004794646456,46.098443663483565,51.080879633534906,39.574757411438284,45.01323196877023,-9.23763635591203,-3.3536975608979227
2026-07-08,48.589661648509235,42.293994690104256,-6.295666958404977,1.2710295841967696,1.3873659585030453,1.501004794646456,46.098443663483565,51.080879633534906,39.574757411438284,45.01323196877023,-9.23763635591203,-3.3536975608979236
2026-07-09,48.589661648509235,42.293994690104256,-6.2956669584049765,1.2710295841967696,1.3873659585030453,1.501004794646456,46.098443663483565,51.080879633534906,39.574757411438284,45.01323196877023,-9.23763635591203,-3.3536975608979227
2026-07-10,48.65279948544522,42.37383287298231,-6.27896661246291,1.2331848426360814,1.3529318423915497,1.4373611965601054,46.2357571938785,51.069841777011945,39.722086461894875,45.02557928406975,-9.096194557720716,-3.4617386672051036
2026-07-11,48.652799485445215,42.373832872982305,-6.27896661246291,1.2331848426360814,1.3529318423915497,1.4373611965601054,46.2357571938785,51.06984177701193,39.72208646189487,45.02557928406974,-9.096194557720716,-3.4617386672051036
2026-07-12,48.296436637996855,42.32419771774611,-5.972238920250746,1.1584694198216585,1.140100474600882,1.2477811725911514,46.02583657514641,50.567036700847304,40.08960078752838,44.558794647963836,-8.417890018529402,-3.526587821972089
2026-07-13,48.98296339545457,42.971722936131634,-6.011240459322934,2.015211140367357,2.1920673571861378,1.215303682067458,45.03314956033455,52.93277723057459,38.675270916046806,47.26817495621646,-8.393235676175152,-3.6292452424707164
2026-07-14,48.942187059809655,42.947545162838985,-5.994641896970673,1.9094666696897047,2.077804710095144,1.1502917169333224,45.19963238721783,52.68474173240148,38.87504793105251,47.02004239462546,-8.249213662159985,-3.7400701317813616
2026-07-15,48.942187059809655,42.947545162838985,-5.994641896970673,1.9094666696897047,2.077804710095144,1.1502917169333224,45.19963238721783,52.68474173240148,38.87504793105251,47.02004239462546,-8.249213662159985,-3.7400701317813616
2026-07-16,48.942187059809655,42.947545162838985,-5.994641896970673,1.9094666696897047,2.077804710095144,1.1502917169333222,45.19963238721783,52.68474173240148,38.87504793105251,47.02004239462546,-8.249213662159985,-3.740070131781362
2026-07-17,48.87442686121999,42.67462039803695,-6.1998064631830365,1.8308606701763197,2.2170263393901486,1.3426820311263046,45.2859399476744,52.462913774765575,38.32924877283226,47.01999202324164,-8.831463244190594,-3.5681496821754797
2026-07-18,48.87442686121999,42.67462039803695,-6.199806463183036,1.8308606701763197,2.2170263393901486,1.3426820311263046,45.2859399476744,52.462913774765575,38.32924877283226,47.01999202324164,-8.831463244190592,-3.568149682175479
2026-07-19,48.86841039497842,42.689859821163985,-6.178550573814435,1.8004487159922442,2.1815659974575494,1.3246343650899663,45.33953091163362,52.39728987832322,38.41399046614719,46.96572917618078,-8.774833929390768,-3.582267218238101
2026-07-20,49.17479013234931,42.394820423711806,-6.7799697086374975,1.9153870208259407,2.0249551661344927,1.490857766809806,45.420631571530464,52.92894869316815,38.4259082980882,46.36373254933541,-9.702050931584717,-3.8578884856902778
2026-07-21,49.16666043823463,42.389000536986444,-6.7776599012481835,1.9024000928962925,2.0103801577068108,1.4798165804771737,45.4379562561579,52.89536462031136,38.44865542788109,46.329345646091795,-9.678100398983444,-3.8772194035129233
2026-07-22,49.21687154063272,42.26417688038976,-6.952694660242955,1.8524711530428928,2.008762673904781,1.5840645385415606,45.58602808066865,52.847715000596786,38.32700203953639,46.201351721243135,-10.057461155784413,-3.847928164701496
2026-07-23,49.21687154063272,42.26417688038976,-6.952694660242955,1.8524711530428928,2.008762673904781,1.5840645385415606,45.58602808066865,52.847715000596786,38.32700203953639,46.201351721243135,-10.057461155784413,-3.847928164701496
2026-07-24,49.25329273778489,42.243895910939635,-7.009396826845258,1.8196151598401273,1.96268317235755,1.552076442063717,45.68684702449824,52.81973845107154,38.39703689311884,46.09075492876043,-10.051466653290143,-3.9673270004003727
2026-07-25,49.25329273778489,42.243895910939635,-7.009396826845258,1.8196151598401271,1.96268317235755,1.552076442063717,45.68684702449824,52.81973845107154,38.39703689311884,46.09075492876043,-10.051466653290143,-3.9673270004003727
2026-07-26,49.02518615742122,42.151361449783984,-6.873824707637236,1.7529940310773322,1.7215566170342227,1.5992032746147087,45.589317856509645,52.46105445833279,38.77711048039691,45.52561241917106,-10.008263125882065,-3.739386289392407
2026-07-27,48.85402835477064,42.14609278564871,-6.70793556912193,1.691657577282191,1.7099147806482895,1.6502872265316062,45.53837950329755,52.16967720624373,38.794659815578065,45.49752575571936,-9.942498533123878,-3.473372605119982
2026-07-28,48.85402835477064,42.14609278564871,-6.70793556912193,1.691657577282191,1.7099147806482897,1.6502872265316062,45.53837950329755,52.16967720624373,38.794659815578065,45.49752575571936,-9.942498533123878,-3.473372605119982
2026-07-29,48.79147714352179,42.18727308045575,-6.604204063066029,1.629826849246197,1.6408916182504223,1.6129799634724427,45.59701651899924,51.98593776804434,38.97112550868493,45.40342065222658,-9.765644791472017,-3.4427633346600417
2026-07-30,48.79147714352179,42.18727308045576,-6.60420406306603,1.629826849246197,1.6408916182504223,1.6129799634724427,45.59701651899924,51.98593776804434,38.971125508684935,45.403420652226586,-9.765644791472017,-3.4427633346600426
2026-07-31,48.79147714352179,42.18727308045576,-6.60420406306603,1.629826849246197,1.6408916182504223,1.6129799634724429,45.59701651899924,51.98593776804434,38.971125508684935,45.403420652226586,-9.765644791472017,-3.442763334660042
2026-08-01,48.79147714352179,42.18727308045576,-6.60420406306603,1.629826849246197,1.6408916182504223,1.6129799634724429,45.59701651899924,51.98593776804434,38.971125508684935,45.403420652226586,-9.765644791472017,-3.442763334660042
2026-08-02,48.79718737057434,42.18007243345526,-6.617114937119078,1.571296233220449,1.5815125759953055,1.5530616680827287,45.71744675346226,51.87692798768642,39.08030778450446,45.279837082406054,-9.661115806561227,-3.57311406767693
2026-08-03,48.74411120400173,42.10604414206129,-6.638067061940439,1.4194242774800783,1.5374078175037709,1.5034390679095877,45.96203962014078,51.52618278786269,39.092724819753904,45.11936346436868,-9.58480763504323,-3.691326488837647
2026-08-04,48.75395443455867,42.17760044920138,-6.576353985357293,1.339582490330799,1.4595585609501063,1.4464266552977711,46.128372753510305,51.37953611560704,39.31686566973917,45.038335228663584,-9.411350229740924,-3.7413577409736614
2026-08-05,48.94784140336112,41.99775921522337,-6.950082188137747,1.4805873877234559,1.5597225396123466,1.9693739274682764,46.04589012342314,51.84979268329909,38.94070303758317,45.05481539286357,-10.81005508597557,-3.0901092902999254
2026-08-06,48.94784140336112,41.997759215223375,-6.950082188137748,1.4805873877234559,1.5597225396123466,1.9693739274682764,46.04589012342314,51.84979268329909,38.94070303758318,45.054815392863574,-10.81005508597557,-3.0901092902999263
2026-08-07,48.883895504105425,41.80397702487809,-7.079918479227335,1.3910898698497487,1.5380402642570723,1.8686905889916035,46.157359359199916,51.610431649010934,38.78941810693423,44.818535942821946,-10.742552033650878,-3.4172849248037926
2026-08-08,48.883895504105425,41.803977024878094,-7.079918479227335,1.3910898698497487,1.5380402642570723,1.8686905889916037,46.157359359199916,51.610431649010934,38.789418106934235,44.81853594282195,-10.742552033650878,-3.417284924803792
2026-08-09,48.883895504105425,41.803977024878094,-7.079918479227335,1.3910898698497487,1.5380402642570723,1.8686905889916037,46.157359359199916,51.610431649010934,38.789418106934235,44.81853594282195,-10.742552033650878,-3.417284924803792
2026-08-10,48.8526119567183,41.812491626602906,-7.040120330115397,1.3492026680144074,1.4670195556272971,1.800333448695628,46.20817472741006,51.49704918602654,38.9371332975734,44.68784995563241,-10.568773889558827,-3.5114667706719667
2026-08-11,48.991087550560046,42.13994627166176,-6.851141278898279,1.2137967773837794,1.4496997498526223,1.6353089347062015,46.61204586688784,51.37012923423225,39.29853476195063,44.9813577813729,-10.056346790922433,-3.645935766874124
2026-08-12,48.991087550560046,42.13994627166176,-6.851141278898279,1.2137967773837792,1.4496997498526223,1.6353089347062015,46.61204586688784,51.37012923423225,39.29853476195063,44.9813577813729,-10.056346790922433,-3.645935766874124
2026-08-13,48.839033406434595,42.0605947184007,-6.778438688033894,1.2803123291969551,1.4163699627635644,1.5838052001217136,46.329621241208564,51.348445571660626,39.284509591384115,44.83667984541729,-9.882696880272453,-3.6741804957953357
2026-08-14,48.8390334064346,42.06059471840071,-6.778438688033895,1.2803123291969554,1.4163699627635646,1.583805200121714,46.32962124120857,51.34844557166063,39.28450959138412,44.836679845417294,-9.882696880272455,-3.6741804957953357
2026-08-15,48.8390334064346,42.06059471840071,-6.778438688033895,1.2803123291969554,1.4163699627635646,1.5838052001217138,46.32962124120857,51.34844557166063,39.28450959138412,44.836679845417294,-9.882696880272455,-3.674180495795336
2026-08-16,48.95075797789155,42.19512921393813,-6.755628763953416,1.1217124200305795,1.2485177872757207,1.3809877742861085,46.75220163463161,51.149314321151486,39.74803435087772,44.642224076998545,-9.462364801554187,-4.048892726352643
2026-08-17,48.8816133142332,42.18503589946671,-6.696577414766484,1.0359531821945647,1.2495996510155931,1.2895077699765105,46.851145077131854,50.912081551334545,39.73582058347615,44.634251215457276,-9.224012643920444,-4.1691421856125235
2026-08-18,48.8816133142332,42.18503589946671,-6.696577414766484,1.0359531821945647,1.2495996510155931,1.2895077699765105,46.851145077131854,50.912081551334545,39.73582058347615,44.634251215457276,-9.224012643920444,-4.1691421856125235
2026-08-19,48.850238652880634,42.188492954488495,-6.661745698392139,1.0474070018448134,1.2368126088832823,1.2983424856885244,46.7973209292648,50.90315637649647,39.764340241077264,44.61264566789973,-9.206496970341647,-4.116994426442631
2026-08-20,48.85023865288064,42.1884929544885,-6.6617456983921395,1.0474070018448134,1.2368126088832823,1.2983424856885244,46.79732092926481,50.903156376496476,39.76434024107727,44.612645667899734,-9.206496970341647,-4.116994426442632
2026-08-21,48.85023865288064,42.1884929544885,-6.6617456983921395,1.0474070018448134,1.2368126088832823,1.2983424856885246,46.79732092926481,50.903156376496476,39.76434024107727,44.612645667899734,-9.206496970341647,-4.1169944264426315
2026-08-22,48.85023865288064,42.1884929544885,-6.6617456983921395,1.0474070018448136,1.2368126088832823,1.2983424856885246,46.79732092926481,50.903156376496476,39.76434024107727,44.612645667899734,-9.206496970341647,-4.1169944264426315
2026-08-23,48.85023865288064,42.1884929544885,-6.6617456983921395,1.0474070018448136,1.2368126088832823,1.2983424856885246,46.79732092926481,50.903156376496476,39.76434024107727,44.612645667899734,-9.206496970341647,-4.1169944264426315
2026-08-24,48.80842462652512,41.965978882335726,-6.8424457441893916,1.0705277846895402,1.3962386114593262,1.3505353653069003,46.710190168533614,50.90665908451662,39.229351203875446,44.702606560796006,-9.489495060190915,-4.195396428187867
2026-08-25,48.80842462652512,41.96597888233572,-6.8424457441893916,1.0705277846895402,1.396238611459326,1.3505353653069003,46.710190168533614,50.90665908451662,39.22935120387544,44.702606560796,-9.489495060190915,-4.195396428187867
2026-08-26,48.71798464875213,41.809098956622215,-6.908885692129919,1.0713084829187105,1.4404445152195107,1.3145621478184257,46.618220022231455,50.8177492752728,38.98582770679197,44.63237020645246,-9.485427501854033,-4.332343882405805
2026-08-27,48.71798464875213,41.809098956622215,-6.908885692129919,1.0713084829187107,1.4404445152195107,1.3145621478184257,46.618220022231455,50.8177492752728,38.98582770679197,44.63237020645246,-9.485427501854033,-4.332343882405805
2026-08-28,48.743166572365084,41.8302535135201,-6.912913058844983,1.0652669352536617,1.4242274042788958,1.2949690449657683,46.65524337926791,50.83108976546226,39.03876780113346,44.62173922590674,-9.451052386977889,-4.374773730712077
2026-08-29,48.74316657236508,41.83025351352009,-6.912913058844982,1.0652669352536617,1.4242274042788956,1.2949690449657683,46.6552433792679,50.83108976546225,39.03876780113345,44.62173922590673,-9.451052386977889,-4.374773730712076
2026-08-30,48.669417162238766,42.21075648256678,-6.458660679671987,1.0936034969274981,1.6549923141140843,1.915308738380346,46.52595430826087,50.81288001621666,38.966971546903174,45.454541418230384,-10.212665806897466,-2.7046555524465092
2026-08-31,48.73215307081839,42.21436794471964,-6.51778512609875,1.0326020395227486,1.5317222319545432,1.8160499024661416,46.7082530733538,50.75605306828298,39.21219237008874,45.216543519350544,-10.077242934932388,-2.9583273172651126
2026-09-01,48.93922505881514,42.383115681114354,-6.556109377700786,1.2743363650663755,1.614160457568005,1.7743672631184695,46.441525783285044,51.436924334345235,39.21936118428106,45.546870177947646,-10.033869213412986,-3.0783495419885862
2026-09-02,49.324087297795224,42.313908146365776,-7.010179151429448,1.3107799879185071,1.6176600491385664,1.8870017919384667,46.75495852147495,51.8932160741155,39.143294450054185,45.48452184267737,-10.708702663628841,-3.311655639230053
2026-09-03,49.324087297795224,42.313908146365776,-7.010179151429448,1.3107799879185071,1.6176600491385664,1.8870017919384667,46.75495852147495,51.8932160741155,39.143294450054185,45.48452184267737,-10.708702663628841,-3.311655639230053
2026-09-04,49.324087297795224,42.313908146365776,-7.010179151429448,1.3107799879185071,1.6176600491385664,1.8870017919384667,46.75495852147495,51.8932160741155,39.143294450054185,45.48452184267737,-10.708702663628841,-3.311655639230053
2026-09-05,49.324087297795224,42.313908146365776,-7.010179151429448,1.3107799879185071,1.6176600491385664,1.8870017919384667,46.75495852147495,51.8932160741155,39.143294450054185,45.48452184267737,-10.708702663628841,-3.311655639230053
2026-09-06,49.26752747944254,41.95276252669206,-7.314764952750474,1.2314026633997481,1.69240668634234,1.7966270157919857,46.85397825917904,51.68107669970605,38.63564542146108,45.26987963192305,-10.836153903702765,-3.7933760017981824
2026-09-07,49.26752747944254,41.95276252669206,-7.314764952750474,1.2314026633997481,1.69240668634234,1.7966270157919857,46.85397825917904,51.68107669970605,38.63564542146108,45.26987963192305,-10.836153903702765,-3.7933760017981824
2026-09-08,49.2954289386137,41.73269599480449,-7.5627329438092215,1.192968919093938,1.8151360991453591,1.9813528462399927,46.95720985718958,51.633648020037825,38.17502924047958,45.29036274912939,-11.446184522439607,-3.6792813651788356
2026-09-09,49.535228679478685,41.23393555464793,-8.301293124830751,1.2450671151835684,2.0063868361397192,2.490670273643955,47.09489713371889,51.97556022523848,37.30141735581408,45.166453753481775,-13.183006861172903,-3.419579388488599
2026-09-10,49.538848897557685,41.227872331446086,-8.310976566111599,1.244268326748956,2.007887323483394,2.492517074193844,47.10008297712973,51.97761481798564,37.29241317741863,45.16333148547354,-13.196310031531532,-3.4256431006916648
2026-09-11,49.88952637106944,41.59759466225074,-8.291931708818696,1.7912293801243417,2.3640804016068695,2.412101182343597,46.37871678602573,53.400335956113146,36.963997075101275,46.23119224940021,-13.019650026212146,-3.5642133914252465
2026-09-12,49.895805448666984,41.5947324371849,-8.301073011482078,1.7934335227259115,2.3686037358161416,2.4132958658509303,46.3806757441242,53.41093515320977,36.95226911498526,46.23719575938454,-13.031132908549901,-3.5710131144142547
2026-09-13,49.68109523453151,41.65405717722246,-8.027038057309053,1.6283095793086737,2.0765438034282497,2.18404407307407,46.48960845908651,52.87258200997651,37.584031322503094,45.72408303194183,-12.30776444053423,-3.7463116740838753
2026-09-14,49.61278551803742,41.57971902940243,-8.033066488634988,1.537300498122888,1.8405032619519854,2.1830508189287516,46.59967654171656,52.62589449435828,37.97233263597654,45.187105422828324,-12.31184609373534,-3.7542868835346352
2026-09-15,49.72267379027791,41.829029726939794,-7.893644063338114,1.4308294983196064,1.79987362072985,2.057435164894748,46.91824797357148,52.527099606984336,38.30127743030929,45.3567820235703,-11.92621698653182,-3.861071140144409
2026-09-16,49.604406033908525,41.79641813362001,-7.8079879002885155,1.4505481746499893,1.7414399161870262,2.0114572760153817,46.76133161159454,52.44748045622251,38.38319589789344,45.20964036934658,-11.750444161278663,-3.8655316392983674
2026-09-17,49.56887064863111,41.77693521846966,-7.791935430161448,1.4019882756761957,1.6561678196237246,1.9215382350416887,46.820973628305765,52.31676766895646,38.53084629200716,45.02302414493216,-11.558150370843158,-4.025720489479738
2026-09-18,49.60232202124058,41.75924938531797,-7.843072635922607,1.4052322992720503,1.6423220490325334,1.9302729529484075,46.84806671466736,52.3565773278138,38.5402981692142,44.97820060142174,-11.626407623701486,-4.059737648143729
2026-09-19,49.60340016102367,41.75886114045008,-7.844539020573597,1.4049502442351887,1.6412642607743644,1.92913885869761,46.8496976823227,52.357102639724644,38.54198318933233,44.97573909156783,-11.625651183620914,-4.063426857526282
2026-09-20,49.64725790434655,41.60079295215159,-8.046464952194956,1.3551533525985016,1.686941738200301,1.9288116782935099,46.99115733325349,52.303358475439616,38.294387145279,44.90719875902418,-11.826935841650236,-4.265994062739677
2026-09-21,49.78335793989423,41.39438771072561,-8.388970229168619,1.3745447206103631,1.6552072674758238,2.103085770428322,47.08925028749792,52.47746559229054,38.15018146647299,44.63859395497823,-12.51101833920813,-4.266922119129108
2026-09-22,50.00754897552955,41.43910504741584,-8.56844392811371,1.496762950764272,1.6238802813467643,2.0177513030332817,47.07389359203158,52.94120435902752,38.25629969597618,44.621910398855505,-12.523236482058943,-4.613651374168478
2026-09-23,50.01051316860322,41.43735087448215,-8.573162294121074,1.4966882115914837,1.6227904478710546,2.0163900069685075,47.07700427388391,52.94402206332253,38.256681596654886,44.61802015230941,-12.52528670777935,-4.621037880462799
2026-09-24,50.013498240990494,41.43558495381798,-8.577913287172512,1.4966150971143142,1.6216808326780283,2.0150092428609443,47.08013265064644,52.94686383133455,38.257090521769044,44.614079385866916,-12.527331403179963,-4.628495171165062
2026-09-25,50.08750288419904,41.15538937076692,-8.932113513432123,1.4345239178744462,1.7444198808067053,2.1717879811370717,47.275836005165125,52.899169763232955,37.73632640438578,44.57445233714806,-13.188817956460785,-4.675409070403462
2026-09-26,50.09075830592075,41.15165168101627,-8.939106624904484,1.4338041011103566,1.7439578181403934,2.170880478489284,47.28050226774445,52.90101434409705,37.7334943574611,44.56980900457144,-13.194032362743481,-4.684180887065487
2026-09-27,50.15294287003397,41.11636786508225,-9.036575004951715,1.319277419774129,1.6193672866740079,2.010101674537608,47.567159127276675,52.73872661279126,37.9424079832012,44.29032774696331,-12.976374287045427,-5.096775722858003
2026-09-28,50.25701890803078,41.180831314909504,-9.076187593121272,1.4630272276483334,1.6807319080826197,2.4092409161038435,47.389485541840045,53.124552274221514,37.88659677506757,44.47506585475144,-13.798299788684805,-4.354075397557739
2026-09-29,50.260407212018066,41.178448286659105,-9.081958925358965,1.4626528645886183,1.6802447481738085,2.4105259503418743,47.39360759742438,53.127206826611754,37.88516858023844,44.47172799307977,-13.806589788029038,-4.357328062688891
2026-09-30,50.263821045509275,41.1760496706477,-9.087771374861571,1.4622783886303512,1.6797537606361588,2.41184433776205,47.39775540379379,53.12988668722476,37.883732299800826,44.468367041494574,-13.814986276875189,-4.360556472847953
2026-10-01,50.26726101582597,41.1736352892869,-9.093625726539068,1.4619038036391825,1.6792590950411352,2.4131972033772686,47.401929560693176,53.13259247095877,37.88228746300627,44.46498311556753,-13.823492245158516,-4.363759207919622
2026-10-02,50.623048843031455,41.5622291314885,-9.060819711542955,1.8707993101962748,2.0219838854872885,2.2667024652566954,46.956282195046754,54.28981549101616,37.599140715933416,45.525317547043585,-13.503556543446077,-4.618082879639831
2026-10-03,50.63022260241574,41.56410663382229,-9.066115968593449,1.8735547082133723,2.025111514404055,2.266761721105201,46.95805537431753,54.30238983051395,37.59488806559035,45.533325202054236,-13.508968941959644,-4.623262995227255
2026-10-04,50.63577095978524,41.5755489662284,-9.060221993556834,1.7783477321590866,1.9233994939122823,2.147848611525067,47.15020940475343,54.12133251481705,37.80568595816033,45.345411974296475,-13.270005272145966,-4.850438714967702
2026-10-05,50.57763508504856,41.43644438743165,-9.14119069761691,1.594596060438388,1.739556064380445,1.9234561693620242,47.45222680658932,53.7030433635078,38.026914501245976,44.84597427361732,-12.911164789566477,-5.3712166056673425
