end_date,approve,disapprove,net,approve_std,disapprove_std,net_std,approve_lower_ci,approve_upper_ci,disapprove_lower_ci,disapprove_upper_ci,net_lower_ci,net_upper_ci,issue
2025-01-21,44.63475968716398,36.60747089625757,8.027288790906411,0,0,0,44.63475968716398,44.63475968716398,36.60747089625757,36.60747089625757,8.027288790906411,8.027288790906411,economy
2025-01-22,44.63475968716398,36.60747089625757,8.027288790906411,0,0,0,44.63475968716398,44.63475968716398,36.60747089625757,36.60747089625757,8.027288790906411,8.027288790906411,economy
2025-01-23,46.386185111990564,44.667583801702364,1.7186013102881936,1.1090775204517735,5.104008374559936,3.9949308541081625,44.212393171905084,48.55997705207604,34.66372738756489,54.67144021583984,-6.111463163763805,9.548665784340193,economy
2025-01-24,46.38618511199055,44.667583801702364,1.7186013102881932,1.1090775204517735,5.104008374559935,3.994930854108162,44.21239317190507,48.55997705207603,34.66372738756489,54.67144021583984,-6.111463163763805,9.54866578434019,economy
2025-01-25,46.38618511199056,44.667583801702364,1.7186013102881936,1.1090775204517735,5.104008374559936,3.9949308541081625,44.21239317190508,48.559977052076036,34.66372738756489,54.67144021583984,-6.111463163763805,9.548665784340193,economy
2025-01-26,46.386185111990564,44.667583801702364,1.7186013102881936,1.1090775204517735,5.104008374559936,3.9949308541081625,44.212393171905084,48.55997705207604,34.66372738756489,54.67144021583984,-6.111463163763805,9.548665784340193,economy
2025-01-27,46.38618511199056,44.667583801702364,1.7186013102881936,1.1090775204517735,5.104008374559936,3.9949308541081625,44.21239317190508,48.559977052076036,34.66372738756489,54.67144021583984,-6.111463163763805,9.548665784340193,economy
2025-01-28,47.10086052587791,42.21670340913555,4.884157116742361,1.1926613180048369,4.843361872348234,4.812428992947985,44.763244342588436,49.43847670916739,32.72371413933301,51.70969267893808,-4.548203709435689,14.31651794292041,economy
2025-01-29,47.10086052587791,42.216703409135555,4.884157116742362,1.1926613180048369,4.843361872348234,4.812428992947985,44.763244342588436,49.43847670916739,32.72371413933301,51.7096926789381,-4.548203709435688,14.316517942920411,economy
2025-01-30,47.100860525877906,42.21670340913555,4.884157116742361,1.1926613180048369,4.843361872348234,4.812428992947985,44.76324434258842,49.43847670916739,32.72371413933301,51.70969267893808,-4.548203709435689,14.31651794292041,economy
2025-01-31,47.100860525877906,42.21670340913555,4.884157116742361,1.1926613180048369,4.843361872348234,4.812428992947985,44.76324434258842,49.43847670916739,32.72371413933301,51.70969267893808,-4.548203709435689,14.31651794292041,economy
2025-02-01,47.10086052587792,42.216703409135555,4.884157116742362,1.192661318004837,4.843361872348234,4.812428992947985,44.763244342588436,49.438476709167404,32.72371413933301,51.7096926789381,-4.548203709435688,14.316517942920411,economy
2025-02-02,47.10086052587792,42.216703409135555,4.884157116742362,1.192661318004837,4.843361872348234,4.812428992947985,44.763244342588436,49.438476709167404,32.72371413933301,51.7096926789381,-4.548203709435688,14.316517942920411,economy
2025-02-03,47.100860525877906,42.21670340913555,4.884157116742361,1.1926613180048369,4.843361872348234,4.812428992947985,44.76324434258842,49.43847670916739,32.72371413933301,51.70969267893808,-4.548203709435689,14.31651794292041,economy
2025-02-04,45.53657340538594,42.002464387546574,3.534109017839362,2.100341536434059,4.067509877242927,3.9580749894747957,41.41990399397518,49.65324281679669,34.030145028150436,49.97478374694271,-4.2237179615312375,11.291935997209961,economy
2025-02-05,45.53657340538594,42.002464387546574,3.534109017839362,2.100341536434059,4.067509877242927,3.9580749894747957,41.41990399397518,49.65324281679669,34.030145028150436,49.97478374694271,-4.2237179615312375,11.291935997209961,economy
2025-02-06,45.53657340538594,42.002464387546574,3.5341090178393615,2.100341536434059,4.067509877242927,3.9580749894747957,41.41990399397518,49.65324281679669,34.030145028150436,49.97478374694271,-4.2237179615312375,11.291935997209961,economy
2025-02-07,45.53657340538594,42.00246438754658,3.5341090178393624,2.100341536434059,4.067509877242927,3.9580749894747957,41.41990399397518,49.65324281679669,34.03014502815044,49.97478374694272,-4.2237179615312375,11.291935997209961,economy
2025-02-08,45.53657340538594,42.002464387546574,3.5341090178393615,2.100341536434059,4.067509877242927,3.9580749894747957,41.41990399397518,49.65324281679669,34.030145028150436,49.97478374694271,-4.2237179615312375,11.291935997209961,economy
2025-02-09,45.53657340538594,42.00246438754657,3.534109017839362,2.100341536434059,4.067509877242927,3.9580749894747953,41.41990399397518,49.65324281679669,34.03014502815043,49.974783746942705,-4.223717961531237,11.291935997209961,economy
2025-02-10,45.53657340538594,42.002464387546574,3.534109017839362,2.100341536434059,4.067509877242927,3.9580749894747953,41.41990399397518,49.65324281679669,34.030145028150436,49.97478374694271,-4.223717961531237,11.291935997209961,economy
2025-02-11,45.05561817164786,43.54079860075663,1.5148195708912224,1.7883750097191844,3.7900883495162065,4.021606673684584,41.55040315259826,48.56083319069746,36.112225435704865,50.9693717658084,-6.367529509530562,9.397168651313006,economy
2025-02-12,45.05561817164786,43.54079860075663,1.5148195708912222,1.7883750097191844,3.7900883495162065,4.021606673684584,41.55040315259826,48.56083319069746,36.112225435704865,50.9693717658084,-6.367529509530562,9.397168651313006,economy
2025-02-13,45.028637266254336,44.759746277404076,0.26889098885025975,1.3950460692196591,3.3229268811446833,3.499274012615604,42.2943469705838,47.76292756192487,38.2468095903605,51.272682964447654,-6.589686075876324,7.127468053576843,economy
2025-02-14,45.028637266254336,44.759746277404076,0.26889098885025975,1.3950460692196591,3.3229268811446833,3.499274012615604,42.2943469705838,47.76292756192487,38.2468095903605,51.272682964447654,-6.589686075876324,7.127468053576843,economy
2025-02-15,45.028637266254336,44.759746277404076,0.26889098885025997,1.3950460692196591,3.3229268811446833,3.499274012615604,42.2943469705838,47.76292756192487,38.2468095903605,51.272682964447654,-6.589686075876323,7.127468053576844,economy
2025-02-16,44.15620213305179,46.57638199524104,-2.420179862189253,1.7125409360695416,3.8058263795678693,4.860228540284269,40.79962189835549,47.512782367748095,39.11696229128802,54.03580169919407,-11.946227801146419,7.105868076767914,economy
2025-02-17,43.88174854285603,46.7777819291193,-2.8960333862632637,1.527355269527161,3.2616593407372387,4.21623207163229,40.8881322145828,46.875364871129264,40.38492962127431,53.17063423696429,-11.159848246662552,5.367781474136024,economy
2025-02-18,44.21582910135645,47.383137762078576,-3.1673086607221266,2.2866440620920967,3.05756924692619,3.587852455164551,39.73400673965594,48.69765146305696,41.39030203810324,53.37597348605391,-10.199499472844646,3.8648821514003937,economy
2025-02-19,44.21582910135645,47.383137762078576,-3.167308660722127,2.2866440620920967,3.05756924692619,3.5878524551645516,39.73400673965594,48.69765146305696,41.39030203810324,53.37597348605391,-10.199499472844648,3.864882151400394,economy
2025-02-20,44.066035932916996,48.88873786468588,-4.822701931768882,2.0521121911515494,3.983889412846158,4.51959573988048,40.04389603825996,48.088175827574034,41.08031461550741,56.69716111386435,-13.681109581934624,4.035705718396859,economy
2025-02-21,44.066035932916996,48.88873786468588,-4.822701931768882,2.0521121911515494,3.9838894128461577,4.51959573988048,40.04389603825996,48.088175827574034,41.08031461550741,56.69716111386435,-13.681109581934624,4.035705718396859,economy
2025-02-22,44.066035932916996,48.88873786468588,-4.822701931768882,2.0521121911515494,3.9838894128461577,4.51959573988048,40.04389603825996,48.088175827574034,41.08031461550741,56.69716111386435,-13.681109581934624,4.035705718396859,economy
2025-02-23,44.06603593291699,48.88873786468587,-4.822701931768882,2.0521121911515494,3.9838894128461577,4.51959573988048,40.04389603825995,48.08817582757403,41.080314615507405,56.69716111386434,-13.681109581934624,4.035705718396859,economy
2025-02-24,44.00908258453315,48.93820029610785,-4.929117711574708,2.031591224291038,3.913319604703872,4.462215705355945,40.02716378492271,47.99100138414358,41.268093870888265,56.60830672132744,-13.67506049407236,3.8168250709229437,economy
2025-02-25,44.005017972692805,48.50190071782981,-4.496882745137012,1.9053608538073121,3.874332576366427,4.3539982235971255,40.27051069923047,47.73952524615514,40.90820886815162,56.09559256750801,-13.030719263387379,4.036953773113354,economy
2025-02-26,44.0050179726928,48.50190071782981,-4.496882745137012,1.9053608538073121,3.874332576366427,4.3539982235971255,40.270510699230464,47.73952524615513,40.90820886815162,56.09559256750801,-13.030719263387379,4.036953773113354,economy
2025-02-27,44.0050179726928,48.50190071782981,-4.496882745137011,1.905360853807312,3.874332576366427,4.353998223597125,40.270510699230464,47.73952524615513,40.90820886815162,56.09559256750801,-13.030719263387375,4.036953773113353,economy
2025-02-28,45.01751056942493,49.000757746905485,-3.983247177480556,2.8792395014801624,3.606745602255741,4.209618685526711,39.37420114652381,50.66081999232605,41.93153636648423,56.06997912732674,-12.234099801112908,4.267605446151797,economy
2025-03-01,45.01751056942493,49.000757746905485,-3.983247177480556,2.8792395014801624,3.606745602255741,4.209618685526711,39.37420114652381,50.66081999232605,41.93153636648423,56.06997912732674,-12.234099801112908,4.267605446151797,economy
2025-03-02,45.01751056942493,49.000757746905485,-3.983247177480556,2.8792395014801624,3.606745602255741,4.209618685526711,39.37420114652381,50.66081999232605,41.93153636648423,56.06997912732674,-12.234099801112908,4.267605446151797,economy
2025-03-03,45.017510569424935,49.00075774690549,-3.983247177480556,2.879239501480163,3.6067456022557414,4.209618685526711,39.374201146523816,50.660819992326054,41.93153636648424,56.06997912732675,-12.234099801112908,4.267605446151797,economy
2025-03-04,44.315020688366154,48.67015281246426,-4.355132124098105,2.6848450132762864,3.358295436699971,3.9496535678093214,39.052724462344635,49.57731691438767,42.08789375653232,55.2524118683962,-12.096453117004376,3.3861888688081647,economy
2025-03-05,44.315020688366154,48.67015281246426,-4.355132124098105,2.684845013276286,3.3582954366999713,3.949653567809322,39.052724462344635,49.57731691438767,42.08789375653232,55.2524118683962,-12.096453117004376,3.3861888688081656,economy
2025-03-06,44.31502068836615,48.67015281246425,-4.3551321240981045,2.684845013276286,3.358295436699971,3.9496535678093214,39.05272446234463,49.577316914387666,42.08789375653231,55.252411868396194,-12.096453117004375,3.3861888688081656,economy
2025-03-07,44.315020688366154,48.67015281246426,-4.355132124098105,2.6848450132762864,3.358295436699971,3.949653567809322,39.052724462344635,49.57731691438767,42.08789375653232,55.2524118683962,-12.096453117004376,3.3861888688081656,economy
2025-03-08,44.315020688366154,48.67015281246426,-4.355132124098105,2.6848450132762864,3.358295436699971,3.9496535678093214,39.052724462344635,49.57731691438767,42.08789375653232,55.2524118683962,-12.096453117004376,3.3861888688081647,economy
2025-03-09,44.337009253567196,48.68160228464498,-4.344593031077785,2.5253414669324235,3.158027036532424,3.7140479392829633,39.38733997837964,49.28667852875475,42.49186929304143,54.87133527624853,-11.624126992072394,2.9349409299168228,economy
2025-03-10,42.15693473144141,50.315266701932934,-8.158331970491526,3.264660533551376,3.0969770277759046,5.256264264441019,35.75820008568071,48.55566937720211,44.24519172749216,56.385341676373706,-18.460609928795925,2.143945987812872,economy
2025-03-11,41.51270438458454,50.83074206313917,-9.318037678554637,3.0826972140994697,3.042113002795933,5.290475605015045,35.47061784494958,47.554790924219496,44.86820057765914,56.7932835486192,-19.687369864384124,1.0512945072748519,economy
2025-03-12,42.326051510433125,50.22896644540578,-7.9029149349726575,2.9731463357004797,2.847995242960238,5.221401870393977,36.49868469246019,48.15341832840606,44.64689576920372,55.811037121607846,-18.136862600944852,2.331032730999536,economy
2025-03-13,42.326051510433125,50.22896644540578,-7.9029149349726575,2.9731463357004797,2.847995242960238,5.221401870393977,36.49868469246019,48.15341832840606,44.64689576920372,55.811037121607846,-18.136862600944852,2.331032730999536,economy
2025-03-14,42.326051510433125,50.22896644540578,-7.902914934972658,2.9731463357004797,2.847995242960238,5.221401870393977,36.49868469246019,48.15341832840606,44.64689576920372,55.811037121607846,-18.136862600944852,2.331032730999535,economy
2025-03-15,42.32605151043313,50.22896644540579,-7.902914934972659,2.97314633570048,2.847995242960238,5.2214018703939775,36.49868469246019,48.153418328406076,44.646895769203724,55.81103712160785,-18.136862600944855,2.331032730999536,economy
2025-03-16,42.18796884856634,50.933837015985695,-8.745868167419351,2.7929526444783606,3.1959468879178368,5.311631661643939,36.71378166538876,47.662156031743926,44.66978111566674,57.19789291630465,-19.15666622424147,1.664929889402769,economy
2025-03-17,42.094903158777434,51.190823366558554,-9.095920207781123,2.590639597850785,3.0178774771499137,4.980672867156648,37.017249546989895,47.172556770564974,45.27578351134473,57.10586322177238,-18.858039027408154,0.6661986118459069,economy
2025-03-18,42.248200651956914,51.19346705828754,-8.945266406330623,2.5287637607435602,2.871831644839542,4.7937663429936945,37.29182368089953,47.204577623014295,45.56467703440204,56.82225708217304,-18.341048438598264,0.4505156259370189,economy
2025-03-19,42.20921235075652,51.06220828868583,-8.85299593792931,2.3106040674826054,2.638620512986041,4.381947785467034,37.68042837849062,46.73799632302243,45.89051208323319,56.23390449413847,-17.441613597444693,-0.2643782784139237,economy
2025-03-20,42.20921235075652,51.06220828868583,-8.85299593792931,2.3106040674826054,2.638620512986041,4.381947785467034,37.68042837849062,46.73799632302243,45.89051208323319,56.23390449413847,-17.441613597444693,-0.2643782784139237,economy
2025-03-21,42.209212350756516,51.06220828868583,-8.852995937929308,2.3106040674826054,2.638620512986041,4.381947785467034,37.68042837849061,46.73799632302242,45.89051208323319,56.23390449413847,-17.441613597444693,-0.2643782784139219,economy
2025-03-22,42.20921235075652,51.06220828868583,-8.852995937929308,2.3106040674826054,2.638620512986041,4.381947785467034,37.68042837849062,46.73799632302243,45.89051208323319,56.23390449413847,-17.441613597444693,-0.2643782784139219,economy
2025-03-23,42.20921235075652,51.06220828868583,-8.85299593792931,2.3106040674826054,2.638620512986041,4.381947785467034,37.68042837849062,46.73799632302243,45.89051208323319,56.23390449413847,-17.441613597444693,-0.2643782784139237,economy
2025-03-24,42.20921235075652,51.06220828868584,-8.85299593792931,2.3106040674826054,2.6386205129860416,4.381947785467034,37.68042837849062,46.73799632302243,45.8905120832332,56.23390449413848,-17.441613597444693,-0.2643782784139237,economy
2025-03-25,42.16838141778608,50.83445301797802,-8.666071600191938,2.1727096943860107,2.5879466826344077,4.189937629654791,37.9098704167895,46.42689241878266,45.76207752001458,55.90682851594146,-16.878349354315326,-0.4537938460685478,economy
2025-03-26,42.16838141778609,50.83445301797802,-8.666071600191938,2.172709694386011,2.587946682634408,4.189937629654791,37.9098704167895,46.42689241878267,45.76207752001458,55.90682851594146,-16.878349354315326,-0.4537938460685478,economy
2025-03-27,41.930623387027616,53.531260632109216,-11.600637245081595,2.3012226373186544,4.644694219655551,5.644879725096848,37.42022701788305,46.44101975617218,44.42765996158434,62.63486130263409,-22.664601506271417,-0.5366729838917728,economy
2025-03-28,42.49334600797321,53.635180788834404,-11.141834780861195,2.7203362834031024,4.375438344852474,5.542768410401631,37.16148689250313,47.82520512344329,45.059321632923556,62.21103994474525,-22.00566086524839,-0.27800869647400006,economy
2025-03-29,42.493346007973216,53.635180788834404,-11.141834780861195,2.7203362834031024,4.375438344852474,5.542768410401631,37.161486892503135,47.8252051234433,45.059321632923556,62.21103994474525,-22.00566086524839,-0.27800869647400006,economy
2025-03-30,42.49334600797321,53.635180788834404,-11.141834780861195,2.7203362834031024,4.375438344852474,5.54276841040163,37.16148689250313,47.82520512344329,45.059321632923556,62.21103994474525,-22.005660865248387,-0.27800869647400184,economy
2025-03-31,42.493346007973216,53.63518078883441,-11.141834780861197,2.720336283403103,4.375438344852474,5.542768410401631,37.161486892503135,47.8252051234433,45.05932163292356,62.21103994474526,-22.005660865248394,-0.27800869647400184,economy
2025-04-01,42.11206194426213,53.39476573375331,-11.28270378949118,2.745953177711392,4.073158831758748,5.391964750091235,36.7299937159478,47.49413017257646,45.41137442350616,61.37815704400046,-21.850954699669998,-0.7144528793123595,economy
2025-04-02,41.79842330508656,53.30639624761435,-11.507972942527793,2.6990898269061274,3.8206450242755623,5.07792902530009,36.50820724435055,47.088639365822566,45.81793200003425,60.794860495194456,-21.46071383211597,-1.5552320529396173,economy
2025-04-03,41.79842330508656,53.30639624761435,-11.507972942527793,2.6990898269061274,3.8206450242755627,5.07792902530009,36.50820724435055,47.088639365822566,45.81793200003425,60.794860495194456,-21.46071383211597,-1.5552320529396173,economy
2025-04-04,41.79842330508656,53.30639624761435,-11.507972942527793,2.6990898269061274,3.8206450242755627,5.07792902530009,36.50820724435055,47.088639365822566,45.81793200003425,60.794860495194456,-21.46071383211597,-1.5552320529396173,economy
2025-04-05,41.79842330508656,53.30639624761435,-11.507972942527793,2.6990898269061274,3.8206450242755623,5.07792902530009,36.50820724435055,47.088639365822566,45.81793200003425,60.794860495194456,-21.46071383211597,-1.5552320529396173,economy
2025-04-06,41.79842330508656,53.30639624761435,-11.507972942527793,2.6990898269061274,3.8206450242755623,5.07792902530009,36.50820724435055,47.088639365822566,45.81793200003425,60.794860495194456,-21.46071383211597,-1.5552320529396173,economy
2025-04-07,40.97834774164811,54.12739474706745,-13.149047005419343,2.6635500416255,3.772497497982278,5.316035836707157,35.75778966006213,46.198905823234085,46.733299651022186,61.52148984311271,-23.568477245365372,-2.729616765473315,economy
2025-04-08,40.84352538404022,54.05723970360829,-13.213714319568066,2.5198044294956405,3.61875168859077,5.042585463341972,35.90470870222877,45.78234206585167,46.96448639397038,61.149993013246196,-23.09718182771833,-3.330246811417801,economy
2025-04-09,40.84352538404022,54.05723970360829,-13.213714319568066,2.5198044294956405,3.61875168859077,5.042585463341972,35.90470870222877,45.78234206585167,46.96448639397038,61.149993013246196,-23.09718182771833,-3.330246811417801,economy
2025-04-10,40.502899816875086,54.6784091260006,-14.175509309125522,2.6206952771302685,3.969102603979575,5.673335942315366,35.36633707369976,45.63946256005041,46.898968022200634,62.45785022980057,-25.295247756063638,-3.055770862187405,economy
2025-04-11,40.7495927269692,55.07020811205498,-14.320615385085777,2.5889239745961072,3.875355720019024,5.348570616335328,35.67530173676083,45.823883717177566,47.47451090081769,62.665905323292264,-24.803813793103018,-3.837416977068534,economy
2025-04-12,40.7495927269692,55.07020811205498,-14.320615385085777,2.5889239745961072,3.875355720019024,5.348570616335328,35.67530173676083,45.823883717177566,47.47451090081769,62.665905323292264,-24.803813793103018,-3.837416977068534,economy
2025-04-13,40.92063358243289,54.53112368402423,-13.610490101591338,2.4378317593185486,3.7533498232984206,5.212473832717464,36.14248333416854,45.698783830697245,47.17455803035933,61.88768933768913,-23.826938813717568,-3.3940413894651087,economy
2025-04-14,40.3511023674944,54.64879196988371,-14.297689602389305,2.048211575887715,3.0249413157877973,4.242174738691141,36.336607678754476,44.36559705623432,48.71990699093963,60.57767694882779,-22.61235209022394,-5.98302711455467,economy
2025-04-15,40.54695376885281,54.29141440283311,-13.744460633980301,2.0165325903831994,2.993661762555821,4.254656369833362,36.59454989170174,44.49935764600388,48.4238373482237,60.158991457442525,-22.083587118853693,-5.405334149106912,economy
2025-04-16,40.54695376885281,54.29141440283311,-13.744460633980301,2.0165325903831994,2.993661762555821,4.254656369833362,36.59454989170174,44.49935764600388,48.4238373482237,60.158991457442525,-22.083587118853693,-5.405334149106912,economy
2025-04-17,40.54695376885281,54.29141440283311,-13.744460633980301,2.0165325903831994,2.993661762555821,4.254656369833363,36.59454989170174,44.49935764600388,48.4238373482237,60.158991457442525,-22.083587118853693,-5.40533414910691,economy
2025-04-18,40.27386609983381,54.515475006545074,-14.24160890671126,1.9464716104154722,2.786126506409112,4.053326604928537,36.458781743419486,44.088950456248135,49.054667053983216,59.97628295910693,-22.186129052371193,-6.297088761051328,economy
2025-04-19,40.27386609983381,54.515475006545074,-14.241608906711262,1.9464716104154722,2.786126506409112,4.053326604928537,36.458781743419486,44.088950456248135,49.054667053983216,59.97628295910693,-22.186129052371193,-6.29708876105133,economy
2025-04-20,40.3902610651183,54.36912550262578,-13.978864437507474,1.9405678517087706,2.7600713501217204,4.0605596985649415,36.586748075769115,44.19377405446749,48.959385656387205,59.77886534886435,-21.937561446694758,-6.020167428320188,economy
2025-04-21,39.86936041919229,53.811205451815226,-13.941845032622933,2.0612517062776443,2.611608005183615,3.6796279493970725,35.829307074888106,43.909413763496474,48.692453761655344,58.92995714197511,-21.153915813441195,-6.72977425180467,economy
2025-04-22,40.11021977134835,54.5996102519818,-14.489390480633453,2.0677549335314516,3.1901525087132137,3.820455735391696,36.057420101626704,44.16301944106999,48.3469113349039,60.8523091690597,-21.97748372200118,-7.001297239265729,economy
2025-04-23,40.200711494022116,54.425583280368535,-14.224871786346421,1.9655165702625115,3.046542138484818,3.677282999047019,36.34829901630759,44.05312397173664,48.454360688938294,60.396805871798776,-21.432346464478577,-7.017397108214264,economy
2025-04-24,40.33830505376993,54.24512683643233,-13.9068217826624,1.9135471307032674,2.8941098309763698,3.586519441068664,36.587752677591524,44.088857429948334,48.57267156771864,59.91758210514601,-20.93639988715698,-6.877243678167819,economy
2025-04-25,40.367004926924416,54.573517185511534,-14.206512258587116,1.8615344810595293,3.1012160035110994,3.6615646747363497,36.71839734404774,44.015612509801095,48.49513381862978,60.651900552393286,-21.38317902107036,-7.029845496103871,economy
2025-04-26,40.36700492692441,54.57351718551153,-14.206512258587114,1.8615344810595291,3.1012160035110994,3.6615646747363493,36.71839734404773,44.01561250980109,48.495133818629775,60.65190055239328,-21.383179021070358,-7.02984549610387,economy
2025-04-27,40.29048180916048,54.628015135952964,-14.337533326792483,1.8699269829812928,2.9996747106153596,3.6516907007478174,36.62542492251715,43.95553869580382,48.74865270314686,60.50737756875907,-21.494847100258205,-7.180219553326761,economy
2025-04-28,39.74809478163146,54.51728703315304,-14.769192251521579,2.04737781394076,2.802467864879862,3.7129505873934625,35.73523426630757,43.760955296955345,49.02445001798851,60.01012404831757,-22.046575402812763,-7.491809100230393,economy
2025-04-29,39.74809478163146,54.51728703315303,-14.769192251521579,2.04737781394076,2.802467864879862,3.712950587393463,35.73523426630757,43.760955296955345,49.0244500179885,60.010124048317564,-22.046575402812767,-7.491809100230392,economy
2025-04-30,39.74809478163145,54.51728703315303,-14.769192251521577,2.04737781394076,2.802467864879862,3.7129505873934625,35.73523426630756,43.760955296955345,49.0244500179885,60.010124048317564,-22.046575402812763,-7.491809100230391,economy
2025-05-01,39.74809478163145,54.51728703315303,-14.769192251521577,2.04737781394076,2.802467864879862,3.7129505873934625,35.73523426630756,43.760955296955345,49.0244500179885,60.010124048317564,-22.046575402812763,-7.491809100230391,economy
2025-05-02,39.74809478163146,54.51728703315303,-14.769192251521577,2.04737781394076,2.802467864879862,3.7129505873934625,35.73523426630757,43.760955296955345,49.0244500179885,60.010124048317564,-22.046575402812763,-7.491809100230391,economy
2025-05-03,39.74809478163145,54.51728703315303,-14.769192251521577,2.04737781394076,2.802467864879862,3.7129505873934625,35.73523426630756,43.760955296955345,49.0244500179885,60.010124048317564,-22.046575402812763,-7.491809100230391,economy
2025-05-04,39.74809478163146,54.51728703315303,-14.769192251521579,2.04737781394076,2.802467864879862,3.7129505873934625,35.73523426630757,43.760955296955345,49.0244500179885,60.010124048317564,-22.046575402812763,-7.491809100230393,economy
2025-05-05,39.56965679703071,54.48162064390875,-14.91196384687804,2.0741053962039233,2.7491919816360455,3.7591335349161774,35.50441022047102,43.6349033735904,49.0932043599021,59.87003692791539,-22.27986557531375,-7.544062118442332,economy
2025-05-06,39.513712771979755,54.48545473928763,-14.971741967307878,2.0679908748306075,2.7081815161783065,3.718679706082232,35.46045065731177,43.56697488664774,49.17741896757815,59.79349051099712,-22.26035419122905,-7.683129743386703,economy
2025-05-07,39.513712771979755,54.48545473928763,-14.971741967307878,2.0679908748306075,2.708181516178306,3.718679706082232,35.46045065731177,43.56697488664774,49.177418967578156,59.79349051099711,-22.26035419122905,-7.683129743386703,economy
2025-05-08,39.51371277197976,54.48545473928764,-14.97174196730788,2.0679908748306075,2.7081815161783065,3.7186797060822325,35.46045065731177,43.566974886647756,49.17741896757816,59.79349051099712,-22.260354191229055,-7.683129743386704,economy
2025-05-09,39.513712771979755,54.48545473928763,-14.971741967307878,2.0679908748306075,2.708181516178306,3.718679706082232,35.46045065731177,43.56697488664774,49.177418967578156,59.79349051099711,-22.26035419122905,-7.683129743386703,economy
2025-05-10,39.51371277197976,54.48545473928764,-14.97174196730788,2.0679908748306075,2.7081815161783065,3.7186797060822325,35.46045065731177,43.566974886647756,49.17741896757816,59.79349051099712,-22.260354191229055,-7.683129743386704,economy
2025-05-11,39.52417501861052,54.816213777931964,-15.292038759321443,1.88804594072448,2.5806583867380044,3.469609729127144,35.82360497479054,43.2247450624305,49.758123339925476,59.87430421593845,-22.092473828410647,-8.49160369023224,economy
2025-05-12,39.722779120738494,54.68398871344968,-14.961209592711185,1.71956184443047,2.4513663444952822,3.3178137404939547,36.352437905654774,43.09312033582221,49.87931067823892,59.488666748660435,-21.464124524079338,-8.458294661343034,economy
2025-05-13,39.93144584918015,54.44363941156296,-14.512193562382816,1.732671604842735,2.3780907826879027,3.3648306972693653,36.53540950368839,43.32748219467191,49.782581477494674,59.10469734563125,-21.10726172903077,-7.9171253957348595,economy
2025-05-14,39.93144584918015,54.44363941156296,-14.512193562382816,1.732671604842735,2.3780907826879027,3.3648306972693653,36.53540950368839,43.32748219467191,49.782581477494674,59.10469734563125,-21.10726172903077,-7.9171253957348595,economy
2025-05-15,40.49797459984873,53.740204703214026,-13.242230103365298,1.893205669086872,2.31100556099789,3.538948842339717,36.78729148843846,44.208657711259,49.21063380365816,58.26977560276989,-20.178569834351144,-6.305890372379452,economy
2025-05-16,40.49797459984873,53.740204703214026,-13.242230103365298,1.8932056690868717,2.3110055609978906,3.538948842339717,36.78729148843846,44.208657711259,49.21063380365816,58.26977560276989,-20.178569834351144,-6.305890372379452,economy
2025-05-17,40.49797459984873,53.740204703214026,-13.242230103365298,1.893205669086872,2.3110055609978906,3.538948842339717,36.78729148843846,44.208657711259,49.21063380365816,58.26977560276989,-20.178569834351144,-6.305890372379452,economy
2025-05-18,40.53575918869235,53.88590076844247,-13.35014157975012,1.7984279985520886,2.220387163977165,3.3830173607034846,37.01084031153026,44.06067806585445,49.53394192704722,58.23785960983771,-19.98085560672895,-6.719427552771291,economy
2025-05-19,40.352429088412684,53.64132983098946,-13.288900742576773,1.7450617183527912,2.3610627330375933,3.4114789707628144,36.932108120441214,43.772750056384155,49.01364687423578,58.269012787743144,-19.97539952527189,-6.602401959881657,economy
2025-05-20,40.337451877995136,53.74234934122547,-13.40489746323034,1.6864847817217727,2.312027623024901,3.3216568727358564,37.03194170582046,43.642962050169814,49.21077520009666,58.27392348235428,-19.915344933792618,-6.894449992668061,economy
2025-05-21,40.337451877995136,53.74234934122547,-13.40489746323034,1.6864847817217727,2.312027623024901,3.3216568727358564,37.03194170582046,43.642962050169814,49.21077520009666,58.27392348235428,-19.915344933792618,-6.894449992668061,economy
2025-05-22,40.337451877995136,53.74234934122548,-13.404897463230341,1.6864847817217727,2.312027623024901,3.3216568727358564,37.03194170582046,43.642962050169814,49.21077520009667,58.273923482354284,-19.915344933792618,-6.894449992668063,economy
2025-05-23,40.337451877995136,53.74234934122548,-13.404897463230341,1.6864847817217727,2.312027623024901,3.3216568727358564,37.03194170582046,43.642962050169814,49.21077520009667,58.273923482354284,-19.915344933792618,-6.894449992668063,economy
2025-05-24,40.337451877995136,53.74234934122548,-13.40489746323034,1.6864847817217727,2.312027623024901,3.3216568727358564,37.03194170582046,43.642962050169814,49.21077520009667,58.273923482354284,-19.915344933792618,-6.894449992668061,economy
2025-05-25,40.29418966187887,53.86406089208702,-13.569871230208149,1.6245153736312719,2.2631533564239246,3.24347561918618,37.11013952956157,43.47823979419616,49.428280313496124,58.29984147067791,-19.92708344381306,-7.212659016603236,economy
2025-05-26,40.38311185085629,53.78802917732007,-13.40491732646378,1.5591231867206063,2.137737091821005,3.1081655278919738,37.3272304048839,43.43899329682868,49.5980644773509,57.97799387728924,-19.49692176113205,-7.312912891795511,economy
2025-05-27,40.0202994380334,53.81480728735847,-13.794507849325075,1.4443272209354447,1.8109599631743922,2.7063952045126074,37.18941808499993,42.85118079106687,50.26532575953666,57.36428881518028,-19.099042450169787,-8.489973248480364,economy
2025-05-28,40.0202994380334,53.81480728735848,-13.794507849325075,1.4443272209354447,1.8109599631743925,2.7063952045126074,37.18941808499993,42.85118079106687,50.265325759536665,57.36428881518029,-19.099042450169787,-8.489973248480364,economy
2025-05-29,39.7909193292759,54.219268422352194,-14.428349093076294,1.4353969407579807,1.9525727748869495,2.956293141430324,36.97754132539026,42.60429733316154,50.39222578357377,58.046311061130616,-20.222683650279727,-8.63401453587286,economy
2025-05-30,39.790919329275894,54.21926842235219,-14.428349093076292,1.4353969407579805,1.9525727748869495,2.956293141430324,36.977541325390256,42.60429733316153,50.392225783573764,58.04631106113061,-20.222683650279727,-8.634014535872858,economy
2025-05-31,39.7909193292759,54.219268422352194,-14.428349093076294,1.4353969407579807,1.9525727748869495,2.956293141430324,36.97754132539026,42.60429733316154,50.39222578357377,58.046311061130616,-20.222683650279727,-8.63401453587286,economy
2025-06-01,39.7909193292759,54.219268422352194,-14.428349093076294,1.4353969407579807,1.9525727748869495,2.956293141430324,36.97754132539026,42.60429733316154,50.39222578357377,58.046311061130616,-20.222683650279727,-8.63401453587286,economy
2025-06-02,39.95662217893931,54.04210848527305,-14.08548630633374,1.357561801154201,1.9428069694318977,2.8704155448238686,37.29580104867708,42.61744330920155,50.234206825186526,57.85001014535957,-19.711500774188522,-8.459471838478958,economy
2025-06-03,39.95662217893931,54.04210848527305,-14.085486306333738,1.357561801154201,1.9428069694318977,2.8704155448238686,37.29580104867708,42.61744330920155,50.234206825186526,57.85001014535957,-19.711500774188522,-8.459471838478956,economy
2025-06-04,39.956622178939305,54.04210848527305,-14.085486306333738,1.357561801154201,1.9428069694318977,2.8704155448238686,37.29580104867707,42.61744330920154,50.234206825186526,57.85001014535957,-19.711500774188522,-8.459471838478956,economy
2025-06-05,39.95662217893931,54.04210848527305,-14.085486306333738,1.357561801154201,1.9428069694318977,2.8704155448238686,37.29580104867708,42.61744330920155,50.234206825186526,57.85001014535957,-19.711500774188522,-8.459471838478956,economy
2025-06-06,40.08884354074855,54.84240718472773,-14.75356364397918,1.326993468921586,2.6472254707348837,3.082121798882288,37.48793634166224,42.68975073983486,49.65384526208736,60.03096910736811,-20.794522369788467,-8.712604918169896,economy
2025-06-07,40.08884354074855,54.84240718472773,-14.75356364397918,1.326993468921586,2.6472254707348837,3.082121798882288,37.48793634166224,42.68975073983486,49.65384526208736,60.03096910736811,-20.794522369788467,-8.712604918169896,economy
2025-06-08,39.95017195223735,54.98252943108235,-15.032357478844999,1.3447955222434445,2.584662909869362,3.0946208210815658,37.314372728640194,42.5859711758345,49.9165901277384,60.048468734426294,-21.09781428816487,-8.96690066952513,economy
2025-06-09,39.72509004376093,54.97078607956865,-15.24569603580772,1.169119891936758,2.220215849157334,2.735506406196808,37.433615055564886,42.01656503195697,50.61916301522027,59.32240914391702,-20.607288591953463,-9.884103479661977,economy
2025-06-10,39.72509004376093,54.970786079568654,-15.24569603580772,1.169119891936758,2.220215849157334,2.735506406196808,37.433615055564886,42.01656503195697,50.61916301522028,59.32240914391703,-20.607288591953463,-9.884103479661977,economy
2025-06-11,39.72509004376093,54.97078607956865,-15.24569603580772,1.169119891936758,2.220215849157334,2.735506406196808,37.433615055564886,42.01656503195697,50.61916301522027,59.32240914391702,-20.607288591953463,-9.884103479661977,economy
2025-06-12,39.55310813079928,55.66380227575337,-16.11069414495409,1.159382256221567,2.6595033216026973,3.3340182448517663,37.28071890860501,41.82549735299355,50.45117576541208,60.87642878609466,-22.64536990486355,-9.576018385044627,economy
2025-06-13,39.55310813079928,55.66380227575337,-16.110694144954092,1.1593822562215672,2.6595033216026978,3.3340182448517663,37.28071890860501,41.82549735299355,50.45117576541208,60.87642878609466,-22.645369904863554,-9.57601838504463,economy
2025-06-14,39.907091467741445,55.19327240069676,-15.286180932955316,1.4674695619384355,2.8226615619207376,3.8826687520670946,37.030851126342114,42.783331809140776,49.66085573933212,60.725689062061406,-22.896211687006822,-7.676150178903812,economy
2025-06-15,39.96764242005233,55.28604377695854,-15.318401356906211,1.422640409898372,2.7436720294194434,3.744165200423575,37.17926721665152,42.75601762345314,49.90844659929643,60.663640954620654,-22.65696514973642,-7.979837564076004,economy
2025-06-16,40.06535992718428,54.7788698464171,-14.71350991923282,1.4220717826813933,2.4342712435820815,3.4832904476830593,37.27809923312875,42.852620621239815,50.007698208996224,59.55004148383798,-21.540759196691617,-7.886260641774023,economy
2025-06-17,39.95948383847487,54.76486350242812,-14.805379663953255,1.3894326710191873,2.313971338561693,3.323051823847758,37.23619580327726,42.68277187367247,50.229479678847206,59.300247326009035,-21.318561238694862,-8.292198089211649,economy
2025-06-18,40.27808101739245,54.541738029340884,-14.263657011948435,1.700931689678796,2.4020481053565645,3.7331063020724677,36.94425490562201,43.611907129162894,49.83372374284202,59.24975231583975,-21.580545364010472,-6.9467686598863985,economy
2025-06-19,40.27808101739246,54.5417380293409,-14.263657011948437,1.700931689678796,2.4020481053565645,3.733106302072468,36.94425490562202,43.6119071291629,49.83372374284203,59.249752315839764,-21.580545364010476,-6.946768659886399,economy
2025-06-20,40.149399906130775,54.63768740695939,-14.488287500828609,1.7244792793207204,2.359696808741048,3.725718329170937,36.769420518662166,43.52937929359938,50.01268166182693,59.26269315209184,-21.790695426003644,-7.185879575653573,economy
2025-06-21,40.149399906130775,54.63768740695939,-14.488287500828609,1.7244792793207204,2.359696808741048,3.725718329170937,36.769420518662166,43.52937929359938,50.01268166182693,59.26269315209184,-21.790695426003644,-7.185879575653573,economy
2025-06-22,39.967625947795995,54.75235547304165,-14.784729525245659,1.7947550453566445,2.32888651626869,3.7789224479570023,36.44990605889697,43.48534583669502,50.187737901155025,59.31697304492828,-22.191417523241384,-7.378041527249935,economy
2025-06-23,39.60587767145151,54.85845162182049,-15.252573950368982,1.8172229506588216,2.3391145753086904,3.721684564648955,36.04412068816022,43.1676346547428,50.27378705421546,59.443116189425524,-22.547075697080935,-7.95807220365703,economy
2025-06-24,39.442150389731566,54.905929892787434,-15.463779503055868,1.782038202751951,2.2184217724945197,3.574852495370575,35.94935551233774,42.93494526712539,50.557823218698175,59.25403656687669,-22.470490393982196,-8.45706861212954,economy
2025-06-25,39.17111892262348,55.07521887023344,-15.904099947609964,1.7250133628726865,2.2628972406953327,3.596615267298474,35.79009273139301,42.552145113853946,50.63994027847059,59.510497461996295,-22.95346587151497,-8.854734023704957,economy
2025-06-26,39.17111892262348,55.07521887023344,-15.904099947609964,1.7250133628726865,2.2628972406953327,3.596615267298474,35.79009273139301,42.552145113853946,50.63994027847059,59.510497461996295,-22.95346587151497,-8.854734023704957,economy
2025-06-27,39.17111892262348,55.07521887023345,-15.904099947609964,1.7250133628726865,2.2628972406953327,3.596615267298474,35.79009273139301,42.552145113853946,50.6399402784706,59.5104974619963,-22.95346587151497,-8.854734023704957,economy
2025-06-28,39.17111892262348,55.07521887023345,-15.904099947609966,1.7250133628726865,2.2628972406953327,3.596615267298474,35.79009273139301,42.552145113853946,50.6399402784706,59.5104974619963,-22.953465871514975,-8.854734023704957,economy
2025-06-29,39.2804940497665,55.091406285233276,-15.810912235466768,1.7025886455829795,2.1880284686333384,3.481490096528112,35.94342030442386,42.617567795109146,50.80287048671193,59.37994208375462,-22.634632824661868,-8.987191646271668,economy
2025-06-30,39.62424599371764,54.77685025285899,-15.15260425914135,1.796879009438861,2.170527462645345,3.625356756172121,36.10236313521747,43.146128852217814,50.522616426074116,59.03108407964387,-22.258303501238707,-8.046905017043994,economy
2025-07-01,39.62424599371764,54.77685025285899,-15.15260425914135,1.796879009438861,2.170527462645345,3.625356756172121,36.10236313521747,43.146128852217814,50.522616426074116,59.03108407964387,-22.258303501238707,-8.046905017043994,economy
2025-07-02,39.62424599371764,54.77685025285899,-15.152604259141352,1.796879009438861,2.170527462645345,3.625356756172121,36.10236313521747,43.146128852217814,50.522616426074116,59.03108407964387,-22.258303501238707,-8.046905017043995,economy
2025-07-03,39.62424599371764,54.77685025285899,-15.152604259141352,1.796879009438861,2.170527462645345,3.625356756172121,36.10236313521747,43.146128852217814,50.522616426074116,59.03108407964387,-22.258303501238707,-8.046905017043995,economy
2025-07-04,39.624245993717636,54.77685025285899,-15.15260425914135,1.796879009438861,2.170527462645345,3.625356756172121,36.102363135217466,43.14612885221781,50.522616426074116,59.03108407964387,-22.258303501238707,-8.046905017043994,economy
2025-07-05,39.62424599371764,54.77685025285899,-15.15260425914135,1.796879009438861,2.170527462645345,3.625356756172121,36.10236313521747,43.146128852217814,50.522616426074116,59.03108407964387,-22.258303501238707,-8.046905017043994,economy
2025-07-06,39.51726506218131,54.93222670145616,-15.414961639274852,1.7391838004595044,2.132447494528493,3.5549653310616622,36.10846481328068,42.926065311081935,50.752629612180314,59.111823790732004,-22.38269368815571,-8.447229590393993,economy
2025-07-07,39.449852484133544,54.72639666089162,-15.276544176758078,1.6382666918327822,2.1185361342063667,3.3932393893403865,36.23884976814129,42.660855200125795,50.574065837847144,58.8787274839361,-21.927293379865233,-8.62579497365092,economy
2025-07-08,39.2805911275948,54.654698549117114,-15.374107421522316,1.5283256314236169,1.8741408847103624,3.0495536918006882,36.285072890004514,42.27610936518509,50.9813824150848,58.328014683149426,-21.351232657451664,-9.396982185592968,economy
2025-07-09,39.280591127594796,54.654698549117114,-15.374107421522314,1.5283256314236169,1.8741408847103624,3.0495536918006882,36.28507289000451,42.276109365185086,50.9813824150848,58.328014683149426,-21.351232657451664,-9.396982185592964,economy
2025-07-10,39.2805911275948,54.654698549117114,-15.374107421522316,1.5283256314236169,1.8741408847103624,3.0495536918006882,36.285072890004514,42.27610936518509,50.9813824150848,58.328014683149426,-21.351232657451664,-9.396982185592968,economy
2025-07-11,39.2805911275948,54.654698549117114,-15.374107421522316,1.5283256314236169,1.8741408847103624,3.0495536918006882,36.285072890004514,42.27610936518509,50.9813824150848,58.328014683149426,-21.351232657451664,-9.396982185592968,economy
2025-07-12,39.2805911275948,54.65469854911712,-15.374107421522316,1.5283256314236169,1.8741408847103627,3.0495536918006882,36.285072890004514,42.27610936518509,50.98138241508481,58.32801468314943,-21.351232657451664,-9.396982185592968,economy
2025-07-13,38.9742896075744,54.234360546931285,-15.260070939356885,1.7268448096490479,1.8490646785353153,2.6578411123867514,35.58967378066227,42.35890543448653,50.61019377700207,57.8585273168605,-20.469439519634918,-10.050702359078851,economy
2025-07-14,39.42515700685389,54.39164174018958,-14.966484733335687,1.5498540305821038,1.487304714642138,2.2627658938406716,36.38744310691296,42.46287090679481,51.476524499490985,57.30675898088817,-19.401505885263404,-10.53146358140797,economy
2025-07-15,39.42515700685389,54.39164174018958,-14.966484733335687,1.5498540305821038,1.487304714642138,2.2627658938406716,36.38744310691296,42.46287090679481,51.476524499490985,57.30675898088817,-19.401505885263404,-10.53146358140797,economy
2025-07-16,39.70695012370326,54.20871100309102,-14.50176087938776,2.002589560976889,1.7978613089038915,3.381584046888294,35.78187458418856,43.63202566321796,50.68490283763939,57.732519168542645,-21.129665611288814,-7.873856147486704,economy
2025-07-17,39.70695012370326,54.20871100309102,-14.50176087938776,2.002589560976889,1.7978613089038915,3.381584046888294,35.78187458418856,43.63202566321796,50.68490283763939,57.732519168542645,-21.129665611288814,-7.873856147486704,economy
2025-07-18,39.28511643900649,54.8090731339366,-15.52395669493012,2.0061801930793326,2.434062442696892,3.741879860933369,35.35300326057099,43.21722961744198,50.038310746250694,59.579835521622506,-22.858041222359525,-8.189872167500717,economy
2025-07-19,39.28511643900648,54.8090731339366,-15.52395669493012,2.006180193079332,2.434062442696892,3.741879860933369,35.353003260570986,43.21722961744197,50.038310746250694,59.579835521622506,-22.858041222359525,-8.189872167500717,economy
2025-07-20,39.30034309585974,54.8695719187018,-15.569228822842064,1.8921024226981034,2.2592695190734586,3.510796211118716,35.591822347371455,43.00886384434802,50.44140366131782,59.29774017608578,-22.450389396634748,-8.68806824904938,economy
2025-07-21,39.2310526630017,54.861244470749945,-15.630191807748252,2.2435495938261205,2.3870146991071044,4.2292845519434366,34.8336954591025,43.628409866900896,50.18269566050002,59.53979328099987,-23.91958952955739,-7.340794085939116,economy
2025-07-22,39.309736305161074,54.91580357684588,-15.606067271684806,2.153857604369505,2.282718588941365,4.033716083672433,35.088175400596846,43.5312972097253,50.44167514252081,59.389932011170956,-23.51215079568277,-7.699983747686838,economy
2025-07-23,39.309736305161074,54.915803576845875,-15.606067271684806,2.153857604369505,2.282718588941365,4.033716083672433,35.088175400596846,43.5312972097253,50.4416751425208,59.38993201117095,-23.51215079568277,-7.699983747686838,economy
2025-07-24,39.309736305161074,54.915803576845875,-15.606067271684806,2.153857604369505,2.282718588941365,4.033716083672433,35.088175400596846,43.5312972097253,50.4416751425208,59.38993201117095,-23.51215079568277,-7.699983747686838,economy
2025-07-25,39.30973630516107,54.915803576845875,-15.606067271684806,2.153857604369505,2.282718588941365,4.033716083672433,35.08817540059684,43.531297209725295,50.4416751425208,59.38993201117095,-23.51215079568277,-7.699983747686838,economy
2025-07-26,39.309736305161074,54.91580357684588,-15.606067271684806,2.153857604369505,2.282718588941365,4.033716083672433,35.088175400596846,43.5312972097253,50.44167514252081,59.389932011170956,-23.51215079568277,-7.699983747686838,economy
2025-07-27,39.407254874419564,54.912572323641776,-15.505317449222215,2.070493255696922,2.1844320412445835,3.847628958687576,35.3490880932536,43.46542165558553,50.631085522802394,59.19405912448116,-23.046670208249864,-7.963964690194566,economy
2025-07-28,39.23782729775814,54.93773681557381,-15.699909517815673,2.100813362032228,2.184300556457431,3.917162192477157,35.12023310817497,43.3554214873413,50.65650772491724,59.21896590623037,-23.3775474150709,-8.022271620560446,economy
2025-07-29,39.110167008399856,55.26857472499138,-16.158407716591523,2.078099103432514,2.3706568016939005,4.082555384031149,35.03709276567213,43.18324125112758,50.622087393671336,59.91506205631143,-24.160216269292576,-8.156599163890471,economy
2025-07-30,39.110167008399856,55.26857472499138,-16.158407716591523,2.078099103432514,2.3706568016939,4.082555384031149,35.03709276567213,43.18324125112758,50.622087393671336,59.91506205631143,-24.160216269292576,-8.156599163890471,economy
2025-07-31,39.06820990693202,55.37826103216333,-16.31005112523131,1.9936275398686008,2.2976060427385314,3.938152304923385,35.16069992878956,42.975719885074476,50.87495318839581,59.88156887593085,-24.028829642881146,-8.591272607581477,economy
2025-08-01,39.06820990693202,55.37826103216334,-16.310051125231315,1.9936275398686008,2.2976060427385314,3.938152304923385,35.16069992878956,42.975719885074476,50.874953188395814,59.88156887593086,-24.02882964288115,-8.59127260758148,economy
2025-08-02,39.06820990693202,55.37826103216334,-16.310051125231315,1.993627539868601,2.2976060427385314,3.938152304923385,35.16069992878956,42.975719885074476,50.874953188395814,59.88156887593086,-24.02882964288115,-8.59127260758148,economy
2025-08-03,39.24728995492403,55.30330707961685,-16.056017124692822,2.1754028534899486,2.257403361392915,4.1199934730031735,34.98350036208373,43.511079547764325,50.878796491286735,59.727817667946965,-24.131204331779042,-7.980829917606602,economy
2025-08-04,39.24875619853999,55.271380687923724,-16.02262448938373,2.108651975971694,2.1790635204003785,3.9894470737599668,35.115798325635474,43.38171407144451,51.00041618793898,59.54234518790847,-23.841940753953267,-8.203308224814196,economy
2025-08-05,39.24875619853999,55.271380687923724,-16.02262448938373,2.1086519759716937,2.179063520400378,3.9894470737599668,35.115798325635474,43.38171407144451,51.00041618793898,59.54234518790847,-23.841940753953267,-8.203308224814196,economy
2025-08-06,39.24875619853999,55.271380687923724,-16.02262448938373,2.108651975971694,2.1790635204003785,3.9894470737599668,35.115798325635474,43.38171407144451,51.00041618793898,59.54234518790847,-23.841940753953267,-8.203308224814196,economy
2025-08-07,39.24875619854,55.27138068792373,-16.02262448938373,2.108651975971694,2.1790635204003785,3.989447073759967,35.11579832563548,43.38171407144452,51.00041618793899,59.542345187908474,-23.841940753953267,-8.203308224814194,economy
2025-08-08,39.24875619854,55.27138068792373,-16.02262448938373,2.108651975971694,2.1790635204003785,3.989447073759967,35.11579832563548,43.38171407144452,51.00041618793899,59.542345187908474,-23.841940753953267,-8.203308224814194,economy
2025-08-09,39.24875619854,55.27138068792373,-16.02262448938373,2.108651975971694,2.1790635204003785,3.989447073759967,35.11579832563548,43.38171407144452,51.00041618793899,59.542345187908474,-23.841940753953267,-8.203308224814194,economy
2025-08-10,39.59122215423768,54.766866373548645,-15.175644219310968,1.8900529746370482,2.114258235243818,3.751576156555929,35.88671832394906,43.29572598452629,50.62292023247076,58.91081251462653,-22.52873348616059,-7.8225549524613465,economy
2025-08-11,39.720926576578734,54.65229947849773,-14.931372901918992,1.8046208177577687,1.9941306964968466,3.564110753453803,36.18386977377351,43.25798337938396,50.74380331336391,58.56079564363155,-21.917029978688447,-7.945715825149539,economy
2025-08-12,39.72092657657874,54.65229947849773,-14.931372901918994,1.8046208177577687,1.9941306964968468,3.564110753453803,36.183869773773516,43.257983379383965,50.74380331336391,58.56079564363155,-21.917029978688447,-7.9457158251495406,economy
2025-08-13,39.72092657657874,54.65229947849773,-14.931372901918992,1.8046208177577687,1.9941306964968468,3.564110753453803,36.183869773773516,43.257983379383965,50.74380331336391,58.56079564363155,-21.917029978688447,-7.945715825149539,economy
2025-08-14,39.72092657657874,54.65229947849773,-14.931372901918992,1.8046208177577687,1.9941306964968468,3.564110753453803,36.183869773773516,43.257983379383965,50.74380331336391,58.56079564363155,-21.917029978688447,-7.945715825149539,economy
2025-08-15,39.720926576578734,54.652299478497724,-14.93137290191899,1.8046208177577687,1.9941306964968466,3.5641107534538023,36.18386977377351,43.25798337938396,50.743803313363905,58.56079564363154,-21.917029978688443,-7.945715825149538,economy
2025-08-16,39.720926576578734,54.652299478497724,-14.93137290191899,1.8046208177577687,1.9941306964968466,3.5641107534538023,36.18386977377351,43.25798337938396,50.743803313363905,58.56079564363154,-21.917029978688443,-7.945715825149538,economy
2025-08-17,39.720926576578734,54.65229947849773,-14.931372901918992,1.8046208177577687,1.9941306964968466,3.5641107534538023,36.18386977377351,43.25798337938396,50.74380331336391,58.56079564363155,-21.917029978688447,-7.94571582514954,economy
2025-08-18,39.76614623968781,54.37783814994115,-14.611691910253342,1.6490840010845758,1.752620051747908,3.198612323724833,36.53394159756204,42.99835088181357,50.942702848515246,57.81297345136705,-20.880972064754015,-8.342411755752668,economy
2025-08-19,39.51642894619839,54.28417155273404,-14.767742606535649,1.7615913712569602,1.6927319635837474,3.0900239236126463,36.06370985853475,42.96914803386203,50.96641690410989,57.60192620135818,-20.824189496816437,-8.711295716254861,economy
2025-08-20,39.16268225861842,54.606751244672324,-15.444068986053903,1.8130137434802256,1.8016662648356117,3.287788479300431,35.609175321397174,42.71618919583966,51.075485365594524,58.138017123750124,-21.88813440548275,-9.000003566625058,economy
2025-08-21,39.12402765291508,54.57346186576208,-15.449434212846993,1.7112826996996688,1.6755203457213987,3.0773461171295136,35.76991356150373,42.478141744326436,51.289441988148134,57.85748174337602,-21.48103260242084,-9.417835823273148,economy
2025-08-22,39.12402765291508,54.57346186576208,-15.449434212846993,1.7112826996996688,1.6755203457213987,3.077346117129514,35.76991356150373,42.478141744326436,51.289441988148134,57.85748174337602,-21.48103260242084,-9.417835823273146,economy
2025-08-23,39.12402765291508,54.57346186576208,-15.449434212846993,1.7112826996996688,1.6755203457213987,3.0773461171295136,35.76991356150373,42.478141744326436,51.289441988148134,57.85748174337602,-21.48103260242084,-9.417835823273148,economy
2025-08-24,39.10821837039509,54.827367629455935,-15.71914925906084,1.6485289764604971,1.7470244555811807,3.0475898455750614,35.87710157653252,42.33933516425767,51.40319969651682,58.25153556239505,-21.69242535638796,-9.74587316173372,economy
2025-08-25,39.037610947841905,54.96196834397092,-15.924357396129016,1.6608361478151135,1.7687951449316315,3.1513111969168004,35.782372098124284,42.292849797559526,51.49512985990493,58.42880682803692,-22.100927342085946,-9.747787450172087,economy
2025-08-26,39.037610947841905,54.96196834397092,-15.924357396129016,1.6608361478151135,1.7687951449316315,3.1513111969168004,35.782372098124284,42.292849797559526,51.49512985990493,58.42880682803692,-22.100927342085946,-9.747787450172087,economy
2025-08-27,39.037610947841905,54.96196834397092,-15.924357396129015,1.6608361478151135,1.7687951449316315,3.1513111969168004,35.782372098124284,42.292849797559526,51.49512985990493,58.42880682803692,-22.100927342085942,-9.747787450172087,economy
2025-08-28,39.037610947841905,54.96196834397092,-15.924357396129015,1.6608361478151135,1.7687951449316315,3.1513111969168004,35.782372098124284,42.292849797559526,51.49512985990493,58.42880682803692,-22.100927342085942,-9.747787450172087,economy
2025-08-29,39.037610947841905,54.96196834397092,-15.924357396129016,1.6608361478151135,1.7687951449316315,3.1513111969168004,35.782372098124284,42.292849797559526,51.49512985990493,58.42880682803692,-22.100927342085946,-9.747787450172087,economy
2025-08-30,39.045456087889335,55.173500630873384,-16.12804454298405,1.5824749569537393,1.8166197831881425,3.0717231711679136,35.94380517226001,42.14710700351866,51.61292585582463,58.73407540592214,-22.14862195847316,-10.107467127494939,economy
2025-08-31,38.93908364961354,55.17619681990893,-16.237113170295387,1.578058059961427,1.7476336940678356,2.9975651177212574,35.84608985208915,42.03207744713794,51.75083477953597,58.60155886028189,-22.112340801029053,-10.361885539561722,economy
2025-09-01,39.00685263508411,55.20607343012699,-16.199220795042887,1.5114750275958622,1.6610074520525857,2.8470879323401004,36.04436158099622,41.969343689172,51.950498824103924,58.46164803615006,-21.779513142429483,-10.618928447656291,economy
2025-09-02,38.54922561300366,55.46337898463558,-16.91415337163193,1.8047769312110329,1.8273530093873458,3.3350340926145603,35.01186282783003,42.086588398177284,51.88176708623639,59.04499088303478,-23.450820193156467,-10.377486550107392,economy
2025-09-03,38.54922561300366,55.46337898463559,-16.91415337163193,1.8047769312110329,1.8273530093873458,3.3350340926145603,35.01186282783003,42.086588398177284,51.881767086236394,59.044990883034785,-23.450820193156467,-10.377486550107392,economy
2025-09-04,38.54922561300366,55.46337898463559,-16.91415337163193,1.8047769312110329,1.8273530093873458,3.3350340926145603,35.01186282783003,42.086588398177284,51.881767086236394,59.044990883034785,-23.450820193156467,-10.377486550107392,economy
2025-09-05,38.74855679513693,55.95498936952018,-17.206432574383246,1.752068052769105,2.3471808913237413,3.3408505551873935,35.31450341170948,42.182610178564374,51.354514822525644,60.55546391651471,-23.754499662550536,-10.658365486215956,economy
2025-09-06,38.74855679513693,55.95498936952018,-17.206432574383246,1.752068052769105,2.3471808913237413,3.3408505551873935,35.31450341170948,42.182610178564374,51.354514822525644,60.55546391651471,-23.754499662550536,-10.658365486215956,economy
2025-09-07,38.74855679513693,55.95498936952017,-17.206432574383246,1.752068052769105,2.3471808913237413,3.3408505551873935,35.31450341170948,42.182610178564374,51.35451482252564,60.555463916514704,-23.754499662550536,-10.658365486215956,economy
2025-09-08,38.40434143930101,56.25283817097714,-17.848496731676132,1.6621116223006933,2.0246522814413,3.1843293496443064,35.14660265959165,41.66208021901036,52.284519699352195,60.22115664260209,-24.08978225697897,-11.607211206373291,economy
2025-09-09,38.31826635991787,56.11732909181046,-17.799062731892587,1.5265851579998595,1.9656563226052046,3.0063036113827075,35.326159450238144,41.3103732695976,52.26464269950426,59.970015484116665,-23.691417810202694,-11.90670765358248,economy
2025-09-10,38.40738982157618,56.17306200012281,-17.76567217854663,1.4753280473454802,1.8749951415957973,2.8577071348158083,35.51574684877904,41.299032794373325,52.49807152259505,59.848052477650576,-23.366778162785614,-12.164566194307646,economy
2025-09-11,38.581388104999604,55.968560780147094,-17.387172675147493,1.5376937388772967,1.9319683689701526,3.0356789007741565,35.567508376800106,41.5952678331991,52.18190277696559,59.755218783328594,-23.337103320664838,-11.437242029630147,economy
2025-09-12,38.581388104999604,55.968560780147094,-17.387172675147493,1.5376937388772967,1.9319683689701526,3.0356789007741565,35.567508376800106,41.5952678331991,52.18190277696559,59.755218783328594,-23.337103320664838,-11.437242029630147,economy
2025-09-13,38.581388104999604,55.968560780147094,-17.38717267514749,1.5376937388772967,1.9319683689701523,3.0356789007741565,35.567508376800106,41.5952678331991,52.18190277696559,59.755218783328594,-23.337103320664838,-11.437242029630143,economy
2025-09-14,38.481608997787845,56.041964770970985,-17.560355773183137,1.5513352711150792,1.9026660821310317,3.0367391225676843,35.44099186640229,41.5222261291734,52.312739249994166,59.7711902919478,-23.5123644534158,-11.608347092950474,economy
2025-09-15,38.58966894629077,56.55347665174987,-17.963807705459097,2.127996629395249,2.046002380623052,3.200578428831777,34.41879555267609,42.760542339905456,52.543311985728685,60.56364131777105,-24.236941425969377,-11.690673984948814,economy
2025-09-16,39.14356018268661,55.613198307341,-16.469638124654384,2.480826912590203,3.16084538450381,4.991573056522861,34.281139434009816,44.00598093136341,49.41794135371353,61.80845526096847,-26.25312131543919,-6.686154933869577,economy
2025-09-17,38.816808562525,56.00420826507812,-17.187399702553122,2.6323561390724355,3.3007150716090927,5.372504283615779,33.65739052994302,43.97622659510697,49.5348067247243,62.47360980543194,-27.71750809844005,-6.657291306666195,economy
2025-09-18,38.816808562525,56.00420826507812,-17.187399702553122,2.6323561390724355,3.300715071609093,5.372504283615779,33.65739052994302,43.97622659510697,49.5348067247243,62.47360980543194,-27.71750809844005,-6.657291306666195,economy
2025-09-19,38.87065113393693,55.93522990609707,-17.064578772160136,2.612857252216267,3.277282923308597,5.3421875941783865,33.749450919593045,43.99185134828082,49.51175537641222,62.358704435781924,-27.535266456749774,-6.593891087570498,economy
2025-09-20,38.76921616736647,56.06616187019772,-17.29694570283124,2.564953590413707,3.219627389724135,5.260686575802645,33.74190713015561,43.796525204577335,49.755692186338415,62.37663155405702,-27.607891391404426,-6.986000014258057,economy
2025-09-21,38.566082459808825,56.04732044929493,-17.48123798948611,2.3000229249747273,2.9056375770055216,4.774150826957303,34.05803752685836,43.074127392759294,50.35227079836411,61.74237010022575,-26.838573610322427,-8.123902368649796,economy
2025-09-22,38.40603963255041,56.04938146856406,-17.64334183601365,2.2685156304918865,2.681476057472819,4.5084024120258865,33.95974899678631,42.85233026831451,50.79368839591733,61.305074541210786,-26.479810563584387,-8.806873108442913,economy
2025-09-23,38.4060396325504,56.04938146856405,-17.643341836013647,2.268515630491886,2.681476057472819,4.508402412025886,33.9597489967863,42.8523302683145,50.79368839591733,61.30507454121077,-26.479810563584383,-8.806873108442911,economy
2025-09-24,38.63762842098859,55.853129769925495,-17.215501348936908,2.2279509393812944,2.5799812676081486,4.402742210604851,34.270844579801256,43.004412262175926,50.79636648541352,60.90989305443747,-25.844876081722415,-8.5861266161514,economy
2025-09-25,38.63762842098859,55.8531297699255,-17.21550134893691,2.2279509393812944,2.579981267608149,4.402742210604851,34.270844579801256,43.004412262175926,50.79636648541353,60.909893054437475,-25.84487608172242,-8.586126616151404,economy
2025-09-26,38.63762842098859,55.8531297699255,-17.21550134893691,2.2279509393812944,2.5799812676081486,4.402742210604851,34.270844579801256,43.004412262175926,50.79636648541353,60.909893054437475,-25.84487608172242,-8.586126616151404,economy
2025-09-27,39.0841707290683,55.516775667780095,-16.432604938711794,2.3569761933366813,2.5435550077589415,4.543274086982651,34.4644973901284,43.703844068008195,50.53140785257257,60.50214348298762,-25.33742214919779,-7.5277877282258,economy
2025-09-28,39.009588886167364,55.739542949174755,-16.72995406300739,2.3151579804285345,2.6447259871062356,4.59783526360859,34.471879244527436,43.54729852780729,50.55588001444653,60.92320588390298,-25.741711179680227,-7.7181969463345546,economy
2025-09-29,38.83123649607051,55.78562453338205,-16.95438803731154,2.236694031755701,2.5507185448824847,4.4139264091703625,34.44731619382934,43.21515679831168,50.78621618541238,60.78503288135172,-25.60568379928545,-8.303092275337628,economy
2025-09-30,38.83123649607051,55.78562453338205,-16.95438803731154,2.236694031755701,2.5507185448824847,4.4139264091703625,34.44731619382934,43.21515679831168,50.78621618541238,60.78503288135172,-25.60568379928545,-8.303092275337628,economy
2025-10-01,38.83123649607051,55.78562453338205,-16.95438803731154,2.236694031755701,2.5507185448824847,4.4139264091703625,34.44731619382934,43.21515679831168,50.78621618541238,60.78503288135172,-25.60568379928545,-8.303092275337628,economy
2025-10-02,38.6369191741593,55.74995537673573,-17.113036202576428,2.1204701728586537,2.3593774039477866,4.097987098953291,34.48079763535634,42.79304071296227,51.12557566499807,60.37433508847339,-25.14509091652488,-9.080981488627978,economy
2025-10-03,38.6995125066129,56.21318732722433,-17.513674820611435,2.0374635782715624,2.7990786181480067,4.225789995909549,34.706083893200635,42.69294112002516,50.72699323565424,61.699381418794424,-25.79622321259415,-9.231126428628718,economy
2025-10-04,38.6995125066129,56.21318732722433,-17.513674820611435,2.0374635782715624,2.7990786181480067,4.225789995909549,34.706083893200635,42.69294112002516,50.72699323565424,61.699381418794424,-25.79622321259415,-9.231126428628718,economy
2025-10-05,38.65642039681936,56.32682545678434,-17.670405059964978,1.9338986492891872,2.6810340153667997,4.048534043450356,34.86597904421255,42.44686174942616,51.07199878666542,61.581652126903265,-25.605531785127674,-9.73527833480228,economy
2025-10-06,38.44566945104312,56.38768381869155,-17.942014367648422,1.8679017578121853,2.493535459782126,3.8372184860862184,34.78458200573124,42.10675689635501,51.500354317518585,61.27501331986451,-25.46296260037741,-10.421066134919435,economy
2025-10-07,38.28509690491023,56.317676884919365,-18.032579980009128,1.8515966479725996,2.3955476923280172,3.6889892339542527,34.65596747488394,41.91422633493653,51.622403407956455,61.012950361882275,-25.262998878559465,-10.802161081458793,economy
2025-10-08,38.28509690491024,56.317676884919365,-18.032579980009128,1.8515966479725996,2.3955476923280172,3.688989233954253,34.655967474883944,41.91422633493654,51.622403407956455,61.012950361882275,-25.262998878559465,-10.802161081458792,economy
2025-10-09,38.28509690491024,56.317676884919365,-18.032579980009128,1.8515966479725996,2.3955476923280172,3.6889892339542527,34.655967474883944,41.91422633493654,51.622403407956455,61.012950361882275,-25.262998878559465,-10.802161081458793,economy
2025-10-10,38.28509690491024,56.317676884919365,-18.032579980009128,1.8515966479725996,2.3955476923280172,3.6889892339542527,34.655967474883944,41.91422633493654,51.622403407956455,61.012950361882275,-25.262998878559465,-10.802161081458793,economy
2025-10-11,38.28509690491024,56.317676884919365,-18.032579980009128,1.8515966479725996,2.3955476923280172,3.6889892339542527,34.655967474883944,41.91422633493654,51.622403407956455,61.012950361882275,-25.262998878559465,-10.802161081458793,economy
2025-10-12,37.95591826683177,56.42846295390138,-18.472544687069608,1.860222953352776,2.212674338740513,3.5362717220084527,34.309881278260335,41.60195525540321,52.091621249969975,60.765304657832786,-25.403637262206175,-11.54145211193304,economy
2025-10-13,37.8653768677192,56.320508213300286,-18.45513134558109,1.7951549703143166,2.1281217664470367,3.383338221668266,34.34687312590314,41.38388060953526,52.1493895510641,60.491626875536475,-25.086474260050892,-11.82378843111129,economy
2025-10-14,37.86537686771919,56.320508213300286,-18.45513134558109,1.7951549703143166,2.1281217664470367,3.383338221668266,34.34687312590313,41.383880609535254,52.1493895510641,60.491626875536475,-25.086474260050892,-11.82378843111129,economy
2025-10-15,37.8653768677192,56.32050821330029,-18.45513134558109,1.7951549703143166,2.1281217664470367,3.383338221668266,34.34687312590314,41.38388060953526,52.149389551064104,60.49162687553648,-25.086474260050892,-11.82378843111129,economy
2025-10-16,37.976492271190104,56.32192078758793,-18.34542851639782,1.7813698645741258,2.1004873017642853,3.44518602405436,34.48500733662482,41.46797720575539,52.20496567612993,60.438875899045925,-25.097993123544367,-11.592863909251275,economy
2025-10-17,37.976492271190104,56.32192078758793,-18.34542851639782,1.7813698645741256,2.1004873017642853,3.44518602405436,34.48500733662482,41.46797720575539,52.20496567612993,60.438875899045925,-25.097993123544367,-11.592863909251275,economy
2025-10-18,37.97649227119011,56.321920787587935,-18.345428516397824,1.7813698645741258,2.1004873017642853,3.44518602405436,34.485007336624825,41.467977205755396,52.20496567612994,60.43887589904593,-25.09799312354437,-11.592863909251278,economy
2025-10-19,37.95363094766314,56.31629169102597,-18.362660743362824,1.712172979736383,2.0113820386214876,3.3039098202152264,34.59777190737983,41.309489987946456,52.37398289532785,60.258600486724085,-24.83832399098467,-11.88699749574098,economy
2025-10-20,37.74144364579046,56.303943735649504,-18.562500089859043,1.3964803336637854,1.8799047019740591,2.884159574511046,35.00434219180944,40.47854509977148,52.61933051978035,59.98855695151866,-24.215452855900693,-12.909547323817392,economy
2025-10-21,37.74144364579046,56.303943735649504,-18.562500089859043,1.3964803336637854,1.8799047019740591,2.8841595745110458,35.00434219180944,40.47854509977148,52.61933051978035,59.98855695151866,-24.215452855900693,-12.909547323817392,economy
2025-10-22,37.74144364579046,56.3039437356495,-18.562500089859043,1.3964803336637852,1.8799047019740591,2.8841595745110458,35.00434219180944,40.47854509977148,52.61933051978034,59.98855695151865,-24.215452855900693,-12.909547323817392,economy
2025-10-23,37.81900567199189,56.05857315804563,-18.239567486053748,1.353523747878676,1.956430571247151,2.936954365812727,35.16609912614968,40.471912217834095,52.22396923840122,59.89317707769005,-23.99599804304669,-12.483136929060803,economy
2025-10-24,37.81900567199188,56.058573158045625,-18.239567486053744,1.3535237478786757,1.956430571247151,2.936954365812727,35.166099126149675,40.47191221783409,52.22396923840121,59.89317707769004,-23.99599804304669,-12.4831369290608,economy
2025-10-25,37.81900567199188,56.058573158045625,-18.239567486053744,1.3535237478786757,1.956430571247151,2.936954365812727,35.166099126149675,40.47191221783409,52.22396923840121,59.89317707769004,-23.99599804304669,-12.4831369290608,economy
2025-10-26,37.66790695956611,56.2772141337029,-18.609307174136795,1.3412646368418761,1.9215382190678911,2.9237695978809803,35.03902827135603,40.29678564777619,52.51099922432983,60.04342904307597,-24.339895585983516,-12.878718762290074,economy
2025-10-27,37.314853150834196,56.576286760898064,-19.261433610063868,1.5984097070452534,1.9928492068991055,3.2853677626170934,34.1819701250255,40.44773617664289,52.67030231537582,60.48227120642031,-25.70075442479337,-12.822112795334366,economy
2025-10-28,37.512366792129924,57.08288926178709,-19.57052246965716,1.6703986309967898,2.525945628794632,3.3162267069953804,34.23838547537622,40.78634810888363,52.13203582934961,62.033742694224564,-26.070326815368105,-13.070718123946214,economy
2025-10-29,37.583698063983,56.96811979194184,-19.384421727958838,1.687116168646607,2.5602343941778094,3.4126897772143105,34.27695037343565,40.89044575453035,51.95006037935333,61.986179204530345,-26.073293691298886,-12.69554976461879,economy
2025-10-30,37.583698063983,56.96811979194184,-19.384421727958838,1.687116168646607,2.5602343941778094,3.4126897772143105,34.27695037343565,40.89044575453035,51.95006037935333,61.986179204530345,-26.073293691298886,-12.69554976461879,economy
2025-10-31,37.570370300213916,57.62975992056213,-20.059389620348213,1.5850826809425413,3.190960444794928,3.909313259130712,34.46360824556653,40.6771323548613,51.37547744876407,63.884042392360186,-27.72164360824441,-12.397135632452017,economy
2025-11-01,37.570370300213916,57.62975992056214,-20.059389620348213,1.5850826809425413,3.1909604447949285,3.909313259130712,34.46360824556653,40.6771323548613,51.37547744876407,63.8840423923602,-27.72164360824441,-12.397135632452017,economy
2025-11-02,37.57840592051629,57.626519083687825,-20.04811316317154,1.5255586674723298,3.0743668820040684,3.768192325333681,34.588310932270524,40.568500908762054,51.60075999495985,63.6522781724158,-27.433770120825553,-12.662456205517525,economy
2025-11-03,37.54614300008303,57.619564076807265,-20.073421076724244,1.4308557067659282,2.8569633620389117,3.510309975749002,34.74166581482181,40.35062018534425,52.019915887211,63.21921226640353,-26.953628629192288,-13.193213524256201,economy
2025-11-04,37.54614300008303,57.61956407680727,-20.073421076724244,1.4308557067659282,2.856963362038912,3.510309975749002,34.74166581482181,40.35062018534425,52.019915887211006,63.21921226640354,-26.953628629192288,-13.193213524256201,economy
2025-11-05,37.54614300008303,57.61956407680727,-20.073421076724244,1.4308557067659282,2.856963362038912,3.510309975749002,34.74166581482181,40.35062018534425,52.019915887211006,63.21921226640354,-26.953628629192288,-13.193213524256201,economy
2025-11-06,37.186103598746406,57.6119058837783,-20.425802285031885,1.5164555331557898,2.595796240529329,3.2751775264358822,34.21385075376106,40.158356443731755,52.524145252340816,62.69966651521578,-26.845150236846216,-14.006454333217556,economy
2025-11-07,37.186103598746406,57.61190588377829,-20.425802285031885,1.5164555331557898,2.5957962405293284,3.2751775264358822,34.21385075376106,40.158356443731755,52.52414525234081,62.699666515215775,-26.845150236846216,-14.006454333217556,economy
2025-11-08,37.18610359874641,57.611905883778306,-20.42580228503189,1.5164555331557898,2.595796240529329,3.2751775264358827,34.213850753761065,40.15835644373176,52.52414525234082,62.69966651521579,-26.84515023684622,-14.006454333217558,economy
2025-11-09,37.07935224553172,57.8896986125804,-20.81034636704868,1.5086200520388444,2.566111664709034,3.3305574847960404,34.12245694353559,40.03624754752786,52.860119749750694,62.91927747541011,-27.33823903724892,-14.282453696848442,economy
2025-11-10,36.859483428508526,58.13139056189359,-21.271907133385067,1.5252855852107237,2.4764241372813336,3.363333533252204,33.86992368149551,39.849043175521544,53.27759925282218,62.985181870965,-27.864040858559388,-14.679773408210746,economy
2025-11-11,36.859483428508526,58.131390561893596,-21.27190713338507,1.5252855852107237,2.4764241372813336,3.363333533252204,33.86992368149551,39.849043175521544,53.277599252822185,62.98518187096501,-27.86404085855939,-14.67977340821075,economy
2025-11-12,36.563954605253016,58.219635286071004,-21.65568068081799,1.4622626396421892,2.134544035154351,3.0268832195661113,33.69791983155432,39.42998937895171,54.035928977168474,62.40334159497353,-27.588371791167567,-15.722989570468414,economy
2025-11-13,36.563954605253016,58.219635286071004,-21.655680680817987,1.4622626396421892,2.134544035154351,3.026883219566111,33.69791983155432,39.42998937895171,54.035928977168474,62.40334159497353,-27.588371791167564,-15.72298957046841,economy
2025-11-14,36.600002116874,58.45971542861755,-21.859713311743548,1.3660694761081806,2.2804629856664396,3.0592727410521965,33.92250594370197,39.27749829004603,53.990007976711325,62.929422880523774,-27.855887884205853,-15.863538739281243,economy
2025-11-15,36.600002116873995,58.45971542861754,-21.859713311743544,1.3660694761081806,2.2804629856664396,3.059272741052196,33.922505943701964,39.277498290046026,53.99000797671132,62.92942288052377,-27.85588788420585,-15.863538739281239,economy
2025-11-16,36.60147237176032,58.45376201716543,-21.852289645405108,1.3136322039561454,2.191157859779612,2.9369748223384677,34.02675325200628,39.176191491514366,54.159092611997394,62.74843142233347,-27.608760297188503,-16.095818993621712,economy
2025-11-17,36.52071123103619,58.24865387124931,-21.727942640213122,1.0551699242775612,1.732454182356784,2.323896465625985,34.45257817945217,38.58884428262021,54.853043673830015,61.644264068668605,-26.282779712840053,-17.17310556758619,economy
2025-11-18,36.52071123103619,58.2486538712493,-21.727942640213122,1.0551699242775612,1.732454182356784,2.323896465625985,34.45257817945217,38.58884428262021,54.85304367383001,61.6442640686686,-26.282779712840053,-17.17310556758619,economy
2025-11-19,36.52071123103618,58.2486538712493,-21.727942640213122,1.0551699242775612,1.732454182356784,2.323896465625985,34.45257817945216,38.5888442826202,54.85304367383001,61.6442640686686,-26.282779712840053,-17.17310556758619,economy
2025-11-20,36.311637028994916,58.541754683370456,-22.230117654375537,1.444340804830876,2.0012675425869744,3.114076163133694,33.480729051526396,39.142545006463436,54.61927029989999,62.464239066840925,-28.333706934117576,-16.126528374633498,economy
2025-11-21,36.177240133749024,59.291525290422044,-23.114285156673024,1.4231008605205224,2.912526848292499,3.9255056601614053,33.3879624471288,38.96651782036925,53.58297266776874,65.00007791307534,-30.80827625058938,-15.42029406275667,economy
2025-11-22,36.177240133749024,59.291525290422044,-23.114285156673024,1.4231008605205224,2.912526848292499,3.9255056601614053,33.3879624471288,38.96651782036925,53.58297266776874,65.00007791307534,-30.80827625058938,-15.42029406275667,economy
2025-11-23,36.20033348306721,59.24396852226587,-23.043635039198655,1.3850682892041914,2.8350954161093886,3.822528282968886,33.48559963622699,38.91506732990743,53.687181506691466,64.80075553784027,-30.53579047381767,-15.55147960457964,economy
2025-11-24,36.20459580269924,59.184768986141314,-22.98017318344208,1.3377861899212746,2.6225570642717146,3.582049480370325,33.58253487045354,38.82665673494493,54.044557140168756,64.32498083211388,-30.000990164967916,-15.959356201916243,economy
2025-11-25,36.217109528607814,59.093694079263685,-22.87658455065587,1.255828583303464,2.473365981529746,3.3730954702454197,33.75568550533303,38.6785335518826,54.24589675546538,63.94149140306199,-29.487851672336895,-16.265317428974846,economy
2025-11-26,36.21710952860782,59.09369407926369,-22.876584550655874,1.255828583303464,2.4733659815297466,3.3730954702454197,33.755685505333034,38.67853355188261,54.24589675546539,63.941491403061995,-29.487851672336895,-16.265317428974853,economy
2025-11-27,36.217109528607814,59.09369407926369,-22.87658455065587,1.255828583303464,2.4733659815297466,3.3730954702454197,33.75568550533303,38.6785335518826,54.24589675546539,63.941491403061995,-29.487851672336895,-16.265317428974846,economy
2025-11-28,36.217109528607814,59.093694079263685,-22.87658455065587,1.255828583303464,2.473365981529746,3.3730954702454197,33.75568550533303,38.6785335518826,54.24589675546538,63.94149140306199,-29.487851672336895,-16.265317428974846,economy
2025-11-29,36.217109528607814,59.093694079263685,-22.87658455065587,1.255828583303464,2.473365981529746,3.3730954702454197,33.75568550533303,38.6785335518826,54.24589675546538,63.94149140306199,-29.487851672336895,-16.265317428974846,economy
2025-11-30,36.41413196556041,58.791704796687974,-22.37757283112757,1.3757646180020973,2.585066606242033,3.648628973476658,33.7176333142763,39.11063061684452,53.72497424845359,63.858435344922356,-29.528885619141818,-15.22626004311332,economy
2025-12-01,36.41413196556041,58.791704796687974,-22.37757283112757,1.375764618002097,2.585066606242033,3.648628973476658,33.7176333142763,39.11063061684452,53.72497424845359,63.858435344922356,-29.528885619141818,-15.22626004311332,economy
2025-12-02,36.41413196556041,58.79170479668798,-22.37757283112757,1.3757646180020973,2.585066606242033,3.648628973476658,33.7176333142763,39.11063061684452,53.7249742484536,63.85843534492236,-29.528885619141818,-15.22626004311332,economy
2025-12-03,36.4141319655604,58.791704796687974,-22.377572831127566,1.375764618002097,2.5850666062420324,3.6486289734766575,33.71763331427629,39.11063061684451,53.72497424845359,63.858435344922356,-29.528885619141814,-15.226260043113317,economy
2025-12-04,36.85091182320936,58.12846125856997,-21.277549435360612,1.4899960210110734,2.6631438030358354,3.918190886675734,33.93051962202765,39.771304024391064,52.90869940461973,63.34822311252021,-28.95720357324505,-13.597895297476175,economy
2025-12-05,36.850911823209366,58.12846125856998,-21.277549435360616,1.4899960210110736,2.6631438030358354,3.9181908866757342,33.93051962202766,39.77130402439107,52.90869940461974,63.348223112520216,-28.957203573245053,-13.597895297476176,economy
2025-12-06,36.85091182320936,58.12846125856997,-21.277549435360612,1.4899960210110734,2.6631438030358354,3.9181908866757342,33.93051962202765,39.771304024391064,52.90869940461973,63.34822311252021,-28.957203573245053,-13.597895297476173,economy
2025-12-07,36.91533391144978,57.97238464679358,-21.0570507353438,1.4289579887335377,2.577897848011374,3.7851473305174053,34.11457625353204,39.716091569367514,52.91970486469128,63.025064428895874,-28.475939503157914,-13.638161967529687,economy
2025-12-08,37.57685225735598,56.60557635596879,-19.028724098612816,1.9292121242346965,2.999552618713759,4.695016872737382,33.795596493855975,41.35810802085599,50.72645322328982,62.48469948864776,-28.230957169178083,-9.826491028047547,economy
2025-12-09,37.57685225735598,56.60557635596879,-19.028724098612816,1.9292121242346965,2.999552618713759,4.695016872737382,33.795596493855975,41.35810802085599,50.72645322328982,62.48469948864776,-28.230957169178083,-9.826491028047547,economy
2025-12-10,37.546367492890965,56.707601075660236,-19.16123358276927,1.8348297385818033,2.8668736583254937,4.478552966792991,33.95010120527063,41.142633780511304,51.08852870534227,62.3266734459782,-27.939197397683532,-10.383269767855008,economy
2025-12-11,37.45810343205976,56.69657642370868,-19.23847299164892,1.76616420035927,2.726819977149866,4.265845482399043,33.99642159935559,40.919785264763924,51.35200926849494,62.041143578922416,-27.599530137151042,-10.877415846146794,economy
2025-12-12,37.45810343205976,56.69657642370868,-19.23847299164892,1.76616420035927,2.726819977149866,4.265845482399044,33.99642159935559,40.919785264763924,51.35200926849494,62.041143578922416,-27.599530137151046,-10.877415846146793,economy
2025-12-13,37.45810343205976,56.69657642370868,-19.23847299164892,1.7661642003592701,2.726819977149866,4.265845482399044,33.996421599355585,40.91978526476393,51.35200926849494,62.041143578922416,-27.599530137151046,-10.877415846146793,economy
2025-12-14,37.45810343205976,56.69657642370868,-19.23847299164892,1.76616420035927,2.726819977149866,4.265845482399043,33.99642159935559,40.919785264763924,51.35200926849494,62.041143578922416,-27.599530137151042,-10.877415846146794,economy
2025-12-15,37.41716949856474,57.199801329404515,-19.782631830839776,1.551521792894448,2.1487820209527593,3.489287413364597,34.37618678449162,40.458152212637856,52.98818856833711,61.41141409047192,-26.621635161034384,-12.943628500645167,economy
2025-12-16,37.41716949856474,57.199801329404515,-19.782631830839776,1.5515217928944482,2.1487820209527593,3.489287413364597,34.37618678449162,40.458152212637856,52.98818856833711,61.41141409047192,-26.621635161034384,-12.943628500645167,economy
2025-12-17,37.41716949856474,57.19980132940451,-19.782631830839776,1.551521792894448,2.1487820209527593,3.489287413364597,34.37618678449162,40.458152212637856,52.9881885683371,61.411414090471915,-26.621635161034384,-12.943628500645167,economy
2025-12-18,37.39412652658822,57.29260661280198,-19.898480086213766,1.4668361908012166,2.0624271620233334,3.3239440597072565,34.519127592617835,40.2691254605586,53.25024937523625,61.334963850367714,-26.41341044323999,-13.383549729187543,economy
2025-12-19,36.415514561807576,58.3629775276746,-21.947462965867025,2.3328790269342754,2.839522046927477,4.597132019506124,31.843071669016396,40.98795745459876,52.797514315696745,63.92844073965246,-30.957841724099026,-12.937084207635023,economy
2025-12-20,36.401035816354664,58.4028260531854,-22.001790236830733,2.2748302940896292,2.7738952561466945,4.487309816649344,31.942368439938992,40.85970319277034,52.96599135113788,63.83966075523292,-30.796917477463445,-13.206662996198018,economy
2025-12-21,36.40559995362569,58.36424611035895,-21.958646156733256,2.223099906286176,2.7169056244672642,4.389477293774395,32.04832413730478,40.762875769946596,53.03911108640311,63.689381134314786,-30.562021652531072,-13.35527066093544,economy
2025-12-22,36.456005382809,58.16837179655883,-21.712366413749823,2.1764280477771853,2.5578642319504077,4.23668965173858,32.19020640916572,40.72180435645229,53.15495790193603,63.18178569118163,-30.01627813115744,-13.408454696342208,economy
2025-12-23,36.45600538280901,58.16837179655884,-21.712366413749827,2.1764280477771853,2.5578642319504077,4.23668965173858,32.190206409165725,40.721804356452296,53.15495790193604,63.18178569118164,-30.016278131157442,-13.408454696342211,economy
2025-12-24,36.45600538280901,58.16837179655883,-21.712366413749823,2.1764280477771853,2.5578642319504077,4.23668965173858,32.190206409165725,40.721804356452296,53.15495790193603,63.18178569118163,-30.01627813115744,-13.408454696342208,economy
2025-12-25,36.45600538280901,58.16837179655883,-21.712366413749823,2.1764280477771853,2.5578642319504077,4.23668965173858,32.190206409165725,40.721804356452296,53.15495790193603,63.18178569118163,-30.01627813115744,-13.408454696342208,economy
2025-12-26,36.456005382809,58.16837179655883,-21.712366413749823,2.176428047777185,2.5578642319504077,4.23668965173858,32.19020640916572,40.72180435645229,53.15495790193603,63.18178569118163,-30.01627813115744,-13.408454696342208,economy
2025-12-27,36.45600538280901,58.16837179655883,-21.712366413749823,2.1764280477771853,2.5578642319504077,4.23668965173858,32.190206409165725,40.721804356452296,53.15495790193603,63.18178569118163,-30.01627813115744,-13.408454696342208,economy
2025-12-28,36.45600538280901,58.16837179655883,-21.712366413749823,2.1764280477771853,2.5578642319504077,4.23668965173858,32.190206409165725,40.721804356452296,53.15495790193603,63.18178569118163,-30.01627813115744,-13.408454696342208,economy
2025-12-29,36.45600538280901,58.16837179655884,-21.712366413749823,2.1764280477771853,2.5578642319504077,4.23668965173858,32.190206409165725,40.721804356452296,53.15495790193604,63.18178569118164,-30.01627813115744,-13.408454696342208,economy
2025-12-30,36.456005382809,58.16837179655883,-21.712366413749823,2.1764280477771853,2.5578642319504077,4.23668965173858,32.19020640916572,40.72180435645229,53.15495790193603,63.18178569118163,-30.01627813115744,-13.408454696342208,economy
2025-12-31,36.45600538280901,58.16837179655883,-21.712366413749823,2.1764280477771853,2.5578642319504077,4.23668965173858,32.190206409165725,40.721804356452296,53.15495790193603,63.18178569118163,-30.01627813115744,-13.408454696342208,economy
2026-01-01,36.45600538280901,58.16837179655884,-21.712366413749827,2.1764280477771853,2.5578642319504077,4.23668965173858,32.190206409165725,40.721804356452296,53.15495790193604,63.18178569118164,-30.016278131157442,-13.408454696342211,economy
2026-01-02,36.45600538280901,58.16837179655884,-21.712366413749823,2.1764280477771853,2.5578642319504077,4.23668965173858,32.190206409165725,40.721804356452296,53.15495790193604,63.18178569118164,-30.01627813115744,-13.408454696342208,economy
2026-01-03,36.456005382809,58.16837179655883,-21.712366413749823,2.176428047777185,2.5578642319504077,4.23668965173858,32.19020640916572,40.72180435645229,53.15495790193603,63.18178569118163,-30.01627813115744,-13.408454696342208,economy
2026-01-04,36.471936935741866,57.90638022254704,-21.434443286805173,2.0081290184294858,2.439879707433898,3.9638500097956313,32.536004059620076,40.407869811863655,53.1242159959766,62.68854444911749,-29.20358930600461,-13.665297267605737,economy
2026-01-05,36.242278216862694,58.019014856239664,-21.776736639376974,1.9186671104129192,2.20512252931687,3.7043971739557544,32.48169068045337,40.00286575327202,53.6969746987786,62.34105501370073,-29.037355100330252,-14.516118178423696,economy
2026-01-06,36.24227821686269,58.019014856239664,-21.776736639376974,1.9186671104129192,2.20512252931687,3.704397173955754,32.48169068045337,40.002865753272005,53.6969746987786,62.34105501370073,-29.037355100330252,-14.516118178423696,economy
2026-01-07,36.63536277187959,58.927341328421875,-22.291978556542283,1.8875400088469887,2.7583925589939025,3.5546161775108107,32.93578435453949,40.33494118921969,53.52089191279383,64.33379074404992,-29.259026264463472,-15.324930848621094,economy
2026-01-08,37.16643974335727,58.50738398102734,-21.340944237670065,1.9075988197499476,2.5276220292780014,3.5488617918106167,33.42754605664737,40.905333430067174,53.55324480364246,63.46152315841222,-28.296713349618873,-14.385175125721258,economy
2026-01-09,37.16643974335727,58.50738398102733,-21.34094423767006,1.9075988197499476,2.5276220292780014,3.5488617918106167,33.42754605664737,40.905333430067174,53.55324480364245,63.46152315841221,-28.29671334961887,-14.385175125721254,economy
2026-01-10,37.16643974335727,58.50738398102734,-21.34094423767006,1.9075988197499476,2.5276220292780014,3.5488617918106167,33.42754605664737,40.905333430067174,53.55324480364246,63.46152315841222,-28.29671334961887,-14.385175125721254,economy
2026-01-11,37.20232831558648,58.42900520402347,-21.22667688843699,1.859032027166756,2.487182595878425,3.4839684668430704,33.558625542339634,40.84603108883332,53.554127316101756,63.30388309194518,-28.05525508344941,-14.398098693424572,economy
2026-01-12,38.0529459902409,57.09899902553564,-19.04605303529474,2.022816424167122,2.878309865010741,4.481796313621044,34.08822579887334,42.01766618160846,51.457511690114586,62.740486360956695,-27.830373809991986,-10.261732260597494,economy
2026-01-13,38.10108522882667,56.65800975489946,-18.55692452607279,1.7715064654157875,2.6278707084213657,3.996718145225361,34.62893255661172,41.573237901041615,51.50738316639358,61.80863634340534,-26.3904920907145,-10.723356961431083,economy
2026-01-14,38.10108522882667,56.65800975489946,-18.55692452607279,1.7715064654157875,2.6278707084213657,3.9967181452253615,34.62893255661172,41.573237901041615,51.50738316639358,61.80863634340534,-26.3904920907145,-10.723356961431083,economy
2026-01-15,38.10108522882666,56.65800975489945,-18.55692452607279,1.7715064654157875,2.6278707084213657,3.996718145225361,34.628932556611716,41.57323790104161,51.50738316639357,61.80863634340533,-26.3904920907145,-10.723356961431083,economy
2026-01-16,38.11673768735229,57.17180776251934,-19.05507007516705,1.6857078034007358,3.0471348760157033,4.1858548367826645,34.81275039268685,41.42072498201773,51.19942340552856,63.14419211951012,-27.25934555526107,-10.850794595073026,economy
2026-01-17,38.0852166834824,57.20531683118612,-19.12010014770372,1.5459405575001224,2.7925531538921593,3.8375370202334453,35.05517319078216,41.11526017618264,51.731912649557486,62.67872101281475,-26.641672707361273,-11.598527588046167,economy
2026-01-18,38.132542019354865,57.15434810567174,-19.02180608631688,1.506064002606704,2.733457508042944,3.7534599464979075,35.180656574245724,41.08442746446401,51.79677138990757,62.511924821435905,-26.378587581452777,-11.66502459118098,economy
2026-01-19,38.29105602425784,57.043785975763726,-18.752729951505884,1.5508430360372136,2.6590564139194295,3.732111084647989,35.2514036736249,41.33070837489078,51.832035404481644,62.25553654704581,-26.06766767741594,-11.437792225595826,economy
2026-01-20,38.225433681494216,57.08128774529025,-18.855854063796027,1.5869432763103943,2.6057284506945018,3.7207315320016847,35.115024859925846,41.33584250306259,51.974059981929024,62.18851550865147,-26.14848786651933,-11.563220261072725,economy
2026-01-21,38.20819046767214,57.10888698084781,-18.900696513175667,1.5106828719206222,2.481999043072775,3.543415569557005,35.24725203870772,41.16912889663656,52.24416885642517,61.973605105270444,-25.845791029507396,-11.955601996843939,economy
2026-01-22,38.02391307897649,56.75818184350071,-18.734268764524213,1.482008830127007,2.5436437235198013,3.537067360940253,35.11917577192756,40.928650386025424,51.772640145401894,61.74372354159952,-25.666920791967108,-11.801616737081318,economy
2026-01-23,38.0239130789765,56.75818184350071,-18.734268764524213,1.482008830127007,2.5436437235198013,3.537067360940253,35.119175771927566,40.92865038602543,51.772640145401894,61.74372354159952,-25.666920791967108,-11.801616737081318,economy
2026-01-24,38.02391307897649,56.7581818435007,-18.73426876452421,1.482008830127007,2.5436437235198013,3.537067360940253,35.11917577192756,40.928650386025424,51.772640145401894,61.74372354159951,-25.666920791967105,-11.801616737081314,economy
2026-01-25,37.968912807707476,56.85335518242201,-18.884442374714528,1.4002924955152154,2.428528558753284,3.3642816117093104,35.22433951649765,40.7134860989173,52.09343920726557,61.613271157578446,-25.478434333664776,-12.29045041576428,economy
2026-01-26,37.27201522560579,57.210240692503355,-19.938225466897563,1.7835567035523772,2.366749269579181,3.7328496295610756,33.77624408664313,40.76778636456845,52.57141212412816,61.84906926087855,-27.254610740837272,-12.621840192957855,economy
2026-01-27,37.27201522560579,57.210240692503355,-19.938225466897563,1.7835567035523772,2.3667492695791816,3.7328496295610756,33.77624408664313,40.76778636456845,52.57141212412816,61.84906926087855,-27.254610740837272,-12.621840192957855,economy
2026-01-28,37.38992595402077,57.12103298513484,-19.731107031114075,1.725161388371503,2.2575128202152333,3.5887688041424686,34.00860963281262,40.771242275228914,52.696307857512984,61.545758112756694,-26.765093887233313,-12.697120174994836,economy
2026-01-29,37.399456920574444,56.896980303898474,-19.497523383324033,1.6492163077733943,2.277699722184543,3.513655273502355,34.16699295733859,40.631920883810295,52.43268884841677,61.36127175938018,-26.38428771938865,-12.610759047259418,economy
2026-01-30,37.44921121049876,56.92705721472004,-19.477846004221274,1.5759586498679794,2.1600309580355193,3.3369452225943403,34.36033225675752,40.538090164239996,52.69339653697042,61.160717892469656,-26.018258640506183,-12.937433367936366,economy
2026-01-31,37.44921121049876,56.92705721472004,-19.477846004221274,1.5759586498679794,2.1600309580355193,3.3369452225943403,34.36033225675752,40.538090164239996,52.69339653697042,61.160717892469656,-26.018258640506183,-12.937433367936366,economy
2026-02-01,37.48312012736411,56.99019536985075,-19.50707524248664,1.507115338813484,2.082046394493376,3.1956250143162785,34.52917406328968,40.43706619143854,52.909384436643734,61.07100630305777,-25.770500270546545,-13.243650214426733,economy
2026-02-02,37.55788271789618,56.73613551042082,-19.17825279252465,1.3930780478849016,1.979940124549062,3.0172967111717592,34.82744974404177,40.28831569175058,52.85545286630466,60.616818154536986,-25.092154346421296,-13.264351238628002,economy
2026-02-03,37.55788271789617,56.73613551042082,-19.178252792524646,1.3930780478849016,1.979940124549062,3.0172967111717592,34.827449744041765,40.288315691750576,52.85545286630466,60.616818154536986,-25.092154346421292,-13.264351238627999,economy
2026-02-04,37.55788271789618,56.73613551042082,-19.17825279252465,1.3930780478849019,1.979940124549062,3.0172967111717592,34.82744974404177,40.28831569175058,52.85545286630466,60.616818154536986,-25.092154346421296,-13.264351238628002,economy
2026-02-05,37.52131000149285,56.88352415712068,-19.36221415562783,1.3496612946462747,1.9825693326076974,2.9848234643957494,34.875973863986154,40.166646138999546,52.9976882652096,60.76936004903177,-25.2124681458435,-13.511960165412159,economy
2026-02-06,37.52131000149286,56.88352415712069,-19.362214155627832,1.349661294646275,1.9825693326076976,2.9848234643957494,34.87597386398616,40.16664613899955,52.997688265209604,60.769360049031775,-25.212468145843502,-13.511960165412162,economy
2026-02-07,37.52131000149286,56.88352415712069,-19.362214155627832,1.349661294646275,1.9825693326076976,2.9848234643957494,34.87597386398616,40.16664613899955,52.997688265209604,60.769360049031775,-25.212468145843502,-13.511960165412162,economy
2026-02-08,37.58283013336007,56.80394372205176,-19.2211135886917,1.3817878243234927,2.013312117371666,3.063805829910978,34.87452599768602,40.29113426903412,52.857851972003296,60.75003547210023,-25.22617301531722,-13.216054162066182,economy
2026-02-09,37.17851908130986,56.97071936914959,-19.79220028783973,1.8083349329907998,1.9224120647919598,3.3721491481643358,33.63418261264789,40.722855549971825,53.20279172215735,60.73864701614183,-26.401612618241828,-13.182787957437633,economy
2026-02-10,37.27500798427275,56.91007699781332,-19.635069013540573,1.8629154541977806,1.9241222891722585,3.438212799715637,33.623693694045095,40.9263222745004,53.138797311035695,60.681356684590945,-26.37396610098322,-12.896171926097924,economy
2026-02-11,37.27500798427275,56.91007699781331,-19.635069013540573,1.8629154541977806,1.9241222891722585,3.438212799715637,33.623693694045095,40.9263222745004,53.13879731103569,60.68135668459094,-26.37396610098322,-12.896171926097924,economy
2026-02-12,37.233604292531666,57.050235813356856,-19.81663152082519,1.7640625599055924,1.9025167392056899,3.347486124389971,33.77604167511671,40.691166909946624,53.3213030045137,60.77916862220001,-26.377704324629534,-13.255558717020847,economy
2026-02-13,37.23360429253166,57.05023581335685,-19.81663152082519,1.7640625599055924,1.9025167392056899,3.347486124389971,33.7760416751167,40.69116690994662,53.321303004513695,60.779168622200004,-26.377704324629534,-13.255558717020847,economy
2026-02-14,37.233604292531666,57.050235813356856,-19.816631520825194,1.7640625599055926,1.9025167392056899,3.3474861243899716,33.7760416751167,40.69116690994663,53.3213030045137,60.77916862220001,-26.377704324629537,-13.25555871702085,economy
2026-02-15,37.23360429253166,57.05023581335685,-19.81663152082519,1.7640625599055924,1.9025167392056899,3.347486124389971,33.7760416751167,40.69116690994662,53.321303004513695,60.779168622200004,-26.377704324629534,-13.255558717020847,economy
2026-02-16,37.181970766066804,57.07396299143738,-19.891992225370572,1.6020882644205583,1.7274257433440254,3.0462049687162245,34.04187776780251,40.3220637643311,53.68820853448309,60.459717448391665,-25.86255396405437,-13.921430486686774,economy
2026-02-17,38.03195712641514,57.127225396749225,-19.095268270334078,2.640151685213402,1.6506361845886504,3.499983393648589,32.85725982339687,43.206654429433414,53.89197847495547,60.36247231854298,-25.955235721885312,-12.235300818782843,economy
2026-02-18,37.98203695997842,57.06945838068059,-19.087421420702167,2.5108909397845394,1.5785585602073064,3.322627847274184,33.06069071800073,42.90338320195612,53.97548360267427,60.16343315868691,-25.599772001359568,-12.575070840044766,economy
2026-02-19,37.449778009030226,57.5325508183954,-20.082772809365174,2.8305802563590152,2.0078399592132015,4.263283921421945,31.901840706566556,42.99771531149389,53.597184498337526,61.467917138453274,-28.438809295352186,-11.726736323378162,economy
2026-02-20,37.44518626769537,57.487851696817124,-20.042665429121755,2.746657123359775,1.951987464983578,4.131068779352976,32.06173830591021,42.82863422948053,53.66195626544931,61.313747128184936,-28.139560236653587,-11.945770621589922,economy
2026-02-21,37.44518626769536,57.48785169681712,-20.04266542912175,2.7466571233597747,1.951987464983578,4.131068779352976,32.061738305910204,42.82863422948052,53.661956265449305,61.31374712818493,-28.139560236653583,-11.945770621589919,economy
2026-02-22,37.38169818453316,57.569994943076324,-20.18829675854317,2.6785475690469776,1.9091761615992027,4.0399188800145716,32.13174494920108,42.631651419865236,53.828009666341885,61.31198021981076,-28.10653776337173,-12.270055753714612,economy
2026-02-23,37.62444719873573,57.92585863284403,-20.301411434108307,2.1971615419808628,2.239998824794976,3.743058185627393,33.31801057645324,41.93088382101822,53.53546093624588,62.31625632944218,-27.637805477937995,-12.965017390278616,economy
2026-02-24,37.62444719873572,57.92585863284403,-20.301411434108307,2.1971615419808628,2.239998824794976,3.743058185627393,33.31801057645323,41.93088382101821,53.53546093624588,62.31625632944218,-27.637805477937995,-12.965017390278616,economy
2026-02-25,37.62444719873573,57.92585863284404,-20.30141143410831,2.1971615419808628,2.239998824794976,3.743058185627393,33.31801057645324,41.93088382101822,53.53546093624589,62.31625632944219,-27.637805477938002,-12.96501739027862,economy
2026-02-26,37.847162871169175,57.30179033010684,-19.454627458937665,2.1551832016043173,2.7296541329876955,4.232003924041207,33.62300379602471,42.07132194631364,51.95166822945096,62.65191243076272,-27.74935515005843,-11.1598997678169,economy
2026-02-27,37.67289645887925,58.037686237298686,-20.364789778419436,2.1138515362347228,3.4443805509520846,4.910364678152694,33.529747447859194,41.81604546989931,51.2867003574326,64.78867211716477,-29.989104547598714,-10.740475009240155,economy
2026-02-28,37.69697003900785,58.031460402351605,-20.334490363343757,2.107746027425885,3.4196119374866285,4.880880003210159,33.56578782525312,41.828152252762585,51.329021004877816,64.7338997998254,-29.90101516963567,-10.767965557051847,economy
2026-03-01,37.655408713607805,58.1448817863186,-20.489473072710794,2.0171890399743586,3.367581937505176,4.7687940894283525,33.70171819525806,41.60909923195755,51.54442118880846,64.74534238382874,-29.836309487990363,-11.142636657431224,economy
2026-03-02,37.56369370597018,58.1376990573558,-20.574005351385622,1.9918630210226307,3.1720503035163783,4.586652604466154,33.65964218476582,41.46774522717454,51.9204804624637,64.3549176522479,-29.563844456139286,-11.58416624663196,economy
2026-03-03,37.563693705970174,58.137699057355796,-20.57400535138562,1.9918630210226305,3.1720503035163783,4.586652604466154,33.659642184765815,41.46774522717453,51.92048046246369,64.35491765224789,-29.56384445613928,-11.584166246631957,economy
2026-03-04,37.45689447246572,57.79970103370451,-20.342806561238792,1.841129137801856,3.008665564744647,4.237613137547703,33.84828136237408,41.06550758255736,51.902716526805,63.696685540604015,-28.64852831083229,-12.037084811645295,economy
2026-03-05,38.036421355018696,57.1562224365073,-19.119801081488607,2.0733772235248766,3.0482783783425282,4.6356342834881055,33.97260199690994,42.100240713127455,51.181596814955945,63.13084805805865,-28.205644277125295,-10.03395788585192,economy
2026-03-06,38.036421355018696,57.156222436507306,-19.119801081488607,2.073377223524877,3.0482783783425287,4.635634283488106,33.97260199690994,42.100240713127455,51.18159681495595,63.13084805805866,-28.205644277125295,-10.033957885851919,economy
2026-03-07,38.15701234991376,56.87447759851826,-18.717465248604512,2.000397587400308,3.015704101117287,4.562840341760006,34.23623307860915,42.07779162121836,50.96369756032838,62.785257636708145,-27.660632318454123,-9.7742981787549,economy
2026-03-08,38.05950005482702,57.02377814680656,-18.964278091979544,1.8716423047510424,2.789696012646549,4.248577761706673,34.39108113751497,41.727918972139065,51.55597396201933,62.4915823315938,-27.291490504924624,-10.637065679034466,economy
2026-03-09,37.96672186771767,57.121978717730244,-19.15525685001257,1.8737551196159599,2.7305892206189584,4.222690548345382,34.294161833270394,41.63928190216495,51.770023845317084,62.4739335901434,-27.431730324769518,-10.878783375255622,economy
2026-03-10,37.696257529394494,57.11933963697291,-19.42308210757842,1.9477296564060604,2.5852218672232916,4.076743912336852,33.878707402838614,41.51380765595037,52.052304777215255,62.186374496730565,-27.41350017575865,-11.43266403939819,economy
2026-03-11,37.696257529394494,57.11933963697292,-19.423082107578423,1.9477296564060604,2.585221867223292,4.076743912336852,33.878707402838614,41.51380765595037,52.05230477721526,62.18637449673057,-27.413500175758653,-11.432664039398194,economy
2026-03-12,37.41902397463049,57.40811346438438,-19.989089489753894,2.095422449390977,2.6673373389546247,4.359451304902397,33.311995973824175,41.52605197543681,52.18013228003331,62.636094648735444,-28.53361404736259,-11.444564932145196,economy
2026-03-13,37.016648889612135,57.71882562904297,-20.702176739430836,2.570666251118758,2.886770623267918,5.119004772327697,31.978143037419372,42.0551547418049,52.06075520743785,63.376896050648085,-30.735426093193123,-10.66892738566855,economy
2026-03-14,37.016648889612135,57.71882562904297,-20.702176739430833,2.570666251118758,2.8867706232679176,5.119004772327697,31.978143037419372,42.0551547418049,52.06075520743785,63.376896050648085,-30.73542609319312,-10.668927385668546,economy
2026-03-15,37.016648889612135,57.718825629042975,-20.702176739430836,2.570666251118758,2.886770623267918,5.119004772327698,31.978143037419372,42.0551547418049,52.06075520743786,63.37689605064809,-30.735426093193126,-10.668927385668548,economy
2026-03-16,36.68858288397496,58.26177553474286,-21.5731926507679,2.540071151213711,2.7172529596770465,4.870276922627601,31.710043427596084,41.667122340353835,52.935959733775846,63.587591335709874,-31.118935419117996,-12.027449882417804,economy
2026-03-17,36.52149472832471,58.618945018113564,-22.097450289788853,2.461549735938823,2.8222787148920836,4.917951491758956,31.69685724588462,41.34613221076481,53.08727873692508,64.15061129930204,-31.736635213636404,-12.4582653659413,economy
2026-03-18,36.496369232409336,58.621201264712504,-22.12483203230317,2.430419121651319,2.7809885525608027,4.848929558071797,31.732747753972752,41.25999071084592,53.17046370169333,64.07193882773167,-31.628733966123892,-12.62093009848245,economy
2026-03-19,36.46186531972215,58.883209244378456,-22.421343924656306,2.180549558955684,2.5424806309767423,4.401650281809504,32.18798818416901,40.73574245527529,53.89994720766404,63.86647128109287,-31.048578477002934,-13.794109372309679,economy
2026-03-20,36.377865800506136,59.43591216138077,-23.05804636087463,2.0709359186385305,3.040959235726178,4.6993936749074114,32.31883139997461,40.43690020103766,53.47563205935746,65.39619226340407,-32.26885796369316,-13.847234758056105,economy
2026-03-21,36.377865800506136,59.43591216138076,-23.05804636087463,2.0709359186385305,3.0409592357261777,4.6993936749074106,32.31883139997461,40.43690020103766,53.47563205935745,65.39619226340407,-32.26885796369316,-13.847234758056105,economy
2026-03-22,36.34298589642343,59.448073565672935,-23.105087669249503,2.036181168126927,2.9787725324083203,4.608847634498138,32.35207080689465,40.333900985952205,53.60967940215263,65.28646772919325,-32.13842903286586,-14.071746305633152,economy
2026-03-23,36.05480781702819,59.45413074228284,-23.399322925254648,2.2147605382106286,2.8917779887272808,4.756303769728161,31.71387716213536,40.39573847192102,53.78624588437737,65.12201560018832,-32.72167831392184,-14.076967536587452,economy
2026-03-24,36.05480781702819,59.454130742282835,-23.399322925254648,2.2147605382106286,2.8917779887272808,4.756303769728161,31.71387716213536,40.39573847192102,53.786245884377365,65.1220156001883,-32.72167831392184,-14.076967536587452,economy
2026-03-25,36.05480781702819,59.45413074228284,-23.399322925254648,2.2147605382106286,2.8917779887272808,4.756303769728161,31.71387716213536,40.39573847192102,53.78624588437737,65.12201560018832,-32.72167831392184,-14.076967536587452,economy
2026-03-26,35.883790014832066,59.89647865986523,-24.01268864503317,2.143762401474114,2.9782428484853853,4.782248788925045,31.682015707942803,40.08556432172133,54.05912267683387,65.73383464289658,-33.38589627132626,-14.63948101874008,economy
2026-03-27,35.883790014832066,59.89647865986523,-24.01268864503317,2.143762401474114,2.978242848485385,4.7822487889250445,31.682015707942803,40.08556432172133,54.05912267683388,65.73383464289658,-33.38589627132626,-14.639481018740081,economy
2026-03-28,35.883790014832066,59.89647865986524,-24.01268864503317,2.143762401474114,2.9782428484853853,4.782248788925045,31.682015707942803,40.08556432172133,54.05912267683388,65.7338346428966,-33.38589627132626,-14.63948101874008,economy
2026-03-29,35.866614785573155,59.93922167700954,-24.072606891436383,2.09015010255228,2.9036842720822755,4.663828323772802,31.769920584570688,39.963308986575626,54.24800050372828,65.6304428502908,-33.213710406031076,-14.931503376841691,economy
2026-03-30,35.56024608273343,60.13808868412651,-24.577842601393083,2.302942342984096,2.891615587191664,4.857778902911794,31.0464790904846,40.074013074982254,54.470522133230844,65.80565523502217,-34.099089251100196,-15.056595951685967,economy
2026-03-31,35.56024608273342,60.13808868412651,-24.577842601393083,2.302942342984096,2.891615587191664,4.857778902911794,31.046479090484592,40.07401307498225,54.470522133230844,65.80565523502217,-34.099089251100196,-15.056595951685967,economy
2026-04-01,35.56024608273343,60.138088684126515,-24.577842601393087,2.302942342984096,2.891615587191664,4.857778902911794,31.0464790904846,40.074013074982254,54.47052213323085,65.80565523502217,-34.0990892511002,-15.05659595168597,economy
2026-04-02,35.56024608273343,60.138088684126515,-24.577842601393087,2.302942342984096,2.8916155871916644,4.857778902911794,31.0464790904846,40.074013074982254,54.47052213323085,65.80565523502217,-34.0990892511002,-15.05659595168597,economy
2026-04-03,35.561153917111355,60.078713752825074,-24.51755983571372,2.177653925769654,2.739739212780848,4.596835259299487,31.292952222602832,39.829355611619874,54.70882489577461,65.44860260987554,-33.52735694394072,-15.507762727486725,economy
2026-04-04,35.56115391711135,60.07871375282507,-24.51755983571372,2.177653925769654,2.739739212780848,4.596835259299487,31.292952222602825,39.82935561161987,54.708824895774605,65.44860260987554,-33.52735694394072,-15.507762727486725,economy
2026-04-05,35.639660302516,60.03426849970248,-24.39460819718648,2.120272148959879,2.64898739521098,4.458835064842888,31.483926890554635,39.79539371447736,54.84225320508896,65.226283794316,-33.13392492427854,-15.655291470094419,economy
2026-04-06,35.89276853646223,59.660992028799946,-23.768223492337718,2.010453503569119,2.4706851991035204,4.171677296017654,31.952279669466755,39.8332574034577,54.81844903855705,64.50353501904284,-31.944710992532322,-15.591735992143116,economy
2026-04-07,35.89276853646222,59.66099202879994,-23.768223492337714,2.0104535035691184,2.47068519910352,4.171677296017654,31.952279669466748,39.833257403457694,54.81844903855704,64.50353501904284,-31.944710992532315,-15.591735992143112,economy
2026-04-08,35.89276853646223,59.66099202879994,-23.768223492337718,2.0104535035691184,2.47068519910352,4.171677296017654,31.952279669466755,39.8332574034577,54.81844903855704,64.50353501904284,-31.944710992532322,-15.591735992143116,economy
2026-04-09,36.18877087428654,59.70504427673764,-23.516273402451095,1.7951302878784803,2.1074143405349144,3.597594547742864,32.670315510044716,39.707226238528364,55.57451216928921,63.83557638418607,-30.567558716027108,-16.46498808887508,economy
2026-04-10,35.951349053290826,60.548090290357855,-24.59674123706702,1.827850648895716,3.014492078057915,4.497917204103512,32.36876178145522,39.53393632512643,54.639685817364345,66.45649476335137,-33.412658957109905,-15.780823517024139,economy
2026-04-11,35.951349053290826,60.548090290357855,-24.59674123706702,1.827850648895716,3.014492078057915,4.497917204103512,32.36876178145522,39.53393632512643,54.639685817364345,66.45649476335137,-33.412658957109905,-15.780823517024139,economy
2026-04-12,35.951349053290826,60.54809029035785,-24.59674123706702,1.827850648895716,3.014492078057915,4.497917204103512,32.36876178145522,39.53393632512643,54.63968581736434,66.45649476335136,-33.412658957109905,-15.780823517024139,economy
2026-04-13,36.09995466261643,60.00994082825396,-23.909986165637523,1.7542386911020198,3.1578007836853534,4.582656117592735,32.661646828056476,39.53826249717639,53.820651292230664,66.19923036427726,-32.89199215611929,-14.927980175155763,economy
2026-04-14,36.04764824563904,59.997284804942616,-23.949636559303574,1.7432099004928694,3.101021039205077,4.50356804598157,32.630956840673015,39.46433965060506,53.91928356810067,66.07528604178457,-32.77662992942745,-15.122643189179696,economy
2026-04-15,35.48023768010073,60.49219510240153,-25.011957422300803,2.293359203662696,3.243434796520634,5.200174397847382,30.985253640921844,39.97522171927962,54.13506290122109,66.84932730358197,-35.204299242081674,-14.819615602519933,economy
2026-04-16,35.027207664862495,60.7663068018936,-25.739099137031104,2.3793058172330817,3.064942041286263,5.106488303312727,30.363768263085653,39.690647066639336,54.759020400972524,66.77359320281468,-35.74781621152405,-15.73038206253816,economy
2026-04-17,35.027207664862495,60.7663068018936,-25.739099137031104,2.3793058172330817,3.064942041286263,5.106488303312727,30.363768263085653,39.690647066639336,54.759020400972524,66.77359320281468,-35.74781621152405,-15.73038206253816,economy
2026-04-18,35.02852699992325,60.73432181200038,-25.70579481207713,2.26356848446554,2.9178977535448367,4.8593903236791975,30.591932770370793,39.46512122947571,55.0152422150525,66.45340140894827,-35.23019984648836,-16.181389777665903,economy
2026-04-19,35.187603187061036,60.69529078319258,-25.507687596131543,2.1469931957677355,2.71932357019876,4.553904303029331,30.979496523356275,39.3957098507658,55.365416585603015,66.02516498078215,-34.43334003006903,-16.582035162194053,economy
2026-04-20,34.450565351235326,61.321372181508444,-26.870806830273118,2.109150249052802,2.547247706975687,4.440847842307845,30.316630863091834,38.58449983937882,56.3287666758361,66.3139776871808,-35.57486860119649,-18.166745059349743,economy
2026-04-21,34.450565351235326,61.32137218150844,-26.870806830273114,2.1091502490528016,2.547247706975687,4.440847842307845,30.316630863091834,38.584499839378815,56.32876667583609,66.31397768718078,-35.57486860119649,-18.166745059349736,economy
2026-04-22,34.450565351235326,61.32137218150844,-26.870806830273114,2.1091502490528016,2.547247706975687,4.440847842307845,30.316630863091834,38.584499839378815,56.32876667583609,66.31397768718078,-35.57486860119649,-18.166745059349736,economy
2026-04-23,34.450565351235326,61.321372181508444,-26.870806830273118,2.109150249052802,2.547247706975687,4.440847842307845,30.316630863091834,38.58449983937882,56.3287666758361,66.3139776871808,-35.57486860119649,-18.166745059349743,economy
2026-04-24,34.69246133743401,61.06220283111988,-26.36974149368588,2.1606471349408163,2.5715138093451153,4.5383838218255805,30.457592952950012,38.927329721918014,56.022035764803455,66.1023698974363,-35.26497378446402,-17.47450920290774,economy
2026-04-25,34.69246133743401,61.06220283111989,-26.36974149368588,2.1606471349408163,2.5715138093451153,4.5383838218255805,30.457592952950012,38.927329721918014,56.02203576480346,66.10236989743632,-35.26497378446402,-17.47450920290774,economy
2026-04-26,34.88181222238022,60.51240399013611,-25.630591767755885,2.1911912701279483,2.494706049088403,4.362397147498439,30.58707733292944,39.176547111831,55.62278013392284,65.40202784634937,-34.18089017685283,-17.080293358658945,economy
2026-04-27,34.55105934172828,60.69861636573946,-26.147557024011174,2.357692817319538,2.39317013629188,4.437492319020019,29.92998141978199,39.17213726367458,56.00800289860737,65.38922983287155,-34.84504196929041,-17.450072078731935,economy
2026-04-28,34.7718592647519,60.983226923974016,-26.21136765922211,2.29104211417561,2.6248899956105496,4.286966113872916,30.28141672096771,39.2623018085361,55.83844253257734,66.1280113153707,-34.613821242413024,-17.808914076031193,economy
2026-04-29,34.77185926475191,60.98322692397402,-26.211367659222113,2.29104211417561,2.62488999561055,4.286966113872917,30.281416720967716,39.26230180853611,55.838442532577346,66.1280113153707,-34.61382124241303,-17.808914076031193,economy
2026-04-30,35.01364016677667,60.76610598258165,-25.752465815804978,2.2625606028398475,2.5460176619208594,4.238668686731571,30.579021385210567,39.44825894834277,55.775911365216764,65.75630059994653,-34.060256441798856,-17.4446751898111,economy
2026-05-01,35.01364016677667,60.76610598258165,-25.752465815804978,2.2625606028398475,2.5460176619208594,4.238668686731571,30.579021385210567,39.44825894834277,55.775911365216764,65.75630059994653,-34.060256441798856,-17.4446751898111,economy
2026-05-02,35.013640166776675,60.76610598258165,-25.752465815804978,2.262560602839848,2.5460176619208594,4.238668686731571,30.579021385210574,39.448258948342776,55.775911365216764,65.75630059994653,-34.060256441798856,-17.4446751898111,economy
2026-05-03,35.04629591731747,60.748367910336086,-25.702071993018613,2.2146739537472904,2.487700235324638,4.145087591743774,30.70553496797278,39.387056866662164,55.872475449099795,65.62426037157238,-33.82644367283641,-17.577700313200815,economy
2026-05-04,34.531980467786404,60.82940103308721,-26.297420565300804,2.3614395958205425,2.386992795245964,4.195309926383057,29.90355885997814,39.16040207559467,56.15089515440512,65.5079069117693,-34.5202280210116,-18.07461310959001,economy
2026-05-05,34.82320280693782,60.5666615748795,-25.74345876794167,2.3440886670970413,2.3296692374711117,4.238741000693826,30.22878901942762,39.41761659444802,56.000509869436115,65.13281328032288,-34.05139112930157,-17.435526406581772,economy
2026-05-06,34.82320280693783,60.566661574879504,-25.743458767941675,2.3440886670970418,2.3296692374711117,4.238741000693826,30.228789019427627,39.417616594448035,56.00050986943612,65.13281328032288,-34.05139112930158,-17.435526406581776,economy
2026-05-07,34.86107028490567,60.47146492525897,-25.610394640353302,2.172354823358998,2.169604069950631,3.93814272970274,30.603254831122037,39.11888573868931,56.21904094815574,64.7238889023622,-33.32915439057067,-17.891634890135933,economy
2026-05-08,34.86107028490567,60.47146492525898,-25.610394640353302,2.172354823358998,2.169604069950631,3.93814272970274,30.603254831122037,39.11888573868931,56.219040948155744,64.72388890236222,-33.32915439057067,-17.891634890135933,economy
2026-05-09,34.86107028490567,60.47146492525898,-25.610394640353302,2.172354823358998,2.169604069950631,3.93814272970274,30.603254831122037,39.11888573868931,56.219040948155744,64.72388890236222,-33.32915439057067,-17.891634890135933,economy
2026-05-10,34.86107028490567,60.47146492525898,-25.610394640353302,2.172354823358998,2.169604069950631,3.93814272970274,30.603254831122037,39.11888573868931,56.219040948155744,64.72388890236222,-33.32915439057067,-17.891634890135933,economy
2026-05-11,34.735646803252905,60.689296641611584,-25.95364983835868,2.1582338085290322,2.3045582303296084,4.095744460615444,30.505508538536002,38.965785067969804,56.17236251016555,65.20623077305761,-33.98130898116495,-17.925990695552407,economy
2026-05-12,34.735646803252905,60.689296641611584,-25.953649838358675,2.1582338085290322,2.3045582303296084,4.095744460615444,30.505508538536002,38.965785067969804,56.17236251016555,65.20623077305761,-33.98130898116494,-17.925990695552407,economy
2026-05-13,34.735646803252905,60.689296641611584,-25.95364983835868,2.1582338085290322,2.3045582303296084,4.095744460615444,30.505508538536002,38.965785067969804,56.17236251016555,65.20623077305761,-33.98130898116495,-17.925990695552407,economy
2026-05-14,34.735646803252905,60.689296641611584,-25.953649838358675,2.1582338085290322,2.3045582303296084,4.095744460615444,30.505508538536002,38.965785067969804,56.17236251016555,65.20623077305761,-33.98130898116494,-17.925990695552407,economy
2026-05-15,34.219340162902284,61.66457137283007,-27.445231209927783,2.0816103887926998,3.152127886000609,4.821853747343998,30.139383800868593,38.299296524935976,55.486400716268875,67.84274202939126,-36.89606455472202,-17.994397865133546,economy
2026-05-16,34.21934016290229,61.66457137283007,-27.445231209927783,2.0816103887926998,3.152127886000609,4.821853747343998,30.1393838008686,38.29929652493598,55.486400716268875,67.84274202939126,-36.89606455472202,-17.994397865133546,economy
2026-05-17,34.163305673905334,61.73312749344858,-27.56982181954325,2.010821508714487,3.0431287276620482,4.6581163273573365,30.22209551682494,38.104515830985726,55.768595187230964,67.6976597996662,-36.69972982116363,-18.43991381792287,economy
2026-05-18,32.73450488104854,62.98519359178184,-30.2506887107333,2.939493161462939,3.3402395143467425,6.014517513189548,26.973098284581177,38.4959114775159,56.43832414366222,69.53206303990146,-42.03914303658482,-18.462234384881786,economy
2026-05-19,32.78398017761724,62.899554939249455,-30.11557476163222,2.9180738086074482,3.3399681085882906,5.99637649500951,27.06455551274664,38.50340484248784,56.35321744641641,69.4458924320825,-41.86847269185086,-18.36267683141358,economy
2026-05-20,32.75683828812312,62.8857973540562,-30.12895906593308,2.8425805444640893,3.252618173924579,5.836790294796506,27.185380420973505,38.32829615527274,56.510665733164025,69.26092897494837,-41.569068043734234,-18.68885008813193,economy
2026-05-21,32.63555737234879,62.9987554421823,-30.36319806983351,2.7421665459380944,3.114413764543771,5.612688422938948,27.260910942310126,38.01020380238746,56.89450446367651,69.10300642068809,-41.36406737879385,-19.36232876087317,economy
2026-05-22,32.6355573723488,62.99875544218231,-30.36319806983351,2.742166545938095,3.114413764543771,5.612688422938948,27.260910942310133,38.010203802387466,56.89450446367652,69.1030064206881,-41.36406737879385,-19.36232876087317,economy
2026-05-23,32.6355573723488,62.99875544218231,-30.36319806983351,2.742166545938095,3.114413764543771,5.612688422938948,27.260910942310133,38.010203802387466,56.89450446367652,69.1030064206881,-41.36406737879385,-19.36232876087317,economy
2026-05-24,32.478477658797544,63.04096864925695,-30.562490990459413,2.704667640099103,3.01861929607576,5.471248720493577,27.1773290842033,37.77962623339179,57.124474828948465,68.95746246956544,-41.286138482626825,-19.838843498292,economy
2026-05-25,32.478477658797544,63.04096864925695,-30.562490990459413,2.704667640099103,3.01861929607576,5.471248720493577,27.1773290842033,37.77962623339179,57.124474828948465,68.95746246956544,-41.286138482626825,-19.838843498292,economy
2026-05-26,32.19319394595544,63.222668137568014,-31.029474191612575,2.6116230479624782,2.8401342642754908,5.213975864709743,27.074412771948985,37.3119751199619,57.656004979588054,68.78933129554798,-41.24886688644367,-20.81008149678148,economy
2026-05-27,32.19319394595544,63.222668137568014,-31.029474191612575,2.6116230479624782,2.8401342642754908,5.213975864709743,27.074412771948985,37.3119751199619,57.656004979588054,68.78933129554798,-41.24886688644367,-20.81008149678148,economy
2026-05-28,32.19319394595544,63.22266813756802,-31.02947419161258,2.6116230479624782,2.8401342642754908,5.213975864709743,27.074412771948985,37.3119751199619,57.65600497958806,68.78933129554798,-41.24886688644368,-20.810081496781482,economy
2026-05-29,32.19319394595544,63.222668137568014,-31.029474191612575,2.6116230479624782,2.8401342642754908,5.2139758647097425,27.074412771948985,37.3119751199619,57.656004979588054,68.78933129554798,-41.24886688644367,-20.81008149678148,economy
2026-05-30,32.19319394595544,63.222668137568014,-31.029474191612575,2.6116230479624782,2.8401342642754908,5.2139758647097425,27.074412771948985,37.3119751199619,57.656004979588054,68.78933129554798,-41.24886688644367,-20.81008149678148,economy
2026-05-31,32.19319394595544,63.222668137568014,-31.029474191612575,2.6116230479624782,2.8401342642754908,5.213975864709743,27.074412771948985,37.3119751199619,57.656004979588054,68.78933129554798,-41.24886688644367,-20.81008149678148,economy
2026-06-01,32.19319394595544,63.22266813756801,-31.02947419161257,2.6116230479624782,2.8401342642754908,5.2139758647097425,27.074412771948985,37.3119751199619,57.65600497958805,68.78933129554797,-41.248866886443665,-20.81008149678148,economy
2026-06-02,32.19319394595544,63.22266813756802,-31.029474191612575,2.6116230479624782,2.8401342642754908,5.213975864709743,27.074412771948985,37.3119751199619,57.65600497958806,68.78933129554798,-41.24886688644367,-20.81008149678148,economy
2026-06-03,32.19319394595544,63.222668137568014,-31.029474191612575,2.6116230479624782,2.8401342642754908,5.213975864709743,27.074412771948985,37.3119751199619,57.656004979588054,68.78933129554798,-41.24886688644367,-20.81008149678148,economy
2025-01-21,48.63475968716398,38.60747089625757,10.027288790906411,0,0,0,48.63475968716398,48.63475968716398,38.60747089625757,38.60747089625757,10.027288790906411,10.027288790906411,immigration
2025-01-22,48.63475968716398,38.60747089625757,10.027288790906411,0,0,0,48.63475968716398,48.63475968716398,38.60747089625757,38.60747089625757,10.027288790906411,10.027288790906411,immigration
2025-01-23,48.24485203176648,45.95380610829434,2.291045923472139,0.24690621109159985,4.652013797378812,4.898920008470411,47.76091585802694,48.728788205506014,36.83585906543186,55.07175315115681,-7.310837293129867,11.892929140074145,immigration
2025-01-24,48.24485203176647,45.95380610829434,2.2910459234721383,0.24690621109159985,4.652013797378811,4.898920008470411,47.760915858026934,48.72878820550601,36.83585906543187,55.071753151156805,-7.310837293129868,11.892929140074145,immigration
2025-01-25,48.24485203176647,45.95380610829434,2.291045923472139,0.24690621109159985,4.652013797378812,4.898920008470411,47.760915858026934,48.72878820550601,36.83585906543186,55.07175315115681,-7.310837293129867,11.892929140074145,immigration
2025-01-26,48.24485203176648,45.95380610829434,2.291045923472139,0.24690621109159985,4.652013797378812,4.898920008470411,47.76091585802694,48.728788205506014,36.83585906543186,55.07175315115681,-7.310837293129867,11.892929140074145,immigration
2025-01-27,47.456314000189074,45.71294250783738,1.7433714923516934,1.0331758488070109,3.686195073752251,3.931763373714959,45.431289336527335,49.48133866385081,38.48800016328297,52.9378848523918,-5.962884720129626,9.449627704833013,immigration
2025-01-28,47.456314000189074,45.71294250783738,1.7433714923516934,1.0331758488070109,3.686195073752251,3.931763373714959,45.431289336527335,49.48133866385081,38.48800016328297,52.9378848523918,-5.962884720129626,9.449627704833013,immigration
2025-01-29,47.45631400018908,45.71294250783738,1.7433714923516936,1.0331758488070109,3.686195073752251,3.931763373714959,45.43128933652734,49.48133866385082,38.48800016328297,52.9378848523918,-5.962884720129626,9.449627704833013,immigration
2025-01-30,47.45631400018908,45.71294250783738,1.7433714923516934,1.0331758488070106,3.686195073752251,3.931763373714959,45.43128933652734,49.48133866385082,38.48800016328297,52.9378848523918,-5.962884720129626,9.449627704833013,immigration
2025-01-31,47.456314000189074,45.71294250783738,1.7433714923516934,1.0331758488070109,3.6861950737522506,3.931763373714959,45.431289336527335,49.48133866385081,38.48800016328297,52.9378848523918,-5.962884720129626,9.449627704833013,immigration
2025-02-01,47.456314000189074,45.71294250783738,1.7433714923516934,1.0331758488070109,3.686195073752251,3.931763373714959,45.431289336527335,49.48133866385081,38.48800016328297,52.9378848523918,-5.962884720129626,9.449627704833013,immigration
2025-02-02,47.456314000189074,45.71294250783738,1.7433714923516934,1.0331758488070109,3.686195073752251,3.931763373714959,45.431289336527335,49.48133866385081,38.48800016328297,52.9378848523918,-5.962884720129626,9.449627704833013,immigration
2025-02-03,47.456314000189074,45.71294250783738,1.7433714923516934,1.0331758488070109,3.686195073752251,3.931763373714959,45.431289336527335,49.48133866385081,38.48800016328297,52.9378848523918,-5.962884720129626,9.449627704833013,immigration
2025-02-04,48.6079615403476,44.0114601823584,4.5965013579892045,1.5196485645027886,3.3732170335134897,4.3804377717395475,45.62945035392214,51.58647272677307,37.399954796671956,50.62296556804484,-3.9891566746203093,13.182159390598718,immigration
2025-02-05,48.60796154034759,44.01146018235839,4.596501357989204,1.5196485645027886,3.3732170335134897,4.3804377717395475,45.629450353922124,51.58647272677305,37.39995479667195,50.62296556804483,-3.98915667462031,13.182159390598716,immigration
2025-02-06,48.6079615403476,44.0114601823584,4.5965013579892045,1.5196485645027886,3.37321703351349,4.3804377717395475,45.62945035392214,51.58647272677307,37.399954796671956,50.62296556804484,-3.9891566746203093,13.182159390598718,immigration
2025-02-07,48.6079615403476,44.01146018235839,4.5965013579892045,1.5196485645027886,3.3732170335134897,4.3804377717395475,45.62945035392214,51.58647272677307,37.39995479667195,50.62296556804483,-3.9891566746203093,13.182159390598718,immigration
2025-02-08,48.6079615403476,44.0114601823584,4.5965013579892045,1.5196485645027886,3.37321703351349,4.3804377717395475,45.62945035392214,51.58647272677307,37.399954796671956,50.62296556804484,-3.9891566746203093,13.182159390598718,immigration
2025-02-09,48.607961540347596,44.01146018235839,4.5965013579892045,1.5196485645027886,3.3732170335134897,4.3804377717395475,45.62945035392213,51.58647272677306,37.39995479667195,50.62296556804483,-3.9891566746203093,13.182159390598718,immigration
2025-02-10,48.607961540347596,44.01146018235839,4.5965013579892045,1.5196485645027886,3.3732170335134897,4.3804377717395475,45.62945035392213,51.58647272677306,37.39995479667195,50.62296556804483,-3.9891566746203093,13.182159390598718,immigration
2025-02-11,48.607961540347596,44.01146018235839,4.5965013579892045,1.5196485645027886,3.3732170335134897,4.3804377717395475,45.62945035392213,51.58647272677306,37.39995479667195,50.62296556804483,-3.9891566746203093,13.182159390598718,immigration
2025-02-12,48.60796154034759,44.01146018235839,4.596501357989204,1.5196485645027884,3.3732170335134897,4.3804377717395475,45.629450353922124,51.58647272677305,37.39995479667195,50.62296556804483,-3.98915667462031,13.182159390598716,immigration
2025-02-13,49.6354679411267,44.28792771958816,5.347540221538536,1.6432582465605752,2.562071916953271,3.4120114736888887,46.41468177786797,52.85625410438543,39.26626676235975,49.309588676816574,-1.3400022668916858,12.035082709968759,immigration
2025-02-14,49.6354679411267,44.28792771958816,5.347540221538536,1.6432582465605752,2.5620719169532715,3.4120114736888887,46.41468177786797,52.85625410438543,39.26626676235975,49.309588676816574,-1.3400022668916858,12.035082709968759,immigration
2025-02-15,49.635467941126706,44.28792771958817,5.347540221538537,1.6432582465605756,2.562071916953271,3.4120114736888887,46.414681777867976,52.856254104385435,39.266266762359756,49.30958867681658,-1.340002266891685,12.035082709968759,immigration
2025-02-16,48.4965390693759,45.36101804924241,3.1355210201334884,2.0655321727897302,2.5549017351169017,4.129265054845994,44.44809601070803,52.54498212804377,40.35341064841328,50.36862545007154,-4.9578384873646595,11.228880527631636,immigration
2025-02-17,47.562736605002364,46.22089584769656,1.3418407573058049,2.321397813730721,2.5565825880853508,4.540200658452903,43.01279689009015,52.11267631991458,41.20999397504927,51.23179772034385,-7.556952533261885,10.240634047873495,immigration
2025-02-18,49.179747782032855,45.80605284585315,3.3736949361797013,2.9339306826988705,1.8879120747583231,4.2755188112081095,43.42924364394307,54.93025192012264,42.10574517932684,49.506360512379466,-5.006321933788193,11.753711806147596,immigration
2025-02-19,49.179747782032855,45.80605284585316,3.3736949361797017,2.9339306826988705,1.8879120747583233,4.2755188112081095,43.42924364394307,54.93025192012264,42.105745179326846,49.50636051237947,-5.006321933788193,11.753711806147596,immigration
2025-02-20,49.4620895615151,46.17320916582745,3.2888803956876465,2.6586219321692766,1.8173207517556629,3.7962738163180765,44.251190574463315,54.672988548566885,42.61126049238635,49.73515783926855,-4.1518162842957835,10.729577075671076,immigration
2025-02-21,49.46208956151509,46.173209165827444,3.2888803956876456,2.6586219321692766,1.8173207517556629,3.796273816318076,44.25119057446331,54.67298854856688,42.61126049238634,49.735157839268545,-4.1518162842957835,10.729577075671074,immigration
2025-02-22,49.4620895615151,46.17320916582745,3.288880395687646,2.6586219321692766,1.8173207517556629,3.7962738163180765,44.251190574463315,54.672988548566885,42.61126049238635,49.73515783926855,-4.1518162842957835,10.729577075671076,immigration
2025-02-23,49.4620895615151,46.17320916582745,3.288880395687646,2.6586219321692766,1.8173207517556629,3.7962738163180765,44.251190574463315,54.672988548566885,42.61126049238635,49.73515783926855,-4.1518162842957835,10.729577075671076,immigration
2025-02-24,49.506964507115704,46.09398817365813,3.412976333457565,2.615216201975915,1.823722212829728,3.7710374534361395,44.38114075124291,54.6327882629885,42.51949263651186,49.6684837108044,-3.978257075277268,10.804209742192398,immigration
2025-02-25,49.506964507115704,46.09398817365814,3.4129763334575656,2.6152162019759153,1.823722212829728,3.77103745343614,44.38114075124291,54.6327882629885,42.51949263651187,49.66848371080441,-3.9782570752772686,10.8042097421924,immigration
2025-02-26,49.506964507115704,46.09398817365814,3.412976333457565,2.615216201975915,1.823722212829728,3.7710374534361395,44.38114075124291,54.6327882629885,42.51949263651187,49.66848371080441,-3.978257075277268,10.804209742192398,immigration
2025-02-27,49.506964507115704,46.09398817365813,3.412976333457565,2.6152162019759153,1.823722212829728,3.7710374534361395,44.38114075124291,54.6327882629885,42.51949263651186,49.6684837108044,-3.978257075277268,10.804209742192398,immigration
2025-02-28,50.27953743547416,46.51428111700569,3.7652563184684706,2.77369804446881,1.7379244189869365,3.4433969983045585,44.843089268315296,55.715985602633026,43.10794925579129,49.920612978220085,-2.983801798208464,10.514314435145405,immigration
2025-03-01,50.279537435474154,46.51428111700568,3.7652563184684706,2.77369804446881,1.7379244189869365,3.4433969983045585,44.84308926831529,55.71598560263302,43.10794925579128,49.92061297822008,-2.983801798208464,10.514314435145405,immigration
2025-03-02,50.279537435474154,46.51428111700568,3.7652563184684706,2.77369804446881,1.7379244189869365,3.4433969983045585,44.84308926831529,55.71598560263302,43.10794925579128,49.92061297822008,-2.983801798208464,10.514314435145405,immigration
2025-03-03,50.27953743547416,46.51428111700569,3.765256318468471,2.77369804446881,1.7379244189869365,3.4433969983045585,44.843089268315296,55.715985602633026,43.10794925579129,49.920612978220085,-2.9838017982084635,10.514314435145405,immigration
2025-03-04,50.599917145755605,45.33606030413899,5.263856841616611,2.504466735387835,2.4676014741474415,4.086807569130621,45.69116234439545,55.50867194711576,40.49956141481,50.172559193467976,-2.7462859938794066,13.273999677112627,immigration
2025-03-05,50.5999171457556,45.33606030413899,5.263856841616611,2.504466735387835,2.4676014741474415,4.086807569130621,45.691162344395444,55.50867194711575,40.49956141481,50.172559193467976,-2.7462859938794066,13.273999677112627,immigration
2025-03-06,50.599917145755605,45.336060304139,5.263856841616611,2.504466735387835,2.4676014741474415,4.086807569130621,45.69116234439545,55.50867194711576,40.49956141481001,50.17255919346798,-2.7462859938794066,13.273999677112627,immigration
2025-03-07,50.5999171457556,45.33606030413899,5.26385684161661,2.504466735387835,2.467601474147441,4.086807569130621,45.691162344395444,55.50867194711575,40.49956141481,50.172559193467976,-2.7462859938794075,13.273999677112627,immigration
2025-03-08,50.5999171457556,45.33606030413899,5.263856841616611,2.504466735387835,2.4676014741474415,4.086807569130621,45.691162344395444,55.50867194711575,40.49956141481,50.172559193467976,-2.7462859938794066,13.273999677112627,immigration
2025-03-09,51.06654764100913,44.67082161336358,6.395726027645553,2.669695500993099,2.936375889858618,4.913871730797981,45.83394445906266,56.2991508229556,38.915524869240684,50.42611835748647,-3.235462564718489,16.026914620009595,immigration
2025-03-10,49.44905872790953,45.198663645474326,4.250395082435202,3.075054161460198,2.772449580980492,5.325846082378605,43.42195257144754,55.47616488437152,39.76466246675256,50.63266482419609,-6.188263239026862,14.689053403897265,immigration
2025-03-11,49.457192868362895,44.83195325158256,4.625239616780327,2.792028438096322,2.6396179358773733,4.903278315520347,43.98481712969411,54.92956860703168,39.65830209726291,50.00560440590221,-4.985185881639554,14.235665115200208,immigration
2025-03-12,49.60443196708256,45.08587698433833,4.518554982744236,2.4641487994988425,2.55649543233454,4.583660806348145,44.77470032006483,54.43416361410029,40.07514593696263,50.09660803171403,-4.465420197698128,13.5025301631866,immigration
2025-03-13,49.60443196708256,45.08587698433833,4.518554982744236,2.4641487994988425,2.55649543233454,4.583660806348145,44.77470032006483,54.43416361410029,40.07514593696263,50.09660803171403,-4.465420197698128,13.5025301631866,immigration
2025-03-14,49.60443196708256,45.08587698433833,4.518554982744236,2.4641487994988425,2.55649543233454,4.583660806348145,44.77470032006483,54.43416361410029,40.07514593696263,50.09660803171403,-4.465420197698128,13.5025301631866,immigration
2025-03-15,49.60443196708257,45.085876984338334,4.518554982744236,2.4641487994988425,2.55649543233454,4.583660806348145,44.77470032006484,54.4341636141003,40.075145936962635,50.096608031714034,-4.465420197698128,13.5025301631866,immigration
2025-03-16,49.60443196708256,45.08587698433833,4.518554982744236,2.4641487994988425,2.55649543233454,4.583660806348145,44.77470032006483,54.43416361410029,40.07514593696263,50.09660803171403,-4.465420197698128,13.5025301631866,immigration
2025-03-17,49.60443196708256,45.08587698433833,4.518554982744236,2.4641487994988425,2.55649543233454,4.583660806348145,44.77470032006483,54.43416361410029,40.07514593696263,50.09660803171403,-4.465420197698128,13.5025301631866,immigration
2025-03-18,49.499676905925455,45.34231277965372,4.157364126271736,2.2812291221256573,2.437337809939918,4.317208825618593,45.028467826559165,53.970885985291744,40.56513067217148,50.11949488713596,-4.304365171940706,12.619093424484177,immigration
2025-03-19,49.39626861698632,45.355469430190624,4.040799186795692,2.0337484802392813,2.162654227266932,3.836960266464814,45.41012159571733,53.38241563825531,41.11666714474744,49.59427171563381,-3.4796429354753435,11.561241309066727,immigration
2025-03-20,49.396268616986305,45.35546943019062,4.040799186795691,2.033748480239281,2.1626542272669314,3.8369602664648137,45.410121595717314,53.382415638255296,41.11666714474743,49.5942717156338,-3.4796429354753444,11.561241309066727,immigration
2025-03-21,49.39626861698631,45.355469430190624,4.040799186795692,2.0337484802392813,2.162654227266932,3.836960266464814,45.41012159571732,53.3824156382553,41.11666714474744,49.59427171563381,-3.4796429354753435,11.561241309066727,immigration
2025-03-22,49.39626861698632,45.355469430190624,4.040799186795692,2.0337484802392813,2.162654227266932,3.836960266464814,45.41012159571733,53.38241563825531,41.11666714474744,49.59427171563381,-3.4796429354753435,11.561241309066727,immigration
2025-03-23,49.39626861698631,45.35546943019062,4.040799186795691,2.0337484802392813,2.1626542272669314,3.836960266464814,45.41012159571732,53.3824156382553,41.11666714474743,49.5942717156338,-3.4796429354753444,11.561241309066727,immigration
2025-03-24,49.39626861698631,45.355469430190624,4.040799186795692,2.0337484802392813,2.162654227266932,3.836960266464814,45.41012159571732,53.3824156382553,41.11666714474744,49.59427171563381,-3.4796429354753435,11.561241309066727,immigration
2025-03-25,49.50149111288576,45.410760872347176,4.090730240538583,1.8885627168526338,1.9896539089261018,3.5317365927005944,45.7999081878546,53.20307403791692,41.51103921085202,49.31048253384233,-2.831473481154582,11.012933962231747,immigration
2025-03-26,49.50149111288576,45.410760872347176,4.090730240538583,1.8885627168526338,1.9896539089261018,3.5317365927005944,45.7999081878546,53.20307403791692,41.51103921085202,49.31048253384233,-2.831473481154582,11.012933962231747,immigration
2025-03-27,48.9866026643966,46.70814971901223,2.278452945384372,1.8496290437652647,2.820359918254453,4.357643618988733,45.36132973861668,52.61187559017652,41.180244279233506,52.23605515879096,-6.262528547833545,10.819434438602288,immigration
2025-03-28,49.4029340420294,47.035919968221094,2.367014073808311,2.0475895646537383,2.7441967576110113,4.096063286450522,45.389658495308076,53.416209588750725,41.65729432330351,52.41454561313868,-5.661269967634711,10.395298115251334,immigration
2025-03-29,49.40293404202941,47.035919968221094,2.367014073808311,2.0475895646537383,2.7441967576110113,4.096063286450522,45.38965849530808,53.41620958875073,41.65729432330351,52.41454561313868,-5.661269967634711,10.395298115251334,immigration
2025-03-30,49.40293404202941,47.035919968221094,2.3670140738083116,2.0475895646537383,2.7441967576110113,4.096063286450522,45.38965849530808,53.41620958875073,41.65729432330351,52.41454561313868,-5.661269967634711,10.395298115251334,immigration
2025-03-31,49.40293404202941,47.0359199682211,2.367014073808311,2.0475895646537383,2.7441967576110113,4.096063286450522,45.38965849530808,53.41620958875073,41.65729432330352,52.414545613138685,-5.661269967634711,10.395298115251334,immigration
2025-04-01,48.97362728421066,47.348884962795466,1.6247423214151941,2.11850769629885,2.6150750148099524,4.12085152066831,44.82135219946491,53.1259023689564,42.22333793376796,52.474431991822975,-6.452126659094693,9.701611301925082,immigration
2025-04-02,49.22199773434884,46.9361990761301,2.2857986582187344,2.025063579943012,2.580244744764743,4.073993056185522,45.252873117660535,53.191122351037144,41.8789193763912,51.993478775869,-5.699227731904888,10.270825048342356,immigration
2025-04-03,49.22199773434884,46.9361990761301,2.2857986582187344,2.025063579943012,2.580244744764743,4.073993056185522,45.252873117660535,53.191122351037144,41.8789193763912,51.993478775869,-5.699227731904888,10.270825048342356,immigration
2025-04-04,49.22199773434884,46.93619907613011,2.285798658218735,2.025063579943012,2.580244744764743,4.073993056185522,45.252873117660535,53.191122351037144,41.87891937639121,51.99347877586901,-5.699227731904887,10.270825048342358,immigration
2025-04-05,49.22199773434884,46.9361990761301,2.285798658218734,2.025063579943012,2.580244744764743,4.073993056185522,45.252873117660535,53.191122351037144,41.8789193763912,51.993478775869,-5.699227731904889,10.270825048342356,immigration
2025-04-06,49.22199773434883,46.9361990761301,2.2857986582187344,2.025063579943012,2.580244744764743,4.073993056185522,45.25287311766053,53.19112235103714,41.8789193763912,51.993478775869,-5.699227731904888,10.270825048342356,immigration
2025-04-07,48.02974128389458,47.49987292992042,0.5298683539741635,2.79325080542992,2.477295578577506,4.776002350565192,42.554969705251935,53.504512862537226,42.64437359590851,52.35537226393233,-8.831096253133612,9.89083296108194,immigration
2025-04-08,48.11354748864569,47.279929672773484,0.8336178158722097,2.6187263004713737,2.390230718315432,4.57188442492951,42.9808439397218,53.246251037569586,42.59507746487524,51.96478188067173,-8.12727565698963,9.794511288734048,immigration
2025-04-09,48.75159717561086,46.73848498012946,2.0131121954813977,2.968680168795641,2.6501920203433778,5.282382555092781,42.9329840447714,54.57021030645032,41.544108620256445,51.93286134000248,-8.340357612500453,12.366582003463249,immigration
2025-04-10,48.27293740370741,47.55151417313719,0.7214232305702173,3.0056743764408314,3.214638485030518,5.8926212093766,42.38181562588338,54.16405918153144,41.250822742477375,53.85220560379701,-10.828114339807918,12.270960800948352,immigration
2025-04-11,48.34687008366139,48.13736788660351,0.20950219705787815,2.832236856679606,3.3441963299196646,5.656145480447431,42.79568584456936,53.898054322753424,41.58274307996097,54.69199269324606,-10.876542944619086,11.295547338734842,immigration
2025-04-12,48.34687008366139,48.13736788660351,0.209502197057878,2.832236856679606,3.3441963299196646,5.656145480447432,42.79568584456936,53.898054322753424,41.58274307996097,54.69199269324606,-10.876542944619088,11.295547338734844,immigration
2025-04-13,48.287747074005125,48.10557225870748,0.1821748152976456,2.8020866630260284,3.2921354172243045,5.561957920859721,42.79565721447411,53.77983693353614,41.65298684094785,54.55815767646712,-10.719262709587408,11.0836123401827,immigration
2025-04-14,47.021655559961296,48.58323564272597,-1.5615800827646669,3.2123232553115812,3.1365411704622463,5.916456519980954,40.7255019795506,53.31780914037199,42.435614948619964,54.73085633683197,-13.157834861927336,10.034674696398001,immigration
2025-04-15,46.93099709617292,48.66271232267866,-1.7317152265057367,3.0899567405228106,3.0142959728352774,5.69210946387909,40.87468188474821,52.987312307597634,42.754692215921516,54.5707324294358,-12.888249775708752,9.42481932269728,immigration
2025-04-16,46.930997096172916,48.66271232267866,-1.731715226505737,3.0899567405228106,3.0142959728352774,5.69210946387909,40.874681884748206,52.98731230759763,42.754692215921516,54.5707324294358,-12.888249775708752,9.42481932269728,immigration
2025-04-17,46.93099709617292,48.66271232267866,-1.7317152265057367,3.0899567405228106,3.0142959728352774,5.69210946387909,40.87468188474821,52.987312307597634,42.754692215921516,54.5707324294358,-12.888249775708752,9.42481932269728,immigration
2025-04-18,46.93099709617292,48.66271232267866,-1.731715226505737,3.0899567405228106,3.0142959728352774,5.69210946387909,40.87468188474821,52.987312307597634,42.754692215921516,54.5707324294358,-12.888249775708752,9.42481932269728,immigration
2025-04-19,46.93099709617292,48.66271232267866,-1.731715226505737,3.0899567405228106,3.0142959728352774,5.69210946387909,40.87468188474821,52.987312307597634,42.754692215921516,54.5707324294358,-12.888249775708752,9.42481932269728,immigration
2025-04-20,46.93364825144395,48.56693453645492,-1.6332862850109748,2.971175990821579,2.917746772577523,5.484113132397207,41.11014330943365,52.75715319345424,42.84815086220298,54.28571821070687,-12.3821480245095,9.11557545448755,immigration
2025-04-21,46.841341155441064,47.721946524687795,-0.8806053692467286,2.518629071048571,2.7891309777277815,4.678920158131854,41.904828176185866,51.77785413469626,42.25524980834135,53.18864324103424,-10.051288879185162,8.290078140691705,immigration
2025-04-22,46.80145246389219,48.763964723211714,-1.9625122593195223,2.455611305126218,3.4083452399264518,4.903861886986873,41.988454305844805,51.614450621939575,42.08360805295587,55.44432139346756,-11.574081557813795,7.64905703917475,immigration
2025-04-23,46.684234554052864,48.93392907862061,-2.249694524567743,2.3059040641605915,3.203014218274161,4.624435405896578,42.16466258829811,51.20380651980762,42.65602121080325,55.21183694643796,-11.313587920125034,6.814198870989549,immigration
2025-04-24,46.56014437790703,48.822221150151556,-2.2620767722445274,2.1476659780812675,2.9829765599314717,4.267668130992408,42.350719060867746,50.76956969494631,42.97558709268587,54.66885520761724,-10.626706308989647,6.102552764500591,immigration
2025-04-25,46.675682313785664,49.09755784005882,-2.421875526273154,2.101085298531081,3.0442676320720294,4.133616581751016,42.557555128664745,50.79380949890658,43.13079328119764,55.06432239892,-10.523764026505145,5.680012973958838,immigration
2025-04-26,46.675682313785664,49.09755784005882,-2.421875526273154,2.101085298531081,3.0442676320720294,4.133616581751016,42.557555128664745,50.79380949890658,43.13079328119764,55.06432239892,-10.523764026505145,5.680012973958838,immigration
2025-04-27,46.680586620287244,49.063570057338204,-2.382983437050961,2.069646209775419,2.9543674650935388,4.058215585594172,42.62408004912742,50.737093191447066,43.27300982575487,54.85413028892154,-10.337085984815538,5.5711191107136155,immigration
2025-04-28,46.41535920721397,48.756989200245826,-2.3416299930318614,1.9046475548062,2.552078303344376,3.5801608104319453,42.68224999979382,50.14846841463412,43.75491572569085,53.7590626748008,-9.358745181478474,4.675485195414751,immigration
2025-04-29,46.41535920721397,48.75698920024583,-2.3416299930318614,1.9046475548062,2.552078303344376,3.5801608104319453,42.68224999979382,50.14846841463412,43.75491572569086,53.75906267480081,-9.358745181478474,4.675485195414751,immigration
2025-04-30,46.41535920721397,48.756989200245826,-2.341629993031861,1.9046475548062,2.552078303344376,3.5801608104319453,42.68224999979382,50.14846841463412,43.75491572569085,53.7590626748008,-9.358745181478474,4.675485195414751,immigration
2025-05-01,46.41535920721397,48.75698920024583,-2.3416299930318614,1.9046475548062,2.552078303344376,3.5801608104319453,42.68224999979382,50.14846841463412,43.75491572569086,53.75906267480081,-9.358745181478474,4.675485195414751,immigration
2025-05-02,46.41535920721397,48.756989200245826,-2.3416299930318614,1.9046475548062,2.552078303344376,3.580160810431945,42.68224999979382,50.14846841463412,43.75491572569085,53.7590626748008,-9.358745181478472,4.67548519541475,immigration
2025-05-03,46.41535920721397,48.756989200245826,-2.341629993031861,1.9046475548062,2.5520783033443757,3.5801608104319445,42.68224999979382,50.14846841463412,43.75491572569085,53.7590626748008,-9.358745181478472,4.675485195414749,immigration
2025-05-04,46.43600667747402,48.848465242762835,-2.412458565288814,1.7792712190229716,2.3949096188608547,3.348060735895564,42.94863508818899,49.923378266759045,44.15444238979556,53.54248809573011,-8.974657607644119,4.149740477066491,immigration
2025-05-05,46.3269514455537,48.74216741646856,-2.4152159709148617,1.8280263308845837,2.3240805856230917,3.350532052434189,42.74401983701992,49.90988305408749,44.186969468647305,53.29736536428982,-8.982258793685872,4.151826851856148,immigration
2025-05-06,46.33721529757803,48.738396669191935,-2.4011813716139083,1.8025843361298082,2.2905823891715573,3.3030966013945533,42.804149998763606,49.87028059639245,44.24885518641568,53.22793815196819,-8.875250710347233,4.072887967119415,immigration
2025-05-07,46.33721529757803,48.738396669191935,-2.401181371613908,1.8025843361298082,2.2905823891715573,3.3030966013945533,42.804149998763606,49.87028059639245,44.24885518641568,53.22793815196819,-8.875250710347231,4.072887967119416,immigration
2025-05-08,46.33721529757803,48.738396669191935,-2.401181371613908,1.8025843361298082,2.2905823891715573,3.3030966013945533,42.804149998763606,49.87028059639245,44.24885518641568,53.22793815196819,-8.875250710347231,4.072887967119416,immigration
2025-05-09,46.33721529757802,48.73839666919193,-2.401181371613908,1.8025843361298082,2.2905823891715573,3.3030966013945533,42.8041499987636,49.87028059639244,44.248855186415675,53.22793815196818,-8.875250710347231,4.072887967119416,immigration
2025-05-10,46.33721529757802,48.73839666919193,-2.401181371613908,1.8025843361298082,2.2905823891715573,3.303096601394553,42.8041499987636,49.87028059639244,44.248855186415675,53.22793815196818,-8.875250710347231,4.072887967119415,immigration
2025-05-11,46.11177196196274,49.178782797914025,-3.0670108359512898,1.8101484588115702,2.504354812997575,3.630100577513379,42.56388098269206,49.659662941233414,44.27024736443878,54.08731823138927,-10.182007967877512,4.047986295974933,immigration
2025-05-12,46.783754672114455,48.699345966920035,-1.915591294805583,1.9995415337338134,2.3780593673348984,3.8181037663104944,42.86465326599618,50.70285607823273,44.03834960694363,53.360342326896436,-9.399074676774152,5.567892087162987,immigration
2025-05-13,47.09876909094192,48.570254444626514,-1.4714853536845949,2.0943162575428387,2.2568804921292482,3.8125620475419035,42.99390922615796,51.20362895572588,44.146768680053185,52.99374020919984,-8.944106966866727,6.001136259497536,immigration
2025-05-14,47.09876909094192,48.570254444626514,-1.4714853536845949,2.0943162575428387,2.256880492129248,3.8125620475419035,42.99390922615796,51.20362895572588,44.146768680053185,52.99374020919984,-8.944106966866727,6.001136259497536,immigration
2025-05-15,47.34829572397299,47.529294237313216,-0.18099851334022515,2.2393107972196535,2.5316086807419533,4.140708926450026,42.95924656142247,51.73734488652351,42.56734122305899,52.491247251567444,-8.296788009182276,7.934790982501826,immigration
2025-05-16,47.348295723972996,47.529294237313216,-0.18099851334022524,2.2393107972196535,2.5316086807419533,4.140708926450026,42.959246561422475,51.737344886523516,42.56734122305899,52.491247251567444,-8.296788009182277,7.934790982501826,immigration
2025-05-17,47.34829572397299,47.52929423731321,-0.180998513340225,2.2393107972196535,2.5316086807419533,4.140708926450026,42.95924656142247,51.73734488652351,42.56734122305898,52.49124725156744,-8.296788009182276,7.934790982501826,immigration
2025-05-18,47.46681158719147,47.37498665089026,0.09182493630121066,2.242128940026586,2.51034905739767,4.17409927061606,43.07223886473936,51.86138430964358,42.45470249839082,52.29527080338969,-8.089409634106268,8.273059506708687,immigration
2025-05-19,47.38294854392452,47.355163740759394,0.0277848031651245,2.048721281367653,2.2684574601700747,3.7841620320555034,43.36745483244392,51.39844225540512,42.90898711882605,51.80134036269274,-7.389172779663662,7.44474238599391,immigration
2025-05-20,47.07763850883308,47.635228896893175,-0.557590388060094,2.18970137109946,2.3477724225096672,4.077309699811959,42.78582382147814,51.369453196188026,43.03359494877423,52.23686284501212,-8.549117399691534,7.433936623571346,immigration
2025-05-21,47.07763850883308,47.635228896893175,-0.5575903880600939,2.18970137109946,2.3477724225096672,4.077309699811959,42.78582382147814,51.369453196188026,43.03359494877423,52.23686284501212,-8.549117399691534,7.433936623571346,immigration
2025-05-22,47.07763850883308,47.635228896893175,-0.5575903880600941,2.18970137109946,2.3477724225096672,4.077309699811959,42.78582382147814,51.369453196188026,43.03359494877423,52.23686284501212,-8.549117399691534,7.433936623571345,immigration
2025-05-23,47.077638508833076,47.63522889689317,-0.5575903880600938,2.1897013710994595,2.3477724225096672,4.077309699811959,42.78582382147813,51.36945319618802,43.03359494877422,52.23686284501211,-8.549117399691534,7.433936623571346,immigration
2025-05-24,47.07763850883308,47.63522889689318,-0.557590388060094,2.18970137109946,2.3477724225096672,4.077309699811959,42.78582382147814,51.369453196188026,43.03359494877424,52.236862845012126,-8.549117399691534,7.433936623571346,immigration
2025-05-25,47.04750204031873,47.6797415504273,-0.6322395101085732,2.1000064563278795,2.2408415461200537,3.8995964121231017,42.93148938591609,51.16351469472138,43.287692120032,52.071790980822605,-8.275448477869853,7.010969457652706,immigration
2025-05-26,47.050045426398725,47.92419927946281,-0.874153853064089,1.9872016993373025,2.2257136472012062,3.752242135814382,43.155130095697615,50.944960757099835,43.561800530948446,52.28659802797718,-8.228548439260278,6.480240733132099,immigration
2025-05-27,46.19940823505543,49.359976093389385,-3.1605678583339536,2.1439061847382814,2.935863881802696,4.789755367610192,41.9973521129684,50.40146435714246,43.6056828850561,55.11426930172267,-12.548488378849928,6.227352662182021,immigration
2025-05-28,46.19940823505543,49.359976093389385,-3.1605678583339536,2.1439061847382814,2.935863881802696,4.789755367610192,41.9973521129684,50.40146435714246,43.6056828850561,55.11426930172267,-12.548488378849928,6.227352662182021,immigration
2025-05-29,46.91217425568198,48.43882134560095,-1.5266470899189595,2.4412822210213383,3.274337081068516,5.507524629801073,42.12726110248016,51.6970874088838,42.02112066670666,54.85652202449524,-12.321395364329062,9.268101184491142,immigration
2025-05-30,46.91217425568199,48.43882134560095,-1.5266470899189595,2.4412822210213387,3.2743370810685164,5.507524629801073,42.12726110248016,51.69708740888382,42.02112066670666,54.85652202449524,-12.321395364329062,9.268101184491142,immigration
2025-05-31,46.91217425568198,48.43882134560094,-1.5266470899189597,2.4412822210213383,3.274337081068516,5.507524629801073,42.12726110248016,51.6970874088838,42.02112066670665,54.856522024495234,-12.321395364329062,9.268101184491142,immigration
2025-06-01,46.91217425568199,48.43882134560095,-1.5266470899189595,2.4412822210213387,3.2743370810685164,5.507524629801073,42.12726110248016,51.69708740888382,42.02112066670666,54.85652202449524,-12.321395364329062,9.268101184491142,immigration
2025-06-02,47.00947829495377,48.16928841590144,-1.159810120947673,2.341227015112802,3.153907855186505,5.290667408954251,42.42067334533268,51.598283244574866,41.98762901973589,54.35094781206699,-11.529518242498005,9.209898000602658,immigration
2025-06-03,47.00947829495378,48.16928841590145,-1.1598101209476726,2.341227015112802,3.153907855186505,5.290667408954251,42.42067334533269,51.59828324457487,41.9876290197359,54.350947812067,-11.529518242498003,9.20989800060266,immigration
2025-06-04,47.00947829495377,48.16928841590144,-1.1598101209476728,2.3412270151128016,3.1539078551865045,5.29066740895425,42.42067334533268,51.598283244574866,41.98762901973589,54.35094781206699,-11.529518242498003,9.209898000602657,immigration
2025-06-05,47.00947829495377,48.16928841590145,-1.1598101209476728,2.341227015112802,3.153907855186505,5.290667408954251,42.42067334533268,51.598283244574866,41.9876290197359,54.350947812067,-11.529518242498005,9.209898000602658,immigration
2025-06-06,47.26561492927372,48.68990184417032,-1.4242869148966046,2.3043525017296953,3.189534343023694,4.966543634685527,42.74908402588351,51.78214583266392,42.43841453184388,54.94138915649676,-11.158712438880238,8.310138609087028,immigration
2025-06-07,47.26561492927372,48.68990184417032,-1.4242869148966046,2.3043525017296953,3.189534343023694,4.966543634685527,42.74908402588351,51.78214583266392,42.43841453184388,54.94138915649676,-11.158712438880238,8.310138609087028,immigration
2025-06-08,47.02523328230137,48.8480594272809,-1.8228261449795318,2.3452402641690155,3.102791409328837,4.938219557145232,42.4285623645301,51.62190420007264,42.76658826499638,54.929530589565424,-11.501736476984187,7.8560841870251235,immigration
2025-06-09,46.2704632628313,49.370725771727024,-3.1002625088957263,2.7245826632480785,3.2116880743403207,5.599877256836004,40.930281242865064,51.610645282797535,43.07581714601999,55.665634397434054,-14.076021932294294,7.8754969145028415,immigration
2025-06-10,45.749961577250474,49.02083954556981,-3.2708779683193296,3.0369092088560077,3.0164854467662403,5.4524318311444375,39.7976195278927,51.70230362660825,43.108528069907976,54.93315102123164,-13.957644357362426,7.415888420723768,immigration
2025-06-11,45.73519389942076,48.27537788183735,-2.540183982416591,2.8313327077190706,3.4051760772248683,5.420213275431558,40.18578179229138,51.284606006550135,41.60123277047661,54.949522993198094,-13.163802002262445,8.083434037429262,immigration
2025-06-12,45.4423023352142,49.11478467926704,-3.6724823440528374,2.710235666711222,3.767394846122999,5.741730278057849,40.130240428460205,50.7543642419682,41.73069078086596,56.498878577668115,-14.926273689046223,7.581309000940547,immigration
2025-06-13,45.4423023352142,49.11478467926704,-3.6724823440528374,2.7102356667112226,3.767394846122999,5.741730278057849,40.130240428460205,50.7543642419682,41.73069078086596,56.498878577668115,-14.926273689046223,7.581309000940547,immigration
2025-06-14,45.552612858707896,49.15739023325084,-3.604777374542942,2.604617469857049,3.5912038208976713,5.473749235464657,40.44756261778808,50.65766309962771,42.1186307442914,56.19614972221027,-14.33332587605367,7.123771126967786,immigration
2025-06-15,45.490011775961676,49.36645592553698,-3.8764441495753053,2.5398260554188252,3.5817119990481783,5.41861248328453,40.51195270734078,50.46807084458257,42.34630040740255,56.38661144367141,-14.496924616812983,6.744036317662373,immigration
2025-06-16,45.401040090743095,49.665037480034584,-4.263997389291487,2.261639730118979,3.182670003079372,4.8456970596464775,40.9682262197099,49.83385396177629,43.42700427399902,55.90307068607015,-13.761563626198583,5.233568847615609,immigration
2025-06-17,45.18640449613386,49.9281134877412,-4.741708991607343,2.2620260529402323,3.155446990168318,4.868992785863449,40.752833432371006,49.619975559896716,43.7434373870113,56.1127895884711,-14.284934851899704,4.8015168686850185,immigration
2025-06-18,45.352260276470005,49.84666847663284,-4.494408200162838,2.229062459805562,3.0624555260545123,4.729788451132481,40.9832978552511,49.72122269768891,43.844255645566,55.849081307699684,-13.7647935643825,4.775977164056823,immigration
2025-06-19,45.352260276470005,49.84666847663284,-4.494408200162839,2.229062459805562,3.0624555260545123,4.729788451132482,40.9832978552511,49.72122269768891,43.844255645566,55.849081307699684,-13.764793564382503,4.775977164056824,immigration
2025-06-20,45.352260276470005,49.84666847663284,-4.494408200162839,2.229062459805562,3.0624555260545128,4.729788451132482,40.9832978552511,49.72122269768891,43.844255645565994,55.84908130769969,-13.764793564382503,4.775977164056824,immigration
2025-06-21,45.35226027647001,49.84666847663285,-4.494408200162839,2.229062459805562,3.0624555260545128,4.729788451132482,40.98329785525111,49.721222697688916,43.84425564556601,55.84908130769969,-13.764793564382503,4.775977164056824,immigration
2025-06-22,45.16976360354602,49.941580142340456,-4.771816538794429,2.270809038555311,2.9938486085579368,4.713863757321389,40.718977887977616,49.62054931911443,44.0736368695669,55.809523415114015,-14.01098950314435,4.467356425555492,immigration
2025-06-23,45.06366387779521,50.11742612936148,-5.053762251566281,2.1410303269956477,2.8569649551874865,4.460535818200807,40.86724443688374,49.26008331870668,44.51777481719401,55.71707744152896,-13.79641245523986,3.6888879521073,immigration
2025-06-24,44.5526132326041,50.76769618000213,-6.215082947398031,2.539075951917806,3.327275782277258,5.461873800511758,39.5760243668452,49.529202098363,44.24623564673871,57.289156713265555,-16.920355596401077,4.490189701605015,immigration
2025-06-25,44.20486898393769,51.12980829900849,-6.924939315070791,2.3765528641701583,3.0786753529975535,5.097998937969712,39.546825370164186,48.8629125977112,45.09560460713328,57.164011990883694,-16.91701723349143,3.0671386033498447,immigration
2025-06-26,44.2159698272852,51.05627365197014,-6.840303824684935,2.2962021669324963,2.986776848829613,4.934984658191695,39.715413580097504,48.716526074472895,45.202191028264096,56.91035627567618,-16.512873754740657,2.8322661053707874,immigration
2025-06-27,44.2159698272852,51.05627365197014,-6.840303824684935,2.2962021669324963,2.986776848829613,4.934984658191695,39.715413580097504,48.716526074472895,45.202191028264096,56.91035627567618,-16.512873754740657,2.8322661053707874,immigration
2025-06-28,44.2159698272852,51.05627365197013,-6.840303824684935,2.2962021669324963,2.986776848829613,4.934984658191695,39.715413580097504,48.716526074472895,45.20219102826409,56.91035627567617,-16.512873754740657,2.8322661053707874,immigration
2025-06-29,44.24562025351799,51.080754732575834,-6.835134479057844,2.226563510161274,2.899774067759254,4.786453148204345,39.881555773601896,48.60968473343409,45.3971975597677,56.76431190538397,-16.21658264953836,2.5463136914226716,immigration
2025-06-30,44.38297394064606,51.14137589399866,-6.758401953352591,2.195961553263189,2.79810589118618,4.614147976046619,40.07888929625021,48.68705858504191,45.65708834727374,56.62566344072357,-15.802131986403964,2.2853280796987825,immigration
2025-07-01,44.38297394064607,51.141375893998664,-6.758401953352592,2.195961553263189,2.7981058911861805,4.614147976046619,40.07888929625022,48.68705858504192,45.65708834727375,56.62566344072358,-15.802131986403964,2.2853280796987816,immigration
2025-07-02,44.38297394064607,51.14137589399866,-6.758401953352592,2.195961553263189,2.79810589118618,4.614147976046619,40.07888929625022,48.68705858504192,45.65708834727374,56.62566344072357,-15.802131986403964,2.2853280796987816,immigration
2025-07-03,44.38297394064607,51.141375893998664,-6.7584019533525925,2.195961553263189,2.7981058911861805,4.614147976046619,40.07888929625022,48.68705858504192,45.65708834727375,56.62566344072358,-15.802131986403966,2.2853280796987807,immigration
2025-07-04,44.38297394064607,51.14137589399866,-6.758401953352592,2.195961553263189,2.79810589118618,4.614147976046619,40.07888929625022,48.68705858504192,45.65708834727374,56.62566344072357,-15.802131986403964,2.2853280796987816,immigration
2025-07-05,44.38297394064607,51.141375893998664,-6.758401953352592,2.195961553263189,2.79810589118618,4.614147976046619,40.07888929625022,48.68705858504192,45.65708834727375,56.62566344072358,-15.802131986403964,2.2853280796987816,immigration
2025-07-06,42.86229898465907,52.33403601828673,-9.471737033627662,3.8282539196267202,3.6207733464156866,7.213113586555942,35.3589213021907,50.36567666712744,45.237320259311986,59.43075177726148,-23.609439663277307,4.6659655960219855,immigration
2025-07-07,42.93912338315161,52.116703920780886,-9.177580537629275,3.675711446801129,3.545209370116397,6.991043000576422,35.734728947421395,50.143517818881826,45.16809355535275,59.06531428620902,-22.88002481875906,4.524863743500511,immigration
2025-07-08,43.184082681863345,51.69106106452147,-8.506978382658126,3.431601626340184,3.389006368128875,6.6081789997624005,36.45814349423659,49.9100218694901,45.04860858298888,58.333513546054064,-21.459009222192428,4.445052456876178,immigration
2025-07-09,43.184082681863345,51.69106106452147,-8.506978382658126,3.431601626340184,3.389006368128875,6.6081789997624005,36.45814349423659,49.9100218694901,45.04860858298888,58.333513546054064,-21.459009222192428,4.445052456876178,immigration
2025-07-10,43.184082681863345,51.69106106452148,-8.506978382658128,3.431601626340184,3.389006368128875,6.6081789997624005,36.45814349423659,49.9100218694901,45.048608582988884,58.33351354605407,-21.45900922219243,4.4450524568761764,immigration
2025-07-11,43.18408268186335,51.69106106452148,-8.506978382658128,3.431601626340184,3.389006368128875,6.608178999762401,36.458143494236595,49.91002186949011,45.048608582988884,58.33351354605407,-21.459009222192435,4.445052456876178,immigration
2025-07-12,43.184082681863345,51.69106106452148,-8.506978382658128,3.431601626340184,3.389006368128875,6.6081789997624005,36.45814349423659,49.9100218694901,45.048608582988884,58.33351354605407,-21.45900922219243,4.4450524568761764,immigration
2025-07-13,43.003111430499594,51.8226709317259,-8.81955950122631,3.1180863923021707,3.0001645273417403,5.920365916447891,36.89166210158734,49.114560759411845,45.942348458136095,57.70299340531571,-20.423476697464174,2.784357695011556,immigration
2025-07-14,42.849537565889904,51.87403762652516,-9.024500060635253,2.998817548748129,2.7463350056468805,5.560938758865932,36.971855170343574,48.727219961436234,46.49122101545727,57.256854237593046,-19.92394002801248,1.8749399067419734,immigration
2025-07-15,42.849537565889904,51.87403762652516,-9.024500060635253,2.998817548748129,2.746335005646881,5.560938758865932,36.971855170343574,48.727219961436234,46.49122101545727,57.256854237593046,-19.92394002801248,1.8749399067419734,immigration
2025-07-16,43.6795870899087,51.16975648090199,-7.490169390993294,2.988558823963975,2.7652999811832824,5.61422127853758,37.82201179493931,49.537162384878094,45.749768517782755,56.58974444402122,-18.49404309692695,3.5137043149403633,immigration
2025-07-17,43.6795870899087,51.16975648090199,-7.490169390993294,2.988558823963975,2.7652999811832824,5.61422127853758,37.82201179493931,49.537162384878094,45.749768517782755,56.58974444402122,-18.49404309692695,3.5137043149403633,immigration
2025-07-18,43.41624092273149,51.958386150853464,-8.542145228121978,2.7345707514390587,3.0449743611809716,5.4845330390937,38.056482249910935,48.775999595552044,45.99023640293876,57.926535898768165,-19.29182998474563,2.2075395285016732,immigration
2025-07-19,43.41624092273149,51.958386150853464,-8.542145228121978,2.7345707514390587,3.0449743611809716,5.4845330390937,38.056482249910935,48.775999595552044,45.99023640293876,57.926535898768165,-19.29182998474563,2.2075395285016732,immigration
2025-07-20,43.4190421686427,51.96105602864599,-8.542013860003294,2.586485566542747,2.8921424560879454,5.20419970044557,38.349530458218915,48.48855387906648,46.29245681471362,57.629655242578366,-18.74224527287661,1.6582175528700223,immigration
2025-07-21,43.35836622826103,51.992405150841435,-8.6340389225804,2.709529548132157,3.043055520552086,5.543044895871103,38.04768831392201,48.66904414260006,46.028016330559346,57.956793971123524,-19.49840691848776,2.2303290733269616,immigration
2025-07-22,43.39997550170972,51.8758643184746,-8.475888816764881,2.5810604171353515,2.917468851764305,5.296244634216729,38.34109708412443,48.45885391929501,46.15762536901656,57.59410326793264,-18.85652829982967,1.9047506662999076,immigration
2025-07-23,43.39997550170972,51.8758643184746,-8.475888816764881,2.5810604171353515,2.9174688517643044,5.296244634216728,38.34109708412443,48.45885391929501,46.157625369016564,57.59410326793263,-18.85652829982967,1.9047506662999059,immigration
2025-07-24,43.39997550170972,51.8758643184746,-8.475888816764881,2.5810604171353515,2.9174688517643044,5.296244634216728,38.34109708412443,48.45885391929501,46.157625369016564,57.59410326793263,-18.85652829982967,1.9047506662999059,immigration
2025-07-25,43.39997550170972,51.8758643184746,-8.475888816764881,2.5810604171353515,2.917468851764305,5.296244634216729,38.34109708412443,48.45885391929501,46.15762536901656,57.59410326793264,-18.85652829982967,1.9047506662999076,immigration
2025-07-26,43.39997550170972,51.875864318474605,-8.475888816764881,2.5810604171353515,2.917468851764305,5.296244634216729,38.34109708412443,48.45885391929501,46.15762536901657,57.59410326793264,-18.85652829982967,1.9047506662999076,immigration
2025-07-27,43.51273050407907,51.85064097911604,-8.337910475036967,2.5082031112230077,2.7828061220609213,5.0782968501134755,38.59665240608198,48.42880860207617,46.39634097987663,57.30494097835544,-18.29137230125938,1.6155513511854451,immigration
2025-07-28,43.46988926442032,51.92261739505831,-8.452728130637992,2.3942569146643415,2.6634658089735317,4.856915829529088,38.77714571167821,48.162632817162425,46.70222440947019,57.14301038064643,-17.972283156515005,1.0668268952390214,immigration
2025-07-29,43.48964723226465,51.98391898938153,-8.494271757116877,2.294598645185268,2.551581086049317,4.647296452653377,38.992233887701524,47.98706057682778,46.98282006072487,56.98501791803819,-17.602972804317496,0.6144292900837414,immigration
2025-07-30,43.53490614804752,51.91779601578595,-8.382889867738431,2.223546199454661,2.4778227222683116,4.509656734686838,39.17675559711638,47.893056698978654,47.06126348014006,56.77432855143184,-17.221817067724633,0.4560373322477709,immigration
2025-07-31,43.38076335945866,52.131054495002715,-8.750291135544051,2.193799303794807,2.483108232489168,4.497897777484778,39.08091672402084,47.680609994896486,47.26416235932395,56.99794663068148,-17.566170779414215,0.06558850832611363,immigration
2025-08-01,43.38076335945866,52.131054495002715,-8.750291135544051,2.193799303794807,2.483108232489168,4.497897777484778,39.08091672402084,47.680609994896486,47.26416235932395,56.99794663068148,-17.566170779414215,0.06558850832611363,immigration
2025-08-02,43.38076335945866,52.131054495002715,-8.750291135544051,2.1937993037948074,2.483108232489168,4.497897777484778,39.08091672402084,47.680609994896486,47.26416235932395,56.99794663068148,-17.566170779414215,0.06558850832611363,immigration
2025-08-03,43.38859702946809,52.0961564765148,-8.707559447046712,2.1309098878718866,2.416387339084599,4.372523619784952,39.21201364923919,47.565180409696985,47.36003729190899,56.83227566112061,-17.27770574182522,-0.1374131522682056,immigration
2025-08-04,43.437536876629004,52.134919808492,-8.697382931863,2.0745538743580307,2.3430691973236666,4.237283182491553,39.371411282887266,47.50366247037074,47.54250418173761,56.72733543524639,-17.002457969546445,-0.3923078941795559,immigration
2025-08-05,43.437536876629004,52.134919808492,-8.697382931863,2.0745538743580307,2.3430691973236666,4.237283182491553,39.371411282887266,47.50366247037074,47.54250418173761,56.72733543524639,-17.002457969546445,-0.3923078941795559,immigration
2025-08-06,43.437536876629004,52.134919808492,-8.697382931863,2.0745538743580307,2.3430691973236666,4.237283182491553,39.371411282887266,47.50366247037074,47.54250418173761,56.72733543524639,-17.002457969546445,-0.3923078941795559,immigration
2025-08-07,43.437536876629004,52.134919808492,-8.697382931863,2.0745538743580307,2.3430691973236666,4.237283182491553,39.371411282887266,47.50366247037074,47.54250418173761,56.72733543524639,-17.002457969546445,-0.3923078941795559,immigration
2025-08-08,43.43753687662901,52.13491980849201,-8.697382931863,2.0745538743580307,2.3430691973236666,4.237283182491553,39.37141128288727,47.50366247037075,47.54250418173762,56.727335435246395,-17.002457969546445,-0.3923078941795559,immigration
2025-08-09,43.437536876629,52.134919808492,-8.697382931862998,2.0745538743580307,2.3430691973236666,4.237283182491553,39.37141128288726,47.503662470370735,47.54250418173761,56.72733543524639,-17.00245796954644,-0.39230789417955414,immigration
2025-08-10,43.44598364371415,51.94157672728041,-8.495593083566263,1.8822345520587582,2.0353622102586315,3.738939505988816,39.75680392167899,47.135163365749314,47.95226679517349,55.93088665938733,-15.823914515304342,-1.1672716518281838,immigration
2025-08-11,43.64552805155273,51.769350291631795,-8.123822240079061,1.9484558375467622,2.0374600735795907,3.8225210310946798,39.82655460996108,47.46450149314438,47.775928547415795,55.762772035847796,-15.615963461024634,-0.631681019133489,immigration
2025-08-12,43.64552805155274,51.7693502916318,-8.123822240079061,1.9484558375467622,2.0374600735795907,3.8225210310946798,39.826554609961086,47.46450149314439,47.7759285474158,55.7627720358478,-15.615963461024634,-0.631681019133489,immigration
2025-08-13,43.64552805155273,51.769350291631795,-8.123822240079061,1.948455837546762,2.0374600735795907,3.8225210310946798,39.82655460996108,47.46450149314438,47.775928547415795,55.762772035847796,-15.615963461024634,-0.631681019133489,immigration
2025-08-14,43.64552805155274,51.7693502916318,-8.123822240079063,1.9484558375467622,2.0374600735795907,3.8225210310946798,39.826554609961086,47.46450149314439,47.7759285474158,55.7627720358478,-15.615963461024634,-0.6316810191334907,immigration
2025-08-15,43.64552805155273,51.769350291631795,-8.123822240079061,1.948455837546762,2.0374600735795907,3.8225210310946798,39.82655460996108,47.46450149314438,47.775928547415795,55.762772035847796,-15.615963461024634,-0.631681019133489,immigration
2025-08-16,43.64552805155274,51.769350291631795,-8.123822240079061,1.9484558375467622,2.0374600735795907,3.8225210310946798,39.826554609961086,47.46450149314439,47.775928547415795,55.762772035847796,-15.615963461024634,-0.631681019133489,immigration
2025-08-17,43.64552805155273,51.769350291631795,-8.123822240079061,1.9484558375467622,2.0374600735795907,3.8225210310946798,39.82655460996108,47.46450149314438,47.775928547415795,55.762772035847796,-15.615963461024634,-0.631681019133489,immigration
2025-08-18,43.69869192715798,51.595921201471285,-7.897229274313303,1.758288215918564,2.22681714082547,3.8715241277177928,40.25244702395759,47.14493683035837,47.23135960545336,55.960482797489206,-15.485416564640175,-0.3090419839864298,immigration
2025-08-19,43.72435119213458,51.1927284753271,-7.468377283192526,1.67155031350414,2.454149777504497,3.912510766571025,40.448112577666464,47.00058980660269,46.38259491141829,56.002862039235914,-15.136898385671735,0.20014381928668357,immigration
2025-08-20,43.72435119213457,51.192728475327094,-7.468377283192525,1.67155031350414,2.454149777504497,3.912510766571025,40.44811257766646,47.00058980660268,46.38259491141828,56.00286203923591,-15.136898385671735,0.20014381928668445,immigration
2025-08-21,43.89353905752337,50.799708475754194,-6.906169418230817,1.5788824324928847,2.419142641632536,3.775311932989386,40.79892948983731,46.988148625209426,46.05818889815443,55.54122805335396,-14.305780806890013,0.49344197042837923,immigration
2025-08-22,43.89353905752338,50.799708475754194,-6.906169418230817,1.578882432492885,2.419142641632536,3.775311932989386,40.79892948983732,46.98814862520943,46.05818889815443,55.54122805335396,-14.305780806890013,0.49344197042837923,immigration
2025-08-23,43.89353905752337,50.79970847575419,-6.906169418230816,1.5788824324928847,2.419142641632536,3.775311932989386,40.79892948983731,46.988148625209426,46.05818889815442,55.541228053353954,-14.305780806890013,0.4934419704283801,immigration
2025-08-24,44.0855900600325,50.89593874722322,-6.810348687190719,1.5845714348021727,2.268559614933647,3.550837702214945,40.97983004782024,47.19135007224476,46.449561901953274,55.342315592493165,-13.76999058353201,0.14929320915057342,immigration
2025-08-25,44.18439219355155,50.91219143572281,-6.727799242171263,1.5146414645841564,2.1468414773453666,3.330958723474069,41.215694922966605,47.1530894641365,46.704382140125894,55.12000073131973,-13.256478340180438,-0.19912014416208734,immigration
2025-08-26,44.18439219355155,50.91219143572281,-6.727799242171262,1.5146414645841564,2.1468414773453666,3.3309587234740685,41.215694922966605,47.1530894641365,46.704382140125894,55.12000073131973,-13.256478340180436,-0.19912014416208734,immigration
2025-08-27,44.18439219355155,50.91219143572282,-6.727799242171263,1.5146414645841564,2.1468414773453666,3.330958723474069,41.215694922966605,47.1530894641365,46.7043821401259,55.120000731319735,-13.256478340180438,-0.19912014416208734,immigration
2025-08-28,44.18439219355155,50.91219143572282,-6.727799242171263,1.5146414645841564,2.1468414773453666,3.330958723474069,41.215694922966605,47.1530894641365,46.7043821401259,55.120000731319735,-13.256478340180438,-0.19912014416208734,immigration
2025-08-29,44.18439219355155,50.91219143572282,-6.727799242171263,1.5146414645841564,2.1468414773453666,3.330958723474069,41.215694922966605,47.1530894641365,46.7043821401259,55.120000731319735,-13.256478340180438,-0.19912014416208734,immigration
2025-08-30,44.40459602472972,50.96415658426251,-6.559560559532789,1.5492355529122697,2.0258587145275957,3.166931267160707,41.368094341021674,47.441097708437766,46.99347350378842,54.9348396647366,-12.766745843167776,-0.3523752758978036,immigration
2025-08-31,44.229764227459405,51.19942000043671,-6.969655772977309,1.5702613615624994,2.0743042084493744,3.280620386985689,41.1520519587969,47.30747649612191,47.13378375187594,55.26505624899748,-13.39967173146926,-0.5396398144853585,immigration
2025-09-01,44.229764227459405,51.19942000043671,-6.969655772977308,1.5702613615624994,2.0743042084493744,3.280620386985689,41.1520519587969,47.30747649612191,47.13378375187594,55.26505624899748,-13.399671731469258,-0.5396398144853576,immigration
2025-09-02,44.41086626510629,51.19723599990611,-6.786369734799817,1.5137024015976897,1.9684758190208669,3.1477201440770375,41.44400955797482,47.37772297223776,47.339023394625215,55.05544860518701,-12.95590121719081,-0.6168382524088241,immigration
2025-09-03,44.41086626510629,51.19723599990611,-6.786369734799818,1.5137024015976897,1.9684758190208669,3.1477201440770375,41.44400955797482,47.37772297223776,47.339023394625215,55.05544860518701,-12.95590121719081,-0.616838252408825,immigration
2025-09-04,44.41086626510629,51.197235999906106,-6.786369734799817,1.5137024015976894,1.9684758190208669,3.1477201440770375,41.44400955797482,47.37772297223776,47.33902339462521,55.055448605187,-12.95590121719081,-0.6168382524088241,immigration
2025-09-05,44.47902568759412,51.76170846044161,-7.282682772847492,1.442920998901417,2.4029443313925127,3.2315951367845495,41.65090052974734,47.307150845440894,47.05193757091229,56.471479349970934,-13.616609240945209,-0.9487563047497751,immigration
2025-09-06,44.47902568759412,51.761708460441604,-7.282682772847492,1.442920998901417,2.4029443313925127,3.2315951367845495,41.65090052974734,47.307150845440894,47.05193757091228,56.47147934997093,-13.616609240945209,-0.9487563047497751,immigration
2025-09-07,44.47902568759411,51.761708460441604,-7.282682772847491,1.442920998901417,2.4029443313925127,3.231595136784549,41.65090052974733,47.30715084544089,47.05193757091228,56.47147934997093,-13.616609240945207,-0.9487563047497751,immigration
2025-09-08,43.686380669297726,51.9158360095191,-8.229455340221369,1.4858411509982727,1.942264848907954,2.850247407034327,40.77413201334111,46.59862932525434,48.10899690565951,55.722675113378685,-13.81594025800865,-2.6429704224340878,immigration
2025-09-09,43.99367235547473,51.31370496288859,-7.320032607413866,1.464001197468569,2.090868292696541,3.1144335989180996,41.124230008436335,46.86311470251312,47.21560310920337,55.411806816573815,-13.424322461293341,-1.215742753534391,immigration
2025-09-10,43.99367235547472,51.313704962888586,-7.320032607413865,1.464001197468569,2.090868292696541,3.1144335989180996,41.12423000843633,46.863114702513116,47.215603109203364,55.41180681657381,-13.42432246129334,-1.21574275353439,immigration
2025-09-11,43.9596050815486,51.23471179766101,-7.275106716112401,1.3910060801354405,1.9930860961638786,2.950631455625417,41.23323316448314,46.685976998614066,47.3282630491798,55.14116054614221,-13.058344369138219,-1.4918690630865834,immigration
2025-09-12,43.95960508154861,51.23471179766101,-7.2751067161124015,1.3910060801354407,1.9930860961638786,2.9506314556254174,41.233233164483146,46.68597699861407,47.3282630491798,55.14116054614221,-13.058344369138219,-1.4918690630865834,immigration
2025-09-13,43.9596050815486,51.234711797661,-7.275106716112401,1.3910060801354405,1.9930860961638786,2.950631455625417,41.23323316448314,46.685976998614066,47.328263049179796,55.1411605461422,-13.058344369138219,-1.4918690630865834,immigration
2025-09-14,43.864906363371624,51.25731170245234,-7.392405339080723,1.387062416033438,1.9223344815098924,2.8787841629525657,41.14626402794609,46.58354869879716,47.48953611869295,55.02508728621173,-13.034822298467752,-1.7499883796936944,immigration
2025-09-15,44.07684749675996,51.831467754704185,-7.754620257944227,1.5414733388027166,2.186366016261867,2.6771859289971296,41.055559752706635,47.098135240813285,47.54619036283093,56.11674514657744,-13.001904678778601,-2.507335837109853,immigration
2025-09-16,44.737689972520876,51.158136884999394,-6.420446912478518,1.983154392337579,2.6096593702947675,3.912435294101678,40.85070736353922,48.62467258150253,46.043204519221646,56.27306925077714,-14.088820088917807,1.247926263960771,immigration
2025-09-17,44.40397771734331,51.37144868008789,-6.967470962744581,2.17414215004965,2.56616408111777,4.105904091186936,40.142659103246,48.66529633144062,46.34176708109706,56.401130279078714,-15.015042981470977,1.0801010559818138,immigration
2025-09-18,44.40397771734331,51.371448680087894,-6.967470962744582,2.17414215004965,2.56616408111777,4.105904091186936,40.142659103246,48.66529633144062,46.34176708109707,56.40113027907872,-15.015042981470977,1.080101055981813,immigration
2025-09-19,44.445239680975135,51.346929321234214,-6.90168964025908,2.1507735994604293,2.528079492671083,4.05530884822239,40.22972342603269,48.66075593591758,46.391893515598895,56.30196512686953,-14.850094982774966,1.0467157022568054,immigration
2025-09-20,44.44523968097513,51.346929321234214,-6.90168964025908,2.1507735994604293,2.528079492671083,4.05530884822239,40.229723426032685,48.66075593591757,46.391893515598895,56.30196512686953,-14.850094982774966,1.0467157022568054,immigration
2025-09-21,43.76362098139478,51.799573735842934,-8.035952754448154,2.3867585649638166,2.4569388818491333,4.405788318512351,39.0855741940657,48.44166776872386,46.983973527418634,56.615173944267234,-16.67129785873236,0.5993923498360534,immigration
2025-09-22,43.74129254199508,51.73767973455957,-7.996387192564496,2.1890759805056916,2.286387883443911,4.073175615580964,39.450703620203925,48.031881463786235,47.256359483009504,56.21899998610964,-15.979811399103186,-0.0129629860258067,immigration
2025-09-23,43.74129254199507,51.73767973455957,-7.996387192564496,2.1890759805056916,2.286387883443911,4.073175615580964,39.45070362020392,48.03188146378623,47.256359483009504,56.21899998610964,-15.979811399103186,-0.0129629860258067,immigration
2025-09-24,44.08177170542893,51.30604770316998,-7.224275997741052,2.231195089181111,2.41691103262058,4.3095678714631385,39.70862933063395,48.45491408022391,46.568902079233645,56.043193327106316,-15.671029025808803,1.2224770303266999,immigration
2025-09-25,44.081771705428935,51.30604770316999,-7.224275997741053,2.231195089181111,2.41691103262058,4.309567871463139,39.708629330633954,48.454914080223915,46.56890207923365,56.04319332710632,-15.671029025808807,1.2224770303267007,immigration
2025-09-26,44.081771705428935,51.30604770316999,-7.224275997741053,2.231195089181111,2.41691103262058,4.309567871463139,39.708629330633954,48.454914080223915,46.56890207923365,56.04319332710632,-15.671029025808807,1.2224770303267007,immigration
2025-09-27,44.20597419376574,51.31700870306006,-7.111034509294323,2.080889739883067,2.2310204627941896,3.987098773508075,40.12743030359493,48.284518083936554,46.94420859598345,55.689808810136675,-14.92574810537015,0.7036790867815039,immigration
2025-09-28,44.244686399373336,51.250339347442385,-7.0056529480690495,2.0171907929908257,2.1707833705162125,3.872700065989308,40.290992445111314,48.19838035363536,46.995603941230605,55.505074753654164,-14.596145077408092,0.5848391812699933,immigration
2025-09-29,44.04462103799539,51.49039494613928,-7.445773908143887,1.9838373403582625,2.1563754895008485,3.8612886327890994,40.1562998508932,47.932942225097584,47.26389898671762,55.716890905560945,-15.013899628410522,0.12235181212274782,immigration
2025-09-30,44.04462103799539,51.49039494613928,-7.445773908143887,1.9838373403582625,2.1563754895008485,3.8612886327890994,40.1562998508932,47.932942225097584,47.26389898671762,55.716890905560945,-15.013899628410522,0.12235181212274782,immigration
2025-10-01,44.04462103799539,51.49039494613928,-7.445773908143887,1.9838373403582625,2.1563754895008485,3.8612886327890994,40.1562998508932,47.932942225097584,47.26389898671762,55.716890905560945,-15.013899628410522,0.12235181212274782,immigration
2025-10-02,43.959590063014474,51.189251933288055,-7.229661870273579,1.8346245373609171,2.1040306416680443,3.585597740861462,40.363725969787076,47.55545415624187,47.06535187561869,55.31315199095742,-14.257433442362043,-0.20189029818511361,immigration
2025-10-03,43.98664149590726,51.62662214159457,-7.639980645687305,1.763738854491293,2.5484932257852404,3.761798598937474,40.529713341104326,47.44356965071019,46.631575419055494,56.62166886413364,-15.013105899604753,-0.2668553917698562,immigration
2025-10-04,43.986641495907264,51.62662214159457,-7.639980645687306,1.763738854491293,2.5484932257852404,3.761798598937474,40.529713341104326,47.4435696507102,46.631575419055494,56.62166886413364,-15.013105899604755,-0.26685539176985706,immigration
2025-10-05,44.03238841514272,51.61817350045336,-7.585785085310641,1.7105690316719993,2.463065135539255,3.639125547336487,40.679673113065604,47.385103717219835,46.79056583479642,56.4457811661103,-14.718471158090155,-0.4530990125311263,immigration
2025-10-06,43.63389293857218,51.95892562698232,-8.325032688410143,1.8320324272924915,2.4281251792940854,3.824842004701497,40.0431093810789,47.22467649606546,47.19980027556591,56.71805097839873,-15.821723017625077,-0.8283423591952097,immigration
2025-10-07,43.62477047887791,51.83175663002698,-8.206986151149069,1.7437737635225865,2.3444587566893964,3.6711577840917053,40.20697390237364,47.042567055382186,47.23661746691576,56.4268957931382,-15.402455407968812,-1.0115168943293265,immigration
2025-10-08,43.62477047887791,51.83175663002698,-8.206986151149069,1.7437737635225863,2.3444587566893964,3.6711577840917053,40.20697390237365,47.04256705538218,47.23661746691576,56.4268957931382,-15.402455407968812,-1.0115168943293265,immigration
2025-10-09,43.62477047887791,51.83175663002698,-8.206986151149069,1.7437737635225865,2.3444587566893964,3.6711577840917053,40.20697390237364,47.042567055382186,47.23661746691576,56.4268957931382,-15.402455407968812,-1.0115168943293265,immigration
2025-10-10,43.62477047887791,51.83175663002698,-8.206986151149069,1.7437737635225863,2.3444587566893964,3.6711577840917053,40.20697390237365,47.04256705538218,47.23661746691576,56.4268957931382,-15.402455407968812,-1.0115168943293265,immigration
2025-10-11,43.62477047887791,51.83175663002699,-8.206986151149069,1.7437737635225865,2.3444587566893964,3.6711577840917053,40.20697390237364,47.042567055382186,47.236617466915774,56.4268957931382,-15.402455407968812,-1.0115168943293265,immigration
2025-10-12,43.76917871692279,51.39354822840962,-7.6243695114868295,1.7769256161455942,2.623149635568502,4.062529612387273,40.286404509277425,47.25195292456815,46.252174942695355,56.53492151412389,-15.586927551765886,0.3381885287922257,immigration
2025-10-13,43.76790080995171,51.44789005583239,-7.67998924588068,1.6993219953800702,2.5024869899303224,3.8599244188105075,40.43722969900678,47.098571920896646,46.54301555556896,56.35276455609582,-15.245441106749276,-0.11453738501208566,immigration
2025-10-14,43.76790080995171,51.44789005583239,-7.679989245880679,1.69932199538007,2.502486989930322,3.8599244188105075,40.43722969900678,47.098571920896646,46.54301555556896,56.35276455609582,-15.245441106749274,-0.11453738501208477,immigration
2025-10-15,43.76790080995171,51.447890055832396,-7.67998924588068,1.6993219953800704,2.5024869899303224,3.859924418810508,40.43722969900677,47.09857192089665,46.543015555568964,56.35276455609583,-15.245441106749276,-0.11453738501208477,immigration
2025-10-16,44.18538784655026,51.05960069344384,-6.874212846893575,1.9113922008041255,2.548629330721929,4.16047610472324,40.43905913297418,47.93171656012635,46.06428720522886,56.05491418165882,-15.028746012151124,1.2803203183639758,immigration
2025-10-17,44.18538784655027,51.05960069344385,-6.874212846893576,1.911392200804126,2.5486293307219294,4.160476104723241,40.43905913297419,47.931716560126354,46.064287205228865,56.05491418165883,-15.028746012151128,1.2803203183639766,immigration
2025-10-18,44.18538784655027,51.05960069344385,-6.874212846893576,1.911392200804126,2.5486293307219294,4.160476104723241,40.43905913297419,47.931716560126354,46.064287205228865,56.05491418165883,-15.028746012151128,1.2803203183639766,immigration
2025-10-19,44.2379008281767,50.986533911395846,-6.748633083219149,1.8224881496878274,2.436149548980565,3.9732746794707365,40.66582405478856,47.80997760156484,46.21168079539394,55.76138702739775,-14.536251454981791,1.0389852885434943,immigration
2025-10-20,43.9936129155413,51.00160973199406,-7.007996816452763,1.550757236399295,2.308897430135547,3.5038527910753885,40.95412873219868,47.033097098883914,46.476170768928384,55.52704869505973,-13.875548286960523,-0.14044534594500124,immigration
2025-10-21,43.9936129155413,51.00160973199406,-7.007996816452763,1.550757236399295,2.308897430135547,3.5038527910753885,40.95412873219868,47.033097098883914,46.476170768928384,55.52704869505973,-13.875548286960523,-0.14044534594500124,immigration
2025-10-22,43.993612915541306,51.001609731994066,-7.0079968164527635,1.550757236399295,2.308897430135547,3.5038527910753885,40.95412873219869,47.03309709888392,46.47617076892839,55.52704869505974,-13.875548286960525,-0.14044534594500213,immigration
2025-10-23,43.949956709486514,50.82847958296039,-6.8785228734738775,1.4596190712377608,2.215873276416398,3.305435915359267,41.08910332986051,46.81081008911252,46.48536796118425,55.17159120473653,-13.357177267578042,-0.39986847936971426,immigration
2025-10-24,43.949956709486514,50.8284795829604,-6.878522873473878,1.4596190712377608,2.215873276416398,3.3054359153592676,41.08910332986051,46.81081008911252,46.48536796118426,55.171591204736536,-13.357177267578042,-0.39986847936971426,immigration
2025-10-25,43.949956709486514,50.8284795829604,-6.878522873473878,1.4596190712377608,2.215873276416398,3.3054359153592676,41.08910332986051,46.81081008911252,46.48536796118426,55.171591204736536,-13.357177267578042,-0.39986847936971426,immigration
2025-10-26,44.14879556927455,50.72966296027746,-6.580867391002911,1.4342681160646473,2.071651459902733,3.1468159078146467,41.33763006178784,46.95996107676125,46.6692260988681,54.790099821686816,-12.748626570319619,-0.41310821168620393,immigration
2025-10-27,43.84338166603556,51.012012621799435,-7.16863095576387,1.6495709748922018,2.1709032360972587,3.520457956453875,40.61022255524685,47.076540776824274,46.75704227904881,55.26698296455006,-14.068728550413464,-0.26853336111427506,immigration
2025-10-28,44.01366575833547,51.63807489608045,-7.6244091377449745,1.663990862397504,2.6857063033699293,3.5503322848805445,40.752243668036364,47.27508784863458,46.37409054147538,56.90205925068551,-14.583060416110841,-0.6657578593791076,immigration
2025-10-29,44.06932886116548,51.74184449174544,-7.672515630579959,1.5789197467842695,2.6554626705184585,3.4984565510322496,40.974646157468314,47.16401156486265,46.53713765752926,56.94655132596162,-14.529490470603168,-0.8155407905567493,immigration
2025-10-30,44.06932886116548,51.74184449174544,-7.672515630579959,1.5789197467842695,2.6554626705184585,3.4984565510322496,40.974646157468314,47.16401156486265,46.53713765752926,56.94655132596162,-14.529490470603168,-0.8155407905567493,immigration
2025-10-31,44.10246523006373,52.28432304452709,-8.181857814463362,1.4705007988375545,2.9867026649793362,3.661130262944707,41.22028366434212,46.98464679578534,46.43038582116759,58.138260267886594,-15.357673129834987,-1.0060424990917358,immigration
2025-11-01,44.10246523006372,52.284323044527085,-8.18185781446336,1.4705007988375545,2.9867026649793362,3.6611302629447064,41.22028366434211,46.98464679578533,46.43038582116758,58.13826026788659,-15.357673129834986,-1.006042499091735,immigration
2025-11-02,43.96011484203499,52.32735924290551,-8.36724440087052,1.4758166787670903,2.854590145991571,3.5324685074514957,41.067514151651494,46.852715532418486,46.73236255676203,57.92235592904899,-15.290882675475451,-1.443606126265589,immigration
2025-11-03,43.98768553662771,52.302726523463846,-8.315040986836134,1.4062562468582886,2.7054097843464016,3.3541474956914628,41.231423292785465,46.74394778046995,47.0001233461449,57.60532970078279,-14.889170078391402,-1.7409118952808678,immigration
2025-11-04,43.9876855366277,52.30272652346384,-8.315040986836133,1.4062562468582886,2.7054097843464016,3.3541474956914628,41.23142329278546,46.743947780469945,47.00012334614489,57.60532970078279,-14.889170078391398,-1.740911895280866,immigration
2025-11-05,43.98768553662771,52.30272652346384,-8.315040986836134,1.4062562468582886,2.7054097843464016,3.3541474956914628,41.231423292785465,46.74394778046995,47.00012334614489,57.60532970078279,-14.889170078391402,-1.7409118952808678,immigration
2025-11-06,43.49908983594672,52.35976760603022,-8.8606777700835,1.6043402635402053,2.424379125843192,3.19459351838901,40.35458291940792,46.64359675248552,47.60798451937756,57.111550692682876,-15.12208106612596,-2.5992744740410405,immigration
2025-11-07,43.49908983594673,52.359767606030225,-8.8606777700835,1.6043402635402055,2.424379125843192,3.19459351838901,40.354582919407925,46.64359675248553,47.60798451937757,57.11155069268288,-15.12208106612596,-2.5992744740410405,immigration
2025-11-08,43.49908983594672,52.359767606030225,-8.8606777700835,1.6043402635402053,2.424379125843192,3.19459351838901,40.35458291940792,46.64359675248552,47.60798451937757,57.11155069268288,-15.12208106612596,-2.5992744740410405,immigration
2025-11-09,43.40360211218052,52.490020520815506,-9.086418408634982,1.5506014680392768,2.327327639090017,3.094666443637595,40.36442323482354,46.4427809895375,47.92845834819907,57.05158269343194,-15.151964638164667,-3.0208721791052966,immigration
2025-11-10,42.9325591242389,52.78061170804114,-9.84805258380224,1.788450968768527,2.2489803114988223,3.3730113925463825,39.427195225452586,46.43792302302521,48.37261029750345,57.188613118578836,-16.45915491319315,-3.2369502544113296,immigration
2025-11-11,42.93255912423891,52.78061170804115,-9.84805258380224,1.788450968768527,2.2489803114988227,3.373011392546383,39.42719522545259,46.43792302302522,48.372610297503456,57.18861311857884,-16.45915491319315,-3.2369502544113287,immigration
2025-11-12,43.3043491915332,52.08768998927518,-8.783340797741982,1.7978536761135064,2.2919678290290597,3.628398169750906,39.78055598635073,46.82814239671567,47.59543304437822,56.579946934172135,-15.895001210453756,-1.6716803850302062,immigration
2025-11-13,43.304349191533205,52.08768998927519,-8.783340797741984,1.7978536761135069,2.2919678290290597,3.6283981697509065,39.780555986350734,46.82814239671568,47.59543304437823,56.57994693417215,-15.89500121045376,-1.671680385030207,immigration
2025-11-14,43.21536234363288,52.469557730722045,-9.254195387089162,1.8163239255118795,2.5907855084856517,4.007115099248802,39.6553674496296,46.775357237636165,47.391618134090166,57.54749732735392,-17.108140981616813,-1.4002497925615103,immigration
2025-11-15,43.21536234363288,52.469557730722045,-9.254195387089162,1.8163239255118795,2.5907855084856517,4.007115099248802,39.6553674496296,46.775357237636165,47.391618134090166,57.54749732735392,-17.108140981616813,-1.4002497925615103,immigration
2025-11-16,43.07643117346405,52.554720588700555,-9.478289415236505,1.804864513197802,2.5033510450431313,3.9185380573048985,39.53889672759636,46.613965619331744,47.64815254041602,57.46128863698509,-17.158624007554106,-1.7979548229189044,immigration
2025-11-17,43.27471858102228,52.299607396419795,-9.024888815397519,1.5332074566044611,2.2652837526844327,3.5140456545766803,40.26963196607753,46.27980519596702,47.8596512411583,56.739563551681286,-15.912418298367811,-2.137359332427226,immigration
2025-11-18,43.27471858102228,52.299607396419795,-9.024888815397519,1.5332074566044611,2.2652837526844327,3.5140456545766803,40.26963196607753,46.27980519596702,47.8596512411583,56.739563551681286,-15.912418298367811,-2.137359332427226,immigration
2025-11-19,43.27471858102228,52.299607396419795,-9.024888815397519,1.5332074566044611,2.2652837526844327,3.5140456545766803,40.26963196607753,46.27980519596702,47.8596512411583,56.739563551681286,-15.912418298367811,-2.137359332427226,immigration
2025-11-20,43.04250297511727,52.51670046400569,-9.474197488888413,1.5963215272140925,2.234902143471868,3.566937875470158,39.913712781777654,46.17129316845689,48.13629226280082,56.89710866521055,-16.465395724809923,-2.482999252966903,immigration
2025-11-21,43.16505935602732,53.019194394778864,-9.854135038751544,1.5481199343744634,2.5320042198357577,3.5371604078407946,40.130744284653375,46.19937442740127,48.056466123900776,57.98192266565695,-16.7869694381195,-2.9213006393835865,immigration
2025-11-22,43.165059356027314,53.01919439477886,-9.854135038751544,1.5481199343744634,2.5320042198357573,3.5371604078407946,40.13074428465337,46.19937442740126,48.056466123900776,57.98192266565694,-16.7869694381195,-2.9213006393835865,immigration
2025-11-23,43.05751259765953,52.9036964455362,-9.846183847876667,1.5495569450033617,2.4808910798328663,3.4157220093556306,40.020380985452945,46.09464420986612,48.04114992906378,57.76624296200862,-16.5409989862137,-3.1513687095396303,immigration
2025-11-24,43.05751259765954,52.9036964455362,-9.846183847876667,1.5495569450033617,2.4808910798328663,3.4157220093556306,40.02038098545295,46.094644209866125,48.04114992906378,57.76624296200862,-16.5409989862137,-3.1513687095396303,immigration
2025-11-25,42.243504282655095,53.68512498803495,-11.441620705379854,2.4652315536692546,2.9974003502805755,5.044149981512242,37.41165043746336,47.07535812784683,47.810220301485025,59.560029674584875,-21.32815466914385,-1.5550867416158596,immigration
2025-11-26,42.243504282655095,53.68512498803495,-11.441620705379856,2.4652315536692546,2.9974003502805755,5.044149981512242,37.41165043746336,47.07535812784683,47.810220301485025,59.560029674584875,-21.32815466914385,-1.5550867416158614,immigration
2025-11-27,42.2435042826551,53.68512498803496,-11.441620705379856,2.4652315536692546,2.9974003502805755,5.044149981512242,37.411650437463365,47.07535812784684,47.81022030148503,59.56002967458488,-21.32815466914385,-1.5550867416158614,immigration
2025-11-28,42.243504282655095,53.68512498803495,-11.441620705379854,2.4652315536692546,2.9974003502805755,5.044149981512242,37.41165043746336,47.07535812784683,47.810220301485025,59.560029674584875,-21.32815466914385,-1.5550867416158596,immigration
2025-11-29,42.243504282655095,53.68512498803494,-11.441620705379854,2.4652315536692546,2.9974003502805755,5.044149981512242,37.41165043746336,47.07535812784683,47.81022030148502,59.56002967458487,-21.32815466914385,-1.5550867416158596,immigration
2025-11-30,42.48112098413673,53.28663664677951,-10.80551566264278,2.4559321352473495,3.1261620547063127,5.203303705668253,37.66749399905193,47.29474796922153,47.15935901955514,59.413914274003886,-21.003990925752554,-0.6070403995330036,immigration
2025-12-01,42.48112098413674,53.28663664677952,-10.805515662642781,2.4559321352473495,3.126162054706313,5.203303705668253,37.667493999051935,47.29474796922154,47.15935901955515,59.41391427400389,-21.003990925752557,-0.6070403995330054,immigration
2025-12-02,42.48112098413674,53.28663664677952,-10.805515662642781,2.4559321352473495,3.126162054706313,5.203303705668253,37.667493999051935,47.29474796922154,47.15935901955515,59.41391427400389,-21.003990925752557,-0.6070403995330054,immigration
2025-12-03,42.48112098413674,53.28663664677951,-10.805515662642781,2.4559321352473495,3.126162054706313,5.203303705668253,37.667493999051935,47.29474796922154,47.15935901955514,59.413914274003886,-21.003990925752557,-0.6070403995330054,immigration
2025-12-04,42.96025759013753,52.650240979645154,-9.689983389507622,2.3216958606412748,2.988395946018927,5.005287633471126,38.40973370328063,47.51078147699443,46.79298492544806,58.50749703384225,-19.50034715111103,0.12038037209578434,immigration
2025-12-05,42.96025759013754,52.65024097964516,-9.689983389507622,2.3216958606412748,2.988395946018927,5.005287633471125,38.40973370328064,47.51078147699444,46.79298492544807,58.507497033842256,-19.50034715111103,0.12038037209578256,immigration
2025-12-06,42.96025759013754,52.65024097964516,-9.689983389507622,2.3216958606412748,2.988395946018927,5.005287633471125,38.40973370328064,47.51078147699444,46.79298492544807,58.507497033842256,-19.50034715111103,0.12038037209578256,immigration
2025-12-07,43.15154119413084,52.204456283832485,-9.052915089701644,2.084467447129302,2.8021033649320737,4.612108208920558,39.06598499775741,47.237097390504275,46.71233368856562,57.69657887909935,-18.09264717918594,-0.013183000217349417,immigration
2025-12-08,43.33963381974933,51.256464667603055,-7.916830847853723,2.0836785103283995,3.162070000462862,4.965937211047305,39.25562393950567,47.423643699992994,45.058807466695846,57.45412186851026,-17.65006778150644,1.8164060857989943,immigration
2025-12-09,43.339633819749345,51.25646466760307,-7.916830847853724,2.0836785103283995,3.1620700004628626,4.965937211047306,39.25562393950568,47.42364369999301,45.05880746669586,57.45412186851028,-17.650067781506444,1.8164060857989952,immigration
2025-12-10,43.33794227247055,51.42503669729818,-8.087094424827635,1.9420211495722073,2.9922548680754235,4.661598804589489,39.53158081930902,47.14430372563208,45.560217155870355,57.28985623872601,-17.223828081823033,1.0496392321677632,immigration
2025-12-11,43.01765880979411,51.561817185847175,-8.544158376053057,2.023205332583098,2.834882342310557,4.552275976751494,39.052176357931245,46.98314126165698,46.00544779491848,57.11818657677587,-17.466619290485983,0.37830253837987016,immigration
2025-12-12,43.01765880979412,51.561817185847175,-8.544158376053057,2.0232053325830983,2.834882342310557,4.552275976751494,39.052176357931245,46.983141261656996,46.00544779491848,57.11818657677587,-17.466619290485983,0.37830253837987016,immigration
2025-12-13,43.01765880979412,51.561817185847175,-8.544158376053057,2.023205332583098,2.8348823423105567,4.552275976751494,39.05217635793125,46.98314126165699,46.00544779491848,57.11818657677587,-17.466619290485983,0.37830253837987016,immigration
2025-12-14,43.01765880979411,51.56181718584717,-8.544158376053057,2.023205332583098,2.8348823423105567,4.552275976751494,39.052176357931245,46.98314126165698,46.005447794918474,57.11818657677586,-17.466619290485983,0.37830253837987016,immigration
2025-12-15,43.016457222632134,52.25746513906843,-9.241007916436294,1.6043357286201894,2.0257962942474546,3.3400422458529624,39.871959194536565,46.1609552507277,48.28690440234342,56.22802587579344,-15.7874907183081,-2.6945251145644873,immigration
2025-12-16,43.016457222632134,52.25746513906843,-9.241007916436294,1.6043357286201891,2.0257962942474546,3.3400422458529624,39.871959194536565,46.1609552507277,48.28690440234342,56.22802587579344,-15.7874907183081,-2.6945251145644873,immigration
2025-12-17,43.016457222632134,52.25746513906843,-9.241007916436294,1.6043357286201894,2.0257962942474546,3.3400422458529624,39.871959194536565,46.1609552507277,48.28690440234342,56.22802587579344,-15.7874907183081,-2.6945251145644873,immigration
2025-12-18,43.204405775103226,52.08218548459144,-8.877779709488218,1.6315165022611238,2.0023899620611862,3.366752146860872,40.00663343067142,46.40217811953503,48.15750115895152,56.006869810231365,-15.476613917335527,-2.2789455016409095,immigration
2025-12-19,42.486806400636105,53.2317756538521,-10.744969253215992,2.500005814802382,2.62620231532091,4.705284476091002,37.586795003623436,47.386817797648774,48.08441911582311,58.379132191881084,-19.967326826354356,-1.5226116800776275,immigration
2025-12-20,42.4868064006361,53.23177565385209,-10.744969253215992,2.500005814802382,2.62620231532091,4.705284476091001,37.58679500362343,47.38681779764877,48.08441911582311,58.37913219188107,-19.967326826354352,-1.5226116800776293,immigration
2025-12-21,42.56388350953116,53.13274281795325,-10.568859308422086,2.445700901119982,2.5931937419575397,4.632251838017275,37.77030974333599,47.357457275726325,48.05008308371647,58.21540255219003,-19.648072910935944,-1.4896457059082273,immigration
2025-12-22,42.54720871441679,53.010182883435206,-10.462974169018416,2.3697886311455068,2.5292043451781456,4.544474158665751,37.902422997371595,47.191994431461985,48.05294236688604,57.96742339998437,-19.37014352000329,-1.555804818033545,immigration
2025-12-23,42.54720871441679,53.010182883435206,-10.462974169018416,2.369788631145507,2.5292043451781456,4.544474158665751,37.902422997371595,47.191994431461985,48.05294236688604,57.96742339998437,-19.37014352000329,-1.555804818033545,immigration
2025-12-24,42.54720871441678,53.0101828834352,-10.462974169018414,2.3697886311455068,2.5292043451781456,4.544474158665751,37.90242299737159,47.19199443146198,48.052942366886036,57.96742339998436,-19.370143520003285,-1.5558048180335433,immigration
2025-12-25,42.54720871441679,53.010182883435206,-10.462974169018418,2.369788631145507,2.5292043451781456,4.544474158665751,37.902422997371595,47.191994431461985,48.05294236688604,57.96742339998437,-19.37014352000329,-1.5558048180335469,immigration
2025-12-26,42.54720871441678,53.0101828834352,-10.462974169018414,2.3697886311455068,2.5292043451781456,4.544474158665751,37.90242299737159,47.19199443146198,48.052942366886036,57.96742339998436,-19.370143520003285,-1.5558048180335433,immigration
2025-12-27,42.54720871441678,53.0101828834352,-10.462974169018416,2.3697886311455068,2.5292043451781456,4.544474158665751,37.90242299737159,47.19199443146198,48.052942366886036,57.96742339998436,-19.37014352000329,-1.555804818033545,immigration
2025-12-28,42.54720871441678,53.0101828834352,-10.462974169018414,2.3697886311455068,2.5292043451781456,4.544474158665751,37.90242299737159,47.19199443146198,48.052942366886036,57.96742339998436,-19.370143520003285,-1.5558048180335433,immigration
2025-12-29,42.54720871441679,53.010182883435206,-10.462974169018416,2.369788631145507,2.5292043451781456,4.544474158665751,37.902422997371595,47.191994431461985,48.05294236688604,57.96742339998437,-19.37014352000329,-1.555804818033545,immigration
2025-12-30,42.54720871441678,53.010182883435206,-10.462974169018416,2.3697886311455068,2.5292043451781456,4.544474158665751,37.90242299737159,47.19199443146198,48.05294236688604,57.96742339998437,-19.37014352000329,-1.555804818033545,immigration
2025-12-31,42.54720871441678,53.0101828834352,-10.462974169018416,2.3697886311455068,2.5292043451781456,4.544474158665751,37.90242299737159,47.19199443146198,48.052942366886036,57.96742339998436,-19.37014352000329,-1.555804818033545,immigration
2026-01-01,42.54720871441679,53.010182883435206,-10.462974169018416,2.369788631145507,2.5292043451781456,4.544474158665751,37.902422997371595,47.191994431461985,48.05294236688604,57.96742339998437,-19.37014352000329,-1.555804818033545,immigration
2026-01-02,42.54720871441678,53.0101828834352,-10.462974169018416,2.3697886311455068,2.5292043451781456,4.544474158665751,37.90242299737159,47.19199443146198,48.052942366886036,57.96742339998436,-19.37014352000329,-1.555804818033545,immigration
2026-01-03,42.54720871441678,53.0101828834352,-10.462974169018414,2.3697886311455068,2.529204345178145,4.544474158665751,37.90242299737159,47.19199443146198,48.052942366886036,57.96742339998436,-19.370143520003285,-1.5558048180335433,immigration
2026-01-04,42.381320387004784,52.93007778525506,-10.548757398250268,2.1990670307771705,2.324647433736912,4.162347896699494,38.07114900668153,46.69149176732804,48.37376881513071,57.48638675537941,-18.706959275781276,-2.3905555207192606,immigration
2026-01-05,42.381320387004784,52.93007778525506,-10.54875739825027,2.1990670307771705,2.324647433736912,4.162347896699494,38.07114900668153,46.69149176732804,48.37376881513071,57.48638675537941,-18.70695927578128,-2.3905555207192624,immigration
2026-01-06,42.381320387004784,52.93007778525506,-10.54875739825027,2.1990670307771705,2.324647433736912,4.162347896699494,38.07114900668153,46.69149176732804,48.37376881513071,57.48638675537941,-18.70695927578128,-2.3905555207192624,immigration
2026-01-07,42.56951847818521,54.39136603386826,-11.821847555683048,1.8757707541995665,2.973955755478605,3.9947963769318626,38.893007799954056,46.24602915641636,48.56241275313019,60.22031931460633,-19.6516484544695,-3.9920466568965978,immigration
2026-01-08,42.67396783651169,54.056785392225336,-11.382817555713649,1.636308494980854,2.643126269842211,3.5464673739262005,39.46680318634922,45.88113248667417,48.876257903334604,59.23731288111607,-18.333893608609003,-4.431741502818296,immigration
2026-01-09,42.673967836511686,54.056785392225336,-11.382817555713649,1.636308494980854,2.643126269842211,3.546467373926201,39.46680318634921,45.88113248667416,48.876257903334604,59.23731288111607,-18.333893608609003,-4.431741502818295,immigration
2026-01-10,42.67396783651169,54.056785392225336,-11.382817555713649,1.636308494980854,2.6431262698422104,3.5464673739262005,39.46680318634922,45.88113248667417,48.876257903334604,59.23731288111607,-18.333893608609003,-4.431741502818296,immigration
2026-01-11,42.48207991646121,54.151791116164915,-11.669711199703707,1.8034200766957882,2.61003874987412,3.678811420251969,38.947376566137464,46.016783266784955,49.03611516641164,59.26746706591819,-18.880181583397565,-4.4592408160098485,immigration
2026-01-12,42.35707629408083,53.774661541405465,-11.417585247324633,1.6362893581428493,2.0664159784180915,3.162941534173656,39.14994915212084,45.56420343604081,49.72448622370601,57.82483685910492,-17.616950654304997,-5.2182198403442674,immigration
2026-01-13,42.36607086514852,53.75180567863586,-11.38573481348734,1.6004519195295919,2.023272252845783,3.096168847781962,39.229185102870524,45.50295662742652,49.786192063058124,57.7174192942136,-17.454225755139987,-5.3172438718346955,immigration
2026-01-14,42.366070865148515,53.75180567863586,-11.38573481348734,1.6004519195295919,2.0232722528457825,3.096168847781962,39.22918510287052,45.502956627426514,49.78619206305813,57.71741929421359,-17.454225755139987,-5.3172438718346955,immigration
2026-01-15,42.36607086514852,53.75180567863586,-11.38573481348734,1.6004519195295919,2.023272252845783,3.0961688477819624,39.229185102870524,45.50295662742652,49.786192063058124,57.7174192942136,-17.454225755139987,-5.317243871834695,immigration
2026-01-16,42.1686229074775,54.50843850367905,-12.33981559620155,1.570849485643954,2.7894190308692495,3.835108159573552,39.08975791561535,45.247487899339646,49.04117720317532,59.97569980418278,-19.85662758896571,-4.823003603437388,immigration
2026-01-17,41.18715204411852,55.17195921967172,-13.984807175553202,2.258996120054494,2.7291271304737754,4.507167454177799,36.75951964881171,45.61478443942533,49.82287004394312,60.52104839540032,-22.81885538574169,-5.150758965364716,immigration
2026-01-18,41.30191577878503,54.98180898917812,-13.679893210393091,2.2181728971193704,2.7358211499245066,4.498064612561453,36.95429690043106,45.649534657139,49.61959953532609,60.34401844303015,-22.49609985101354,-4.863686569772643,immigration
2026-01-19,41.42081040757001,54.808188681466014,-13.38737827389601,2.062076788674502,2.4994443966619504,4.165672219589901,37.379139901767985,45.46248091337203,49.90927766400859,59.707099698923436,-21.552095824292216,-5.222660723499805,immigration
2026-01-20,41.51263480355977,54.67842374097554,-13.165788937415766,2.0683322008410445,2.5279183479552194,4.219598883750943,37.458703689911324,45.566565917208216,49.72370377898331,59.63314370296777,-21.436202749567613,-4.895375125263918,immigration
2026-01-21,41.56496832306452,54.533823879726405,-12.968855556661882,1.9401688142295261,2.3997169111818644,3.984055984817976,37.76223744717465,45.36769919895439,49.83037873380995,59.23726902564286,-20.777605286905114,-5.160105826418649,immigration
2026-01-22,41.864350373021644,54.044095891840286,-12.17974551881864,1.8694157621190184,2.3406513758959235,3.9250612622180965,38.20029547926837,45.52840526677492,49.45641919508427,58.6317725885963,-19.87286559276611,-4.486625444871171,immigration
2026-01-23,41.86435037302164,54.04409589184028,-12.179745518818638,1.8694157621190182,2.3406513758959235,3.925061262218096,38.20029547926836,45.52840526677491,49.456419195084266,58.63177258859629,-19.872865592766107,-4.48662544487117,immigration
2026-01-24,41.864350373021644,54.044095891840286,-12.179745518818638,1.8694157621190184,2.3406513758959235,3.9250612622180965,38.20029547926837,45.52840526677492,49.45641919508427,58.6317725885963,-19.872865592766107,-4.486625444871169,immigration
2026-01-25,41.88243032966694,53.96836491437581,-12.08593458470887,1.7043088651295055,2.1232515794439726,3.5638158968288773,38.54198495401311,45.22287570532077,49.80679181866562,58.129938010086,-19.07101374249347,-5.10085542692427,immigration
2026-01-26,41.61435024288363,53.94389414688373,-12.329543904000097,1.8086293929930297,2.03531171025425,3.553571581840932,38.0694366326173,45.159263853149966,49.954683194785396,57.93310509898206,-19.294544204408325,-5.36454360359187,immigration
2026-01-27,41.61435024288363,53.94389414688373,-12.329543904000097,1.8086293929930297,2.03531171025425,3.553571581840932,38.0694366326173,45.159263853149966,49.954683194785396,57.93310509898206,-19.294544204408325,-5.36454360359187,immigration
2026-01-28,41.9309984544889,53.53737706815506,-11.60637861366616,1.9208641723317483,2.2301193182259382,3.9130191221986057,38.166104676718675,45.695892232259126,49.16634320443222,57.908410931877896,-19.275896093175426,-3.936861134156894,immigration
2026-01-29,41.794873341700566,53.44340828205491,-11.648534940354342,1.874362481694168,2.1420498378225856,3.7243347019063773,38.12112287758,45.46862380582113,49.244990599922644,57.64182596418718,-18.94823095609084,-4.3488389246178425,immigration
2026-01-30,41.794873341700566,53.443408282054904,-11.648534940354342,1.874362481694168,2.1420498378225856,3.724334701906377,38.12112287758,45.46862380582113,49.24499059992264,57.64182596418717,-18.94823095609084,-4.348838924617843,immigration
2026-01-31,41.794873341700566,53.443408282054904,-11.64853494035434,1.8743624816941677,2.1420498378225856,3.724334701906377,38.12112287758,45.46862380582113,49.24499059992264,57.64182596418717,-18.94823095609084,-4.348838924617842,immigration
2026-02-01,41.72462132903904,53.555944453640315,-11.831323124601273,1.848954143667126,2.1405407566572956,3.7077924185996722,38.10067120745147,45.34857145062661,49.360484570592014,57.751404336688616,-19.09859626505663,-4.564049984145915,immigration
2026-02-02,41.31841736098301,54.07342064329046,-12.75500328230745,2.243807277490973,2.432396973855478,4.463326834248204,36.9205550971007,45.71627962486532,49.305922574533724,58.8409187120472,-21.50312387743393,-4.006882687180971,immigration
2026-02-03,41.31841736098302,54.07342064329047,-12.755003282307452,2.243807277490973,2.432396973855478,4.463326834248204,36.92055509710071,45.71627962486533,49.30592257453373,58.840918712047205,-21.503123877433932,-4.006882687180973,immigration
2026-02-04,41.31841736098301,54.07342064329046,-12.75500328230745,2.243807277490973,2.4323969738554774,4.463326834248204,36.9205550971007,45.71627962486532,49.305922574533724,58.8409187120472,-21.50312387743393,-4.006882687180971,immigration
2026-02-05,41.209132271966936,54.05358707633085,-12.844454804363915,2.175715112511971,2.327245483299927,4.278546058048473,36.94473065144347,45.4735338924904,49.49218592906299,58.61498822359871,-21.230405078138922,-4.4585045305889075,immigration
2026-02-06,41.02627918809004,54.185474645327844,-13.159195457237807,2.2419593240334823,2.324175564421903,4.351049196872544,36.63203891298441,45.42051946319566,49.630090539060916,58.74085875159477,-21.68725188310799,-4.631139031367622,immigration
2026-02-07,41.02627918809004,54.185474645327844,-13.159195457237807,2.2419593240334823,2.324175564421903,4.351049196872544,36.63203891298441,45.42051946319566,49.630090539060916,58.74085875159477,-21.68725188310799,-4.631139031367622,immigration
2026-02-08,40.96033862276214,54.20709426068736,-13.246755637925231,2.2406273615012773,2.292655826828506,4.315344908768354,36.568708994219634,45.35196825130464,49.713488840103494,58.70069968127123,-21.704831659111207,-4.788679616739257,immigration
2026-02-09,40.726967289266014,54.21094108575621,-13.483973796490195,2.1206405154785988,2.115944219734095,4.022859004489637,36.57051187892796,44.88342269960407,50.06369041507738,58.35819175643504,-21.368777445289883,-5.599170147690508,immigration
2026-02-10,40.72696728926601,54.210941085756204,-13.483973796490194,2.1206405154785988,2.1159442197340947,4.022859004489636,36.57051187892795,44.88342269960406,50.063690415077374,58.35819175643503,-21.36877744528988,-5.599170147690508,immigration
2026-02-11,40.726967289266014,54.21094108575621,-13.483973796490195,2.1206405154785988,2.1159442197340947,4.022859004489637,36.57051187892796,44.88342269960407,50.06369041507739,58.35819175643503,-21.368777445289883,-5.599170147690508,immigration
2026-02-12,40.68054922772322,54.443615335278,-13.763066107554778,2.034940911223845,2.170959225588527,3.9753994954307896,36.69206504172448,44.669033413721955,50.188535253124485,58.69869541743151,-21.554849118599126,-5.97128309651043,immigration
2026-02-13,40.680549227723226,54.443615335278004,-13.76306610755478,2.034940911223845,2.170959225588527,3.97539949543079,36.69206504172449,44.66903341372196,50.18853525312449,58.698695417431516,-21.55484911859913,-5.971283096510431,immigration
2026-02-14,40.680549227723226,54.443615335278004,-13.763066107554778,2.034940911223845,2.170959225588527,3.9753994954307896,36.69206504172449,44.66903341372196,50.18853525312449,58.698695417431516,-21.554849118599126,-5.97128309651043,immigration
2026-02-15,40.680549227723226,54.443615335278004,-13.763066107554778,2.034940911223845,2.170959225588527,3.9753994954307896,36.69206504172449,44.66903341372196,50.18853525312449,58.698695417431516,-21.554849118599126,-5.97128309651043,immigration
2026-02-16,40.698936803652465,54.528947811282436,-13.830011007629974,1.7445990331701424,1.917675552300943,3.4357861319618643,37.279522698638985,44.118350908665946,50.77030372877259,58.28759189379228,-20.56415182627523,-7.09587018898472,immigration
2026-02-17,40.957171598782,55.04128087517208,-14.084109276390084,1.7829038110932254,2.288891105227214,3.3386158197257787,37.46268012903928,44.45166306852472,50.555054308926735,59.52750744141742,-20.62779628305261,-7.540422269727558,immigration
2026-02-18,41.01752748925477,54.88838981692593,-13.87086232767116,1.7013856933722231,2.2204690580925943,3.2327323462445086,37.68281153024521,44.352243448264325,50.53627046306445,59.24050917078741,-20.207017726310397,-7.534706929031923,immigration
2026-02-19,40.682598798201326,54.9508934827503,-14.268294684548973,1.860930007370226,2.102479517340301,3.2425788519887835,37.035175983755686,44.330021612646966,50.83003362876331,59.071753336737295,-20.62374923444699,-7.912840134650957,immigration
2026-02-20,40.67968455992364,54.941687877559396,-14.26200331763575,1.824816243247387,2.0627774585353236,3.1783105879364806,37.10304472315877,44.25632439668852,50.898644058830165,58.98473169628863,-20.491492069991253,-8.032514565280248,immigration
2026-02-21,40.67968455992364,54.941687877559396,-14.26200331763575,1.824816243247387,2.0627774585353236,3.178310587936481,37.10304472315877,44.25632439668852,50.898644058830165,58.98473169628863,-20.491492069991253,-8.032514565280248,immigration
2026-02-22,40.672165276065805,55.00319842306335,-14.331033146997552,1.770097067494923,1.9973127678656986,3.081903369765159,37.20277502377576,44.14155552835585,51.08846539804658,58.917931448080125,-20.371563751737263,-8.29050254225784,immigration
2026-02-23,40.71721361412496,55.476035549408856,-14.758821935283898,1.5292842207401827,2.1406376131184417,2.9762519723626704,37.7198165414742,43.714610686775714,51.28038582769671,59.671685271121,-20.59227580111473,-8.925368069453064,immigration
2026-02-24,40.71721361412496,55.476035549408856,-14.758821935283896,1.5292842207401827,2.1406376131184417,2.9762519723626704,37.7198165414742,43.714610686775714,51.28038582769671,59.671685271121,-20.59227580111473,-8.92536806945306,immigration
2026-02-25,40.71721361412496,55.476035549408856,-14.758821935283896,1.5292842207401824,2.1406376131184417,2.9762519723626704,37.7198165414742,43.714610686775714,51.28038582769671,59.671685271121,-20.59227580111473,-8.92536806945306,immigration
2026-02-26,40.95144761563202,54.71286989441708,-13.761422278785057,1.5509917539194722,2.8284627435609346,3.810715256429095,37.911503777949854,43.991391453314186,49.16908291703765,60.256656871796515,-21.230424181386084,-6.292420376184031,immigration
2026-02-27,41.14856164058619,54.88179054504544,-13.733228904459253,1.5337384260336813,3.089381558066917,4.0435965363954764,38.142434325560174,44.1546889556122,48.826602691234285,60.936978398856596,-21.658678115794388,-5.807779693124119,immigration
2026-02-28,41.210833184068626,54.78534458778834,-13.574511403719717,1.6042551330502153,3.164954937491876,4.215716481017811,38.0664931232902,44.35517324484705,48.582032910304264,60.98865626527241,-21.837315706514627,-5.3117071009248065,immigration
2026-03-01,41.225848354515506,54.8755489334012,-13.649700578885689,1.5703838400598564,3.118311590845229,4.138004331625596,38.147896027998186,44.303800681032826,48.76365821534455,60.98743965145785,-21.760189068871856,-5.5392120888995215,immigration
2026-03-02,41.225848354515506,54.8755489334012,-13.649700578885689,1.5703838400598564,3.1183115908452286,4.138004331625596,38.147896027998186,44.303800681032826,48.76365821534455,60.98743965145785,-21.760189068871856,-5.5392120888995215,immigration
2026-03-03,40.87246690329022,54.799893108529474,-13.927426205239257,1.7104515121076744,2.861812592380763,3.8346094086647007,37.51998193955917,44.22495186702126,49.190740427463176,60.40904578959577,-21.443260646222072,-6.411591764256444,immigration
2026-03-04,41.028823468756215,54.83591070839291,-13.807087239636692,1.6212934608944258,2.6411205662281305,3.548677241903824,37.851088285403144,44.20655865210929,49.65931439858577,60.01250701820005,-20.76249463376819,-6.851679845505196,immigration
2026-03-05,41.02882346875622,54.83591070839291,-13.807087239636692,1.6212934608944258,2.6411205662281305,3.548677241903824,37.85108828540315,44.206558652109294,49.65931439858577,60.01250701820005,-20.76249463376819,-6.851679845505196,immigration
2026-03-06,41.02882346875622,54.835910708392916,-13.807087239636692,1.6212934608944258,2.6411205662281305,3.548677241903824,37.85108828540315,44.206558652109294,49.65931439858578,60.012507018200054,-20.76249463376819,-6.851679845505196,immigration
2026-03-07,41.157595438024046,54.4562733357345,-13.298677897710455,1.575190619959723,2.7230656947092693,3.6571208716793486,38.07022182290299,44.244969053145105,49.119064574104335,59.79348209736467,-20.466634806201977,-6.130720989218932,immigration
2026-03-08,41.193368764096036,54.45703159378124,-13.2636628296852,1.5206893091338276,2.621923698525841,3.5230835958269173,38.21281771819373,44.17391980999834,49.318061144670594,59.59600204289188,-20.16890667750596,-6.3584189818644425,immigration
2026-03-09,41.42982995541901,54.35870573148064,-12.928875776061632,1.6641349377178247,2.4839577360760656,3.4894676296691385,38.168125477492076,44.69153443334594,49.49014856877155,59.22726289418973,-19.768232330213145,-6.0895192219101215,immigration
2026-03-10,41.654275335338184,54.211562418745636,-12.557287083407452,1.6771933965904886,2.365732560849803,3.427783585249588,38.36697627802083,44.94157439265554,49.57472659948002,58.84839823801125,-19.275742910496646,-5.83883125631826,immigration
2026-03-11,41.65427533533819,54.21156241874564,-12.557287083407452,1.6771933965904888,2.365732560849803,3.427783585249588,38.366976278020836,44.941574392655546,49.57472659948003,58.84839823801126,-19.275742910496646,-5.83883125631826,immigration
2026-03-12,41.799481064722954,54.16735912266113,-12.367878057938182,1.6665709252537786,2.265763473412281,3.3319339542832367,38.53300205122555,45.06596007822036,49.726462714773064,58.6082555305492,-18.898468608333324,-5.837287507543038,immigration
2026-03-13,41.810679576704715,54.19942956203115,-12.388749985326433,1.5927201624410716,2.1574482933191934,3.172936304562993,38.688948058320214,44.932411095089215,49.97083090712553,58.42802821693677,-18.6077051422699,-6.169794828382966,immigration
2026-03-14,41.81067957670472,54.199429562031156,-12.388749985326434,1.5927201624410716,2.1574482933191934,3.172936304562993,38.68894805832022,44.93241109508922,49.97083090712554,58.428028216936774,-18.6077051422699,-6.169794828382968,immigration
2026-03-15,41.81067957670472,54.19942956203116,-12.388749985326434,1.5927201624410718,2.1574482933191934,3.172936304562993,38.68894805832022,44.93241109508922,49.970830907125546,58.42802821693678,-18.6077051422699,-6.169794828382968,immigration
2026-03-16,41.44513997729942,54.47896978019044,-13.033829802891017,1.6690454526531242,2.0211395470900473,3.2556406921276793,38.1738108900993,44.71646906449954,50.517536267893945,58.440403292486934,-19.41488555946127,-6.652774046320766,immigration
2026-03-17,41.44513997729942,54.47896978019044,-13.033829802891017,1.669045452653124,2.0211395470900473,3.2556406921276793,38.1738108900993,44.71646906449954,50.517536267893945,58.440403292486934,-19.41488555946127,-6.652774046320766,immigration
2026-03-18,41.454932516938086,54.44702175158576,-12.99208923464767,1.6396367413364623,1.9917941777580976,3.2041126803948385,38.24124450391862,44.66862052995755,50.54310516317989,58.35093833999163,-19.272150088221554,-6.712028381073787,immigration
2026-03-19,41.71303085928238,54.3053039009391,-12.59227304165673,1.857933946785158,1.8926227180199242,3.3903523429749955,38.071480323583465,45.35458139498129,50.59576337362005,58.01484442825815,-19.23736363388772,-5.947182449425739,immigration
2026-03-20,41.91157969966351,54.52454248254656,-12.612962782883042,1.8890082317462025,1.9243860520139602,3.2043207297985306,38.209123565440954,45.61403583388607,50.752745820599195,58.29633914449392,-18.893431413288162,-6.3324941524779215,immigration
2026-03-21,41.91157969966351,54.52454248254656,-12.612962782883042,1.8890082317462025,1.9243860520139602,3.2043207297985306,38.209123565440954,45.61403583388607,50.752745820599195,58.29633914449392,-18.893431413288162,-6.3324941524779215,immigration
2026-03-22,41.83297245126105,54.52183848248614,-12.68886603122509,1.8688560546493322,1.8754092792079016,3.1381115519742933,38.17001458414836,45.49593031837374,50.846036295238655,58.19764066973362,-18.839564673094703,-6.538167389355475,immigration
2026-03-23,41.82130385060785,54.49412939332378,-12.672825542715932,1.7688228496098908,1.8104221595771186,2.9844829072831494,38.35441106537246,45.288196635843235,50.945701960552626,58.04255682609494,-18.522412040990904,-6.823239044440959,immigration
2026-03-24,41.82130385060784,54.494129393323774,-12.672825542715932,1.7688228496098908,1.8104221595771186,2.984482907283149,38.35441106537245,45.28819663584323,50.945701960552626,58.04255682609492,-18.522412040990904,-6.82323904444096,immigration
2026-03-25,41.4744418941528,54.7311099926121,-13.256668098459306,1.9942157283009443,1.8710470055174686,3.362452857818963,37.56577906668294,45.38310472162265,51.06385786179786,58.39836212342634,-19.847075699784472,-6.666260497134139,immigration
2026-03-26,41.34208199726751,55.124254144936415,-13.782172147668899,1.8900891540536533,1.952233838319883,3.3600047166192732,37.637507255322355,45.04665673921267,51.29787582182944,58.95063246804339,-20.367781392242673,-7.196562903095123,immigration
2026-03-27,41.34208199726751,55.124254144936415,-13.782172147668899,1.8900891540536533,1.952233838319883,3.3600047166192732,37.637507255322355,45.04665673921267,51.29787582182944,58.95063246804339,-20.367781392242673,-7.196562903095123,immigration
2026-03-28,41.34208199726752,55.124254144936415,-13.782172147668899,1.8900891540536535,1.9522338383198832,3.3600047166192732,37.63750725532236,45.04665673921268,51.29787582182944,58.95063246804339,-20.367781392242673,-7.196562903095123,immigration
2026-03-29,41.43860306513393,55.00748294190969,-13.568879876775762,1.8564092101859748,1.9377874088968687,3.3388185341320797,37.80004101316942,45.077165117098446,51.20941962047183,58.80554626334756,-20.112964203674636,-7.024795549876886,immigration
2026-03-30,41.44435878289462,54.81170104115373,-13.367342258259114,1.7734340836794056,1.9560919262081848,3.2551455578072224,37.968427978882985,44.92028958690625,50.97776086578569,58.645641216521774,-19.74742755156127,-6.987256964956958,immigration
2026-03-31,41.44435878289462,54.81170104115373,-13.367342258259116,1.7734340836794056,1.9560919262081848,3.2551455578072224,37.968427978882985,44.92028958690625,50.97776086578569,58.645641216521774,-19.747427551561273,-6.98725696495696,immigration
2026-04-01,41.44435878289462,54.81170104115373,-13.367342258259114,1.7734340836794056,1.9560919262081848,3.2551455578072224,37.968427978882985,44.92028958690625,50.97776086578569,58.645641216521774,-19.74742755156127,-6.987256964956958,immigration
2026-04-02,41.44435878289462,54.81170104115373,-13.367342258259116,1.7734340836794056,1.9560919262081848,3.2551455578072224,37.968427978882985,44.92028958690625,50.97776086578569,58.645641216521774,-19.747427551561273,-6.98725696495696,immigration
2026-04-03,41.20316863953467,55.16733309417929,-13.964164454644624,1.7705385410741565,2.0472558730822707,3.412771446084597,37.73291309902932,44.673424180040016,51.15471158293804,59.17995460542054,-20.653196488970433,-7.275132420318815,immigration
2026-04-04,41.20316863953467,55.16733309417929,-13.964164454644624,1.7705385410741565,2.0472558730822707,3.412771446084597,37.73291309902932,44.673424180040016,51.15471158293804,59.17995460542054,-20.653196488970433,-7.275132420318815,immigration
2026-04-05,41.229225226587005,55.11841918816688,-13.889193961579881,1.6965691465137236,1.967578928457096,3.2764143087369226,37.90394969942011,44.5545007537539,51.26196448839097,58.97487388794279,-20.31096600670425,-7.467421916455513,immigration
2026-04-06,41.229225226587005,55.11841918816688,-13.88919396157988,1.6965691465137234,1.967578928457096,3.276414308736922,37.90394969942011,44.5545007537539,51.26196448839097,58.97487388794279,-20.31096600670425,-7.467421916455512,immigration
2026-04-07,41.229225226587,55.11841918816688,-13.88919396157988,1.6965691465137236,1.967578928457096,3.276414308736922,37.903949699420096,44.5545007537539,51.26196448839097,58.97487388794279,-20.31096600670425,-7.467421916455512,immigration
2026-04-08,41.229225226587005,55.11841918816688,-13.88919396157988,1.6965691465137234,1.967578928457096,3.276414308736922,37.90394969942011,44.5545007537539,51.26196448839097,58.97487388794279,-20.31096600670425,-7.467421916455512,immigration
2026-04-09,41.4911661527015,54.945511579332134,-13.454345426630631,1.7777229633229883,1.9405679371409081,3.3628695458227797,38.006829144588444,44.97550316081456,51.141998422535956,58.74902473612831,-20.04556973644328,-6.863121116817983,immigration
2026-04-10,41.88710560570326,55.671043093685945,-13.783937487982687,1.6870910468681681,2.094069628914315,2.9646475412839055,38.580407153841655,45.19380405756487,51.56666662101389,59.775419566358,-19.59464666889914,-7.973228307066233,immigration
2026-04-11,41.88710560570326,55.671043093685945,-13.783937487982687,1.687091046868168,2.094069628914315,2.9646475412839055,38.580407153841655,45.19380405756487,51.56666662101389,59.775419566358,-19.59464666889914,-7.973228307066233,immigration
2026-04-12,41.88710560570326,55.671043093685945,-13.783937487982687,1.687091046868168,2.094069628914315,2.9646475412839055,38.580407153841655,45.19380405756487,51.56666662101389,59.775419566358,-19.59464666889914,-7.973228307066233,immigration
2026-04-13,41.84938220480643,54.78535585296105,-12.935973648154613,1.4902757383134078,2.18563903541026,2.9802434148305137,38.92844175771215,44.77032265190071,50.501503343556934,59.06920836236516,-18.77725074122242,-7.094696555086807,immigration
2026-04-14,41.89373172764412,54.725939169144674,-12.832207441500545,1.4639772935480861,2.1452333164770505,2.938131781646159,39.024336232289876,44.76312722299837,50.521281868849655,58.93059646943969,-18.590945733527015,-7.073469149474073,immigration
2026-04-15,42.077229717291466,54.21257691373198,-12.13534719644051,1.400595464725209,2.3128936752624663,3.1395780301550835,39.33206260643006,44.822396828152876,49.67930531021754,58.745848517246415,-18.288920135544473,-5.9817742573365456,immigration
2026-04-16,42.52143447100359,53.28900793387105,-10.767573462867459,1.5598681829202585,2.8250996686675647,3.998097478903543,39.46409283247988,45.5787761095273,47.75181258328262,58.826203284459474,-18.603844521518404,-2.931302404216514,immigration
2026-04-17,42.52143447100359,53.28900793387105,-10.767573462867459,1.5598681829202583,2.8250996686675647,3.998097478903543,39.46409283247988,45.5787761095273,47.75181258328262,58.826203284459474,-18.603844521518404,-2.931302404216514,immigration
2026-04-18,42.587951289908965,53.06077283581161,-10.472821545902645,1.4738239526151695,2.7204868988915742,3.833315297077393,39.69925634278323,45.4766462370347,47.728618513984124,58.3929271576391,-17.986119528174335,-2.959523563630955,immigration
2026-04-19,42.587951289908965,53.06077283581161,-10.472821545902647,1.4738239526151695,2.7204868988915742,3.833315297077393,39.69925634278323,45.4766462370347,47.728618513984124,58.3929271576391,-17.98611952817434,-2.959523563630957,immigration
2026-04-20,42.46843899646135,53.16627982429346,-10.69784082783211,1.5276570920128891,2.2886815876256077,3.564279237986469,39.474231096116085,45.46264689680662,48.68046391254727,57.652095736039655,-17.68382813428559,-3.7118535213786306,immigration
2026-04-21,42.46843899646135,53.16627982429346,-10.697840827832112,1.5276570920128891,2.2886815876256077,3.564279237986469,39.474231096116085,45.46264689680662,48.68046391254727,57.652095736039655,-17.68382813428559,-3.7118535213786323,immigration
2026-04-22,42.46843899646135,53.16627982429346,-10.697840827832112,1.5276570920128891,2.2886815876256077,3.564279237986469,39.474231096116085,45.46264689680662,48.68046391254727,57.652095736039655,-17.68382813428559,-3.7118535213786323,immigration
2026-04-23,42.468438996461344,53.166279824293454,-10.69784082783211,1.5276570920128891,2.2886815876256077,3.564279237986469,39.474231096116085,45.462646896806604,48.68046391254726,57.65209573603965,-17.68382813428559,-3.7118535213786306,immigration
2026-04-24,42.5477840606535,53.39103944580553,-10.843255385152036,1.4657401270585864,2.2648201846033467,3.4025852615381953,39.67493341161867,45.42063470968833,48.95199188398297,57.830087007628094,-17.5123224977669,-4.174188272537173,immigration
2026-04-25,42.5477840606535,53.39103944580554,-10.843255385152036,1.4657401270585864,2.264820184603347,3.4025852615381953,39.67493341161867,45.42063470968833,48.95199188398298,57.8300870076281,-17.5123224977669,-4.174188272537173,immigration
2026-04-26,42.45123240414093,53.38711963437506,-10.935887230234126,1.3237476314230436,2.1901199733460976,3.0194234587641096,39.85668704655177,45.04577776173009,49.09448448661671,57.679754782133415,-16.85395720941178,-5.017817251056472,immigration
2026-04-27,42.32328944469652,53.546724902925305,-11.223435458228783,1.3425024096386564,2.160711978274733,3.0538795658118962,39.69198472180475,44.95459416758829,49.311729425506826,57.781720380343785,-17.2090394072201,-5.237831509237466,immigration
2026-04-28,42.364850620915135,54.02458863132591,-11.659738010410774,1.2918079970501084,2.6787470209910804,3.34333977661627,39.83290694669692,44.89679429513335,48.7742444701834,59.27493279246843,-18.212683972578663,-5.106792048242885,immigration
2026-04-29,42.364850620915135,54.024588631325905,-11.659738010410772,1.2918079970501084,2.6787470209910804,3.34333977661627,39.83290694669692,44.89679429513335,48.77424447018339,59.27493279246842,-18.21268397257866,-5.106792048242883,immigration
2026-04-30,42.364850620915135,54.02458863132591,-11.659738010410774,1.2918079970501084,2.6787470209910804,3.34333977661627,39.83290694669692,44.89679429513335,48.7742444701834,59.27493279246843,-18.212683972578663,-5.106792048242885,immigration
2026-05-01,42.36485062091514,54.02458863132591,-11.659738010410774,1.2918079970501084,2.6787470209910804,3.34333977661627,39.83290694669693,44.896794295133354,48.7742444701834,59.27493279246843,-18.212683972578663,-5.106792048242885,immigration
2026-05-02,42.364850620915135,54.02458863132591,-11.659738010410772,1.2918079970501084,2.6787470209910804,3.34333977661627,39.83290694669692,44.89679429513335,48.7742444701834,59.27493279246843,-18.21268397257866,-5.106792048242883,immigration
2026-05-03,42.303478124048624,54.069141469088585,-11.765663345039954,1.269512218453785,2.600125929423018,3.257385262419419,39.815234175879205,44.79172207221804,48.97289464741947,59.1653882907577,-18.150138459382013,-5.3811882306978935,immigration
2026-05-04,42.22882858661938,53.947611951899226,-11.718783365279847,1.2308730883650896,2.5043801441747533,3.1048389164950745,39.816317333423804,44.641339839814954,49.03902686931671,58.856197034481745,-17.804267641610195,-5.633299088949501,immigration
2026-05-05,42.601734217949804,53.80140522233972,-11.199671004389916,1.3713847107872907,2.2905847111323863,3.024657125662654,39.91382018480672,45.28964825109289,49.31185918852024,58.2909512561592,-17.12799897068872,-5.271343038091115,immigration
2026-05-06,42.601734217949804,53.80140522233972,-11.199671004389915,1.3713847107872907,2.2905847111323863,3.024657125662654,39.91382018480672,45.28964825109289,49.31185918852024,58.2909512561592,-17.127998970688715,-5.271343038091113,immigration
2026-05-07,41.73299301475918,54.59026969440276,-12.857276679643572,2.164441344725407,2.6167736248758002,4.349066139351739,37.49068797909738,45.97529805042098,49.46139338964619,59.71914599915932,-21.38144631277298,-4.333107046514165,immigration
2026-05-08,41.73299301475918,54.59026969440276,-12.857276679643574,2.164441344725407,2.6167736248758002,4.349066139351739,37.49068797909738,45.97529805042098,49.46139338964619,59.71914599915932,-21.38144631277298,-4.333107046514167,immigration
2026-05-09,41.73299301475918,54.59026969440276,-12.857276679643572,2.164441344725407,2.6167736248758002,4.349066139351739,37.49068797909738,45.97529805042098,49.46139338964619,59.71914599915932,-21.38144631277298,-4.333107046514165,immigration
2026-05-10,41.73299301475918,54.59026969440276,-12.857276679643572,2.164441344725407,2.6167736248758002,4.349066139351739,37.49068797909738,45.97529805042098,49.46139338964619,59.71914599915932,-21.38144631277298,-4.333107046514165,immigration
2026-05-11,41.554097878420954,54.73938177404524,-13.18528389562428,2.0379024146921014,2.3498564273516194,4.020735446505038,37.559809145624435,45.548386611217474,50.133663176436066,59.34510037165442,-21.065925370774153,-5.304642420474407,immigration
2026-05-12,41.55409787842096,54.73938177404524,-13.18528389562428,2.037902414692102,2.3498564273516194,4.020735446505038,37.55980914562444,45.54838661121748,50.133663176436066,59.34510037165442,-21.065925370774153,-5.304642420474407,immigration
2026-05-13,41.55409787842096,54.73938177404524,-13.18528389562428,2.0379024146921014,2.3498564273516194,4.020735446505037,37.55980914562444,45.54838661121748,50.133663176436066,59.34510037165442,-21.065925370774153,-5.3046424204744085,immigration
2026-05-14,41.554097878420954,54.73938177404523,-13.185283895624279,2.0379024146921014,2.349856427351619,4.020735446505037,37.559809145624435,45.548386611217474,50.13366317643605,59.345100371654404,-21.065925370774153,-5.304642420474407,immigration
2026-05-15,41.57844811384706,54.93406687991969,-13.355618766072633,1.7431125563638195,2.4924534632927964,3.6328160963900573,38.16194750337397,44.994948724320146,50.04885809186581,59.81927566797357,-20.475938314997144,-6.23529921714812,immigration
2026-05-16,41.57844811384707,54.9340668799197,-13.355618766072634,1.7431125563638197,2.4924534632927964,3.6328160963900578,38.16194750337398,44.99494872432015,50.04885809186582,59.81927566797358,-20.475938314997148,-6.235299217148121,immigration
2026-05-17,41.489228015530905,54.81539340135193,-13.32616538582103,1.6946448386585815,2.4245579417633176,3.484556027377108,38.16772413176009,44.81073189930172,50.06325983549583,59.56752696720804,-20.155895199480163,-6.496435572161898,immigration
2026-05-18,41.37411541074922,54.78763881755615,-13.413523406806933,1.9012928413772858,2.4524435382275747,3.8793338772398434,37.64758144164974,45.1006493798487,49.980849482630106,59.594428152482195,-21.017017806197025,-5.81002900741684,immigration
2026-05-19,41.383462258802375,54.74971902860952,-13.36625676980714,1.8709337901292604,2.4215446450509264,3.825018433349661,37.71643203014902,45.05049248745573,50.0034915243097,59.495946532909336,-20.863292899172478,-5.869220640441805,immigration
2026-05-20,41.38346225880238,54.74971902860952,-13.366256769807142,1.8709337901292604,2.4215446450509264,3.825018433349661,37.71643203014903,45.050492487455735,50.0034915243097,59.495946532909336,-20.863292899172478,-5.869220640441807,immigration
2026-05-21,41.518999915570085,54.665712913035144,-13.146712997465052,1.807873151417739,2.2810998014729895,3.655500205938508,37.975568538791315,45.062431292348855,50.19475730214808,59.136668523922204,-20.311493401104528,-5.981932593825577,immigration
2026-05-22,41.51899991557009,54.665712913035144,-13.146712997465054,1.8078731514177393,2.28109980147299,3.655500205938508,37.97556853879132,45.06243129234886,50.19475730214808,59.136668523922204,-20.311493401104528,-5.9819325938255785,immigration
2026-05-23,41.51899991557009,54.665712913035144,-13.146712997465054,1.8078731514177393,2.28109980147299,3.655500205938508,37.97556853879132,45.06243129234886,50.19475730214808,59.136668523922204,-20.311493401104528,-5.9819325938255785,immigration
2026-05-24,41.353235631418734,54.75116000768106,-13.397924376262331,1.820948984734657,2.1993511418412317,3.5966236220384786,37.784175621338804,44.922295641498664,50.440431769672244,59.06188824568987,-20.44730667545775,-6.348542077066913,immigration
2026-05-25,41.35323563141873,54.75116000768106,-13.39792437626233,1.820948984734657,2.1993511418412313,3.5966236220384786,37.7841756213388,44.92229564149866,50.440431769672244,59.06188824568987,-20.447306675457746,-6.348542077066911,immigration
2026-05-26,41.867891745419335,54.01355505300578,-12.145663307586448,2.0181646104149262,2.5925359875465843,4.305756522818955,37.91228910900608,45.82349438183259,48.93218451741448,59.094925588597086,-20.584946092311597,-3.7063805228612967,immigration
2026-05-27,41.867891745419335,54.01355505300578,-12.145663307586448,2.0181646104149262,2.5925359875465843,4.305756522818955,37.91228910900608,45.82349438183259,48.93218451741448,59.094925588597086,-20.584946092311597,-3.7063805228612967,immigration
2026-05-28,41.86789174541933,54.01355505300578,-12.145663307586448,2.0181646104149262,2.5925359875465843,4.305756522818955,37.912289109006075,45.82349438183258,48.93218451741448,59.094925588597086,-20.584946092311597,-3.7063805228612967,immigration
2026-05-29,41.867891745419335,54.01355505300579,-12.14566330758645,2.0181646104149262,2.5925359875465848,4.305756522818955,37.91228910900608,45.82349438183259,48.932184517414484,59.09492558859709,-20.5849460923116,-3.7063805228612985,immigration
2026-05-30,41.86789174541933,54.01355505300578,-12.145663307586448,2.0181646104149262,2.5925359875465843,4.305756522818955,37.912289109006075,45.82349438183258,48.93218451741448,59.094925588597086,-20.584946092311597,-3.7063805228612967,immigration
2026-05-31,41.867891745419335,54.01355505300578,-12.14566330758645,2.0181646104149262,2.5925359875465848,4.305756522818955,37.91228910900608,45.82349438183259,48.93218451741448,59.094925588597086,-20.5849460923116,-3.7063805228612985,immigration
2026-06-01,41.867891745419335,54.01355505300578,-12.145663307586448,2.0181646104149262,2.5925359875465843,4.305756522818955,37.91228910900608,45.82349438183259,48.93218451741448,59.094925588597086,-20.584946092311597,-3.7063805228612967,immigration
2026-06-02,41.867891745419335,54.01355505300578,-12.145663307586448,2.0181646104149262,2.5925359875465843,4.305756522818955,37.91228910900608,45.82349438183259,48.93218451741448,59.094925588597086,-20.584946092311597,-3.7063805228612967,immigration
2026-06-03,41.867891745419335,54.01355505300578,-12.145663307586448,2.0181646104149262,2.5925359875465843,4.305756522818955,37.91228910900608,45.82349438183259,48.93218451741448,59.094925588597086,-20.584946092311597,-3.7063805228612967,immigration
2025-01-21,41.63475968716398,37.60747089625757,4.027288790906411,0,0,0,41.63475968716398,41.63475968716398,37.60747089625757,37.60747089625757,4.027288790906411,4.027288790906411,foreign_policy
2025-01-22,41.63475968716398,37.60747089625757,4.027288790906411,0,0,0,41.63475968716398,41.63475968716398,37.60747089625757,37.60747089625757,4.027288790906411,4.027288790906411,foreign_policy
2025-01-23,41.63475968716398,37.60747089625757,4.027288790906411,0,0,0,41.63475968716398,41.63475968716398,37.60747089625757,37.60747089625757,4.027288790906411,4.027288790906411,foreign_policy
2025-01-24,41.63475968716398,37.60747089625757,4.027288790906411,0,0,0,41.63475968716398,41.63475968716398,37.60747089625757,37.60747089625757,4.027288790906411,4.027288790906411,foreign_policy
2025-01-25,41.63475968716398,37.60747089625757,4.027288790906411,0,0,0,41.63475968716398,41.63475968716398,37.60747089625757,37.60747089625757,4.027288790906411,4.027288790906411,foreign_policy
2025-01-26,41.63475968716398,37.60747089625757,4.027288790906411,0,0,0,41.63475968716398,41.63475968716398,37.60747089625757,37.60747089625757,4.027288790906411,4.027288790906411,foreign_policy
2025-01-27,41.63475968716398,37.60747089625757,4.027288790906411,0,0,0,41.63475968716398,41.63475968716398,37.60747089625757,37.60747089625757,4.027288790906411,4.027288790906411,foreign_policy
2025-01-28,41.63475968716398,37.60747089625757,4.027288790906411,0,0,0,41.63475968716398,41.63475968716398,37.60747089625757,37.60747089625757,4.027288790906411,4.027288790906411,foreign_policy
2025-01-29,41.63475968716398,37.60747089625757,4.027288790906411,0,0,0,41.63475968716398,41.63475968716398,37.60747089625757,37.60747089625757,4.027288790906411,4.027288790906411,foreign_policy
2025-01-30,41.63475968716398,37.60747089625757,4.027288790906411,0,0,0,41.63475968716398,41.63475968716398,37.60747089625757,37.60747089625757,4.027288790906411,4.027288790906411,foreign_policy
2025-01-31,41.63475968716398,37.60747089625757,4.027288790906411,0,0,0,41.63475968716398,41.63475968716398,37.60747089625757,37.60747089625757,4.027288790906411,4.027288790906411,foreign_policy
2025-02-01,41.63475968716398,37.60747089625757,4.027288790906411,0,0,0,41.63475968716398,41.63475968716398,37.60747089625757,37.60747089625757,4.027288790906411,4.027288790906411,foreign_policy
2025-02-02,41.63475968716398,37.60747089625757,4.027288790906411,0,0,0,41.63475968716398,41.63475968716398,37.60747089625757,37.60747089625757,4.027288790906411,4.027288790906411,foreign_policy
2025-02-03,41.63475968716398,37.60747089625757,4.027288790906411,0,0,0,41.63475968716398,41.63475968716398,37.60747089625757,37.60747089625757,4.027288790906411,4.027288790906411,foreign_policy
2025-02-04,41.63475968716398,37.60747089625757,4.027288790906411,0,0,0,41.63475968716398,41.63475968716398,37.60747089625757,37.60747089625757,4.027288790906411,4.027288790906411,foreign_policy
2025-02-05,41.63475968716398,37.60747089625757,4.027288790906411,0,0,0,41.63475968716398,41.63475968716398,37.60747089625757,37.60747089625757,4.027288790906411,4.027288790906411,foreign_policy
2025-02-06,41.63475968716398,37.60747089625757,4.027288790906411,0,0,0,41.63475968716398,41.63475968716398,37.60747089625757,37.60747089625757,4.027288790906411,4.027288790906411,foreign_policy
2025-02-07,41.63475968716398,37.60747089625757,4.027288790906411,0,0,0,41.63475968716398,41.63475968716398,37.60747089625757,37.60747089625757,4.027288790906411,4.027288790906411,foreign_policy
2025-02-08,41.63475968716398,37.60747089625757,4.027288790906411,0,0,0,41.63475968716398,41.63475968716398,37.60747089625757,37.60747089625757,4.027288790906411,4.027288790906411,foreign_policy
2025-02-09,41.63475968716398,37.60747089625757,4.027288790906411,0,0,0,41.63475968716398,41.63475968716398,37.60747089625757,37.60747089625757,4.027288790906411,4.027288790906411,foreign_policy
2025-02-10,41.63475968716398,37.60747089625757,4.027288790906411,0,0,0,41.63475968716398,41.63475968716398,37.60747089625757,37.60747089625757,4.027288790906411,4.027288790906411,foreign_policy
2025-02-11,41.63475968716398,37.60747089625757,4.027288790906411,0,0,0,41.63475968716398,41.63475968716398,37.60747089625757,37.60747089625757,4.027288790906411,4.027288790906411,foreign_policy
2025-02-12,41.63475968716398,37.60747089625757,4.027288790906411,0,0,0,41.63475968716398,41.63475968716398,37.60747089625757,37.60747089625757,4.027288790906411,4.027288790906411,foreign_policy
2025-02-13,44.59560417215238,44.71282242119578,-0.11721824904339878,1.0761796256006224,2.582585671972153,1.5064060463715305,42.48629210597516,46.704916238329595,39.65095450413036,49.7746903382612,-3.0697740999315983,2.835337601844801,foreign_policy
2025-02-14,44.59560417215238,44.712822421195774,-0.11721824904339878,1.0761796256006224,2.582585671972153,1.5064060463715305,42.48629210597516,46.704916238329595,39.650954504130354,49.774690338261195,-3.0697740999315983,2.835337601844801,foreign_policy
2025-02-15,44.59560417215238,44.712822421195774,-0.11721824904339878,1.0761796256006224,2.582585671972153,1.5064060463715305,42.48629210597516,46.704916238329595,39.650954504130354,49.774690338261195,-3.0697740999315983,2.835337601844801,foreign_policy
2025-02-16,44.44808028931573,47.14127182336074,-2.693191534045004,0.762429187961572,2.9610068151321594,2.707355534060989,42.95371908091105,45.94244149772042,41.337698465701706,52.94484518101977,-7.999608380804542,2.6132253127145346,foreign_policy
2025-02-17,43.393348565792635,48.13440504448409,-4.741056478691449,1.4851873673033142,2.6649453842868214,3.3940826823054926,40.48238132587814,46.304315805707134,42.91111209128192,53.35769799768626,-11.393458536010215,1.9113455786273166,foreign_policy
2025-02-18,42.97393254522387,47.010079154755445,-4.036146609531576,1.9364583447592876,2.1861943386171485,3.2839928731840207,39.17847418949567,46.76939090095207,42.725138251065836,51.295020058445054,-10.472772640972256,2.400479421909105,foreign_policy
2025-02-19,42.97393254522387,47.01007915475544,-4.036146609531576,1.9364583447592876,2.1861943386171485,3.2839928731840207,39.17847418949567,46.76939090095207,42.72513825106583,51.29502005844505,-10.472772640972256,2.400479421909105,foreign_policy
2025-02-20,42.86479047094431,48.99228304285063,-6.1274925719063225,1.7078196878716332,4.077368325439103,4.764349959428226,39.51746388271591,46.212117059172705,41.00064112498999,56.98392496071127,-15.465618492385644,3.2106333485730003,foreign_policy
2025-02-21,42.864790470944314,48.992283042850644,-6.127492571906324,1.7078196878716334,4.077368325439103,4.764349959428227,39.517463882715916,46.21211705917271,41.000641124990004,56.983924960711285,-15.465618492385648,3.2106333485730003,foreign_policy
2025-02-22,42.86479047094431,48.99228304285063,-6.127492571906323,1.7078196878716332,4.077368325439103,4.764349959428226,39.51746388271591,46.212117059172705,41.00064112498999,56.98392496071127,-15.465618492385646,3.2106333485729994,foreign_policy
2025-02-23,42.86479047094431,48.99228304285063,-6.1274925719063225,1.7078196878716332,4.077368325439103,4.764349959428226,39.51746388271591,46.212117059172705,41.00064112498999,56.98392496071127,-15.465618492385644,3.2106333485730003,foreign_policy
2025-02-24,42.98636522714941,49.30468901463357,-6.318323787484161,1.5361146206350325,3.6526538337882024,4.228401480042496,39.97558057070475,45.997149883594076,42.14548750040869,56.46389052885844,-14.605990688367454,1.9693431133991322,foreign_policy
2025-02-25,42.98636522714941,49.30468901463357,-6.318323787484161,1.5361146206350325,3.6526538337882024,4.228401480042496,39.97558057070475,45.997149883594076,42.14548750040869,56.46389052885844,-14.605990688367454,1.9693431133991322,foreign_policy
2025-02-26,42.986365227149406,49.30468901463357,-6.31832378748416,1.5361146206350325,3.652653833788202,4.228401480042496,39.97558057070474,45.99714988359407,42.14548750040869,56.46389052885844,-14.605990688367452,1.969343113399133,foreign_policy
2025-02-27,42.986365227149406,49.30468901463357,-6.31832378748416,1.5361146206350325,3.652653833788202,4.228401480042496,39.97558057070474,45.99714988359407,42.14548750040869,56.46389052885844,-14.605990688367452,1.969343113399133,foreign_policy
2025-02-28,42.986365227149406,49.30468901463357,-6.31832378748416,1.5361146206350325,3.652653833788202,4.228401480042496,39.97558057070474,45.99714988359407,42.14548750040869,56.46389052885844,-14.605990688367452,1.969343113399133,foreign_policy
2025-03-01,42.986365227149406,49.30468901463357,-6.318323787484161,1.5361146206350325,3.652653833788202,4.228401480042496,39.97558057070474,45.99714988359407,42.14548750040869,56.46389052885844,-14.605990688367454,1.9693431133991322,foreign_policy
2025-03-02,42.986365227149406,49.30468901463357,-6.318323787484161,1.5361146206350325,3.6526538337882024,4.228401480042496,39.97558057070474,45.99714988359407,42.14548750040869,56.46389052885844,-14.605990688367454,1.9693431133991322,foreign_policy
2025-03-03,42.986365227149406,49.30468901463357,-6.318323787484161,1.5361146206350325,3.652653833788202,4.228401480042496,39.97558057070474,45.99714988359407,42.14548750040869,56.46389052885844,-14.605990688367454,1.9693431133991322,foreign_policy
2025-03-04,42.526264580968125,49.66003340141783,-7.133768820449705,1.872984305919466,3.3720771052102227,4.306514889068706,38.85521534136597,46.19731382057028,43.05076227520579,56.26930452762986,-15.574538003024369,1.307000362124957,foreign_policy
2025-03-05,42.526264580968125,49.66003340141783,-7.133768820449705,1.8729843059194657,3.3720771052102223,4.306514889068706,38.85521534136597,46.19731382057028,43.05076227520579,56.26930452762986,-15.574538003024369,1.307000362124957,foreign_policy
2025-03-06,42.526264580968125,49.66003340141783,-7.133768820449705,1.872984305919466,3.3720771052102227,4.306514889068706,38.85521534136597,46.19731382057028,43.05076227520579,56.26930452762986,-15.574538003024369,1.307000362124957,foreign_policy
2025-03-07,42.526264580968125,49.66003340141783,-7.133768820449705,1.872984305919466,3.3720771052102227,4.306514889068706,38.85521534136597,46.19731382057028,43.05076227520579,56.26930452762986,-15.574538003024369,1.307000362124957,foreign_policy
2025-03-08,42.526264580968125,49.66003340141783,-7.133768820449706,1.872984305919466,3.3720771052102227,4.306514889068706,38.85521534136597,46.19731382057028,43.05076227520579,56.26930452762986,-15.574538003024369,1.3070003621249562,foreign_policy
2025-03-09,42.38098043918755,50.1022740822075,-7.7212936430199495,1.7709721551558262,3.306476646953803,4.2413996691707565,38.909875015082136,45.85208586329297,43.621579854178044,56.58296831023696,-16.034436994594632,0.591849708554733,foreign_policy
2025-03-10,42.005328108768836,50.805952273099486,-8.800624164330651,1.5898260793899908,2.952478566790866,3.8977072708416842,38.88926899316446,45.121387224373215,45.019094282189386,56.592810264009586,-16.440130415180352,-1.1611179134809504,foreign_policy
2025-03-11,41.4148890636168,51.348144513660905,-9.93325545004411,1.7510937266786208,2.760838515420973,3.973525995501238,37.9827453593267,44.847032767906896,45.936901023435794,56.759388003886016,-17.721366401226536,-2.1451444988616837,foreign_policy
2025-03-12,41.19504185379325,51.01704467555409,-9.822002821760845,1.7469104016955366,2.7229773746456263,3.7196910758608785,37.771097466469996,44.6189862411165,45.680009021248665,56.354080329859514,-17.112597330448168,-2.5314083130735234,foreign_policy
2025-03-13,41.19504185379324,51.01704467555409,-9.822002821760845,1.7469104016955366,2.722977374645626,3.7196910758608785,37.77109746646999,44.618986241116495,45.680009021248665,56.354080329859514,-17.112597330448168,-2.5314083130735234,foreign_policy
2025-03-14,41.19504185379325,51.0170446755541,-9.822002821760845,1.7469104016955366,2.7229773746456263,3.7196910758608785,37.771097466469996,44.6189862411165,45.680009021248665,56.35408032985953,-17.112597330448168,-2.5314083130735234,foreign_policy
2025-03-15,41.19504185379325,51.0170446755541,-9.822002821760845,1.7469104016955366,2.722977374645626,3.7196910758608785,37.771097466469996,44.6189862411165,45.68000902124867,56.35408032985952,-17.112597330448168,-2.5314083130735234,foreign_policy
2025-03-16,41.19686301376102,51.12088928105762,-9.924026267296602,1.5208344543147172,2.4085803656681644,3.263488591176481,38.216027483304174,44.17769854421786,46.40007176434802,55.84170679776722,-16.320463906002505,-3.5275886285907,foreign_policy
2025-03-17,41.19686301376102,51.12088928105762,-9.924026267296602,1.5208344543147172,2.4085803656681644,3.263488591176481,38.216027483304174,44.17769854421786,46.40007176434802,55.84170679776722,-16.320463906002505,-3.5275886285907,foreign_policy
2025-03-18,41.625038028821905,51.099764578739595,-9.474726549917692,1.5276019059892867,2.0330362187404205,2.8742750905796255,38.630938293082906,44.619137764560904,47.115013590008374,55.08451556747082,-15.108305727453757,-3.8411473723816263,foreign_policy
2025-03-19,41.625038028821905,51.0997645787396,-9.474726549917694,1.5276019059892867,2.0330362187404205,2.8742750905796255,38.630938293082906,44.619137764560904,47.11501359000838,55.084515567470824,-15.10830572745376,-3.841147372381628,foreign_policy
2025-03-20,41.625038028821905,51.099764578739595,-9.474726549917694,1.5276019059892867,2.0330362187404205,2.8742750905796255,38.630938293082906,44.619137764560904,47.115013590008374,55.08451556747082,-15.10830572745376,-3.841147372381628,foreign_policy
2025-03-21,41.625038028821905,51.099764578739595,-9.474726549917692,1.5276019059892867,2.0330362187404205,2.8742750905796255,38.630938293082906,44.619137764560904,47.115013590008374,55.08451556747082,-15.108305727453757,-3.8411473723816263,foreign_policy
2025-03-22,41.625038028821905,51.099764578739595,-9.474726549917692,1.5276019059892867,2.0330362187404205,2.8742750905796255,38.630938293082906,44.619137764560904,47.115013590008374,55.08451556747082,-15.108305727453757,-3.8411473723816263,foreign_policy
2025-03-23,41.625038028821905,51.099764578739595,-9.474726549917692,1.5276019059892867,2.0330362187404205,2.8742750905796255,38.630938293082906,44.619137764560904,47.115013590008374,55.08451556747082,-15.108305727453757,-3.8411473723816263,foreign_policy
2025-03-24,41.625038028821905,51.099764578739595,-9.474726549917692,1.5276019059892867,2.0330362187404205,2.8742750905796255,38.630938293082906,44.619137764560904,47.115013590008374,55.08451556747082,-15.108305727453757,-3.8411473723816263,foreign_policy
2025-03-25,41.6250380288219,51.099764578739595,-9.474726549917692,1.5276019059892867,2.0330362187404205,2.8742750905796255,38.6309382930829,44.6191377645609,47.115013590008374,55.08451556747082,-15.108305727453757,-3.8411473723816263,foreign_policy
2025-03-26,41.6250380288219,51.099764578739595,-9.474726549917692,1.5276019059892867,2.0330362187404205,2.8742750905796255,38.6309382930829,44.6191377645609,47.115013590008374,55.08451556747082,-15.108305727453757,-3.8411473723816263,foreign_policy
2025-03-27,40.81657150446314,53.87926774091912,-13.062696236455977,1.583958262555289,3.9519615989164394,5.170725259237504,37.712013309854775,43.92112969907151,46.1334230070429,61.62511247479534,-23.197317744561488,-2.9280747283504684,foreign_policy
2025-03-28,40.81657150446314,53.87926774091912,-13.062696236455977,1.583958262555289,3.9519615989164394,5.170725259237504,37.712013309854775,43.92112969907151,46.1334230070429,61.62511247479534,-23.197317744561488,-2.9280747283504684,foreign_policy
2025-03-29,40.81657150446314,53.879267740919126,-13.062696236455979,1.583958262555289,3.9519615989164394,5.170725259237504,37.712013309854775,43.92112969907151,46.13342300704291,61.625112474795344,-23.197317744561488,-2.9280747283504702,foreign_policy
2025-03-30,40.81657150446314,53.87926774091912,-13.062696236455977,1.583958262555289,3.9519615989164394,5.170725259237504,37.712013309854775,43.92112969907151,46.1334230070429,61.62511247479534,-23.197317744561488,-2.9280747283504684,foreign_policy
2025-03-31,40.81657150446314,53.87926774091912,-13.062696236455977,1.583958262555289,3.951961598916439,5.170725259237504,37.712013309854775,43.92112969907151,46.1334230070429,61.62511247479534,-23.197317744561488,-2.9280747283504684,foreign_policy
2025-04-01,40.81657150446314,53.879267740919126,-13.062696236455979,1.583958262555289,3.9519615989164394,5.170725259237504,37.712013309854775,43.92112969907151,46.13342300704291,61.625112474795344,-23.197317744561488,-2.9280747283504702,foreign_policy
2025-04-02,39.66316259340016,53.022704317133446,-13.35954172373329,2.315757339705333,3.657572928709511,4.416537356890603,35.1242782075777,44.202046979222615,45.8538613768628,60.19154725740409,-22.015954943238874,-4.703128504227708,foreign_policy
2025-04-03,39.66316259340016,53.022704317133446,-13.35954172373329,2.315757339705333,3.657572928709511,4.416537356890603,35.1242782075777,44.202046979222615,45.8538613768628,60.19154725740409,-22.015954943238874,-4.703128504227708,foreign_policy
2025-04-04,39.66316259340016,53.022704317133446,-13.35954172373329,2.315757339705333,3.6575729287095116,4.416537356890603,35.1242782075777,44.202046979222615,45.8538613768628,60.19154725740409,-22.015954943238874,-4.703128504227708,foreign_policy
2025-04-05,39.66316259340016,53.022704317133446,-13.35954172373329,2.315757339705333,3.657572928709511,4.416537356890603,35.1242782075777,44.202046979222615,45.8538613768628,60.19154725740409,-22.015954943238874,-4.703128504227708,foreign_policy
2025-04-06,39.66316259340016,53.02270431713345,-13.35954172373329,2.315757339705333,3.6575729287095116,4.416537356890603,35.1242782075777,44.202046979222615,45.85386137686281,60.191547257404096,-22.015954943238874,-4.703128504227708,foreign_policy
2025-04-07,39.46180554717627,53.137657418451525,-13.675851871275256,1.8812993010832282,2.9613249127207864,3.5825860723136294,35.77445891705314,43.1491521772994,47.333460589518786,58.94185424738426,-20.69772057300997,-6.653983169540543,foreign_policy
2025-04-08,39.57648142617801,52.53085135469597,-12.95436992851796,1.5714265122337963,2.730011689998767,3.263008894764376,36.49648546219977,42.656477390156255,47.180028442298386,57.88167426709355,-19.349867362256134,-6.5588724947797825,foreign_policy
2025-04-09,39.966613535270916,52.44917124799699,-12.48255771272607,1.7200392017587391,2.5239588565308013,3.2101518863009684,36.59533669982379,43.33789037071804,47.50221188919662,57.396130606797364,-18.77445540987597,-6.190660015576172,foreign_policy
2025-04-10,39.71190521735247,53.56223824928243,-13.850333031929965,1.6789410883727705,3.495704500386959,4.349165527654547,36.42118068414184,43.002629750563095,46.71065742852399,60.41381907004087,-22.37469746613288,-5.325968597727053,foreign_policy
2025-04-11,39.71190521735247,53.56223824928243,-13.850333031929965,1.6789410883727705,3.495704500386959,4.349165527654547,36.42118068414184,43.002629750563095,46.71065742852399,60.41381907004087,-22.37469746613288,-5.325968597727053,foreign_policy
2025-04-12,39.71190521735247,53.56223824928243,-13.850333031929965,1.6789410883727705,3.495704500386959,4.349165527654546,36.42118068414184,43.002629750563095,46.71065742852399,60.41381907004087,-22.374697466132876,-5.325968597727055,foreign_policy
2025-04-13,39.615801306606286,53.539818949550245,-13.924017642943957,1.5178892456558752,3.134765960708685,3.902435951944537,36.64073838512077,42.5908642280918,47.39567766656123,59.68396023253926,-21.572792108755248,-6.275243177132665,foreign_policy
2025-04-14,39.856479074783536,53.38616232581718,-13.529683251033642,1.468640851096358,2.8584903885651607,3.632096063196106,36.977943006634675,42.7350151429324,47.78352116422947,58.988803487404894,-20.64859153489801,-6.410774967169274,foreign_policy
2025-04-15,39.856479074783536,53.38616232581718,-13.529683251033644,1.468640851096358,2.8584903885651607,3.6320960631961063,36.977943006634675,42.7350151429324,47.78352116422947,58.988803487404894,-20.648591534898014,-6.410774967169275,foreign_policy
2025-04-16,39.856479074783536,53.38616232581718,-13.529683251033642,1.468640851096358,2.8584903885651607,3.632096063196106,36.977943006634675,42.7350151429324,47.78352116422947,58.988803487404894,-20.64859153489801,-6.410774967169274,foreign_policy
2025-04-17,39.856479074783536,53.38616232581718,-13.529683251033644,1.468640851096358,2.8584903885651607,3.6320960631961063,36.977943006634675,42.7350151429324,47.78352116422947,58.988803487404894,-20.648591534898014,-6.410774967169275,foreign_policy
2025-04-18,39.856479074783536,53.38616232581718,-13.529683251033642,1.468640851096358,2.8584903885651607,3.632096063196106,36.977943006634675,42.7350151429324,47.78352116422947,58.988803487404894,-20.64859153489801,-6.410774967169274,foreign_policy
2025-04-19,39.85647907478354,53.38616232581718,-13.529683251033644,1.468640851096358,2.8584903885651607,3.6320960631961063,36.97794300663468,42.735015142932404,47.78352116422947,58.988803487404894,-20.648591534898014,-6.410774967169275,foreign_policy
2025-04-20,39.856479074783536,53.38616232581718,-13.529683251033642,1.468640851096358,2.8584903885651607,3.632096063196106,36.977943006634675,42.7350151429324,47.78352116422947,58.988803487404894,-20.64859153489801,-6.410774967169274,foreign_policy
2025-04-21,39.315056385644304,51.906287119587816,-12.591230733943512,1.232168302040032,2.7158655898424646,2.9128177162796733,36.90000651364584,41.73010625764277,46.583190563496586,57.229383675679045,-18.30035345785167,-6.882108010035352,foreign_policy
2025-04-22,39.527232122921845,52.44538482083891,-12.918152697917062,1.296915926969737,2.873328440692028,2.8134560864459885,36.98527690606116,42.06918733978253,46.813661077082536,58.077108564595285,-18.4325266273512,-7.403778768482924,foreign_policy
2025-04-23,39.780435087167284,52.19022120488404,-12.409786117716758,1.2903452808528268,2.6549569226497765,2.764177000868061,37.251358336695745,42.30951183763882,46.98650563649048,57.3939367732776,-17.827573039418155,-6.9919991960153585,foreign_policy
2025-04-24,39.76286772489822,52.232657065757124,-12.469789340858902,1.251909639367478,2.578925674037395,2.689389701000688,37.30912483173796,42.21661061805848,47.17796274464383,57.28735138687042,-17.740993154820252,-7.1985855268975545,foreign_policy
2025-04-25,39.76286772489822,52.232657065757124,-12.469789340858902,1.251909639367478,2.578925674037395,2.689389701000688,37.30912483173796,42.21661061805848,47.17796274464383,57.28735138687042,-17.740993154820252,-7.1985855268975545,foreign_policy
2025-04-26,39.76286772489823,52.23265706575713,-12.469789340858904,1.251909639367478,2.578925674037395,2.689389701000688,37.309124831737975,42.21661061805848,47.177962744643835,57.28735138687043,-17.740993154820252,-7.198585526897556,foreign_policy
2025-04-27,39.76286772489823,52.23265706575714,-12.469789340858904,1.251909639367478,2.578925674037395,2.689389701000688,37.309124831737975,42.21661061805848,47.17796274464384,57.287351386870434,-17.740993154820252,-7.198585526897556,foreign_policy
2025-04-28,40.43762296853616,51.54390376684996,-11.106280798313795,2.0046410186123076,2.5582541873545264,3.510036765367582,36.50852657205604,44.36671936501628,46.52972555963509,56.55808197406483,-17.985952858434256,-4.226608738193335,foreign_policy
2025-04-29,40.43762296853616,51.54390376684996,-11.106280798313795,2.0046410186123076,2.558254187354527,3.5100367653675826,36.50852657205604,44.36671936501628,46.52972555963508,56.558081974064834,-17.985952858434256,-4.226608738193334,foreign_policy
2025-04-30,40.43762296853616,51.54390376684995,-11.106280798313795,2.0046410186123076,2.558254187354527,3.510036765367582,36.50852657205604,44.36671936501628,46.52972555963508,56.55808197406482,-17.985952858434256,-4.226608738193335,foreign_policy
2025-05-01,40.43762296853616,51.54390376684996,-11.106280798313795,2.0046410186123076,2.558254187354527,3.510036765367582,36.50852657205604,44.36671936501628,46.52972555963508,56.558081974064834,-17.985952858434256,-4.226608738193335,foreign_policy
2025-05-02,40.43762296853616,51.54390376684995,-11.106280798313795,2.0046410186123076,2.558254187354527,3.510036765367582,36.50852657205604,44.36671936501628,46.52972555963508,56.55808197406482,-17.985952858434256,-4.226608738193335,foreign_policy
2025-05-03,40.43762296853616,51.54390376684996,-11.106280798313795,2.0046410186123076,2.5582541873545264,3.510036765367582,36.50852657205604,44.36671936501628,46.52972555963509,56.55808197406483,-17.985952858434256,-4.226608738193335,foreign_policy
2025-05-04,40.437622968536154,51.54390376684995,-11.106280798313794,2.0046410186123076,2.5582541873545264,3.510036765367582,36.50852657205603,44.36671936501628,46.52972555963508,56.55808197406482,-17.985952858434253,-4.226608738193333,foreign_policy
2025-05-05,40.43762296853616,51.54390376684996,-11.106280798313795,2.0046410186123076,2.5582541873545264,3.510036765367582,36.50852657205604,44.36671936501628,46.52972555963509,56.55808197406483,-17.985952858434256,-4.226608738193335,foreign_policy
2025-05-06,40.28165323196862,51.66099745068715,-11.379344218718533,2.0484161642647836,2.5302593271205476,3.586643740455497,36.26675755000964,44.296548913927595,46.70168916953087,56.62030573184342,-18.409165950011307,-4.349522487425759,foreign_policy
2025-05-07,40.28165323196861,51.66099745068715,-11.379344218718533,2.0484161642647836,2.5302593271205476,3.586643740455497,36.266757550009636,44.29654891392759,46.70168916953087,56.62030573184342,-18.409165950011307,-4.349522487425759,foreign_policy
2025-05-08,40.28165323196861,51.66099745068715,-11.379344218718533,2.0484161642647836,2.5302593271205476,3.586643740455497,36.266757550009636,44.29654891392759,46.70168916953087,56.62030573184342,-18.409165950011307,-4.349522487425759,foreign_policy
2025-05-09,40.28165323196861,51.66099745068715,-11.379344218718533,2.0484161642647836,2.5302593271205476,3.586643740455497,36.266757550009636,44.29654891392759,46.70168916953087,56.62030573184342,-18.409165950011307,-4.349522487425759,foreign_policy
2025-05-10,40.28165323196861,51.66099745068715,-11.379344218718531,2.0484161642647836,2.5302593271205476,3.586643740455497,36.266757550009636,44.29654891392759,46.70168916953087,56.62030573184342,-18.409165950011307,-4.349522487425757,foreign_policy
2025-05-11,40.28165323196861,51.66099745068715,-11.379344218718533,2.0484161642647836,2.5302593271205476,3.586643740455497,36.266757550009636,44.29654891392759,46.70168916953087,56.62030573184342,-18.409165950011307,-4.349522487425759,foreign_policy
2025-05-12,41.06810470268588,51.64848867524283,-10.580383972556957,2.1283839590993763,2.1393502048654063,3.276839631286946,36.8964721428511,45.239737262520656,47.45536227370663,55.84161507677903,-17.00298964987937,-4.157778295234543,foreign_policy
2025-05-13,41.45304024594629,51.061517352258385,-9.608477106312092,1.974889785338324,2.2840998698041224,3.493812585940065,37.582256266683174,45.32382422520941,46.584681607442306,55.53835309707446,-16.45634977475462,-2.7606044378695644,foreign_policy
2025-05-14,41.45304024594629,51.061517352258385,-9.608477106312092,1.974889785338324,2.2840998698041224,3.493812585940065,37.582256266683174,45.32382422520941,46.584681607442306,55.53835309707446,-16.45634977475462,-2.7606044378695644,foreign_policy
2025-05-15,41.887174789910645,50.566627032424165,-8.679452242513518,2.026480268797843,1.9913947618097407,2.821437967041012,37.915273463066875,45.859076116754416,46.66349329927707,54.46976076557126,-14.2094706579139,-3.1494338271131346,foreign_policy
2025-05-16,41.887174789910645,50.56662703242416,-8.679452242513516,2.026480268797843,1.9913947618097405,2.8214379670410117,37.915273463066875,45.859076116754416,46.663493299277064,54.46976076557125,-14.209470657913899,-3.1494338271131337,foreign_policy
2025-05-17,41.887174789910645,50.56662703242416,-8.679452242513516,2.026480268797843,1.9913947618097405,2.8214379670410117,37.915273463066875,45.859076116754416,46.663493299277064,54.46976076557125,-14.209470657913899,-3.1494338271131337,foreign_policy
2025-05-18,42.073453678772736,50.42146586834792,-8.348012189575185,2.0074633064841683,1.9880103769706485,2.917413975390959,38.13882559806377,46.008081759481705,46.52496552948545,54.3179662072104,-14.066143581341464,-2.629880797808905,foreign_policy
2025-05-19,42.08265715103295,50.06744998920791,-7.984792838174966,1.7878337694818107,1.8593006163130907,2.6537150263073257,38.578502962848596,45.5868113392173,46.42322078123425,53.71167919718157,-13.186074289737324,-2.7835113866126084,foreign_policy
2025-05-20,42.08265715103295,50.06744998920791,-7.984792838174966,1.7878337694818107,1.8593006163130907,2.6537150263073257,38.578502962848596,45.5868113392173,46.42322078123425,53.71167919718157,-13.186074289737324,-2.7835113866126084,foreign_policy
2025-05-21,42.08265715103294,50.06744998920791,-7.984792838174966,1.7878337694818105,1.8593006163130907,2.6537150263073257,38.57850296284859,45.58681133921729,46.42322078123425,53.71167919718157,-13.186074289737324,-2.7835113866126084,foreign_policy
2025-05-22,42.08265715103294,50.06744998920791,-7.984792838174966,1.7878337694818105,1.8593006163130907,2.6537150263073257,38.57850296284859,45.58681133921729,46.42322078123425,53.71167919718157,-13.186074289737324,-2.7835113866126084,foreign_policy
2025-05-23,42.08265715103294,50.06744998920791,-7.984792838174966,1.7878337694818107,1.8593006163130907,2.6537150263073257,38.57850296284859,45.58681133921729,46.42322078123425,53.71167919718157,-13.186074289737324,-2.7835113866126084,foreign_policy
2025-05-24,42.08265715103294,50.06744998920791,-7.984792838174966,1.7878337694818105,1.8593006163130907,2.6537150263073257,38.57850296284859,45.58681133921729,46.42322078123425,53.71167919718157,-13.186074289737324,-2.7835113866126084,foreign_policy
2025-05-25,42.08265715103295,50.067449989207915,-7.984792838174967,1.7878337694818107,1.8593006163130907,2.6537150263073257,38.578502962848596,45.5868113392173,46.42322078123426,53.711679197181574,-13.186074289737325,-2.7835113866126093,foreign_policy
2025-05-26,42.08265715103294,50.06744998920791,-7.984792838174966,1.7878337694818105,1.8593006163130905,2.6537150263073257,38.57850296284859,45.58681133921729,46.42322078123425,53.71167919718157,-13.186074289737324,-2.7835113866126084,foreign_policy
2025-05-27,42.08265715103295,50.067449989207915,-7.984792838174967,1.7878337694818107,1.8593006163130907,2.6537150263073257,38.578502962848596,45.5868113392173,46.42322078123426,53.711679197181574,-13.186074289737325,-2.7835113866126093,foreign_policy
2025-05-28,42.08265715103295,50.067449989207915,-7.984792838174967,1.7878337694818107,1.8593006163130907,2.6537150263073257,38.578502962848596,45.5868113392173,46.42322078123426,53.711679197181574,-13.186074289737325,-2.7835113866126093,foreign_policy
2025-05-29,42.08265715103295,50.067449989207915,-7.984792838174967,1.7878337694818107,1.8593006163130907,2.6537150263073257,38.578502962848596,45.5868113392173,46.42322078123426,53.711679197181574,-13.186074289737325,-2.7835113866126093,foreign_policy
2025-05-30,42.08265715103295,50.067449989207915,-7.984792838174967,1.7878337694818107,1.8593006163130907,2.6537150263073257,38.578502962848596,45.5868113392173,46.42322078123426,53.711679197181574,-13.186074289737325,-2.7835113866126093,foreign_policy
2025-05-31,42.08265715103295,50.06744998920791,-7.984792838174966,1.7878337694818105,1.8593006163130907,2.6537150263073257,38.578502962848596,45.5868113392173,46.42322078123425,53.71167919718157,-13.186074289737324,-2.7835113866126084,foreign_policy
2025-06-01,42.08265715103294,50.06744998920791,-7.984792838174966,1.7878337694818107,1.8593006163130905,2.6537150263073257,38.57850296284859,45.58681133921729,46.42322078123425,53.71167919718157,-13.186074289737324,-2.7835113866126084,foreign_policy
2025-06-02,41.569270661315294,50.886571028229774,-9.31730036691448,1.617591738433219,1.8912633015723623,2.8418890381205255,38.398790853986185,44.7397504686444,47.179694957147944,54.593447099311604,-14.88740288163071,-3.7471978521982505,foreign_policy
2025-06-03,41.569270661315294,50.886571028229774,-9.31730036691448,1.6175917384332192,1.8912633015723623,2.8418890381205255,38.398790853986185,44.7397504686444,47.179694957147944,54.593447099311604,-14.88740288163071,-3.7471978521982505,foreign_policy
2025-06-04,41.5692706613153,50.88657102822978,-9.31730036691448,1.6175917384332192,1.8912633015723626,2.8418890381205255,38.39879085398619,44.73975046864441,47.17969495714795,54.59344709931161,-14.88740288163071,-3.7471978521982505,foreign_policy
2025-06-05,41.569270661315294,50.886571028229774,-9.31730036691448,1.6175917384332192,1.8912633015723623,2.8418890381205255,38.398790853986185,44.7397504686444,47.179694957147944,54.593447099311604,-14.88740288163071,-3.7471978521982505,foreign_policy
2025-06-06,41.56927066131529,50.88657102822977,-9.317300366914479,1.617591738433219,1.8912633015723623,2.8418890381205255,38.39879085398618,44.739750468644395,47.17969495714794,54.5934470993116,-14.88740288163071,-3.7471978521982487,foreign_policy
2025-06-07,41.569270661315294,50.886571028229774,-9.31730036691448,1.6175917384332192,1.8912633015723623,2.8418890381205255,38.398790853986185,44.7397504686444,47.179694957147944,54.593447099311604,-14.88740288163071,-3.7471978521982505,foreign_policy
2025-06-08,41.569270661315294,50.886571028229774,-9.31730036691448,1.617591738433219,1.8912633015723626,2.8418890381205255,38.398790853986185,44.7397504686444,47.179694957147944,54.593447099311604,-14.88740288163071,-3.7471978521982505,foreign_policy
2025-06-09,41.569270661315294,50.886571028229774,-9.31730036691448,1.617591738433219,1.8912633015723623,2.8418890381205255,38.398790853986185,44.7397504686444,47.179694957147944,54.593447099311604,-14.88740288163071,-3.7471978521982505,foreign_policy
2025-06-10,41.569270661315294,50.886571028229774,-9.31730036691448,1.6175917384332192,1.8912633015723626,2.8418890381205255,38.398790853986185,44.7397504686444,47.179694957147944,54.593447099311604,-14.88740288163071,-3.7471978521982505,foreign_policy
2025-06-11,41.569270661315294,50.886571028229774,-9.31730036691448,1.6175917384332192,1.8912633015723623,2.8418890381205255,38.398790853986185,44.7397504686444,47.179694957147944,54.593447099311604,-14.88740288163071,-3.7471978521982505,foreign_policy
2025-06-12,40.40695600343975,54.450398464167826,-14.04344246072807,1.591696193936972,3.868690611676036,5.001577988118783,37.28723146332329,43.52668054355622,46.867764865282794,62.03303206305286,-23.846535317440885,-4.240349604015254,foreign_policy
2025-06-13,40.40695600343976,54.45039846416783,-14.04344246072807,1.5916961939369723,3.868690611676036,5.001577988118783,37.287231463323295,43.526680543556225,46.8677648652828,62.033032063052865,-23.846535317440885,-4.240349604015254,foreign_policy
2025-06-14,40.40695600343976,54.45039846416783,-14.043442460728071,1.5916961939369723,3.868690611676036,5.001577988118783,37.287231463323295,43.526680543556225,46.8677648652828,62.033032063052865,-23.84653531744089,-4.240349604015256,foreign_policy
2025-06-15,40.40695600343976,54.45039846416783,-14.04344246072807,1.5916961939369723,3.868690611676036,5.001577988118783,37.287231463323295,43.526680543556225,46.8677648652828,62.033032063052865,-23.846535317440885,-4.240349604015254,foreign_policy
2025-06-16,40.46016256428506,54.19035402862631,-13.730191464341248,1.2840551445479982,3.139557842638811,4.058048016928451,37.943414480970986,42.97691064759914,48.03682065705424,60.343887400198376,-21.68396557752101,-5.776417351161484,foreign_policy
2025-06-17,40.329367937078345,53.5653287378485,-13.235960800770158,1.1190204741349976,2.937279168531235,3.622201911907631,38.13608780777375,42.52264806638294,47.80826156752728,59.322395908169725,-20.335476548109114,-6.136445053431201,foreign_policy
2025-06-18,40.807109971810014,53.19024039187698,-12.383130420066973,1.4470867063047683,2.96645550083937,4.022884502231534,37.97082002745267,43.64339991616736,47.37598761023182,59.00449317352215,-20.26798404444078,-4.498276795693166,foreign_policy
2025-06-19,40.807109971810014,53.19024039187698,-12.383130420066973,1.4470867063047683,2.96645550083937,4.022884502231534,37.97082002745267,43.64339991616736,47.37598761023182,59.00449317352215,-20.26798404444078,-4.498276795693166,foreign_policy
2025-06-20,40.80710997181001,53.19024039187698,-12.383130420066971,1.4470867063047683,2.96645550083937,4.022884502231534,37.97082002745266,43.643399916167354,47.37598761023182,59.00449317352215,-20.267984044440777,-4.498276795693164,foreign_policy
2025-06-21,40.80710997181001,53.190240391876976,-12.383130420066971,1.447086706304768,2.96645550083937,4.022884502231534,37.97082002745266,43.643399916167354,47.37598761023181,59.00449317352214,-20.267984044440777,-4.498276795693164,foreign_policy
2025-06-22,40.807109971810014,53.19024039187698,-12.383130420066971,1.4470867063047683,2.96645550083937,4.022884502231534,37.97082002745267,43.64339991616736,47.37598761023182,59.00449317352215,-20.267984044440777,-4.498276795693164,foreign_policy
2025-06-23,38.85882939721259,53.20366496168303,-14.344835564470445,2.6686388017366864,2.266054752824921,3.82806563519768,33.62829734580868,44.08936144861649,48.762197646146184,57.64513227721988,-21.847844209457897,-6.841826919482993,foreign_policy
2025-06-24,38.913935425533765,53.22453852067826,-14.3106030951445,2.406259925442985,2.041414743634176,3.4485276151539623,34.197665971665515,43.630204879402015,49.223365623155274,57.22571141820124,-21.069717220846265,-7.551488969442735,foreign_policy
2025-06-25,39.26195281786034,53.18743580947015,-13.925482991609814,2.2591825888825117,1.8252343133015736,3.1752748591906657,34.83395494365062,43.68995069207006,49.609976555399065,56.76489506354124,-20.14902171562352,-7.701944267596109,foreign_policy
2025-06-26,39.48719446400362,52.9568961101938,-13.469701646190181,2.232303227214543,1.8493867695645347,3.277672195061315,35.11188013866312,43.862508789344126,49.33209804184732,56.58169417854029,-19.89393914851036,-7.045464143870004,foreign_policy
2025-06-27,39.48719446400362,52.95689611019381,-13.469701646190181,2.2323032272145436,1.8493867695645347,3.277672195061315,35.11188013866312,43.862508789344126,49.332098041847324,56.581694178540296,-19.89393914851036,-7.045464143870004,foreign_policy
2025-06-28,39.48719446400362,52.9568961101938,-13.469701646190181,2.232303227214543,1.8493867695645347,3.277672195061315,35.11188013866312,43.862508789344126,49.33209804184732,56.58169417854029,-19.89393914851036,-7.045464143870004,foreign_policy
2025-06-29,39.48719446400362,52.9568961101938,-13.469701646190181,2.232303227214543,1.8493867695645347,3.277672195061315,35.11188013866312,43.862508789344126,49.33209804184732,56.58169417854029,-19.89393914851036,-7.045464143870004,foreign_policy
2025-06-30,39.48719446400362,52.9568961101938,-13.469701646190181,2.232303227214543,1.8493867695645347,3.277672195061315,35.11188013866312,43.862508789344126,49.33209804184732,56.58169417854029,-19.89393914851036,-7.045464143870004,foreign_policy
2025-07-01,39.48719446400362,52.9568961101938,-13.46970164619018,2.232303227214543,1.8493867695645347,3.277672195061315,35.11188013866312,43.862508789344126,49.33209804184732,56.58169417854029,-19.893939148510356,-7.045464143870002,foreign_policy
2025-07-02,39.48719446400362,52.9568961101938,-13.469701646190181,2.232303227214543,1.8493867695645347,3.277672195061315,35.11188013866312,43.862508789344126,49.33209804184732,56.58169417854029,-19.89393914851036,-7.045464143870004,foreign_policy
2025-07-03,39.48719446400362,52.95689611019381,-13.469701646190181,2.232303227214543,1.8493867695645347,3.277672195061315,35.11188013866312,43.862508789344126,49.332098041847324,56.581694178540296,-19.89393914851036,-7.045464143870004,foreign_policy
2025-07-04,39.48719446400362,52.95689611019381,-13.469701646190181,2.232303227214543,1.8493867695645347,3.277672195061315,35.11188013866312,43.862508789344126,49.332098041847324,56.581694178540296,-19.89393914851036,-7.045464143870004,foreign_policy
2025-07-05,39.48719446400362,52.9568961101938,-13.469701646190181,2.232303227214543,1.8493867695645347,3.277672195061315,35.11188013866312,43.862508789344126,49.33209804184732,56.58169417854029,-19.89393914851036,-7.045464143870004,foreign_policy
2025-07-06,39.48719446400362,52.9568961101938,-13.469701646190181,2.232303227214543,1.8493867695645347,3.277672195061315,35.11188013866312,43.862508789344126,49.33209804184732,56.58169417854029,-19.89393914851036,-7.045464143870004,foreign_policy
2025-07-07,39.48719446400363,52.95689611019381,-13.469701646190181,2.232303227214543,1.8493867695645347,3.277672195061315,35.111880138663125,43.86250878934413,49.332098041847324,56.581694178540296,-19.89393914851036,-7.045464143870004,foreign_policy
2025-07-08,39.49214678108207,52.74408474024357,-13.2519379591615,1.8455284240785312,1.387668085566527,2.632571299318172,35.87491106988815,43.10938249227599,50.02425529253318,55.46391418795397,-18.411777705825116,-8.092098212497884,foreign_policy
2025-07-09,39.49214678108208,52.74408474024357,-13.2519379591615,1.8455284240785315,1.387668085566527,2.6325712993181725,35.87491106988816,43.109382492276,50.02425529253318,55.46391418795397,-18.411777705825116,-8.092098212497882,foreign_policy
2025-07-10,39.49214678108207,52.74408474024357,-13.2519379591615,1.8455284240785315,1.387668085566527,2.6325712993181725,35.87491106988815,43.10938249227599,50.02425529253318,55.46391418795397,-18.411777705825116,-8.092098212497882,foreign_policy
2025-07-11,39.49214678108208,52.74408474024357,-13.2519379591615,1.8455284240785315,1.387668085566527,2.6325712993181725,35.87491106988816,43.109382492276,50.02425529253318,55.46391418795397,-18.411777705825116,-8.092098212497882,foreign_policy
2025-07-12,39.49214678108208,52.74408474024357,-13.2519379591615,1.8455284240785315,1.387668085566527,2.6325712993181725,35.87491106988816,43.109382492276,50.02425529253318,55.46391418795397,-18.411777705825116,-8.092098212497882,foreign_policy
2025-07-13,38.57513862117497,52.85707571296247,-14.281937091787496,2.161079218541297,1.1198990227472123,2.5810972536699923,34.33942335283403,42.81085388951591,50.66207362837793,55.05207779754701,-19.34088770898068,-9.222986474594311,foreign_policy
2025-07-14,39.63010184198668,52.56579382969093,-12.93569198770425,2.3925803082761385,1.263480943048929,3.2001767714011624,34.94064443776545,44.31955924620791,50.08937118131503,55.042216478066834,-19.208038459650528,-6.663345515757971,foreign_policy
2025-07-15,39.63010184198668,52.565793829690925,-12.93569198770425,2.3925803082761385,1.263480943048929,3.2001767714011624,34.94064443776545,44.31955924620791,50.08937118131502,55.04221647806683,-19.208038459650528,-6.663345515757971,foreign_policy
2025-07-16,40.31228338366251,52.08102100371025,-11.768737620047737,2.8157316359057596,1.2164743289113136,3.4295462506816667,34.793449377287224,45.8311173900378,49.696731319044076,54.46531068837642,-18.490648271383805,-5.04682696871167,foreign_policy
2025-07-17,40.31228338366252,52.081021003710255,-11.768737620047737,2.8157316359057596,1.2164743289113136,3.4295462506816667,34.79344937728723,45.831117390037804,49.69673131904408,54.46531068837643,-18.490648271383805,-5.04682696871167,foreign_policy
2025-07-18,40.31228338366252,52.081021003710255,-11.768737620047737,2.8157316359057596,1.2164743289113136,3.4295462506816667,34.79344937728723,45.831117390037804,49.69673131904408,54.46531068837643,-18.490648271383805,-5.04682696871167,foreign_policy
2025-07-19,40.31228338366251,52.08102100371025,-11.768737620047737,2.8157316359057596,1.2164743289113136,3.4295462506816663,34.793449377287224,45.8311173900378,49.696731319044076,54.46531068837642,-18.490648271383805,-5.046826968711671,foreign_policy
2025-07-20,40.483489279482214,52.19150007508004,-11.70801079559783,2.6790428088066,1.178274709377824,3.2186548513682123,35.23256537422128,45.73441318474315,49.88208164469951,54.500918505460575,-18.016574304279526,-5.399447286916133,foreign_policy
2025-07-21,40.84352934356239,51.97386599403146,-11.130336650469076,2.4874962837372916,1.0997932871351768,3.0496390216002407,35.9680366274373,45.719022059687475,49.81827115124652,54.129460836816406,-17.10762913280555,-5.153044168132604,foreign_policy
2025-07-22,40.84352934356239,51.97386599403146,-11.130336650469076,2.4874962837372916,1.099793287135177,3.0496390216002407,35.9680366274373,45.719022059687475,49.81827115124651,54.12946083681641,-17.10762913280555,-5.153044168132604,foreign_policy
2025-07-23,40.84352934356239,51.973865994031456,-11.130336650469074,2.4874962837372916,1.0997932871351768,3.0496390216002403,35.9680366274373,45.719022059687475,49.818271151246506,54.129460836816406,-17.107629132805545,-5.153044168132603,foreign_policy
2025-07-24,40.84352934356239,51.973865994031456,-11.130336650469074,2.4874962837372916,1.0997932871351768,3.0496390216002403,35.9680366274373,45.719022059687475,49.818271151246506,54.129460836816406,-17.107629132805545,-5.153044168132603,foreign_policy
2025-07-25,40.84352934356239,51.97386599403146,-11.130336650469076,2.4874962837372916,1.0997932871351768,3.0496390216002407,35.9680366274373,45.719022059687475,49.81827115124652,54.129460836816406,-17.10762913280555,-5.153044168132604,foreign_policy
2025-07-26,40.84352934356238,51.973865994031456,-11.130336650469074,2.4874962837372916,1.0997932871351768,3.0496390216002403,35.968036627437286,45.719022059687475,49.818271151246506,54.129460836816406,-17.107629132805545,-5.153044168132603,foreign_policy
2025-07-27,40.84352934356239,51.97386599403146,-11.130336650469074,2.4874962837372916,1.0997932871351768,3.0496390216002403,35.9680366274373,45.719022059687475,49.81827115124652,54.129460836816406,-17.107629132805545,-5.153044168132603,foreign_policy
2025-07-28,40.84352934356239,51.97386599403146,-11.130336650469076,2.4874962837372916,1.0997932871351768,3.0496390216002407,35.9680366274373,45.719022059687475,49.81827115124652,54.129460836816406,-17.10762913280555,-5.153044168132604,foreign_policy
2025-07-29,40.92906577746388,52.0315204666271,-11.102454689163222,2.4555920777801203,1.1026205408808973,2.977129330874771,36.11610530501485,45.74202624991292,49.87038420650054,54.19265672675366,-16.937628177677773,-5.267281200648672,foreign_policy
2025-07-30,40.92906577746388,52.03152046662711,-11.102454689163222,2.4555920777801203,1.1026205408808973,2.977129330874771,36.11610530501485,45.74202624991292,49.870384206500546,54.19265672675367,-16.937628177677773,-5.267281200648672,foreign_policy
2025-07-31,40.929065777463876,52.0315204666271,-11.102454689163222,2.4555920777801203,1.1026205408808973,2.977129330874771,36.11610530501484,45.74202624991291,49.87038420650054,54.19265672675366,-16.937628177677773,-5.267281200648672,foreign_policy
2025-08-01,40.92906577746388,52.03152046662711,-11.102454689163224,2.4555920777801203,1.1026205408808973,2.977129330874771,36.11610530501485,45.74202624991292,49.870384206500546,54.19265672675367,-16.937628177677773,-5.267281200648673,foreign_policy
2025-08-02,40.929065777463876,52.0315204666271,-11.102454689163222,2.4555920777801203,1.1026205408808973,2.977129330874771,36.11610530501484,45.74202624991291,49.87038420650054,54.19265672675366,-16.937628177677773,-5.267281200648672,foreign_policy
2025-08-03,40.00198311096946,52.922163180662494,-12.920180069693028,2.3056643609173038,1.5798528707977573,3.437276382684226,35.482880963571546,44.52108525836738,49.825651553898894,56.018674807426095,-19.65724177975411,-6.183118359631946,foreign_policy
2025-08-04,40.00198311096947,52.922163180662494,-12.920180069693028,2.3056643609173038,1.5798528707977573,3.437276382684226,35.48288096357155,44.521085258367386,49.825651553898894,56.018674807426095,-19.65724177975411,-6.183118359631946,foreign_policy
2025-08-05,40.00198311096946,52.922163180662494,-12.920180069693028,2.3056643609173038,1.5798528707977573,3.437276382684226,35.482880963571546,44.52108525836738,49.825651553898894,56.018674807426095,-19.65724177975411,-6.183118359631946,foreign_policy
2025-08-06,40.00198311096947,52.922163180662494,-12.920180069693028,2.3056643609173038,1.5798528707977573,3.437276382684226,35.48288096357155,44.521085258367386,49.825651553898894,56.018674807426095,-19.65724177975411,-6.183118359631946,foreign_policy
2025-08-07,40.00198311096947,52.922163180662494,-12.920180069693028,2.3056643609173038,1.5798528707977573,3.437276382684226,35.48288096357155,44.521085258367386,49.825651553898894,56.018674807426095,-19.65724177975411,-6.183118359631946,foreign_policy
2025-08-08,40.00198311096946,52.922163180662494,-12.920180069693028,2.3056643609173038,1.5798528707977573,3.437276382684226,35.482880963571546,44.52108525836738,49.825651553898894,56.018674807426095,-19.65724177975411,-6.183118359631946,foreign_policy
2025-08-09,40.00198311096947,52.922163180662494,-12.920180069693028,2.3056643609173038,1.5798528707977573,3.437276382684226,35.48288096357155,44.521085258367386,49.825651553898894,56.018674807426095,-19.65724177975411,-6.183118359631946,foreign_policy
2025-08-10,39.91412465965365,53.555400815077846,-13.641276155424196,1.8761898736411569,1.5562197353570457,2.965896493728607,36.236792507316984,43.59145681199032,50.505210133778036,56.605591496377656,-19.454433283132268,-7.8281190277161254,foreign_policy
2025-08-11,39.91412465965365,53.555400815077846,-13.641276155424196,1.8761898736411569,1.5562197353570457,2.965896493728607,36.236792507316984,43.59145681199032,50.505210133778036,56.605591496377656,-19.454433283132268,-7.8281190277161254,foreign_policy
2025-08-12,39.914124659653645,53.55540081507784,-13.641276155424194,1.8761898736411569,1.5562197353570455,2.965896493728607,36.23679250731698,43.59145681199031,50.50521013377803,56.60559149637765,-19.454433283132264,-7.828119027716124,foreign_policy
2025-08-13,39.91412465965365,53.555400815077846,-13.641276155424196,1.8761898736411569,1.5562197353570455,2.965896493728607,36.236792507316984,43.59145681199032,50.505210133778036,56.605591496377656,-19.454433283132268,-7.8281190277161254,foreign_policy
2025-08-14,39.91412465965365,53.555400815077846,-13.641276155424196,1.8761898736411569,1.5562197353570455,2.965896493728607,36.236792507316984,43.59145681199032,50.505210133778036,56.605591496377656,-19.454433283132268,-7.8281190277161254,foreign_policy
2025-08-15,39.914124659653645,53.55540081507784,-13.641276155424194,1.8761898736411569,1.5562197353570455,2.9658964937286068,36.23679250731698,43.59145681199031,50.50521013377803,56.60559149637765,-19.454433283132264,-7.8281190277161246,foreign_policy
2025-08-16,39.91412465965365,53.555400815077846,-13.641276155424194,1.8761898736411569,1.5562197353570455,2.965896493728607,36.236792507316984,43.59145681199032,50.505210133778036,56.605591496377656,-19.454433283132264,-7.828119027716124,foreign_policy
2025-08-17,39.914124659653645,53.55540081507784,-13.641276155424194,1.8761898736411569,1.5562197353570455,2.965896493728607,36.23679250731698,43.59145681199031,50.50521013377803,56.60559149637765,-19.454433283132264,-7.828119027716124,foreign_policy
2025-08-18,39.01505399897254,53.01186070625479,-13.996806707282246,2.1348726073909927,1.6847935509850926,3.2388695055123544,34.830703688486196,43.199404309458885,49.709665346324,56.31405606618557,-20.34499093808646,-7.648622476478032,foreign_policy
2025-08-19,39.01505399897254,53.01186070625479,-13.996806707282245,2.1348726073909927,1.6847935509850926,3.2388695055123544,34.830703688486196,43.199404309458885,49.709665346324,56.31405606618557,-20.34499093808646,-7.64862247647803,foreign_policy
2025-08-20,39.06086907576298,53.096703161666284,-14.035834085903304,1.9135702550613387,1.5210727712941146,2.9009540390054624,35.31027137584276,42.8114667756832,50.11540052992982,56.078005793402745,-19.72170400235401,-8.349964169452598,foreign_policy
2025-08-21,38.97522503027098,52.91913297365035,-13.943907943379369,1.6882510939293773,1.3714077214650784,2.562593736339484,35.666252886169396,42.28419717437256,50.231173839578794,55.607092107721904,-18.966591666604756,-8.92122422015398,foreign_policy
2025-08-22,38.97522503027098,52.91913297365034,-13.943907943379367,1.6882510939293773,1.3714077214650784,2.562593736339484,35.666252886169396,42.28419717437256,50.23117383957879,55.6070921077219,-18.966591666604756,-8.921224220153977,foreign_policy
2025-08-23,38.97522503027098,52.91913297365034,-13.943907943379367,1.6882510939293773,1.3714077214650784,2.562593736339484,35.666252886169396,42.28419717437256,50.23117383957879,55.6070921077219,-18.966591666604756,-8.921224220153977,foreign_policy
2025-08-24,39.06846969573439,52.74772529916909,-13.679255603434697,1.5850875637487685,1.3502416722913917,2.479957785094692,35.96169807078681,42.17524132068198,50.101251621477964,55.39419897686022,-18.539972862220296,-8.8185383446491,foreign_policy
2025-08-25,39.08082930741498,53.20431762788849,-14.123488320473509,1.438260506141554,1.57100490246042,2.4433922972297517,36.261838715377536,41.899819899452424,50.12514801906607,56.28348723671092,-18.91253722304382,-9.334439417903196,foreign_policy
2025-08-26,39.08082930741498,53.204317627888486,-14.123488320473507,1.4382605061415539,1.57100490246042,2.4433922972297513,36.261838715377536,41.899819899452424,50.12514801906606,56.28348723671091,-18.91253722304382,-9.334439417903194,foreign_policy
2025-08-27,39.08082930741498,53.20431762788849,-14.123488320473509,1.438260506141554,1.57100490246042,2.4433922972297517,36.261838715377536,41.899819899452424,50.12514801906607,56.28348723671092,-18.91253722304382,-9.334439417903196,foreign_policy
2025-08-28,39.08082930741498,53.20431762788849,-14.123488320473509,1.438260506141554,1.57100490246042,2.4433922972297517,36.261838715377536,41.899819899452424,50.12514801906607,56.28348723671092,-18.91253722304382,-9.334439417903196,foreign_policy
2025-08-29,39.08082930741498,53.20431762788849,-14.123488320473507,1.438260506141554,1.57100490246042,2.4433922972297517,36.261838715377536,41.899819899452424,50.12514801906607,56.28348723671092,-18.91253722304382,-9.334439417903194,foreign_policy
2025-08-30,39.08082930741498,53.20431762788849,-14.123488320473509,1.4382605061415539,1.57100490246042,2.4433922972297513,36.261838715377536,41.899819899452424,50.12514801906607,56.28348723671092,-18.91253722304382,-9.334439417903198,foreign_policy
2025-08-31,39.08082930741498,53.204317627888486,-14.123488320473507,1.4382605061415539,1.57100490246042,2.4433922972297513,36.261838715377536,41.899819899452424,50.12514801906606,56.28348723671091,-18.91253722304382,-9.334439417903194,foreign_policy
2025-09-01,39.08082930741498,53.204317627888486,-14.123488320473507,1.4382605061415539,1.57100490246042,2.4433922972297513,36.261838715377536,41.899819899452424,50.12514801906606,56.28348723671091,-18.91253722304382,-9.334439417903194,foreign_policy
2025-09-02,39.08082930741498,53.20431762788849,-14.123488320473509,1.4382605061415539,1.57100490246042,2.4433922972297513,36.261838715377536,41.899819899452424,50.12514801906607,56.28348723671092,-18.91253722304382,-9.334439417903198,foreign_policy
2025-09-03,39.08082930741498,53.204317627888486,-14.123488320473507,1.4382605061415539,1.57100490246042,2.4433922972297513,36.261838715377536,41.899819899452424,50.12514801906606,56.28348723671091,-18.91253722304382,-9.334439417903194,foreign_policy
2025-09-04,39.08082930741498,53.204317627888486,-14.123488320473507,1.438260506141554,1.57100490246042,2.4433922972297517,36.261838715377536,41.899819899452424,50.12514801906606,56.28348723671091,-18.91253722304382,-9.334439417903194,foreign_policy
2025-09-05,39.08082930741498,53.204317627888486,-14.123488320473507,1.4382605061415539,1.57100490246042,2.4433922972297513,36.261838715377536,41.899819899452424,50.12514801906606,56.28348723671091,-18.91253722304382,-9.334439417903194,foreign_policy
2025-09-06,39.08082930741498,53.204317627888486,-14.123488320473507,1.4382605061415539,1.57100490246042,2.4433922972297513,36.261838715377536,41.899819899452424,50.12514801906606,56.28348723671091,-18.91253722304382,-9.334439417903194,foreign_policy
2025-09-07,39.08082930741498,53.204317627888486,-14.123488320473507,1.4382605061415539,1.57100490246042,2.4433922972297513,36.261838715377536,41.899819899452424,50.12514801906606,56.28348723671091,-18.91253722304382,-9.334439417903194,foreign_policy
2025-09-08,38.698768285488946,54.50612697056715,-15.807358685078206,1.1120136782291459,1.7690132091488968,2.488965866307948,36.51922147615982,40.87831509481807,51.038861080635314,57.97339286049899,-20.685731783041785,-10.928985587114628,foreign_policy
2025-09-09,38.698768285488946,54.50612697056715,-15.807358685078206,1.1120136782291459,1.7690132091488968,2.488965866307948,36.51922147615982,40.87831509481807,51.038861080635314,57.97339286049899,-20.685731783041785,-10.928985587114628,foreign_policy
2025-09-10,38.69876828548895,54.50612697056716,-15.807358685078208,1.1120136782291459,1.7690132091488968,2.488965866307948,36.51922147615983,40.87831509481808,51.03886108063532,57.973392860499,-20.685731783041785,-10.928985587114632,foreign_policy
2025-09-11,38.698768285488946,54.50612697056715,-15.807358685078206,1.1120136782291459,1.7690132091488968,2.488965866307948,36.51922147615982,40.87831509481807,51.038861080635314,57.97339286049899,-20.685731783041785,-10.928985587114628,foreign_policy
2025-09-12,38.698768285488946,54.50612697056715,-15.807358685078206,1.1120136782291459,1.7690132091488968,2.488965866307948,36.51922147615982,40.87831509481807,51.038861080635314,57.97339286049899,-20.685731783041785,-10.928985587114628,foreign_policy
2025-09-13,38.69876828548895,54.50612697056716,-15.807358685078208,1.1120136782291459,1.769013209148897,2.488965866307948,36.51922147615983,40.87831509481808,51.03886108063532,57.973392860499,-20.685731783041785,-10.928985587114632,foreign_policy
2025-09-14,38.698768285488946,54.50612697056715,-15.807358685078206,1.1120136782291459,1.7690132091488968,2.488965866307948,36.51922147615982,40.87831509481807,51.038861080635314,57.97339286049899,-20.685731783041785,-10.928985587114628,foreign_policy
2025-09-15,38.797044945365954,54.456566638172134,-15.659521692806184,1.106397624786275,1.6953630033676537,2.4213004829581446,36.628505600784855,40.96558428994705,51.13365515157153,57.77947812477274,-20.405270639404147,-10.91377274620822,foreign_policy
2025-09-16,41.91929509277766,51.91718495473009,-9.997889861952427,4.480465698224214,3.827507893025618,8.199254496958952,33.1375823242582,50.70100786129712,44.41526948439988,59.4191004250603,-26.06842867599197,6.072648952087118,foreign_policy
2025-09-17,41.91929509277766,51.91718495473008,-9.997889861952428,4.480465698224214,3.827507893025618,8.199254496958952,33.1375823242582,50.70100786129712,44.41526948439987,59.41910042506029,-26.068428675991974,6.072648952087116,foreign_policy
2025-09-18,41.91929509277766,51.91718495473009,-9.997889861952428,4.480465698224214,3.8275078930256177,8.199254496958952,33.1375823242582,50.70100786129712,44.41526948439988,59.4191004250603,-26.068428675991974,6.072648952087116,foreign_policy
2025-09-19,41.82212755162942,51.89232380296168,-10.070196251332254,4.3075580699793825,3.670373674503609,7.864198384097369,33.37931373446983,50.26494136878901,44.698391400934604,59.08625620498875,-25.484025084163097,5.343632581498589,foreign_policy
2025-09-20,41.82212755162942,51.89232380296168,-10.070196251332254,4.3075580699793825,3.670373674503609,7.864198384097369,33.37931373446983,50.26494136878901,44.698391400934604,59.08625620498875,-25.484025084163097,5.343632581498589,foreign_policy
2025-09-21,41.0530418051209,51.98120382319845,-10.928162018077552,3.8311418383127185,3.0842779006903758,6.7649998836273575,33.54400380202797,48.562079808213824,45.936019137845314,58.026388508551584,-24.18756178998717,2.3312377538320685,foreign_policy
2025-09-22,39.89830302556941,52.46554614887949,-12.56724312331008,3.587877945549708,2.543887064999349,5.965912232860734,32.86606225229198,46.93054379884684,47.47952750148077,57.45156479627821,-24.260431099717117,-0.8740551469030429,foreign_policy
2025-09-23,39.89830302556942,52.4655461488795,-12.56724312331008,3.587877945549708,2.543887064999349,5.965912232860735,32.86606225229199,46.93054379884685,47.479527501480774,57.45156479627822,-24.260431099717117,-0.8740551469030411,foreign_policy
2025-09-24,39.89830302556942,52.4655461488795,-12.56724312331008,3.587877945549708,2.543887064999349,5.965912232860735,32.86606225229199,46.93054379884685,47.479527501480774,57.45156479627822,-24.260431099717117,-0.8740551469030411,foreign_policy
2025-09-25,39.89830302556942,52.4655461488795,-12.56724312331008,3.587877945549708,2.543887064999349,5.965912232860735,32.86606225229199,46.93054379884685,47.479527501480774,57.45156479627822,-24.260431099717117,-0.8740551469030411,foreign_policy
2025-09-26,39.89830302556941,52.46554614887949,-12.56724312331008,3.587877945549708,2.543887064999349,5.965912232860734,32.86606225229198,46.93054379884684,47.47952750148077,57.45156479627821,-24.260431099717117,-0.8740551469030429,foreign_policy
2025-09-27,39.89830302556942,52.4655461488795,-12.56724312331008,3.587877945549708,2.543887064999349,5.965912232860735,32.86606225229199,46.93054379884685,47.479527501480774,57.45156479627822,-24.260431099717117,-0.8740551469030411,foreign_policy
2025-09-28,39.89830302556942,52.4655461488795,-12.56724312331008,3.587877945549708,2.543887064999349,5.965912232860735,32.86606225229199,46.93054379884685,47.479527501480774,57.45156479627822,-24.260431099717117,-0.8740551469030411,foreign_policy
2025-09-29,39.89830302556941,52.46554614887949,-12.56724312331008,3.587877945549708,2.543887064999349,5.965912232860734,32.86606225229198,46.93054379884684,47.47952750148077,57.45156479627821,-24.260431099717117,-0.8740551469030429,foreign_policy
2025-09-30,39.89830302556941,52.46554614887948,-12.567243123310078,3.587877945549708,2.543887064999349,5.965912232860734,32.86606225229198,46.93054379884684,47.47952750148076,57.451564796278205,-24.260431099717117,-0.8740551469030411,foreign_policy
2025-10-01,39.89830302556941,52.46554614887949,-12.567243123310078,3.5878779455497076,2.543887064999349,5.965912232860734,32.86606225229198,46.93054379884684,47.47952750148077,57.45156479627821,-24.260431099717117,-0.8740551469030411,foreign_policy
2025-10-02,39.4318784548193,51.81011438783412,-12.378235933014825,2.9994865161082176,2.268113707182883,4.871968670353717,33.55288488324719,45.31087202639141,47.36461152175567,56.25561725391257,-21.92729452690811,-2.8291773391215393,foreign_policy
2025-10-03,39.43187845481929,51.81011438783412,-12.378235933014823,2.9994865161082176,2.268113707182883,4.871968670353717,33.55288488324719,45.310872026391394,47.36461152175567,56.25561725391257,-21.927294526908106,-2.8291773391215376,foreign_policy
2025-10-04,39.4318784548193,51.81011438783412,-12.378235933014825,2.9994865161082176,2.268113707182883,4.871968670353717,33.55288488324719,45.31087202639141,47.36461152175567,56.25561725391257,-21.92729452690811,-2.8291773391215393,foreign_policy
2025-10-05,39.4318784548193,51.81011438783412,-12.378235933014825,2.9994865161082176,2.268113707182883,4.871968670353717,33.55288488324719,45.31087202639141,47.36461152175567,56.25561725391257,-21.92729452690811,-2.8291773391215393,foreign_policy
2025-10-06,39.4318784548193,51.810114387834126,-12.378235933014825,2.9994865161082176,2.268113707182883,4.871968670353717,33.55288488324719,45.31087202639141,47.36461152175568,56.255617253912575,-21.92729452690811,-2.8291773391215393,foreign_policy
2025-10-07,39.43187845481929,51.81011438783412,-12.378235933014823,2.9994865161082176,2.268113707182883,4.871968670353717,33.55288488324719,45.310872026391394,47.36461152175567,56.25561725391257,-21.927294526908106,-2.8291773391215376,foreign_policy
2025-10-08,39.4318784548193,51.81011438783412,-12.378235933014825,2.9994865161082176,2.268113707182883,4.871968670353717,33.55288488324719,45.31087202639141,47.36461152175567,56.25561725391257,-21.92729452690811,-2.8291773391215393,foreign_policy
2025-10-09,39.43187845481929,51.81011438783412,-12.378235933014823,2.9994865161082176,2.268113707182883,4.871968670353717,33.55288488324719,45.310872026391394,47.36461152175567,56.25561725391257,-21.927294526908106,-2.8291773391215376,foreign_policy
2025-10-10,39.43187845481929,51.81011438783412,-12.378235933014825,2.9994865161082176,2.268113707182883,4.871968670353717,33.55288488324719,45.310872026391394,47.36461152175567,56.25561725391257,-21.92729452690811,-2.8291773391215393,foreign_policy
2025-10-11,39.43187845481929,51.81011438783412,-12.378235933014823,2.9994865161082176,2.268113707182883,4.871968670353717,33.55288488324719,45.310872026391394,47.36461152175567,56.25561725391257,-21.927294526908106,-2.8291773391215376,foreign_policy
2025-10-12,39.7140972129376,51.677412575770894,-11.963315362833294,2.4416782126912913,1.8306182869898082,3.9556189951043463,34.928407916062675,44.49978650981253,48.08940073327087,55.26542441827092,-19.71632859323781,-4.210302132428775,foreign_policy
2025-10-13,39.714097212937595,51.67741257577089,-11.963315362833292,2.4416782126912913,1.8306182869898082,3.9556189951043463,34.92840791606267,44.49978650981252,48.089400733270864,55.26542441827091,-19.71632859323781,-4.210302132428773,foreign_policy
2025-10-14,39.7140972129376,51.677412575770894,-11.963315362833294,2.4416782126912913,1.8306182869898082,3.9556189951043463,34.928407916062675,44.49978650981253,48.08940073327087,55.26542441827092,-19.71632859323781,-4.210302132428775,foreign_policy
2025-10-15,39.7140972129376,51.677412575770894,-11.963315362833294,2.4416782126912913,1.8306182869898082,3.9556189951043463,34.928407916062675,44.49978650981253,48.08940073327087,55.26542441827092,-19.71632859323781,-4.210302132428775,foreign_policy
2025-10-16,39.714097212937595,51.67741257577089,-11.963315362833292,2.4416782126912913,1.8306182869898082,3.9556189951043463,34.92840791606267,44.49978650981252,48.089400733270864,55.26542441827091,-19.71632859323781,-4.210302132428773,foreign_policy
2025-10-17,39.714097212937595,51.67741257577089,-11.963315362833292,2.4416782126912913,1.830618286989808,3.955618995104346,34.92840791606267,44.49978650981252,48.089400733270864,55.26542441827091,-19.71632859323781,-4.210302132428774,foreign_policy
2025-10-18,39.7140972129376,51.6774125757709,-11.963315362833294,2.4416782126912913,1.8306182869898084,3.955618995104347,34.928407916062675,44.49978650981253,48.08940073327088,55.265424418270925,-19.71632859323781,-4.210302132428774,foreign_policy
2025-10-19,39.7140972129376,51.677412575770894,-11.963315362833294,2.4416782126912913,1.8306182869898082,3.9556189951043463,34.928407916062675,44.49978650981253,48.08940073327087,55.26542441827092,-19.71632859323781,-4.210302132428775,foreign_policy
2025-10-20,39.82003544995627,51.49092421218387,-11.670888762227602,2.74529162940877,2.308139795952058,4.941268407448054,34.43926385631508,45.200807043597464,46.966970212117836,56.014878212249904,-21.355774840825788,-1.9860026836294153,foreign_policy
2025-10-21,39.82003544995627,51.49092421218387,-11.670888762227602,2.74529162940877,2.308139795952058,4.941268407448054,34.43926385631508,45.200807043597464,46.966970212117836,56.014878212249904,-21.355774840825788,-1.9860026836294153,foreign_policy
2025-10-22,39.82003544995628,51.490924212183884,-11.670888762227603,2.7452916294087704,2.3081397959520586,4.941268407448055,34.43926385631509,45.20080704359747,46.96697021211785,56.01487821224992,-21.35577484082579,-1.9860026836294153,foreign_policy
2025-10-23,39.820035449956265,51.49092421218387,-11.670888762227602,2.74529162940877,2.308139795952058,4.941268407448053,34.43926385631508,45.20080704359745,46.966970212117836,56.014878212249904,-21.355774840825788,-1.9860026836294171,foreign_policy
2025-10-24,39.82003544995628,51.490924212183884,-11.670888762227603,2.7452916294087704,2.3081397959520586,4.941268407448055,34.43926385631509,45.20080704359747,46.96697021211785,56.01487821224992,-21.35577484082579,-1.9860026836294153,foreign_policy
2025-10-25,39.82003544995628,51.49092421218388,-11.670888762227603,2.7452916294087704,2.3081397959520586,4.941268407448055,34.43926385631509,45.20080704359747,46.96697021211784,56.01487821224991,-21.35577484082579,-1.9860026836294153,foreign_policy
2025-10-26,39.82003544995627,51.49092421218388,-11.670888762227602,2.7452916294087704,2.3081397959520586,4.941268407448055,34.43926385631508,45.200807043597464,46.96697021211784,56.01487821224991,-21.355774840825788,-1.9860026836294136,foreign_policy
2025-10-27,39.82003544995627,51.49092421218388,-11.670888762227602,2.74529162940877,2.3081397959520586,4.941268407448054,34.43926385631508,45.200807043597464,46.96697021211784,56.01487821224991,-21.355774840825788,-1.9860026836294153,foreign_policy
2025-10-28,39.82003544995627,51.49092421218387,-11.670888762227603,2.74529162940877,2.3081397959520586,4.941268407448054,34.43926385631508,45.200807043597464,46.966970212117836,56.014878212249904,-21.355774840825788,-1.9860026836294171,foreign_policy
2025-10-29,40.063230340493064,51.24395318004253,-11.180722839549471,2.637627673567116,2.245209776101519,4.780735840513057,34.89348010030152,45.23298058068461,46.843342018883554,55.64456434120151,-20.550965086955063,-1.810480592143879,foreign_policy
2025-10-30,40.063230340493064,51.24395318004254,-11.180722839549471,2.637627673567116,2.245209776101519,4.780735840513058,34.89348010030152,45.23298058068461,46.84334201888356,55.644564341201516,-20.550965086955067,-1.8104805921438771,foreign_policy
2025-10-31,40.063230340493064,51.24395318004254,-11.180722839549471,2.637627673567116,2.245209776101519,4.780735840513058,34.89348010030152,45.23298058068461,46.84334201888356,55.644564341201516,-20.550965086955067,-1.8104805921438771,foreign_policy
2025-11-01,40.063230340493064,51.24395318004254,-11.180722839549471,2.637627673567116,2.245209776101519,4.780735840513058,34.89348010030152,45.23298058068461,46.84334201888356,55.644564341201516,-20.550965086955067,-1.8104805921438771,foreign_policy
2025-11-02,40.063230340493064,51.24395318004254,-11.180722839549471,2.637627673567116,2.245209776101519,4.780735840513058,34.89348010030152,45.23298058068461,46.84334201888356,55.644564341201516,-20.550965086955067,-1.8104805921438771,foreign_policy
2025-11-03,40.063230340493064,51.24395318004254,-11.180722839549471,2.637627673567116,2.245209776101519,4.780735840513057,34.89348010030152,45.23298058068461,46.84334201888356,55.644564341201516,-20.550965086955063,-1.810480592143879,foreign_policy
2025-11-04,40.063230340493064,51.24395318004254,-11.180722839549471,2.637627673567116,2.245209776101519,4.780735840513058,34.89348010030152,45.23298058068461,46.84334201888356,55.644564341201516,-20.550965086955067,-1.8104805921438771,foreign_policy
2025-11-05,40.06323034049307,51.24395318004254,-11.180722839549473,2.6376276735671165,2.245209776101519,4.780735840513058,34.893480100301524,45.23298058068462,46.84334201888356,55.644564341201516,-20.550965086955067,-1.810480592143879,foreign_policy
2025-11-06,39.26167402275357,51.40202140253006,-12.140347379776493,1.9963260176196291,1.568353923688752,3.4579160017196053,35.3488750282191,43.17447301728804,48.32804771210011,54.47599509296001,-18.91786274314692,-5.362832016406067,foreign_policy
2025-11-07,39.26167402275356,51.402021402530046,-12.140347379776491,1.9963260176196291,1.568353923688752,3.4579160017196053,35.348875028219084,43.17447301728804,48.328047712100094,54.47599509296,-18.91786274314692,-5.362832016406065,foreign_policy
2025-11-08,39.26167402275357,51.40202140253006,-12.140347379776493,1.9963260176196291,1.568353923688752,3.4579160017196053,35.3488750282191,43.17447301728804,48.32804771210011,54.47599509296001,-18.91786274314692,-5.362832016406067,foreign_policy
2025-11-09,39.26167402275356,51.402021402530046,-12.140347379776491,1.996326017619629,1.5683539236887518,3.4579160017196053,35.34887502821909,43.17447301728803,48.328047712100094,54.47599509296,-18.91786274314692,-5.362832016406065,foreign_policy
2025-11-10,39.26167402275357,51.40202140253005,-12.140347379776493,1.9963260176196291,1.568353923688752,3.4579160017196053,35.3488750282191,43.17447301728804,48.3280477121001,54.475995092960005,-18.91786274314692,-5.362832016406067,foreign_policy
2025-11-11,39.26167402275356,51.402021402530046,-12.140347379776491,1.9963260176196291,1.568353923688752,3.4579160017196053,35.348875028219084,43.17447301728804,48.328047712100094,54.47599509296,-18.91786274314692,-5.362832016406065,foreign_policy
2025-11-12,39.26167402275356,51.402021402530046,-12.140347379776491,1.9963260176196291,1.568353923688752,3.4579160017196053,35.348875028219084,43.17447301728804,48.328047712100094,54.47599509296,-18.91786274314692,-5.362832016406065,foreign_policy
2025-11-13,39.26167402275356,51.40202140253005,-12.140347379776491,1.996326017619629,1.5683539236887518,3.4579160017196053,35.34887502821909,43.17447301728803,48.3280477121001,54.475995092960005,-18.91786274314692,-5.362832016406065,foreign_policy
2025-11-14,39.71366437509369,51.47131998393034,-11.757655608836648,2.033134758714074,1.3987355512012734,3.209578496694189,35.728720248014106,43.69860850217328,48.72979830357585,54.21284166428484,-18.04842946235726,-5.466881755316038,foreign_policy
2025-11-15,39.7136643750937,51.47131998393035,-11.75765560883665,2.033134758714074,1.3987355512012736,3.209578496694189,35.72872024801411,43.698608502173286,48.729798303575855,54.212841664284845,-18.048429462357262,-5.46688175531604,foreign_policy
2025-11-16,39.71366437509369,51.47131998393035,-11.75765560883665,2.033134758714074,1.3987355512012736,3.209578496694189,35.728720248014106,43.69860850217328,48.729798303575855,54.212841664284845,-18.048429462357262,-5.46688175531604,foreign_policy
2025-11-17,39.59808277077176,52.60542552742619,-13.007342756654438,1.6229680260309336,1.398264115773769,2.6856711545589147,36.417065439751134,42.77910010179239,49.86482786050961,55.34602319434278,-18.27125821958991,-7.743427293718965,foreign_policy
2025-11-18,39.598082770771754,52.60542552742619,-13.007342756654438,1.6229680260309334,1.398264115773769,2.6856711545589147,36.41706543975113,42.77910010179238,49.86482786050961,55.34602319434278,-18.27125821958991,-7.743427293718965,foreign_policy
2025-11-19,39.59808277077176,52.6054255274262,-13.007342756654438,1.6229680260309336,1.398264115773769,2.6856711545589147,36.417065439751134,42.77910010179239,49.864827860509614,55.346023194342784,-18.27125821958991,-7.743427293718965,foreign_policy
2025-11-20,39.598082770771754,52.60542552742619,-13.007342756654438,1.6229680260309334,1.398264115773769,2.6856711545589147,36.41706543975113,42.77910010179238,49.86482786050961,55.34602319434278,-18.27125821958991,-7.743427293718965,foreign_policy
2025-11-21,39.59808277077176,52.6054255274262,-13.007342756654438,1.6229680260309336,1.398264115773769,2.6856711545589147,36.417065439751134,42.77910010179239,49.864827860509614,55.346023194342784,-18.27125821958991,-7.743427293718965,foreign_policy
2025-11-22,39.598082770771754,52.60542552742619,-13.007342756654436,1.6229680260309334,1.3982641157737687,2.6856711545589147,36.41706543975113,42.77910010179238,49.86482786050961,55.34602319434278,-18.27125821958991,-7.743427293718963,foreign_policy
2025-11-23,39.59808277077176,52.6054255274262,-13.007342756654438,1.6229680260309336,1.398264115773769,2.6856711545589147,36.417065439751134,42.77910010179239,49.864827860509614,55.346023194342784,-18.27125821958991,-7.743427293718965,foreign_policy
2025-11-24,39.598082770771754,52.60542552742619,-13.007342756654438,1.6229680260309334,1.3982641157737687,2.6856711545589147,36.41706543975113,42.77910010179238,49.86482786050961,55.34602319434278,-18.27125821958991,-7.743427293718965,foreign_policy
2025-11-25,40.13703539130266,52.54749219139453,-12.41045680009187,1.5609648736964976,1.1605273454976832,2.3909699136773526,37.07754423885753,43.196526543747794,50.27285859421907,54.82212578856999,-17.09675783089948,-7.724155769284259,foreign_policy
2025-11-26,40.13703539130266,52.54749219139453,-12.41045680009187,1.5609648736964976,1.1605273454976832,2.390969913677353,37.07754423885753,43.196526543747794,50.27285859421907,54.82212578856999,-17.09675783089948,-7.724155769284258,foreign_policy
2025-11-27,40.13703539130266,52.547492191394525,-12.41045680009187,1.5609648736964976,1.1605273454976832,2.390969913677353,37.07754423885753,43.196526543747794,50.272858594219066,54.822125788569984,-17.09675783089948,-7.724155769284258,foreign_policy
2025-11-28,40.13703539130266,52.54749219139453,-12.410456800091872,1.5609648736964978,1.1605273454976832,2.390969913677353,37.07754423885753,43.196526543747794,50.27285859421907,54.82212578856999,-17.096757830899485,-7.72415576928426,foreign_policy
2025-11-29,40.13703539130266,52.54749219139453,-12.41045680009187,1.5609648736964976,1.1605273454976832,2.390969913677353,37.07754423885753,43.196526543747794,50.27285859421907,54.82212578856999,-17.09675783089948,-7.724155769284258,foreign_policy
2025-11-30,40.13703539130266,52.54749219139453,-12.41045680009187,1.5609648736964976,1.1605273454976832,2.390969913677353,37.07754423885753,43.196526543747794,50.27285859421907,54.82212578856999,-17.09675783089948,-7.724155769284258,foreign_policy
2025-12-01,40.13703539130266,52.54749219139453,-12.41045680009187,1.5609648736964978,1.1605273454976832,2.390969913677353,37.07754423885753,43.196526543747794,50.27285859421907,54.82212578856999,-17.09675783089948,-7.724155769284258,foreign_policy
2025-12-02,40.13703539130266,52.54749219139453,-12.41045680009187,1.5609648736964976,1.1605273454976832,2.390969913677353,37.07754423885753,43.196526543747794,50.27285859421907,54.82212578856999,-17.09675783089948,-7.724155769284258,foreign_policy
2025-12-03,40.13703539130266,52.54749219139453,-12.41045680009187,1.5609648736964976,1.1605273454976832,2.390969913677353,37.07754423885753,43.196526543747794,50.27285859421907,54.82212578856999,-17.09675783089948,-7.724155769284258,foreign_policy
2025-12-04,39.88942660244498,51.69695417254793,-11.807527570102955,1.2240597051096092,1.34014018963733,1.949964026227718,37.490269580430144,42.28858362445981,49.070279400858766,54.3236289442371,-15.629457061509282,-7.985598078696628,foreign_policy
2025-12-05,39.889426602444985,51.69695417254794,-11.807527570102955,1.2240597051096092,1.34014018963733,1.949964026227718,37.49026958043015,42.28858362445982,49.07027940085877,54.32362894423711,-15.629457061509282,-7.985598078696628,foreign_policy
2025-12-06,39.88942660244497,51.69695417254793,-11.807527570102955,1.224059705109609,1.3401401896373297,1.9499640262277178,37.49026958043014,42.288583624459804,49.070279400858766,54.3236289442371,-15.629457061509282,-7.985598078696629,foreign_policy
2025-12-07,39.88942660244498,51.69695417254793,-11.807527570102955,1.2240597051096092,1.34014018963733,1.9499640262277178,37.490269580430144,42.28858362445981,49.070279400858766,54.3236289442371,-15.629457061509282,-7.985598078696629,foreign_policy
2025-12-08,39.68826651570264,52.00978008544822,-12.32151356974558,1.3171557875665152,1.5950174348817943,2.4335460730551444,37.106641172072266,42.26989185933301,48.88354591307991,55.136014257816534,-17.091263872933663,-7.551763266557497,foreign_policy
2025-12-09,39.68826651570264,52.00978008544822,-12.32151356974558,1.3171557875665152,1.5950174348817943,2.433546073055145,37.106641172072266,42.26989185933301,48.88354591307991,55.136014257816534,-17.091263872933663,-7.551763266557496,foreign_policy
2025-12-10,39.68826651570264,52.00978008544821,-12.32151356974558,1.317155787566515,1.595017434881794,2.4335460730551444,37.106641172072266,42.26989185933301,48.8835459130799,55.13601425781653,-17.091263872933663,-7.551763266557497,foreign_policy
2025-12-11,39.68826651570264,52.00978008544821,-12.32151356974558,1.317155787566515,1.595017434881794,2.4335460730551444,37.106641172072266,42.26989185933301,48.8835459130799,55.13601425781653,-17.091263872933663,-7.551763266557497,foreign_policy
2025-12-12,39.68826651570264,52.00978008544822,-12.32151356974558,1.3171557875665152,1.5950174348817943,2.4335460730551444,37.106641172072266,42.26989185933301,48.88354591307991,55.136014257816534,-17.091263872933663,-7.551763266557497,foreign_policy
2025-12-13,39.68826651570264,52.00978008544821,-12.32151356974558,1.3171557875665152,1.5950174348817943,2.4335460730551444,37.106641172072266,42.26989185933301,48.8835459130799,55.13601425781653,-17.091263872933663,-7.551763266557497,foreign_policy
2025-12-14,39.68826651570264,52.00978008544822,-12.32151356974558,1.3171557875665152,1.5950174348817943,2.4335460730551444,37.106641172072266,42.26989185933301,48.88354591307991,55.136014257816534,-17.091263872933663,-7.551763266557497,foreign_policy
2025-12-15,40.286353786558784,53.29942408959095,-13.013070303032165,0.8725405119445782,1.3144439967968546,1.406227296162384,38.57617438314741,41.99653318997016,50.723113855869116,55.875734323312784,-15.769275803510439,-10.256864802553892,foreign_policy
2025-12-16,40.286353786558784,53.29942408959095,-13.013070303032164,0.8725405119445782,1.3144439967968544,1.4062272961623838,38.57617438314741,41.99653318997016,50.723113855869116,55.875734323312784,-15.769275803510435,-10.256864802553892,foreign_policy
2025-12-17,40.286353786558784,53.29942408959095,-13.013070303032165,0.8725405119445782,1.3144439967968546,1.406227296162384,38.57617438314741,41.99653318997016,50.723113855869116,55.875734323312784,-15.769275803510439,-10.256864802553892,foreign_policy
2025-12-18,40.286353786558784,53.29942408959095,-13.013070303032165,0.8725405119445782,1.3144439967968544,1.406227296162384,38.57617438314741,41.99653318997016,50.723113855869116,55.875734323312784,-15.769275803510439,-10.256864802553892,foreign_policy
2025-12-19,37.722299250904975,54.93821634198558,-17.215917091080602,3.516450519160882,2.441721472467393,5.759833037403117,30.830056233349644,44.614542268460305,50.15244225594949,59.72399042802167,-28.50518984439071,-5.926644337770494,foreign_policy
2025-12-20,37.722299250904975,54.93821634198557,-17.215917091080602,3.516450519160882,2.441721472467393,5.759833037403116,30.830056233349644,44.614542268460305,50.15244225594948,59.723990428021665,-28.505189844390706,-5.926644337770496,foreign_policy
2025-12-21,37.722299250904975,54.93821634198558,-17.2159170910806,3.516450519160882,2.441721472467393,5.759833037403117,30.830056233349644,44.614542268460305,50.15244225594949,59.72399042802167,-28.505189844390706,-5.92664433777049,foreign_policy
2025-12-22,37.80192547672443,54.70204967814391,-16.900124201419477,3.1192060546656637,2.2089030745180964,5.138245883638006,31.688281609579725,43.91556934386913,50.37259965208844,59.031499704199376,-26.971086133349967,-6.829162269488986,foreign_policy
2025-12-23,37.80192547672443,54.7020496781439,-16.900124201419477,3.1192060546656637,2.2089030745180964,5.138245883638006,31.688281609579725,43.91556934386913,50.37259965208843,59.03149970419937,-26.971086133349967,-6.829162269488986,foreign_policy
2025-12-24,37.80192547672443,54.7020496781439,-16.900124201419477,3.1192060546656637,2.2089030745180964,5.138245883638006,31.688281609579725,43.91556934386913,50.37259965208843,59.03149970419937,-26.971086133349967,-6.829162269488986,foreign_policy
2025-12-25,37.80192547672443,54.70204967814391,-16.900124201419477,3.1192060546656637,2.2089030745180964,5.138245883638006,31.688281609579725,43.91556934386913,50.37259965208844,59.031499704199376,-26.971086133349967,-6.829162269488986,foreign_policy
2025-12-26,37.80192547672443,54.7020496781439,-16.900124201419477,3.1192060546656637,2.2089030745180964,5.138245883638006,31.688281609579725,43.91556934386913,50.37259965208843,59.03149970419937,-26.971086133349967,-6.829162269488986,foreign_policy
2025-12-27,37.80192547672443,54.7020496781439,-16.900124201419477,3.1192060546656637,2.2089030745180964,5.138245883638006,31.688281609579725,43.91556934386913,50.37259965208843,59.03149970419937,-26.971086133349967,-6.829162269488986,foreign_policy
2025-12-28,37.80192547672443,54.7020496781439,-16.900124201419477,3.1192060546656637,2.2089030745180964,5.138245883638006,31.688281609579725,43.91556934386913,50.37259965208843,59.03149970419937,-26.971086133349967,-6.829162269488986,foreign_policy
2025-12-29,37.80192547672443,54.7020496781439,-16.900124201419477,3.1192060546656637,2.2089030745180964,5.138245883638006,31.688281609579725,43.91556934386913,50.37259965208843,59.03149970419937,-26.971086133349967,-6.829162269488986,foreign_policy
2025-12-30,37.80192547672443,54.7020496781439,-16.900124201419477,3.1192060546656637,2.2089030745180964,5.138245883638006,31.688281609579725,43.91556934386913,50.37259965208843,59.03149970419937,-26.971086133349967,-6.829162269488986,foreign_policy
2025-12-31,37.80192547672443,54.7020496781439,-16.900124201419477,3.1192060546656637,2.2089030745180964,5.138245883638006,31.688281609579725,43.91556934386913,50.37259965208843,59.03149970419937,-26.971086133349967,-6.829162269488986,foreign_policy
2026-01-01,37.80192547672443,54.7020496781439,-16.900124201419477,3.1192060546656637,2.2089030745180964,5.138245883638006,31.688281609579725,43.91556934386913,50.37259965208843,59.03149970419937,-26.971086133349967,-6.829162269488986,foreign_policy
2026-01-02,37.80192547672443,54.7020496781439,-16.900124201419477,3.1192060546656637,2.2089030745180964,5.138245883638006,31.688281609579725,43.91556934386913,50.37259965208843,59.03149970419937,-26.971086133349967,-6.829162269488986,foreign_policy
2026-01-03,37.80192547672443,54.7020496781439,-16.900124201419477,3.1192060546656637,2.2089030745180964,5.138245883638006,31.688281609579725,43.91556934386913,50.37259965208843,59.03149970419937,-26.971086133349967,-6.829162269488986,foreign_policy
2026-01-04,38.06679567186383,53.939137954022655,-15.87234228215883,2.556851384857782,2.0810761278098977,4.405273089773947,33.055366957542574,43.078224386185084,49.86022874351526,58.01804716453005,-24.506677538115767,-7.238007026201894,foreign_policy
2026-01-05,38.06679567186383,53.93913795402266,-15.87234228215883,2.556851384857782,2.0810761278098977,4.405273089773947,33.055366957542574,43.078224386185084,49.860228743515265,58.01804716453006,-24.506677538115767,-7.238007026201894,foreign_policy
2026-01-06,38.06679567186382,53.93913795402265,-15.872342282158828,2.556851384857782,2.0810761278098977,4.405273089773947,33.05536695754257,43.07822438618508,49.86022874351525,58.018047164530046,-24.506677538115763,-7.238007026201892,foreign_policy
2026-01-07,38.06679567186383,53.939137954022655,-15.87234228215883,2.556851384857782,2.0810761278098977,4.405273089773947,33.055366957542574,43.078224386185084,49.86022874351526,58.01804716453005,-24.506677538115767,-7.238007026201894,foreign_policy
2026-01-08,38.06679567186383,53.939137954022655,-15.87234228215883,2.556851384857782,2.0810761278098977,4.405273089773947,33.055366957542574,43.078224386185084,49.86022874351526,58.01804716453005,-24.506677538115767,-7.238007026201894,foreign_policy
2026-01-09,38.06679567186383,53.939137954022655,-15.872342282158828,2.556851384857782,2.0810761278098977,4.405273089773947,33.055366957542574,43.078224386185084,49.86022874351526,58.01804716453005,-24.506677538115763,-7.238007026201892,foreign_policy
2026-01-10,38.06679567186383,53.939137954022655,-15.87234228215883,2.556851384857782,2.0810761278098977,4.405273089773947,33.055366957542574,43.078224386185084,49.86022874351526,58.01804716453005,-24.506677538115767,-7.238007026201894,foreign_policy
2026-01-11,38.034124595576316,54.18518107625566,-16.151056480679344,2.398909603162798,2.0602617654004893,4.19785750431823,33.33226177337723,42.7359874177754,50.1470680160707,58.22329413644062,-24.378857189143076,-7.923255772215613,foreign_policy
2026-01-12,38.53604826765801,54.245789833104276,-15.709741565446265,1.7432367240971784,1.9607449467956752,3.0122402992956014,35.11930428842754,41.95279224688848,50.40272973738475,58.0888499288238,-21.613732552065642,-9.805750578826887,foreign_policy
2026-01-13,38.37975134951072,53.970005941444356,-15.590254591933633,1.5594501148645452,1.8571324739823039,2.4952069230143463,35.32322912437621,41.43627357464523,50.330026292439044,57.60998559044967,-20.48086016104175,-10.699649022825515,foreign_policy
2026-01-14,38.37975134951073,53.97000594144436,-15.590254591933634,1.5594501148645454,1.8571324739823039,2.4952069230143468,35.32322912437622,41.436273574645234,50.330026292439044,57.60998559044968,-20.480860161041754,-10.699649022825515,foreign_policy
2026-01-15,38.37975134951072,53.970005941444356,-15.590254591933633,1.5594501148645454,1.8571324739823039,2.4952069230143463,35.32322912437621,41.43627357464523,50.330026292439044,57.60998559044967,-20.48086016104175,-10.699649022825515,foreign_policy
2026-01-16,38.37975134951073,53.97000594144436,-15.590254591933634,1.5594501148645454,1.8571324739823039,2.4952069230143463,35.32322912437622,41.436273574645234,50.330026292439044,57.60998559044968,-20.480860161041754,-10.699649022825515,foreign_policy
2026-01-17,38.047623550475436,54.74631847367453,-16.69869492319909,1.500834058881501,2.1698877872454965,2.996173041043553,35.105988795067695,40.989258305883176,50.49333841067335,58.9992985366757,-22.571194083644453,-10.826195762753724,foreign_policy
2026-01-18,38.0915595091729,54.718394660896536,-16.626835151723633,1.4611311786275731,2.0885983300928053,2.8943912697890206,35.22774239906286,40.955376619282944,50.624741933914635,58.81204738787844,-22.299842040510114,-10.953828262937153,foreign_policy
2026-01-19,38.0915595091729,54.718394660896536,-16.626835151723633,1.4611311786275731,2.0885983300928053,2.89439126978902,35.22774239906286,40.955376619282944,50.624741933914635,58.81204738787844,-22.29984204051011,-10.953828262937154,foreign_policy
2026-01-20,38.16578390013411,54.713698982656496,-16.54791508252239,1.4653094506141726,2.0390591733633476,2.8478558439399198,35.29377737693033,41.03779042333789,50.71714300286433,58.71025496244866,-22.129712536644632,-10.966117628400148,foreign_policy
2026-01-21,38.16578390013411,54.713698982656496,-16.54791508252239,1.4653094506141724,2.0390591733633476,2.8478558439399198,35.29377737693033,41.03779042333789,50.71714300286433,58.71025496244866,-22.129712536644632,-10.966117628400148,foreign_policy
2026-01-22,37.829426239415376,54.48590007035933,-16.65647383094395,1.5651542256801076,1.9762990457841405,2.6082255649206703,34.76172395708237,40.897128521748385,50.61235394062241,58.359446200096244,-21.76859593818846,-11.544351723699435,foreign_policy
2026-01-23,37.829426239415376,54.48590007035933,-16.65647383094395,1.5651542256801076,1.9762990457841405,2.6082255649206703,34.76172395708237,40.897128521748385,50.61235394062241,58.359446200096244,-21.76859593818846,-11.544351723699435,foreign_policy
2026-01-24,37.82942623941537,54.48590007035932,-16.65647383094395,1.5651542256801076,1.9762990457841405,2.6082255649206703,34.76172395708236,40.89712852174838,50.612353940622405,58.35944620009624,-21.76859593818846,-11.544351723699435,foreign_policy
2026-01-25,37.798157702482605,54.72748349735324,-16.92932579487064,1.4133076568784466,1.8295686761976935,2.429339296332616,35.02807469500085,40.56824070996436,51.14152889200576,58.31343810270072,-21.690830815682567,-12.167820774058711,foreign_policy
2026-01-26,37.52051732996759,55.31919810912466,-17.798680779157078,1.173726024559684,2.106895403630604,2.490858855627012,35.22001432183061,39.82102033810457,51.18968311800868,59.448713100240646,-22.68076413618602,-12.916597422128135,foreign_policy
2026-01-27,37.52051732996758,55.31919810912466,-17.798680779157074,1.173726024559684,2.106895403630604,2.490858855627012,35.220014321830604,39.82102033810456,51.18968311800868,59.448713100240646,-22.680764136186017,-12.916597422128131,foreign_policy
2026-01-28,37.52051732996759,55.31919810912466,-17.798680779157078,1.173726024559684,2.106895403630604,2.490858855627012,35.22001432183061,39.82102033810457,51.18968311800868,59.448713100240646,-22.68076413618602,-12.916597422128135,foreign_policy
2026-01-29,37.3788186971609,55.07527475165974,-17.69645605449884,1.1436882828128192,2.0484140360765792,2.3220941462671423,35.137189662847774,39.62044773147403,51.06038324094965,59.090166262369834,-22.247760581182437,-13.14515152781524,foreign_policy
2026-01-30,37.44453300865958,54.926391454066795,-17.48185844540722,1.0639612330068886,1.9296570573510479,2.2081950733654874,35.35916899196608,39.52989702535309,51.144263621658745,58.708519286474846,-21.809920789203574,-13.153796101610865,foreign_policy
2026-01-31,37.444533008659576,54.926391454066795,-17.481858445407216,1.0639612330068886,1.9296570573510479,2.2081950733654874,35.35916899196607,39.52989702535308,51.144263621658745,58.708519286474846,-21.80992078920357,-13.153796101610862,foreign_policy
2026-02-01,37.38135326287909,55.02369961740564,-17.642346354526552,1.0533295812188213,1.9073456139753755,2.2209471433872783,35.3168272836902,39.445879242067974,51.2853022140139,58.76209702079738,-21.995402755565618,-13.289289953487486,foreign_policy
2026-02-02,37.188959877505646,55.336736266887556,-18.147776389381907,1.0357806515789294,1.9467259143561162,2.3847497001316325,35.15882980041094,39.21908995460035,51.52115347474957,59.152319059025544,-22.821885801639908,-13.473666977123907,foreign_policy
2026-02-03,37.18895987750565,55.33673626688756,-18.14777638938191,1.0357806515789294,1.9467259143561164,2.3847497001316325,35.15882980041095,39.219089954600356,51.521153474749575,59.15231905902555,-22.821885801639908,-13.47366697712391,foreign_policy
2026-02-04,37.18895987750565,55.33673626688756,-18.14777638938191,1.0357806515789294,1.9467259143561164,2.3847497001316325,35.15882980041095,39.219089954600356,51.521153474749575,59.15231905902555,-22.821885801639908,-13.47366697712391,foreign_policy
2026-02-05,37.18895987750565,55.33673626688756,-18.14777638938191,1.0357806515789294,1.9467259143561164,2.3847497001316325,35.15882980041095,39.219089954600356,51.521153474749575,59.15231905902555,-22.821885801639908,-13.47366697712391,foreign_policy
2026-02-06,37.188959877505646,55.336736266887556,-18.14777638938191,1.0357806515789294,1.9467259143561162,2.3847497001316325,35.15882980041094,39.21908995460035,51.52115347474957,59.152319059025544,-22.821885801639908,-13.47366697712391,foreign_policy
2026-02-07,37.188959877505646,55.336736266887556,-18.147776389381907,1.0357806515789294,1.9467259143561162,2.3847497001316325,35.15882980041094,39.21908995460035,51.52115347474957,59.152319059025544,-22.821885801639908,-13.473666977123907,foreign_policy
2026-02-08,37.18895987750565,55.336736266887556,-18.14777638938191,1.0357806515789294,1.9467259143561162,2.3847497001316325,35.15882980041095,39.219089954600356,51.52115347474957,59.152319059025544,-22.821885801639908,-13.47366697712391,foreign_policy
2026-02-09,37.2358264749678,55.22346986807548,-17.98764339310768,0.9835118097805874,1.855310032882011,2.2807831687665114,35.30814332779785,39.16350962213775,51.58706220362674,58.85987753252422,-22.45797840389004,-13.517308382325316,foreign_policy
2026-02-10,37.243181267695284,55.10378064244159,-17.860599374746304,0.9576385172503714,1.8751979461882609,2.283748000220637,35.366209773884556,39.12015276150601,51.428392667912604,58.77916861697058,-22.33674545517875,-13.384453294313856,foreign_policy
2026-02-11,37.243181267695284,55.103780642441585,-17.860599374746304,0.9576385172503714,1.8751979461882609,2.283748000220637,35.366209773884556,39.12015276150601,51.4283926679126,58.77916861697057,-22.33674545517875,-13.384453294313856,foreign_policy
2026-02-12,37.243181267695284,55.10378064244159,-17.860599374746304,0.9576385172503714,1.8751979461882609,2.283748000220637,35.366209773884556,39.12015276150601,51.428392667912604,58.77916861697058,-22.33674545517875,-13.384453294313856,foreign_policy
2026-02-13,37.24318126769528,55.103780642441585,-17.860599374746304,0.9576385172503714,1.8751979461882609,2.2837480002206365,35.36620977388455,39.120152761506006,51.4283926679126,58.77916861697057,-22.33674545517875,-13.384453294313857,foreign_policy
2026-02-14,37.243181267695284,55.103780642441585,-17.860599374746304,0.9576385172503714,1.8751979461882609,2.283748000220637,35.366209773884556,39.12015276150601,51.4283926679126,58.77916861697057,-22.33674545517875,-13.384453294313856,foreign_policy
2026-02-15,37.243181267695284,55.103780642441585,-17.860599374746304,0.9576385172503714,1.8751979461882609,2.2837480002206365,35.366209773884556,39.12015276150601,51.4283926679126,58.77916861697057,-22.33674545517875,-13.384453294313857,foreign_policy
2026-02-16,37.12679548876676,55.50162724209236,-18.3748317533256,0.917625771033413,1.9422585398783492,2.3879550276448094,35.32824897754127,38.92534199999225,51.6948005039308,59.30845398025392,-23.055223607509426,-13.694439899141775,foreign_policy
2026-02-17,37.27104334213026,57.54873906081613,-20.277695718685873,0.8106517745042342,3.601798022123858,3.596529731230663,35.68216586410196,38.859920820158564,50.48921493745337,64.6082631841789,-27.326893991897972,-13.228497445473774,foreign_policy
2026-02-18,37.271043342130255,57.54873906081613,-20.277695718685873,0.8106517745042341,3.601798022123858,3.596529731230663,35.682165864101954,38.85992082015856,50.48921493745337,64.6082631841789,-27.326893991897972,-13.228497445473774,foreign_policy
2026-02-19,37.27104334213026,57.54873906081613,-20.277695718685873,0.8106517745042342,3.601798022123858,3.596529731230663,35.68216586410196,38.859920820158564,50.48921493745337,64.6082631841789,-27.326893991897972,-13.228497445473774,foreign_policy
2026-02-20,37.16000071693099,57.42379432905961,-20.26379361212862,0.8720296536878187,3.513593226826885,3.470531563454106,35.45082259570286,38.869178838159115,50.537151604478915,64.3104370536403,-27.066035476498666,-13.461551747758573,foreign_policy
2026-02-21,37.16000071693099,57.42379432905961,-20.26379361212862,0.8720296536878187,3.5135932268268855,3.4705315634541063,35.45082259570286,38.869178838159115,50.537151604478915,64.3104370536403,-27.06603547649867,-13.461551747758572,foreign_policy
2026-02-22,37.09208218058145,57.452515342943315,-20.360433162361865,0.8446610871937693,3.320044759309956,3.2810621214157742,35.436546449681664,38.747617911481235,50.9452276146958,63.95980307119083,-26.79131492033678,-13.929551404386947,foreign_policy
2026-02-23,37.15900433770857,55.983883450839016,-18.824879113130446,0.8412018637501595,2.583037872266754,2.6567438303001065,35.51024868475826,38.80775999065889,50.92112922119618,61.04663768048185,-24.032097020518655,-13.617661205742237,foreign_policy
2026-02-24,37.15900433770857,55.98388345083902,-18.824879113130446,0.8412018637501595,2.583037872266754,2.6567438303001065,35.51024868475826,38.80775999065889,50.92112922119618,61.046637680481865,-24.032097020518655,-13.617661205742237,foreign_policy
2026-02-25,37.15900433770857,55.98388345083902,-18.82487911313045,0.8412018637501596,2.583037872266754,2.6567438303001065,35.51024868475826,38.80775999065889,50.92112922119618,61.046637680481865,-24.03209702051866,-13.617661205742241,foreign_policy
2026-02-26,37.545458343274,54.94423105834992,-17.39877271507593,1.158609208502242,3.362325221943588,4.0661013864021855,35.2745842946096,39.816332391938396,48.35407362334049,61.53438849335935,-25.368331432424213,-9.429213997727645,foreign_policy
2026-02-27,37.545458343274,54.94423105834993,-17.39877271507593,1.158609208502242,3.362325221943588,4.0661013864021855,35.2745842946096,39.816332391938396,48.3540736233405,61.53438849335936,-25.368331432424213,-9.429213997727645,foreign_policy
2026-02-28,37.50064702271165,55.33244379612193,-17.831796773410282,1.1405073303286346,3.524361934731563,4.238512352851706,35.265252655267524,39.73604139015577,48.42469440404807,62.24019318819579,-26.139280984999626,-9.524312561820938,foreign_policy
2026-03-01,37.50847197042659,55.41146843631793,-17.902996465891338,1.1079853532124526,3.337906280082342,4.043847626931285,35.33682067813018,39.680123262723,48.86917212735654,61.95376474527932,-25.828937814676657,-9.9770551171060191,foreign_policy
2026-03-02,37.68420575440722,55.620273259281085,-17.93606750487386,1.0846971120769142,3.0844805856668884,3.6928403604686775,35.55819941473647,39.810212094077976,49.57469131137398,61.66585520718819,-25.174034611392468,-10.698100398355255,foreign_policy
2026-03-03,37.6551209403934,55.38780223716207,-17.732681296768668,1.0000023703184158,2.888877588338726,3.42987140834246,35.69511629456931,39.615125586217495,49.72560216401817,61.05000231030597,-24.45522925711989,-11.010133336417447,foreign_policy
2026-03-04,37.65512094039341,55.38780223716208,-17.732681296768668,1.000002370318416,2.8888775883387265,3.42987140834246,35.69511629456932,39.6151255862175,49.72560216401817,61.050002310305985,-24.45522925711989,-11.010133336417447,foreign_policy
2026-03-05,37.6551209403934,55.38780223716207,-17.732681296768668,1.0000023703184158,2.888877588338726,3.42987140834246,35.69511629456931,39.615125586217495,49.72560216401817,61.05000231030597,-24.45522925711989,-11.010133336417447,foreign_policy
2026-03-06,37.6551209403934,55.38780223716206,-17.732681296768668,1.0000023703184158,2.888877588338726,3.4298714083424597,35.69511629456931,39.615125586217495,49.72560216401816,61.05000231030596,-24.45522925711989,-11.010133336417447,foreign_policy
2026-03-07,37.6551209403934,55.38780223716207,-17.732681296768668,1.0000023703184158,2.888877588338726,3.4298714083424597,35.69511629456931,39.615125586217495,49.72560216401817,61.05000231030597,-24.45522925711989,-11.010133336417447,foreign_policy
2026-03-08,37.983143645138874,55.50138141965409,-17.51823777451521,1.0345527079380687,2.533928963600416,2.9810177916172513,35.95542033758026,40.01086695269749,50.53488065099727,60.4678821883109,-23.36103264608502,-11.675442902945399,foreign_policy
2026-03-09,38.02944187523022,55.553610136666364,-17.52416826143615,0.9465789208442787,2.398326774805161,2.8185142523712536,36.174147190375436,39.884736560085,50.85288965804825,60.25433061528448,-23.048456196083805,-11.999880326788492,foreign_policy
2026-03-10,37.92632475044511,55.35020203384968,-17.423877283404572,0.911923116081764,2.275386637976881,2.620742369992448,36.13895544292485,39.71369405796537,50.890444223414995,59.80995984428437,-22.56053232858977,-12.287222238219375,foreign_policy
2026-03-11,37.926324750445104,55.350202033849676,-17.423877283404572,0.9119231160817639,2.275386637976881,2.620742369992448,36.138955442924846,39.71369405796536,50.89044422341499,59.809959844284364,-22.56053232858977,-12.287222238219375,foreign_policy
2026-03-12,37.926324750445104,55.350202033849676,-17.423877283404572,0.9119231160817639,2.2753866379768803,2.6207423699924477,36.138955442924846,39.71369405796536,50.89044422341499,59.809959844284364,-22.56053232858977,-12.287222238219375,foreign_policy
2026-03-13,37.43088278074736,55.6706156035606,-18.239732822813234,1.5514375736249602,2.3037753749030268,3.266024061357788,34.39006513644244,40.47170042505228,51.155215868750666,60.18601533837053,-24.6411399830745,-11.83832566255197,foreign_policy
2026-03-14,37.43088278074736,55.6706156035606,-18.239732822813234,1.5514375736249602,2.303775374903027,3.266024061357788,34.39006513644244,40.47170042505228,51.155215868750666,60.18601533837053,-24.6411399830745,-11.83832566255197,foreign_policy
2026-03-15,37.43088278074736,55.6706156035606,-18.239732822813234,1.5514375736249604,2.303775374903027,3.2660240613577884,34.39006513644244,40.47170042505228,51.155215868750666,60.18601533837053,-24.6411399830745,-11.83832566255197,foreign_policy
2026-03-16,36.75401483758783,56.574953184556996,-19.820938346969164,1.8537804475678499,2.7238767122941168,4.2221158685976485,33.12060516035485,40.387424514820815,51.23615482846053,61.913751540653465,-28.096285449420556,-11.545591244517773,foreign_policy
2026-03-17,36.75401483758783,56.574953184556996,-19.820938346969164,1.8537804475678499,2.7238767122941168,4.2221158685976485,33.12060516035485,40.387424514820815,51.23615482846053,61.913751540653465,-28.096285449420556,-11.545591244517773,foreign_policy
2026-03-18,36.706463413728294,56.6707650292508,-19.964301615522512,1.8254848804171675,2.6965987136309524,4.1786373872908555,33.12851304811065,40.28441377934594,51.385431550534136,61.95609850796747,-28.154430894612588,-11.774172336432436,foreign_policy
2026-03-19,36.68708499232241,56.66181731174244,-19.974732319420028,1.6746051344093709,2.4580376732314244,3.8244645206366337,33.404858928880046,39.96931105576478,51.844063472208845,61.47957115127603,-27.47068277986783,-12.478781858972226,foreign_policy
2026-03-20,36.687084992322404,56.66181731174243,-19.974732319420024,1.6746051344093709,2.458037673231424,3.8244645206366337,33.40485892888004,39.96931105576477,51.844063472208845,61.47957115127602,-27.470682779867825,-12.478781858972223,foreign_policy
2026-03-21,36.68708499232241,56.66181731174244,-19.974732319420028,1.6746051344093709,2.458037673231424,3.8244645206366337,33.404858928880046,39.96931105576478,51.844063472208845,61.47957115127603,-27.47068277986783,-12.478781858972226,foreign_policy
2026-03-22,36.76448101340095,56.55473041781891,-19.790249404417956,1.6291150971357748,2.3866266315078337,3.724058665970438,33.571415423014834,39.95754660378707,51.876942220063555,61.232518615574264,-27.089404389720016,-12.491094419115896,foreign_policy
2026-03-23,36.1413535097461,57.235289434058174,-21.09393592431208,1.539567847675849,2.1264496031208164,3.3840072099858745,33.12380052830143,39.15890649119076,53.067448211941375,61.40313065617497,-27.726590055884394,-14.461281792739769,foreign_policy
2026-03-24,36.1413535097461,57.235289434058174,-21.09393592431208,1.539567847675849,2.1264496031208164,3.3840072099858745,33.12380052830143,39.15890649119076,53.067448211941375,61.40313065617497,-27.726590055884394,-14.461281792739769,foreign_policy
2026-03-25,36.1413535097461,57.23528943405818,-21.09393592431208,1.539567847675849,2.126449603120817,3.3840072099858745,33.12380052830143,39.15890649119076,53.06744821194138,61.40313065617498,-27.726590055884394,-14.461281792739769,foreign_policy
2026-03-26,36.03840127423091,57.99713449320367,-21.958733218972757,1.431554889370186,2.627150510980805,3.6649884678863542,33.23255369106534,38.84424885739647,52.84791949168129,63.146349494726046,-29.14211061603001,-14.775355821915504,foreign_policy
2026-03-27,36.03840127423091,57.99713449320367,-21.958733218972757,1.431554889370186,2.6271505109808047,3.6649884678863542,33.23255369106534,38.84424885739647,52.84791949168129,63.146349494726046,-29.14211061603001,-14.775355821915504,foreign_policy
2026-03-28,36.03840127423091,57.99713449320367,-21.95873321897276,1.431554889370186,2.627150510980805,3.6649884678863542,33.23255369106534,38.84424885739647,52.84791949168129,63.146349494726046,-29.142110616030013,-14.775355821915507,foreign_policy
2026-03-29,36.143447251647785,57.9018583360635,-21.75841108441571,1.4368235224610546,2.5613782491112733,3.6177831445868196,33.32727314762412,38.95962135567145,52.8815569678054,62.922159704321594,-28.849266047805877,-14.667556121025543,foreign_policy
2026-03-30,36.17594303219622,57.89004930380757,-21.714106271611353,1.37415531318374,2.443156210214577,3.4531473040317837,33.48259861835609,38.86928744603635,53.101463131787,62.678635475828145,-28.482274987513648,-14.945937555709058,foreign_policy
2026-03-31,36.175943032196216,57.89004930380757,-21.714106271611353,1.3741553131837398,2.443156210214577,3.4531473040317837,33.482598618356086,38.869287446036346,53.101463131787,62.678635475828145,-28.482274987513648,-14.945937555709058,foreign_policy
2026-04-01,36.175943032196216,57.890049303807565,-21.71410627161135,1.3741553131837398,2.4431562102145765,3.4531473040317837,33.482598618356086,38.869287446036346,53.10146313178699,62.67863547582814,-28.482274987513645,-14.945937555709055,foreign_policy
2026-04-02,36.175943032196216,57.890049303807565,-21.71410627161135,1.3741553131837398,2.4431562102145765,3.4531473040317837,33.482598618356086,38.869287446036346,53.10146313178699,62.67863547582814,-28.482274987513645,-14.945937555709055,foreign_policy
2026-04-03,36.17594303219622,57.89004930380757,-21.714106271611353,1.37415531318374,2.4431562102145765,3.4531473040317837,33.48259861835609,38.86928744603635,53.101463131787,62.678635475828145,-28.482274987513648,-14.945937555709058,foreign_policy
2026-04-04,36.17594303219622,57.89004930380757,-21.714106271611353,1.37415531318374,2.443156210214577,3.4531473040317837,33.48259861835609,38.86928744603635,53.101463131787,62.678635475828145,-28.482274987513648,-14.945937555709058,foreign_policy
2026-04-05,36.419777433637435,57.539684032297,-21.119906598659558,1.5017226757539184,2.5530720607693316,3.7442665621315085,33.47640098915976,39.363153878115114,52.535662793189104,62.54370527140489,-28.458669060437316,-13.781144136881801,foreign_policy
2026-04-06,36.419777433637435,57.539684032297,-21.119906598659558,1.5017226757539182,2.5530720607693316,3.7442665621315085,33.47640098915976,39.363153878115114,52.535662793189104,62.54370527140489,-28.458669060437316,-13.781144136881801,foreign_policy
2026-04-07,36.41977743363744,57.539684032297,-21.119906598659558,1.5017226757539182,2.5530720607693316,3.7442665621315085,33.476400989159764,39.36315387811512,52.535662793189104,62.54370527140489,-28.458669060437316,-13.781144136881801,foreign_policy
2026-04-08,36.419777433637435,57.53968403229699,-21.119906598659554,1.5017226757539182,2.5530720607693316,3.7442665621315085,33.47640098915976,39.363153878115114,52.5356627931891,62.54370527140488,-28.45866906043731,-13.781144136881798,foreign_policy
2026-04-09,36.402319564843445,57.58311044395085,-21.18079087910741,1.3918457085889704,2.378356781957874,3.473232265042862,33.67430197600906,39.13033715367783,52.92153115131342,62.244689736588285,-27.98832611859142,-14.373255639623398,foreign_policy
2026-04-10,36.402319564843445,57.58311044395086,-21.180790879107413,1.3918457085889704,2.3783567819578746,3.4732322650428626,33.67430197600906,39.13033715367783,52.921531151313424,62.24468973658829,-27.988326118591424,-14.373255639623402,foreign_policy
2026-04-11,36.402319564843445,57.58311044395086,-21.180790879107413,1.3918457085889704,2.3783567819578746,3.4732322650428626,33.67430197600906,39.13033715367783,52.921531151313424,62.24468973658829,-27.988326118591424,-14.373255639623402,foreign_policy
2026-04-12,36.402319564843445,57.58311044395086,-21.180790879107413,1.3918457085889704,2.3783567819578746,3.4732322650428626,33.67430197600906,39.13033715367783,52.921531151313424,62.24468973658829,-27.988326118591424,-14.373255639623402,foreign_policy
2026-04-13,36.402319564843445,57.58311044395085,-21.18079087910741,1.3918457085889704,2.378356781957874,3.473232265042862,33.67430197600906,39.13033715367783,52.92153115131342,62.244689736588285,-27.98832611859142,-14.373255639623398,foreign_policy
2026-04-14,36.24280290144558,57.67697286965176,-21.434169968206177,1.4186784753212067,2.286916181991795,3.406680774724515,33.46219308981601,39.023412713075146,53.19461715294784,62.159328586355684,-28.111264286666227,-14.757075649746128,foreign_policy
2026-04-15,36.24280290144558,57.67697286965176,-21.434169968206177,1.4186784753212067,2.286916181991795,3.406680774724515,33.46219308981601,39.023412713075146,53.19461715294784,62.159328586355684,-28.111264286666227,-14.757075649746128,foreign_policy
2026-04-16,36.242802901445586,57.67697286965176,-21.43416996820618,1.4186784753212067,2.286916181991795,3.406680774724515,33.46219308981602,39.02341271307515,53.19461715294784,62.159328586355684,-28.11126428666623,-14.757075649746131,foreign_policy
2026-04-17,36.242802901445586,57.67697286965176,-21.43416996820618,1.4186784753212067,2.286916181991795,3.406680774724515,33.46219308981602,39.02341271307515,53.19461715294784,62.159328586355684,-28.11126428666623,-14.757075649746131,foreign_policy
2026-04-18,36.24280290144558,57.67697286965176,-21.43416996820618,1.4186784753212067,2.2869161819917947,3.406680774724515,33.46219308981601,39.023412713075146,53.19461715294784,62.159328586355684,-28.11126428666623,-14.757075649746131,foreign_policy
2026-04-19,35.872700404358135,58.323862737590375,-22.451162333232237,1.2337431253704314,2.005951326727414,3.0221986762518953,33.45456387863209,38.29083693008418,54.392198137204645,62.255527337976105,-28.37467173868595,-16.527652927778522,foreign_policy
2026-04-20,35.7626075550142,57.892294804020636,-22.12968724900644,1.6608743950744387,1.8039124825459505,3.1234179277711296,32.5072937406683,39.017921369360096,54.356626338230576,61.4279632698107,-28.251586387437854,-16.007788110575028,foreign_policy
2026-04-21,35.76260755501419,57.89229480402063,-22.129687249006437,1.6608743950744387,1.8039124825459505,3.1234179277711296,32.507293740668295,39.01792136936009,54.35662633823057,61.42796326981069,-28.25158638743785,-16.007788110575024,foreign_policy
2026-04-22,35.7626075550142,57.892294804020636,-22.12968724900644,1.660874395074439,1.8039124825459507,3.12341792777113,32.5072937406683,39.017921369360096,54.356626338230576,61.4279632698107,-28.251586387437854,-16.007788110575028,foreign_policy
2026-04-23,35.76260755501419,57.892294804020636,-22.129687249006437,1.660874395074439,1.8039124825459505,3.1234179277711296,32.50729374066829,39.017921369360096,54.356626338230576,61.4279632698107,-28.25158638743785,-16.007788110575024,foreign_policy
2026-04-24,35.76260755501419,57.89229480402063,-22.129687249006437,1.660874395074439,1.8039124825459505,3.1234179277711296,32.50729374066829,39.017921369360096,54.35662633823057,61.42796326981069,-28.25158638743785,-16.007788110575024,foreign_policy
2026-04-25,35.76260755501419,57.89229480402063,-22.129687249006437,1.660874395074439,1.8039124825459505,3.1234179277711296,32.50729374066829,39.017921369360096,54.35662633823057,61.42796326981069,-28.25158638743785,-16.007788110575024,foreign_policy
2026-04-26,36.13906004479245,57.338079640032184,-21.19901959523973,1.7269058438004887,1.7142358554018213,2.968372120753833,32.75432459094349,39.52379549864141,53.978177363444615,60.69798191661975,-27.017028951917244,-15.381010238562215,foreign_policy
2026-04-27,35.963100190152396,57.35978158615859,-21.396681396006194,1.83707142574062,1.6957199669896903,3.144155536856581,32.36244019570078,39.563760184604014,54.0361704508588,60.68339272145838,-27.559226248245093,-15.234136543767296,foreign_policy
2026-04-28,35.963100190152396,57.35978158615859,-21.396681396006194,1.83707142574062,1.6957199669896903,3.144155536856581,32.36244019570078,39.563760184604014,54.0361704508588,60.68339272145838,-27.559226248245093,-15.234136543767296,foreign_policy
2026-04-29,35.963100190152396,57.35978158615859,-21.396681396006194,1.83707142574062,1.6957199669896903,3.144155536856581,32.36244019570078,39.563760184604014,54.0361704508588,60.68339272145838,-27.559226248245093,-15.234136543767296,foreign_policy
2026-04-30,35.96310019015239,57.35978158615858,-21.39668139600619,1.83707142574062,1.69571996698969,3.1441555368565806,32.36244019570077,39.56376018460401,54.03617045085879,60.683392721458375,-27.55922624824509,-15.234136543767292,foreign_policy
2026-05-01,35.963100190152396,57.35978158615859,-21.396681396006194,1.83707142574062,1.6957199669896903,3.144155536856581,32.36244019570078,39.563760184604014,54.0361704508588,60.68339272145838,-27.559226248245093,-15.234136543767296,foreign_policy
2026-05-02,35.963100190152396,57.35978158615859,-21.396681396006194,1.83707142574062,1.6957199669896903,3.144155536856581,32.36244019570078,39.563760184604014,54.0361704508588,60.68339272145838,-27.559226248245093,-15.234136543767296,foreign_policy
2026-05-03,35.900017157846456,57.31594419940649,-21.415927041560032,1.7620969205290817,1.6374339345271052,3.0013796520054887,32.44630719360946,39.353727122083455,54.10657368773336,60.525314711079616,-27.29863115949079,-15.533222923629275,foreign_policy
2026-05-04,35.413459796146924,57.91724762538249,-22.50378782923556,2.159618935659503,2.3048221783647875,4.190239733101815,31.1806066822543,39.64631291003955,53.399796155787506,62.43469909497747,-30.716657706115114,-14.290917952356002,foreign_policy
2026-05-05,35.69949896337579,57.84140457735114,-22.141905613975354,1.899924419236367,1.9962050705162457,3.658100850692147,31.975647101672507,39.42335082507907,53.9288426391393,61.753966515562986,-29.311783281331962,-14.972027946618745,foreign_policy
2026-05-06,35.69949896337579,57.841404577351135,-22.14190561397535,1.8999244192363667,1.9962050705162455,3.6581008506921466,31.97564710167251,39.42335082507907,53.92884263913929,61.75396651556298,-29.311783281331955,-14.972027946618743,foreign_policy
2026-05-07,35.97377797813663,58.247831809658564,-22.27405383152193,1.7895994358611085,1.9670626595276373,3.287904159293344,32.46616308384886,39.4813928724244,54.392388996984394,62.103274622332734,-28.71834598373688,-15.829761679306975,foreign_policy
2026-05-08,35.97377797813664,58.247831809658564,-22.27405383152193,1.7895994358611087,1.9670626595276375,3.287904159293344,32.46616308384887,39.48139287242441,54.392388996984394,62.103274622332734,-28.71834598373688,-15.829761679306975,foreign_policy
2026-05-09,35.97377797813663,58.247831809658564,-22.27405383152193,1.7895994358611087,1.9670626595276375,3.287904159293344,32.466163083848855,39.48139287242441,54.392388996984394,62.103274622332734,-28.71834598373688,-15.829761679306975,foreign_policy
2026-05-10,35.97377797813663,58.24783180965856,-22.27405383152193,1.7895994358611085,1.9670626595276373,3.287904159293344,32.46616308384886,39.4813928724244,54.39238899698439,62.10327462233273,-28.71834598373688,-15.829761679306975,foreign_policy
2026-05-11,36.07989204858303,58.368713343241886,-22.28882129465886,1.685527575273995,1.9172439982916547,3.1083363496889063,32.776258001045996,39.38352609612006,54.61091510659024,62.12651157989353,-28.381160540049116,-16.196482049268603,foreign_policy
2026-05-12,36.07989204858303,58.36871334324188,-22.288821294658856,1.6855275752739949,1.9172439982916545,3.1083363496889063,32.776258001045996,39.38352609612006,54.610915106590234,62.126511579893524,-28.381160540049112,-16.1964820492686,foreign_policy
2026-05-13,36.07989204858303,58.368713343241886,-22.28882129465886,1.6855275752739953,1.9172439982916547,3.1083363496889063,32.776258001045996,39.38352609612006,54.61091510659024,62.12651157989353,-28.381160540049116,-16.196482049268603,foreign_policy
2026-05-14,36.07989204858303,58.368713343241886,-22.28882129465886,1.685527575273995,1.9172439982916547,3.1083363496889063,32.776258001045996,39.38352609612006,54.61091510659024,62.12651157989353,-28.381160540049116,-16.196482049268603,foreign_policy
2026-05-15,36.07989204858303,58.368713343241886,-22.288821294658856,1.685527575273995,1.9172439982916547,3.1083363496889063,32.776258001045996,39.38352609612006,54.61091510659024,62.12651157989353,-28.381160540049112,-16.1964820492686,foreign_policy
2026-05-16,36.07989204858303,58.368713343241886,-22.28882129465886,1.685527575273995,1.9172439982916547,3.1083363496889063,32.776258001045996,39.38352609612006,54.61091510659024,62.12651157989353,-28.381160540049116,-16.196482049268603,foreign_policy
2026-05-17,35.87876820438879,58.40512818231884,-22.526359977930053,1.6553605179648525,1.78171520002883,2.9449273583947058,32.63426158917768,39.1232748195999,54.91296639026233,61.89728997437535,-28.298417600383676,-16.75430235547643,foreign_policy
2026-05-18,35.37100600236763,58.72265086533151,-23.351644862963877,1.6120651282022347,1.5471945357744163,2.781634824053062,32.21135835109125,38.53065365364401,55.69014957521365,61.755152155449366,-28.803649118107877,-17.899640607819876,foreign_policy
2026-05-19,35.34836592047357,58.68535246320247,-23.3369865427289,1.590039289121958,1.5346498382662246,2.73649196896287,32.231888913794535,38.4648429271526,55.67743878020067,61.69326614620427,-28.700510801896126,-17.973462283561677,foreign_policy
2026-05-20,35.34836592047357,58.68535246320247,-23.3369865427289,1.590039289121958,1.5346498382662246,2.73649196896287,32.231888913794535,38.4648429271526,55.67743878020067,61.69326614620427,-28.700510801896126,-17.973462283561677,foreign_policy
2026-05-21,35.457605042144316,58.57032068441959,-23.11271564227528,1.6886986590637056,1.6513384177251351,2.9906879085271476,32.14775567037945,38.76745441390918,55.33369738567833,61.806943983160856,-28.97446394298849,-17.25096734156207,foreign_policy
2026-05-22,35.457605042144316,58.5703206844196,-23.11271564227528,1.6886986590637056,1.6513384177251351,2.9906879085271476,32.14775567037945,38.76745441390918,55.333697385678335,61.80694398316086,-28.97446394298849,-17.25096734156207,foreign_policy
2026-05-23,35.457605042144316,58.5703206844196,-23.11271564227528,1.6886986590637056,1.6513384177251351,2.9906879085271476,32.14775567037945,38.76745441390918,55.333697385678335,61.80694398316086,-28.97446394298849,-17.25096734156207,foreign_policy
2026-05-24,35.37504880945548,58.569286860662075,-23.194238051206597,1.631057053929388,1.5717341257346074,2.8579861399986153,32.17817698375388,38.57192063515708,55.488687974222245,61.649885747101905,-28.795890885603882,-17.59258521680931,foreign_policy
2026-05-25,35.37504880945547,58.56928686066207,-23.194238051206597,1.631057053929388,1.5717341257346074,2.8579861399986153,32.17817698375387,38.57192063515707,55.48868797422224,61.6498857471019,-28.795890885603882,-17.59258521680931,foreign_policy
2026-05-26,35.94516564795057,58.15228123393911,-22.207115585988543,1.8903242889199532,1.6621561237295548,3.2968184721207248,32.240130041667456,39.65020125423368,54.89445523142918,61.410107236449036,-28.668879791345162,-15.745351380631924,foreign_policy
2026-05-27,35.945165647950574,58.152281233939114,-22.207115585988543,1.8903242889199534,1.6621561237295548,3.2968184721207248,32.24013004166746,39.650201254233686,54.894455231429184,61.41010723644904,-28.668879791345162,-15.745351380631924,foreign_policy
2026-05-28,35.94516564795057,58.15228123393911,-22.20711558598854,1.8903242889199532,1.6621561237295548,3.2968184721207248,32.240130041667456,39.65020125423368,54.89445523142918,61.410107236449036,-28.66887979134516,-15.74535138063192,foreign_policy
2026-05-29,35.94516564795057,58.152281233939114,-22.207115585988543,1.8903242889199532,1.6621561237295548,3.2968184721207248,32.240130041667456,39.65020125423368,54.894455231429184,61.41010723644904,-28.668879791345162,-15.745351380631924,foreign_policy
2026-05-30,35.94516564795057,58.152281233939114,-22.207115585988543,1.8903242889199534,1.6621561237295548,3.2968184721207248,32.240130041667456,39.65020125423368,54.894455231429184,61.41010723644904,-28.668879791345162,-15.745351380631924,foreign_policy
2026-05-31,35.94516564795057,58.15228123393911,-22.207115585988543,1.8903242889199532,1.6621561237295548,3.2968184721207248,32.240130041667456,39.65020125423368,54.89445523142918,61.410107236449036,-28.668879791345162,-15.745351380631924,foreign_policy
2026-06-01,35.94516564795057,58.152281233939114,-22.207115585988543,1.8903242889199532,1.6621561237295548,3.2968184721207248,32.240130041667456,39.65020125423368,54.894455231429184,61.41010723644904,-28.668879791345162,-15.745351380631924,foreign_policy
2026-06-02,35.94516564795057,58.152281233939114,-22.207115585988543,1.8903242889199532,1.6621561237295548,3.2968184721207248,32.240130041667456,39.65020125423368,54.894455231429184,61.41010723644904,-28.668879791345162,-15.745351380631924,foreign_policy
2026-06-03,35.94516564795057,58.15228123393911,-22.207115585988543,1.8903242889199532,1.6621561237295548,3.2968184721207248,32.240130041667456,39.65020125423368,54.89445523142918,61.410107236449036,-28.668879791345162,-15.745351380631924,foreign_policy
2025-01-21,40.63475968716398,40.60747089625757,0.02728879090641101,0,0,0,40.63475968716398,40.63475968716398,40.60747089625757,40.60747089625757,0.02728879090641101,0.02728879090641101,trade_tariffs
2025-01-22,40.63475968716398,40.60747089625757,0.02728879090641101,0,0,0,40.63475968716398,40.63475968716398,40.60747089625757,40.60747089625757,0.02728879090641101,0.02728879090641101,trade_tariffs
2025-01-23,40.63475968716398,40.60747089625757,0.02728879090641101,0,0,0,40.63475968716398,40.63475968716398,40.60747089625757,40.60747089625757,0.02728879090641101,0.02728879090641101,trade_tariffs
2025-01-24,40.63475968716398,40.60747089625757,0.02728879090641101,0,0,0,40.63475968716398,40.63475968716398,40.60747089625757,40.60747089625757,0.02728879090641101,0.02728879090641101,trade_tariffs
2025-01-25,40.63475968716398,40.60747089625757,0.02728879090641101,0,0,0,40.63475968716398,40.63475968716398,40.60747089625757,40.60747089625757,0.02728879090641101,0.02728879090641101,trade_tariffs
2025-01-26,42.5753426429987,43.81577086539386,-1.2404282223951593,1.3938657485122063,2.3044309569380337,0.9105652084258274,39.843365775914776,45.30731951008262,39.29908618979531,48.332455540992406,-3.0251360309097812,0.5442795861194625,trade_tariffs
2025-01-27,42.5753426429987,43.81577086539386,-1.2404282223951593,1.3938657485122063,2.3044309569380337,0.9105652084258274,39.843365775914776,45.30731951008262,39.29908618979531,48.332455540992406,-3.0251360309097812,0.5442795861194625,trade_tariffs
2025-01-28,42.5753426429987,43.81577086539386,-1.2404282223951593,1.3938657485122063,2.3044309569380337,0.9105652084258274,39.843365775914776,45.30731951008262,39.29908618979531,48.332455540992406,-3.0251360309097812,0.5442795861194625,trade_tariffs
2025-01-29,42.5753426429987,43.81577086539386,-1.2404282223951593,1.3938657485122063,2.3044309569380337,0.9105652084258274,39.843365775914776,45.30731951008262,39.29908618979531,48.332455540992406,-3.0251360309097812,0.5442795861194625,trade_tariffs
2025-01-30,42.57534264299869,43.81577086539386,-1.240428222395159,1.3938657485122061,2.3044309569380337,0.9105652084258274,39.84336577591477,45.307319510082614,39.29908618979531,48.332455540992406,-3.025136030909781,0.5442795861194627,trade_tariffs
2025-01-31,42.5753426429987,43.81577086539386,-1.2404282223951593,1.3938657485122061,2.3044309569380337,0.9105652084258274,39.843365775914776,45.30731951008262,39.29908618979531,48.332455540992406,-3.0251360309097812,0.5442795861194625,trade_tariffs
2025-02-01,42.5753426429987,43.81577086539386,-1.2404282223951593,1.3938657485122063,2.3044309569380337,0.9105652084258274,39.843365775914776,45.30731951008262,39.29908618979531,48.332455540992406,-3.0251360309097812,0.5442795861194625,trade_tariffs
2025-02-02,42.02426000272635,44.80080202985882,-2.776542027132472,1.6372082889839146,2.8026815577402036,3.090475694451043,38.815331756317875,45.23318824913483,39.30754617668802,50.29405788302962,-8.833874388256516,3.2807903339915723,trade_tariffs
2025-02-03,41.669624007803435,46.36978064540108,-4.700156637597646,1.2150466902171768,2.9387091151947584,3.1667531027582756,39.288132494977766,44.051115520629104,40.609910779619355,52.1296505111828,-10.906992719003867,1.5066794438085749,trade_tariffs
2025-02-04,41.66962400780344,46.369780645401086,-4.7001566375976465,1.215046690217177,2.938709115194759,3.166753102758276,39.28813249497777,44.05111552062911,40.609910779619355,52.12965051118282,-10.906992719003867,1.5066794438085749,trade_tariffs
2025-02-05,41.66962400780344,46.369780645401086,-4.7001566375976465,1.215046690217177,2.938709115194759,3.166753102758276,39.28813249497777,44.05111552062911,40.609910779619355,52.12965051118282,-10.906992719003867,1.5066794438085749,trade_tariffs
2025-02-06,41.66962400780344,46.369780645401086,-4.7001566375976465,1.215046690217177,2.938709115194759,3.166753102758276,39.28813249497777,44.05111552062911,40.609910779619355,52.12965051118282,-10.906992719003867,1.5066794438085749,trade_tariffs
2025-02-07,41.66962400780344,46.369780645401086,-4.7001566375976465,1.215046690217177,2.938709115194759,3.166753102758276,39.28813249497777,44.05111552062911,40.609910779619355,52.12965051118282,-10.906992719003867,1.5066794438085749,trade_tariffs
2025-02-08,41.66962400780344,46.369780645401086,-4.7001566375976465,1.2150466902171768,2.938709115194759,3.166753102758276,39.28813249497777,44.05111552062911,40.609910779619355,52.12965051118282,-10.906992719003867,1.5066794438085749,trade_tariffs
2025-02-09,41.08615940566502,48.80817230225701,-7.722012896591992,1.0056503013558822,3.4151613521776123,3.89516180601618,39.11508481500749,43.05723399632255,42.114456051988896,55.50188855252513,-15.356530036383704,-0.08749575680027988,trade_tariffs
2025-02-10,41.08615940566502,48.80817230225702,-7.722012896591992,1.0056503013558822,3.4151613521776123,3.89516180601618,39.11508481500749,43.05723399632255,42.1144560519889,55.50188855252514,-15.356530036383704,-0.08749575680027988,trade_tariffs
2025-02-11,41.08615940566502,48.80817230225702,-7.722012896591992,1.0056503013558822,3.4151613521776123,3.89516180601618,39.11508481500749,43.05723399632255,42.1144560519889,55.50188855252514,-15.356530036383704,-0.08749575680027988,trade_tariffs
2025-02-12,41.08615940566502,48.80817230225702,-7.722012896591992,1.0056503013558822,3.4151613521776123,3.89516180601618,39.11508481500749,43.05723399632255,42.1144560519889,55.50188855252514,-15.356530036383704,-0.08749575680027988,trade_tariffs
2025-02-13,40.60697107928723,49.61162173619673,-9.004650656909506,0.9315170399957183,2.723084864770027,3.269330720483398,38.781197680895616,42.43274447767884,44.274375401247475,54.94886807114599,-15.412538869056966,-2.5967624447620468,trade_tariffs
2025-02-14,40.60697107928723,49.61162173619673,-9.004650656909506,0.9315170399957183,2.723084864770027,3.269330720483398,38.781197680895616,42.43274447767884,44.274375401247475,54.94886807114599,-15.412538869056966,-2.5967624447620468,trade_tariffs
2025-02-15,40.60697107928723,49.61162173619673,-9.004650656909506,0.9315170399957183,2.723084864770027,3.269330720483398,38.781197680895616,42.43274447767884,44.274375401247475,54.94886807114599,-15.412538869056966,-2.5967624447620468,trade_tariffs
2025-02-16,41.193476678254655,49.54615534781429,-8.352678669559634,1.1060730289564389,2.206573209071568,2.795607204853148,39.02557354150004,43.36137981500927,45.221271858034015,53.87103883759457,-13.832068791071805,-2.873288548047463,trade_tariffs
2025-02-17,40.7488039926353,49.90063120254751,-9.151827209912202,1.1672267689652298,1.9446840905682712,2.674744417860096,38.461039525463455,43.03656845980715,46.089050385033694,53.71221202006132,-14.39432626891799,-3.909328150906415,trade_tariffs
2025-02-18,40.40096938494262,49.85965520370346,-9.458685818760838,1.1003844658914705,1.4742440799409409,2.1476288099107834,38.24421583179534,42.5577229380899,46.970136807019216,52.74917360038771,-13.668038286185972,-5.249333351335703,trade_tariffs
2025-02-19,40.03244694841493,49.789335832647104,-9.756888884232174,1.3296097459738463,1.36563890362377,2.0946148956446256,37.42641184630619,42.63848205052367,47.112683581544516,52.46598808374969,-13.86233407969564,-5.651443688768707,trade_tariffs
2025-02-20,40.032446948414936,49.78933583264711,-9.756888884232175,1.3296097459738465,1.3656389036237702,2.0946148956446256,37.426411846306195,42.63848205052368,47.11268358154452,52.4659880837497,-13.862334079695643,-5.651443688768709,trade_tariffs
2025-02-21,40.03244694841493,49.789335832647104,-9.756888884232175,1.3296097459738463,1.36563890362377,2.0946148956446256,37.42641184630619,42.63848205052367,47.112683581544516,52.46598808374969,-13.862334079695643,-5.651443688768709,trade_tariffs
2025-02-22,40.03244694841493,49.789335832647104,-9.756888884232174,1.3296097459738465,1.36563890362377,2.0946148956446256,37.42641184630619,42.63848205052367,47.112683581544516,52.46598808374969,-13.86233407969564,-5.651443688768707,trade_tariffs
2025-02-23,40.032446948414936,49.78933583264711,-9.756888884232175,1.3296097459738465,1.36563890362377,2.0946148956446256,37.426411846306195,42.63848205052368,47.11268358154452,52.4659880837497,-13.862334079695643,-5.651443688768709,trade_tariffs
2025-02-24,40.356537234707154,49.93869830157955,-9.582161066872395,1.3372626954684954,1.2227407099891416,1.8594880133404932,37.735502351588906,42.9775721178254,47.542126510000834,52.335270093158265,-13.22675757301976,-5.937564560725028,trade_tariffs
2025-02-25,40.356537234707154,49.93869830157955,-9.582161066872393,1.3372626954684954,1.2227407099891414,1.8594880133404932,37.735502351588906,42.9775721178254,47.542126510000834,52.335270093158265,-13.22675757301976,-5.9375645607250265,trade_tariffs
2025-02-26,40.35653723470715,49.93869830157954,-9.582161066872393,1.3372626954684952,1.2227407099891416,1.859488013340493,37.7355023515889,42.977572117825396,47.54212651000083,52.33527009315826,-13.226757573019759,-5.937564560725027,trade_tariffs
2025-02-27,40.356537234707154,49.93869830157954,-9.582161066872393,1.3372626954684954,1.2227407099891416,1.8594880133404932,37.735502351588906,42.9775721178254,47.54212651000083,52.33527009315826,-13.22675757301976,-5.9375645607250265,trade_tariffs
2025-02-28,40.35653723470715,49.93869830157954,-9.582161066872393,1.3372626954684954,1.2227407099891416,1.8594880133404932,37.7355023515889,42.977572117825396,47.54212651000083,52.33527009315826,-13.22675757301976,-5.9375645607250265,trade_tariffs
2025-03-01,40.25668123614108,49.912094899585206,-9.655413663444127,1.3404761806819405,1.1827152954989792,1.8112806054466872,37.62934792200447,42.88401455027768,47.593972920407204,52.23021687876321,-13.205523650119634,-6.105303676768621,trade_tariffs
2025-03-02,40.44269458576777,49.994345404077976,-9.551650818310211,1.3237744568106817,1.0992199125552482,1.6779065353621614,37.84809665041883,43.037292521116704,47.83987437546969,52.14881643268626,-12.840347627620048,-6.262954009000374,trade_tariffs
2025-03-03,40.44269458576777,49.994345404077976,-9.551650818310211,1.3237744568106817,1.0992199125552482,1.6779065353621614,37.84809665041883,43.037292521116704,47.83987437546969,52.14881643268626,-12.840347627620048,-6.262954009000374,trade_tariffs
2025-03-04,40.04332805430926,50.43019460553074,-10.386866551221487,1.4258618990753498,1.1298526761250154,2.0763891599541093,37.24863873212157,42.83801737649694,48.215683360325706,52.64470585073577,-14.45658930473154,-6.3171437977114335,trade_tariffs
2025-03-05,40.04332805430925,50.43019460553074,-10.386866551221487,1.4258618990753498,1.1298526761250154,2.076389159954109,37.24863873212156,42.838017376496936,48.215683360325706,52.64470585073577,-14.45658930473154,-6.317143797711434,trade_tariffs
2025-03-06,40.04332805430925,50.43019460553074,-10.386866551221487,1.4258618990753498,1.1298526761250154,2.076389159954109,37.24863873212156,42.838017376496936,48.215683360325706,52.64470585073577,-14.45658930473154,-6.317143797711434,trade_tariffs
2025-03-07,40.04332805430925,50.43019460553074,-10.386866551221486,1.4258618990753498,1.1298526761250154,2.076389159954109,37.24863873212156,42.838017376496936,48.215683360325706,52.64470585073577,-14.456589304731539,-6.317143797711433,trade_tariffs
2025-03-08,40.04332805430926,50.430194605530744,-10.386866551221487,1.42586189907535,1.1298526761250154,2.0763891599541093,37.24863873212157,42.83801737649694,48.21568336032571,52.644705850735775,-14.45658930473154,-6.3171437977114335,trade_tariffs
2025-03-09,39.84348990900425,51.60465159964319,-11.761161690638941,1.2147425910203702,2.111808589843487,2.715860022908888,37.46259443060432,42.224385387404176,47.46550676354995,55.74379643573643,-17.08424733554036,-6.438076045737521,trade_tariffs
2025-03-10,39.84348990900425,51.60465159964319,-11.761161690638941,1.2147425910203702,2.111808589843487,2.715860022908888,37.46259443060432,42.224385387404176,47.46550676354995,55.74379643573643,-17.08424733554036,-6.438076045737521,trade_tariffs
2025-03-11,39.84348990900425,51.604651599643184,-11.76116169063894,1.21474259102037,2.1118085898434864,2.715860022908888,37.46259443060432,42.224385387404176,47.46550676354995,55.743796435736414,-17.08424733554036,-6.438076045737519,trade_tariffs
2025-03-12,39.34398057201457,51.621976747869084,-12.277996175854511,1.6385617755581998,1.9478436572543611,2.776856243793393,36.1323994919205,42.55556165210864,47.804203179650536,55.43975031608763,-17.72063441368956,-6.835357938019461,trade_tariffs
2025-03-13,38.72738414980312,51.897394885138624,-13.170010735335499,1.751865369046875,1.742106848251798,2.8168693632416857,35.29372802647125,42.161040273134994,48.4828654625651,55.31192430771215,-18.691074687289202,-7.648946783381795,trade_tariffs
2025-03-14,38.727384149803115,51.89739488513862,-13.170010735335497,1.7518653690468748,1.7421068482517978,2.8168693632416857,35.29372802647124,42.16104027313499,48.482865462565094,55.31192430771214,-18.691074687289202,-7.648946783381793,trade_tariffs
2025-03-15,38.727384149803115,51.89739488513862,-13.170010735335497,1.751865369046875,1.742106848251798,2.8168693632416857,35.29372802647124,42.16104027313499,48.482865462565094,55.31192430771214,-18.691074687289202,-7.648946783381793,trade_tariffs
2025-03-16,38.81633565416451,52.30372149806784,-13.487385843903326,1.6251425471011,1.8470750751628247,2.6325542668183575,35.631056261846354,42.00161504648267,48.683454350748704,55.92398864538697,-18.647192206867306,-8.327579480939345,trade_tariffs
2025-03-17,38.81633565416451,52.30372149806784,-13.487385843903326,1.6251425471011,1.8470750751628247,2.632554266818358,35.631056261846354,42.00161504648267,48.683454350748704,55.92398864538697,-18.647192206867306,-8.327579480939345,trade_tariffs
2025-03-18,38.81633565416451,52.303721498067844,-13.487385843903327,1.6251425471011,1.8470750751628247,2.632554266818358,35.631056261846354,42.00161504648267,48.68345435074871,55.92398864538698,-18.64719220686731,-8.327579480939345,trade_tariffs
2025-03-19,38.81633565416451,52.303721498067844,-13.487385843903327,1.6251425471011,1.8470750751628247,2.632554266818358,35.631056261846354,42.00161504648267,48.68345435074871,55.92398864538698,-18.64719220686731,-8.327579480939345,trade_tariffs
2025-03-20,38.81633565416451,52.30372149806784,-13.487385843903326,1.6251425471010998,1.8470750751628247,2.6325542668183575,35.631056261846354,42.00161504648267,48.683454350748704,55.92398864538697,-18.647192206867306,-8.327579480939345,trade_tariffs
2025-03-21,38.81633565416451,52.303721498067844,-13.487385843903327,1.6251425471011,1.8470750751628247,2.632554266818358,35.631056261846354,42.00161504648267,48.68345435074871,55.92398864538698,-18.64719220686731,-8.327579480939345,trade_tariffs
2025-03-22,38.81633565416451,52.30372149806784,-13.487385843903326,1.6251425471011,1.8470750751628247,2.632554266818358,35.631056261846354,42.00161504648267,48.683454350748704,55.92398864538697,-18.647192206867306,-8.327579480939345,trade_tariffs
2025-03-23,38.9475798899799,52.527236816223215,-13.579656926243311,1.4742844043997216,1.6920413294119956,2.324420052263879,36.057982457356445,41.83717732260335,49.2108358105757,55.84363782187073,-18.135520228680512,-9.0237936238061085,trade_tariffs
2025-03-24,38.9475798899799,52.52723681622321,-13.57965692624331,1.4742844043997216,1.6920413294119956,2.324420052263879,36.057982457356445,41.83717732260335,49.210835810575695,55.84363782187072,-18.135520228680512,-9.023793623806107,trade_tariffs
2025-03-25,38.9475798899799,52.52723681622321,-13.57965692624331,1.4742844043997214,1.6920413294119956,2.324420052263879,36.057982457356445,41.83717732260335,49.210835810575695,55.84363782187072,-18.135520228680512,-9.023793623806107,trade_tariffs
2025-03-26,38.9475798899799,52.527236816223215,-13.579656926243311,1.4742844043997216,1.6920413294119956,2.324420052263879,36.057982457356445,41.83717732260335,49.2108358105757,55.84363782187073,-18.135520228680512,-9.0237936238061085,trade_tariffs
2025-03-27,39.06156837332126,52.654587424833046,-13.593019051511787,1.4269448086542353,1.6123594432360908,2.1825781555352837,36.26475654835896,41.858380198283555,49.49436291609031,55.81481193357578,-17.870872236360942,-9.315165866662632,trade_tariffs
2025-03-28,39.06156837332126,52.65458742483304,-13.593019051511785,1.4269448086542353,1.6123594432360908,2.1825781555352832,36.26475654835896,41.858380198283555,49.4943629160903,55.814811933575776,-17.87087223636094,-9.31516586666263,trade_tariffs
2025-03-29,39.06156837332126,52.654587424833046,-13.593019051511785,1.4269448086542353,1.6123594432360908,2.1825781555352832,36.26475654835896,41.858380198283555,49.49436291609031,55.81481193357578,-17.87087223636094,-9.31516586666263,trade_tariffs
2025-03-30,38.906747942121555,53.3702415747209,-14.463493632599347,1.2556621822981768,1.8754225568013685,2.384716693202655,36.44565006481713,41.36784581942598,49.69441336339022,57.04606978605158,-19.13753835127655,-9.789448913922143,trade_tariffs
2025-03-31,38.906747942121555,53.3702415747209,-14.463493632599345,1.2556621822981768,1.8754225568013685,2.384716693202655,36.44565006481713,41.36784581942598,49.69441336339022,57.04606978605158,-19.137538351276547,-9.789448913922142,trade_tariffs
2025-04-01,37.72089926783546,54.23835971764786,-16.517460449812397,1.5841859251687935,1.7151863832476295,2.795557065907981,34.61589485450463,40.825903681166295,50.8765944064825,57.60012502881322,-21.99675229899204,-11.038168600632755,trade_tariffs
2025-04-02,37.48191357311755,53.8976861910856,-16.415772617968045,1.4720410101097132,1.6500489155169613,2.4746368323609302,34.59671319330251,40.36711395293259,50.663590316672355,57.13178206549884,-21.26606080939547,-11.565484426540621,trade_tariffs
2025-04-03,37.48191357311755,53.8976861910856,-16.415772617968045,1.4720410101097132,1.6500489155169615,2.4746368323609302,34.59671319330251,40.36711395293259,50.663590316672355,57.13178206549884,-21.26606080939547,-11.565484426540621,trade_tariffs
2025-04-04,37.48191357311755,53.8976861910856,-16.415772617968045,1.4720410101097132,1.6500489155169613,2.4746368323609302,34.59671319330251,40.36711395293259,50.663590316672355,57.13178206549884,-21.26606080939547,-11.565484426540621,trade_tariffs
2025-04-05,37.481913573117545,53.89768619108559,-16.415772617968045,1.4720410101097132,1.6500489155169613,2.4746368323609302,34.596713193302506,40.367113952932584,50.66359031667235,57.13178206549883,-21.26606080939547,-11.565484426540621,trade_tariffs
2025-04-06,37.481913573117545,53.89768619108559,-16.415772617968045,1.4720410101097132,1.6500489155169613,2.4746368323609302,34.596713193302506,40.367113952932584,50.66359031667235,57.13178206549883,-21.26606080939547,-11.565484426540621,trade_tariffs
2025-04-07,37.67970992686805,54.02872313209712,-16.349013205229067,1.2669080261131764,1.387358685258805,2.0626000119982786,35.19657019568622,40.16284965804988,51.309500108989866,56.747946155204374,-20.391709228745693,-12.30631718171244,trade_tariffs
2025-04-08,37.77997417648122,53.490753302595415,-15.710779126114202,1.1159677918839668,1.5345818461018659,2.1174177819569837,35.592677304388644,39.96727104857379,50.48297288423576,56.49853372095507,-19.86091797874989,-11.560640273478514,trade_tariffs
2025-04-09,37.965296499802264,53.69003046333983,-15.724733963537567,1.1415672426012118,1.5165573405428248,1.9717463891371654,35.72782470430389,40.202768295300636,50.71757807587589,56.66248285080377,-19.58935688624641,-11.860111040828723,trade_tariffs
2025-04-10,37.965296499802264,53.69003046333984,-15.724733963537567,1.1415672426012118,1.5165573405428248,1.9717463891371654,35.72782470430389,40.202768295300636,50.7175780758759,56.66248285080378,-19.58935688624641,-11.860111040828723,trade_tariffs
2025-04-11,37.965296499802264,53.69003046333983,-15.724733963537565,1.1415672426012118,1.5165573405428248,1.9717463891371654,35.72782470430389,40.202768295300636,50.71757807587589,56.66248285080377,-19.58935688624641,-11.86011104082872,trade_tariffs
2025-04-12,37.965296499802264,53.69003046333983,-15.724733963537565,1.1415672426012118,1.5165573405428245,1.9717463891371652,35.72782470430389,40.202768295300636,50.71757807587589,56.66248285080377,-19.58935688624641,-11.860111040828722,trade_tariffs
2025-04-13,37.441379500746386,55.30834285886559,-17.866963358119207,1.3269533230896253,2.272617904739383,3.1165089523184486,34.84055098749072,40.04220801400205,50.8540117655764,59.762673952154785,-23.975320904663366,-11.758605811575048,trade_tariffs
2025-04-14,37.23467465601631,55.510644352650715,-18.2759696966344,1.3317311159735035,2.152627033384406,3.04722416789389,34.62448166870824,39.84486764332438,51.29149536721728,59.72979333808415,-24.248529065706425,-12.303410327562379,trade_tariffs
2025-04-15,37.04025403253451,55.72381834826752,-18.683564315733005,1.3511924234214778,1.9003083996916021,2.826852521763911,34.391916882628415,39.68859118244061,51.99921388487198,59.448422811663065,-24.22419525839027,-13.142933373075739,trade_tariffs
2025-04-16,37.04025403253451,55.72381834826752,-18.683564315733005,1.3511924234214778,1.900308399691602,2.826852521763911,34.391916882628415,39.68859118244061,51.999213884871985,59.44842281166306,-24.22419525839027,-13.142933373075739,trade_tariffs
2025-04-17,37.04025403253451,55.72381834826752,-18.683564315733005,1.3511924234214778,1.9003083996916021,2.826852521763911,34.391916882628415,39.68859118244061,51.99921388487198,59.448422811663065,-24.22419525839027,-13.142933373075739,trade_tariffs
2025-04-18,37.04025403253451,55.72381834826752,-18.683564315733005,1.3511924234214778,1.9003083996916021,2.826852521763911,34.391916882628415,39.68859118244061,51.99921388487198,59.448422811663065,-24.22419525839027,-13.142933373075739,trade_tariffs
2025-04-19,37.04025403253451,55.723818348267514,-18.683564315733,1.3511924234214776,1.900308399691602,2.8268525217639104,34.391916882628415,39.68859118244061,51.99921388487198,59.44842281166305,-24.224195258390267,-13.142933373075737,trade_tariffs
2025-04-20,37.06524588993431,55.899678463988515,-18.8344325740542,1.2727969824473508,1.8393125728116924,2.681316585448773,34.5705638043375,39.55992797553112,52.2946258212776,59.50473110669943,-24.089813081533798,-13.579052066574606,trade_tariffs
2025-04-21,36.56648043502119,55.12392881570524,-18.55744838068405,2.3926599082495463,1.963858466567413,3.446734218886502,31.87686701485208,41.2560938551903,51.274766221233115,58.97309141017737,-25.313047449701592,-11.801849311666507,trade_tariffs
2025-04-22,36.46296723214216,56.261836208548786,-19.798868976406624,2.2826977479158055,3.383029654615441,4.23242295485815,31.988879646227183,40.93705481805714,49.63109808550252,62.89257433159505,-28.094417967928596,-11.503319984884651,trade_tariffs
2025-04-23,36.38226646562998,56.22902954941336,-19.84676308378338,2.1148944364974374,3.122242404252693,3.9066048217301614,32.237073370095004,40.52745956116496,50.109434437078086,62.34862466174864,-27.503708534374496,-12.189817633192263,trade_tariffs
2025-04-24,36.87917337667149,55.65114143687497,-18.771968060203477,2.4517284589136428,3.4087866693760804,4.90570413173464,32.07378559720075,41.68456115614223,48.96991956489786,62.33236330885209,-28.38714815840337,-9.156787962003582,trade_tariffs
2025-04-25,36.87917337667149,55.65114143687497,-18.771968060203477,2.4517284589136428,3.4087866693760804,4.90570413173464,32.07378559720075,41.68456115614223,48.96991956489786,62.33236330885209,-28.38714815840337,-9.156787962003582,trade_tariffs
2025-04-26,36.87917337667149,55.651141436874966,-18.771968060203477,2.4517284589136428,3.408786669376081,4.90570413173464,32.07378559720075,41.68456115614223,48.96991956489785,62.33236330885208,-28.38714815840337,-9.156787962003582,trade_tariffs
2025-04-27,36.87917337667149,55.65114143687497,-18.77196806020348,2.4517284589136428,3.408786669376081,4.90570413173464,32.07378559720075,41.68456115614223,48.96991956489785,62.332363308852095,-28.387148158403377,-9.156787962003586,trade_tariffs
2025-04-28,36.55977112435665,55.49527360309194,-18.935502478735287,2.1867677204950784,3.039259765104036,4.287964519271296,32.2737063921863,40.845835856527,49.538324463488024,61.45222274269585,-27.339912936507027,-10.531092020963548,trade_tariffs
2025-04-29,36.55977112435665,55.495273603091945,-18.93550247873529,2.1867677204950784,3.039259765104036,4.287964519271296,32.2737063921863,40.845835856527,49.53832446348804,61.45222274269585,-27.33991293650703,-10.531092020963552,trade_tariffs
2025-04-30,36.55977112435665,55.49527360309194,-18.935502478735287,2.1867677204950784,3.039259765104036,4.287964519271296,32.2737063921863,40.845835856527,49.538324463488024,61.45222274269585,-27.339912936507027,-10.531092020963548,trade_tariffs
2025-05-01,36.55977112435666,55.495273603091945,-18.93550247873529,2.1867677204950784,3.0392597651040365,4.287964519271296,32.273706392186305,40.84583585652701,49.53832446348803,61.45222274269586,-27.33991293650703,-10.531092020963552,trade_tariffs
2025-05-02,36.55977112435665,55.49527360309194,-18.93550247873529,2.1867677204950784,3.039259765104036,4.287964519271295,32.2737063921863,40.845835856527,49.538324463488024,61.45222274269585,-27.339912936507027,-10.531092020963554,trade_tariffs
2025-05-03,36.55977112435665,55.49527360309194,-18.935502478735287,2.1867677204950784,3.039259765104036,4.287964519271296,32.2737063921863,40.845835856527,49.538324463488024,61.45222274269585,-27.339912936507027,-10.531092020963548,trade_tariffs
2025-05-04,36.41242927650362,55.78575020991733,-19.37332093341371,2.049060631311261,2.894942079913484,4.097325917624469,32.39627043913355,40.428588113873694,50.1116637332869,61.45983668654776,-27.40407973195767,-11.342562134869748,trade_tariffs
2025-05-05,36.25096160769798,55.66104632823755,-19.41008472053958,1.9844256966755909,2.7496650887738467,3.8684503173357694,32.361487242213826,40.140435973182136,50.27170275424081,61.05038990223429,-26.992247342517686,-11.827922098561473,trade_tariffs
2025-05-06,36.23286887278538,55.691380582866636,-19.458511710081254,1.955018093855809,2.710548557525168,3.815499427214138,32.401033408828,40.064704336742764,50.378705410117306,61.004055755615965,-26.936890587420965,-11.980132832741543,trade_tariffs
2025-05-07,36.23286887278538,55.691380582866636,-19.458511710081254,1.955018093855809,2.710548557525168,3.815499427214138,32.401033408828,40.064704336742764,50.378705410117306,61.004055755615965,-26.936890587420965,-11.980132832741543,trade_tariffs
2025-05-08,36.23286887278538,55.691380582866636,-19.458511710081257,1.955018093855809,2.710548557525168,3.815499427214138,32.401033408828,40.064704336742764,50.378705410117306,61.004055755615965,-26.93689058742097,-11.980132832741546,trade_tariffs
2025-05-09,36.23286887278538,55.69138058286664,-19.458511710081257,1.955018093855809,2.710548557525168,3.815499427214138,32.401033408828,40.064704336742764,50.37870541011731,61.00405575561597,-26.93689058742097,-11.980132832741546,trade_tariffs
2025-05-10,36.23286887278538,55.691380582866636,-19.458511710081257,1.955018093855809,2.710548557525168,3.815499427214138,32.401033408828,40.064704336742764,50.378705410117306,61.004055755615965,-26.93689058742097,-11.980132832741546,trade_tariffs
2025-05-11,36.57260311595982,55.46623544798208,-18.893632332022257,2.0109809468019293,2.57666355083941,3.7773946155651617,32.63108046022804,40.5141257716916,50.415974888336834,60.516496007627325,-26.297325778529974,-11.48993888551454,trade_tariffs
2025-05-12,36.87806804951344,55.4231661081361,-18.545098058622663,1.8124531826975745,2.248865083388611,3.3221190072230944,33.32565981142619,40.43047628760068,51.01539054469443,59.830941671577776,-25.056451312779927,-12.0337448044654,trade_tariffs
2025-05-13,37.738966683655505,54.64818694727867,-16.909220263623165,2.2942998224498843,2.481714688681975,4.268606482253979,33.242139031653736,42.235794335657275,49.784026157461994,59.51234773709534,-25.275688968840964,-8.542751558405367,trade_tariffs
2025-05-14,37.738966683655505,54.64818694727867,-16.909220263623162,2.2942998224498843,2.481714688681975,4.268606482253979,33.242139031653736,42.235794335657275,49.784026157461994,59.51234773709534,-25.27568896884096,-8.542751558405364,trade_tariffs
2025-05-15,37.38969823752526,54.865015982387995,-17.475317744862732,2.0366594353456127,2.3649443220100803,3.8891496595346005,33.39784574424786,41.38155073080266,50.229725111248236,59.50030685352775,-25.09805107755055,-9.852584412174915,trade_tariffs
2025-05-16,37.38969823752526,54.86501598238799,-17.475317744862732,2.0366594353456122,2.3649443220100803,3.8891496595346,33.39784574424786,41.38155073080266,50.22972511124823,59.500306853527746,-25.098051077550547,-9.852584412174917,trade_tariffs
2025-05-17,37.38969823752526,54.865015982387995,-17.475317744862732,2.0366594353456127,2.3649443220100803,3.8891496595346005,33.39784574424786,41.38155073080266,50.229725111248236,59.50030685352775,-25.09805107755055,-9.852584412174915,trade_tariffs
2025-05-18,37.389698237525266,54.865015982388,-17.475317744862735,2.0366594353456127,2.3649443220100803,3.8891496595346005,33.39784574424787,41.381550730802665,50.22972511124824,59.50030685352776,-25.09805107755055,-9.852584412174918,trade_tariffs
2025-05-19,37.84921975182891,54.45103362726748,-16.601813875438566,2.0835287921297816,2.4492630548708987,4.070972925334164,33.76550331925454,41.93293618440328,49.65047803972052,59.25158921481444,-24.580920809093527,-8.622706941783605,trade_tariffs
2025-05-20,37.84921975182891,54.451033627267485,-16.60181387543857,2.083528792129782,2.449263054870899,4.070972925334164,33.76550331925454,41.93293618440328,49.650478039720525,59.251589214814445,-24.58092080909353,-8.622706941783608,trade_tariffs
2025-05-21,37.84921975182892,54.451033627267485,-16.60181387543857,2.083528792129782,2.449263054870899,4.070972925334164,33.76550331925455,41.93293618440329,49.650478039720525,59.251589214814445,-24.58092080909353,-8.622706941783608,trade_tariffs
2025-05-22,37.84921975182891,54.45103362726748,-16.60181387543857,2.0835287921297816,2.4492630548708987,4.070972925334164,33.76550331925454,41.93293618440328,49.65047803972052,59.25158921481444,-24.58092080909353,-8.622706941783608,trade_tariffs
2025-05-23,37.84921975182891,54.45103362726748,-16.601813875438566,2.083528792129782,2.4492630548708987,4.070972925334164,33.76550331925454,41.93293618440328,49.65047803972052,59.25158921481444,-24.580920809093527,-8.622706941783605,trade_tariffs
2025-05-24,37.84921975182891,54.45103362726748,-16.601813875438566,2.0835287921297816,2.4492630548708987,4.070972925334164,33.76550331925454,41.93293618440328,49.65047803972052,59.25158921481444,-24.580920809093527,-8.622706941783605,trade_tariffs
2025-05-25,38.12520206276227,54.33380923459766,-16.208607171835386,2.1549707710152757,2.3550038064037078,4.045828346460458,33.90145935157233,42.34894477395221,49.71800177404639,58.949616695148926,-24.138430730897884,-8.278783612772887,trade_tariffs
2025-05-26,38.12520206276227,54.33380923459765,-16.208607171835382,2.1549707710152757,2.3550038064037078,4.045828346460458,33.90145935157233,42.34894477395221,49.718001774046385,58.94961669514892,-24.13843073089788,-8.278783612772884,trade_tariffs
2025-05-27,38.445800566545955,54.1893187003932,-15.74351813384725,1.8177998648154043,1.9344505808246888,3.3696627119077287,34.88291283150776,42.00868830158415,50.397795561976814,57.98084183880959,-22.348057049186398,-9.138979218508101,trade_tariffs
2025-05-28,38.44580056654596,54.18931870039321,-15.743518133847251,1.8177998648154043,1.934450580824689,3.369662711907729,34.88291283150777,42.00868830158416,50.39779556197682,57.980841838809596,-22.3480570491864,-9.138979218508101,trade_tariffs
2025-05-29,38.369447016323775,54.35548448764928,-15.986037471325504,1.7308151886057817,1.8884063441246737,3.2579615058715317,34.97704924665644,41.76184478599111,50.654208053164915,58.05676092213364,-22.371642022833704,-9.600432919817303,trade_tariffs
2025-05-30,38.369447016323775,54.35548448764928,-15.986037471325504,1.7308151886057817,1.888406344124674,3.2579615058715317,34.97704924665644,41.76184478599111,50.654208053164915,58.05676092213364,-22.371642022833704,-9.600432919817303,trade_tariffs
2025-05-31,38.369447016323775,54.35548448764928,-15.986037471325504,1.7308151886057817,1.888406344124674,3.2579615058715317,34.97704924665644,41.76184478599111,50.654208053164915,58.05676092213364,-22.371642022833704,-9.600432919817303,trade_tariffs
2025-06-01,38.369447016323775,54.35548448764928,-15.986037471325504,1.7308151886057817,1.888406344124674,3.2579615058715317,34.97704924665644,41.76184478599111,50.654208053164915,58.05676092213364,-22.371642022833704,-9.600432919817303,trade_tariffs
2025-06-02,38.59032728758359,54.26137298517793,-15.671045697594337,1.7735823963854316,1.8144136861058306,3.2324017282639206,35.11410579066815,42.066548784499034,50.7051221604105,57.81762380994536,-22.006553084991623,-9.335538310197053,trade_tariffs
2025-06-03,39.067081169920634,53.58958089545923,-14.522499725538593,2.033454092262526,2.3842175866370448,4.159430353560996,35.08151114908608,43.052651190755185,48.91651442565062,58.26264736526784,-22.674983218518143,-6.37001623255904,trade_tariffs
2025-06-04,39.067081169920634,53.58958089545923,-14.522499725538594,2.0334540922625264,2.3842175866370448,4.159430353560996,35.08151114908608,43.052651190755185,48.91651442565062,58.26264736526784,-22.674983218518147,-6.370016232559042,trade_tariffs
2025-06-05,39.067081169920634,53.58958089545923,-14.522499725538594,2.0334540922625264,2.3842175866370448,4.159430353560996,35.08151114908608,43.052651190755185,48.91651442565062,58.26264736526784,-22.674983218518147,-6.370016232559042,trade_tariffs
2025-06-06,39.067081169920634,53.58958089545923,-14.522499725538594,2.0334540922625264,2.3842175866370448,4.159430353560995,35.08151114908608,43.052651190755185,48.91651442565062,58.26264736526784,-22.674983218518143,-6.370016232559044,trade_tariffs
2025-06-07,39.067081169920634,53.58958089545923,-14.522499725538594,2.0334540922625264,2.3842175866370448,4.159430353560996,35.08151114908608,43.052651190755185,48.91651442565062,58.26264736526784,-22.674983218518147,-6.370016232559042,trade_tariffs
2025-06-08,38.984231329740425,53.694748620940516,-14.710517291200091,1.9195377986950055,2.27308810533597,3.9528375043381985,35.22193724429821,42.74652541518264,49.239495934482015,58.150001307399016,-22.45807879970296,-6.962955782697222,trade_tariffs
2025-06-09,38.583541819640025,54.311006633292,-15.72746481365198,1.815507633699612,2.23500232607244,3.860541065524376,35.02514685758879,42.141936781691264,49.93040207419002,58.691611192393985,-23.294125302079756,-8.160804325224204,trade_tariffs
2025-06-10,38.528960565044166,54.49628370120791,-15.967323136163746,1.7411901715911855,2.2133954144435397,3.7627713818699138,35.11622782872544,41.94169330136289,50.15802868889857,58.83453871351725,-23.342355044628775,-8.592291227698714,trade_tariffs
2025-06-11,38.528960565044166,54.49628370120791,-15.967323136163746,1.7411901715911857,2.2133954144435397,3.7627713818699138,35.11622782872544,41.94169330136289,50.15802868889857,58.83453871351725,-23.342355044628775,-8.592291227698714,trade_tariffs
2025-06-12,37.891328842690484,54.71679470022606,-16.825465857535583,1.9388790422476188,1.9706736505201514,3.6597784556507444,34.09112591988515,41.69153176549582,50.85427434520656,58.57931505524556,-23.998631630611044,-9.652300084460125,trade_tariffs
2025-06-13,37.89132884269048,54.71679470022606,-16.82546585753558,1.9388790422476185,1.9706736505201514,3.6597784556507444,34.091125919885144,41.69153176549581,50.85427434520656,58.57931505524556,-23.998631630611037,-9.652300084460121,trade_tariffs
2025-06-14,37.891328842690484,54.71679470022606,-16.825465857535583,1.9388790422476188,1.9706736505201514,3.6597784556507444,34.09112591988515,41.69153176549582,50.85427434520656,58.57931505524556,-23.998631630611044,-9.652300084460125,trade_tariffs
2025-06-15,37.944663868519214,54.698323243947655,-16.753659375428445,1.8474740472499216,1.8757680538760426,3.48454653562068,34.323614735909366,41.56571300112906,51.02181785835061,58.3748286295447,-23.583370585244978,-9.923948165611911,trade_tariffs
2025-06-16,37.94466386851921,54.698323243947655,-16.753659375428445,1.8474740472499216,1.8757680538760426,3.48454653562068,34.32361473590936,41.565713001129055,51.02181785835061,58.3748286295447,-23.583370585244978,-9.923948165611911,trade_tariffs
2025-06-17,37.59849320202572,55.21731726164398,-17.61882405961825,1.8381704618458292,2.044049340076651,3.6809290198132945,33.9956790968079,41.201307307243546,51.21098055509374,59.22365396819421,-24.83344493845231,-10.404203180784194,trade_tariffs
2025-06-18,37.85012684764964,54.902894740985154,-17.05276789333551,1.781713244628219,1.9451883194062498,3.5362478428726174,34.357968888178334,41.34228480712095,51.090325634948904,58.715463847021404,-23.98381366536584,-10.12172212130518,trade_tariffs
2025-06-19,37.85012684764964,54.902894740985154,-17.05276789333551,1.781713244628219,1.9451883194062498,3.5362478428726174,34.357968888178334,41.34228480712095,51.090325634948904,58.715463847021404,-23.98381366536584,-10.12172212130518,trade_tariffs
2025-06-20,37.85012684764964,54.902894740985154,-17.05276789333551,1.781713244628219,1.9451883194062498,3.5362478428726174,34.357968888178334,41.34228480712095,51.090325634948904,58.715463847021404,-23.98381366536584,-10.12172212130518,trade_tariffs
2025-06-21,37.85012684764964,54.902894740985154,-17.05276789333551,1.781713244628219,1.9451883194062498,3.5362478428726174,34.357968888178334,41.34228480712095,51.090325634948904,58.715463847021404,-23.98381366536584,-10.12172212130518,trade_tariffs
2025-06-22,37.798480518894834,54.983315232151675,-17.184834713256837,1.6761403640542636,1.8438217936496153,3.3400212925415778,34.51324540534848,41.08371563244119,51.36942451659843,58.59720594770492,-23.73127644663833,-10.638392979875345,trade_tariffs
2025-06-23,37.45646036913182,54.910459189158615,-17.453998820026793,1.5310035159913347,1.527136248663694,2.826278000930177,34.4556934777888,40.45722726047484,51.91727214177777,57.90364623653946,-22.99350370184994,-11.914493938203647,trade_tariffs
2025-06-24,37.41484311037159,54.79738111338783,-17.382538003016236,1.4269681987069323,1.422945057074802,2.6196739641459765,34.617985440906004,40.21170077983718,52.00840880152121,57.586353425254444,-22.51709897274235,-12.247977033290123,trade_tariffs
2025-06-25,37.21016361286532,55.188254734798726,-17.9780911219334,1.4812344311832217,1.7828973889165696,3.049200306797065,34.306944127746206,40.11338309798444,51.69377585252225,58.6827336170752,-23.954523723255647,-12.001658520611151,trade_tariffs
2025-06-26,37.21016361286532,55.188254734798726,-17.9780911219334,1.4812344311832217,1.7828973889165693,3.0492003067970646,34.306944127746206,40.11338309798444,51.69377585252225,58.6827336170752,-23.954523723255647,-12.001658520611153,trade_tariffs
2025-06-27,37.21016361286532,55.188254734798726,-17.978091121933403,1.4812344311832217,1.7828973889165693,3.0492003067970646,34.306944127746206,40.11338309798444,51.69377585252225,58.6827336170752,-23.954523723255647,-12.001658520611157,trade_tariffs
2025-06-28,37.21016361286533,55.18825473479873,-17.978091121933403,1.4812344311832217,1.7828973889165693,3.049200306797065,34.30694412774621,40.113383097984446,51.69377585252226,58.68273361707521,-23.95452372325565,-12.001658520611155,trade_tariffs
2025-06-29,37.339839655049566,55.2205360223525,-17.88069636730293,1.4668664801336053,1.7006866517294388,2.9192143077624726,34.4647813539877,40.21489795611143,51.8871901849628,58.5538818597422,-23.602356410517377,-12.159036324088486,trade_tariffs
2025-06-30,37.33983965504956,55.22053602235249,-17.88069636730293,1.4668664801336053,1.7006866517294388,2.9192143077624726,34.46478135398769,40.21489795611143,51.88719018496279,58.55388185974219,-23.602356410517377,-12.159036324088486,trade_tariffs
2025-07-01,37.339839655049566,55.2205360223525,-17.88069636730293,1.4668664801336053,1.7006866517294388,2.9192143077624726,34.4647813539877,40.21489795611143,51.8871901849628,58.5538818597422,-23.602356410517377,-12.159036324088486,trade_tariffs
2025-07-02,37.33983965504956,55.22053602235249,-17.88069636730293,1.4668664801336053,1.7006866517294388,2.9192143077624726,34.46478135398769,40.21489795611143,51.88719018496279,58.55388185974219,-23.602356410517377,-12.159036324088486,trade_tariffs
2025-07-03,37.339839655049566,55.2205360223525,-17.88069636730293,1.4668664801336053,1.7006866517294388,2.9192143077624726,34.4647813539877,40.21489795611143,51.8871901849628,58.5538818597422,-23.602356410517377,-12.159036324088486,trade_tariffs
2025-07-04,37.33983965504956,55.2205360223525,-17.880696367302935,1.4668664801336053,1.7006866517294388,2.9192143077624726,34.46478135398769,40.21489795611143,51.8871901849628,58.5538818597422,-23.60235641051738,-12.15903632408849,trade_tariffs
2025-07-05,37.339839655049566,55.2205360223525,-17.880696367302935,1.4668664801336053,1.700686651729439,2.919214307762473,34.4647813539877,40.21489795611143,51.8871901849628,58.5538818597422,-23.60235641051738,-12.159036324088488,trade_tariffs
2025-07-06,37.35411390497047,55.258579500729425,-17.90446559575896,1.3565711044228599,1.583620383119787,2.7085836093447,34.69523454030166,40.012993269639274,52.15468354981464,58.36247545164421,-23.21328947007457,-12.595641721443348,trade_tariffs
2025-07-07,37.35411390497047,55.258579500729425,-17.90446559575896,1.3565711044228599,1.5836203831197873,2.7085836093447,34.69523454030166,40.012993269639274,52.15468354981464,58.36247545164421,-23.21328947007457,-12.595641721443348,trade_tariffs
2025-07-08,37.25820023781959,54.89022734012313,-17.632027102303546,1.1231603197291766,1.6122791277514301,2.5079103779802296,35.0568060111504,39.459594464488774,51.73016024973033,58.05029443051593,-22.547531443144795,-12.716522761462297,trade_tariffs
2025-07-09,37.25820023781959,54.89022734012313,-17.632027102303546,1.1231603197291766,1.6122791277514301,2.5079103779802296,35.0568060111504,39.459594464488774,51.73016024973033,58.05029443051593,-22.547531443144795,-12.716522761462297,trade_tariffs
2025-07-10,37.25820023781958,54.89022734012313,-17.632027102303542,1.1231603197291766,1.61227912775143,2.5079103779802296,35.05680601115039,39.45959446448877,51.73016024973033,58.05029443051593,-22.54753144314479,-12.716522761462294,trade_tariffs
2025-07-11,37.25820023781959,54.89022734012313,-17.632027102303546,1.1231603197291766,1.6122791277514301,2.5079103779802296,35.0568060111504,39.459594464488774,51.73016024973033,58.05029443051593,-22.547531443144795,-12.716522761462297,trade_tariffs
2025-07-12,37.25820023781959,54.89022734012313,-17.632027102303546,1.1231603197291766,1.6122791277514301,2.5079103779802296,35.0568060111504,39.459594464488774,51.73016024973033,58.05029443051593,-22.547531443144795,-12.716522761462297,trade_tariffs
2025-07-13,36.669143706122334,56.016317414521644,-19.347173708399314,2.3122098073650874,3.0296463046719544,5.240891335716716,32.13721248368676,41.20107492855791,50.078210657364615,61.954424171678674,-29.619320726404077,-9.07502669039455,trade_tariffs
2025-07-14,36.84762259243599,56.14771804716598,-19.300095454729988,2.2390357281715616,2.5905575705094415,4.6844225600900575,32.459112565219726,41.23613261965225,51.07022520896747,61.22521088536449,-28.4815636725065,-10.118627236953476,trade_tariffs
2025-07-15,36.99106840210579,55.697502057152136,-18.706433655046347,2.2412920908976415,3.0601779587397364,5.094012867015116,32.598135903946414,41.384000900265164,49.69955325802225,61.69545085628202,-28.690698874395974,-8.72216843569672,trade_tariffs
2025-07-16,36.603572073974064,56.008399061672655,-19.404826987698588,2.113925369951952,3.0227010762460838,4.779203764772378,32.460278348868236,40.74686579907989,50.083904952230334,61.932893171114976,-28.772066366652446,-10.037587608744728,trade_tariffs
2025-07-17,36.603572073974064,56.008399061672655,-19.404826987698588,2.113925369951952,3.0227010762460838,4.779203764772378,32.460278348868236,40.74686579907989,50.083904952230334,61.932893171114976,-28.772066366652446,-10.037587608744728,trade_tariffs
2025-07-18,36.864464952116386,56.16962826184652,-19.30516330973013,1.998955100891192,2.762801913014597,4.33976142898712,32.94651295436965,40.78241694986312,50.75453651233791,61.58472001135513,-27.811095710544883,-10.799230908915375,trade_tariffs
2025-07-19,36.86446495211639,56.16962826184652,-19.305163309730133,1.998955100891192,2.762801913014597,4.33976142898712,32.94651295436966,40.782416949863126,50.75453651233791,61.58472001135513,-27.81109571054489,-10.799230908915378,trade_tariffs
2025-07-20,36.765388732042666,56.27127596511226,-19.50588723306959,1.9912681338246176,2.761205072360279,4.391065759108594,32.86250318974641,40.66827427433892,50.85931402328611,61.68323790693841,-28.112376120922434,-10.899398345216746,trade_tariffs
2025-07-21,36.72468860302276,56.0462985998763,-19.321609996853535,1.8118934231119157,2.736144556684252,4.238286090696819,33.17337749372341,40.27599971232212,50.68345526877517,61.409141930977434,-27.6286507346193,-11.01456925908777,trade_tariffs
2025-07-22,36.50416955486263,55.94424787847566,-19.44007832361303,1.8338202363690927,2.607727119325072,4.027627267558634,32.909881891579204,40.09845721814605,50.83310272459852,61.0553930323528,-27.33422776802795,-11.545928879198108,trade_tariffs
2025-07-23,36.50416955486263,55.94424787847566,-19.44007832361303,1.8338202363690927,2.607727119325072,4.027627267558634,32.909881891579204,40.09845721814605,50.83310272459852,61.0553930323528,-27.33422776802795,-11.545928879198108,trade_tariffs
2025-07-24,36.50416955486263,55.94424787847566,-19.44007832361303,1.8338202363690927,2.607727119325072,4.027627267558634,32.909881891579204,40.09845721814605,50.83310272459852,61.0553930323528,-27.33422776802795,-11.545928879198108,trade_tariffs
2025-07-25,36.50416955486263,55.94424787847566,-19.44007832361303,1.8338202363690927,2.607727119325072,4.027627267558634,32.909881891579204,40.09845721814605,50.83310272459852,61.0553930323528,-27.33422776802795,-11.545928879198108,trade_tariffs
2025-07-26,36.50416955486263,55.94424787847566,-19.44007832361303,1.8338202363690927,2.607727119325072,4.027627267558634,32.909881891579204,40.09845721814605,50.83310272459852,61.0553930323528,-27.33422776802795,-11.545928879198108,trade_tariffs
2025-07-27,36.55361483691851,55.807073978857844,-19.253459141939334,1.790047907425374,2.5963417062472933,3.9871620836465054,33.04512093836478,40.06210873547224,50.71824423461315,60.895903723102535,-27.068296825886485,-11.438621457992184,trade_tariffs
2025-07-28,36.36561497331382,55.79195835731226,-19.426343383998443,1.767522096292037,2.6364621754392044,3.9800862538587922,32.90127166458142,39.82995828204621,50.62449249345142,60.9594242211731,-27.227312441561676,-11.62537432643521,trade_tariffs
2025-07-29,36.197444439921355,56.20175472522193,-20.00431028530058,1.804817306654194,2.9308597449136786,4.353239724271732,32.66000251887913,39.73488636096358,50.457269625191124,61.94623982525274,-28.536660144873174,-11.471960425727985,trade_tariffs
2025-07-30,36.04869712123674,56.479740608035634,-20.431043486798895,1.8158486439951724,2.989029305101313,4.456101281269634,32.489633779006205,39.60776046346728,50.62124317003706,62.338238046034206,-29.165001998087376,-11.697084975510414,trade_tariffs
2025-07-31,36.04869712123674,56.479740608035634,-20.43104348679889,1.8158486439951724,2.989029305101313,4.456101281269634,32.489633779006205,39.60776046346728,50.62124317003706,62.338238046034206,-29.165001998087373,-11.69708497551041,trade_tariffs
2025-08-01,36.04869712123674,56.479740608035634,-20.431043486798895,1.8158486439951724,2.989029305101313,4.456101281269634,32.489633779006205,39.60776046346728,50.62124317003706,62.338238046034206,-29.165001998087376,-11.697084975510414,trade_tariffs
2025-08-02,36.04869712123674,56.479740608035634,-20.431043486798895,1.8158486439951724,2.989029305101313,4.456101281269634,32.489633779006205,39.60776046346728,50.62124317003706,62.338238046034206,-29.165001998087376,-11.697084975510414,trade_tariffs
2025-08-03,36.797901625141336,55.84153576384088,-19.043634138699545,2.5791009451010485,3.1525964937955737,5.407983081583851,31.74286377274328,41.852939477539394,49.662446636001555,62.02062489168021,-29.643280978603894,-8.443987298795196,trade_tariffs
2025-08-04,36.79790162514134,55.84153576384089,-19.04363413869955,2.5791009451010485,3.1525964937955737,5.407983081583851,31.742863772743288,41.852939477539394,49.66244663600156,62.020624891680214,-29.643280978603897,-8.4439872987952,trade_tariffs
2025-08-05,36.797901625141336,55.84153576384088,-19.043634138699545,2.5791009451010485,3.1525964937955737,5.407983081583851,31.74286377274328,41.852939477539394,49.662446636001555,62.02062489168021,-29.643280978603894,-8.443987298795196,trade_tariffs
2025-08-06,36.797901625141336,55.84153576384088,-19.043634138699545,2.5791009451010485,3.1525964937955737,5.407983081583851,31.74286377274328,41.852939477539394,49.662446636001555,62.02062489168021,-29.643280978603894,-8.443987298795196,trade_tariffs
2025-08-07,36.797901625141336,55.84153576384088,-19.043634138699545,2.5791009451010485,3.1525964937955737,5.407983081583851,31.74286377274328,41.852939477539394,49.662446636001555,62.02062489168021,-29.643280978603894,-8.443987298795196,trade_tariffs
2025-08-08,36.797901625141336,55.84153576384088,-19.043634138699545,2.5791009451010485,3.1525964937955737,5.407983081583851,31.74286377274328,41.852939477539394,49.662446636001555,62.02062489168021,-29.643280978603894,-8.443987298795196,trade_tariffs
2025-08-09,36.797901625141336,55.84153576384088,-19.043634138699545,2.5791009451010485,3.1525964937955737,5.407983081583851,31.74286377274328,41.852939477539394,49.662446636001555,62.02062489168021,-29.643280978603894,-8.443987298795196,trade_tariffs
2025-08-10,36.45135661135997,56.44154090170153,-19.990184290341553,2.3605732585018973,2.9075947018834563,5.027098997944857,31.82463302469625,41.078080198023684,50.742655286009956,62.1404265173931,-29.843298326313473,-10.137070254369632,trade_tariffs
2025-08-11,36.45135661135997,56.44154090170153,-19.990184290341553,2.3605732585018973,2.9075947018834563,5.027098997944857,31.82463302469625,41.078080198023684,50.742655286009956,62.1404265173931,-29.843298326313473,-10.137070254369632,trade_tariffs
2025-08-12,36.45135661135998,56.44154090170153,-19.990184290341553,2.3605732585018973,2.9075947018834563,5.027098997944858,31.824633024696258,41.0780801980237,50.742655286009956,62.1404265173931,-29.843298326313473,-10.13707025436963,trade_tariffs
2025-08-13,36.45135661135998,56.44154090170153,-19.990184290341553,2.3605732585018973,2.9075947018834563,5.027098997944858,31.824633024696258,41.0780801980237,50.742655286009956,62.1404265173931,-29.843298326313473,-10.13707025436963,trade_tariffs
2025-08-14,36.45135661135998,56.44154090170153,-19.990184290341553,2.3605732585018973,2.9075947018834563,5.027098997944858,31.824633024696258,41.0780801980237,50.742655286009956,62.1404265173931,-29.843298326313473,-10.13707025436963,trade_tariffs
2025-08-15,36.45135661135998,56.44154090170153,-19.990184290341556,2.3605732585018973,2.9075947018834563,5.027098997944857,31.824633024696258,41.0780801980237,50.742655286009956,62.1404265173931,-29.843298326313477,-10.137070254369636,trade_tariffs
2025-08-16,36.45135661135997,56.44154090170153,-19.990184290341553,2.3605732585018973,2.9075947018834563,5.027098997944857,31.82463302469625,41.078080198023684,50.742655286009956,62.1404265173931,-29.843298326313473,-10.137070254369632,trade_tariffs
2025-08-17,36.45135661135998,56.44154090170153,-19.990184290341553,2.3605732585018973,2.9075947018834563,5.027098997944857,31.824633024696258,41.0780801980237,50.742655286009956,62.1404265173931,-29.843298326313473,-10.137070254369632,trade_tariffs
2025-08-18,36.84311857084959,55.53412392727892,-18.691005356429333,1.9438678701938137,2.631474289847198,4.4325897045012725,33.03313754526972,40.65309959642946,50.376434319178415,60.691813535379424,-27.378881177251827,-10.003129535606838,trade_tariffs
2025-08-19,36.84311857084959,55.53412392727892,-18.691005356429333,1.9438678701938137,2.631474289847198,4.4325897045012725,33.03313754526972,40.65309959642946,50.376434319178415,60.691813535379424,-27.378881177251827,-10.003129535606838,trade_tariffs
2025-08-20,36.84311857084959,55.53412392727893,-18.691005356429333,1.9438678701938137,2.631474289847198,4.4325897045012725,33.03313754526972,40.65309959642946,50.376434319178415,60.69181353537944,-27.378881177251827,-10.003129535606838,trade_tariffs
2025-08-21,36.69981881321021,55.502617071850416,-18.802798258640202,1.8571134512166565,2.3828061986602456,4.067626854710557,33.05987644882556,40.33976117759485,50.83231692247634,60.172917221224495,-26.775346893872893,-10.83024962340751,trade_tariffs
2025-08-22,36.69981881321021,55.50261707185041,-18.802798258640202,1.8571134512166565,2.3828061986602456,4.067626854710557,33.05987644882556,40.33976117759485,50.83231692247633,60.17291722122449,-26.775346893872893,-10.83024962340751,trade_tariffs
2025-08-23,36.69981881321021,55.50261707185041,-18.802798258640202,1.8571134512166565,2.3828061986602456,4.067626854710557,33.05987644882556,40.33976117759485,50.83231692247633,60.17291722122449,-26.775346893872893,-10.83024962340751,trade_tariffs
2025-08-24,36.84112883100645,55.516935142424984,-18.67580631141853,1.8632509660954537,2.296686701321337,3.954899661663259,33.18915693745936,40.49310072455354,51.01542920783516,60.018441077014806,-26.427409648278516,-10.924202974558543,trade_tariffs
2025-08-25,36.883695673556566,55.486808062599046,-18.603112389042483,1.7195496128659118,2.119660782839321,3.651129867000594,33.51337843233938,40.25401291477375,51.33227292823398,59.641343196964115,-25.75932692836365,-11.446897849721319,trade_tariffs
2025-08-26,36.883695673556566,55.48680806259905,-18.603112389042487,1.7195496128659118,2.119660782839321,3.651129867000594,33.51337843233938,40.25401291477375,51.332272928233984,59.64134319696412,-25.75932692836365,-11.446897849721323,trade_tariffs
2025-08-27,36.883695673556566,55.48680806259905,-18.603112389042487,1.7195496128659118,2.119660782839321,3.6511298670005945,33.51337843233938,40.25401291477375,51.332272928233984,59.64134319696412,-25.759326928363652,-11.44689784972132,trade_tariffs
2025-08-28,36.883695673556566,55.48680806259905,-18.603112389042483,1.7195496128659118,2.119660782839321,3.651129867000594,33.51337843233938,40.25401291477375,51.332272928233984,59.64134319696412,-25.75932692836365,-11.446897849721319,trade_tariffs
2025-08-29,36.883695673556566,55.48680806259905,-18.603112389042483,1.7195496128659118,2.119660782839321,3.651129867000594,33.51337843233938,40.25401291477375,51.332272928233984,59.64134319696412,-25.75932692836365,-11.446897849721319,trade_tariffs
2025-08-30,37.0370472015591,55.70060217839173,-18.663554976832636,1.652415549495727,2.0616364333240442,3.4022972803709512,33.79831272454747,40.27578167857072,51.659794769076605,59.74140958770686,-25.3320576463597,-11.99505230730557,trade_tariffs
2025-08-31,36.97449259547372,55.58960003262107,-18.615107437147355,1.5793957107864003,2.004622414216378,3.25643598125241,33.878877002332374,40.070108188615066,51.66054010075697,59.518659964485174,-24.997721960402078,-12.232492913892631,trade_tariffs
2025-09-01,36.96285695836239,55.795231696763146,-18.832374738400752,1.5890589202941974,1.9055111675772105,3.180982332111523,33.84830147458576,40.077412442139014,52.06042980831182,59.530033585214476,-25.067100109339336,-12.597649367462168,trade_tariffs
2025-09-02,36.524308018223685,56.422014097371076,-19.89770607914739,1.8023069448106912,2.2960823281761016,3.872710386380426,32.99178640639473,40.05682963005264,51.921692734145914,60.92233546059624,-27.488218436453025,-12.307193721841756,trade_tariffs
2025-09-03,36.524308018223685,56.422014097371076,-19.89770607914739,1.8023069448106912,2.2960823281761016,3.872710386380426,32.99178640639473,40.05682963005264,51.921692734145914,60.92233546059624,-27.488218436453025,-12.307193721841756,trade_tariffs
2025-09-04,36.524308018223685,56.42201409737107,-19.897706079147387,1.8023069448106912,2.2960823281761016,3.8727103863804255,32.99178640639473,40.05682963005264,51.92169273414591,60.92233546059623,-27.48821843645302,-12.307193721841752,trade_tariffs
2025-09-05,36.524308018223685,56.42201409737107,-19.89770607914739,1.8023069448106912,2.2960823281761016,3.872710386380426,32.99178640639473,40.05682963005264,51.92169273414591,60.92233546059623,-27.488218436453025,-12.307193721841756,trade_tariffs
2025-09-06,36.524308018223685,56.422014097371076,-19.89770607914739,1.8023069448106912,2.2960823281761016,3.872710386380426,32.99178640639473,40.05682963005264,51.921692734145914,60.92233546059624,-27.488218436453025,-12.307193721841756,trade_tariffs
2025-09-07,36.524308018223685,56.422014097371076,-19.89770607914739,1.8023069448106912,2.2960823281761016,3.872710386380426,32.99178640639473,40.05682963005264,51.921692734145914,60.92233546059624,-27.488218436453025,-12.307193721841756,trade_tariffs
2025-09-08,36.38450940308783,56.317719585556475,-19.933210182468645,1.7137569995464683,2.167304407007484,3.616417239011965,33.02554568397675,39.743473122198914,52.069802947821806,60.56563622329114,-27.021387970932096,-12.845032394005194,trade_tariffs
2025-09-09,36.03913940878183,56.954647562356584,-20.915508153574752,1.7022530868209105,2.3577787823003034,3.843329081195805,32.70272335861284,39.375555458950814,52.33340114904799,61.57589397566518,-28.44843315271853,-13.382583154430975,trade_tariffs
2025-09-10,36.03913940878183,56.95464756235658,-20.915508153574752,1.7022530868209105,2.3577787823003034,3.843329081195805,32.70272335861284,39.375555458950814,52.33340114904798,61.575893975665174,-28.44843315271853,-13.382583154430975,trade_tariffs
2025-09-11,36.03913940878183,56.954647562356584,-20.915508153574752,1.7022530868209105,2.3577787823003034,3.843329081195805,32.70272335861284,39.375555458950814,52.33340114904799,61.57589397566518,-28.44843315271853,-13.382583154430975,trade_tariffs
2025-09-12,36.03913940878183,56.954647562356584,-20.915508153574752,1.7022530868209105,2.3577787823003034,3.843329081195805,32.70272335861284,39.375555458950814,52.33340114904799,61.57589397566518,-28.44843315271853,-13.382583154430975,trade_tariffs
2025-09-13,36.03913940878183,56.95464756235658,-20.915508153574752,1.7022530868209103,2.357778782300303,3.843329081195805,32.70272335861284,39.375555458950814,52.33340114904799,61.57589397566517,-28.44843315271853,-13.382583154430975,trade_tariffs
2025-09-14,36.235136781295736,56.68002439799658,-20.444887616700854,1.6861863710109621,2.371676097770342,3.871981844717968,32.93021149411425,39.54006206847722,52.03153924636671,61.32850954962645,-28.03397203234807,-12.855803201053636,trade_tariffs
2025-09-15,36.3214292858982,58.46858760458071,-22.147158318682507,1.4579226354903498,3.7910658730564055,4.485287024826194,33.46390092033711,39.178957651459285,51.03809849339016,65.89907671577127,-30.938320887341845,-13.355995750023167,trade_tariffs
2025-09-16,37.05733573011747,57.57560335584827,-20.518267625730804,1.9860997808946852,3.8544338600236894,5.2090424850816515,33.16458015956389,40.950091300671055,50.02091299020184,65.13029372149471,-30.72799089649084,-10.308544354970767,trade_tariffs
2025-09-17,37.05733573011748,57.57560335584828,-20.518267625730804,1.9860997808946852,3.85443386002369,5.209042485081652,33.1645801595639,40.95009130067106,50.02091299020185,65.13029372149471,-30.727990896490844,-10.308544354970765,trade_tariffs
2025-09-18,37.05733573011748,57.57560335584828,-20.518267625730804,1.9860997808946852,3.85443386002369,5.209042485081652,33.1645801595639,40.95009130067106,50.02091299020185,65.13029372149471,-30.727990896490844,-10.308544354970765,trade_tariffs
2025-09-19,37.13672942534491,57.531792641789544,-20.395063216444637,1.9685388242812623,3.763372871339907,5.108859287453241,33.278393329753634,40.99506552093619,50.15558181396332,64.90800346961576,-30.408427419852988,-10.381699013036286,trade_tariffs
2025-09-20,37.1367294253449,57.531792641789536,-20.395063216444633,1.9685388242812623,3.763372871339907,5.108859287453241,33.27839332975363,40.99506552093618,50.15558181396332,64.90800346961575,-30.408427419852984,-10.381699013036283,trade_tariffs
2025-09-21,37.18359427546927,56.79053756830897,-19.6069432928397,1.808929074644375,3.6228538935771972,4.887510430922063,33.63809328916629,40.729095261772244,49.68974393689766,63.89133119972028,-29.186463737446942,-10.027422848232455,trade_tariffs
2025-09-22,36.765643927791096,56.872072140546344,-20.106428212755247,1.716799456237958,3.1835986086127406,4.372066542843034,33.4007169935647,40.13057086201749,50.63221886766537,63.111925413427315,-28.675678636727593,-11.537177788782902,trade_tariffs
2025-09-23,36.765643927791096,56.872072140546344,-20.106428212755247,1.716799456237958,3.1835986086127406,4.372066542843034,33.4007169935647,40.13057086201749,50.63221886766537,63.111925413427315,-28.675678636727593,-11.537177788782902,trade_tariffs
2025-09-24,37.0227877994169,56.78925997562747,-19.766472176210563,1.6878781609032967,2.93247874553676,4.0955781384134875,33.71454660404644,40.33102899478737,51.041601634375425,62.53691831687952,-27.793805327500998,-11.739139024920128,trade_tariffs
2025-09-25,37.02278779941691,56.78925997562747,-19.766472176210566,1.6878781609032967,2.93247874553676,4.0955781384134875,33.71454660404645,40.331028994787374,51.041601634375425,62.53691831687952,-27.793805327501,-11.739139024920132,trade_tariffs
2025-09-26,37.02278779941691,56.78925997562747,-19.766472176210566,1.6878781609032967,2.93247874553676,4.0955781384134875,33.71454660404645,40.331028994787374,51.041601634375425,62.53691831687952,-27.793805327501,-11.739139024920132,trade_tariffs
2025-09-27,37.87900319081376,56.01850298768902,-18.13949979687525,2.410723276354299,3.146507955789101,5.131968406995062,33.15398556915934,42.604020812468185,49.85134739434238,62.18565858103565,-28.19815787458557,-8.080841719164928,trade_tariffs
2025-09-28,37.95109295181707,55.97350177841953,-18.02240882660246,2.3279872567260638,3.0410706084726074,4.961042686166424,33.388237928633984,42.51394797500015,50.01300338581322,61.93400017102584,-27.746052491488655,-8.29876516171627,trade_tariffs
2025-09-29,37.47688682633114,56.279045835397575,-18.802159009066433,2.6861329867957475,3.041893140685041,5.318389402301182,32.21206617221147,42.741707480450806,50.31693527965489,62.24115639114026,-29.22620223757675,-8.378115780556115,trade_tariffs
2025-09-30,37.476886826331146,56.279045835397575,-18.802159009066433,2.6861329867957475,3.041893140685041,5.318389402301182,32.21206617221148,42.74170748045081,50.31693527965489,62.24115639114026,-29.22620223757675,-8.378115780556115,trade_tariffs
2025-10-01,37.476886826331146,56.279045835397575,-18.802159009066433,2.6861329867957475,3.041893140685041,5.318389402301182,32.21206617221148,42.74170748045081,50.31693527965489,62.24115639114026,-29.22620223757675,-8.378115780556115,trade_tariffs
2025-10-02,36.93718960872193,56.32629305495832,-19.389103446236394,2.688232992684039,2.7544860073825017,4.97188253245241,31.668252943061212,42.20612627438265,50.92750048048862,61.72508562942802,-29.13399320984312,-9.64421368262967,trade_tariffs
2025-10-03,36.93718960872193,56.32629305495833,-19.389103446236394,2.688232992684039,2.7544860073825017,4.97188253245241,31.668252943061212,42.20612627438265,50.927500480488625,61.72508562942803,-29.13399320984312,-9.64421368262967,trade_tariffs
2025-10-04,36.93718960872193,56.32629305495833,-19.389103446236394,2.688232992684039,2.7544860073825017,4.97188253245241,31.668252943061212,42.20612627438265,50.927500480488625,61.72508562942803,-29.13399320984312,-9.64421368262967,trade_tariffs
2025-10-05,36.98763738851273,56.16394168177784,-19.176304293265108,2.581966022810361,2.6949861579841965,4.81935768152261,31.926983983804423,42.04829079322104,50.88176881212882,61.44611455142687,-28.62224534904942,-9.730363237480793,trade_tariffs
2025-10-06,36.7583246489503,56.624277380882155,-19.865952731931856,2.479096097371165,2.779391201320603,4.833099538771131,31.899296298102815,41.61735299979778,51.17667062629377,62.07188413547054,-29.33882782792327,-10.39307763594044,trade_tariffs
2025-10-07,36.75832464895031,56.62427738088216,-19.86595273193186,2.479096097371165,2.7793912013206032,4.8330995387711315,31.899296298102822,41.61735299979779,51.17667062629378,62.07188413547055,-29.338827827923275,-10.393077635940442,trade_tariffs
2025-10-08,36.7583246489503,56.624277380882155,-19.865952731931856,2.479096097371165,2.779391201320603,4.833099538771131,31.899296298102815,41.61735299979778,51.17667062629377,62.07188413547054,-29.33882782792327,-10.39307763594044,trade_tariffs
2025-10-09,36.75832464895031,56.62427738088216,-19.86595273193186,2.479096097371165,2.779391201320603,4.8330995387711315,31.899296298102822,41.61735299979779,51.176670626293784,62.07188413547054,-29.338827827923275,-10.393077635940442,trade_tariffs
2025-10-10,36.7583246489503,56.624277380882155,-19.865952731931856,2.479096097371165,2.779391201320603,4.833099538771131,31.899296298102815,41.61735299979778,51.17667062629377,62.07188413547054,-29.33882782792327,-10.39307763594044,trade_tariffs
2025-10-11,36.7583246489503,56.62427738088216,-19.86595273193186,2.479096097371165,2.779391201320603,4.833099538771131,31.899296298102815,41.61735299979778,51.176670626293784,62.07188413547054,-29.338827827923275,-10.393077635940443,trade_tariffs
2025-10-12,37.187957051034125,56.22719925860522,-19.039242207571093,2.101782698563688,2.3785575698505212,4.103382337954111,33.0684629618493,41.30745114021895,51.5652264216982,60.88917209551224,-27.08187158996115,-10.996612825181035,trade_tariffs
2025-10-13,37.187957051034125,56.22719925860522,-19.039242207571093,2.101782698563688,2.378557569850521,4.103382337954111,33.0684629618493,41.30745114021895,51.5652264216982,60.88917209551224,-27.08187158996115,-10.996612825181035,trade_tariffs
2025-10-14,37.187957051034125,56.22719925860521,-19.03924220757109,2.101782698563688,2.378557569850521,4.103382337954111,33.0684629618493,41.30745114021895,51.56522642169819,60.88917209551223,-27.081871589961146,-10.996612825181032,trade_tariffs
2025-10-15,37.187957051034125,56.22719925860521,-19.03924220757109,2.101782698563688,2.378557569850521,4.103382337954111,33.0684629618493,41.30745114021895,51.56522642169819,60.88917209551223,-27.081871589961146,-10.996612825181032,trade_tariffs
2025-10-16,36.546965819055885,56.96480404144299,-20.417838222387104,2.5146821379887605,2.8640858440565555,5.113390086058965,31.618188828597916,41.475742809513854,51.35119578709214,62.57841229579384,-30.440082791062675,-10.395593653711533,trade_tariffs
2025-10-17,36.546965819055885,56.96480404144299,-20.417838222387104,2.5146821379887605,2.8640858440565555,5.113390086058964,31.618188828597916,41.475742809513854,51.35119578709214,62.57841229579384,-30.44008279106267,-10.395593653711535,trade_tariffs
2025-10-18,36.546965819055885,56.96480404144299,-20.417838222387104,2.5146821379887605,2.8640858440565555,5.113390086058965,31.618188828597916,41.475742809513854,51.35119578709214,62.57841229579384,-30.440082791062675,-10.395593653711533,trade_tariffs
2025-10-19,36.65246157765288,56.70601470623577,-20.053553128582895,2.4020648858098315,2.8186890554380586,4.962004511466205,31.944414401465608,41.36050875384015,51.18138415757718,62.23064525489436,-29.779081971056655,-10.328024286109134,trade_tariffs
2025-10-20,35.849218930593196,57.00309218758158,-21.153873256988387,2.388621261551315,2.4271561735357636,4.552202305832881,31.167521257952618,40.53091660323377,52.24586608745148,61.76031828771168,-30.076189776420833,-12.23155673755594,trade_tariffs
2025-10-21,35.849218930593196,57.00309218758158,-21.153873256988383,2.388621261551315,2.4271561735357636,4.552202305832881,31.167521257952618,40.53091660323377,52.24586608745148,61.76031828771168,-30.076189776420833,-12.231556737555936,trade_tariffs
2025-10-22,35.849218930593196,57.00309218758158,-21.153873256988387,2.388621261551315,2.4271561735357636,4.552202305832881,31.167521257952618,40.53091660323377,52.24586608745148,61.76031828771168,-30.076189776420833,-12.23155673755594,trade_tariffs
2025-10-23,35.849218930593196,57.00309218758158,-21.153873256988387,2.388621261551315,2.427156173535764,4.552202305832881,31.167521257952618,40.53091660323377,52.24586608745148,61.76031828771168,-30.076189776420833,-12.23155673755594,trade_tariffs
2025-10-24,35.849218930593196,57.00309218758158,-21.153873256988387,2.388621261551315,2.4271561735357636,4.552202305832881,31.167521257952618,40.53091660323377,52.24586608745148,61.76031828771168,-30.076189776420833,-12.23155673755594,trade_tariffs
2025-10-25,35.849218930593196,57.00309218758158,-21.153873256988387,2.388621261551315,2.4271561735357636,4.552202305832881,31.167521257952618,40.53091660323377,52.24586608745148,61.76031828771168,-30.076189776420833,-12.23155673755594,trade_tariffs
2025-10-26,35.78676391016676,56.85368589141804,-21.06692198125128,2.246684491755604,2.329582432946141,4.2890797129150995,31.38326230632578,40.19026551400775,52.2877043228436,61.419667459992475,-29.473518218564877,-12.660325743937685,trade_tariffs
2025-10-27,35.78676391016676,56.85368589141804,-21.06692198125128,2.246684491755604,2.329582432946141,4.2890797129150995,31.38326230632578,40.19026551400775,52.2877043228436,61.419667459992475,-29.473518218564877,-12.660325743937685,trade_tariffs
2025-10-28,35.74832056549953,58.90237298349456,-23.154052417995025,1.9671880942019533,4.231542465755394,5.324166414635397,31.892631900863705,39.60400923013536,50.60854975061399,67.19619621637513,-33.5894185906804,-12.718686245309648,trade_tariffs
2025-10-29,35.90382322110053,58.673658347202284,-22.769835126101746,2.024173985082686,4.2296743359013655,5.429764984975396,31.936442210338466,39.87120423186259,50.38349664883561,66.96382004556897,-33.41217449665352,-12.12749575554997,trade_tariffs
2025-10-30,35.90382322110053,58.67365834720228,-22.769835126101746,2.0241739850826854,4.2296743359013655,5.429764984975396,31.936442210338466,39.87120423186259,50.3834966488356,66.96382004556895,-33.41217449665352,-12.12749575554997,trade_tariffs
2025-10-31,35.90382322110053,58.67365834720228,-22.769835126101746,2.0241739850826854,4.2296743359013655,5.429764984975396,31.936442210338466,39.87120423186259,50.3834966488356,66.96382004556895,-33.41217449665352,-12.12749575554997,trade_tariffs
2025-11-01,35.90382322110054,58.673658347202284,-22.76983512610175,2.0241739850826854,4.2296743359013655,5.429764984975396,31.936442210338473,39.8712042318626,50.38349664883561,66.96382004556897,-33.41217449665353,-12.127495755549974,trade_tariffs
2025-11-02,36.12170552913449,58.16826959187153,-22.046564062737033,1.9810898645742736,4.2063285436823215,5.4624418760456175,32.23876939456891,40.00464166370006,49.92386564625418,66.41267353748887,-32.75295013978644,-11.340177985687623,trade_tariffs
2025-11-03,36.12170552913449,58.16826959187152,-22.046564062737033,1.9810898645742736,4.2063285436823215,5.4624418760456175,32.23876939456891,40.00464166370006,49.92386564625417,66.41267353748887,-32.75295013978644,-11.340177985687623,trade_tariffs
2025-11-04,36.12170552913449,58.168269591871514,-22.04656406273703,1.9810898645742734,4.2063285436823215,5.4624418760456175,32.23876939456891,40.00464166370006,49.923865646254164,66.41267353748887,-32.75295013978644,-11.34017798568762,trade_tariffs
2025-11-05,36.12170552913449,58.16826959187152,-22.046564062737033,1.9810898645742734,4.2063285436823215,5.462441876045617,32.23876939456891,40.00464166370006,49.92386564625417,66.41267353748887,-32.75295013978644,-11.340177985687625,trade_tariffs
2025-11-06,35.67424626741665,57.9978638656905,-22.32361759827385,1.833609814070344,3.5870505604090566,4.666463452536418,32.08037103183877,39.268121502994525,50.96724476728875,65.02848296409225,-31.46988596524523,-13.177349231302468,trade_tariffs
2025-11-07,35.67424626741665,57.997863865690505,-22.32361759827385,1.833609814070344,3.5870505604090566,4.666463452536418,32.08037103183877,39.268121502994525,50.967244767288754,65.02848296409226,-31.46988596524523,-13.177349231302468,trade_tariffs
2025-11-08,35.674246267416656,57.997863865690505,-22.32361759827385,1.833609814070344,3.587050560409056,4.666463452536418,32.08037103183878,39.26812150299453,50.967244767288754,65.02848296409225,-31.46988596524523,-13.177349231302468,trade_tariffs
2025-11-09,35.77822142701661,57.838487624795626,-22.06026619777901,1.7287069161901851,3.3667040977482148,4.397373739225384,32.389955871283846,39.166486982749376,51.239747593209124,64.43722765638212,-30.679118726660764,-13.441413668897258,trade_tariffs
2025-11-10,36.062875769391624,57.802131737240806,-21.73925596784918,1.6576395385087097,3.0274898038582347,4.003554772077424,32.81390227391455,39.3118492648687,51.86825172167867,63.736011752802945,-29.58622332112093,-13.892288614577428,trade_tariffs
2025-11-11,36.062875769391624,57.802131737240806,-21.73925596784918,1.6576395385087097,3.0274898038582347,4.003554772077424,32.81390227391455,39.3118492648687,51.86825172167867,63.736011752802945,-29.58622332112093,-13.892288614577428,trade_tariffs
2025-11-12,36.387207540300366,57.693251121896544,-21.30604358159618,1.5553254909838488,2.645818286694144,3.572992930426715,33.33876957797202,39.43564550262871,52.50744727997602,62.87905496381707,-28.309109725232542,-14.302977437959822,trade_tariffs
2025-11-13,36.387207540300366,57.693251121896544,-21.30604358159618,1.5553254909838488,2.645818286694144,3.572992930426715,33.33876957797202,39.43564550262871,52.50744727997602,62.87905496381707,-28.309109725232542,-14.302977437959822,trade_tariffs
2025-11-14,36.65086224145369,57.172708559487994,-20.521846318034306,1.7110413042517916,2.6309257200400857,3.787458996557955,33.29722128512017,40.0045031977872,52.016094148209426,62.32932297076656,-27.945265951287897,-13.098426684780716,trade_tariffs
2025-11-15,36.65086224145369,57.172708559487994,-20.521846318034303,1.7110413042517916,2.6309257200400853,3.7874589965579544,33.29722128512017,40.0045031977872,52.016094148209426,62.32932297076656,-27.945265951287894,-13.098426684780712,trade_tariffs
2025-11-16,36.752688402787555,56.89077695518008,-20.13808855239252,1.650090017820752,2.6355658650168676,3.770199894497789,33.518511967858885,39.986864837716226,51.72506785974702,62.05648605061314,-27.52768034560819,-12.748496759176854,trade_tariffs
2025-11-17,36.01884234373752,57.33915587716551,-21.320313533427992,1.859909495636483,2.576006982013827,4.097798703765096,32.37341973229001,39.664264955185025,52.290182192418406,62.38812956191261,-29.35199899280758,-13.288628074048404,trade_tariffs
2025-11-18,36.01884234373752,57.33915587716552,-21.320313533427992,1.859909495636483,2.5760069820138276,4.097798703765096,32.37341973229001,39.664264955185025,52.29018219241841,62.38812956191262,-29.35199899280758,-13.288628074048404,trade_tariffs
2025-11-19,36.01884234373752,57.33915587716551,-21.320313533427992,1.8599094956364828,2.576006982013827,4.097798703765096,32.37341973229001,39.664264955185025,52.290182192418406,62.38812956191261,-29.35199899280758,-13.288628074048404,trade_tariffs
2025-11-20,36.01884234373752,57.33915587716551,-21.320313533427992,1.859909495636483,2.576006982013827,4.097798703765096,32.37341973229001,39.664264955185025,52.290182192418406,62.38812956191261,-29.35199899280758,-13.288628074048404,trade_tariffs
2025-11-21,36.01884234373752,57.33915587716551,-21.320313533427992,1.8599094956364828,2.576006982013827,4.097798703765096,32.37341973229001,39.664264955185025,52.290182192418406,62.38812956191261,-29.35199899280758,-13.288628074048404,trade_tariffs
2025-11-22,36.01884234373752,57.33915587716552,-21.320313533427992,1.859909495636483,2.576006982013827,4.097798703765096,32.37341973229001,39.664264955185025,52.29018219241841,62.38812956191262,-29.35199899280758,-13.288628074048404,trade_tariffs
2025-11-23,36.164318131677675,56.863286499257555,-20.69896836757988,1.8310907185891074,2.8633755029264125,4.358583298587789,32.575380323243024,39.753255940112325,51.25107051352179,62.47550248499332,-29.241791632811946,-12.156145102347814,trade_tariffs
2025-11-24,35.97969094243376,57.216067575381004,-21.23637663294724,1.7568332001792153,2.7552216181665905,4.202140549098877,32.5362978700825,39.423084014785026,51.81583320377449,62.61630194698752,-29.472572109181037,-13.000181156713444,trade_tariffs
2025-11-25,36.55139210210193,56.73628313173752,-20.184891029635594,2.0330780263807444,2.7200162655048423,4.467705829288038,32.56655917039567,40.536225033808186,51.405051251348034,62.06751501212701,-28.941594455040146,-11.42818760423104,trade_tariffs
2025-11-26,36.55139210210193,56.736283131737515,-20.184891029635594,2.0330780263807444,2.7200162655048423,4.467705829288038,32.56655917039567,40.536225033808186,51.40505125134803,62.067515012127004,-28.941594455040146,-11.42818760423104,trade_tariffs
2025-11-27,36.55139210210193,56.73628313173752,-20.184891029635594,2.0330780263807444,2.7200162655048423,4.467705829288038,32.56655917039567,40.536225033808186,51.405051251348034,62.06751501212701,-28.941594455040146,-11.42818760423104,trade_tariffs
2025-11-28,36.55139210210193,56.73628313173752,-20.184891029635594,2.0330780263807444,2.7200162655048423,4.467705829288038,32.56655917039567,40.536225033808186,51.405051251348034,62.06751501212701,-28.941594455040146,-11.42818760423104,trade_tariffs
2025-11-29,36.55139210210193,56.73628313173752,-20.184891029635594,2.0330780263807444,2.7200162655048423,4.467705829288038,32.56655917039567,40.536225033808186,51.405051251348034,62.06751501212701,-28.941594455040146,-11.42818760423104,trade_tariffs
2025-11-30,36.89568493885121,56.400584906282276,-19.504899967431065,2.1587485740454504,2.756250823671435,4.672112787622994,32.66453773372213,41.126832143980295,50.99833329188626,61.80283652067829,-28.662241031172133,-10.347558903689997,trade_tariffs
2025-12-01,36.89568493885121,56.400584906282276,-19.504899967431065,2.1587485740454504,2.756250823671435,4.672112787622994,32.66453773372213,41.126832143980295,50.99833329188626,61.80283652067829,-28.662241031172133,-10.347558903689997,trade_tariffs
2025-12-02,36.89568493885122,56.40058490628228,-19.504899967431065,2.1587485740454504,2.756250823671435,4.672112787622995,32.664537733722135,41.1268321439803,50.99833329188627,61.8028365206783,-28.662241031172137,-10.347558903689995,trade_tariffs
2025-12-03,36.89568493885121,56.400584906282276,-19.504899967431065,2.1587485740454504,2.756250823671435,4.672112787622994,32.66453773372213,41.126832143980295,50.99833329188626,61.80283652067829,-28.662241031172133,-10.347558903689997,trade_tariffs
2025-12-04,36.81303295971467,56.15878621134055,-19.345753251625883,1.8557648331225292,2.403116541089911,4.017394348393178,33.17573388679451,40.450332032634826,51.448677790804325,60.86889463187677,-27.219846174476512,-11.471660328775254,trade_tariffs
2025-12-05,36.81303295971466,56.15878621134055,-19.345753251625883,1.8557648331225292,2.403116541089911,4.017394348393178,33.175733886794504,40.45033203263482,51.448677790804325,60.86889463187677,-27.219846174476512,-11.471660328775254,trade_tariffs
2025-12-06,36.81303295971467,56.158786211340555,-19.345753251625883,1.8557648331225292,2.403116541089911,4.017394348393178,33.17573388679451,40.450332032634826,51.44867779080433,60.86889463187678,-27.219846174476512,-11.471660328775254,trade_tariffs
2025-12-07,36.90267735793876,56.09982159067632,-19.19714423273756,1.6175967986373108,2.1598574933300325,3.5548035830287907,33.73218763260963,40.07316708326788,51.866500903749454,60.33314227760319,-26.16455925547399,-12.229729210001132,trade_tariffs
2025-12-08,37.16401291425059,56.151910859720296,-18.987897945469705,1.5262732843783202,1.9242085082607832,3.1852654711054473,34.17251727686909,40.155508551632096,52.38046218352916,59.92335953591143,-25.23101826883638,-12.744777622103028,trade_tariffs
2025-12-09,37.16401291425059,56.151910859720296,-18.987897945469705,1.52627328437832,1.9242085082607832,3.1852654711054473,34.17251727686909,40.155508551632096,52.38046218352916,59.92335953591143,-25.23101826883638,-12.744777622103028,trade_tariffs
2025-12-10,37.173874340693374,56.07713690126825,-18.903262560574877,1.4142032098706299,1.7867627426471793,2.954836080734944,34.40203604934694,39.94571263203981,52.575081925679775,59.57919187685672,-24.694741278815368,-13.111783842334386,trade_tariffs
2025-12-11,37.173874340693374,56.07713690126825,-18.903262560574873,1.4142032098706299,1.786762742647179,2.954836080734944,34.40203604934694,39.94571263203981,52.575081925679775,59.57919187685672,-24.694741278815364,-13.111783842334383,trade_tariffs
2025-12-12,37.173874340693374,56.07713690126825,-18.903262560574877,1.4142032098706299,1.786762742647179,2.954836080734944,34.40203604934694,39.94571263203981,52.575081925679775,59.57919187685672,-24.694741278815368,-13.111783842334386,trade_tariffs
2025-12-13,37.173874340693374,56.07713690126825,-18.903262560574877,1.4142032098706299,1.786762742647179,2.954836080734944,34.40203604934694,39.94571263203981,52.575081925679775,59.57919187685672,-24.694741278815368,-13.111783842334386,trade_tariffs
2025-12-14,37.173874340693374,56.07713690126825,-18.903262560574873,1.4142032098706299,1.786762742647179,2.954836080734944,34.40203604934694,39.94571263203981,52.575081925679775,59.57919187685672,-24.694741278815364,-13.111783842334383,trade_tariffs
2025-12-15,37.09600627104825,56.30061106783469,-19.20460479678644,1.6870686792393397,2.537141775615566,4.0566703967214375,33.78935165973915,40.40266088235736,51.32781318762818,61.273408948041194,-27.15567877436046,-11.253530819212424,trade_tariffs
2025-12-16,37.096006271048246,56.30061106783469,-19.204604796786438,1.6870686792393397,2.537141775615566,4.0566703967214375,33.78935165973914,40.40266088235735,51.32781318762818,61.273408948041194,-27.155678774360453,-11.25353081921242,trade_tariffs
2025-12-17,37.096006271048246,56.30061106783469,-19.20460479678644,1.6870686792393397,2.537141775615566,4.0566703967214375,33.78935165973914,40.40266088235735,51.32781318762818,61.273408948041194,-27.15567877436046,-11.253530819212424,trade_tariffs
2025-12-18,37.096006271048246,56.30061106783469,-19.20460479678644,1.6870686792393397,2.537141775615566,4.0566703967214375,33.78935165973914,40.40266088235735,51.32781318762818,61.273408948041194,-27.15567877436046,-11.253530819212424,trade_tariffs
2025-12-19,35.74697964631642,57.53958507889201,-21.79260543257559,2.6484057584290315,2.977536269626727,5.494090868977807,30.55610435979552,40.93785493283732,51.70361399042363,63.375556167360394,-32.561023535772094,-11.02418732937909,trade_tariffs
2025-12-20,35.746979646316426,57.539585078892024,-21.792605432575595,2.6484057584290315,2.9775362696267273,5.494090868977808,30.556104359795526,40.937854932837325,51.70361399042364,63.37555616736041,-32.561023535772094,-11.024187329379092,trade_tariffs
2025-12-21,35.97043708654572,57.32947782838328,-21.35904074183756,2.666066296545797,2.9585070624531,5.507572583877121,30.74494714531596,41.19592702777548,51.530803985975204,63.12815167079136,-32.15388300623672,-10.564198477438405,trade_tariffs
2025-12-22,35.82652168648661,57.4100031996507,-21.583481513164095,2.463695998438588,2.7141235913499964,5.068567207156449,30.997677529546976,40.65536584342624,52.09032096060471,62.7296854386967,-31.517873239190735,-11.649089787137456,trade_tariffs
2025-12-23,35.82652168648661,57.4100031996507,-21.5834815131641,2.463695998438588,2.7141235913499964,5.068567207156449,30.997677529546976,40.65536584342624,52.09032096060471,62.7296854386967,-31.517873239190738,-11.64908978713746,trade_tariffs
2025-12-24,35.82652168648661,57.4100031996507,-21.5834815131641,2.463695998438588,2.7141235913499964,5.068567207156449,30.997677529546976,40.65536584342624,52.09032096060471,62.7296854386967,-31.517873239190738,-11.64908978713746,trade_tariffs
2025-12-25,35.82652168648661,57.4100031996507,-21.583481513164095,2.463695998438588,2.7141235913499964,5.068567207156449,30.997677529546976,40.65536584342624,52.09032096060471,62.7296854386967,-31.517873239190735,-11.649089787137456,trade_tariffs
2025-12-26,35.82652168648661,57.4100031996507,-21.5834815131641,2.463695998438588,2.7141235913499964,5.068567207156449,30.997677529546976,40.65536584342624,52.09032096060471,62.7296854386967,-31.517873239190738,-11.64908978713746,trade_tariffs
2025-12-27,35.82652168648661,57.410003199650696,-21.583481513164095,2.463695998438588,2.7141235913499964,5.068567207156449,30.997677529546976,40.65536584342624,52.0903209606047,62.72968543869669,-31.517873239190735,-11.649089787137456,trade_tariffs
2025-12-28,35.82652168648661,57.4100031996507,-21.5834815131641,2.463695998438588,2.7141235913499964,5.068567207156449,30.997677529546976,40.65536584342624,52.09032096060471,62.7296854386967,-31.517873239190738,-11.64908978713746,trade_tariffs
2025-12-29,35.82652168648661,57.4100031996507,-21.5834815131641,2.463695998438588,2.7141235913499964,5.068567207156449,30.997677529546976,40.65536584342624,52.09032096060471,62.7296854386967,-31.517873239190738,-11.64908978713746,trade_tariffs
2025-12-30,35.82652168648661,57.4100031996507,-21.5834815131641,2.463695998438588,2.7141235913499964,5.068567207156449,30.997677529546976,40.65536584342624,52.09032096060471,62.7296854386967,-31.517873239190738,-11.64908978713746,trade_tariffs
2025-12-31,35.82652168648661,57.410003199650696,-21.583481513164095,2.463695998438588,2.7141235913499964,5.068567207156449,30.997677529546976,40.65536584342624,52.0903209606047,62.72968543869669,-31.517873239190735,-11.649089787137456,trade_tariffs
2026-01-01,35.82652168648661,57.4100031996507,-21.583481513164095,2.463695998438588,2.7141235913499964,5.068567207156449,30.997677529546976,40.65536584342624,52.09032096060471,62.7296854386967,-31.517873239190735,-11.649089787137456,trade_tariffs
2026-01-02,35.82652168648661,57.410003199650696,-21.583481513164095,2.463695998438588,2.7141235913499964,5.068567207156449,30.997677529546976,40.65536584342624,52.0903209606047,62.72968543869669,-31.517873239190735,-11.649089787137456,trade_tariffs
2026-01-03,35.82652168648661,57.41000319965071,-21.5834815131641,2.463695998438588,2.7141235913499964,5.068567207156449,30.997677529546976,40.65536584342624,52.090320960604714,62.729685438696706,-31.517873239190738,-11.64908978713746,trade_tariffs
2026-01-04,36.39246561603017,56.379714938778704,-19.98724932274853,2.4660589388522935,3.1585302003590976,5.510773725122211,31.55899009587968,41.225941136180666,50.18899574607487,62.570434131482536,-30.78836582398806,-9.186132821508997,trade_tariffs
2026-01-05,36.39246561603017,56.379714938778704,-19.98724932274853,2.4660589388522935,3.1585302003590976,5.510773725122211,31.55899009587968,41.225941136180666,50.18899574607487,62.570434131482536,-30.78836582398806,-9.186132821508997,trade_tariffs
2026-01-06,36.39246561603018,56.379714938778704,-19.98724932274853,2.4660589388522935,3.1585302003590976,5.510773725122211,31.558990095879686,41.22594113618067,50.18899574607487,62.570434131482536,-30.78836582398806,-9.186132821508997,trade_tariffs
2026-01-07,36.39246561603017,56.3797149387787,-19.98724932274853,2.4660589388522935,3.1585302003590976,5.510773725122211,31.55899009587968,41.225941136180666,50.188995746074866,62.57043413148253,-30.78836582398806,-9.186132821508997,trade_tariffs
2026-01-08,36.39246561603017,56.3797149387787,-19.98724932274853,2.4660589388522935,3.1585302003590976,5.510773725122211,31.55899009587968,41.225941136180666,50.188995746074866,62.57043413148253,-30.78836582398806,-9.186132821508997,trade_tariffs
2026-01-09,36.39246561603017,56.3797149387787,-19.98724932274853,2.4660589388522935,3.1585302003590976,5.510773725122211,31.55899009587968,41.225941136180666,50.188995746074866,62.57043413148253,-30.78836582398806,-9.186132821508997,trade_tariffs
2026-01-10,36.39246561603017,56.379714938778704,-19.98724932274853,2.4660589388522935,3.1585302003590976,5.510773725122211,31.55899009587968,41.225941136180666,50.18899574607487,62.570434131482536,-30.78836582398806,-9.186132821508997,trade_tariffs
2026-01-11,36.39246561603017,56.3797149387787,-19.98724932274853,2.466058938852293,3.1585302003590976,5.510773725122211,31.55899009587968,41.225941136180666,50.188995746074866,62.57043413148253,-30.78836582398806,-9.186132821508997,trade_tariffs
2026-01-12,36.421348982650656,56.826108220648976,-20.40475923799832,1.6717467088799012,2.159855261002926,3.7391295912253573,33.14472543324605,39.69797253205526,52.59279190908324,61.05942453221471,-27.73345323680002,-13.07606523919662,trade_tariffs
2026-01-13,36.57200781435052,56.71551107108477,-20.143503256734245,1.7022790543324702,2.1208776240613747,3.7280391799585866,33.23554086785888,39.90847476084216,52.55859092792448,60.87243121424506,-27.450460049453074,-12.836546464015417,trade_tariffs
2026-01-14,36.57200781435052,56.71551107108476,-20.143503256734245,1.7022790543324702,2.1208776240613747,3.7280391799585866,33.23554086785888,39.90847476084216,52.55859092792447,60.872431214245054,-27.450460049453074,-12.836546464015417,trade_tariffs
2026-01-15,36.57200781435051,56.71551107108476,-20.143503256734242,1.70227905433247,2.1208776240613747,3.7280391799585866,33.23554086785887,39.908474760842154,52.55859092792447,60.872431214245054,-27.45046004945307,-12.836546464015413,trade_tariffs
2026-01-16,36.57200781435052,56.71551107108476,-20.143503256734242,1.70227905433247,2.1208776240613747,3.7280391799585866,33.23554086785888,39.90847476084216,52.55859092792447,60.872431214245054,-27.45046004945307,-12.836546464015413,trade_tariffs
2026-01-17,36.57200781435052,56.71551107108476,-20.143503256734242,1.70227905433247,2.1208776240613747,3.7280391799585866,33.23554086785888,39.90847476084216,52.55859092792447,60.872431214245054,-27.45046004945307,-12.836546464015413,trade_tariffs
2026-01-18,36.8889600078482,56.38759395485817,-19.498633947009974,1.7483949290185923,2.11553733431818,3.7855286768792014,33.462105946971754,40.31581406872464,52.24114077959454,60.5340471301218,-26.918270153693207,-12.07899774032674,trade_tariffs
2026-01-19,37.15101370316634,56.44877969616363,-19.29776599299729,1.659205036152589,1.904240284001653,3.426450282363761,33.89897183230727,40.403055574025416,52.716468739520394,60.18109065280687,-26.013608546430262,-12.58192343956432,trade_tariffs
2026-01-20,37.19247272186177,56.4620225002715,-19.269549778409733,1.5985078429926365,1.828005180450359,3.2895292253969237,34.0593973495962,40.325548094127335,52.8791323465888,60.044912653954206,-25.717027060187704,-12.822072496631762,trade_tariffs
2026-01-21,37.192472721861776,56.46202250027151,-19.269549778409736,1.5985078429926365,1.828005180450359,3.2895292253969237,34.05939734959621,40.32554809412734,52.879132346588804,60.04491265395421,-25.717027060187707,-12.822072496631765,trade_tariffs
2026-01-22,36.214557952285595,56.99314144230718,-20.778583490021585,2.2889761910594157,1.919917828479044,4.064238499990463,31.728164617809142,40.70095128676205,53.23010249848825,60.756180386126104,-28.74449095000289,-12.81267603004028,trade_tariffs
2026-01-23,36.214557952285595,56.99314144230718,-20.778583490021585,2.2889761910594157,1.9199178284790437,4.064238499990463,31.728164617809142,40.70095128676205,53.23010249848825,60.756180386126104,-28.74449095000289,-12.81267603004028,trade_tariffs
2026-01-24,36.214557952285595,56.99314144230718,-20.778583490021585,2.2889761910594157,1.919917828479044,4.064238499990463,31.728164617809142,40.70095128676205,53.23010249848825,60.756180386126104,-28.74449095000289,-12.81267603004028,trade_tariffs
2026-01-25,36.22819035976486,56.96671982923,-20.73852946946514,2.1243317105512696,1.7640983277622042,3.7546767339625093,32.06450020708437,40.39188051244535,53.50908710681608,60.42435255164392,-28.097695868031657,-13.37936307089862,trade_tariffs
2026-01-26,36.05728915440243,57.665409150525306,-21.60811999612287,1.8523959862398949,1.9275941222475086,3.554681898899193,32.42659302137224,39.687985287432625,53.88732467092019,61.443493630130426,-28.57529651796529,-14.640943474280451,trade_tariffs
2026-01-27,36.05728915440243,57.6654091505253,-21.60811999612287,1.8523959862398949,1.9275941222475084,3.5546818988991924,32.42659302137224,39.687985287432625,53.88732467092018,61.44349363013042,-28.575296517965285,-14.640943474280453,trade_tariffs
2026-01-28,36.40144662500334,57.33100773702599,-20.929561112022654,1.7074793712443013,1.7629972762798352,3.2875110525433797,33.05478705736451,39.74810619264217,53.87553307551752,60.78648239853447,-27.373082775007678,-14.48603944903763,trade_tariffs
2026-01-29,35.85229684048997,57.370252590382165,-21.517955749892195,1.911675374572654,1.5889713016322846,3.1992700656204835,32.10541310632757,39.59918057465237,54.25586883918289,60.48463634158144,-27.788525078508343,-15.247386421276047,trade_tariffs
2026-01-30,35.85229684048997,57.370252590382165,-21.517955749892195,1.911675374572654,1.5889713016322846,3.1992700656204835,32.10541310632757,39.59918057465237,54.25586883918289,60.48463634158144,-27.788525078508343,-15.247386421276047,trade_tariffs
2026-01-31,35.85229684048996,57.37025259038216,-21.51795574989219,1.911675374572654,1.5889713016322844,3.199270065620483,32.10541310632756,39.599180574652365,54.25586883918288,60.484636341581435,-27.78852507850834,-15.247386421276044,trade_tariffs
2026-02-01,36.013464471214796,57.19558571133468,-21.18212124011988,1.8902987500507018,1.6071820199583786,3.2222346642303528,32.30847892111542,39.71845002131417,54.04550895221626,60.3456624704531,-27.497701182011372,-14.866541298228388,trade_tariffs
2026-02-02,36.013464471214796,57.19558571133468,-21.18212124011988,1.8902987500507016,1.6071820199583786,3.2222346642303528,32.30847892111542,39.71845002131417,54.04550895221626,60.3456624704531,-27.497701182011372,-14.866541298228388,trade_tariffs
2026-02-03,36.013464471214796,57.19558571133468,-21.18212124011988,1.8902987500507016,1.6071820199583786,3.2222346642303528,32.30847892111542,39.71845002131417,54.04550895221626,60.3456624704531,-27.497701182011372,-14.866541298228388,trade_tariffs
2026-02-04,36.013464471214796,57.19558571133467,-21.18212124011988,1.8902987500507016,1.6071820199583786,3.2222346642303528,32.30847892111542,39.71845002131417,54.04550895221625,60.34566247045309,-27.497701182011372,-14.866541298228388,trade_tariffs
2026-02-05,35.666900908570746,57.65710615066478,-21.99020524209404,1.873904117762371,1.7700265009388005,3.41088575310887,31.994048837756498,39.33975297938499,54.18785420882473,61.12635809250483,-28.675541318187424,-15.304869166000653,trade_tariffs
2026-02-06,35.666900908570746,57.65710615066478,-21.99020524209404,1.873904117762371,1.7700265009388005,3.4108857531088703,31.994048837756498,39.33975297938499,54.18785420882473,61.12635809250483,-28.675541318187424,-15.304869166000653,trade_tariffs
2026-02-07,35.666900908570746,57.65710615066478,-21.99020524209404,1.8739041177623712,1.7700265009388005,3.4108857531088703,31.994048837756498,39.339752979385,54.18785420882473,61.12635809250483,-28.675541318187424,-15.304869166000653,trade_tariffs
2026-02-08,35.666900908570746,57.65710615066478,-21.99020524209404,1.873904117762371,1.7700265009388005,3.41088575310887,31.994048837756498,39.33975297938499,54.18785420882473,61.12635809250483,-28.675541318187424,-15.304869166000653,trade_tariffs
2026-02-09,35.955194636377854,57.161685955021106,-21.206491318643245,1.8578919932910791,2.006424124011904,3.650033981609263,32.31372632952734,39.59666294322837,53.229094671957775,61.09427723808444,-28.3605579225974,-14.052424714689089,trade_tariffs
2026-02-10,35.985592914855744,57.219656694605234,-21.23406377974949,1.792632237470047,1.9434814686487636,3.516719096766991,32.47203372941445,39.49915210029704,53.41043301605366,61.02888037315681,-28.126833209412794,-14.341294350086187,trade_tariffs
2026-02-11,35.98559291485575,57.21965669460524,-21.23406377974949,1.7926322374700472,1.9434814686487636,3.516719096766991,32.472033729414456,39.499152100297046,53.410433016053666,61.02888037315682,-28.126833209412794,-14.341294350086187,trade_tariffs
2026-02-12,35.985592914855744,57.219656694605234,-21.234063779749487,1.792632237470047,1.9434814686487636,3.516719096766991,32.47203372941445,39.49915210029704,53.41043301605366,61.02888037315681,-28.12683320941279,-14.341294350086184,trade_tariffs
2026-02-13,35.98559291485575,57.21965669460524,-21.23406377974949,1.792632237470047,1.9434814686487636,3.516719096766991,32.472033729414456,39.499152100297046,53.410433016053666,61.02888037315682,-28.126833209412794,-14.341294350086187,trade_tariffs
2026-02-14,35.985592914855744,57.219656694605234,-21.234063779749487,1.792632237470047,1.9434814686487636,3.516719096766991,32.47203372941445,39.49915210029704,53.41043301605366,61.02888037315681,-28.12683320941279,-14.341294350086184,trade_tariffs
2026-02-15,35.98559291485575,57.21965669460524,-21.23406377974949,1.792632237470047,1.9434814686487636,3.516719096766991,32.472033729414456,39.499152100297046,53.410433016053666,61.02888037315682,-28.126833209412794,-14.341294350086187,trade_tariffs
2026-02-16,36.2793678571441,56.704447663892246,-20.425079806748144,1.7327197526508769,2.0601022405762004,3.601003685950425,32.883237141948385,39.67549857233982,52.666647272362894,60.7422480554216,-27.483047031210976,-13.367112582285312,trade_tariffs
2026-02-17,36.40079067243075,59.40420293997778,-23.00341226754703,1.4160108906223634,4.103853301012826,4.620567786693036,33.62540932681092,39.176172018050586,51.36065046999264,67.44775540996292,-32.059725129465384,-13.947099405628679,trade_tariffs
2026-02-18,36.25317018420172,58.922300723408746,-22.669130539207025,1.3227161968487733,3.9001602913902005,4.282248991658373,33.66064643837812,38.84569393002532,51.277986552283956,66.56661489453354,-31.062338562857434,-14.275922515556614,trade_tariffs
2026-02-19,36.253170184201714,58.92230072340874,-22.669130539207025,1.3227161968487733,3.9001602913902005,4.282248991658372,33.660646438378116,38.84569393002531,51.27798655228395,66.56661489453353,-31.062338562857434,-14.275922515556616,trade_tariffs
2026-02-20,36.21257284575726,58.77200409202085,-22.55943124626359,1.2852961124639735,3.814026325601441,4.16058284222869,33.69339246532787,38.73175322618665,51.29651249384202,66.24749569019967,-30.714173617031822,-14.404688875495356,trade_tariffs
2026-02-21,36.21257284575725,58.77200409202084,-22.55943124626359,1.2852961124639735,3.814026325601441,4.16058284222869,33.69339246532786,38.73175322618664,51.296512493842016,66.24749569019967,-30.714173617031822,-14.404688875495356,trade_tariffs
2026-02-22,36.22187470390807,58.591638884410926,-22.36976418050285,1.2039309061765164,3.637531999199435,3.9463594988837567,33.8621701278021,38.58157928001404,51.46207616598004,65.72120160284182,-30.104628798315016,-14.634899562690688,trade_tariffs
2026-02-23,34.832263263693854,59.59572762884619,-24.763464365152338,2.0430553423734663,3.167865276993631,4.423414939677872,30.82787479264186,38.83665173474585,53.38671168593868,65.8047435717537,-33.43335764692097,-16.093571083383708,trade_tariffs
2026-02-24,34.832263263693854,59.59572762884619,-24.763464365152338,2.0430553423734663,3.167865276993631,4.423414939677872,30.82787479264186,38.83665173474585,53.38671168593868,65.8047435717537,-33.43335764692097,-16.093571083383708,trade_tariffs
2026-02-25,34.832263263693854,59.595727628846184,-24.763464365152334,2.0430553423734663,3.1678652769936306,4.423414939677872,30.82787479264186,38.83665173474585,53.38671168593867,65.8047435717537,-33.43335764692096,-16.093571083383708,trade_tariffs
2026-02-26,35.33723381811325,58.48176234790613,-23.144528529792876,2.118044485913186,3.715457627270843,5.255603847940494,31.185866625723403,39.48860101050309,51.199465398455274,65.76405929735698,-33.44551207175624,-12.843544987829508,trade_tariffs
2026-02-27,35.33723381811325,58.48176234790613,-23.14452852979288,2.118044485913186,3.7154576272708426,5.255603847940494,31.185866625723403,39.48860101050309,51.199465398455274,65.76405929735698,-33.44551207175625,-12.843544987829512,trade_tariffs
2026-02-28,35.33723381811325,58.48176234790613,-23.14452852979288,2.118044485913186,3.715457627270843,5.2556038479404945,31.185866625723403,39.48860101050309,51.199465398455274,65.76405929735698,-33.44551207175625,-12.84354498782951,trade_tariffs
2026-03-01,35.33723381811325,58.48176234790613,-23.14452852979288,2.118044485913186,3.7154576272708426,5.255603847940494,31.185866625723403,39.48860101050309,51.199465398455274,65.76405929735698,-33.44551207175625,-12.843544987829512,trade_tariffs
2026-03-02,35.337233818113255,58.48176234790613,-23.14452852979288,2.118044485913186,3.715457627270843,5.2556038479404945,31.18586662572341,39.488601010503096,51.199465398455274,65.76405929735698,-33.44551207175625,-12.84354498782951,trade_tariffs
2026-03-03,35.33723381811325,58.48176234790613,-23.144528529792876,2.118044485913186,3.7154576272708426,5.255603847940494,31.185866625723403,39.48860101050309,51.199465398455274,65.76405929735698,-33.44551207175624,-12.843544987829508,trade_tariffs
2026-03-04,35.337233818113255,58.48176234790613,-23.14452852979288,2.118044485913186,3.715457627270843,5.2556038479404945,31.18586662572341,39.488601010503096,51.199465398455274,65.76405929735698,-33.44551207175625,-12.84354498782951,trade_tariffs
2026-03-05,32.96342406788255,60.552633613170265,-27.589209545287716,4.17153034311681,4.547612973113432,8.337888746729393,24.7872245953736,41.1396235403915,51.63931218586794,69.4659550404726,-43.93147148887732,-11.246947601698107,trade_tariffs
2026-03-06,32.96342406788255,60.552633613170265,-27.589209545287716,4.17153034311681,4.547612973113432,8.337888746729393,24.7872245953736,41.1396235403915,51.63931218586794,69.4659550404726,-43.93147148887732,-11.246947601698107,trade_tariffs
2026-03-07,32.96342406788255,60.55263361317027,-27.589209545287716,4.17153034311681,4.547612973113432,8.337888746729394,24.7872245953736,41.1396235403915,51.63931218586795,69.4659550404726,-43.93147148887733,-11.246947601698103,trade_tariffs
2026-03-08,33.595307635770055,59.86206020328049,-26.266752567510444,4.192247401027613,4.57144310346769,8.437229712507111,25.378502729755937,41.812112541784174,50.90203172048382,68.82208868607717,-42.80372280402438,-9.729782330996507,trade_tariffs
2026-03-09,33.595307635770055,59.86206020328049,-26.266752567510444,4.192247401027613,4.57144310346769,8.437229712507111,25.378502729755937,41.812112541784174,50.90203172048382,68.82208868607717,-42.80372280402438,-9.729782330996507,trade_tariffs
2026-03-10,33.59530763577005,59.86206020328049,-26.266752567510444,4.192247401027613,4.57144310346769,8.437229712507111,25.37850272975593,41.81211254178417,50.90203172048382,68.82208868607717,-42.80372280402438,-9.729782330996507,trade_tariffs
2026-03-11,33.595307635770055,59.86206020328049,-26.266752567510444,4.192247401027613,4.57144310346769,8.437229712507111,25.378502729755937,41.812112541784174,50.90203172048382,68.82208868607717,-42.80372280402438,-9.729782330996507,trade_tariffs
2026-03-12,33.8823217591438,59.67731911311783,-25.794997353974036,3.8485092247182595,4.15535553810943,7.708181315998558,26.33924367869601,41.42539983959159,51.53282225842335,67.82181596781231,-40.90303273333121,-10.686961974616864,trade_tariffs
2026-03-13,33.8823217591438,59.677319113117825,-25.794997353974033,3.848509224718259,4.155355538109429,7.708181315998557,26.33924367869601,41.425399839591584,51.532822258423344,67.82181596781231,-40.9030327333312,-10.686961974616862,trade_tariffs
2026-03-14,33.8823217591438,59.67731911311783,-25.794997353974033,3.8485092247182595,4.155355538109429,7.708181315998557,26.33924367869601,41.42539983959159,51.53282225842335,67.82181596781231,-40.9030327333312,-10.686961974616862,trade_tariffs
2026-03-15,33.8823217591438,59.67731911311783,-25.794997353974033,3.8485092247182595,4.155355538109429,7.708181315998557,26.33924367869601,41.42539983959159,51.53282225842335,67.82181596781231,-40.9030327333312,-10.686961974616862,trade_tariffs
2026-03-16,34.486277791683044,58.992373532478254,-24.506095740795214,3.778037255638726,4.10660943873883,7.633865732730182,27.08132477063114,41.891230812734946,50.943419032550146,67.04132803240635,-39.46847257694637,-9.543718904644056,trade_tariffs
2026-03-17,34.48627779168304,58.992373532478254,-24.50609574079521,3.778037255638726,4.10660943873883,7.6338657327301815,27.081324770631134,41.89123081273494,50.943419032550146,67.04132803240635,-39.46847257694637,-9.543718904644054,trade_tariffs
2026-03-18,34.498895961798354,58.96780238245631,-24.468906420657962,3.6162758950061713,3.9301680431939805,7.306443889513926,27.410995207586257,41.58679671601045,51.26467301779611,66.67093174711651,-38.78953644410526,-10.148276397210667,trade_tariffs
2026-03-19,34.61905822155421,58.847098550754176,-24.22804032919996,3.2322351792593054,3.5111505347829137,6.529921344715259,28.283877270205974,40.95423917290245,51.96524350257967,65.72895359892868,-37.02668616484186,-11.429394493558053,trade_tariffs
2026-03-20,34.61905822155421,58.847098550754176,-24.22804032919996,3.2322351792593054,3.5111505347829137,6.529921344715259,28.283877270205974,40.95423917290245,51.96524350257967,65.72895359892868,-37.02668616484186,-11.429394493558053,trade_tariffs
2026-03-21,34.61905822155421,58.847098550754176,-24.22804032919996,3.2322351792593054,3.5111505347829137,6.529921344715259,28.283877270205974,40.95423917290245,51.96524350257967,65.72895359892868,-37.02668616484186,-11.429394493558053,trade_tariffs
2026-03-22,34.829252523496784,58.43221941629276,-23.60296689279598,3.0726967920028203,3.46987201039825,6.336264306412947,28.806766811171258,40.85173823582231,51.63127027591219,65.23316855667333,-36.02204493336536,-11.183888852226604,trade_tariffs
2026-03-23,34.611731251069386,58.89414809254239,-24.282416841473008,2.841212099865087,3.1403305567734656,5.809484870681903,29.042955535333817,40.180506966804955,52.739100201266396,65.04919598381838,-35.66900718800954,-12.895826494936479,trade_tariffs
2026-03-24,34.61173125106938,58.89414809254239,-24.282416841473005,2.841212099865087,3.1403305567734656,5.809484870681903,29.04295553533381,40.18050696680495,52.739100201266396,65.04919598381838,-35.66900718800953,-12.895826494936475,trade_tariffs
2026-03-25,34.063926507012155,59.227513704257916,-25.163587197245768,2.893303199746366,2.979578706796863,5.698643609278973,28.393052235509277,39.73480077851503,53.38753943893607,65.06748796957977,-36.332928671432555,-13.994245723058981,trade_tariffs
2026-03-26,34.06392650701215,59.227513704257916,-25.163587197245764,2.893303199746366,2.9795787067968633,5.698643609278973,28.39305223550927,39.73480077851502,53.38753943893607,65.06748796957977,-36.332928671432555,-13.994245723058977,trade_tariffs
2026-03-27,34.063926507012155,59.22751370425792,-25.163587197245768,2.893303199746366,2.9795787067968633,5.698643609278973,28.393052235509277,39.73480077851503,53.387539438936074,65.06748796957977,-36.332928671432555,-13.994245723058981,trade_tariffs
2026-03-28,34.06392650701215,59.227513704257916,-25.163587197245764,2.8933031997463656,2.979578706796863,5.698643609278972,28.393052235509273,39.73480077851502,53.38753943893607,65.06748796957977,-36.33292867143255,-13.99424572305898,trade_tariffs
2026-03-29,34.480516832156866,58.793905150747435,-24.31338831859057,2.9534437281754093,3.0484731280321316,5.8525172089743895,28.691767124933065,40.269266539380666,52.818897819804455,64.7689124816904,-35.78432204818037,-12.842454589000765,trade_tariffs
2026-03-30,34.48051683215686,58.79390515074743,-24.313388318590565,2.9534437281754093,3.0484731280321316,5.8525172089743895,28.691767124933058,40.26926653938066,52.81889781980445,64.7689124816904,-35.78432204818037,-12.842454589000761,trade_tariffs
2026-03-31,34.48051683215686,58.79390515074743,-24.313388318590565,2.9534437281754093,3.0484731280321316,5.8525172089743895,28.691767124933058,40.26926653938066,52.81889781980445,64.7689124816904,-35.78432204818037,-12.842454589000761,trade_tariffs
2026-04-01,34.480516832156866,58.793905150747435,-24.31338831859057,2.9534437281754093,3.0484731280321316,5.8525172089743895,28.691767124933065,40.269266539380666,52.818897819804455,64.7689124816904,-35.78432204818037,-12.842454589000765,trade_tariffs
2026-04-02,34.48051683215686,58.79390515074743,-24.313388318590565,2.9534437281754093,3.0484731280321316,5.8525172089743895,28.691767124933058,40.26926653938066,52.81889781980445,64.7689124816904,-35.78432204818037,-12.842454589000761,trade_tariffs
2026-04-03,34.72733178239462,57.61080598172025,-22.883474199325622,2.6367188083742645,3.4580074564682395,5.7840351082447805,29.559362917981062,39.89530064680818,50.8331113670425,64.38850059639799,-34.22018301148539,-11.546765387165852,trade_tariffs
2026-04-04,34.72733178239462,57.61080598172025,-22.883474199325622,2.6367188083742645,3.4580074564682395,5.784035108244781,29.559362917981062,39.89530064680818,50.8331113670425,64.38850059639799,-34.220183011485396,-11.54676538716585,trade_tariffs
2026-04-05,35.271150856908726,57.16733464719018,-21.896183790281455,2.8077707377530583,3.4051355222991173,5.926064058773836,29.76792021091273,40.77438150290472,50.49326902348391,63.84140027089645,-33.51126934547817,-10.281098235084738,trade_tariffs
2026-04-06,35.271150856908726,57.16733464719018,-21.89618379028145,2.8077707377530583,3.4051355222991173,5.926064058773836,29.76792021091273,40.77438150290472,50.49326902348391,63.84140027089645,-33.51126934547817,-10.281098235084734,trade_tariffs
2026-04-07,35.271150856908726,57.16733464719018,-21.89618379028145,2.8077707377530583,3.4051355222991173,5.926064058773835,29.76792021091273,40.77438150290472,50.49326902348391,63.84140027089645,-33.51126934547817,-10.281098235084736,trade_tariffs
2026-04-08,35.271150856908726,57.16733464719018,-21.89618379028145,2.8077707377530583,3.4051355222991173,5.926064058773836,29.76792021091273,40.77438150290472,50.49326902348391,63.84140027089645,-33.51126934547817,-10.281098235084734,trade_tariffs
2026-04-09,35.271150856908726,57.16733464719018,-21.89618379028145,2.8077707377530583,3.4051355222991173,5.926064058773835,29.76792021091273,40.77438150290472,50.49326902348391,63.84140027089645,-33.51126934547817,-10.281098235084736,trade_tariffs
2026-04-10,35.271150856908726,57.16733464719018,-21.89618379028145,2.8077707377530583,3.4051355222991173,5.926064058773836,29.76792021091273,40.77438150290472,50.49326902348391,63.84140027089645,-33.51126934547817,-10.281098235084734,trade_tariffs
2026-04-11,35.271150856908726,57.16733464719018,-21.89618379028145,2.8077707377530583,3.4051355222991173,5.926064058773835,29.76792021091273,40.77438150290472,50.49326902348391,63.84140027089645,-33.51126934547817,-10.281098235084736,trade_tariffs
2026-04-12,35.271150856908726,57.16733464719018,-21.896183790281455,2.8077707377530583,3.4051355222991173,5.926064058773836,29.76792021091273,40.77438150290472,50.49326902348391,63.84140027089645,-33.51126934547817,-10.281098235084738,trade_tariffs
2026-04-13,35.271150856908726,57.16733464719018,-21.896183790281455,2.8077707377530583,3.4051355222991173,5.926064058773835,29.76792021091273,40.77438150290472,50.49326902348391,63.84140027089645,-33.51126934547817,-10.28109823508474,trade_tariffs
2026-04-14,35.33325609134943,57.36650640102442,-22.033250309674987,2.611157136434631,3.2012518017115044,5.513622204392997,30.215388103937556,40.45112407876131,51.09205286966987,63.64095993237896,-32.83994983028526,-11.226550789064712,trade_tariffs
2026-04-15,35.33325609134943,57.366506401024424,-22.03325030967499,2.611157136434631,3.2012518017115044,5.513622204392997,30.215388103937556,40.45112407876131,51.09205286966988,63.64095993237897,-32.83994983028526,-11.226550789064715,trade_tariffs
2026-04-16,34.941836909610075,58.21224163447775,-23.27040472486767,2.025985499396852,2.6115143824335227,4.408717533836263,30.970905330792245,38.9127684884279,53.09367344490804,63.330809824047456,-31.911491091186747,-14.629318358548595,trade_tariffs
2026-04-17,34.94183690961008,58.212241634477756,-23.270404724867674,2.025985499396852,2.6115143824335227,4.408717533836263,30.970905330792252,38.912768488427915,53.09367344490805,63.33080982404746,-31.91149109118675,-14.629318358548598,trade_tariffs
2026-04-18,34.941836909610075,58.212241634477756,-23.270404724867674,2.025985499396852,2.6115143824335227,4.408717533836263,30.970905330792245,38.9127684884279,53.09367344490805,63.33080982404746,-31.91149109118675,-14.629318358548598,trade_tariffs
2026-04-19,34.70752174352885,58.61516393621078,-23.90764219268193,1.6940920511454622,2.216801983827381,3.7268431613389,31.387101323283744,38.02794216377396,54.27023204790911,62.96009582451244,-31.212254788906172,-16.603029596457688,trade_tariffs
2026-04-20,34.27875143138519,58.64955089898412,-24.37079946759893,1.6172830603031139,1.889324509653438,3.278351449374052,31.108876633191088,37.44862622957929,54.946474860063375,62.35262693790486,-30.79636830837207,-17.945230626825786,trade_tariffs
2026-04-21,34.278751431385196,58.649550898984124,-24.370799467598932,1.6172830603031139,1.889324509653438,3.2783514493740524,31.108876633191095,37.4486262295793,54.94647486006339,62.35262693790486,-30.796368308372074,-17.94523062682579,trade_tariffs
2026-04-22,34.27875143138519,58.649550898984124,-24.37079946759893,1.6172830603031139,1.889324509653438,3.278351449374052,31.108876633191088,37.44862622957929,54.94647486006339,62.35262693790486,-30.79636830837207,-17.945230626825786,trade_tariffs
2026-04-23,34.27875143138519,58.64955089898412,-24.37079946759893,1.6172830603031139,1.889324509653438,3.278351449374052,31.108876633191088,37.44862622957929,54.946474860063375,62.35262693790486,-30.79636830837207,-17.945230626825786,trade_tariffs
2026-04-24,34.27875143138519,58.649550898984124,-24.37079946759893,1.6172830603031139,1.889324509653438,3.278351449374052,31.108876633191088,37.44862622957929,54.94647486006339,62.35262693790486,-30.79636830837207,-17.945230626825786,trade_tariffs
2026-04-25,34.27875143138519,58.649550898984124,-24.37079946759893,1.6172830603031139,1.889324509653438,3.278351449374052,31.108876633191088,37.44862622957929,54.94647486006339,62.35262693790486,-30.79636830837207,-17.945230626825786,trade_tariffs
2026-04-26,34.34746381297999,58.30004573192302,-23.952581918943032,1.3394717964024663,1.6422659611138013,2.7749517956696867,31.722099092031154,36.97282853392882,55.08120444813997,61.51888701570607,-29.39148743845562,-18.513676399430445,trade_tariffs
2026-04-27,35.16336361166731,57.56157939653321,-22.398215784865897,2.0594620516660416,2.1134310700844012,4.0442241848985825,31.126817990401868,39.19990923293275,53.419254499167785,61.70390429389864,-30.324895187267117,-14.471536382464675,trade_tariffs
2026-04-28,35.163363611667315,57.56157939653321,-22.3982157848659,2.0594620516660416,2.1134310700844012,4.0442241848985825,31.126817990401875,39.199909232932754,53.419254499167785,61.70390429389864,-30.324895187267124,-14.471536382464679,trade_tariffs
2026-04-29,35.16336361166731,57.56157939653321,-22.398215784865897,2.0594620516660416,2.1134310700844012,4.0442241848985825,31.126817990401868,39.19990923293275,53.419254499167785,61.70390429389864,-30.324895187267117,-14.471536382464675,trade_tariffs
2026-04-30,35.16336361166731,57.56157939653321,-22.398215784865897,2.0594620516660416,2.1134310700844012,4.0442241848985825,31.126817990401868,39.19990923293275,53.419254499167785,61.70390429389864,-30.324895187267117,-14.471536382464675,trade_tariffs
2026-05-01,35.163363611667315,57.56157939653322,-22.3982157848659,2.0594620516660416,2.1134310700844012,4.0442241848985825,31.126817990401875,39.199909232932754,53.41925449916779,61.703904293898646,-30.324895187267124,-14.471536382464679,trade_tariffs
2026-05-02,35.16336361166731,57.561579396533205,-22.398215784865897,2.0594620516660416,2.1134310700844012,4.0442241848985825,31.126817990401868,39.19990923293275,53.41925449916778,61.70390429389863,-30.324895187267117,-14.471536382464675,trade_tariffs
2026-05-03,35.25397427085026,57.515730949974966,-22.261756679124712,1.850214334286215,1.8916462144901787,3.6161898727231425,31.627554175649276,38.88039436605124,53.80810436957422,61.223357530375715,-29.34948882966207,-15.174024528587353,trade_tariffs
2026-05-04,35.25397427085026,57.51573094997497,-22.261756679124716,1.850214334286215,1.891646214490179,3.6161898727231425,31.627554175649276,38.88039436605124,53.808104369574224,61.22335753037572,-29.349488829662075,-15.174024528587356,trade_tariffs
2026-05-05,34.87743616595489,57.96381577168351,-23.08637960572861,1.8186696710127723,1.8754877348963255,3.595811172623339,31.312843610769857,38.44202872113993,54.28785981128671,61.639771732080305,-30.134169504070353,-16.038589707386866,trade_tariffs
2026-05-06,34.87743616595489,57.9638157716835,-23.086379605728606,1.8186696710127723,1.8754877348963255,3.595811172623339,31.312843610769857,38.44202872113993,54.2878598112867,61.6397717320803,-30.13416950407035,-16.038589707386862,trade_tariffs
2026-05-07,35.306120722413404,58.29506591380195,-22.98894519138855,1.5723119144352347,1.5724683338906373,2.893160431016868,32.22438937012034,38.387852074706466,55.2130279793763,61.3771038482276,-28.65953963618161,-17.31835074659549,trade_tariffs
2026-05-08,35.3061207224134,58.29506591380194,-22.98894519138855,1.5723119144352347,1.5724683338906373,2.893160431016868,32.224389370120335,38.38785207470646,55.21302797937629,61.37710384822759,-28.65953963618161,-17.31835074659549,trade_tariffs
2026-05-09,35.3061207224134,58.29506591380195,-22.988945191388545,1.5723119144352347,1.5724683338906373,2.893160431016868,32.224389370120335,38.38785207470646,55.2130279793763,61.3771038482276,-28.659539636181606,-17.318350746595485,trade_tariffs
2026-05-10,35.306120722413404,58.29506591380195,-22.98894519138855,1.5723119144352347,1.5724683338906373,2.8931604310168684,32.22438937012034,38.387852074706466,55.2130279793763,61.3771038482276,-28.659539636181613,-17.318350746595485,trade_tariffs
2026-05-11,35.3061207224134,58.29506591380195,-22.98894519138855,1.5723119144352347,1.5724683338906371,2.893160431016868,32.224389370120335,38.38785207470646,55.2130279793763,61.3771038482276,-28.65953963618161,-17.31835074659549,trade_tariffs
2026-05-12,35.306120722413404,58.295065913801956,-22.98894519138855,1.5723119144352349,1.5724683338906373,2.8931604310168684,32.22438937012034,38.387852074706466,55.21302797937631,61.377103848227605,-28.659539636181613,-17.318350746595485,trade_tariffs
2026-05-13,35.306120722413404,58.29506591380195,-22.98894519138855,1.5723119144352349,1.5724683338906373,2.8931604310168684,32.22438937012034,38.387852074706466,55.2130279793763,61.3771038482276,-28.659539636181613,-17.318350746595485,trade_tariffs
2026-05-14,35.3061207224134,58.29506591380195,-22.988945191388545,1.5723119144352347,1.5724683338906371,2.893160431016868,32.224389370120335,38.38785207470646,55.2130279793763,61.3771038482276,-28.659539636181606,-17.318350746595485,trade_tariffs
2026-05-15,35.3061207224134,58.29506591380195,-22.98894519138855,1.5723119144352347,1.5724683338906373,2.893160431016868,32.224389370120335,38.38785207470646,55.2130279793763,61.3771038482276,-28.65953963618161,-17.31835074659549,trade_tariffs
2026-05-16,35.306120722413404,58.29506591380195,-22.98894519138855,1.5723119144352347,1.5724683338906373,2.893160431016868,32.22438937012034,38.387852074706466,55.2130279793763,61.3771038482276,-28.65953963618161,-17.31835074659549,trade_tariffs
2026-05-17,35.086241596850385,58.168905562311174,-23.08266396546079,1.3808765055768106,1.3817152693801869,2.4485926447535196,32.37972364591984,37.79275954778093,55.46074363432601,60.87706749029634,-27.881905549177688,-18.28342238174389,trade_tariffs
2026-05-18,32.70625389316268,60.33163105087616,-27.625377157713473,2.724447525602393,2.577070100379028,5.181972325188012,27.366336742981993,38.04617104334337,55.28057365413326,65.38268844761906,-37.78204291508197,-17.468711400344972,trade_tariffs
2026-05-19,32.937964246327795,60.1728192556903,-27.234855009362505,2.8043947840032777,2.581794226141744,5.270018197377482,27.44135046968137,38.43457802297422,55.112502572452485,65.23313593892811,-37.56409067622237,-16.90561934250264,trade_tariffs
2026-05-20,33.10431476352082,60.15843661515808,-27.05412185163726,2.7758583158254595,2.49266820238253,5.130574053631848,27.663632464502918,38.54499706253872,55.27280693848832,65.04406629182785,-37.11004699675568,-16.99819670651884,trade_tariffs
2026-05-21,33.10431476352082,60.15843661515809,-27.054121851637262,2.7758583158254595,2.49266820238253,5.130574053631848,27.663632464502918,38.54499706253872,55.27280693848833,65.04406629182785,-37.110046996755685,-16.99819670651884,trade_tariffs
2026-05-22,33.10431476352082,60.15843661515808,-27.05412185163726,2.7758583158254595,2.49266820238253,5.130574053631848,27.663632464502918,38.54499706253872,55.27280693848832,65.04406629182785,-37.11004699675568,-16.99819670651884,trade_tariffs
2026-05-23,33.10431476352082,60.15843661515808,-27.05412185163726,2.7758583158254595,2.49266820238253,5.130574053631847,27.663632464502918,38.54499706253872,55.27280693848832,65.04406629182785,-37.11004699675568,-16.99819670651884,trade_tariffs
2026-05-24,33.28929293714252,59.961169924272596,-26.67187698713008,2.6094471025976005,2.351075165210835,4.835791663457012,28.174776616051222,38.403809258233814,55.35306260045936,64.56927724808583,-36.15002864750582,-17.193725326754336,trade_tariffs
2026-05-25,33.28929293714252,59.961169924272596,-26.67187698713008,2.6094471025976005,2.351075165210835,4.835791663457012,28.174776616051222,38.403809258233814,55.35306260045936,64.56927724808583,-36.15002864750582,-17.193725326754336,trade_tariffs
2026-05-26,33.0507796492105,60.33581869595633,-27.28503904674583,2.2670876973615,2.1045877869217833,4.25922840034936,28.607287762381958,37.49427153603904,56.21082663358963,64.46081075832302,-35.63312671143058,-18.936951382061082,trade_tariffs
2026-05-27,33.0507796492105,60.33581869595633,-27.285039046745833,2.2670876973615,2.1045877869217833,4.25922840034936,28.607287762381958,37.49427153603904,56.21082663358963,64.46081075832302,-35.63312671143058,-18.93695138206109,trade_tariffs
2026-05-28,33.0507796492105,60.33581869595633,-27.285039046745833,2.2670876973615,2.1045877869217833,4.25922840034936,28.607287762381958,37.49427153603904,56.21082663358963,64.46081075832302,-35.63312671143058,-18.93695138206109,trade_tariffs
2026-05-29,33.05077964921049,60.33581869595632,-27.28503904674583,2.2670876973615,2.1045877869217833,4.25922840034936,28.60728776238195,37.49427153603903,56.210826633589626,64.46081075832302,-35.63312671143058,-18.936951382061082,trade_tariffs
2026-05-30,33.0507796492105,60.335818695956334,-27.285039046745833,2.2670876973615006,2.1045877869217833,4.25922840034936,28.607287762381958,37.49427153603904,56.21082663358964,64.46081075832303,-35.63312671143058,-18.93695138206109,trade_tariffs
2026-05-31,33.0507796492105,60.33581869595633,-27.285039046745833,2.2670876973615,2.1045877869217833,4.25922840034936,28.607287762381958,37.49427153603904,56.21082663358963,64.46081075832302,-35.63312671143058,-18.93695138206109,trade_tariffs
2026-06-01,33.0507796492105,60.33581869595633,-27.28503904674583,2.2670876973615,2.1045877869217833,4.25922840034936,28.607287762381958,37.49427153603904,56.21082663358963,64.46081075832302,-35.63312671143058,-18.936951382061082,trade_tariffs
2026-06-02,33.0507796492105,60.33581869595633,-27.285039046745833,2.2670876973615,2.1045877869217833,4.25922840034936,28.607287762381958,37.49427153603904,56.21082663358963,64.46081075832302,-35.63312671143058,-18.93695138206109,trade_tariffs
2026-06-03,33.0507796492105,60.33581869595633,-27.285039046745833,2.2670876973615,2.1045877869217833,4.25922840034936,28.607287762381958,37.49427153603904,56.21082663358963,64.46081075832302,-35.63312671143058,-18.93695138206109,trade_tariffs
2025-01-21,37.63475968716398,41.60747089625757,-3.972711209093589,0,0,0,37.63475968716398,37.63475968716398,41.60747089625757,41.60747089625757,-3.972711209093589,-3.972711209093589,inflation
2025-01-22,37.63475968716398,41.60747089625757,-3.972711209093589,0,0,0,37.63475968716398,37.63475968716398,41.60747089625757,41.60747089625757,-3.972711209093589,-3.972711209093589,inflation
2025-01-23,37.63475968716398,41.60747089625757,-3.972711209093589,0,0,0,37.63475968716398,37.63475968716398,41.60747089625757,41.60747089625757,-3.972711209093589,-3.972711209093589,inflation
2025-01-24,37.63475968716398,41.60747089625757,-3.972711209093589,0,0,0,37.63475968716398,37.63475968716398,41.60747089625757,41.60747089625757,-3.972711209093589,-3.972711209093589,inflation
2025-01-25,37.63475968716398,41.60747089625757,-3.972711209093589,0,0,0,37.63475968716398,37.63475968716398,41.60747089625757,41.60747089625757,-3.972711209093589,-3.972711209093589,inflation
2025-01-26,37.63475968716398,41.60747089625757,-3.972711209093589,0,0,0,37.63475968716398,37.63475968716398,41.60747089625757,41.60747089625757,-3.972711209093589,-3.972711209093589,inflation
2025-01-27,37.63475968716398,41.60747089625757,-3.972711209093589,0,0,0,37.63475968716398,37.63475968716398,41.60747089625757,41.60747089625757,-3.972711209093589,-3.972711209093589,inflation
2025-01-28,42.257527394877336,41.04350301243322,1.214024382444114,2.911628823405661,0.3552125587617503,3.2668413821674114,36.550734901002244,47.96431988875243,40.34728639726019,41.73971962760625,-5.188984726604012,7.61703349149224,inflation
2025-01-29,42.257527394877336,41.04350301243322,1.214024382444114,2.911628823405661,0.3552125587617503,3.2668413821674114,36.550734901002244,47.96431988875243,40.34728639726019,41.73971962760625,-5.188984726604012,7.61703349149224,inflation
2025-01-30,42.257527394877336,41.04350301243322,1.214024382444114,2.911628823405661,0.3552125587617503,3.2668413821674114,36.550734901002244,47.96431988875243,40.34728639726019,41.73971962760625,-5.188984726604012,7.61703349149224,inflation
2025-01-31,42.25752739487734,41.04350301243323,1.2140243824441144,2.9116288234056613,0.3552125587617503,3.266841382167411,36.550734901002244,47.96431988875244,40.3472863972602,41.739719627606256,-5.18898472660401,7.61703349149224,inflation
2025-02-01,42.257527394877336,41.04350301243322,1.2140243824441141,2.911628823405661,0.35521255876175023,3.266841382167411,36.550734901002244,47.96431988875243,40.34728639726019,41.73971962760625,-5.188984726604011,7.617033491492239,inflation
2025-02-02,42.257527394877336,41.04350301243322,1.2140243824441141,2.911628823405661,0.35521255876175023,3.266841382167411,36.550734901002244,47.96431988875243,40.34728639726019,41.73971962760625,-5.188984726604011,7.617033491492239,inflation
2025-02-03,42.257527394877336,41.04350301243322,1.214024382444114,2.911628823405661,0.3552125587617503,3.2668413821674114,36.550734901002244,47.96431988875243,40.34728639726019,41.73971962760625,-5.188984726604012,7.61703349149224,inflation
2025-02-04,41.414114697224655,43.05455113390124,-1.6404364366765902,2.161794099997682,1.8742988915637164,3.2493375223527305,37.1769982612292,45.65123113322011,39.38092530643636,46.728176961366124,-8.009137980487942,4.728265107134762,inflation
2025-02-05,41.41411469722466,43.05455113390125,-1.6404364366765907,2.161794099997682,1.8742988915637167,3.249337522352731,37.1769982612292,45.65123113322012,39.38092530643637,46.72817696136613,-8.009137980487944,4.728265107134762,inflation
2025-02-06,41.41411469722466,43.05455113390125,-1.6404364366765902,2.1617940999976826,1.8742988915637167,3.249337522352731,37.1769982612292,45.65123113322012,39.38092530643637,46.72817696136613,-8.009137980487942,4.728265107134763,inflation
2025-02-07,41.41411469722466,43.05455113390125,-1.6404364366765907,2.161794099997682,1.8742988915637167,3.249337522352731,37.1769982612292,45.65123113322012,39.38092530643637,46.72817696136613,-8.009137980487944,4.728265107134762,inflation
2025-02-08,41.414114697224655,43.05455113390124,-1.6404364366765902,2.161794099997682,1.8742988915637164,3.2493375223527305,37.1769982612292,45.65123113322011,39.38092530643636,46.728176961366124,-8.009137980487942,4.728265107134762,inflation
2025-02-09,41.414114697224655,43.05455113390124,-1.6404364366765907,2.161794099997682,1.8742988915637164,3.2493375223527305,37.1769982612292,45.65123113322011,39.38092530643636,46.728176961366124,-8.009137980487942,4.728265107134762,inflation
2025-02-10,41.41411469722466,43.05455113390125,-1.6404364366765907,2.1617940999976826,1.8742988915637167,3.249337522352731,37.1769982612292,45.65123113322012,39.38092530643637,46.72817696136613,-8.009137980487944,4.728265107134762,inflation
2025-02-11,40.72646255855307,46.15964219193248,-5.433179633379412,1.7426138968719038,3.662887542946879,4.634912532871625,37.310939320684135,44.141985796422,38.980382607756596,53.33890177610836,-14.517608197807796,3.651248931048972,inflation
2025-02-12,40.72646255855307,46.15964219193248,-5.433179633379412,1.7426138968719038,3.662887542946879,4.634912532871625,37.310939320684135,44.141985796422,38.980382607756596,53.33890177610836,-14.517608197807796,3.651248931048972,inflation
2025-02-13,40.72646255855307,46.15964219193248,-5.433179633379411,1.7426138968719038,3.662887542946879,4.634912532871624,37.310939320684135,44.141985796422,38.980382607756596,53.33890177610836,-14.517608197807792,3.651248931048971,inflation
2025-02-14,40.72646255855307,46.15964219193248,-5.433179633379412,1.742613896871904,3.662887542946879,4.634912532871625,37.310939320684135,44.141985796422,38.980382607756596,53.33890177610836,-14.517608197807796,3.651248931048972,inflation
2025-02-15,40.72646255855307,46.15964219193248,-5.433179633379412,1.7426138968719038,3.662887542946879,4.634912532871625,37.310939320684135,44.141985796422,38.980382607756596,53.33890177610836,-14.517608197807796,3.651248931048972,inflation
2025-02-16,40.72646255855307,46.15964219193248,-5.433179633379413,1.742613896871904,3.662887542946879,4.634912532871626,37.310939320684135,44.141985796422,38.980382607756596,53.33890177610836,-14.5176081978078,3.651248931048973,inflation
2025-02-17,40.72646255855307,46.15964219193248,-5.433179633379412,1.7426138968719038,3.662887542946879,4.634912532871625,37.310939320684135,44.141985796422,38.980382607756596,53.33890177610836,-14.517608197807796,3.651248931048972,inflation
2025-02-18,37.859607137008915,49.946616966475446,-12.087009829466528,3.5201218067874147,3.370691719063764,6.603861500358254,30.960168395705583,44.75904587831225,43.34006119711047,56.55317273584042,-25.030578370168705,0.8565587112356496,inflation
2025-02-19,37.859607137008915,49.946616966475446,-12.087009829466526,3.5201218067874143,3.370691719063764,6.603861500358254,30.960168395705583,44.75904587831225,43.34006119711047,56.55317273584042,-25.030578370168705,0.8565587112356514,inflation
2025-02-20,38.440632148158905,52.97758530050753,-14.536953152348625,2.9382985647817317,4.916913920616876,6.261275117800405,32.68156696118671,44.1996973351311,43.34043401609845,62.614736584916606,-26.80905238323742,-2.2648539214598298,inflation
2025-02-21,38.440632148158905,52.977585300507535,-14.536953152348627,2.9382985647817317,4.916913920616876,6.261275117800405,32.68156696118671,44.1996973351311,43.340434016098456,62.614736584916614,-26.80905238323742,-2.2648539214598316,inflation
2025-02-22,38.440632148158905,52.97758530050753,-14.536953152348625,2.9382985647817317,4.916913920616876,6.261275117800405,32.68156696118671,44.1996973351311,43.34043401609845,62.614736584916606,-26.80905238323742,-2.2648539214598298,inflation
2025-02-23,38.44063214815891,52.977585300507535,-14.536953152348627,2.938298564781732,4.916913920616876,6.261275117800405,32.68156696118672,44.199697335131106,43.340434016098456,62.614736584916614,-26.80905238323742,-2.2648539214598316,inflation
2025-02-24,38.440632148158905,52.97758530050753,-14.536953152348625,2.9382985647817317,4.916913920616876,6.261275117800405,32.68156696118671,44.1996973351311,43.34043401609845,62.614736584916606,-26.80905238323742,-2.2648539214598298,inflation
2025-02-25,38.48354323690478,52.68984292869005,-14.206299691785265,2.6142806141697537,4.43140297531327,5.579094347284846,33.35955323313206,43.6075332406775,44.00429309707604,61.37539276030406,-25.141324612463563,-3.2712747711069667,inflation
2025-02-26,38.48354323690478,52.68984292869004,-14.206299691785263,2.614280614169753,4.43140297531327,5.579094347284846,33.35955323313206,43.6075332406775,44.00429309707603,61.37539276030405,-25.141324612463563,-3.271274771106965,inflation
2025-02-27,38.48354323690478,52.68984292869004,-14.206299691785263,2.6142806141697537,4.43140297531327,5.579094347284846,33.35955323313206,43.6075332406775,44.00429309707603,61.37539276030405,-25.141324612463563,-3.271274771106965,inflation
2025-02-28,40.06423967033929,53.59669864982038,-13.532458979481094,3.684675855274704,4.059431114122029,5.063855460471107,32.842274994000874,47.28620434667771,45.64021366614121,61.55318363349956,-23.457615682004462,-3.607302276957725,inflation
2025-03-01,40.06423967033928,53.59669864982038,-13.532458979481094,3.6846758552747034,4.059431114122029,5.063855460471107,32.84227499400087,47.2862043466777,45.64021366614121,61.55318363349956,-23.457615682004462,-3.607302276957725,inflation
2025-03-02,40.06423967033928,53.596698649820375,-13.532458979481092,3.6846758552747034,4.059431114122028,5.063855460471107,32.84227499400087,47.2862043466777,45.6402136661412,61.55318363349955,-23.45761568200446,-3.607302276957723,inflation
2025-03-03,40.06423967033928,53.596698649820375,-13.532458979481092,3.6846758552747034,4.059431114122029,5.063855460471107,32.84227499400087,47.2862043466777,45.6402136661412,61.55318363349955,-23.45761568200446,-3.607302276957723,inflation
2025-03-04,39.238418665782085,52.82489071718869,-13.5864720514066,3.84340996667959,4.108755843031776,5.926985184924263,31.705335131090088,46.77150220047408,44.77172926484641,60.87805216953097,-25.203363013858155,-1.9695810889550458,inflation
2025-03-05,39.23841866578209,52.824890717188694,-13.586472051406602,3.8434099666795905,4.108755843031776,5.926985184924263,31.705335131090095,46.77150220047409,44.771729264846414,60.878052169530974,-25.20336301385816,-1.9695810889550476,inflation
2025-03-06,39.238418665782085,52.82489071718869,-13.586472051406602,3.84340996667959,4.108755843031776,5.926985184924263,31.705335131090088,46.77150220047408,44.77172926484641,60.87805216953097,-25.20336301385816,-1.9695810889550476,inflation
2025-03-07,39.23841866578209,52.824890717188694,-13.586472051406602,3.8434099666795905,4.108755843031776,5.926985184924263,31.705335131090095,46.77150220047409,44.771729264846414,60.878052169530974,-25.20336301385816,-1.9695810889550476,inflation
2025-03-08,39.238418665782085,52.82489071718868,-13.5864720514066,3.84340996667959,4.108755843031776,5.926985184924263,31.705335131090088,46.77150220047408,44.7717292648464,60.87805216953096,-25.203363013858155,-1.9695810889550458,inflation
2025-03-09,39.23841866578209,52.824890717188694,-13.586472051406602,3.8434099666795905,4.108755843031776,5.926985184924263,31.705335131090095,46.77150220047409,44.771729264846414,60.878052169530974,-25.20336301385816,-1.9695810889550476,inflation
2025-03-10,39.238418665782085,52.82489071718869,-13.5864720514066,3.84340996667959,4.108755843031776,5.926985184924263,31.705335131090088,46.77150220047408,44.77172926484641,60.87805216953097,-25.203363013858155,-1.9695810889550458,inflation
2025-03-11,37.96143702045295,53.737264470370995,-15.775827449918049,3.0391558204911884,3.123471509643822,4.805526996219388,32.004691612290216,43.91818242861568,47.6152603114691,59.85926862927289,-25.19466036250805,-6.356994537328049,inflation
2025-03-12,37.4906191531669,54.403436303758774,-16.91281715059187,3.0277257129785684,3.2223539412483633,5.1774053815282715,31.556276755728902,43.42496155060489,48.08762257891198,60.719250028605565,-27.06053169838728,-6.765102602796459,inflation
2025-03-13,37.4906191531669,54.403436303758774,-16.912817150591874,3.0277257129785684,3.2223539412483633,5.1774053815282715,31.556276755728902,43.42496155060489,48.08762257891198,60.719250028605565,-27.060531698387287,-6.765102602796462,inflation
2025-03-14,37.4906191531669,54.40343630375877,-16.91281715059187,3.027725712978568,3.222353941248363,5.1774053815282715,31.556276755728902,43.42496155060489,48.087622578911976,60.71925002860556,-27.06053169838728,-6.765102602796459,inflation
2025-03-15,37.4906191531669,54.403436303758774,-16.912817150591874,3.0277257129785684,3.222353941248363,5.1774053815282715,31.556276755728902,43.42496155060489,48.08762257891198,60.719250028605565,-27.060531698387287,-6.765102602796462,inflation
2025-03-16,37.4906191531669,54.40343630375877,-16.91281715059187,3.0277257129785684,3.222353941248363,5.1774053815282715,31.556276755728902,43.42496155060489,48.087622578911976,60.71925002860556,-27.06053169838728,-6.765102602796459,inflation
2025-03-17,37.818698609379105,54.49290792091242,-16.67420931153332,2.5634348582016946,2.6812110786212595,4.317328944149049,32.79436628730378,42.84303093145443,49.23773420681476,59.74808163501009,-25.136174042065456,-8.212244581001185,inflation
2025-03-18,38.33367431645982,54.42482452240419,-16.091150205944363,2.623384372868912,2.425866928083705,4.169722960747351,33.191840945636756,43.475507687282885,49.67012534336013,59.17952370144825,-24.263807209009173,-7.918493202879555,inflation
2025-03-19,38.5241480729646,54.41903069164123,-15.894882618676634,2.2467418027337436,2.0583228345606375,3.5518962229583453,34.12053413960646,42.92776200632274,50.38471793590239,58.45334344738008,-22.85659921567499,-8.933166021678279,inflation
2025-03-20,38.5241480729646,54.41903069164123,-15.894882618676634,2.2467418027337436,2.0583228345606375,3.5518962229583453,34.12053413960646,42.92776200632274,50.38471793590239,58.45334344738008,-22.85659921567499,-8.933166021678279,inflation
2025-03-21,38.52414807296459,54.419030691641225,-15.894882618676634,2.2467418027337436,2.058322834560637,3.5518962229583453,34.120534139606455,42.92776200632273,50.38471793590238,58.45334344738007,-22.85659921567499,-8.933166021678279,inflation
2025-03-22,38.52414807296459,54.419030691641225,-15.894882618676634,2.2467418027337436,2.058322834560637,3.5518962229583453,34.120534139606455,42.92776200632273,50.38471793590238,58.45334344738007,-22.85659921567499,-8.933166021678279,inflation
2025-03-23,38.52414807296459,54.41903069164123,-15.894882618676634,2.2467418027337436,2.058322834560637,3.5518962229583453,34.120534139606455,42.92776200632273,50.38471793590239,58.45334344738008,-22.85659921567499,-8.933166021678279,inflation
2025-03-24,38.52414807296459,54.419030691641225,-15.894882618676634,2.2467418027337436,2.058322834560637,3.5518962229583453,34.120534139606455,42.92776200632273,50.38471793590238,58.45334344738007,-22.85659921567499,-8.933166021678279,inflation
2025-03-25,38.92756293448595,53.99172282596697,-15.064159891481017,2.254362331003853,2.10868759729483,3.773884154245852,34.509012765718396,43.3461131032535,49.8586951352691,58.12475051666483,-22.460972833802884,-7.667346949159148,inflation
2025-03-26,38.927562934485955,53.991722825966974,-15.06415989148102,2.2543623310038536,2.10868759729483,3.7738841542458523,34.5090127657184,43.34611310325351,49.85869513526911,58.12475051666484,-22.46097283380289,-7.667346949159151,inflation
2025-03-27,38.48471982473985,55.98483848185714,-17.50011865711729,1.9922309111281342,3.494149453143397,4.845037673101158,34.5799472389287,42.38949241055099,49.13630555369608,62.833371410018195,-26.99639249639556,-8.00384481783902,inflation
2025-03-28,39.203563325531704,56.382310551423025,-17.178747225891318,2.50473887973972,3.2358698345009196,4.5039012620912695,34.29427512124185,44.112851529821555,50.040005675801225,62.724615427044824,-26.006393699590205,-8.35110075219243,inflation
2025-03-29,39.203563325531704,56.38231055142302,-17.178747225891318,2.50473887973972,3.23586983450092,4.5039012620912695,34.29427512124185,44.112851529821555,50.04000567580121,62.724615427044824,-26.006393699590205,-8.35110075219243,inflation
2025-03-30,39.203563325531704,56.38231055142302,-17.178747225891318,2.50473887973972,3.2358698345009196,4.5039012620912695,34.29427512124185,44.112851529821555,50.04000567580122,62.72461542704482,-26.006393699590205,-8.35110075219243,inflation
2025-03-31,39.203563325531704,56.38231055142302,-17.178747225891318,2.50473887973972,3.2358698345009196,4.5039012620912695,34.29427512124185,44.112851529821555,50.04000567580122,62.72461542704482,-26.006393699590205,-8.35110075219243,inflation
2025-04-01,38.35826715454626,56.32901137039355,-17.970744215847294,2.6445619156891107,2.806606898809062,4.299293650246834,33.1749257997956,43.54160850929692,50.82806184872779,61.82996089205931,-26.397359770331086,-9.5441286613635,inflation
2025-04-02,37.42941437210913,56.54212069299695,-19.112706320887824,3.220165346149036,2.6101254233482027,4.71811387814381,31.11789029365702,43.74093845056124,51.426274863234475,61.65796652275943,-28.360209522049693,-9.865203119725956,inflation
2025-04-03,37.42941437210913,56.54212069299695,-19.112706320887824,3.2201653461490354,2.6101254233482027,4.71811387814381,31.11789029365702,43.74093845056124,51.426274863234475,61.65796652275943,-28.360209522049693,-9.865203119725956,inflation
2025-04-04,37.42941437210912,56.542120692996946,-19.112706320887824,3.220165346149036,2.6101254233482027,4.71811387814381,31.117890293657013,43.74093845056123,51.42627486323447,61.65796652275942,-28.360209522049693,-9.865203119725956,inflation
2025-04-05,37.42941437210913,56.54212069299695,-19.112706320887824,3.220165346149036,2.6101254233482027,4.71811387814381,31.11789029365702,43.74093845056124,51.426274863234475,61.65796652275943,-28.360209522049693,-9.865203119725956,inflation
2025-04-06,37.42941437210912,56.542120692996946,-19.112706320887824,3.220165346149036,2.6101254233482027,4.71811387814381,31.117890293657013,43.74093845056123,51.42627486323447,61.65796652275942,-28.360209522049693,-9.865203119725956,inflation
2025-04-07,37.43834427373107,57.140591366758564,-19.70224709302749,2.9689762725215667,2.7976476946570155,4.57061010539322,31.6191507795888,43.25753776787334,51.65720188523081,62.623980848286315,-28.6606428995982,-10.743851286456781,inflation
2025-04-08,37.05350223723318,57.14213813921181,-20.088635901978627,2.8422302543563607,2.601225999043729,4.26781765962722,31.482730938694715,42.62427353577165,52.0437351810861,62.24054109733752,-28.453558514847977,-11.723713289109275,inflation
2025-04-09,36.9279686173915,57.40489199382534,-20.47692337643383,2.650081686412744,2.4937418453786906,4.0655671515456016,31.73380851202252,42.12212872276048,52.517157976883105,62.29262601076757,-28.44543499346321,-12.508411759404453,inflation
2025-04-10,36.695816061666186,58.046979767908184,-21.351163706241998,2.544558664601519,2.938884223583549,4.474642672333892,31.70848107904721,41.68315104428516,52.28676668968443,63.80719284613194,-30.121463344016426,-12.58086406846757,inflation
2025-04-11,36.98028386911449,58.59012767409979,-21.609843804985303,2.483049292360499,3.0130442358661886,4.162958144890409,32.11350725608791,41.84706048214107,52.68456097180206,64.49569437639752,-29.769241768970502,-13.450445841000102,inflation
2025-04-12,36.98028386911449,58.59012767409979,-21.609843804985307,2.483049292360499,3.0130442358661886,4.162958144890409,32.11350725608791,41.84706048214107,52.68456097180206,64.49569437639752,-29.76924176897051,-13.450445841000105,inflation
2025-04-13,36.4831465229377,58.940304784980235,-22.457158262042533,2.489813833521982,2.8137476678850946,4.164846643969716,31.603111409234618,41.36318163664079,53.42535935592545,64.45525021403502,-30.620257684223176,-14.29405883986189,inflation
2025-04-14,35.94141700791113,59.16933855059893,-23.22792154268781,2.668758084960913,2.6692891930765876,4.305849733587955,30.710651161387737,41.17218285443452,53.93753173216882,64.40114536902904,-31.667387020520202,-14.788456064855417,inflation
2025-04-15,35.90174327794684,58.96095253943291,-23.05920926148607,2.5178252674650974,2.616464682508086,4.147158935301345,30.96680575371525,40.836680802178435,53.83268176171706,64.08922331714876,-31.18764077467671,-14.930777748295435,inflation
2025-04-16,35.90174327794684,58.96095253943291,-23.05920926148607,2.5178252674650974,2.616464682508086,4.147158935301345,30.96680575371525,40.836680802178435,53.83268176171706,64.08922331714876,-31.18764077467671,-14.930777748295435,inflation
2025-04-17,35.90174327794684,58.96095253943291,-23.05920926148607,2.5178252674650974,2.616464682508086,4.147158935301345,30.96680575371525,40.836680802178435,53.83268176171706,64.08922331714876,-31.18764077467671,-14.930777748295435,inflation
2025-04-18,35.90174327794684,58.96095253943291,-23.05920926148607,2.5178252674650974,2.616464682508086,4.147158935301345,30.96680575371525,40.836680802178435,53.83268176171706,64.08922331714876,-31.18764077467671,-14.930777748295435,inflation
2025-04-19,35.90174327794684,58.96095253943291,-23.05920926148607,2.5178252674650974,2.616464682508086,4.147158935301345,30.96680575371525,40.836680802178435,53.83268176171706,64.08922331714876,-31.18764077467671,-14.930777748295435,inflation
2025-04-20,36.12268122319286,58.68608897679134,-22.56340775359848,2.4633867735525183,2.5968444807254603,4.172449258520007,31.294443147029927,40.9509192993558,53.596273794569434,63.775904159013244,-30.741408300297692,-14.385407206899266,inflation
2025-04-21,34.80271438822462,57.95407236605914,-23.151357977834515,2.6164156722217107,2.3126507631570417,3.3265142189041668,29.674539670670068,39.93088910577917,53.421276870271335,62.48686786184694,-29.67132584688668,-16.631390108782348,inflation
2025-04-22,35.04382529121841,58.1132460736691,-23.069420782450692,2.6530050678005965,2.2663193416073053,3.191838206972584,29.84393535832924,40.24371522410758,53.671260164118785,62.55523198321942,-29.325423668116954,-16.81341789678443,inflation
2025-04-23,35.04382529121841,58.1132460736691,-23.069420782450692,2.6530050678005965,2.2663193416073053,3.191838206972584,29.84393535832924,40.24371522410758,53.671260164118785,62.55523198321942,-29.325423668116954,-16.81341789678443,inflation
2025-04-24,35.074735043336716,58.03142209041132,-22.956687047074606,2.5652184132185036,2.210311118107676,3.111679027515178,30.046906953428447,40.102563133244985,53.69921229892027,62.363631881902364,-29.055577941004355,-16.857796153144857,inflation
2025-04-25,35.24853971696899,58.6482513571587,-23.399711640189707,2.491709113647348,2.756532904020395,3.1554146197353057,30.36478985422019,40.13228957971779,53.24544686527872,64.05105584903868,-29.584324294870907,-17.215098985508508,inflation
2025-04-26,35.24853971696899,58.6482513571587,-23.399711640189707,2.491709113647348,2.756532904020395,3.155414619735306,30.36478985422019,40.13228957971779,53.24544686527872,64.05105584903868,-29.584324294870907,-17.215098985508508,inflation
2025-04-27,35.248539716968985,58.64825135715869,-23.399711640189704,2.4917091136473477,2.7565329040203945,3.1554146197353057,30.364789854220184,40.132289579717785,53.24544686527872,64.05105584903866,-29.584324294870903,-17.215098985508504,inflation
2025-04-28,34.32643697465473,58.937964577569836,-24.6115276029151,2.849111429021507,2.4863570490566693,3.840010674786259,28.74217857377258,39.91069537553689,54.06470476141877,63.811224393720906,-32.13794852549617,-17.085106680334032,inflation
2025-04-29,34.32643697465473,58.93796457756983,-24.6115276029151,2.849111429021507,2.4863570490566693,3.840010674786259,28.74217857377258,39.91069537553689,54.06470476141876,63.8112243937209,-32.13794852549617,-17.085106680334032,inflation
2025-04-30,34.32643697465474,58.937964577569836,-24.611527602915103,2.849111429021507,2.4863570490566693,3.840010674786259,28.742178573772588,39.910695375536896,54.06470476141877,63.811224393720906,-32.13794852549617,-17.085106680334036,inflation
2025-05-01,34.32643697465473,58.937964577569836,-24.6115276029151,2.849111429021507,2.4863570490566693,3.840010674786259,28.74217857377258,39.91069537553689,54.06470476141877,63.811224393720906,-32.13794852549617,-17.085106680334032,inflation
2025-05-02,34.32643697465473,58.93796457756983,-24.6115276029151,2.849111429021507,2.4863570490566693,3.8400106747862583,28.74217857377258,39.91069537553689,54.06470476141876,63.8112243937209,-32.137948525496164,-17.085106680334032,inflation
2025-05-03,34.32643697465473,58.937964577569836,-24.6115276029151,2.849111429021507,2.4863570490566693,3.840010674786259,28.74217857377258,39.91069537553689,54.06470476141877,63.811224393720906,-32.13794852549617,-17.085106680334032,inflation
2025-05-04,34.32643697465473,58.937964577569836,-24.6115276029151,2.849111429021507,2.4863570490566693,3.840010674786259,28.74217857377258,39.91069537553689,54.06470476141877,63.811224393720906,-32.13794852549617,-17.085106680334032,inflation
2025-05-05,34.282985645489646,58.76093142956908,-24.477945784079434,2.6471292313119004,2.3417424306765926,3.585164480315891,29.09461235211832,39.47135893886097,54.171116265442954,63.3507465936952,-31.50486816549858,-17.45102340266029,inflation
2025-05-06,34.0930924349981,58.964089753275964,-24.870997318277865,2.6990355048009578,2.436235613471085,3.8662963867058915,28.80298284558822,39.38320202440798,54.18906795087264,63.73911155567929,-32.44893823622141,-17.29305640033432,inflation
2025-05-07,34.0930924349981,58.964089753275964,-24.870997318277865,2.6990355048009578,2.436235613471085,3.866296386705892,28.80298284558822,39.38320202440798,54.18906795087264,63.73911155567929,-32.448938236221416,-17.29305640033432,inflation
2025-05-08,34.0930924349981,58.964089753275964,-24.870997318277865,2.6990355048009578,2.436235613471085,3.8662963867058915,28.80298284558822,39.38320202440798,54.18906795087264,63.73911155567929,-32.44893823622141,-17.29305640033432,inflation
2025-05-09,34.0930924349981,58.964089753275964,-24.870997318277865,2.6990355048009578,2.4362356134710845,3.8662963867058915,28.80298284558822,39.38320202440798,54.18906795087264,63.73911155567929,-32.44893823622141,-17.29305640033432,inflation
2025-05-10,34.0930924349981,58.964089753275964,-24.870997318277865,2.6990355048009573,2.436235613471085,3.8662963867058915,28.80298284558822,39.38320202440798,54.18906795087264,63.73911155567929,-32.44893823622141,-17.29305640033432,inflation
2025-05-11,34.093092434998105,58.96408975327597,-24.870997318277865,2.6990355048009578,2.436235613471085,3.866296386705892,28.80298284558823,39.383202024407986,54.18906795087264,63.7391115556793,-32.448938236221416,-17.29305640033432,inflation
2025-05-12,34.07998956007221,58.927409326387306,-24.847419766315102,2.426854377744998,2.194405469980249,3.4873329174724814,29.32335497969201,38.8366241404524,54.62637460522602,63.22844404754859,-31.682592284561167,-18.012247248069038,inflation
2025-05-13,33.99358766201313,59.110858558448534,-25.117270896435407,2.181504370831616,1.9726107616632176,3.1550621507798975,29.71783909518316,38.269336228843095,55.244541465588625,62.97717565130844,-31.301192711964006,-18.933349080906808,inflation
2025-05-14,33.99358766201313,59.110858558448534,-25.117270896435404,2.181504370831616,1.9726107616632176,3.1550621507798975,29.71783909518316,38.269336228843095,55.244541465588625,62.97717565130844,-31.301192711964003,-18.933349080906805,inflation
2025-05-15,34.842769553662045,57.94247322890715,-23.09970367524511,2.1621657864400667,2.7574986776428974,4.419630434171469,30.604924612239515,39.080614495084575,52.53777582072707,63.347170637087224,-31.762179326221187,-14.43722802426903,inflation
2025-05-16,34.84276955366204,57.94247322890715,-23.09970367524511,2.1621657864400667,2.7574986776428974,4.419630434171469,30.604924612239508,39.08061449508457,52.53777582072707,63.347170637087224,-31.762179326221187,-14.43722802426903,inflation
2025-05-17,34.84276955366204,57.94247322890715,-23.09970367524511,2.1621657864400667,2.7574986776428974,4.419630434171469,30.604924612239508,39.08061449508457,52.53777582072707,63.347170637087224,-31.762179326221187,-14.43722802426903,inflation
2025-05-18,34.981198006508414,57.96317009917027,-22.981972092661856,2.079448004467608,2.645705363527507,4.219032303854618,30.905479917751904,39.056916095264924,52.77758758665635,63.14875261168419,-31.251275408216905,-14.712668777106805,inflation
2025-05-19,35.418539645570235,57.5136930323241,-22.095153386753864,2.2087277045492053,2.691086914469753,4.481687381530689,31.08943334465379,39.74764594648668,52.239162679963385,62.78822338468481,-30.879260654554017,-13.311046118953714,inflation
2025-05-20,35.418539645570235,57.5136930323241,-22.095153386753864,2.2087277045492053,2.691086914469753,4.481687381530689,31.08943334465379,39.74764594648668,52.239162679963385,62.78822338468481,-30.879260654554017,-13.311046118953714,inflation
2025-05-21,35.418539645570235,57.5136930323241,-22.09515338675386,2.2087277045492053,2.6910869144697527,4.481687381530689,31.08943334465379,39.74764594648668,52.239162679963385,62.78822338468481,-30.87926065455401,-13.31104611895371,inflation
2025-05-22,35.418539645570235,57.5136930323241,-22.095153386753864,2.2087277045492053,2.691086914469753,4.481687381530689,31.08943334465379,39.74764594648668,52.239162679963385,62.78822338468481,-30.879260654554017,-13.311046118953714,inflation
2025-05-23,35.418539645570235,57.5136930323241,-22.095153386753864,2.2087277045492053,2.691086914469753,4.481687381530689,31.08943334465379,39.74764594648668,52.239162679963385,62.78822338468481,-30.879260654554017,-13.311046118953714,inflation
2025-05-24,35.418539645570235,57.5136930323241,-22.095153386753864,2.2087277045492053,2.691086914469753,4.481687381530689,31.08943334465379,39.74764594648668,52.239162679963385,62.78822338468481,-30.879260654554017,-13.311046118953714,inflation
2025-05-25,35.418539645570235,57.5136930323241,-22.095153386753864,2.2087277045492053,2.691086914469753,4.481687381530689,31.08943334465379,39.74764594648668,52.239162679963385,62.78822338468481,-30.879260654554017,-13.311046118953714,inflation
2025-05-26,35.71017245693092,57.59913340026752,-21.888960943336595,2.0877403035641295,2.423210955519115,4.056891861110144,31.618201461945226,39.80214345191661,52.849639927450056,62.34862687308498,-29.840468991112477,-13.937452895560714,inflation
2025-05-27,35.71017245693092,57.59913340026752,-21.888960943336595,2.0877403035641295,2.423210955519115,4.056891861110144,31.618201461945226,39.80214345191661,52.849639927450056,62.34862687308498,-29.840468991112477,-13.937452895560714,inflation
2025-05-28,35.71017245693092,57.59913340026751,-21.888960943336595,2.0877403035641295,2.423210955519115,4.056891861110144,31.618201461945226,39.80214345191661,52.84963992745005,62.348626873084974,-29.840468991112477,-13.937452895560714,inflation
2025-05-29,36.233456623305415,57.328411760281476,-21.09495513697606,2.073053501965316,2.1872002150476098,3.854069264630665,32.1702717594534,40.29664148715743,53.041499338788164,61.61532418177479,-28.648930895652164,-13.540979378299959,inflation
2025-05-30,36.233456623305415,57.328411760281476,-21.09495513697606,2.073053501965316,2.1872002150476098,3.8540692646306653,32.1702717594534,40.29664148715743,53.041499338788164,61.61532418177479,-28.648930895652164,-13.540979378299959,inflation
2025-05-31,36.233456623305415,57.32841176028147,-21.09495513697606,2.073053501965316,2.1872002150476098,3.854069264630665,32.1702717594534,40.29664148715743,53.04149933878816,61.61532418177478,-28.648930895652164,-13.540979378299959,inflation
2025-06-01,36.233456623305415,57.32841176028148,-21.094955136976065,2.073053501965316,2.1872002150476098,3.8540692646306653,32.1702717594534,40.29664148715743,53.04149933878817,61.615324181774795,-28.648930895652168,-13.540979378299962,inflation
2025-06-02,36.599643239825944,57.01647256908832,-20.41682932926238,2.0098030409585124,2.0558184372273165,3.722780013414079,32.66042927954726,40.53885720010463,52.98706843212278,61.04587670605386,-27.713478155553975,-13.120180502970786,inflation
2025-06-03,36.59964323982594,57.01647256908832,-20.41682932926238,2.0098030409585124,2.0558184372273165,3.722780013414079,32.66042927954725,40.53885720010462,52.98706843212278,61.04587670605386,-27.713478155553975,-13.120180502970786,inflation
2025-06-04,36.599643239825944,57.01647256908833,-20.416829329262384,2.0098030409585124,2.0558184372273165,3.722780013414079,32.66042927954726,40.53885720010463,52.98706843212279,61.04587670605387,-27.71347815555398,-13.12018050297079,inflation
2025-06-05,36.599643239825944,57.01647256908833,-20.416829329262384,2.0098030409585124,2.0558184372273165,3.722780013414079,32.66042927954726,40.53885720010463,52.98706843212279,61.04587670605387,-27.71347815555398,-13.12018050297079,inflation
2025-06-06,36.961320055961984,58.58019971705936,-21.618879661097374,1.8682046145933244,3.1132619487365183,3.7282090999376964,33.29963901135907,40.6230011005649,52.478206297535785,64.68219313658294,-28.92616949697526,-14.311589825219489,inflation
2025-06-07,36.961320055961984,58.58019971705935,-21.61887966109737,1.8682046145933244,3.1132619487365183,3.7282090999376964,33.29963901135907,40.6230011005649,52.47820629753578,64.68219313658292,-28.926169496975255,-14.311589825219485,inflation
2025-06-08,36.961320055961984,58.58019971705936,-21.61887966109737,1.8682046145933244,3.1132619487365183,3.728209099937696,33.29963901135907,40.6230011005649,52.478206297535785,64.68219313658294,-28.926169496975255,-14.311589825219485,inflation
2025-06-09,36.74325893902065,58.150394887642825,-21.40713594862218,1.7342320710393746,2.834325595927673,3.3799900604265773,33.344164079783475,40.14235379825782,52.595116719624585,63.705673055661066,-28.031916467058274,-14.782355430186088,inflation
2025-06-10,36.777029600606525,58.03339687354261,-21.25636727293608,1.5952457455497115,2.6185193671459435,3.125092509619211,33.65034793932909,39.90371126188396,52.90109891393656,63.165694833148656,-27.381548591789734,-15.13118595408243,inflation
2025-06-11,36.777029600606525,58.033396873542614,-21.25636727293608,1.5952457455497118,2.6185193671459435,3.125092509619211,33.65034793932909,39.90371126188396,52.901098913936565,63.16569483314866,-27.381548591789734,-15.13118595408243,inflation
2025-06-12,36.42950624576614,59.35691858411794,-22.927412338351797,1.6075393140272811,2.6379752343722696,3.3473351910811884,33.27872919027267,39.58028330125961,54.1864871247483,64.52735004348759,-29.488189312870926,-16.366635363832668,inflation
2025-06-13,36.42950624576615,59.35691858411794,-22.9274123383518,1.6075393140272811,2.63797523437227,3.347335191081189,33.27872919027268,39.58028330125962,54.1864871247483,64.52735004348759,-29.48818931287093,-16.36663536383267,inflation
2025-06-14,35.70699712099217,59.96874747558874,-24.26175035459657,2.077689109759296,2.688606852672879,4.081360124465247,31.63472646586395,39.77926777612039,54.6990780443499,65.23841690682758,-32.26121619854845,-16.262284510644683,inflation
2025-06-15,35.70699712099218,59.96874747558875,-24.261750354596572,2.077689109759296,2.6886068526728795,4.081360124465248,31.634726465863956,39.7792677761204,54.6990780443499,65.2384169068276,-32.26121619854846,-16.262284510644687,inflation
2025-06-16,34.852353756553704,60.129436896367764,-25.277083139814057,2.1440690487152376,2.2305738798296257,3.719600954757022,30.64997842107184,39.05472909203557,55.757512091901695,64.50136170083383,-32.56750101113782,-17.98666526849029,inflation
2025-06-17,34.852353756553704,60.129436896367764,-25.27708313981406,2.144069048715238,2.2305738798296257,3.719600954757022,30.649978421071836,39.05472909203557,55.757512091901695,64.50136170083383,-32.56750101113782,-17.9866652684903,inflation
2025-06-18,34.852353756553704,60.129436896367764,-25.277083139814057,2.1440690487152376,2.2305738798296257,3.719600954757022,30.64997842107184,39.05472909203557,55.757512091901695,64.50136170083383,-32.56750101113782,-17.98666526849029,inflation
2025-06-19,34.852353756553704,60.129436896367764,-25.277083139814057,2.1440690487152376,2.2305738798296257,3.719600954757022,30.64997842107184,39.05472909203557,55.757512091901695,64.50136170083383,-32.56750101113782,-17.98666526849029,inflation
2025-06-20,34.852353756553704,60.12943689636776,-25.277083139814057,2.1440690487152376,2.2305738798296257,3.719600954757022,30.64997842107184,39.05472909203557,55.75751209190169,64.50136170083383,-32.56750101113782,-17.98666526849029,inflation
2025-06-21,34.85235375655371,60.129436896367764,-25.27708313981406,2.144069048715238,2.2305738798296257,3.719600954757022,30.649978421071843,39.05472909203558,55.757512091901695,64.50136170083383,-32.56750101113782,-17.9866652684903,inflation
2025-06-22,34.852353756553704,60.129436896367764,-25.27708313981406,2.144069048715238,2.2305738798296257,3.719600954757022,30.649978421071836,39.05472909203557,55.757512091901695,64.50136170083383,-32.56750101113782,-17.9866652684903,inflation
2025-06-23,34.00732372744923,61.189240675036444,-27.18191694758721,2.168229076616631,2.4897853871877524,4.245492503720794,29.757594737280634,38.25705271761783,56.30926131614845,66.06922003392444,-35.50308225487997,-18.860751640294456,inflation
2025-06-24,34.00732372744923,61.18924067503644,-27.181916947587208,2.168229076616631,2.4897853871877524,4.245492503720794,29.757594737280634,38.25705271761783,56.309261316148444,66.06922003392444,-35.50308225487996,-18.860751640294453,inflation
2025-06-25,34.00732372744923,61.189240675036444,-27.18191694758721,2.168229076616631,2.4897853871877524,4.245492503720794,29.757594737280634,38.25705271761783,56.30926131614845,66.06922003392444,-35.50308225487997,-18.860751640294456,inflation
2025-06-26,33.90473590215447,60.8408640175523,-26.936128115397832,1.9994799586968053,2.414704457906751,3.928379567276391,29.985755183108733,37.82371662120021,56.108043280055064,65.57368475504953,-34.63575206725956,-19.236504163536104,inflation
2025-06-27,33.904735902154464,60.8408640175523,-26.93612811539783,1.999479958696805,2.414704457906751,3.928379567276391,29.985755183108726,37.823716621200205,56.108043280055064,65.57368475504953,-34.63575206725955,-19.236504163536104,inflation
2025-06-28,33.90473590215447,60.8408640175523,-26.936128115397832,1.9994799586968053,2.414704457906751,3.928379567276391,29.985755183108733,37.82371662120021,56.108043280055064,65.57368475504953,-34.63575206725956,-19.236504163536104,inflation
2025-06-29,33.904735902154464,60.84086401755229,-26.93612811539783,1.999479958696805,2.414704457906751,3.9283795672763904,29.985755183108726,37.823716621200205,56.10804328005506,65.57368475504953,-34.63575206725955,-19.236504163536104,inflation
2025-06-30,33.931308704689116,60.83868225515895,-26.907373550469835,1.8161103696850194,2.1958776158234836,3.5719840691903393,30.37173238010648,37.49088502927175,56.53476212814492,65.14260238217298,-33.9084623260829,-19.906284774856772,inflation
2025-07-01,33.931308704689116,60.83868225515896,-26.90737355046984,1.8161103696850196,2.1958776158234836,3.5719840691903393,30.371732380106476,37.49088502927175,56.53476212814493,65.14260238217298,-33.908462326082905,-19.906284774856772,inflation
2025-07-02,33.931308704689116,60.83868225515895,-26.90737355046984,1.8161103696850194,2.1958776158234836,3.5719840691903393,30.37173238010648,37.49088502927175,56.53476212814492,65.14260238217298,-33.908462326082905,-19.906284774856772,inflation
2025-07-03,33.93130870468911,60.83868225515894,-26.907373550469835,1.8161103696850194,2.195877615823483,3.571984069190339,30.371732380106472,37.490885029271745,56.53476212814492,65.14260238217297,-33.9084623260829,-19.906284774856772,inflation
2025-07-04,33.931308704689116,60.83868225515895,-26.907373550469835,1.8161103696850194,2.1958776158234836,3.5719840691903393,30.37173238010648,37.49088502927175,56.53476212814492,65.14260238217298,-33.9084623260829,-19.906284774856772,inflation
2025-07-05,33.931308704689116,60.83868225515896,-26.90737355046984,1.8161103696850194,2.1958776158234836,3.5719840691903393,30.37173238010648,37.49088502927175,56.53476212814493,65.14260238217298,-33.908462326082905,-19.906284774856772,inflation
2025-07-06,33.931308704689116,60.83868225515895,-26.90737355046984,1.8161103696850194,2.1958776158234836,3.5719840691903393,30.37173238010648,37.49088502927175,56.53476212814492,65.14260238217298,-33.908462326082905,-19.906284774856772,inflation
2025-07-07,33.48612906000023,60.59975400289132,-27.113624942891093,1.783541612601944,1.99205881134945,3.1797783961587855,29.99038749930042,36.98187062070004,56.6953187326464,64.50418927313625,-33.34599059936231,-20.881259286419873,inflation
2025-07-08,34.448227534954775,59.23621547894976,-24.787987943994985,2.035310063108204,2.513399057123758,4.251582872317405,30.459019811262696,38.43743525864686,54.30995332698719,64.16247763091232,-33.1210903737371,-16.454885514252872,inflation
2025-07-09,34.448227534954775,59.23621547894976,-24.787987943994985,2.035310063108204,2.513399057123758,4.251582872317405,30.459019811262696,38.43743525864686,54.30995332698719,64.16247763091232,-33.1210903737371,-16.454885514252872,inflation
2025-07-10,34.448227534954775,59.23621547894977,-24.787987943994988,2.035310063108204,2.5133990571237583,4.251582872317405,30.459019811262696,38.43743525864686,54.3099533269872,64.16247763091233,-33.121090373737104,-16.454885514252872,inflation
2025-07-11,34.448227534954775,59.23621547894976,-24.787987943994985,2.035310063108204,2.513399057123758,4.251582872317405,30.459019811262696,38.43743525864686,54.30995332698719,64.16247763091232,-33.1210903737371,-16.454885514252872,inflation
2025-07-12,34.448227534954775,59.23621547894976,-24.787987943994985,2.035310063108204,2.5133990571237583,4.251582872317405,30.459019811262696,38.43743525864686,54.30995332698719,64.16247763091232,-33.1210903737371,-16.454885514252872,inflation
2025-07-13,33.45431904492292,60.298290705267675,-26.843971660344756,2.587381279953222,2.9691943468441493,5.372131000136725,28.383051736214604,38.52558635363123,54.47866978545314,66.1179116250822,-37.373348420612736,-16.314594900076777,inflation
2025-07-14,33.49174028384477,60.46608125613751,-26.974340972292737,2.347651195683938,2.775427168327283,4.941255230461729,28.890343940304252,38.09313662738529,55.02624400621603,65.90591850605898,-36.65920122399773,-17.289480720587747,inflation
2025-07-15,33.49174028384478,60.46608125613751,-26.974340972292737,2.347651195683938,2.775427168327283,4.941255230461729,28.89034394030426,38.09313662738529,55.02624400621603,65.90591850605898,-36.65920122399773,-17.289480720587747,inflation
2025-07-16,34.51313401090774,59.877051298636474,-25.363917287728736,2.5974070749290337,2.3696699965114285,4.786329228910709,29.422216144046835,39.60405187776865,55.23249810547407,64.52160449179887,-34.745122576393726,-15.982711999063746,inflation
2025-07-17,34.51313401090774,59.877051298636474,-25.363917287728736,2.5974070749290337,2.3696699965114285,4.786329228910709,29.422216144046835,39.60405187776865,55.23249810547407,64.52160449179887,-34.745122576393726,-15.982711999063746,inflation
2025-07-18,34.64214687053341,60.560558073567165,-25.91841120303376,2.4260148159642463,2.9628184513792784,4.809474908608997,29.887157831243485,39.397135909823334,54.753433908863784,66.36768223827055,-35.34498202390739,-16.491840382160127,inflation
2025-07-19,34.64214687053341,60.56055807356717,-25.918411203033763,2.4260148159642463,2.9628184513792784,4.809474908608998,29.887157831243485,39.397135909823334,54.753433908863784,66.36768223827056,-35.3449820239074,-16.491840382160127,inflation
2025-07-20,35.23698059288756,60.04005178856565,-24.803071195678086,2.66463581727828,3.0142534583859573,5.200636971324175,30.014294391022133,40.45966679475299,54.13211501012917,65.94798856700213,-34.99631965947347,-14.609822731882703,inflation
2025-07-21,34.741477777117964,59.921544958228665,-25.180067181110704,2.561476672647704,2.6163925430821435,4.755187768023866,29.720983498728465,39.761972055507464,54.79341557378766,65.04967434266966,-34.50023520643748,-15.859899155783927,inflation
2025-07-22,34.74147777711796,59.92154495822866,-25.1800671811107,2.5614766726477036,2.6163925430821435,4.755187768023865,29.720983498728458,39.76197205550746,54.793415573787655,65.04967434266966,-34.50023520643748,-15.859899155783925,inflation
2025-07-23,34.741477777117964,59.921544958228665,-25.180067181110704,2.561476672647704,2.6163925430821435,4.755187768023866,29.720983498728465,39.761972055507464,54.79341557378766,65.04967434266966,-34.50023520643748,-15.859899155783927,inflation
2025-07-24,34.741477777117964,59.921544958228665,-25.180067181110704,2.561476672647704,2.6163925430821435,4.755187768023866,29.720983498728465,39.761972055507464,54.79341557378766,65.04967434266966,-34.50023520643748,-15.859899155783927,inflation
2025-07-25,34.74147777711796,59.921544958228665,-25.1800671811107,2.5614766726477036,2.6163925430821435,4.755187768023866,29.720983498728458,39.76197205550746,54.79341557378766,65.04967434266966,-34.50023520643748,-15.859899155783923,inflation
2025-07-26,34.741477777117964,59.921544958228665,-25.180067181110704,2.561476672647704,2.6163925430821435,4.755187768023866,29.720983498728465,39.761972055507464,54.79341557378766,65.04967434266966,-34.50023520643748,-15.859899155783927,inflation
2025-07-27,34.741477777117964,59.921544958228665,-25.180067181110704,2.561476672647704,2.616392543082144,4.755187768023866,29.720983498728465,39.761972055507464,54.79341557378766,65.04967434266966,-34.50023520643748,-15.859899155783927,inflation
2025-07-28,34.17550795791452,60.40568889834806,-26.230180940433545,2.6914403452432776,2.7334067562711133,5.126371465080395,28.900284881237695,39.45073103459134,55.04821165605668,65.76316614063944,-36.27786901199112,-16.18249286887597,inflation
2025-07-29,34.17550795791452,60.40568889834806,-26.230180940433545,2.691440345243277,2.7334067562711133,5.126371465080395,28.900284881237695,39.45073103459134,55.04821165605668,65.76316614063944,-36.27786901199112,-16.18249286887597,inflation
2025-07-30,34.17500831154357,60.34982560618162,-26.174817294638046,2.5052177139059157,2.5482589095785797,4.77376039621265,29.264781592287978,39.08523503079917,55.355238143407604,65.34441306895563,-35.53138767121484,-16.818246918061256,inflation
2025-07-31,33.94684253465228,60.82622192698565,-26.87937939233337,2.3770892109516835,2.616274712914153,4.721385981174989,29.287747681186985,38.60593738811758,55.69832348967391,65.9541203642974,-36.13329591543635,-17.62546286923039,inflation
2025-08-01,33.94684253465228,60.82622192698565,-26.87937939233337,2.3770892109516835,2.616274712914153,4.721385981174989,29.287747681186985,38.60593738811758,55.69832348967391,65.9541203642974,-36.13329591543635,-17.62546286923039,inflation
2025-08-02,33.94684253465228,60.82622192698565,-26.87937939233337,2.3770892109516835,2.616274712914153,4.721385981174989,29.287747681186985,38.60593738811758,55.69832348967391,65.9541203642974,-36.13329591543635,-17.62546286923039,inflation
2025-08-03,33.99810928820304,60.755765932171165,-26.757656643968126,2.1520970495369802,2.3703255298388464,4.276835017638629,29.77999907111056,38.21621950529552,56.10992789368703,65.4016039706553,-35.14025327853984,-18.375060009396414,inflation
2025-08-04,33.93584057657401,60.727490636461816,-26.791650059887807,2.0435084337914855,2.230364303753461,4.03735738278941,29.930564046342695,37.94111710680532,56.355976601105034,65.0990046718186,-34.70487053015505,-18.878429589620563,inflation
2025-08-05,33.935840576574,60.72749063646181,-26.791650059887804,2.0435084337914855,2.230364303753461,4.03735738278941,29.93056404634269,37.941117106805315,56.35597660110503,65.09900467181859,-34.70487053015505,-18.87842958962056,inflation
2025-08-06,33.935840576574,60.7274906364618,-26.791650059887804,2.0435084337914855,2.2303643037534604,4.03735738278941,29.93056404634269,37.941117106805315,56.35597660110502,65.09900467181859,-34.70487053015505,-18.87842958962056,inflation
2025-08-07,33.93584057657401,60.72749063646181,-26.791650059887804,2.0435084337914855,2.230364303753461,4.03735738278941,29.930564046342695,37.94111710680532,56.35597660110503,65.09900467181859,-34.70487053015505,-18.87842958962056,inflation
2025-08-08,33.93584057657401,60.72749063646181,-26.791650059887807,2.0435084337914855,2.230364303753461,4.03735738278941,29.930564046342695,37.94111710680532,56.35597660110503,65.09900467181859,-34.70487053015505,-18.878429589620563,inflation
2025-08-09,33.935840576574,60.7274906364618,-26.7916500598878,2.0435084337914855,2.2303643037534604,4.03735738278941,29.93056404634269,37.941117106805315,56.35597660110502,65.09900467181859,-34.70487053015504,-18.878429589620556,inflation
2025-08-10,33.93584057657401,60.72749063646181,-26.791650059887807,2.0435084337914855,2.230364303753461,4.03735738278941,29.930564046342695,37.94111710680532,56.35597660110503,65.09900467181859,-34.70487053015505,-18.878429589620563,inflation
2025-08-11,33.990035123602176,60.562923205451916,-26.57288808184974,1.8796945981224868,2.0772549503570503,3.7346495058610794,30.3058337112821,37.67423653592225,56.491503502752096,64.63434290815174,-33.892801113337455,-19.252975050362025,inflation
2025-08-12,33.990035123602176,60.562923205451924,-26.572888081849744,1.879694598122487,2.0772549503570503,3.7346495058610794,30.3058337112821,37.67423653592225,56.4915035027521,64.63434290815174,-33.892801113337455,-19.25297505036203,inflation
2025-08-13,33.990035123602176,60.562923205451924,-26.572888081849744,1.879694598122487,2.0772549503570503,3.7346495058610794,30.3058337112821,37.67423653592225,56.4915035027521,64.63434290815174,-33.892801113337455,-19.25297505036203,inflation
2025-08-14,33.990035123602176,60.562923205451924,-26.572888081849744,1.8796945981224868,2.0772549503570503,3.7346495058610794,30.3058337112821,37.67423653592225,56.4915035027521,64.63434290815174,-33.892801113337455,-19.25297505036203,inflation
2025-08-15,33.990035123602176,60.562923205451924,-26.572888081849744,1.8796945981224868,2.0772549503570503,3.7346495058610794,30.3058337112821,37.67423653592225,56.4915035027521,64.63434290815174,-33.892801113337455,-19.25297505036203,inflation
2025-08-16,33.990035123602176,60.562923205451924,-26.572888081849744,1.8796945981224868,2.0772549503570503,3.7346495058610794,30.3058337112821,37.67423653592225,56.4915035027521,64.63434290815174,-33.892801113337455,-19.25297505036203,inflation
2025-08-17,33.990035123602176,60.562923205451924,-26.572888081849744,1.879694598122487,2.0772549503570508,3.7346495058610794,30.3058337112821,37.67423653592225,56.4915035027521,64.63434290815174,-33.892801113337455,-19.25297505036203,inflation
2025-08-18,33.80402876680379,60.18935802142564,-26.38532925462185,1.769759653159818,2.0371603339709017,3.6526304530874523,30.335299846610546,37.27275768699703,56.196523766842674,64.1821922760086,-33.54448494267326,-19.226173566570445,inflation
2025-08-19,34.837111161593036,58.5451650288018,-23.708053867208758,2.8249104425459715,4.114774072284327,6.85694339934879,29.30028669420293,40.37393562898314,50.48020784712452,66.61012221047908,-37.14766292993239,-10.26844480448513,inflation
2025-08-20,34.837111161593036,58.5451650288018,-23.708053867208758,2.8249104425459715,4.114774072284327,6.85694339934879,29.30028669420293,40.37393562898314,50.48020784712452,66.61012221047908,-37.14766292993239,-10.26844480448513,inflation
2025-08-21,34.92637755767755,58.204562976012525,-23.27818541833498,2.453905001740443,3.665623489552827,6.039782583316659,30.11672375426628,39.73603136108881,51.019940936488986,65.38918501553607,-35.11615928163563,-11.440211555034331,inflation
2025-08-22,34.92637755767755,58.204562976012525,-23.278185418334985,2.453905001740443,3.665623489552827,6.039782583316659,30.11672375426628,39.73603136108881,51.019940936488986,65.38918501553607,-35.11615928163563,-11.440211555034335,inflation
2025-08-23,34.92637755767754,58.204562976012525,-23.27818541833498,2.4539050017404427,3.665623489552827,6.039782583316659,30.116723754266275,39.736031361088806,51.019940936488986,65.38918501553607,-35.11615928163563,-11.440211555034331,inflation
2025-08-24,34.80079438992402,58.67536462236409,-23.874570232440075,2.42478245442947,3.835908907166408,6.156019478788769,30.04822077924226,39.553368000605786,51.156983164317936,66.19374608041025,-35.940368410866064,-11.808772054014087,inflation
2025-08-25,34.62527395567394,59.16161952198621,-24.536345566312274,2.3209947493525305,3.849275097580959,6.068604596119607,30.07612424694298,39.1744236644049,51.617040330727534,66.70619871324489,-36.430810574706705,-12.641880557917846,inflation
2025-08-26,34.62527395567393,59.16161952198621,-24.536345566312274,2.3209947493525305,3.849275097580959,6.068604596119607,30.076124246942975,39.17442366440489,51.617040330727534,66.70619871324489,-36.430810574706705,-12.641880557917846,inflation
2025-08-27,34.62527395567394,59.16161952198621,-24.536345566312274,2.3209947493525305,3.849275097580959,6.068604596119607,30.07612424694298,39.1744236644049,51.617040330727534,66.70619871324489,-36.430810574706705,-12.641880557917846,inflation
2025-08-28,34.62527395567394,59.16161952198621,-24.536345566312274,2.3209947493525305,3.849275097580959,6.068604596119607,30.07612424694298,39.1744236644049,51.617040330727534,66.70619871324489,-36.430810574706705,-12.641880557917846,inflation
2025-08-29,34.62527395567393,59.16161952198621,-24.536345566312274,2.3209947493525305,3.849275097580959,6.068604596119607,30.076124246942975,39.17442366440489,51.617040330727534,66.70619871324489,-36.430810574706705,-12.641880557917846,inflation
2025-08-30,34.62527395567393,59.16161952198621,-24.53634556631227,2.3209947493525305,3.849275097580959,6.068604596119607,30.076124246942975,39.17442366440489,51.617040330727534,66.70619871324489,-36.4308105747067,-12.641880557917842,inflation
2025-08-31,34.62527395567393,59.161619521986204,-24.53634556631227,2.3209947493525305,3.849275097580959,6.068604596119607,30.076124246942975,39.17442366440489,51.61704033072753,66.70619871324489,-36.4308105747067,-12.641880557917842,inflation
2025-09-01,34.96551137411763,58.9045100276476,-23.938998653529975,2.298852807647825,3.6127607585620716,5.794248315970558,30.459759871127893,39.47126287710737,51.823498940865946,65.98552111442926,-35.295725352832264,-12.582271954227682,inflation
2025-09-02,33.352381518507,60.333990752686795,-26.981609234179793,3.2796298397881256,3.8037341505763433,6.897330055634058,26.924307032522275,39.780456004491725,52.87867181755716,67.78930968781643,-40.500376143222546,-13.462842325137037,inflation
2025-09-03,33.352381518507,60.333990752686795,-26.98160923417979,3.279629839788125,3.8037341505763433,6.897330055634058,26.92430703252228,39.780456004491725,52.87867181755716,67.78930968781643,-40.500376143222546,-13.462842325137034,inflation
2025-09-04,33.352381518507,60.333990752686795,-26.981609234179793,3.2796298397881256,3.803734150576344,6.897330055634059,26.924307032522275,39.780456004491725,52.87867181755716,67.78930968781643,-40.50037614322255,-13.462842325137036,inflation
2025-09-05,33.80366399757737,61.15684071876102,-27.353176721183655,3.0100703229245624,4.0883431577964116,6.447325842509347,27.903926164645224,39.703401830509506,53.143688129480054,69.16999330804198,-39.989935372501975,-14.716418069865334,inflation
2025-09-06,33.80366399757737,61.15684071876102,-27.353176721183655,3.0100703229245624,4.0883431577964116,6.447325842509347,27.903926164645224,39.703401830509506,53.143688129480054,69.16999330804198,-39.989935372501975,-14.716418069865334,inflation
2025-09-07,33.80366399757736,61.15684071876101,-27.35317672118365,3.010070322924562,4.0883431577964116,6.447325842509347,27.90392616464522,39.7034018305095,53.14368812948004,69.16999330804198,-39.989935372501975,-14.71641806986533,inflation
2025-09-08,33.48217425243135,61.40569685180281,-27.923522599371463,2.9367830650569875,3.930206114809322,6.316277473973384,27.726079444919655,39.23826905994304,53.70249286677654,69.10890083682908,-40.303426448359296,-15.543618750383631,inflation
2025-09-09,32.72654837922045,61.99836795377567,-29.27181957455522,2.838609765641457,3.5328775312540635,5.904460971277763,27.162873238563197,38.290223519877706,55.0739279925177,68.92280791503363,-40.84456307825964,-17.699076070850804,inflation
2025-09-10,32.72654837922045,61.99836795377567,-29.27181957455522,2.838609765641457,3.5328775312540635,5.904460971277763,27.162873238563197,38.290223519877706,55.0739279925177,68.92280791503363,-40.84456307825964,-17.699076070850804,inflation
2025-09-11,32.892232488552274,62.283095618775356,-29.390863130223085,2.592237573892391,3.253657302643996,5.348666171300051,27.81144684372319,37.97301813338136,55.905927305593124,68.66026393195759,-39.874248825971186,-18.907477434474984,inflation
2025-09-12,32.892232488552274,62.283095618775356,-29.39086313022308,2.592237573892391,3.253657302643996,5.34866617130005,27.81144684372319,37.97301813338136,55.905927305593124,68.66026393195759,-39.87424882597118,-18.907477434474984,inflation
2025-09-13,32.892232488552274,62.283095618775356,-29.39086313022308,2.592237573892391,3.253657302643996,5.34866617130005,27.81144684372319,37.97301813338136,55.905927305593124,68.66026393195759,-39.87424882597118,-18.907477434474984,inflation
2025-09-14,32.892232488552274,62.283095618775356,-29.390863130223085,2.592237573892391,3.253657302643996,5.34866617130005,27.81144684372319,37.97301813338136,55.905927305593124,68.66026393195759,-39.87424882597118,-18.907477434474988,inflation
2025-09-15,32.409387925195695,62.71010386662356,-30.300715941427868,2.7423584919235977,3.2874967209226043,5.619048275177487,27.034365281025444,37.784410569365946,56.26661029361526,69.15359743963187,-41.31405056077574,-19.287381322079995,inflation
2025-09-16,32.409387925195695,62.71010386662356,-30.300715941427868,2.7423584919235977,3.2874967209226043,5.619048275177487,27.034365281025444,37.784410569365946,56.26661029361526,69.15359743963187,-41.31405056077574,-19.287381322079995,inflation
2025-09-17,32.6848586805875,62.322327943775086,-29.637469263187583,2.4718144503283157,2.9383188534851645,5.045517889521805,27.840102357944005,37.529615003231,56.56322299094416,68.081432896606,-39.52668432665032,-19.748254199724848,inflation
2025-09-18,32.684858680587496,62.32232794377508,-29.63746926318758,2.4718144503283157,2.938318853485164,5.045517889521805,27.840102357943998,37.529615003230994,56.563222990944155,68.081432896606,-39.52668432665032,-19.74825419972484,inflation
2025-09-19,32.61049398065287,62.347127855999716,-29.736633875346847,2.397547359354451,2.8337871239987313,4.876009485802349,27.911301156318146,37.30968680498759,56.7929050929622,67.90135061903723,-39.29361246751945,-20.17965528317424,inflation
2025-09-20,32.61049398065287,62.347127855999716,-29.73663387534685,2.3975473593544514,2.8337871239987313,4.876009485802349,27.911301156318146,37.30968680498759,56.7929050929622,67.90135061903723,-39.29361246751945,-20.179655283174245,inflation
2025-09-21,32.61049398065287,62.347127855999716,-29.736633875346847,2.397547359354451,2.833787123998731,4.876009485802348,27.911301156318146,37.30968680498759,56.7929050929622,67.90135061903723,-39.29361246751945,-20.17965528317424,inflation
2025-09-22,32.366083850398,62.386162735338765,-30.020078884940762,2.235508707755693,2.569173921701207,4.473870386711134,27.98448678319684,36.747680917599155,57.350581848804396,67.42174362187313,-38.78886484289458,-21.25129292698694,inflation
2025-09-23,32.366083850398006,62.38616273533877,-30.020078884940766,2.235508707755693,2.5691739217012075,4.473870386711134,27.984486783196846,36.74768091759916,57.3505818488044,67.42174362187313,-38.78886484289459,-21.25129292698694,inflation
2025-09-24,31.518186768314614,63.23651821211276,-31.71833144379815,2.3097313634054206,2.548023521997421,4.624625219412337,26.99111329603999,36.045260240589236,58.24239210899782,68.2306443152277,-40.78259687384633,-22.65406601374997,inflation
2025-09-25,31.518186768314614,63.23651821211276,-31.718331443798153,2.3097313634054206,2.548023521997421,4.624625219412337,26.99111329603999,36.045260240589236,58.24239210899782,68.2306443152277,-40.78259687384633,-22.654066013749972,inflation
2025-09-26,31.51818676831461,63.23651821211276,-31.71833144379815,2.3097313634054206,2.5480235219974205,4.624625219412337,26.991113296039984,36.045260240589236,58.24239210899782,68.2306443152277,-40.78259687384633,-22.65406601374997,inflation
2025-09-27,31.518186768314617,63.23651821211277,-31.718331443798153,2.3097313634054206,2.548023521997421,4.624625219412337,26.99111329603999,36.04526024058924,58.24239210899783,68.23064431522772,-40.78259687384633,-22.654066013749972,inflation
2025-09-28,31.518186768314614,63.23651821211277,-31.718331443798153,2.3097313634054206,2.548023521997421,4.624625219412337,26.99111329603999,36.045260240589236,58.24239210899783,68.23064431522772,-40.78259687384633,-22.654066013749972,inflation
2025-09-29,31.448401034387892,62.95450974271882,-31.506108708330927,2.0988369000562868,2.3798206704378146,4.2189500463048955,27.33468071027757,35.56212135849822,58.290061228660704,67.61895825677693,-39.775250799088525,-23.23696661757333,inflation
2025-09-30,31.4484010343879,62.95450974271883,-31.50610870833093,2.0988369000562868,2.379820670437815,4.2189500463048955,27.334680710277578,35.562121358498224,58.29006122866071,67.61895825677695,-39.775250799088525,-23.236966617573337,inflation
2025-10-01,31.448401034387896,62.95450974271883,-31.50610870833093,2.0988369000562868,2.379820670437815,4.2189500463048955,27.334680710277574,35.56212135849822,58.29006122866071,67.61895825677695,-39.775250799088525,-23.236966617573337,inflation
2025-10-02,32.435494351665746,60.871819542563514,-28.43632519089777,2.2372141375829817,3.5877690042321793,5.628102175403993,28.0505546420031,36.82043406132839,53.83979229426844,67.90384679085858,-39.4674054546896,-17.405244927105944,inflation
2025-10-03,32.77103201220435,61.91110124421717,-29.140069232012824,2.1293372671825344,4.012056439399876,5.40900874218008,28.597530968526584,36.94453305588212,54.047470622993416,69.77473186544093,-39.74172636668578,-18.538412097339865,inflation
2025-10-04,32.771032012204344,61.91110124421717,-29.140069232012824,2.1293372671825344,4.012056439399876,5.40900874218008,28.597530968526577,36.94453305588211,54.047470622993416,69.77473186544093,-39.74172636668578,-18.538412097339865,inflation
2025-10-05,32.771032012204344,61.91110124421717,-29.140069232012824,2.1293372671825344,4.012056439399876,5.40900874218008,28.597530968526577,36.94453305588211,54.047470622993416,69.77473186544093,-39.74172636668578,-18.538412097339865,inflation
2025-10-06,32.47291410525487,62.06225249313879,-29.589338387883924,1.8794069711042691,3.3917443280397395,4.686883904185752,28.789276441890504,36.15655176861924,55.41443361018091,68.71007137609668,-38.775630840088,-20.40304593567985,inflation
2025-10-07,32.47291410525487,62.06225249313879,-29.589338387883924,1.8794069711042691,3.39174432803974,4.686883904185752,28.789276441890504,36.15655176861924,55.4144336101809,68.71007137609668,-38.775630840088,-20.40304593567985,inflation
2025-10-08,32.472914105254866,62.06225249313879,-29.589338387883924,1.8794069711042691,3.3917443280397395,4.686883904185752,28.789276441890497,36.15655176861923,55.41443361018091,68.71007137609668,-38.775630840088,-20.40304593567985,inflation
2025-10-09,32.472914105254866,62.06225249313879,-29.589338387883924,1.8794069711042691,3.3917443280397395,4.686883904185752,28.789276441890497,36.15655176861923,55.41443361018091,68.71007137609668,-38.775630840088,-20.40304593567985,inflation
2025-10-10,32.47291410525487,62.06225249313879,-29.589338387883924,1.8794069711042691,3.3917443280397395,4.686883904185752,28.789276441890504,36.15655176861924,55.41443361018091,68.71007137609668,-38.775630840088,-20.40304593567985,inflation
2025-10-11,32.472914105254866,62.062252493138786,-29.58933838788392,1.8794069711042691,3.3917443280397395,4.686883904185752,28.789276441890497,36.15655176861923,55.41443361018089,68.71007137609668,-38.77563084008799,-20.40304593567985,inflation
2025-10-12,32.16551757098793,62.15588116605108,-29.99036359506315,1.7173829777001237,2.9493127600993025,4.128602266677881,28.799446934695688,35.53158820728017,56.37522815625645,67.93653417584571,-38.0824240377518,-21.898303152374503,inflation
2025-10-13,32.156473368941036,62.06298817899449,-29.90651481005345,1.600833570766639,2.7451442409257942,3.874292369389136,29.018839570238423,35.294107167643645,56.68250546677993,67.44347089120905,-37.50012785405616,-22.312901766050746,inflation
2025-10-14,32.156473368941036,62.06298817899449,-29.90651481005345,1.600833570766639,2.745144240925794,3.874292369389136,29.018839570238423,35.294107167643645,56.68250546677993,67.44347089120905,-37.50012785405616,-22.312901766050746,inflation
2025-10-15,32.15647336894103,62.06298817899448,-29.906514810053448,1.6008335707666388,2.745144240925794,3.8742923693891353,29.018839570238416,35.29410716764364,56.68250546677992,67.44347089120903,-37.50012785405615,-22.312901766050743,inflation
2025-10-16,32.701921086423205,61.5562666877314,-28.854345601308196,1.8270518732164707,2.679370601680076,4.102133316282523,29.120899414918924,36.282942757927486,56.304700308438456,66.80783306702435,-36.894526901221944,-20.81416430139445,inflation
2025-10-17,32.701921086423205,61.5562666877314,-28.854345601308193,1.8270518732164707,2.679370601680076,4.102133316282523,29.120899414918924,36.282942757927486,56.304700308438456,66.80783306702435,-36.89452690122194,-20.81416430139445,inflation
2025-10-18,32.701921086423205,61.556266687731394,-28.854345601308193,1.8270518732164704,2.679370601680076,4.102133316282522,29.120899414918924,36.282942757927486,56.30470030843845,66.80783306702435,-36.89452690122194,-20.81416430139445,inflation
2025-10-19,32.701921086423205,61.5562666877314,-28.854345601308193,1.8270518732164707,2.679370601680076,4.102133316282523,29.120899414918924,36.282942757927486,56.304700308438456,66.80783306702435,-36.89452690122194,-20.81416430139445,inflation
2025-10-20,32.05760099054551,62.29881289916641,-30.241211908620894,2.173521218522877,2.941825292459605,4.832289151654988,27.79749940224067,36.31770257885035,56.532835325945584,68.06479047238723,-39.71249864586467,-20.769925171377118,inflation
2025-10-21,32.05760099054552,62.298812899166414,-30.241211908620897,2.173521218522877,2.941825292459605,4.832289151654988,27.79749940224068,36.31770257885036,56.53283532594559,68.06479047238724,-39.71249864586467,-20.76992517137712,inflation
2025-10-22,32.05760099054552,62.298812899166414,-30.2412119086209,2.173521218522877,2.941825292459605,4.832289151654988,27.79749940224068,36.31770257885036,56.53283532594559,68.06479047238724,-39.71249864586468,-20.769925171377125,inflation
2025-10-23,31.7272473621071,62.58568034350052,-30.85843298139342,2.0020955073488658,2.642589805111571,4.400394686789648,27.803140167703322,35.651354556510874,57.406204325481845,67.7651563615192,-39.48320656750113,-22.233659395285713,inflation
2025-10-24,31.7272473621071,62.58568034350052,-30.858432981393424,2.0020955073488658,2.6425898051115713,4.400394686789648,27.803140167703322,35.651354556510874,57.40620432548184,67.7651563615192,-39.483206567501135,-22.233659395285713,inflation
2025-10-25,31.727247362107104,62.585680343500535,-30.858432981393427,2.002095507348866,2.6425898051115713,4.400394686789648,27.803140167703326,35.65135455651088,57.40620432548185,67.76515636151922,-39.483206567501135,-22.23365939528572,inflation
2025-10-26,31.30464421831419,62.79255343560808,-31.487909217293886,1.9756552741282243,2.3965475577045994,4.125111492251321,27.432359881022872,35.176928555605514,58.09532022250706,67.4897866487091,-39.57312774210648,-23.402690692481297,inflation
2025-10-27,31.125843316678996,62.754753710509874,-31.628910393830882,1.8636564858227511,2.183035175041427,3.7992213786647335,27.473076604466403,34.778610028891585,58.47600476742868,67.03350265359107,-39.07538429601376,-24.182436491648005,inflation
2025-10-28,31.125843316679,62.75475371050988,-31.628910393830886,1.8636564858227511,2.183035175041427,3.7992213786647335,27.473076604466407,34.77861002889159,58.476004767428684,67.03350265359107,-39.075384296013766,-24.18243649164801,inflation
2025-10-29,31.386096041085167,62.59780416698676,-31.21170812590159,2.020466528618868,2.1756010664148153,3.949591334043558,27.425981644992184,35.34621043717815,58.33362607681372,66.8619822571598,-38.95290714062696,-23.470509111176217,inflation
2025-10-30,31.386096041085167,62.597804166986755,-31.211708125901588,2.020466528618868,2.175601066414815,3.9495913340435576,27.425981644992184,35.34621043717815,58.333626076813715,66.8619822571598,-38.95290714062696,-23.470509111176213,inflation
2025-10-31,31.75803390021819,63.60388323091677,-31.845849330698577,1.9380507507257232,2.8692709599028263,3.841389004304776,27.959454428795773,35.55661337164061,57.980112149507235,69.22765431232631,-39.37497177913594,-24.316726882261214,inflation
2025-11-01,31.758033900218187,63.603883230916765,-31.845849330698574,1.9380507507257232,2.8692709599028263,3.841389004304776,27.95945442879577,35.5566133716406,57.98011214950723,69.22765431232631,-39.37497177913593,-24.316726882261214,inflation
2025-11-02,31.75803390021819,63.603883230916765,-31.845849330698577,1.9380507507257232,2.8692709599028263,3.841389004304776,27.959454428795773,35.55661337164061,57.98011214950723,69.22765431232631,-39.37497177913594,-24.316726882261214,inflation
2025-11-03,31.476370150680687,63.87572339699021,-32.39935324630952,1.8876287972383377,2.7371577777915137,3.847460265630336,27.776617708093546,35.17612259326783,58.510894152518844,69.24055264146158,-39.940375366944984,-24.858331125674066,inflation
2025-11-04,31.476370150680687,63.87572339699021,-32.39935324630952,1.8876287972383377,2.7371577777915137,3.847460265630336,27.776617708093546,35.17612259326783,58.510894152518844,69.24055264146158,-39.940375366944984,-24.858331125674066,inflation
2025-11-05,31.476370150680687,63.87572339699022,-32.39935324630952,1.8876287972383377,2.7371577777915137,3.8474602656303363,27.776617708093546,35.17612259326783,58.51089415251885,69.24055264146159,-39.940375366944984,-24.858331125674063,inflation
2025-11-06,32.07962092676593,62.58875385141781,-30.509132924651887,1.82474633692378,3.004111253068073,4.305905610009814,28.503118106395316,35.65612374713653,56.70069579540439,68.47681190743124,-38.94870792027112,-22.06955792903265,inflation
2025-11-07,32.07962092676592,62.588753851417806,-30.509132924651887,1.8247463369237797,3.004111253068073,4.305905610009814,28.503118106395313,35.656123747136526,56.700695795404386,68.47681190743123,-38.94870792027112,-22.06955792903265,inflation
2025-11-08,32.07962092676593,62.58875385141781,-30.509132924651887,1.82474633692378,3.004111253068073,4.305905610009814,28.503118106395316,35.65612374713653,56.70069579540439,68.47681190743124,-38.94870792027112,-22.06955792903265,inflation
2025-11-09,32.07962092676592,62.588753851417806,-30.509132924651887,1.8247463369237797,3.004111253068073,4.305905610009814,28.503118106395313,35.656123747136526,56.700695795404386,68.47681190743123,-38.94870792027112,-22.06955792903265,inflation
2025-11-10,31.4204143285173,62.84261617756228,-31.422201849044978,2.003957106548226,2.6823642478751952,4.136374871396865,27.492658399682778,35.348170257351825,57.58518225172689,68.10005010339766,-39.52949659698283,-23.314907101107124,inflation
2025-11-11,31.420414328517293,62.84261617756226,-31.422201849044974,2.0039571065482256,2.682364247875195,4.136374871396865,27.49265839968277,35.34817025735182,57.585182251726884,68.10005010339765,-39.52949659698283,-23.314907101107117,inflation
2025-11-12,30.468069815443272,63.65907505853963,-33.191005243096356,2.053544227551375,2.608355823670745,4.259898976821134,26.443123129442576,34.49301650144397,58.54669764414497,68.77145247293429,-41.540407237665775,-24.841603248526933,inflation
2025-11-13,30.468069815443275,63.659075058539635,-33.191005243096356,2.053544227551375,2.608355823670745,4.259898976821134,26.44312312944258,34.49301650144397,58.54669764414498,68.7714524729343,-41.540407237665775,-24.841603248526933,inflation
2025-11-14,30.196452958548026,64.21770555215735,-34.021252593609326,1.9391831725670425,2.69942846289108,4.297409573617052,26.395653940316624,33.99725197677943,58.926825764890836,69.50858533942387,-42.44417535789874,-25.598329829319905,inflation
2025-11-15,30.196452958548026,64.21770555215735,-34.021252593609326,1.9391831725670428,2.69942846289108,4.297409573617052,26.39565394031662,33.99725197677943,58.926825764890836,69.50858533942387,-42.44417535789874,-25.598329829319905,inflation
2025-11-16,30.196452958548026,64.21770555215734,-34.021252593609326,1.9391831725670425,2.69942846289108,4.297409573617052,26.395653940316624,33.99725197677943,58.92682576489082,69.50858533942386,-42.44417535789874,-25.598329829319905,inflation
2025-11-17,30.264661879349877,64.00358545240138,-33.73892357305151,1.8660621151498968,2.6291370711616606,4.220080313727576,26.60718013365608,33.922143625043674,58.850476792924525,69.15669411187824,-42.01028098795756,-25.46756615814546,inflation
2025-11-18,30.264661879349873,64.00358545240138,-33.73892357305151,1.8660621151498968,2.6291370711616606,4.220080313727576,26.607180133656076,33.922143625043674,58.850476792924525,69.15669411187824,-42.01028098795756,-25.46756615814546,inflation
2025-11-19,30.264661879349877,64.00358545240138,-33.73892357305151,1.8660621151498968,2.6291370711616606,4.220080313727576,26.60718013365608,33.922143625043674,58.850476792924525,69.15669411187824,-42.01028098795756,-25.46756615814546,inflation
2025-11-20,30.209022708537056,64.24157802841667,-34.03255531987961,1.6947908948883177,2.4536851374106563,3.884970755010113,26.887232554555954,33.53081286251816,59.432355159091784,69.05080089774155,-41.64709799969943,-26.418012640059793,inflation
2025-11-21,30.40779627419767,65.52806243124463,-35.12026615704698,1.5308951353930946,3.1940646160350172,3.9512207763003357,27.4072418088272,33.408350739568135,59.267695783816,71.78842907867327,-42.864658878595634,-27.37587343549832,inflation
2025-11-22,30.40779627419767,65.52806243124465,-35.12026615704698,1.5308951353930946,3.1940646160350172,3.9512207763003357,27.4072418088272,33.408350739568135,59.267695783816016,71.78842907867329,-42.864658878595634,-27.37587343549832,inflation
2025-11-23,30.40779627419767,65.52806243124465,-35.12026615704698,1.5308951353930946,3.1940646160350172,3.9512207763003357,27.4072418088272,33.408350739568135,59.267695783816016,71.78842907867329,-42.864658878595634,-27.37587343549832,inflation
2025-11-24,30.31278136805655,65.15046759792827,-34.83768622987172,1.4492972901246144,2.841539375159157,3.654360824771612,27.472158679412306,33.15340405670079,59.58105042261632,70.71988477324021,-42.00023344642408,-27.675139013319363,inflation
2025-11-25,30.31278136805655,65.15046759792827,-34.83768622987172,1.4492972901246144,2.841539375159157,3.654360824771612,27.472158679412306,33.15340405670079,59.58105042261632,70.71988477324021,-42.00023344642408,-27.675139013319363,inflation
2025-11-26,30.312781368056548,65.15046759792827,-34.837686229871714,1.4492972901246144,2.841539375159157,3.654360824771612,27.472158679412303,33.15340405670079,59.58105042261632,70.71988477324021,-42.000233446424076,-27.675139013319356,inflation
2025-11-27,30.31278136805655,65.15046759792827,-34.83768622987172,1.4492972901246144,2.841539375159157,3.654360824771612,27.472158679412306,33.15340405670079,59.58105042261632,70.71988477324021,-42.00023344642408,-27.675139013319363,inflation
2025-11-28,30.312781368056555,65.15046759792827,-34.83768622987172,1.4492972901246146,2.841539375159157,3.6543608247716124,27.47215867941231,33.1534040567008,59.58105042261632,70.71988477324021,-42.00023344642408,-27.67513901331936,inflation
2025-11-29,30.31278136805655,65.15046759792827,-34.83768622987172,1.4492972901246144,2.841539375159157,3.654360824771612,27.472158679412306,33.15340405670079,59.58105042261632,70.71988477324021,-42.00023344642408,-27.675139013319363,inflation
2025-11-30,30.31278136805655,65.15046759792827,-34.83768622987172,1.4492972901246144,2.841539375159157,3.654360824771612,27.472158679412306,33.15340405670079,59.58105042261632,70.71988477324021,-42.00023344642408,-27.675139013319363,inflation
2025-12-01,30.44097589100852,64.24473437530715,-33.803758484298626,1.3752047326701322,3.01846858631583,3.868368158655077,27.745574614975062,33.13637716704198,58.32853594612812,70.16093280448618,-41.385760075262574,-26.221756893334675,inflation
2025-12-02,30.440975891008524,64.24473437530715,-33.80375848429863,1.3752047326701324,3.01846858631583,3.868368158655077,27.745574614975062,33.136377167041985,58.32853594612812,70.16093280448618,-41.38576007526258,-26.221756893334682,inflation
2025-12-03,30.440975891008524,64.24473437530716,-33.80375848429863,1.3752047326701324,3.01846858631583,3.868368158655077,27.745574614975062,33.136377167041985,58.328535946128135,70.1609328044862,-41.38576007526258,-26.221756893334682,inflation
2025-12-04,31.676865176483446,62.51136422177931,-30.83449904529586,2.2015738880690865,3.6480333834807053,5.551718105170027,27.361780355868035,35.99194999709886,55.361218790157125,69.6615096534015,-41.715866531429114,-19.953131559162607,inflation
2025-12-05,31.676865176483442,62.5113642217793,-30.834499045295857,2.2015738880690865,3.648033383480705,5.551718105170027,27.361780355868035,35.99194999709885,55.361218790157125,69.66150965340148,-41.71586653142911,-19.953131559162607,inflation
2025-12-06,31.676865176483446,62.51136422177931,-30.83449904529586,2.2015738880690865,3.6480333834807053,5.551718105170027,27.361780355868035,35.99194999709886,55.361218790157125,69.6615096534015,-41.715866531429114,-19.953131559162607,inflation
2025-12-07,31.676865176483446,62.51136422177931,-30.834499045295864,2.2015738880690865,3.6480333834807053,5.551718105170027,27.361780355868035,35.99194999709886,55.361218790157125,69.6615096534015,-41.715866531429114,-19.953131559162614,inflation
2025-12-08,30.995541157538145,63.23345564938818,-32.23791449185004,2.319618628005381,3.369462016291617,5.49057306414079,26.4490886466476,35.541993668428695,56.62931009745662,69.83760120131976,-42.99943769756599,-21.476391286134096,inflation
2025-12-09,30.995541157538145,63.23345564938818,-32.23791449185004,2.319618628005381,3.369462016291617,5.49057306414079,26.4490886466476,35.541993668428695,56.62931009745662,69.83760120131976,-42.99943769756599,-21.476391286134096,inflation
2025-12-10,31.228883663444545,62.951155178293085,-31.72227151484854,2.1543033576642223,3.1162018631913484,5.0950874420276975,27.00644908242267,35.45131824446642,56.84339952643804,69.05891083014812,-41.70864290122283,-21.735900128474253,inflation
2025-12-11,30.972760942004104,63.21020336522649,-32.23744242322239,2.0606255759626104,2.9182721770341704,4.818579659368775,26.93393481311739,35.01158707089082,57.49038989823951,68.93001683221347,-41.681858555585194,-22.79302629085959,inflation
2025-12-12,30.972760942004104,63.21020336522649,-32.23744242322239,2.0606255759626104,2.9182721770341704,4.818579659368775,26.93393481311739,35.01158707089082,57.49038989823951,68.93001683221347,-41.681858555585194,-22.79302629085959,inflation
2025-12-13,30.972760942004104,63.2102033652265,-32.23744242322239,2.0606255759626104,2.9182721770341704,4.818579659368776,26.93393481311739,35.01158707089082,57.49038989823953,68.93001683221347,-41.681858555585194,-22.793026290859586,inflation
2025-12-14,30.972760942004104,63.21020336522649,-32.23744242322239,2.0606255759626104,2.9182721770341704,4.818579659368775,26.93393481311739,35.01158707089082,57.49038989823951,68.93001683221347,-41.681858555585194,-22.79302629085959,inflation
2025-12-15,31.131009667974006,63.1542962227089,-32.0232865547349,1.960589082349984,2.69339747857959,4.503126586721651,27.288255066568038,34.97376426937998,57.875237164692905,68.4333552807249,-40.849414664709336,-23.19715844476047,inflation
2025-12-16,31.131009667974002,63.154296222708894,-32.023286554734895,1.960589082349984,2.6933974785795898,4.50312658672165,27.288255066568034,34.97376426937997,57.8752371646929,68.4333552807249,-40.84941466470933,-23.19715844476046,inflation
2025-12-17,31.131009667974002,63.1542962227089,-32.023286554734895,1.960589082349984,2.6933974785795898,4.50312658672165,27.288255066568034,34.97376426937997,57.875237164692905,68.4333552807249,-40.84941466470933,-23.19715844476046,inflation
2025-12-18,31.49612534597272,62.80704393212867,-31.31091858615595,1.9152413511883617,2.51955249952972,4.297912001685504,27.74225229764353,35.24999839430191,57.86872103305042,67.74536683120692,-39.73482610945954,-22.88701106285236,inflation
2025-12-19,31.76042698966579,63.65887057097927,-31.89844358131348,1.8676180326339507,2.9823251265711965,4.160690252486748,28.099895645703246,35.420958333628334,57.81351332289972,69.50422781905881,-40.0533964761875,-23.743490686439454,inflation
2025-12-20,31.76042698966579,63.65887057097927,-31.89844358131348,1.8676180326339507,2.9823251265711965,4.160690252486748,28.099895645703246,35.420958333628334,57.81351332289972,69.50422781905881,-40.0533964761875,-23.743490686439454,inflation
2025-12-21,31.76042698966579,63.65887057097927,-31.89844358131348,1.8676180326339507,2.9823251265711965,4.160690252486748,28.099895645703246,35.420958333628334,57.81351332289972,69.50422781905881,-40.0533964761875,-23.743490686439454,inflation
2025-12-22,31.760426989665792,63.658870570979275,-31.898443581313483,1.8676180326339507,2.982325126571197,4.160690252486748,28.09989564570325,35.420958333628334,57.81351332289973,69.50422781905883,-40.05339647618751,-23.743490686439458,inflation
2025-12-23,31.76042698966579,63.65887057097927,-31.89844358131348,1.8676180326339507,2.9823251265711965,4.160690252486749,28.099895645703246,35.420958333628334,57.81351332289972,69.50422781905881,-40.05339647618751,-23.74349068643945,inflation
2025-12-24,31.76042698966579,63.65887057097927,-31.898443581313483,1.8676180326339507,2.9823251265711965,4.160690252486748,28.099895645703246,35.420958333628334,57.81351332289972,69.50422781905881,-40.05339647618751,-23.743490686439458,inflation
2025-12-25,31.760426989665785,63.65887057097926,-31.898443581313476,1.8676180326339507,2.9823251265711965,4.160690252486748,28.099895645703242,35.42095833362833,57.813513322899716,69.50422781905881,-40.0533964761875,-23.74349068643945,inflation
2025-12-26,31.760426989665792,63.658870570979275,-31.898443581313483,1.8676180326339507,2.982325126571197,4.160690252486749,28.09989564570325,35.420958333628334,57.81351332289973,69.50422781905883,-40.05339647618751,-23.743490686439458,inflation
2025-12-27,31.76042698966579,63.65887057097927,-31.89844358131348,1.8676180326339507,2.9823251265711965,4.160690252486748,28.099895645703246,35.420958333628334,57.81351332289972,69.50422781905881,-40.0533964761875,-23.743490686439454,inflation
2025-12-28,31.76042698966579,63.65887057097927,-31.89844358131348,1.8676180326339507,2.9823251265711965,4.160690252486748,28.099895645703246,35.420958333628334,57.81351332289972,69.50422781905881,-40.0533964761875,-23.743490686439454,inflation
2025-12-29,31.76042698966579,63.65887057097927,-31.89844358131348,1.8676180326339507,2.9823251265711965,4.160690252486748,28.099895645703246,35.420958333628334,57.81351332289972,69.50422781905881,-40.0533964761875,-23.743490686439454,inflation
2025-12-30,31.760426989665792,63.658870570979275,-31.898443581313483,1.8676180326339507,2.982325126571197,4.160690252486749,28.09989564570325,35.420958333628334,57.81351332289973,69.50422781905883,-40.05339647618751,-23.743490686439458,inflation
2025-12-31,31.76042698966579,63.65887057097927,-31.89844358131348,1.8676180326339507,2.9823251265711965,4.160690252486748,28.099895645703246,35.420958333628334,57.81351332289972,69.50422781905881,-40.0533964761875,-23.743490686439454,inflation
2026-01-01,31.760426989665792,63.658870570979275,-31.898443581313483,1.8676180326339507,2.982325126571197,4.160690252486748,28.09989564570325,35.420958333628334,57.81351332289973,69.50422781905883,-40.05339647618751,-23.743490686439458,inflation
2026-01-02,31.760426989665785,63.65887057097927,-31.89844358131348,1.8676180326339507,2.9823251265711965,4.160690252486748,28.099895645703242,35.42095833362833,57.81351332289972,69.50422781905881,-40.0533964761875,-23.743490686439454,inflation
2026-01-03,31.760426989665792,63.658870570979275,-31.898443581313483,1.8676180326339507,2.982325126571197,4.160690252486748,28.09989564570325,35.420958333628334,57.81351332289973,69.50422781905883,-40.05339647618751,-23.743490686439458,inflation
2026-01-04,31.76042698966579,63.65887057097927,-31.89844358131348,1.8676180326339507,2.9823251265711965,4.160690252486748,28.099895645703246,35.420958333628334,57.81351332289972,69.50422781905881,-40.0533964761875,-23.743490686439454,inflation
2026-01-05,31.420795051107582,62.24361430890015,-30.822819257792563,1.3987469266573611,2.5354104229804535,3.209161418332903,28.679251074859152,34.16233902735601,57.27420987985846,67.21301873794184,-37.11277563772505,-24.532862877860072,inflation
2026-01-06,31.420795051107582,62.24361430890015,-30.822819257792563,1.3987469266573611,2.5354104229804535,3.209161418332903,28.679251074859152,34.16233902735601,57.27420987985846,67.21301873794184,-37.11277563772505,-24.532862877860072,inflation
2026-01-07,32.421740176895,64.0320241698176,-31.61028399292261,1.7464591926592903,2.977923272568194,2.8631930959856846,28.99868015928279,35.84480019450721,58.19529455558394,69.86875378405126,-37.22214246105455,-25.99842552479067,inflation
2026-01-08,32.80970870610051,62.91068367149071,-30.100974965390204,1.4853656045682548,2.802170411779267,3.035620678265961,29.898392121146728,35.72102529105429,57.41842966440335,68.40293767857807,-36.05079149479149,-24.151158435988922,inflation
2026-01-09,32.80970870610051,62.91068367149071,-30.1009749653902,1.4853656045682548,2.802170411779267,3.035620678265961,29.898392121146728,35.72102529105429,57.41842966440335,68.40293767857807,-36.05079149479148,-24.15115843598892,inflation
2026-01-10,32.80970870610051,62.910683671490716,-30.100974965390204,1.485365604568255,2.802170411779267,3.035620678265961,29.898392121146728,35.72102529105429,57.418429664403355,68.40293767857808,-36.05079149479149,-24.151158435988922,inflation
2026-01-11,32.8097087061005,62.91068367149071,-30.1009749653902,1.4853656045682548,2.802170411779267,3.035620678265961,29.89839212114672,35.72102529105428,57.41842966440335,68.40293767857807,-36.05079149479148,-24.15115843598892,inflation
2026-01-12,33.41229694354504,61.96327633904363,-28.550979395498597,1.7502097086834665,3.0798401052209687,4.010043396951579,29.981885914525442,36.84270797256463,55.92678973281053,67.99976294527673,-36.410664453523694,-20.691294337473504,inflation
2026-01-13,33.400083910007,61.73334430824074,-28.333260398233737,1.641504842940618,2.7521829221734273,3.678350309267305,30.18273441784339,36.61743340217061,56.33906578078082,67.12762283570066,-35.54282700439765,-21.12369379206982,inflation
2026-01-14,33.40008391000699,61.733344308240724,-28.333260398233733,1.6415048429406178,2.7521829221734273,3.678350309267305,30.18273441784338,36.617433402170604,56.33906578078081,67.12762283570063,-35.54282700439765,-21.123693792069815,inflation
2026-01-15,33.400083910007,61.73334430824073,-28.333260398233737,1.6415048429406178,2.752182922173427,3.6783503092673047,30.18273441784339,36.61743340217061,56.339065780780814,67.12762283570065,-35.54282700439765,-21.12369379206982,inflation
2026-01-16,33.55702517750622,62.614006141667254,-29.05698096416103,1.5002987001736905,3.1648863769441156,3.76002043313901,30.616439725165787,36.497610629846655,56.41082884285679,68.81718344047772,-36.42662101311349,-21.687340915208573,inflation
2026-01-17,33.10330550304672,62.82644180251134,-29.723136299464617,1.470794557875193,2.712293765441748,3.3725181682164123,30.22054816961134,35.9860628364821,57.510346022245514,68.14253758277717,-36.333271909168786,-23.113000689760447,inflation
2026-01-18,33.10330550304673,62.82644180251134,-29.723136299464617,1.470794557875193,2.712293765441748,3.3725181682164123,30.220548169611348,35.986062836482105,57.510346022245514,68.14253758277717,-36.333271909168786,-23.113000689760447,inflation
2026-01-19,33.46310702756694,62.25506821162133,-28.79196118405439,1.65335463703495,2.6936475549223187,3.7903072321137152,30.22253193897844,36.70368211615544,56.97551900397358,67.53461741926907,-36.220963358997274,-21.362959009111506,inflation
2026-01-20,33.37613535046857,62.272401814009946,-28.896266463541373,1.6572972857164525,2.6280001078408084,3.724810623564366,30.127832670464326,36.62443803047282,57.12152160264196,67.42328202537793,-36.19689528572753,-21.595637641355218,inflation
2026-01-21,33.325752333581114,62.15001892794028,-28.824266594359166,1.541279068793986,2.454997271429396,3.4572174445535566,30.304845358744902,36.34665930841733,57.338224275938664,66.96181357994189,-35.600412785684135,-22.048120403034197,inflation
2026-01-22,32.79083091642967,62.47795270122797,-29.6871217847983,1.7187188923784171,2.3864452889578023,3.6905721546950323,29.42214188736797,36.15951994549137,57.80051993487068,67.15538546758526,-36.92064320800056,-22.453600361596038,inflation
2026-01-23,32.79083091642967,62.47795270122797,-29.6871217847983,1.7187188923784171,2.3864452889578023,3.690572154695032,29.42214188736797,36.15951994549137,57.80051993487068,67.15538546758526,-36.92064320800056,-22.453600361596038,inflation
2026-01-24,32.79083091642967,62.47795270122797,-29.6871217847983,1.7187188923784171,2.3864452889578023,3.6905721546950323,29.42214188736797,36.15951994549137,57.80051993487068,67.15538546758526,-36.92064320800056,-22.453600361596038,inflation
2026-01-25,32.77721991289424,62.19043618800555,-29.413216275111306,1.6405643782423678,2.440553440005513,3.618369083803798,29.5617137315392,35.99272609424928,57.40695144559474,66.97392093041636,-36.50521967936675,-22.321212870855863,inflation
2026-01-26,33.031447574410805,61.53541248257894,-28.503964908168136,1.3694268035098685,2.2611852544294817,3.2428047815267846,30.347371039531463,35.71552410929015,57.103489383897156,65.96733558126073,-34.85986227996064,-22.14806753637564,inflation
2026-01-27,33.031447574410805,61.53541248257894,-28.503964908168136,1.3694268035098685,2.2611852544294817,3.242804781526784,30.347371039531463,35.71552410929015,57.103489383897156,65.96733558126073,-34.85986227996063,-22.14806753637564,inflation
2026-01-28,32.667642656470484,61.78692070505757,-29.119278048587088,1.5590042163205726,2.188528428249426,3.374053117265157,29.61199439248216,35.72329092045881,57.497404985688696,66.07643642442645,-35.73242215842679,-22.50613393874738,inflation
2026-01-29,32.76229957972853,61.302070897939295,-28.539771318210764,1.49108231123879,2.464979971970674,3.5645960442037063,29.839778249700498,35.68482090975655,56.47071015287678,66.13343164300181,-35.52637956485003,-21.5531630715715,inflation
2026-01-30,32.762299579728534,61.302070897939295,-28.539771318210764,1.49108231123879,2.464979971970674,3.564596044203706,29.839778249700505,35.68482090975656,56.47071015287678,66.13343164300181,-35.526379564850025,-21.5531630715715,inflation
2026-01-31,32.76229957972853,61.302070897939295,-28.53977131821076,1.49108231123879,2.464979971970674,3.564596044203706,29.839778249700498,35.68482090975655,56.47071015287678,66.13343164300181,-35.526379564850025,-21.553163071571497,inflation
2026-02-01,32.76229957972853,61.302070897939295,-28.53977131821076,1.49108231123879,2.464979971970674,3.5645960442037063,29.839778249700498,35.68482090975655,56.47071015287678,66.13343164300181,-35.526379564850025,-21.553163071571497,inflation
2026-02-02,32.883432288303375,61.143788991945826,-28.260356703642454,1.4777458680634048,2.380653268677034,3.5035222603088445,29.987050386899103,35.77981418970765,56.47770858533884,65.8098693985528,-35.12726033384779,-21.39345307343712,inflation
2026-02-03,32.883432288303375,61.143788991945826,-28.260356703642458,1.477745868063405,2.380653268677034,3.5035222603088445,29.9870503868991,35.77981418970765,56.47770858533884,65.8098693985528,-35.127260333847794,-21.393453073437122,inflation
2026-02-04,32.88343228830337,61.143788991945826,-28.260356703642454,1.4777458680634048,2.3806532686770336,3.503522260308844,29.987050386899096,35.77981418970764,56.47770858533884,65.8098693985528,-35.12726033384779,-21.393453073437122,inflation
2026-02-05,32.67170906536383,61.22232741039396,-28.550618345030127,1.509580910601875,2.250466771685894,3.393474247821902,29.712930480584152,35.6304876501435,56.81141253788961,65.63324228289831,-35.20182787076106,-21.8994088192992,inflation
2026-02-06,32.671709065363835,61.222327410393966,-28.55061834503013,1.509580910601875,2.250466771685894,3.393474247821902,29.71293048058416,35.63048765014351,56.811412537889616,65.63324228289832,-35.20182787076106,-21.899408819299204,inflation
2026-02-07,32.671709065363835,61.222327410393966,-28.55061834503013,1.509580910601875,2.250466771685894,3.393474247821902,29.71293048058416,35.63048765014351,56.811412537889616,65.63324228289832,-35.20182787076106,-21.899408819299204,inflation
2026-02-08,32.671709065363835,61.222327410393966,-28.55061834503013,1.509580910601875,2.250466771685894,3.393474247821902,29.71293048058416,35.63048765014351,56.811412537889616,65.63324228289832,-35.20182787076106,-21.899408819299204,inflation
2026-02-09,32.274639715174224,61.161027191708314,-28.886387476534086,1.668382250160592,2.081018733425643,3.2351252468033,29.004610504859464,35.544668925488985,57.082230474194056,65.23982390922258,-35.22723296026855,-22.545541992799617,inflation
2026-02-10,32.27960703816504,61.250339822893004,-28.97073278472796,1.6266303026590754,2.0660896092815446,3.175422878879534,29.09141164495325,35.467802431376825,57.20080418870118,65.29987545708484,-35.19456162733185,-22.746903942124074,inflation
2026-02-11,32.27960703816504,61.250339822893004,-28.97073278472796,1.6266303026590754,2.0660896092815446,3.175422878879534,29.09141164495325,35.467802431376825,57.20080418870118,65.29987545708484,-35.19456162733185,-22.746903942124074,inflation
2026-02-12,32.27960703816504,61.250339822893004,-28.97073278472796,1.6266303026590754,2.0660896092815446,3.175422878879534,29.09141164495325,35.467802431376825,57.20080418870118,65.29987545708484,-35.19456162733185,-22.746903942124074,inflation
2026-02-13,32.27960703816505,61.250339822893004,-28.97073278472796,1.6266303026590754,2.0660896092815446,3.175422878879534,29.091411644953258,35.46780243137683,57.20080418870118,65.29987545708484,-35.19456162733185,-22.746903942124074,inflation
2026-02-14,32.27960703816505,61.25033982289301,-28.970732784727964,1.6266303026590754,2.0660896092815446,3.175422878879534,29.091411644953258,35.46780243137683,57.200804188701184,65.29987545708484,-35.19456162733185,-22.746903942124078,inflation
2026-02-15,32.27960703816505,61.25033982289301,-28.970732784727964,1.6266303026590756,2.0660896092815446,3.175422878879534,29.091411644953258,35.46780243137683,57.200804188701184,65.29987545708484,-35.19456162733185,-22.746903942124078,inflation
2026-02-16,32.27960703816505,61.25033982289301,-28.970732784727964,1.6266303026590754,2.0660896092815446,3.175422878879534,29.091411644953258,35.46780243137683,57.200804188701184,65.29987545708484,-35.19456162733185,-22.746903942124078,inflation
2026-02-17,32.99596725646295,62.586331160665765,-29.590363904202814,1.741548278733266,2.6432666375394547,2.8087616635119703,29.582532630145746,36.409401882780145,57.40552855108844,67.76713377024309,-35.09553676468627,-24.08519104371935,inflation
2026-02-18,33.07418511406081,62.27944930432695,-29.205264190266146,1.6063848250876076,2.5393021886687768,2.7293769359858278,29.9256708568891,36.22269937123252,57.30241701453615,67.25648159411776,-34.55484298479837,-23.85568539573392,inflation
2026-02-19,32.43016317715195,62.938509996961095,-30.508346819809148,2.0942494283069157,2.7784288153726457,3.903328148151291,28.32543429767039,36.5348920566335,57.49278951883071,68.38423047509148,-38.15886999018568,-22.857823649432618,inflation
2026-02-20,32.287854543432076,63.02628307807845,-30.73842853464637,2.129699832348039,2.7323276072656126,3.927821335399486,28.11364287202992,36.46206621483423,57.67092096783785,68.38164518831906,-38.436958352029365,-23.039898717263377,inflation
2026-02-21,32.28785454343208,63.02628307807846,-30.738428534646374,2.129699832348039,2.7323276072656126,3.9278213353994866,28.113642872029928,36.46206621483424,57.67092096783786,68.38164518831906,-38.436958352029365,-23.03989871726338,inflation
2026-02-22,32.28785454343208,63.02628307807846,-30.738428534646374,2.129699832348039,2.7323276072656126,3.9278213353994866,28.113642872029928,36.46206621483424,57.67092096783786,68.38164518831906,-38.436958352029365,-23.03989871726338,inflation
2026-02-23,32.191762324444056,63.61865486980344,-31.42689254535939,1.7336296007524372,2.840632950497338,3.540133945342653,28.79384830696928,35.58967634191883,58.05101428682866,69.18629545277823,-38.36555507823099,-24.48823001248779,inflation
2026-02-24,32.191762324444056,63.61865486980344,-31.42689254535939,1.7336296007524372,2.840632950497338,3.540133945342653,28.79384830696928,35.58967634191883,58.05101428682866,69.18629545277823,-38.36555507823099,-24.48823001248779,inflation
2026-02-25,32.191762324444056,63.61865486980344,-31.42689254535939,1.7336296007524372,2.840632950497338,3.540133945342653,28.79384830696928,35.58967634191883,58.05101428682866,69.18629545277823,-38.36555507823099,-24.48823001248779,inflation
2026-02-26,33.30998844674795,61.85592486786641,-28.545936421118466,2.8874225560182207,4.637510299322332,7.0525046056495535,27.65064023695224,38.96933665654366,52.76640468119464,70.94544505453818,-42.36884544819159,-14.72302739404534,inflation
2026-02-27,33.71607508345788,61.900947030970514,-28.184871947512637,2.798778603112584,5.00015559513184,7.329186114071171,28.230469021357216,39.201681145558545,52.10064206451211,71.70125199742893,-42.55007673109213,-13.819667163933142,inflation
2026-02-28,33.71607508345788,61.900947030970514,-28.184871947512637,2.798778603112584,5.00015559513184,7.329186114071171,28.230469021357216,39.201681145558545,52.10064206451211,71.70125199742893,-42.55007673109213,-13.819667163933142,inflation
2026-03-01,33.57084612308198,62.173803473477946,-28.602957350395968,2.76910886905818,4.965351576885022,7.307705607581912,28.143392739727943,38.99829950643601,52.4417143827833,71.90589256417259,-42.926060341256516,-14.27985435953542,inflation
2026-03-02,33.240377134357416,62.264357530303144,-29.023980395945728,2.8718472233137615,4.763732074260632,7.230487148747536,27.611556576662444,38.86919769205239,52.927442664752306,71.60127239585398,-43.1957352074909,-14.852225584400557,inflation
2026-03-03,32.94808961881645,62.0166248188382,-29.068535200021756,2.855497655125862,4.420482920797527,6.812461452689238,27.351314214769758,38.544865022863135,53.35247829407505,70.68077134360135,-42.42095964729266,-15.71611075275085,inflation
2026-03-04,32.948089618816454,62.01662481883821,-29.06853520002176,2.855497655125862,4.420482920797527,6.812461452689238,27.351314214769765,38.54486502286314,53.352478294075055,70.68077134360136,-42.42095964729266,-15.716110752750854,inflation
2026-03-05,33.65812353798551,60.56591861290615,-26.907795074920642,3.013697082468816,5.0957116919365,7.754112267452829,27.751277256346633,39.56496981962439,50.57832369671061,70.55351352910169,-42.10585511912819,-11.709735030713098,inflation
2026-03-06,33.65812353798551,60.56591861290615,-26.907795074920642,3.0136970824688163,5.0957116919365,7.75411226745283,27.75127725634663,39.56496981962439,50.57832369671061,70.55351352910169,-42.10585511912819,-11.709735030713096,inflation
2026-03-07,33.49144797386923,60.530819868272935,-27.039371894403704,2.8641544497043165,4.780800452091136,7.283062243977677,27.877705252448767,39.105190695289686,51.16045098217431,69.90118875437156,-41.31417389259995,-12.764569896207457,inflation
2026-03-08,33.49144797386923,60.530819868272935,-27.039371894403708,2.8641544497043165,4.780800452091136,7.283062243977677,27.877705252448767,39.105190695289686,51.16045098217431,69.90118875437156,-41.31417389259995,-12.76456989620746,inflation
2026-03-09,33.40664707175114,60.69351610303728,-27.286869031286148,2.78171578630286,4.642144403105224,7.094046211247983,27.954484130597532,38.85881001290474,51.594913072951044,69.79211913312352,-41.191199605332194,-13.382538457240102,inflation
2026-03-10,33.11218590570459,61.03670101316239,-27.924515107457804,2.6824398333402044,4.39030148136985,6.769260550978824,27.854603832357792,38.369767979051396,52.43171010967749,69.6416919166473,-41.1922657873763,-14.656764427539308,inflation
2026-03-11,33.112185905704585,61.03670101316239,-27.9245151074578,2.682439833340204,4.390301481369849,6.769260550978824,27.854603832357785,38.36976797905139,52.43171010967749,69.64169191664729,-41.1922657873763,-14.656764427539304,inflation
2026-03-12,32.90953780602046,61.42706607817796,-28.517528272157502,2.6093927610253127,4.314266889604505,6.64361265441015,27.795127994410848,38.02394761763007,52.97110297455313,69.88302918180278,-41.5390090748014,-15.496047469513607,inflation
2026-03-13,32.255202923146385,61.9975166487462,-29.742313725599814,3.3330741789216023,4.6231182795396375,7.679861686615496,25.722377532460044,38.788028313832726,52.93620482084851,71.0588284766439,-44.79484263136619,-14.689784819833443,inflation
2026-03-14,32.255202923146385,61.997516648746206,-29.742313725599818,3.3330741789216027,4.623118279539638,7.679861686615496,25.722377532460044,38.788028313832726,52.936204820848516,71.0588284766439,-44.79484263136619,-14.689784819833447,inflation
2026-03-15,32.255202923146385,61.9975166487462,-29.742313725599814,3.3330741789216023,4.6231182795396375,7.679861686615496,25.722377532460044,38.788028313832726,52.93620482084851,71.0588284766439,-44.79484263136619,-14.689784819833443,inflation
2026-03-16,32.255202923146385,61.9975166487462,-29.742313725599814,3.3330741789216023,4.6231182795396375,7.679861686615496,25.722377532460044,38.788028313832726,52.93620482084851,71.0588284766439,-44.79484263136619,-14.689784819833443,inflation
2026-03-17,32.162355366444345,62.21298191073988,-30.050626544295536,3.0900911132844655,4.306817629386623,7.140511817947985,26.105776784406793,38.2189339484819,53.77161935714209,70.65434446433765,-44.046029707473586,-16.055223381117486,inflation
2026-03-18,31.95169628810052,62.41995027927531,-30.46825399117479,3.16497719742884,4.309319714772645,7.225420324469588,25.748340981139997,38.155051595061046,53.97368363832093,70.8662169202297,-44.63007782713518,-16.3064301552144,inflation
2026-03-19,31.79992424106852,62.68833418856667,-30.88840994749815,2.7318062375029317,3.726754980790315,6.245420465452386,26.445584015562773,37.15426446657427,55.38389442621765,69.99277395091569,-43.12943405978483,-18.647385835211473,inflation
2026-03-20,31.868192817539015,63.418733728339646,-31.550540910800635,2.5261605419951003,4.032987620473561,6.126592138658716,26.91691815522862,36.81946747984941,55.51407799221147,71.32338946446782,-43.55866150257172,-19.542420319029553,inflation
2026-03-21,31.868192817539015,63.418733728339646,-31.550540910800635,2.5261605419951,4.032987620473561,6.126592138658716,26.91691815522862,36.81946747984941,55.51407799221147,71.32338946446782,-43.55866150257172,-19.542420319029553,inflation
2026-03-22,31.86819281753902,63.41873372833965,-31.55054091080064,2.5261605419951003,4.032987620473562,6.126592138658717,26.916918155228622,36.819467479849415,55.51407799221147,71.32338946446784,-43.558661502571724,-19.542420319029553,inflation
2026-03-23,31.021626793694043,64.03601091640732,-33.014384122713274,3.0506977305506884,4.060202488196455,6.729895283700997,25.042259241814694,37.00099434557339,56.07801403954227,71.99400779327237,-46.20497887876723,-19.82378936665932,inflation
2026-03-24,31.021626793694047,64.03601091640732,-33.014384122713274,3.0506977305506884,4.060202488196456,6.729895283700997,25.042259241814698,37.000994345573396,56.07801403954227,71.99400779327237,-46.20497887876723,-19.82378936665932,inflation
2026-03-25,30.598293684130706,64.47052781067575,-33.87223412654504,3.119914518621438,4.025001071995536,6.8020162542592715,24.48326122763269,36.71332614062872,56.581525709564495,72.35952991178699,-47.20418598489321,-20.54028226819687,inflation
2026-03-26,30.59829368413071,64.47052781067575,-33.872234126545045,3.1199145186214383,4.025001071995536,6.802016254259272,24.48326122763269,36.71332614062873,56.581525709564495,72.35952991178699,-47.204185984893215,-20.540282268196872,inflation
2026-03-27,30.59829368413071,64.47052781067575,-33.872234126545045,3.1199145186214383,4.025001071995536,6.802016254259272,24.48326122763269,36.71332614062873,56.581525709564495,72.35952991178699,-47.204185984893215,-20.540282268196872,inflation
2026-03-28,30.598293684130706,64.47052781067575,-33.87223412654504,3.119914518621438,4.025001071995536,6.8020162542592715,24.48326122763269,36.71332614062872,56.581525709564495,72.35952991178699,-47.20418598489321,-20.54028226819687,inflation
2026-03-29,30.598293684130706,64.47052781067575,-33.87223412654504,3.119914518621438,4.025001071995536,6.8020162542592715,24.48326122763269,36.71332614062872,56.581525709564495,72.35952991178699,-47.20418598489321,-20.54028226819687,inflation
2026-03-30,30.228455226954722,64.62577313617356,-34.39731790921884,3.094734596174823,3.8001589731609924,6.539586797233206,24.162775418452068,36.29413503545737,57.17746154877802,72.07408472356911,-47.21490803179592,-21.57972778664176,inflation
2026-03-31,30.228455226954722,64.62577313617356,-34.39731790921884,3.0947345961748227,3.800158973160992,6.539586797233206,24.16277541845207,36.29413503545737,57.17746154877802,72.07408472356911,-47.21490803179592,-21.57972778664176,inflation
2026-04-01,30.228455226954722,64.62577313617356,-34.39731790921884,3.094734596174823,3.8001589731609924,6.5395867972332065,24.162775418452068,36.29413503545737,57.17746154877802,72.07408472356911,-47.21490803179593,-21.579727786641758,inflation
2026-04-02,30.228455226954722,64.62577313617356,-34.39731790921884,3.0947345961748227,3.800158973160992,6.539586797233206,24.16277541845207,36.29413503545737,57.17746154877802,72.07408472356911,-47.21490803179592,-21.57972778664176,inflation
2026-04-03,30.11779566441435,64.44985058230051,-34.33205491788616,2.8339726459833163,3.4888428926981097,5.967639706874178,24.563209278287047,35.67238205054165,57.61171851261222,71.28798265198881,-46.02862874335955,-22.635481092412775,inflation
2026-04-04,30.11779566441435,64.4498505823005,-34.332054917886154,2.8339726459833163,3.4888428926981097,5.967639706874178,24.563209278287047,35.67238205054165,57.61171851261221,71.2879826519888,-46.02862874335954,-22.635481092412768,inflation
2026-04-05,30.11779566441435,64.44985058230051,-34.332054917886154,2.8339726459833163,3.4888428926981097,5.967639706874178,24.563209278287047,35.67238205054165,57.61171851261222,71.28798265198881,-46.02862874335954,-22.635481092412768,inflation
2026-04-06,29.722630947686902,64.67760615405956,-34.95497520637266,2.6749180869630402,3.1850091269271803,5.555306765048875,24.479791497239344,34.96547039813446,58.434988265282286,70.92022404283684,-45.84337646586845,-24.066573946876865,inflation
2026-04-07,29.722630947686902,64.67760615405957,-34.954975206372666,2.6749180869630402,3.1850091269271803,5.555306765048875,24.479791497239344,34.96547039813446,58.4349882652823,70.92022404283685,-45.84337646586846,-24.066573946876872,inflation
2026-04-08,29.722630947686902,64.67760615405956,-34.954975206372666,2.6749180869630402,3.1850091269271803,5.555306765048875,24.479791497239344,34.96547039813446,58.434988265282286,70.92022404283684,-45.84337646586846,-24.066573946876872,inflation
2026-04-09,29.722630947686902,64.67760615405956,-34.954975206372666,2.6749180869630402,3.1850091269271803,5.555306765048875,24.479791497239344,34.96547039813446,58.434988265282286,70.92022404283684,-45.84337646586846,-24.066573946876872,inflation
2026-04-10,29.853607819114426,66.12133166387237,-36.26772384475794,2.359550177407696,3.877173517097015,5.5273878133174605,25.22888947139534,34.47832616683351,58.52207157036222,73.72059175738252,-47.10140395886016,-25.434043730655716,inflation
2026-04-11,29.85360781911443,66.12133166387237,-36.26772384475794,2.359550177407696,3.877173517097015,5.5273878133174605,25.228889471395345,34.47832616683351,58.52207157036222,73.72059175738252,-47.10140395886016,-25.434043730655716,inflation
2026-04-12,29.85360781911443,66.12133166387238,-36.267723844757946,2.359550177407696,3.8771735170970154,5.5273878133174605,25.228889471395345,34.47832616683351,58.52207157036223,73.72059175738254,-47.10140395886017,-25.434043730655723,inflation
2026-04-13,29.86872012794918,65.88920928234857,-36.0204891543994,2.1957585082375055,3.655312870412583,5.181082251448782,25.56503345180367,34.17240680409469,58.72479605633991,73.05362250835724,-46.17541036723901,-25.86556794155979,inflation
2026-04-14,29.564659248252006,66.31147291796795,-36.74681366971594,2.381175820829872,3.828327744031184,5.62612781817187,24.897554639425458,34.231763857078555,58.80795053966683,73.81499529626907,-47.77402419333281,-25.719603146099075,inflation
2026-04-15,28.83006468996041,66.96383345739946,-38.13376876743906,2.563900546512562,3.6393298846076556,5.690413408162672,23.804819618795786,33.85530976112503,59.83074688356845,74.09692003123047,-49.286979047437896,-26.98055848744022,inflation
2026-04-16,27.782883134066623,67.76643578384689,-39.98355264978027,2.9212751369571732,3.4878953545802673,5.972586327165818,22.057183865630563,33.50858240250268,60.930160888869565,74.60271067882421,-51.68982185102527,-28.27728344853527,inflation
2026-04-17,27.782883134066623,67.7664357838469,-39.98355264978028,2.9212751369571732,3.4878953545802673,5.972586327165818,22.057183865630563,33.50858240250268,60.93016088886958,74.60271067882422,-51.68982185102528,-28.27728344853528,inflation
2026-04-18,28.25806765153144,66.84063018339221,-38.582562531860766,2.927855119355021,3.919925319420668,6.4653183638437906,22.5194716175956,33.99666368546728,59.1575765573277,74.52368380945671,-51.25458652499459,-25.91053853872694,inflation
2026-04-19,28.060865350180627,67.33683955867302,-39.2759742084924,2.6693423504919878,3.6727512993578273,5.993549138254762,22.82895434321633,33.29277635714492,60.13824701193168,74.53543210541436,-51.023330519471735,-27.528617897513065,inflation
2026-04-20,27.391211612325662,68.14087384466895,-40.74966223234329,2.3297443590322846,3.099099368409436,5.15781894186773,22.824912668622385,31.95751055602894,62.06663908258645,74.21510860675144,-50.85898735840404,-30.640337106282537,inflation
2026-04-21,27.391211612325662,68.14087384466896,-40.74966223234329,2.3297443590322846,3.099099368409436,5.15781894186773,22.824912668622385,31.95751055602894,62.06663908258646,74.21510860675146,-50.85898735840404,-30.640337106282537,inflation
2026-04-22,27.391211612325662,68.14087384466896,-40.74966223234329,2.3297443590322846,3.099099368409436,5.15781894186773,22.824912668622385,31.95751055602894,62.06663908258646,74.21510860675146,-50.85898735840404,-30.640337106282537,inflation
2026-04-23,27.39121161232566,68.14087384466895,-40.74966223234329,2.3297443590322846,3.0990993684094357,5.15781894186773,22.824912668622382,31.957510556028936,62.06663908258645,74.21510860675144,-50.85898735840404,-30.640337106282537,inflation
2026-04-24,27.488089406264198,68.17000002794688,-40.68191062168268,2.1990217387829474,2.89974761447991,4.83082664351413,23.17800679824962,31.798172014278776,62.48649470356626,73.8535053523275,-50.15033084297038,-31.21349040039499,inflation
2026-04-25,27.488089406264198,68.17000002794688,-40.68191062168268,2.1990217387829474,2.8997476144799106,4.83082664351413,23.17800679824962,31.798172014278776,62.48649470356626,73.8535053523275,-50.15033084297038,-31.21349040039499,inflation
2026-04-26,28.14713191891937,66.91351971858185,-38.76638779966248,2.4933245164624673,3.8726682675902824,6.163470597556926,23.260215866652935,33.03404797118581,59.3230899141049,74.50394952305881,-50.84679017087406,-26.685985428450905,inflation
2026-04-27,27.785910478784878,67.14661805242552,-39.360707573640646,2.7542794371898625,3.8938768214766704,6.425910744064127,22.38752278189275,33.18429817567701,59.51461948233125,74.77861662251979,-51.95549263200633,-26.76592251527496,inflation
2026-04-28,28.07413591772937,67.64561452586885,-39.57147860813948,2.645928378208984,4.090981489025596,6.19673042134491,22.88811629643976,33.26015553901898,59.627290807378685,75.66393824435902,-51.717070233975505,-27.425886982303457,inflation
2026-04-29,28.074135917729368,67.64561452586884,-39.57147860813947,2.6459283782089837,4.090981489025596,6.19673042134491,22.88811629643976,33.260155539018974,59.62729080737867,75.663938244359,-51.71707023397549,-27.42588698230345,inflation
2026-04-30,28.074135917729368,67.64561452586884,-39.57147860813947,2.6459283782089837,4.090981489025596,6.19673042134491,22.88811629643976,33.260155539018974,59.62729080737867,75.663938244359,-51.71707023397549,-27.42588698230345,inflation
2026-05-01,28.074135917729368,67.64561452586884,-39.57147860813947,2.645928378208984,4.090981489025596,6.19673042134491,22.888116296439758,33.260155539018974,59.62729080737867,75.663938244359,-51.71707023397549,-27.42588698230345,inflation
2026-05-02,28.07413591772937,67.64561452586885,-39.57147860813948,2.645928378208984,4.090981489025596,6.19673042134491,22.88811629643976,33.26015553901898,59.627290807378685,75.66393824435902,-51.717070233975505,-27.425886982303457,inflation
2026-05-03,28.074135917729368,67.64561452586884,-39.57147860813947,2.6459283782089837,4.090981489025596,6.19673042134491,22.88811629643976,33.260155539018974,59.62729080737867,75.663938244359,-51.71707023397549,-27.42588698230345,inflation
2026-05-04,27.192816059775826,68.2133017272851,-41.02048566750928,2.7102632389382375,3.6800118552618777,5.924523146020939,21.880700111456882,32.50493200809477,61.000478490971815,75.42612496359838,-52.632551033710314,-29.408420301308237,inflation
2026-05-05,27.976528131741702,67.53411169215418,-39.55758356041248,2.7571673081496564,3.2738927784543708,5.617795200160857,22.572480207768375,33.380576055715025,61.11728184638362,73.95094153792475,-50.56846215272776,-28.546704968097202,inflation
2026-05-06,27.9765281317417,67.53411169215418,-39.55758356041248,2.7571673081496564,3.2738927784543708,5.617795200160857,22.572480207768372,33.380576055715025,61.11728184638362,73.95094153792475,-50.56846215272776,-28.546704968097202,inflation
2026-05-07,27.976528131741702,67.53411169215418,-39.55758356041249,2.7571673081496564,3.2738927784543708,5.617795200160857,22.572480207768375,33.380576055715025,61.11728184638362,73.95094153792475,-50.56846215272777,-28.54670496809721,inflation
2026-05-08,27.976528131741706,67.5341116921542,-39.55758356041249,2.7571673081496564,3.2738927784543708,5.617795200160857,22.57248020776838,33.38057605571503,61.117281846383634,73.95094153792476,-50.56846215272777,-28.54670496809721,inflation
2026-05-09,27.9765281317417,67.53411169215418,-39.55758356041248,2.757167308149656,3.2738927784543708,5.617795200160857,22.572480207768372,33.380576055715025,61.11728184638362,73.95094153792475,-50.56846215272776,-28.546704968097202,inflation
2026-05-10,27.976528131741702,67.5341116921542,-39.55758356041249,2.7571673081496564,3.2738927784543708,5.617795200160857,22.572480207768375,33.380576055715025,61.117281846383634,73.95094153792476,-50.56846215272777,-28.54670496809721,inflation
2026-05-11,27.7535936497243,67.9887287791309,-40.2351351294066,2.7107732364096027,3.4598542154227023,5.797938325558331,22.440478106361482,33.06670919308712,61.207414516902396,74.77004304135939,-51.59909424750093,-28.871176011312272,inflation
2026-05-12,27.7535936497243,67.9887287791309,-40.2351351294066,2.7107732364096027,3.4598542154227023,5.79793832555833,22.440478106361482,33.06670919308712,61.207414516902396,74.77004304135939,-51.59909424750093,-28.871176011312272,inflation
2026-05-13,27.7535936497243,67.9887287791309,-40.2351351294066,2.7107732364096027,3.4598542154227023,5.797938325558331,22.440478106361482,33.06670919308712,61.207414516902396,74.77004304135939,-51.59909424750093,-28.871176011312272,inflation
2026-05-14,27.7535936497243,67.9887287791309,-40.2351351294066,2.7107732364096027,3.4598542154227023,5.79793832555833,22.440478106361482,33.06670919308712,61.207414516902396,74.77004304135939,-51.59909424750093,-28.871176011312272,inflation
2026-05-15,27.675210852530565,68.55262243988228,-40.87741158735172,2.2065049507066696,3.8217237774592734,5.6351146946668935,23.35046114914549,31.99996055591564,61.06204383606211,76.04320104370245,-51.92223638889884,-29.83258678580461,inflation
2026-05-16,27.67521085253057,68.5526224398823,-40.87741158735173,2.2065049507066696,3.821723777459274,5.6351146946668935,23.350461149145495,31.999960555915642,61.062043836062124,76.04320104370248,-51.92223638889884,-29.83258678580462,inflation
2026-05-17,27.675210852530565,68.55262243988228,-40.87741158735172,2.2065049507066696,3.8217237774592734,5.6351146946668935,23.35046114914549,31.99996055591564,61.06204383606211,76.04320104370245,-51.92223638889884,-29.83258678580461,inflation
2026-05-18,26.21715670107318,69.82935487566219,-43.61219817458901,3.099159326222495,3.9738941493111364,6.738781850399261,20.142804421677088,32.29150898046927,62.04052234301236,77.61818740831202,-56.820210601371564,-30.40418574780646,inflation
2026-05-19,26.152325121631897,69.90380180775564,-43.75147668612375,3.049618831095366,3.9064593689918397,6.630398293236556,20.17507221268498,32.12957803057881,62.247141444531636,77.56046217097965,-56.7470573408674,-30.755896031380104,inflation
2026-05-20,26.1523251216319,69.90380180775566,-43.75147668612376,3.0496188310953665,3.90645936899184,6.630398293236556,20.17507221268498,32.12957803057882,62.24714144453165,77.56046217097966,-56.74705734086741,-30.75589603138011,inflation
2026-05-21,25.86127979880094,69.97401445207022,-44.112734653269285,2.931604009642244,3.639946677596825,6.237056606990499,20.115335939902142,31.607223657699738,62.839718963980445,77.10830994016,-56.337365602970664,-31.888103703567907,inflation
2026-05-22,25.86127979880094,69.97401445207022,-44.112734653269285,2.931604009642244,3.639946677596825,6.237056606990499,20.115335939902142,31.607223657699738,62.839718963980445,77.10830994016,-56.337365602970664,-31.888103703567907,inflation
2026-05-23,25.86127979880094,69.97401445207022,-44.112734653269285,2.931604009642244,3.639946677596825,6.2370566069905,20.115335939902142,31.607223657699738,62.839718963980445,77.10830994016,-56.337365602970664,-31.888103703567907,inflation
2026-05-24,25.86127979880094,69.97401445207022,-44.112734653269285,2.931604009642244,3.639946677596825,6.237056606990499,20.115335939902142,31.607223657699738,62.839718963980445,77.10830994016,-56.337365602970664,-31.888103703567907,inflation
2026-05-25,25.86127979880094,69.97401445207022,-44.112734653269285,2.931604009642244,3.639946677596825,6.2370566069905,20.115335939902142,31.607223657699738,62.839718963980445,77.10830994016,-56.337365602970664,-31.888103703567907,inflation
2026-05-26,25.1004689526957,70.4994349447687,-45.39896599207299,2.9591974678989637,3.3634983963442027,6.0171778010003365,19.30044191561373,30.900495989777667,63.90697808793406,77.09189180160334,-57.19263448203365,-33.60529750211233,inflation
2026-05-27,25.1004689526957,70.49943494476868,-45.39896599207299,2.9591974678989637,3.3634983963442022,6.0171778010003365,19.30044191561373,30.900495989777667,63.90697808793404,77.09189180160331,-57.19263448203365,-33.60529750211233,inflation
2026-05-28,25.1004689526957,70.4994349447687,-45.39896599207299,2.9591974678989637,3.3634983963442022,6.0171778010003365,19.30044191561373,30.900495989777667,63.90697808793406,77.09189180160332,-57.19263448203365,-33.60529750211233,inflation
2026-05-29,25.100468952695703,70.4994349447687,-45.398965992072995,2.9591974678989637,3.3634983963442027,6.0171778010003365,19.300441915613735,30.90049598977767,63.90697808793406,77.09189180160334,-57.192634482033654,-33.605297502112336,inflation
2026-05-30,25.100468952695703,70.4994349447687,-45.39896599207299,2.9591974678989637,3.3634983963442022,6.0171778010003365,19.300441915613735,30.90049598977767,63.90697808793406,77.09189180160332,-57.19263448203365,-33.60529750211233,inflation
2026-05-31,25.1004689526957,70.49943494476868,-45.39896599207299,2.9591974678989637,3.3634983963442022,6.0171778010003365,19.30044191561373,30.900495989777667,63.90697808793404,77.09189180160331,-57.19263448203365,-33.60529750211233,inflation
2026-06-01,24.59287008784903,71.28129160248042,-46.68842151463139,2.724986920351206,3.255849191589024,5.742801743442555,19.251895723960665,29.933844451737393,64.89982718696594,77.66275601799491,-57.944312931778796,-35.43253009748399,inflation
2026-06-02,24.59287008784903,71.28129160248042,-46.68842151463139,2.724986920351206,3.255849191589024,5.742801743442555,19.251895723960665,29.933844451737393,64.89982718696594,77.66275601799491,-57.944312931778796,-35.43253009748399,inflation
2026-06-03,24.59287008784903,71.28129160248042,-46.68842151463139,2.724986920351206,3.255849191589024,5.742801743442555,19.251895723960665,29.933844451737393,64.89982718696594,77.66275601799491,-57.944312931778796,-35.43253009748399,inflation
2025-01-21,0,0,0,0,0,0,0,0,0,0,0,0,crime
2025-01-22,0,0,0,0,0,0,0,0,0,0,0,0,crime
2025-01-23,0,0,0,0,0,0,0,0,0,0,0,0,crime
2025-01-24,0,0,0,0,0,0,0,0,0,0,0,0,crime
2025-01-25,0,0,0,0,0,0,0,0,0,0,0,0,crime
2025-01-26,0,0,0,0,0,0,0,0,0,0,0,0,crime
2025-01-27,0,0,0,0,0,0,0,0,0,0,0,0,crime
2025-01-28,47.09140331971373,36.81977402799806,10.27162929171567,0,0,0,47.09140331971373,47.09140331971373,36.81977402799806,36.81977402799806,10.27162929171567,10.27162929171567,crime
2025-01-29,47.09140331971373,36.81977402799806,10.27162929171567,0,0,0,47.09140331971373,47.09140331971373,36.81977402799806,36.81977402799806,10.27162929171567,10.27162929171567,crime
2025-01-30,47.09140331971373,36.81977402799806,10.27162929171567,0,0,0,47.09140331971373,47.09140331971373,36.81977402799806,36.81977402799806,10.27162929171567,10.27162929171567,crime
2025-01-31,47.09140331971373,36.81977402799806,10.27162929171567,0,0,0,47.09140331971373,47.09140331971373,36.81977402799806,36.81977402799806,10.27162929171567,10.27162929171567,crime
2025-02-01,47.09140331971373,36.81977402799806,10.27162929171567,0,0,0,47.09140331971373,47.09140331971373,36.81977402799806,36.81977402799806,10.27162929171567,10.27162929171567,crime
2025-02-02,47.09140331971373,36.81977402799806,10.27162929171567,0,0,0,47.09140331971373,47.09140331971373,36.81977402799806,36.81977402799806,10.27162929171567,10.27162929171567,crime
2025-02-03,47.09140331971373,36.81977402799806,10.27162929171567,0,0,0,47.09140331971373,47.09140331971373,36.81977402799806,36.81977402799806,10.27162929171567,10.27162929171567,crime
2025-02-04,47.09140331971373,36.81977402799806,10.27162929171567,0,0,0,47.09140331971373,47.09140331971373,36.81977402799806,36.81977402799806,10.27162929171567,10.27162929171567,crime
2025-02-05,47.09140331971373,36.81977402799806,10.27162929171567,0,0,0,47.09140331971373,47.09140331971373,36.81977402799806,36.81977402799806,10.27162929171567,10.27162929171567,crime
2025-02-06,47.09140331971373,36.81977402799806,10.27162929171567,0,0,0,47.09140331971373,47.09140331971373,36.81977402799806,36.81977402799806,10.27162929171567,10.27162929171567,crime
2025-02-07,47.09140331971372,36.81977402799806,10.27162929171567,7.105427357601002e-15,0,0,47.091403319713706,47.091403319713734,36.81977402799806,36.81977402799806,10.27162929171567,10.27162929171567,crime
2025-02-08,47.09140331971372,36.81977402799806,10.27162929171567,7.105427357601002e-15,0,0,47.091403319713706,47.091403319713734,36.81977402799806,36.81977402799806,10.27162929171567,10.27162929171567,crime
2025-02-09,47.091403319713734,36.81977402799806,10.27162929171567,7.105427357601002e-15,0,0,47.09140331971372,47.09140331971375,36.81977402799806,36.81977402799806,10.27162929171567,10.27162929171567,crime
2025-02-10,47.09140331971372,36.81977402799806,10.27162929171567,7.105427357601002e-15,0,0,47.091403319713706,47.091403319713734,36.81977402799806,36.81977402799806,10.27162929171567,10.27162929171567,crime
2025-02-11,45.53337487949516,39.935830908435186,5.5975439710599755,1.498877146441896,2.997754292883792,4.496631439325688,42.595575672469046,48.47117408652128,34.06023249438295,45.81142932248742,-3.2158536500183725,14.410941592138323,crime
2025-02-12,45.53337487949516,39.935830908435186,5.5975439710599755,1.498877146441896,2.997754292883792,4.496631439325688,42.595575672469046,48.47117408652128,34.06023249438295,45.81142932248742,-3.2158536500183725,14.410941592138323,crime
2025-02-13,45.53337487949517,39.93583090843519,5.597543971059976,1.498877146441896,2.997754292883792,4.496631439325688,42.59557567246905,48.47117408652129,34.06023249438296,45.81142932248743,-3.2158536500183716,14.410941592138325,crime
2025-02-14,45.53337487949516,39.935830908435186,5.5975439710599755,1.498877146441896,2.997754292883792,4.496631439325688,42.595575672469046,48.47117408652128,34.06023249438295,45.81142932248742,-3.2158536500183725,14.410941592138323,crime
2025-02-15,45.53337487949516,39.935830908435186,5.5975439710599755,1.498877146441896,2.997754292883792,4.496631439325688,42.595575672469046,48.47117408652128,34.06023249438295,45.81142932248742,-3.2158536500183725,14.410941592138323,crime
2025-02-16,45.533374879495156,39.935830908435186,5.5975439710599755,1.4988771464418957,2.9977542928837915,4.496631439325687,42.59557567246904,48.47117408652127,34.06023249438296,45.81142932248741,-3.2158536500183708,14.410941592138322,crime
2025-02-17,45.533374879495156,39.935830908435186,5.5975439710599755,1.4988771464418957,2.9977542928837915,4.496631439325687,42.59557567246904,48.47117408652127,34.06023249438296,45.81142932248741,-3.2158536500183708,14.410941592138322,crime
2025-02-18,45.417478595553746,40.03383921261939,5.383639382934357,1.226220934696949,1.6056865145646444,2.7526710880648344,43.014085563547724,47.82087162755977,36.886693644072686,43.180984781166096,-0.01159594967271893,10.778874715541432,crime
2025-02-19,45.417478595553746,40.033839212619384,5.383639382934356,1.226220934696949,1.6056865145646442,2.7526710880648344,43.014085563547724,47.82087162755977,36.88669364407268,43.18098478116609,-0.011595949672719819,10.77887471554143,crime
2025-02-20,45.417478595553746,40.03383921261939,5.383639382934356,1.226220934696949,1.6056865145646442,2.7526710880648344,43.014085563547724,47.82087162755977,36.886693644072686,43.180984781166096,-0.011595949672719819,10.77887471554143,crime
2025-02-21,45.417478595553746,40.03383921261939,5.383639382934356,1.226220934696949,1.6056865145646442,2.7526710880648344,43.014085563547724,47.82087162755977,36.886693644072686,43.180984781166096,-0.011595949672719819,10.77887471554143,crime
2025-02-22,45.417478595553746,40.03383921261939,5.383639382934357,1.226220934696949,1.6056865145646442,2.7526710880648344,43.014085563547724,47.82087162755977,36.886693644072686,43.180984781166096,-0.01159594967271893,10.778874715541432,crime
2025-02-23,45.417478595553746,40.033839212619384,5.383639382934356,1.226220934696949,1.605686514564644,2.7526710880648344,43.014085563547724,47.82087162755977,36.88669364407268,43.18098478116609,-0.011595949672719819,10.77887471554143,crime
2025-02-24,45.417478595553746,40.03383921261939,5.383639382934356,1.226220934696949,1.6056865145646442,2.7526710880648344,43.014085563547724,47.82087162755977,36.886693644072686,43.180984781166096,-0.011595949672719819,10.77887471554143,crime
2025-02-25,45.57760883809629,39.70126045898541,5.87634837911088,1.0585515052392953,1.431287092758146,2.4270349182866875,43.50284788782727,47.652369788365306,36.895937757179446,42.50658316079137,1.1193599392689721,10.633336818952788,crime
2025-02-26,45.57760883809629,39.70126045898541,5.87634837911088,1.0585515052392953,1.431287092758146,2.4270349182866875,43.50284788782727,47.652369788365306,36.895937757179446,42.50658316079137,1.1193599392689721,10.633336818952788,crime
2025-02-27,45.57760883809629,39.70126045898541,5.876348379110879,1.0585515052392953,1.431287092758146,2.4270349182866875,43.50284788782727,47.652369788365306,36.895937757179446,42.50658316079137,1.1193599392689713,10.633336818952786,crime
2025-02-28,45.57760883809629,39.70126045898541,5.87634837911088,1.0585515052392953,1.431287092758146,2.4270349182866875,43.50284788782727,47.652369788365306,36.895937757179446,42.50658316079137,1.1193599392689721,10.633336818952788,crime
2025-03-01,45.57760883809629,39.70126045898541,5.876348379110879,1.0585515052392953,1.431287092758146,2.4270349182866875,43.50284788782727,47.652369788365306,36.895937757179446,42.50658316079137,1.1193599392689713,10.633336818952786,crime
2025-03-02,45.57760883809629,39.70126045898541,5.876348379110879,1.0585515052392953,1.431287092758146,2.4270349182866875,43.50284788782727,47.652369788365306,36.895937757179446,42.50658316079137,1.1193599392689713,10.633336818952786,crime
2025-03-03,45.577608838096296,39.701260458985416,5.876348379110881,1.0585515052392955,1.4312870927581463,2.4270349182866875,43.50284788782728,47.65236978836531,36.89593775717945,42.50658316079138,1.119359939268973,10.633336818952788,crime
2025-03-04,45.01661426090806,39.77551485299814,5.241099407909915,1.0930469281720538,1.1411185932998165,2.0694671080796527,42.87424228169083,47.15898624012528,37.5389224101305,42.01210729586578,1.1849438760737954,9.297254939746034,crime
2025-03-05,45.01661426090806,39.77551485299814,5.241099407909915,1.0930469281720538,1.1411185932998165,2.0694671080796527,42.87424228169083,47.15898624012528,37.5389224101305,42.01210729586578,1.1849438760737954,9.297254939746034,crime
2025-03-06,45.01661426090806,39.77551485299814,5.241099407909915,1.0930469281720538,1.1411185932998165,2.0694671080796527,42.87424228169083,47.15898624012528,37.5389224101305,42.01210729586578,1.1849438760737954,9.297254939746034,crime
2025-03-07,45.01661426090806,39.77551485299814,5.241099407909915,1.0930469281720538,1.1411185932998165,2.0694671080796527,42.87424228169083,47.15898624012528,37.5389224101305,42.01210729586578,1.1849438760737954,9.297254939746034,crime
2025-03-08,45.01661426090806,39.77551485299814,5.241099407909915,1.0930469281720538,1.1411185932998162,2.0694671080796527,42.87424228169083,47.15898624012528,37.5389224101305,42.01210729586578,1.1849438760737954,9.297254939746034,crime
2025-03-09,45.016614260908064,39.77551485299814,5.241099407909915,1.0930469281720538,1.1411185932998165,2.0694671080796527,42.87424228169084,47.15898624012529,37.5389224101305,42.01210729586578,1.1849438760737954,9.297254939746034,crime
2025-03-10,45.01661426090806,39.77551485299814,5.241099407909915,1.0930469281720538,1.1411185932998165,2.0694671080796527,42.87424228169083,47.15898624012528,37.5389224101305,42.01210729586578,1.1849438760737954,9.297254939746034,crime
2025-03-11,44.64511029819173,40.615895683482144,4.029214614709589,0.9531022903200327,1.3302646652728962,2.1567770317231476,42.77702980916447,46.513190787218996,38.00857693954727,43.22321442741702,-0.19806836746778078,8.256497596886959,crime
2025-03-12,44.64511029819174,40.61589568348215,4.0292146147095895,0.9531022903200328,1.3302646652728962,2.1567770317231476,42.777029809164475,46.513190787219,38.008576939547275,43.22321442741703,-0.1980683674677799,8.256497596886959,crime
2025-03-13,44.64511029819173,40.615895683482144,4.029214614709589,0.9531022903200327,1.3302646652728962,2.1567770317231476,42.77702980916447,46.513190787218996,38.00857693954727,43.22321442741702,-0.19806836746778078,8.256497596886959,crime
2025-03-14,44.64511029819174,40.615895683482144,4.0292146147095895,0.9531022903200328,1.3302646652728962,2.1567770317231476,42.777029809164475,46.513190787219,38.00857693954727,43.22321442741702,-0.1980683674677799,8.256497596886959,crime
2025-03-15,44.64511029819174,40.61589568348215,4.0292146147095895,0.9531022903200327,1.3302646652728962,2.1567770317231476,42.777029809164475,46.513190787219,38.008576939547275,43.22321442741703,-0.1980683674677799,8.256497596886959,crime
2025-03-16,44.64511029819174,40.61589568348215,4.0292146147095895,0.9531022903200328,1.3302646652728962,2.1567770317231476,42.777029809164475,46.513190787219,38.008576939547275,43.22321442741703,-0.1980683674677799,8.256497596886959,crime
2025-03-17,44.64511029819173,40.615895683482144,4.029214614709589,0.9531022903200327,1.3302646652728962,2.1567770317231476,42.77702980916447,46.513190787218996,38.00857693954727,43.22321442741702,-0.19806836746778078,8.256497596886959,crime
2025-03-18,45.69760957838916,40.688821280091744,5.008788298297417,1.4029335399507068,1.0117595548008762,1.9639770703801998,42.947859840085776,48.44735931669255,38.70577255268203,42.67187000750146,1.1593932403522254,8.858183356242609,crime
2025-03-19,45.69760957838917,40.68882128009175,5.008788298297418,1.4029335399507068,1.0117595548008764,1.9639770703802,42.94785984008578,48.447359316692555,38.705772552682035,42.67187000750147,1.1593932403522258,8.858183356242609,crime
2025-03-20,45.69760957838917,40.68882128009175,5.008788298297417,1.4029335399507068,1.0117595548008764,1.9639770703802,42.94785984008578,48.447359316692555,38.705772552682035,42.67187000750147,1.159393240352225,8.858183356242609,crime
2025-03-21,45.69760957838917,40.68882128009175,5.008788298297417,1.402933539950707,1.0117595548008764,1.9639770703802,42.94785984008578,48.447359316692555,38.705772552682035,42.67187000750147,1.159393240352225,8.858183356242609,crime
2025-03-22,45.69760957838916,40.688821280091744,5.008788298297417,1.4029335399507068,1.0117595548008762,1.9639770703801998,42.947859840085776,48.44735931669255,38.70577255268203,42.67187000750146,1.1593932403522254,8.858183356242609,crime
2025-03-23,45.69760957838917,40.68882128009175,5.008788298297418,1.402933539950707,1.0117595548008764,1.9639770703802,42.94785984008578,48.447359316692555,38.705772552682035,42.67187000750147,1.1593932403522258,8.858183356242609,crime
2025-03-24,45.69760957838917,40.68882128009175,5.008788298297417,1.4029335399507068,1.0117595548008762,1.9639770703801998,42.94785984008578,48.447359316692555,38.705772552682035,42.67187000750147,1.1593932403522254,8.858183356242609,crime
2025-03-25,45.854433161987885,40.29410173221139,5.5603314297764985,1.0620788791246374,0.872544214627978,1.5997671068447625,43.7727585589036,47.93610776507217,38.58391507154055,42.00428839288222,2.424787900360764,8.695874959192233,crime
2025-03-26,45.854433161987885,40.29410173221139,5.5603314297764985,1.0620788791246374,0.872544214627978,1.5997671068447625,43.7727585589036,47.93610776507217,38.58391507154055,42.00428839288222,2.424787900360764,8.695874959192233,crime
2025-03-27,45.854433161987885,40.29410173221139,5.5603314297764985,1.0620788791246374,0.872544214627978,1.5997671068447628,43.7727585589036,47.93610776507217,38.58391507154055,42.00428839288222,2.4247879003607635,8.695874959192233,crime
2025-03-28,45.854433161987885,40.29410173221139,5.560331429776498,1.0620788791246372,0.872544214627978,1.5997671068447625,43.7727585589036,47.93610776507217,38.58391507154055,42.00428839288222,2.424787900360763,8.695874959192231,crime
2025-03-29,45.854433161987885,40.29410173221139,5.5603314297764985,1.0620788791246372,0.872544214627978,1.5997671068447625,43.7727585589036,47.93610776507217,38.58391507154055,42.00428839288222,2.424787900360764,8.695874959192233,crime
2025-03-30,45.854433161987885,40.29410173221139,5.5603314297764985,1.0620788791246372,0.872544214627978,1.5997671068447625,43.7727585589036,47.93610776507217,38.58391507154055,42.00428839288222,2.424787900360764,8.695874959192233,crime
2025-03-31,45.854433161987885,40.29410173221139,5.5603314297764985,1.0620788791246372,0.872544214627978,1.5997671068447625,43.7727585589036,47.93610776507217,38.58391507154055,42.00428839288222,2.424787900360764,8.695874959192233,crime
2025-04-01,46.414673795149234,41.46466235127781,4.950011443871424,1.0073221193015702,1.4125520731820174,1.345657879739103,44.44032244131816,48.38902514898031,38.69606028784106,44.23326441471456,2.312521999582782,7.587500888160066,crime
2025-04-02,46.414673795149234,41.46466235127781,4.950011443871424,1.0073221193015702,1.4125520731820176,1.3456578797391032,44.44032244131816,48.38902514898031,38.69606028784106,44.23326441471456,2.3125219995827817,7.587500888160067,crime
2025-04-03,46.41467379514923,41.4646623512778,4.950011443871423,1.00732211930157,1.4125520731820174,1.345657879739103,44.44032244131815,48.3890251489803,38.69606028784105,44.233264414714554,2.3125219995827813,7.587500888160065,crime
2025-04-04,46.414673795149234,41.46466235127781,4.950011443871423,1.0073221193015702,1.4125520731820176,1.345657879739103,44.44032244131816,48.38902514898031,38.69606028784106,44.23326441471456,2.3125219995827813,7.587500888160065,crime
2025-04-05,46.41467379514923,41.4646623512778,4.950011443871423,1.0073221193015702,1.4125520731820174,1.345657879739103,44.44032244131815,48.3890251489803,38.69606028784105,44.233264414714554,2.3125219995827813,7.587500888160065,crime
2025-04-06,46.414673795149234,41.46466235127781,4.950011443871424,1.0073221193015702,1.4125520731820176,1.345657879739103,44.44032244131816,48.38902514898031,38.69606028784106,44.23326441471456,2.312521999582782,7.587500888160066,crime
2025-04-07,46.41467379514923,41.4646623512778,4.950011443871423,1.0073221193015702,1.4125520731820174,1.345657879739103,44.44032244131815,48.3890251489803,38.69606028784105,44.233264414714554,2.3125219995827813,7.587500888160065,crime
2025-04-08,45.290584997077694,42.572695280641604,2.7178897164360976,1.3651441767861068,1.570558904319551,2.5390950640233805,42.614902410576924,47.966267583578464,39.49439982817528,45.650990733107925,-2.258736609049728,7.694516041921923,crime
2025-04-09,45.290584997077694,42.5726952806416,2.7178897164360976,1.3651441767861068,1.570558904319551,2.5390950640233805,42.614902410576924,47.966267583578464,39.494399828175276,45.65099073310792,-2.258736609049728,7.694516041921923,crime
2025-04-10,45.2905849970777,42.572695280641604,2.7178897164360976,1.3651441767861068,1.570558904319551,2.5390950640233805,42.61490241057693,47.96626758357847,39.49439982817528,45.650990733107925,-2.258736609049728,7.694516041921923,crime
2025-04-11,45.290584997077694,42.5726952806416,2.7178897164360976,1.3651441767861068,1.570558904319551,2.5390950640233805,42.614902410576924,47.966267583578464,39.494399828175276,45.65099073310792,-2.258736609049728,7.694516041921923,crime
2025-04-12,45.290584997077694,42.5726952806416,2.717889716436097,1.3651441767861066,1.570558904319551,2.53909506402338,42.614902410576924,47.966267583578464,39.494399828175276,45.65099073310792,-2.2587366090497274,7.694516041921922,crime
2025-04-13,45.2905849970777,42.5726952806416,2.7178897164360976,1.3651441767861068,1.570558904319551,2.5390950640233805,42.61490241057693,47.96626758357847,39.494399828175276,45.65099073310792,-2.258736609049728,7.694516041921923,crime
2025-04-14,45.2905849970777,42.572695280641604,2.7178897164360976,1.3651441767861068,1.570558904319551,2.5390950640233805,42.61490241057693,47.96626758357847,39.49439982817528,45.650990733107925,-2.258736609049728,7.694516041921923,crime
2025-04-15,44.74899916027431,42.66245509938666,2.086544060887645,1.1725301614672525,1.173910009153483,2.015189245747197,42.45084004379849,47.047158276750125,40.361591481445835,44.96331871732749,-1.8632268607768614,6.036314982552152,crime
2025-04-16,44.74899916027431,42.66245509938666,2.0865440608876455,1.1725301614672525,1.173910009153483,2.015189245747197,42.45084004379849,47.047158276750125,40.361591481445835,44.96331871732749,-1.863226860776861,6.0363149825521525,crime
2025-04-17,44.74899916027431,42.66245509938666,2.086544060887645,1.1725301614672525,1.1739100091534829,2.015189245747197,42.45084004379849,47.047158276750125,40.361591481445835,44.96331871732749,-1.8632268607768614,6.036314982552152,crime
2025-04-18,44.74899916027431,42.66245509938666,2.0865440608876455,1.1725301614672525,1.1739100091534829,2.015189245747197,42.45084004379849,47.047158276750125,40.361591481445835,44.96331871732749,-1.863226860776861,6.0363149825521525,crime
2025-04-19,44.74899916027431,42.66245509938666,2.086544060887645,1.1725301614672525,1.1739100091534829,2.015189245747197,42.45084004379849,47.047158276750125,40.361591481445835,44.96331871732749,-1.8632268607768614,6.036314982552152,crime
2025-04-20,44.74899916027431,42.66245509938666,2.0865440608876455,1.1725301614672525,1.1739100091534829,2.015189245747197,42.45084004379849,47.047158276750125,40.361591481445835,44.96331871732749,-1.863226860776861,6.0363149825521525,crime
2025-04-21,44.74899916027431,42.66245509938666,2.086544060887645,1.1725301614672525,1.1739100091534829,2.015189245747197,42.45084004379849,47.047158276750125,40.361591481445835,44.96331871732749,-1.8632268607768614,6.036314982552152,crime
2025-04-22,43.96777136211843,44.64053399795762,-0.6727626358391967,1.1987502875645795,2.259471317174299,3.2785589227346876,41.61822079849185,46.317321925745006,40.211970216295995,49.06909777961924,-7.098738124399184,5.75321285272079,crime
2025-04-23,43.96777136211843,44.64053399795762,-0.6727626358391966,1.1987502875645795,2.259471317174299,3.278558922734688,41.61822079849185,46.317321925745006,40.211970216295995,49.06909777961924,-7.098738124399185,5.753212852720791,crime
2025-04-24,43.96777136211843,44.640533997957625,-0.6727626358391967,1.1987502875645795,2.259471317174299,3.2785589227346876,41.61822079849185,46.317321925745006,40.211970216296,49.06909777961925,-7.098738124399184,5.75321285272079,crime
2025-04-25,43.96777136211843,44.640533997957625,-0.6727626358391967,1.1987502875645795,2.259471317174299,3.2785589227346876,41.61822079849185,46.317321925745006,40.211970216296,49.06909777961925,-7.098738124399184,5.75321285272079,crime
2025-04-26,43.96777136211843,44.64053399795762,-0.6727626358391968,1.1987502875645792,2.2594713171742984,3.2785589227346876,41.61822079849185,46.317321925745006,40.211970216295995,49.06909777961924,-7.098738124399184,5.75321285272079,crime
2025-04-27,43.96777136211843,44.64053399795762,-0.6727626358391967,1.1987502875645795,2.259471317174299,3.2785589227346876,41.61822079849185,46.317321925745006,40.211970216295995,49.06909777961924,-7.098738124399184,5.75321285272079,crime
2025-04-28,43.96777136211843,44.64053399795762,-0.6727626358391968,1.1987502875645792,2.259471317174299,3.2785589227346876,41.61822079849185,46.317321925745006,40.211970216295995,49.06909777961924,-7.098738124399184,5.75321285272079,crime
2025-04-29,43.96777136211843,44.640533997957625,-0.6727626358391969,1.1987502875645795,2.259471317174299,3.2785589227346876,41.61822079849185,46.317321925745006,40.211970216296,49.06909777961925,-7.098738124399184,5.75321285272079,crime
2025-04-30,43.96777136211843,44.640533997957625,-0.6727626358391967,1.1987502875645792,2.259471317174299,3.2785589227346876,41.61822079849185,46.317321925745006,40.211970216296,49.06909777961925,-7.098738124399184,5.75321285272079,crime
2025-05-01,43.96777136211843,44.640533997957625,-0.672762635839197,1.1987502875645795,2.259471317174299,3.2785589227346876,41.61822079849185,46.317321925745006,40.211970216296,49.06909777961925,-7.098738124399184,5.75321285272079,crime
2025-05-02,43.96777136211843,44.64053399795762,-0.6727626358391968,1.1987502875645792,2.259471317174299,3.2785589227346876,41.61822079849185,46.317321925745006,40.211970216295995,49.06909777961924,-7.098738124399184,5.75321285272079,crime
2025-05-03,43.96777136211843,44.640533997957625,-0.6727626358391969,1.1987502875645795,2.259471317174299,3.2785589227346876,41.61822079849185,46.317321925745006,40.211970216296,49.06909777961925,-7.098738124399184,5.75321285272079,crime
2025-05-04,43.96777136211843,44.640533997957625,-0.6727626358391967,1.1987502875645795,2.259471317174299,3.2785589227346876,41.61822079849185,46.317321925745006,40.211970216296,49.06909777961925,-7.098738124399184,5.75321285272079,crime
2025-05-05,44.05920383433214,44.08061852466812,-0.021414690335980837,0.7142353890023677,1.3813407483629967,1.980224150989851,42.6593024718875,45.459105196776775,41.37319065787665,46.78804639145959,-3.902654026276089,3.859824645604127,crime
2025-05-06,44.05920383433214,44.08061852466812,-0.021414690335980827,0.7142353890023677,1.3813407483629967,1.980224150989851,42.6593024718875,45.459105196776775,41.37319065787665,46.78804639145959,-3.902654026276089,3.859824645604127,crime
2025-05-07,44.05920383433214,44.08061852466812,-0.021414690335980868,0.7142353890023677,1.3813407483629967,1.980224150989851,42.6593024718875,45.459105196776775,41.37319065787665,46.78804639145959,-3.902654026276089,3.859824645604127,crime
2025-05-08,44.05920383433214,44.08061852466812,-0.021414690335980934,0.7142353890023677,1.381340748362997,1.9802241509898513,42.6593024718875,45.459105196776775,41.37319065787664,46.788046391459595,-3.9026540262760894,3.8598246456041276,crime
2025-05-09,44.05920383433214,44.080618524668125,-0.02141469033598091,0.7142353890023677,1.381340748362997,1.9802241509898513,42.6593024718875,45.459105196776775,41.37319065787665,46.7880463914596,-3.9026540262760894,3.8598246456041276,crime
2025-05-10,44.05920383433214,44.08061852466812,-0.021414690335981024,0.7142353890023677,1.381340748362997,1.9802241509898513,42.6593024718875,45.459105196776775,41.37319065787664,46.788046391459595,-3.9026540262760894,3.8598246456041276,crime
2025-05-11,44.05920383433214,44.08061852466812,-0.021414690335980934,0.7142353890023677,1.381340748362997,1.9802241509898513,42.6593024718875,45.459105196776775,41.37319065787664,46.788046391459595,-3.9026540262760894,3.8598246456041276,crime
2025-05-12,46.33943875087824,42.80470526034945,3.5347334905287857,2.0561336024361005,1.4659673418783115,3.4004269087208243,42.30941689010348,50.369460611653,39.93140927026796,45.67800125043094,-3.13010325056403,10.199570231621601,crime
2025-05-13,46.33943875087824,42.80470526034945,3.5347334905287866,2.0561336024361005,1.4659673418783117,3.4004269087208248,42.30941689010348,50.369460611653,39.93140927026796,45.67800125043094,-3.13010325056403,10.199570231621603,crime
2025-05-14,46.33943875087824,42.80470526034945,3.5347334905287866,2.0561336024361005,1.4659673418783115,3.4004269087208248,42.30941689010348,50.369460611653,39.93140927026796,45.67800125043094,-3.13010325056403,10.199570231621603,crime
2025-05-15,46.33943875087824,42.80470526034945,3.5347334905287866,2.0561336024361005,1.4659673418783115,3.4004269087208248,42.30941689010348,50.369460611653,39.93140927026796,45.67800125043094,-3.13010325056403,10.199570231621603,crime
2025-05-16,46.339438750878244,42.80470526034946,3.534733490528787,2.0561336024361005,1.4659673418783115,3.4004269087208248,42.309416890103485,50.369460611653004,39.93140927026797,45.678001250430945,-3.1301032505640296,10.199570231621603,crime
2025-05-17,46.33943875087824,42.80470526034945,3.5347334905287866,2.0561336024361005,1.4659673418783115,3.4004269087208248,42.30941689010348,50.369460611653,39.93140927026796,45.67800125043094,-3.13010325056403,10.199570231621603,crime
2025-05-18,46.33943875087824,42.80470526034945,3.5347334905287866,2.0561336024361005,1.4659673418783115,3.4004269087208248,42.30941689010348,50.369460611653,39.93140927026796,45.67800125043094,-3.13010325056403,10.199570231621603,crime
2025-05-19,45.701824729621364,42.359373004928905,3.3424517246924577,1.6059556465823912,1.199082725694852,2.4865633345212586,42.554151662319875,48.849497796922854,40.009170862567,44.70957514729081,-1.531212410969209,8.216115860354124,crime
2025-05-20,45.701824729621364,42.359373004928905,3.3424517246924577,1.6059556465823912,1.199082725694852,2.4865633345212586,42.554151662319875,48.849497796922854,40.009170862567,44.70957514729081,-1.531212410969209,8.216115860354124,crime
2025-05-21,45.701824729621364,42.359373004928905,3.3424517246924577,1.6059556465823912,1.1990827256948517,2.4865633345212586,42.554151662319875,48.849497796922854,40.009170862567,44.70957514729081,-1.531212410969209,8.216115860354124,crime
2025-05-22,45.701824729621364,42.359373004928905,3.3424517246924577,1.6059556465823912,1.199082725694852,2.4865633345212586,42.554151662319875,48.849497796922854,40.009170862567,44.70957514729081,-1.531212410969209,8.216115860354124,crime
2025-05-23,45.701824729621364,42.35937300492891,3.342451724692458,1.6059556465823912,1.1990827256948517,2.4865633345212586,42.554151662319875,48.849497796922854,40.009170862567004,44.70957514729082,-1.5312124109692085,8.216115860354124,crime
2025-05-24,45.701824729621364,42.35937300492891,3.342451724692458,1.6059556465823912,1.199082725694852,2.4865633345212586,42.554151662319875,48.849497796922854,40.009170862567004,44.70957514729082,-1.5312124109692085,8.216115860354124,crime
2025-05-25,45.701824729621364,42.359373004928905,3.3424517246924577,1.6059556465823912,1.199082725694852,2.4865633345212586,42.554151662319875,48.849497796922854,40.009170862567,44.70957514729081,-1.531212410969209,8.216115860354124,crime
2025-05-26,45.70182472962136,42.3593730049289,3.342451724692457,1.6059556465823912,1.1990827256948517,2.4865633345212586,42.55415166231987,48.84949779692285,40.00917086256699,44.709575147290806,-1.5312124109692093,8.216115860354124,crime
2025-05-27,45.701824729621364,42.359373004928905,3.3424517246924577,1.6059556465823912,1.1990827256948517,2.4865633345212586,42.554151662319875,48.849497796922854,40.009170862567,44.70957514729081,-1.531212410969209,8.216115860354124,crime
2025-05-28,45.70182472962136,42.3593730049289,3.342451724692457,1.6059556465823912,1.1990827256948517,2.4865633345212586,42.55415166231987,48.84949779692285,40.00917086256699,44.709575147290806,-1.5312124109692093,8.216115860354124,crime
2025-05-29,45.701824729621364,42.359373004928905,3.3424517246924577,1.6059556465823912,1.1990827256948517,2.4865633345212586,42.554151662319875,48.849497796922854,40.009170862567,44.70957514729081,-1.531212410969209,8.216115860354124,crime
2025-05-30,45.70182472962136,42.3593730049289,3.342451724692457,1.6059556465823912,1.199082725694852,2.4865633345212586,42.55415166231987,48.84949779692285,40.00917086256699,44.709575147290806,-1.5312124109692093,8.216115860354124,crime
2025-05-31,45.701824729621364,42.359373004928905,3.3424517246924577,1.6059556465823912,1.1990827256948517,2.4865633345212586,42.554151662319875,48.849497796922854,40.009170862567,44.70957514729081,-1.531212410969209,8.216115860354124,crime
2025-06-01,45.701824729621364,42.359373004928905,3.3424517246924577,1.6059556465823912,1.199082725694852,2.4865633345212586,42.554151662319875,48.849497796922854,40.009170862567,44.70957514729081,-1.531212410969209,8.216115860354124,crime
2025-06-02,45.701824729621364,42.359373004928905,3.3424517246924577,1.6059556465823912,1.199082725694852,2.4865633345212586,42.554151662319875,48.849497796922854,40.009170862567,44.70957514729081,-1.531212410969209,8.216115860354124,crime
2025-06-03,45.701824729621364,42.359373004928905,3.3424517246924577,1.6059556465823912,1.199082725694852,2.4865633345212586,42.554151662319875,48.849497796922854,40.009170862567,44.70957514729081,-1.531212410969209,8.216115860354124,crime
2025-06-04,45.70182472962136,42.359373004928905,3.342451724692457,1.6059556465823912,1.199082725694852,2.486563334521259,42.55415166231987,48.84949779692285,40.009170862567,44.70957514729081,-1.5312124109692102,8.216115860354124,crime
2025-06-05,45.70182472962136,42.3593730049289,3.342451724692457,1.6059556465823912,1.1990827256948517,2.4865633345212586,42.55415166231987,48.84949779692285,40.00917086256699,44.709575147290806,-1.5312124109692093,8.216115860354124,crime
2025-06-06,45.701824729621364,42.359373004928905,3.3424517246924577,1.6059556465823912,1.199082725694852,2.4865633345212586,42.554151662319875,48.849497796922854,40.009170862567,44.70957514729081,-1.531212410969209,8.216115860354124,crime
2025-06-07,45.70182472962136,42.3593730049289,3.342451724692457,1.6059556465823912,1.1990827256948517,2.4865633345212586,42.55415166231987,48.84949779692285,40.00917086256699,44.709575147290806,-1.5312124109692093,8.216115860354124,crime
2025-06-08,45.701824729621364,42.359373004928905,3.342451724692458,1.6059556465823912,1.199082725694852,2.4865633345212586,42.554151662319875,48.849497796922854,40.009170862567,44.70957514729081,-1.5312124109692085,8.216115860354124,crime
2025-06-09,45.701824729621364,42.359373004928905,3.3424517246924577,1.6059556465823912,1.1990827256948517,2.4865633345212586,42.554151662319875,48.849497796922854,40.009170862567,44.70957514729081,-1.531212410969209,8.216115860354124,crime
2025-06-10,45.701824729621364,42.359373004928905,3.3424517246924577,1.6059556465823912,1.199082725694852,2.4865633345212586,42.554151662319875,48.849497796922854,40.009170862567,44.70957514729081,-1.531212410969209,8.216115860354124,crime
2025-06-11,45.701824729621364,42.359373004928905,3.3424517246924577,1.6059556465823912,1.199082725694852,2.4865633345212586,42.554151662319875,48.849497796922854,40.009170862567,44.70957514729081,-1.531212410969209,8.216115860354124,crime
2025-06-12,45.701824729621364,42.359373004928905,3.342451724692457,1.6059556465823912,1.199082725694852,2.486563334521259,42.554151662319875,48.849497796922854,40.009170862567,44.70957514729081,-1.5312124109692102,8.216115860354124,crime
2025-06-13,45.701824729621364,42.359373004928905,3.3424517246924577,1.6059556465823912,1.199082725694852,2.4865633345212586,42.554151662319875,48.849497796922854,40.009170862567,44.70957514729081,-1.531212410969209,8.216115860354124,crime
2025-06-14,45.70182472962136,42.359373004928905,3.342451724692457,1.6059556465823912,1.199082725694852,2.486563334521259,42.55415166231987,48.84949779692285,40.009170862567,44.70957514729081,-1.5312124109692102,8.216115860354124,crime
2025-06-15,45.70182472962136,42.3593730049289,3.342451724692457,1.6059556465823912,1.1990827256948517,2.4865633345212586,42.55415166231987,48.84949779692285,40.00917086256699,44.709575147290806,-1.5312124109692093,8.216115860354124,crime
2025-06-16,43.39284875863433,46.303324741392274,-2.9104759827579434,0.9957539707134254,1.4833285777895413,2.4119262131341705,41.44117097603601,45.344526541232646,43.396000728924776,49.21064875385977,-7.6378513605009175,1.8168993949850307,crime
2025-06-17,43.39284875863433,46.303324741392274,-2.9104759827579434,0.9957539707134255,1.4833285777895413,2.4119262131341705,41.44117097603601,45.344526541232646,43.396000728924776,49.21064875385977,-7.6378513605009175,1.8168993949850307,crime
2025-06-18,43.39284875863434,46.30332474139228,-2.910475982757944,0.9957539707134255,1.4833285777895413,2.4119262131341705,41.44117097603602,45.34452654123265,43.39600072892478,49.21064875385978,-7.6378513605009175,1.8168993949850303,crime
2025-06-19,43.39284875863433,46.303324741392274,-2.9104759827579434,0.9957539707134256,1.4833285777895413,2.4119262131341705,41.44117097603601,45.344526541232646,43.396000728924776,49.21064875385977,-7.6378513605009175,1.8168993949850307,crime
2025-06-20,43.39284875863434,46.30332474139228,-2.910475982757944,0.9957539707134255,1.4833285777895413,2.4119262131341705,41.44117097603602,45.34452654123265,43.39600072892478,49.21064875385978,-7.6378513605009175,1.8168993949850303,crime
2025-06-21,43.39284875863433,46.303324741392274,-2.9104759827579434,0.9957539707134256,1.4833285777895413,2.4119262131341705,41.44117097603601,45.344526541232646,43.396000728924776,49.21064875385977,-7.6378513605009175,1.8168993949850307,crime
2025-06-22,43.39284875863433,46.303324741392274,-2.9104759827579434,0.9957539707134255,1.4833285777895413,2.4119262131341705,41.44117097603601,45.344526541232646,43.396000728924776,49.21064875385977,-7.6378513605009175,1.8168993949850307,crime
2025-06-23,43.39284875863434,46.30332474139228,-2.910475982757944,0.9957539707134256,1.4833285777895413,2.4119262131341705,41.44117097603602,45.34452654123265,43.39600072892478,49.21064875385978,-7.6378513605009175,1.8168993949850303,crime
2025-06-24,43.39284875863434,46.30332474139228,-2.910475982757944,0.9957539707134255,1.4833285777895413,2.4119262131341705,41.44117097603602,45.34452654123265,43.39600072892478,49.21064875385978,-7.6378513605009175,1.8168993949850303,crime
2025-06-25,43.39284875863434,46.30332474139228,-2.910475982757944,0.9957539707134256,1.4833285777895413,2.4119262131341705,41.44117097603602,45.34452654123265,43.39600072892478,49.21064875385978,-7.6378513605009175,1.8168993949850303,crime
2025-06-26,43.39284875863434,46.30332474139228,-2.910475982757944,0.9957539707134255,1.4833285777895413,2.4119262131341705,41.44117097603602,45.34452654123265,43.39600072892478,49.21064875385978,-7.6378513605009175,1.8168993949850303,crime
2025-06-27,43.39284875863434,46.30332474139228,-2.910475982757944,0.9957539707134255,1.4833285777895413,2.4119262131341705,41.44117097603602,45.34452654123265,43.39600072892478,49.21064875385978,-7.6378513605009175,1.8168993949850303,crime
2025-06-28,43.39284875863434,46.30332474139228,-2.910475982757944,0.9957539707134255,1.4833285777895413,2.4119262131341705,41.44117097603602,45.34452654123265,43.39600072892478,49.21064875385978,-7.6378513605009175,1.8168993949850303,crime
2025-06-29,43.39284875863434,46.30332474139228,-2.910475982757944,0.9957539707134254,1.4833285777895413,2.4119262131341705,41.44117097603602,45.34452654123265,43.39600072892478,49.21064875385978,-7.6378513605009175,1.8168993949850303,crime
2025-06-30,43.39284875863434,46.30332474139228,-2.910475982757944,0.9957539707134256,1.4833285777895413,2.411926213134171,41.44117097603602,45.34452654123265,43.39600072892478,49.21064875385978,-7.637851360500919,1.8168993949850312,crime
2025-07-01,43.39284875863434,46.30332474139228,-2.910475982757944,0.9957539707134255,1.4833285777895413,2.4119262131341705,41.44117097603602,45.34452654123265,43.39600072892478,49.21064875385978,-7.6378513605009175,1.8168993949850303,crime
2025-07-02,43.39284875863434,46.30332474139228,-2.910475982757944,0.9957539707134256,1.4833285777895413,2.411926213134171,41.44117097603602,45.34452654123265,43.39600072892478,49.21064875385978,-7.637851360500919,1.8168993949850312,crime
2025-07-03,43.39284875863434,46.30332474139228,-2.910475982757944,0.9957539707134254,1.4833285777895413,2.41192621313417,41.44117097603602,45.34452654123265,43.39600072892478,49.21064875385978,-7.6378513605009175,1.8168993949850294,crime
2025-07-04,43.39284875863433,46.303324741392274,-2.9104759827579434,0.9957539707134256,1.4833285777895413,2.4119262131341705,41.44117097603601,45.344526541232646,43.396000728924776,49.21064875385977,-7.6378513605009175,1.8168993949850307,crime
2025-07-05,43.39284875863434,46.30332474139228,-2.910475982757944,0.9957539707134254,1.4833285777895413,2.4119262131341705,41.44117097603602,45.34452654123265,43.39600072892478,49.21064875385978,-7.6378513605009175,1.8168993949850303,crime
2025-07-06,43.39284875863433,46.303324741392274,-2.9104759827579434,0.9957539707134256,1.4833285777895413,2.4119262131341705,41.44117097603601,45.344526541232646,43.396000728924776,49.21064875385977,-7.6378513605009175,1.8168993949850307,crime
2025-07-07,43.39284875863434,46.30332474139228,-2.910475982757944,0.9957539707134255,1.4833285777895413,2.4119262131341705,41.44117097603602,45.34452654123265,43.39600072892478,49.21064875385978,-7.6378513605009175,1.8168993949850303,crime
2025-07-08,43.39284875863433,46.303324741392274,-2.9104759827579434,0.9957539707134255,1.483328577789541,2.41192621313417,41.44117097603601,45.344526541232646,43.396000728924776,49.21064875385977,-7.637851360500917,1.8168993949850298,crime
2025-07-09,43.39284875863433,46.303324741392274,-2.9104759827579434,0.9957539707134255,1.4833285777895413,2.4119262131341705,41.44117097603601,45.344526541232646,43.396000728924776,49.21064875385977,-7.6378513605009175,1.8168993949850307,crime
2025-07-10,43.39284875863434,46.30332474139228,-2.910475982757944,0.9957539707134256,1.4833285777895413,2.411926213134171,41.44117097603602,45.34452654123265,43.39600072892478,49.21064875385978,-7.637851360500919,1.8168993949850312,crime
2025-07-11,43.39284875863434,46.30332474139228,-2.910475982757944,0.9957539707134256,1.4833285777895415,2.411926213134171,41.44117097603602,45.34452654123265,43.39600072892478,49.21064875385978,-7.637851360500919,1.8168993949850312,crime
2025-07-12,43.39284875863433,46.303324741392274,-2.9104759827579434,0.9957539707134256,1.4833285777895413,2.411926213134171,41.44117097603601,45.344526541232646,43.396000728924776,49.21064875385977,-7.637851360500918,1.8168993949850316,crime
2025-07-13,40.36441998790561,47.68723391274599,-7.322813924840374,0.9707095009014557,0.6422993848602528,1.5589091369903567,38.46182936613876,42.26701060967247,46.428327118419894,48.94614070707208,-10.378275833341473,-4.2673520163392755,crime
2025-07-14,41.66149853195609,47.26807708623658,-5.6065785542804925,1.542621349616431,0.6709386260574398,2.155821076863543,38.637960686707885,44.6850363772043,45.953037379164,48.58311679330916,-9.831987864933037,-1.381169243627948,crime
2025-07-15,41.66149853195609,47.26807708623659,-5.6065785542804925,1.542621349616431,0.6709386260574399,2.155821076863543,38.637960686707885,44.6850363772043,45.953037379164,48.58311679330917,-9.831987864933037,-1.381169243627948,crime
2025-07-16,42.83008746573928,46.61830997077753,-3.7882225050382496,2.025320336428451,1.0402705012965818,3.034120756696172,38.86045960633952,46.79971532513905,44.57937978823623,48.65724015331883,-9.735099188162746,2.1586541780862474,crime
2025-07-17,42.83008746573928,46.61830997077753,-3.788222505038249,2.025320336428451,1.0402705012965818,3.034120756696172,38.86045960633952,46.79971532513905,44.57937978823623,48.65724015331883,-9.735099188162746,2.158654178086248,crime
2025-07-18,42.83008746573928,46.61830997077753,-3.7882225050382496,2.025320336428451,1.0402705012965818,3.034120756696172,38.86045960633952,46.79971532513905,44.57937978823623,48.65724015331883,-9.735099188162746,2.1586541780862474,crime
2025-07-19,42.83008746573929,46.61830997077754,-3.7882225050382496,2.025320336428451,1.0402705012965818,3.034120756696172,38.860459606339525,46.799715325139054,44.57937978823624,48.65724015331884,-9.735099188162746,2.1586541780862474,crime
2025-07-20,42.83008746573928,46.61830997077753,-3.788222505038249,2.025320336428451,1.0402705012965818,3.034120756696172,38.86045960633952,46.79971532513905,44.57937978823623,48.65724015331883,-9.735099188162746,2.158654178086248,crime
2025-07-21,42.83008746573928,46.61830997077753,-3.788222505038249,2.025320336428451,1.0402705012965818,3.034120756696172,38.86045960633952,46.79971532513905,44.57937978823623,48.65724015331883,-9.735099188162746,2.158654178086248,crime
2025-07-22,42.83008746573929,46.61830997077754,-3.78822250503825,2.025320336428451,1.0402705012965818,3.0341207566961725,38.860459606339525,46.799715325139054,44.57937978823624,48.65724015331884,-9.735099188162748,2.158654178086248,crime
2025-07-23,42.83008746573928,46.61830997077753,-3.788222505038249,2.025320336428451,1.0402705012965818,3.034120756696172,38.86045960633952,46.79971532513905,44.57937978823623,48.65724015331883,-9.735099188162746,2.158654178086248,crime
2025-07-24,42.83008746573928,46.61830997077753,-3.7882225050382496,2.025320336428451,1.0402705012965816,3.034120756696172,38.86045960633952,46.79971532513905,44.57937978823623,48.65724015331883,-9.735099188162746,2.1586541780862474,crime
2025-07-25,42.83008746573928,46.61830997077753,-3.7882225050382496,2.025320336428451,1.0402705012965818,3.034120756696172,38.86045960633952,46.79971532513905,44.57937978823623,48.65724015331883,-9.735099188162746,2.1586541780862474,crime
2025-07-26,42.83008746573929,46.61830997077754,-3.7882225050382496,2.025320336428451,1.0402705012965818,3.0341207566961725,38.860459606339525,46.799715325139054,44.57937978823624,48.65724015331884,-9.735099188162748,2.1586541780862483,crime
2025-07-27,42.83008746573928,46.61830997077753,-3.7882225050382496,2.025320336428451,1.0402705012965818,3.034120756696172,38.86045960633952,46.79971532513905,44.57937978823623,48.65724015331883,-9.735099188162746,2.1586541780862474,crime
2025-07-28,42.83008746573928,46.61830997077753,-3.7882225050382496,2.025320336428451,1.0402705012965818,3.034120756696172,38.86045960633952,46.79971532513905,44.57937978823623,48.65724015331883,-9.735099188162746,2.1586541780862474,crime
2025-07-29,42.83008746573928,46.61830997077753,-3.788222505038249,2.025320336428451,1.0402705012965818,3.034120756696172,38.86045960633952,46.79971532513905,44.57937978823623,48.65724015331883,-9.735099188162746,2.158654178086248,crime
2025-07-30,42.830087465739275,46.61830997077753,-3.788222505038249,2.025320336428451,1.0402705012965816,3.034120756696172,38.86045960633951,46.79971532513904,44.57937978823623,48.65724015331883,-9.735099188162746,2.158654178086248,crime
2025-07-31,42.83008746573929,46.61830997077754,-3.7882225050382496,2.025320336428451,1.0402705012965818,3.034120756696172,38.860459606339525,46.799715325139054,44.57937978823624,48.65724015331884,-9.735099188162746,2.1586541780862474,crime
2025-08-01,42.83008746573928,46.61830997077753,-3.788222505038249,2.025320336428451,1.0402705012965818,3.034120756696172,38.86045960633952,46.79971532513905,44.57937978823623,48.65724015331883,-9.735099188162746,2.158654178086248,crime
2025-08-02,42.83008746573928,46.61830997077753,-3.7882225050382496,2.025320336428451,1.0402705012965818,3.034120756696172,38.86045960633952,46.79971532513905,44.57937978823623,48.65724015331883,-9.735099188162746,2.1586541780862474,crime
2025-08-03,42.83008746573928,46.61830997077753,-3.7882225050382496,2.025320336428451,1.0402705012965818,3.034120756696172,38.86045960633952,46.79971532513905,44.57937978823623,48.65724015331883,-9.735099188162746,2.1586541780862474,crime
2025-08-04,42.830087465739275,46.61830997077753,-3.788222505038249,2.025320336428451,1.0402705012965816,3.034120756696172,38.86045960633951,46.79971532513904,44.57937978823623,48.65724015331883,-9.735099188162746,2.158654178086248,crime
2025-08-05,42.83008746573928,46.61830997077753,-3.7882225050382496,2.025320336428451,1.0402705012965818,3.034120756696172,38.86045960633952,46.79971532513905,44.57937978823623,48.65724015331883,-9.735099188162746,2.1586541780862474,crime
2025-08-06,42.83008746573928,46.61830997077753,-3.7882225050382496,2.025320336428451,1.0402705012965818,3.034120756696172,38.86045960633952,46.79971532513905,44.57937978823623,48.65724015331883,-9.735099188162746,2.1586541780862474,crime
2025-08-07,42.83008746573928,46.61830997077753,-3.7882225050382496,2.025320336428451,1.0402705012965818,3.034120756696172,38.86045960633952,46.79971532513905,44.57937978823623,48.65724015331883,-9.735099188162746,2.1586541780862474,crime
2025-08-08,42.83008746573929,46.61830997077754,-3.7882225050382496,2.025320336428451,1.0402705012965818,3.0341207566961725,38.860459606339525,46.799715325139054,44.57937978823624,48.65724015331884,-9.735099188162748,2.1586541780862483,crime
2025-08-09,42.83008746573928,46.61830997077753,-3.788222505038249,2.025320336428451,1.0402705012965818,3.034120756696172,38.86045960633952,46.79971532513905,44.57937978823623,48.65724015331883,-9.735099188162746,2.158654178086248,crime
2025-08-10,41.10414090091236,51.71729837329705,-10.613157472384684,1.1530390408363633,2.368731701982575,3.36252595302078,38.84418438087309,43.36409742095164,47.0745842374112,56.360012509182894,-17.20370834030541,-4.022606604463955,crime
2025-08-11,42.263999205326186,49.07983170602717,-6.8158325007009894,1.7128433277694086,3.854962095608697,5.5140903435464095,38.906826282898145,45.62117212775423,41.52410599863413,56.635557413420216,-17.623449574051953,3.9917845726499737,crime
2025-08-12,42.263999205326186,49.07983170602717,-6.8158325007009894,1.7128433277694086,3.854962095608697,5.5140903435464095,38.906826282898145,45.62117212775423,41.52410599863413,56.635557413420216,-17.623449574051953,3.9917845726499737,crime
2025-08-13,42.263999205326186,49.07983170602718,-6.8158325007009894,1.7128433277694086,3.854962095608697,5.51409034354641,38.906826282898145,45.62117212775423,41.524105998634134,56.63555741342022,-17.623449574051953,3.9917845726499754,crime
2025-08-14,42.263999205326186,49.07983170602717,-6.8158325007009894,1.7128433277694086,3.854962095608697,5.5140903435464095,38.906826282898145,45.62117212775423,41.52410599863413,56.635557413420216,-17.623449574051953,3.9917845726499737,crime
2025-08-15,42.263999205326186,49.07983170602718,-6.8158325007009894,1.7128433277694086,3.854962095608697,5.51409034354641,38.906826282898145,45.62117212775423,41.524105998634134,56.63555741342022,-17.623449574051953,3.9917845726499754,crime
2025-08-16,42.263999205326186,49.07983170602718,-6.8158325007009894,1.7128433277694086,3.854962095608697,5.51409034354641,38.906826282898145,45.62117212775423,41.524105998634134,56.63555741342022,-17.623449574051953,3.9917845726499754,crime
2025-08-17,42.26399920532618,49.079831706027164,-6.815832500700988,1.7128433277694084,3.854962095608697,5.5140903435464095,38.90682628289814,45.62117212775422,41.52410599863412,56.63555741342021,-17.62344957405195,3.9917845726499754,crime
2025-08-18,42.263999205326186,49.07983170602718,-6.8158325007009894,1.7128433277694086,3.854962095608697,5.5140903435464095,38.906826282898145,45.62117212775423,41.524105998634134,56.63555741342022,-17.623449574051953,3.9917845726499737,crime
2025-08-19,43.17804780459896,47.857986154258825,-4.679938349659864,1.906962328112402,3.5943102783395413,5.427720018608487,39.44040164149865,46.91569396769927,40.813138008713324,54.902834299804326,-15.318269586132498,5.958392886812771,crime
2025-08-20,43.17804780459896,47.857986154258825,-4.679938349659864,1.906962328112402,3.5943102783395413,5.427720018608487,39.44040164149865,46.91569396769927,40.813138008713324,54.902834299804326,-15.318269586132498,5.958392886812771,crime
2025-08-21,43.35091555571387,47.829623026572534,-4.478707470858664,1.8573454492752592,3.3827152339393614,5.137301657492693,39.71051847513436,46.99131263629338,41.199501168051384,54.459744885093684,-14.547818719544342,5.590403777827014,crime
2025-08-22,43.350915555713875,47.829623026572534,-4.478707470858664,1.8573454492752595,3.3827152339393614,5.137301657492693,39.710518475134364,46.99131263629339,41.199501168051384,54.459744885093684,-14.547818719544342,5.590403777827014,crime
2025-08-23,43.350915555713875,47.82962302657254,-4.478707470858664,1.8573454492752595,3.382715233939362,5.137301657492693,39.710518475134364,46.99131263629339,41.19950116805139,54.45974488509369,-14.547818719544342,5.590403777827014,crime
2025-08-24,44.01099141840124,47.47639767839461,-3.4654062599933706,1.8773657661885013,2.9055984209752643,4.614103081913301,40.33135451667178,47.6906283201307,41.78142477328309,53.17137058350613,-12.50904830054344,5.5782357805566996,crime
2025-08-25,43.74044071143829,48.86224891963719,-5.121808208198892,3.1638228504925383,3.9546249674257132,6.883779918779995,37.539347924472914,49.941533498403665,41.11118398348279,56.61331385579159,-18.61401684900768,8.370400432609898,crime
2025-08-26,43.74044071143829,48.86224891963718,-5.121808208198892,3.163822850492538,3.9546249674257132,6.883779918779994,37.539347924472914,49.941533498403665,41.11118398348278,56.61331385579158,-18.61401684900768,8.370400432609895,crime
2025-08-27,43.74044071143829,48.86224891963718,-5.121808208198892,3.1638228504925383,3.9546249674257132,6.883779918779995,37.539347924472914,49.941533498403665,41.11118398348278,56.61331385579158,-18.61401684900768,8.370400432609898,crime
2025-08-28,43.74044071143829,48.86224891963718,-5.121808208198891,3.163822850492538,3.9546249674257132,6.883779918779994,37.539347924472914,49.941533498403665,41.11118398348278,56.61331385579158,-18.614016849007676,8.370400432609896,crime
2025-08-29,43.74044071143829,48.86224891963718,-5.121808208198891,3.1638228504925383,3.9546249674257132,6.883779918779995,37.539347924472914,49.941533498403665,41.11118398348278,56.61331385579158,-18.61401684900768,8.370400432609898,crime
2025-08-30,43.74044071143829,48.86224891963718,-5.121808208198892,3.1638228504925383,3.9546249674257132,6.883779918779994,37.539347924472914,49.941533498403665,41.11118398348278,56.61331385579158,-18.61401684900768,8.370400432609895,crime
2025-08-31,43.74044071143828,48.862248919637175,-5.121808208198891,3.163822850492538,3.9546249674257132,6.883779918779994,37.53934792447291,49.94153349840366,41.111183983482775,56.613313855791574,-18.614016849007676,8.370400432609896,crime
2025-09-01,43.74044071143829,48.862248919637175,-5.121808208198891,3.163822850492538,3.9546249674257132,6.883779918779994,37.539347924472914,49.941533498403665,41.111183983482775,56.613313855791574,-18.614016849007676,8.370400432609896,crime
2025-09-02,43.493797238646664,48.928835827415824,-5.435038588769162,2.5628567887403144,3.1299438889377895,5.508199084228043,38.47059793271565,48.51699654457768,42.794145805097756,55.06352584973389,-16.231108793856123,5.361031616317801,crime
2025-09-03,43.493797238646664,48.928835827415824,-5.435038588769162,2.5628567887403144,3.1299438889377895,5.508199084228043,38.47059793271565,48.51699654457768,42.794145805097756,55.06352584973389,-16.231108793856123,5.361031616317801,crime
2025-09-04,43.49379723864666,48.928835827415824,-5.435038588769161,2.5628567887403144,3.1299438889377895,5.508199084228043,38.47059793271564,48.51699654457767,42.794145805097756,55.06352584973389,-16.231108793856123,5.361031616317802,crime
2025-09-05,43.493797238646664,48.928835827415824,-5.435038588769162,2.5628567887403144,3.1299438889377895,5.508199084228043,38.47059793271565,48.51699654457768,42.794145805097756,55.06352584973389,-16.231108793856123,5.361031616317801,crime
2025-09-06,43.49379723864666,48.92883582741582,-5.435038588769162,2.5628567887403144,3.129943888937789,5.508199084228042,38.47059793271564,48.51699654457767,42.79414580509775,55.063525849733885,-16.231108793856123,5.361031616317799,crime
2025-09-07,43.49379723864666,48.928835827415824,-5.435038588769162,2.5628567887403144,3.129943888937789,5.508199084228042,38.47059793271564,48.51699654457767,42.794145805097756,55.06352584973389,-16.231108793856123,5.361031616317799,crime
2025-09-08,43.49379723864666,48.928835827415824,-5.435038588769162,2.5628567887403144,3.129943888937789,5.508199084228043,38.47059793271564,48.51699654457767,42.794145805097756,55.06352584973389,-16.231108793856123,5.361031616317801,crime
2025-09-09,45.407568378093195,48.082604651012645,-2.6750362729194497,3.1778212874823213,2.695470503715792,5.600995993532961,39.179038654627846,51.636098101558545,42.79948246372969,53.3657268382956,-13.652988420244052,8.302915874405153,crime
2025-09-10,45.407568378093195,48.082604651012645,-2.6750362729194497,3.1778212874823213,2.695470503715792,5.600995993532962,39.179038654627846,51.636098101558545,42.79948246372969,53.3657268382956,-13.652988420244053,8.302915874405155,crime
2025-09-11,45.407568378093195,48.082604651012645,-2.67503627291945,3.1778212874823213,2.695470503715792,5.600995993532962,39.179038654627846,51.636098101558545,42.79948246372969,53.3657268382956,-13.652988420244053,8.302915874405155,crime
2025-09-12,45.407568378093195,48.082604651012645,-2.6750362729194497,3.1778212874823213,2.695470503715792,5.600995993532962,39.179038654627846,51.636098101558545,42.79948246372969,53.3657268382956,-13.652988420244053,8.302915874405155,crime
2025-09-13,45.4075683780932,48.08260465101265,-2.6750362729194497,3.1778212874823213,2.695470503715792,5.600995993532962,39.17903865462785,51.63609810155855,42.7994824637297,53.3657268382956,-13.652988420244053,8.302915874405155,crime
2025-09-14,45.4075683780932,48.082604651012645,-2.6750362729194497,3.1778212874823213,2.695470503715792,5.600995993532962,39.17903865462785,51.63609810155855,42.79948246372969,53.3657268382956,-13.652988420244053,8.302915874405155,crime
2025-09-15,45.025212954748966,50.63612657723117,-5.610913622482201,2.9502726312318086,3.3456671270473586,4.925388345167023,39.24267859753462,50.80774731196331,44.07861900821835,57.19363414624399,-15.264674779009566,4.042847534045164,crime
2025-09-16,45.02521295474896,50.63612657723116,-5.610913622482201,2.9502726312318086,3.345667127047358,4.925388345167023,39.24267859753461,50.807747311963304,44.07861900821834,57.19363414624398,-15.264674779009566,4.042847534045164,crime
2025-09-17,44.23213329254879,51.21720438183544,-6.985071089286656,3.097104604271286,3.1706607769426225,5.161660810022104,38.16180826817707,50.30245831692051,45.002709259027895,57.43169950464298,-17.10192627692998,3.1317840983566683,crime
2025-09-18,44.23213329254878,51.21720438183544,-6.985071089286655,3.097104604271286,3.1706607769426225,5.161660810022105,38.16180826817706,50.3024583169205,45.002709259027895,57.43169950464298,-17.10192627692998,3.131784098356671,crime
2025-09-19,44.33323666264821,51.041977060115066,-6.708740397466856,3.012742884149596,3.128358965250004,5.0866503052453,38.428260609715004,50.23821271558142,44.91039348822506,57.17356063200507,-16.678574995747642,3.2610942008139316,crime
2025-09-20,44.33323666264822,51.04197706011507,-6.708740397466856,3.012742884149596,3.128358965250004,5.086650305245301,38.42826060971501,50.238212715581426,44.91039348822507,57.17356063200508,-16.678574995747645,3.2610942008139334,crime
2025-09-21,44.33323666264821,51.041977060115066,-6.708740397466855,3.012742884149596,3.128358965250004,5.086650305245301,38.428260609715004,50.23821271558142,44.91039348822506,57.17356063200507,-16.678574995747645,3.2610942008139343,crime
2025-09-22,44.33323666264822,51.04197706011507,-6.7087403974668565,3.012742884149596,3.128358965250004,5.086650305245301,38.42826060971501,50.238212715581426,44.91039348822507,57.17356063200508,-16.678574995747645,3.2610942008139325,crime
2025-09-23,44.33323666264821,51.041977060115066,-6.708740397466856,3.012742884149596,3.128358965250004,5.086650305245301,38.428260609715004,50.23821271558142,44.91039348822506,57.17356063200507,-16.678574995747645,3.2610942008139334,crime
2025-09-24,44.33323666264821,51.041977060115066,-6.708740397466856,3.012742884149596,3.128358965250004,5.0866503052453,38.428260609715004,50.23821271558142,44.91039348822506,57.17356063200507,-16.678574995747642,3.2610942008139316,crime
2025-09-25,44.33323666264821,51.041977060115066,-6.708740397466855,3.012742884149596,3.128358965250004,5.086650305245301,38.428260609715004,50.23821271558142,44.91039348822506,57.17356063200507,-16.678574995747645,3.2610942008139343,crime
2025-09-26,44.33323666264822,51.04197706011507,-6.7087403974668565,3.012742884149596,3.128358965250004,5.086650305245301,38.42826060971501,50.238212715581426,44.91039348822507,57.17356063200508,-16.678574995747645,3.2610942008139325,crime
2025-09-27,44.954298478556865,49.60945211787194,-4.65515363931507,2.4751021134781404,3.0251826128966184,4.723892940833786,40.10309833613971,49.80549862097402,43.68009419659457,55.53881003914931,-13.91398380334929,4.603676524719151,crime
2025-09-28,44.95429847855687,49.60945211787194,-4.6551536393150705,2.4751021134781404,3.0251826128966184,4.723892940833786,40.103098336139716,49.80549862097403,43.68009419659457,55.53881003914931,-13.913983803349291,4.60367652471915,crime
2025-09-29,44.954298478556865,49.60945211787194,-4.65515363931507,2.4751021134781404,3.0251826128966184,4.723892940833786,40.10309833613971,49.80549862097402,43.68009419659457,55.53881003914931,-13.91398380334929,4.603676524719151,crime
2025-09-30,44.954298478556865,49.60945211787194,-4.6551536393150705,2.4751021134781404,3.0251826128966184,4.723892940833786,40.10309833613971,49.80549862097402,43.68009419659457,55.53881003914931,-13.913983803349291,4.60367652471915,crime
2025-10-01,44.954298478556865,49.60945211787194,-4.65515363931507,2.4751021134781404,3.0251826128966184,4.723892940833786,40.10309833613971,49.80549862097402,43.68009419659457,55.53881003914931,-13.91398380334929,4.603676524719151,crime
2025-10-02,44.78892571763342,48.844023526756295,-4.055097809122875,1.9796392064911437,2.6058965049461267,3.8370173651987725,40.90883287291078,48.66901856235606,43.73646637706189,53.9515806764507,-11.57565184491247,3.465456226666719,crime
2025-10-03,44.78892571763342,48.844023526756295,-4.055097809122875,1.9796392064911437,2.6058965049461267,3.8370173651987725,40.90883287291078,48.66901856235606,43.73646637706189,53.9515806764507,-11.57565184491247,3.465456226666719,crime
2025-10-04,44.78892571763342,48.844023526756295,-4.055097809122876,1.9796392064911439,2.6058965049461267,3.8370173651987725,40.90883287291078,48.66901856235606,43.73646637706189,53.9515806764507,-11.575651844912471,3.465456226666718,crime
2025-10-05,44.78892571763342,48.844023526756295,-4.055097809122875,1.9796392064911437,2.6058965049461267,3.8370173651987725,40.90883287291078,48.66901856235606,43.73646637706189,53.9515806764507,-11.57565184491247,3.465456226666719,crime
2025-10-06,44.78892571763342,48.844023526756295,-4.055097809122876,1.9796392064911439,2.6058965049461267,3.8370173651987725,40.90883287291078,48.66901856235606,43.73646637706189,53.9515806764507,-11.575651844912471,3.465456226666718,crime
2025-10-07,44.78892571763342,48.844023526756295,-4.055097809122876,1.9796392064911439,2.6058965049461267,3.8370173651987725,40.90883287291078,48.66901856235606,43.73646637706189,53.9515806764507,-11.575651844912471,3.465456226666718,crime
2025-10-08,44.78892571763342,48.844023526756295,-4.055097809122876,1.9796392064911439,2.6058965049461267,3.8370173651987725,40.90883287291078,48.66901856235606,43.73646637706189,53.9515806764507,-11.575651844912471,3.465456226666718,crime
2025-10-09,44.78892571763342,48.844023526756295,-4.055097809122876,1.9796392064911439,2.6058965049461267,3.8370173651987725,40.90883287291078,48.66901856235606,43.73646637706189,53.9515806764507,-11.575651844912471,3.465456226666718,crime
2025-10-10,44.78892571763342,48.844023526756295,-4.055097809122876,1.9796392064911437,2.6058965049461267,3.8370173651987725,40.90883287291078,48.66901856235606,43.73646637706189,53.9515806764507,-11.575651844912471,3.465456226666718,crime
2025-10-11,44.78892571763342,48.844023526756295,-4.055097809122875,1.9796392064911437,2.6058965049461262,3.8370173651987725,40.90883287291078,48.66901856235606,43.73646637706189,53.9515806764507,-11.57565184491247,3.465456226666719,crime
2025-10-12,43.691474051405955,49.42463482291532,-5.733160771509369,2.3839832358051787,2.37030089949038,4.149793043821163,39.0188669092278,48.364081193584106,44.778845059914175,54.07042458591647,-13.866755137398851,2.400433594380112,crime
2025-10-13,43.843963501711976,49.21098971282345,-5.367026211111476,1.9391475063499035,1.945796405692247,3.3958606612069127,40.04323438926617,47.64469261415778,45.397228757666646,53.02475066798025,-12.022913107077024,1.2888606848540727,crime
2025-10-14,43.843963501711976,49.21098971282345,-5.367026211111476,1.9391475063499033,1.945796405692247,3.3958606612069127,40.04323438926617,47.64469261415778,45.397228757666646,53.02475066798025,-12.022913107077024,1.2888606848540727,crime
2025-10-15,43.843963501711976,49.210989712823455,-5.367026211111477,1.9391475063499035,1.945796405692247,3.395860661206913,40.04323438926617,47.64469261415778,45.39722875766665,53.02475066798026,-12.022913107077027,1.2888606848540727,crime
2025-10-16,44.61629779824712,48.515472686398255,-3.8991748881511357,2.1502346983763094,2.04088118599591,3.85018371867417,40.40183778942955,48.830757807064685,44.515345561846274,52.515599810950235,-11.445534976752509,3.6471852004502368,crime
2025-10-17,44.61629779824712,48.515472686398255,-3.8991748881511357,2.1502346983763094,2.04088118599591,3.85018371867417,40.40183778942955,48.830757807064685,44.515345561846274,52.515599810950235,-11.445534976752509,3.6471852004502368,crime
2025-10-18,44.61629779824712,48.515472686398255,-3.899174888151135,2.1502346983763094,2.04088118599591,3.85018371867417,40.40183778942955,48.830757807064685,44.515345561846274,52.515599810950235,-11.445534976752509,3.647185200450237,crime
2025-10-19,44.616297798247125,48.51547268639826,-3.8991748881511357,2.15023469837631,2.04088118599591,3.85018371867417,40.40183778942956,48.83075780706469,44.515345561846274,52.51559981095025,-11.445534976752509,3.6471852004502368,crime
2025-10-20,44.616297798247125,48.51547268639826,-3.8991748881511357,2.15023469837631,2.04088118599591,3.85018371867417,40.40183778942956,48.83075780706469,44.515345561846274,52.51559981095025,-11.445534976752509,3.6471852004502368,crime
2025-10-21,44.61629779824712,48.515472686398255,-3.8991748881511357,2.1502346983763094,2.04088118599591,3.85018371867417,40.40183778942955,48.830757807064685,44.515345561846274,52.515599810950235,-11.445534976752509,3.6471852004502368,crime
2025-10-22,44.616297798247125,48.51547268639826,-3.8991748881511357,2.15023469837631,2.04088118599591,3.85018371867417,40.40183778942956,48.83075780706469,44.515345561846274,52.51559981095025,-11.445534976752509,3.6471852004502368,crime
2025-10-23,44.616297798247125,48.51547268639826,-3.8991748881511357,2.15023469837631,2.04088118599591,3.85018371867417,40.40183778942956,48.83075780706469,44.515345561846274,52.51559981095025,-11.445534976752509,3.6471852004502368,crime
2025-10-24,44.61629779824712,48.515472686398255,-3.899174888151135,2.1502346983763094,2.04088118599591,3.8501837186741694,40.40183778942955,48.830757807064685,44.515345561846274,52.515599810950235,-11.445534976752507,3.6471852004502363,crime
2025-10-25,44.61629779824712,48.515472686398255,-3.8991748881511357,2.1502346983763094,2.04088118599591,3.85018371867417,40.40183778942955,48.830757807064685,44.515345561846274,52.515599810950235,-11.445534976752509,3.6471852004502368,crime
2025-10-26,44.616297798247125,48.51547268639826,-3.8991748881511357,2.15023469837631,2.04088118599591,3.85018371867417,40.40183778942956,48.83075780706469,44.515345561846274,52.51559981095025,-11.445534976752509,3.6471852004502368,crime
2025-10-27,44.616297798247125,48.51547268639826,-3.899174888151136,2.15023469837631,2.0408811859959104,3.8501837186741703,40.40183778942956,48.83075780706469,44.515345561846274,52.51559981095025,-11.445534976752509,3.647185200450237,crime
2025-10-28,45.564655403659636,51.85392468066209,-6.28926927700246,1.8619570398075425,3.8425726273361978,3.7800305455150722,41.91521960563685,49.21409120168242,44.322482331083144,59.385367030241035,-13.698129146212,1.1195905922070812,crime
2025-10-29,45.67936896827228,51.32102714515384,-5.641658176881564,1.7976962715668214,3.9738760161146396,4.069360248628581,42.15588427600131,49.20285366054325,43.532230153569145,59.10982413673854,-13.617604264193584,2.3342879104304552,crime
2025-10-30,45.67936896827228,51.32102714515384,-5.641658176881564,1.7976962715668214,3.9738760161146396,4.069360248628581,42.15588427600131,49.20285366054325,43.532230153569145,59.10982413673854,-13.617604264193584,2.3342879104304552,crime
2025-10-31,45.67936896827228,51.32102714515384,-5.641658176881564,1.7976962715668214,3.9738760161146396,4.069360248628581,42.15588427600131,49.20285366054325,43.532230153569145,59.10982413673854,-13.617604264193584,2.3342879104304552,crime
2025-11-01,45.67936896827228,51.32102714515384,-5.641658176881564,1.7976962715668214,3.973876016114639,4.069360248628581,42.15588427600131,49.20285366054325,43.53223015356915,59.10982413673853,-13.617604264193584,2.3342879104304552,crime
2025-11-02,45.67936896827228,51.32102714515384,-5.641658176881564,1.7976962715668214,3.9738760161146396,4.069360248628581,42.15588427600131,49.20285366054325,43.532230153569145,59.10982413673854,-13.617604264193584,2.3342879104304552,crime
2025-11-03,45.67936896827228,51.32102714515384,-5.641658176881564,1.7976962715668214,3.9738760161146396,4.069360248628581,42.15588427600131,49.20285366054325,43.532230153569145,59.10982413673854,-13.617604264193584,2.3342879104304552,crime
2025-11-04,45.67936896827228,51.32102714515384,-5.641658176881564,1.7976962715668212,3.9738760161146396,4.069360248628581,42.15588427600131,49.20285366054325,43.532230153569145,59.10982413673854,-13.617604264193584,2.3342879104304552,crime
2025-11-05,45.67936896827228,51.32102714515385,-5.641658176881565,1.7976962715668214,3.9738760161146396,4.069360248628581,42.15588427600131,49.20285366054325,43.53223015356916,59.10982413673854,-13.617604264193584,2.3342879104304544,crime
2025-11-06,44.6844321004745,50.06682878352428,-5.382396683049781,1.7186211939050746,3.2449889826684726,3.016598233802959,41.31593456042056,48.05292964052845,43.70665037749407,56.42700718955449,-11.29492922130358,0.5301358552040183,crime
2025-11-07,44.6844321004745,50.066828783524286,-5.382396683049781,1.7186211939050746,3.244988982668473,3.0165982338029593,41.31593456042056,48.05292964052845,43.70665037749408,56.427007189554494,-11.294929221303581,0.5301358552040192,crime
2025-11-08,44.6844321004745,50.066828783524286,-5.382396683049781,1.7186211939050746,3.244988982668473,3.016598233802959,41.31593456042056,48.05292964052845,43.70665037749408,56.427007189554494,-11.29492922130358,0.5301358552040183,crime
2025-11-09,44.6844321004745,50.06682878352428,-5.382396683049781,1.7186211939050746,3.2449889826684726,3.016598233802959,41.31593456042056,48.05292964052845,43.70665037749407,56.42700718955449,-11.29492922130358,0.5301358552040183,crime
2025-11-10,44.6844321004745,50.066828783524286,-5.382396683049781,1.7186211939050746,3.2449889826684726,3.016598233802959,41.31593456042056,48.05292964052845,43.70665037749408,56.427007189554494,-11.29492922130358,0.5301358552040183,crime
2025-11-11,44.6844321004745,50.066828783524286,-5.382396683049781,1.7186211939050746,3.2449889826684726,3.016598233802959,41.31593456042056,48.05292964052845,43.70665037749408,56.427007189554494,-11.29492922130358,0.5301358552040183,crime
2025-11-12,44.6844321004745,50.066828783524286,-5.382396683049781,1.7186211939050746,3.244988982668473,3.016598233802959,41.31593456042056,48.05292964052845,43.70665037749408,56.427007189554494,-11.29492922130358,0.5301358552040183,crime
2025-11-13,44.68443210047451,50.066828783524286,-5.382396683049781,1.7186211939050746,3.244988982668473,3.0165982338029593,41.315934560420565,48.052929640528454,43.70665037749408,56.427007189554494,-11.294929221303581,0.5301358552040192,crime
2025-11-14,45.02039611771489,49.6680516382627,-4.647655520547813,1.737040839080272,3.088090539840661,3.199019895134116,41.61579607311756,48.42499616231222,43.61539418017501,55.7207090963504,-10.91773451501068,1.6224234739150543,crime
2025-11-15,45.020396117714895,49.6680516382627,-4.647655520547813,1.737040839080272,3.088090539840661,3.199019895134116,41.615796073117565,48.424996162312226,43.61539418017501,55.7207090963504,-10.91773451501068,1.6224234739150543,crime
2025-11-16,45.020396117714895,49.66805163826271,-4.647655520547813,1.737040839080272,3.0880905398406613,3.199019895134116,41.615796073117565,48.424996162312226,43.61539418017502,55.720709096350404,-10.91773451501068,1.6224234739150543,crime
2025-11-17,45.020396117714895,49.66805163826271,-4.647655520547813,1.7370408390802723,3.0880905398406613,3.1990198951341164,41.615796073117565,48.424996162312226,43.61539418017502,55.720709096350404,-10.917734515010682,1.6224234739150551,crime
2025-11-18,45.020396117714895,49.66805163826271,-4.647655520547813,1.737040839080272,3.0880905398406613,3.199019895134116,41.615796073117565,48.424996162312226,43.61539418017502,55.720709096350404,-10.91773451501068,1.6224234739150543,crime
2025-11-19,45.020396117714895,49.66805163826271,-4.647655520547814,1.7370408390802723,3.0880905398406613,3.199019895134116,41.615796073117565,48.424996162312226,43.61539418017502,55.720709096350404,-10.917734515010682,1.6224234739150534,crime
2025-11-20,43.69926017251255,50.44873281846432,-6.749472645951777,1.9680996565645161,2.4663785365561948,3.311772243301025,39.8417848456461,47.556735499379,45.61463088681418,55.28283475011446,-13.240546242821786,-0.2583990490817687,crime
2025-11-21,43.69926017251255,50.44873281846432,-6.749472645951777,1.9680996565645161,2.4663785365561948,3.311772243301025,39.8417848456461,47.556735499379,45.61463088681418,55.28283475011446,-13.240546242821786,-0.2583990490817687,crime
2025-11-22,43.69926017251255,50.44873281846433,-6.749472645951777,1.9680996565645161,2.4663785365561948,3.311772243301025,39.8417848456461,47.556735499379,45.61463088681419,55.28283475011447,-13.240546242821786,-0.2583990490817687,crime
2025-11-23,43.69926017251255,50.44873281846432,-6.749472645951776,1.9680996565645164,2.4663785365561948,3.3117722433010255,39.8417848456461,47.556735499379,45.61463088681418,55.28283475011446,-13.240546242821786,-0.2583990490817669,crime
2025-11-24,43.69926017251255,50.44873281846433,-6.749472645951778,1.9680996565645164,2.466378536556195,3.311772243301025,39.8417848456461,47.556735499379,45.61463088681418,55.282834750114475,-13.240546242821786,-0.2583990490817696,crime
2025-11-25,43.5193733200816,49.51300125614241,-5.993627936060809,1.4571194819720417,2.0727733979291614,2.5634856065961564,40.6634191354164,46.3753275047468,45.450365396201256,53.57563711608356,-11.018059724989275,-0.9691961471323429,crime
2025-11-26,43.5193733200816,49.51300125614241,-5.993627936060809,1.4571194819720417,2.0727733979291614,2.5634856065961564,40.6634191354164,46.3753275047468,45.450365396201256,53.57563711608356,-11.018059724989275,-0.9691961471323429,crime
2025-11-27,43.5193733200816,49.51300125614241,-5.993627936060809,1.4571194819720417,2.0727733979291614,2.5634856065961564,40.6634191354164,46.3753275047468,45.450365396201256,53.57563711608356,-11.018059724989275,-0.9691961471323429,crime
2025-11-28,43.5193733200816,49.51300125614241,-5.993627936060809,1.4571194819720417,2.0727733979291614,2.5634856065961564,40.6634191354164,46.3753275047468,45.450365396201256,53.57563711608356,-11.018059724989275,-0.9691961471323429,crime
2025-11-29,43.5193733200816,49.5130012561424,-5.993627936060809,1.4571194819720417,2.0727733979291614,2.5634856065961564,40.6634191354164,46.3753275047468,45.45036539620125,53.575637116083556,-11.018059724989275,-0.9691961471323429,crime
2025-11-30,43.519373320081606,49.51300125614241,-5.99362793606081,1.4571194819720417,2.0727733979291614,2.5634856065961564,40.663419135416405,46.37532750474681,45.450365396201256,53.57563711608356,-11.018059724989277,-0.9691961471323438,crime
2025-12-01,43.5193733200816,49.51300125614241,-5.993627936060809,1.4571194819720417,2.0727733979291614,2.5634856065961564,40.6634191354164,46.3753275047468,45.450365396201256,53.57563711608356,-11.018059724989275,-0.9691961471323429,crime
2025-12-02,43.5193733200816,49.51300125614241,-5.993627936060809,1.4571194819720417,2.072773397929161,2.5634856065961564,40.6634191354164,46.3753275047468,45.450365396201256,53.57563711608356,-11.018059724989275,-0.9691961471323429,crime
2025-12-03,43.5193733200816,49.51300125614241,-5.99362793606081,1.4571194819720417,2.0727733979291614,2.5634856065961564,40.6634191354164,46.3753275047468,45.450365396201256,53.57563711608356,-11.018059724989277,-0.9691961471323438,crime
2025-12-04,44.56536240555801,48.48559389145716,-3.9202314858991456,1.4229186269388987,1.7629069607158723,2.684636580374771,41.776441896757774,47.35428291435825,45.03029624845405,51.94089153446026,-9.182119183433697,1.341656211635406,crime
2025-12-05,44.56536240555801,48.48559389145716,-3.9202314858991456,1.4229186269388987,1.7629069607158723,2.684636580374771,41.776441896757774,47.35428291435825,45.03029624845405,51.94089153446026,-9.182119183433697,1.341656211635406,crime
2025-12-06,44.56536240555801,48.48559389145716,-3.9202314858991456,1.4229186269388987,1.7629069607158723,2.684636580374771,41.776441896757774,47.35428291435825,45.03029624845405,51.94089153446026,-9.182119183433697,1.341656211635406,crime
2025-12-07,44.16269718510392,48.574283223947376,-4.411586038843452,1.3903062016526448,1.5170163449485634,2.4389225553448886,41.43769702986474,46.88769734034311,45.60093118784819,51.54763526004656,-9.191874247319433,0.3687021696325301,crime
2025-12-08,44.13048701820089,48.69506478830733,-4.564577770106431,1.3318494071766986,1.500488332501333,2.3810280425662977,41.52006218013456,46.74091185626722,45.75410765660472,51.63602192000994,-9.231392733536374,0.10223719332351244,crime
2025-12-09,44.13048701820089,48.69506478830732,-4.564577770106431,1.3318494071766986,1.500488332501333,2.3810280425662977,41.52006218013456,46.74091185626722,45.75410765660471,51.63602192000993,-9.231392733536374,0.10223719332351244,crime
2025-12-10,44.13048701820089,48.69506478830732,-4.564577770106431,1.3318494071766986,1.500488332501333,2.3810280425662977,41.52006218013456,46.74091185626722,45.75410765660471,51.63602192000993,-9.231392733536374,0.10223719332351244,crime
2025-12-11,44.130487018200895,48.69506478830733,-4.564577770106432,1.3318494071766986,1.500488332501333,2.3810280425662977,41.520062180134566,46.740911856267225,45.75410765660472,51.63602192000994,-9.231392733536374,0.10223719332351155,crime
2025-12-12,44.13048701820089,48.69506478830732,-4.564577770106431,1.3318494071766986,1.500488332501333,2.3810280425662977,41.52006218013456,46.74091185626722,45.75410765660471,51.63602192000993,-9.231392733536374,0.10223719332351244,crime
2025-12-13,44.13048701820089,48.69506478830732,-4.564577770106431,1.3318494071766984,1.5004883325013327,2.3810280425662973,41.52006218013456,46.74091185626722,45.75410765660471,51.63602192000993,-9.231392733536374,0.10223719332351155,crime
2025-12-14,44.130487018200895,48.69506478830733,-4.564577770106431,1.3318494071766986,1.500488332501333,2.3810280425662977,41.520062180134566,46.740911856267225,45.75410765660472,51.63602192000994,-9.231392733536374,0.10223719332351244,crime
2025-12-15,44.835531212044714,48.731975013070375,-3.896443801025663,1.0447477358996724,0.9584675425378448,1.6307363905429577,42.78782564968136,46.88323677440807,46.8533786296962,50.61057139644455,-7.09268712648986,-0.7002004755614659,crime
2025-12-16,44.835531212044714,48.731975013070375,-3.8964438010256623,1.0447477358996724,0.9584675425378448,1.6307363905429577,42.78782564968136,46.88323677440807,46.8533786296962,50.61057139644455,-7.092687126489859,-0.7002004755614655,crime
2025-12-17,44.83553121204471,48.73197501307037,-3.8964438010256623,1.0447477358996724,0.9584675425378447,1.6307363905429577,42.78782564968135,46.88323677440806,46.853378629696195,50.61057139644454,-7.092687126489859,-0.7002004755614655,crime
2025-12-18,44.46733678571879,49.28253780302487,-4.815201017306078,1.1746032664199546,1.3766321165734046,2.3125279741134177,42.16511438353568,46.769559187901905,46.584338854541,51.98073675150874,-9.347755846568377,-0.2826461880437794,crime
2025-12-19,44.46733678571879,49.28253780302487,-4.815201017306078,1.1746032664199546,1.3766321165734046,2.3125279741134177,42.16511438353568,46.769559187901905,46.584338854541,51.98073675150874,-9.347755846568377,-0.2826461880437794,crime
2025-12-20,44.46733678571879,49.28253780302487,-4.815201017306078,1.1746032664199546,1.3766321165734046,2.3125279741134177,42.16511438353568,46.769559187901905,46.584338854541,51.98073675150874,-9.347755846568377,-0.2826461880437794,crime
2025-12-21,44.46733678571879,49.282537803024866,-4.8152010173060775,1.1746032664199544,1.3766321165734043,2.3125279741134177,42.16511438353568,46.769559187901905,46.584338854540995,51.980736751508736,-9.347755846568376,-0.2826461880437785,crime
2025-12-22,44.46733678571879,49.282537803024866,-4.815201017306078,1.1746032664199544,1.3766321165734046,2.3125279741134177,42.16511438353568,46.769559187901905,46.584338854540995,51.980736751508736,-9.347755846568377,-0.2826461880437794,crime
2025-12-23,44.46733678571879,49.28253780302487,-4.815201017306078,1.1746032664199546,1.3766321165734046,2.3125279741134177,42.16511438353568,46.769559187901905,46.584338854541,51.98073675150874,-9.347755846568377,-0.2826461880437794,crime
2025-12-24,44.46733678571879,49.28253780302487,-4.815201017306078,1.1746032664199546,1.3766321165734046,2.3125279741134177,42.16511438353568,46.769559187901905,46.584338854541,51.98073675150874,-9.347755846568377,-0.2826461880437794,crime
2025-12-25,44.46733678571879,49.28253780302487,-4.815201017306078,1.1746032664199544,1.3766321165734046,2.3125279741134177,42.16511438353568,46.769559187901905,46.584338854541,51.98073675150874,-9.347755846568377,-0.2826461880437794,crime
2025-12-26,44.46733678571879,49.282537803024866,-4.815201017306078,1.1746032664199544,1.3766321165734043,2.3125279741134177,42.16511438353568,46.769559187901905,46.584338854540995,51.980736751508736,-9.347755846568377,-0.2826461880437794,crime
2025-12-27,44.46733678571879,49.28253780302487,-4.815201017306078,1.1746032664199546,1.3766321165734046,2.3125279741134177,42.16511438353568,46.769559187901905,46.584338854541,51.98073675150874,-9.347755846568377,-0.2826461880437794,crime
2025-12-28,44.46733678571879,49.28253780302487,-4.815201017306078,1.1746032664199546,1.3766321165734046,2.3125279741134177,42.16511438353568,46.769559187901905,46.584338854541,51.98073675150874,-9.347755846568377,-0.2826461880437794,crime
2025-12-29,44.46733678571879,49.28253780302487,-4.815201017306078,1.1746032664199546,1.3766321165734043,2.3125279741134177,42.16511438353568,46.769559187901905,46.584338854541,51.98073675150874,-9.347755846568377,-0.2826461880437794,crime
2025-12-30,44.4673367857188,49.28253780302487,-4.815201017306078,1.1746032664199546,1.3766321165734046,2.3125279741134177,42.16511438353569,46.76955918790191,46.584338854541,51.98073675150874,-9.347755846568377,-0.2826461880437794,crime
2025-12-31,44.4673367857188,49.28253780302487,-4.815201017306078,1.1746032664199546,1.3766321165734046,2.3125279741134177,42.16511438353569,46.76955918790191,46.584338854541,51.98073675150874,-9.347755846568377,-0.2826461880437794,crime
2026-01-01,44.46733678571879,49.28253780302487,-4.815201017306078,1.1746032664199546,1.3766321165734046,2.3125279741134177,42.16511438353568,46.769559187901905,46.584338854541,51.98073675150874,-9.347755846568377,-0.2826461880437794,crime
2026-01-02,44.46733678571879,49.28253780302487,-4.815201017306078,1.1746032664199544,1.3766321165734043,2.3125279741134177,42.16511438353568,46.769559187901905,46.584338854541,51.98073675150874,-9.347755846568377,-0.2826461880437794,crime
2026-01-03,44.46733678571879,49.28253780302487,-4.815201017306078,1.1746032664199546,1.3766321165734046,2.3125279741134177,42.16511438353568,46.769559187901905,46.584338854541,51.98073675150874,-9.347755846568377,-0.2826461880437794,crime
2026-01-04,44.46733678571879,49.28253780302487,-4.815201017306078,1.1746032664199546,1.3766321165734046,2.3125279741134177,42.16511438353568,46.769559187901905,46.584338854541,51.98073675150874,-9.347755846568377,-0.2826461880437794,crime
2026-01-05,44.4673367857188,49.28253780302487,-4.815201017306078,1.1746032664199546,1.3766321165734046,2.3125279741134177,42.16511438353569,46.76955918790191,46.584338854541,51.98073675150874,-9.347755846568377,-0.2826461880437794,crime
2026-01-06,44.46733678571879,49.28253780302487,-4.815201017306078,1.1746032664199546,1.3766321165734043,2.3125279741134177,42.16511438353568,46.769559187901905,46.584338854541,51.98073675150874,-9.347755846568377,-0.2826461880437794,crime
2026-01-07,44.46733678571879,49.28253780302487,-4.815201017306078,1.1746032664199546,1.3766321165734046,2.3125279741134177,42.16511438353568,46.769559187901905,46.584338854541,51.98073675150874,-9.347755846568377,-0.2826461880437794,crime
2026-01-08,44.46733678571879,49.28253780302487,-4.815201017306078,1.1746032664199546,1.3766321165734046,2.3125279741134177,42.16511438353568,46.769559187901905,46.584338854541,51.98073675150874,-9.347755846568377,-0.2826461880437794,crime
2026-01-09,44.46733678571879,49.28253780302487,-4.815201017306078,1.1746032664199546,1.3766321165734046,2.3125279741134177,42.16511438353568,46.769559187901905,46.584338854541,51.98073675150874,-9.347755846568377,-0.2826461880437794,crime
2026-01-10,44.46733678571879,49.28253780302487,-4.815201017306078,1.1746032664199546,1.3766321165734046,2.3125279741134177,42.16511438353568,46.769559187901905,46.584338854541,51.98073675150874,-9.347755846568377,-0.2826461880437794,crime
2026-01-11,44.46733678571879,49.28253780302487,-4.815201017306078,1.1746032664199546,1.3766321165734046,2.3125279741134177,42.16511438353568,46.769559187901905,46.584338854541,51.98073675150874,-9.347755846568377,-0.2826461880437794,crime
2026-01-12,44.46733678571879,49.28253780302487,-4.815201017306078,1.1746032664199546,1.3766321165734046,2.3125279741134177,42.16511438353568,46.769559187901905,46.584338854541,51.98073675150874,-9.347755846568377,-0.2826461880437794,crime
2026-01-13,44.56823104112308,47.02797922248505,-2.459748181361979,0.7345510054906363,1.9729071184751334,2.3571139423927314,43.12851107036143,46.00795101188473,43.16108127027379,50.89487717469631,-7.079691508451733,2.1601951457277746,crime
2026-01-14,44.56823104112308,47.02797922248506,-2.4597481813619795,0.7345510054906365,1.9729071184751337,2.357113942392732,43.12851107036143,46.00795101188473,43.1610812702738,50.89487717469632,-7.0796915084517344,2.160195145727775,crime
2026-01-15,44.56823104112308,47.02797922248506,-2.4597481813619795,0.7345510054906365,1.9729071184751337,2.357113942392732,43.12851107036143,46.00795101188473,43.1610812702738,50.89487717469632,-7.0796915084517344,2.160195145727775,crime
2026-01-16,44.568231041123084,47.02797922248506,-2.4597481813619795,0.7345510054906365,1.9729071184751337,2.357113942392732,43.128511070361434,46.007951011884735,43.1610812702738,50.89487717469632,-7.0796915084517344,2.160195145727775,crime
2026-01-17,44.56823104112308,47.02797922248506,-2.459748181361979,0.7345510054906365,1.9729071184751337,2.357113942392732,43.12851107036143,46.00795101188473,43.1610812702738,50.89487717469632,-7.079691508451734,2.1601951457277755,crime
2026-01-18,44.56823104112308,47.02797922248505,-2.459748181361979,0.7345510054906363,1.9729071184751334,2.3571139423927314,43.12851107036143,46.00795101188473,43.16108127027379,50.89487717469631,-7.079691508451733,2.1601951457277746,crime
2026-01-19,42.52867616975314,49.22472679259652,-6.696050622843379,1.7712647853387748,2.2819210814558244,3.9123389114413425,39.05699719048914,46.00035514901714,44.7521614729431,53.69729211224994,-14.36423488926841,0.9721336435816523,crime
2026-01-20,42.5474946148743,49.531422096874856,-6.983927482000554,1.6533368482238833,2.275109491233758,3.727217134790494,39.30695439235549,45.78803483739311,45.07220749405669,53.99063669969302,-14.28927306618992,0.3214181021888143,crime
2026-01-21,43.60481919951495,49.4800704681601,-5.875251268645149,2.114425659766707,1.8990388508780376,3.5271913900893166,39.460544906372206,47.74909349265769,45.75795432043915,53.202186615881054,-12.788546393220209,1.038043855929911,crime
2026-01-22,42.79732640243765,49.17940518601029,-6.382078783572652,2.437559394245947,1.6615007338830028,3.2806229839587044,38.019709989715594,47.5749428151597,45.92286374759961,52.43594662442098,-12.812099832131713,0.047942264986408745,crime
2026-01-23,42.79732640243764,49.17940518601029,-6.382078783572651,2.4375593942459464,1.6615007338830026,3.2806229839587044,38.01970998971559,47.574942815159694,45.92286374759961,52.43594662442098,-12.812099832131711,0.04794226498640963,crime
2026-01-24,42.79732640243764,49.179405186010285,-6.382078783572651,2.4375593942459464,1.6615007338830026,3.2806229839587044,38.01970998971559,47.574942815159694,45.9228637475996,52.43594662442097,-12.812099832131711,0.04794226498640963,crime
2026-01-25,42.79732640243764,49.17940518601029,-6.382078783572651,2.4375593942459464,1.6615007338830028,3.2806229839587044,38.01970998971559,47.574942815159694,45.92286374759961,52.43594662442098,-12.812099832131711,0.04794226498640963,crime
2026-01-26,42.79732640243764,49.17940518601029,-6.382078783572651,2.4375593942459464,1.6615007338830028,3.2806229839587044,38.01970998971559,47.574942815159694,45.92286374759961,52.43594662442098,-12.812099832131711,0.04794226498640963,crime
2026-01-27,42.79732640243764,49.17940518601029,-6.382078783572651,2.4375593942459464,1.6615007338830026,3.2806229839587044,38.01970998971559,47.574942815159694,45.92286374759961,52.43594662442098,-12.812099832131711,0.04794226498640963,crime
2026-01-28,42.79732640243764,49.17940518601029,-6.382078783572652,2.4375593942459464,1.6615007338830028,3.2806229839587044,38.01970998971559,47.574942815159694,45.92286374759961,52.43594662442098,-12.812099832131713,0.047942264986408745,crime
2026-01-29,42.33225989696157,49.663046347369544,-7.330786450407976,2.049972709554162,1.4807755788111496,2.9158910465398944,38.31431338623541,46.35020640768772,46.76072621289969,52.5653664818394,-13.04593290162617,-1.6156399991897823,crime
2026-01-30,42.332259896961574,49.66304634736955,-7.3307864504079765,2.0499727095541624,1.4807755788111496,2.9158910465398944,38.31431338623541,46.350206407687736,46.7607262128997,52.565366481839405,-13.04593290162617,-1.6156399991897832,crime
2026-01-31,42.33225989696157,49.663046347369544,-7.3307864504079765,2.049972709554162,1.4807755788111496,2.9158910465398944,38.31431338623541,46.35020640768772,46.76072621289969,52.5653664818394,-13.04593290162617,-1.6156399991897832,crime
2026-02-01,42.33225989696157,49.663046347369544,-7.330786450407976,2.049972709554162,1.4807755788111496,2.9158910465398944,38.31431338623541,46.35020640768772,46.76072621289969,52.5653664818394,-13.04593290162617,-1.6156399991897823,crime
2026-02-02,42.33225989696157,49.663046347369544,-7.330786450407976,2.049972709554162,1.4807755788111496,2.9158910465398944,38.31431338623541,46.35020640768772,46.76072621289969,52.5653664818394,-13.04593290162617,-1.6156399991897823,crime
2026-02-03,42.33225989696157,49.663046347369544,-7.330786450407976,2.049972709554162,1.4807755788111496,2.9158910465398944,38.31431338623541,46.35020640768772,46.76072621289969,52.5653664818394,-13.04593290162617,-1.6156399991897823,crime
2026-02-04,42.33225989696157,49.66304634736954,-7.330786450407976,2.049972709554162,1.4807755788111496,2.9158910465398944,38.31431338623541,46.35020640768772,46.760726212899684,52.56536648183939,-13.04593290162617,-1.6156399991897823,crime
2026-02-05,41.63214994092213,51.239077466309425,-9.60692752538729,2.0094735850789367,2.6791746986809093,4.207218732093214,37.693581714167415,45.57071816767685,45.98789505689484,56.49025987572401,-17.853076240289987,-1.3607788104845913,crime
2026-02-06,41.63214994092213,51.239077466309425,-9.606927525387288,2.0094735850789367,2.6791746986809093,4.207218732093214,37.693581714167415,45.57071816767685,45.98789505689484,56.49025987572401,-17.853076240289987,-1.3607788104845895,crime
2026-02-07,41.63214994092213,51.239077466309425,-9.60692752538729,2.0094735850789367,2.6791746986809097,4.207218732093214,37.693581714167415,45.57071816767685,45.98789505689484,56.49025987572401,-17.853076240289987,-1.3607788104845913,crime
2026-02-08,41.63214994092213,51.23907746630942,-9.606927525387288,2.0094735850789367,2.6791746986809093,4.207218732093214,37.693581714167415,45.57071816767685,45.987895056894835,56.490259875724,-17.853076240289987,-1.3607788104845895,crime
2026-02-09,41.63214994092213,51.239077466309425,-9.606927525387288,2.0094735850789367,2.6791746986809093,4.207218732093214,37.693581714167415,45.57071816767685,45.98789505689484,56.49025987572401,-17.853076240289987,-1.3607788104845895,crime
2026-02-10,41.63214994092213,51.239077466309425,-9.606927525387288,2.0094735850789367,2.6791746986809093,4.207218732093214,37.693581714167415,45.57071816767685,45.98789505689484,56.49025987572401,-17.853076240289987,-1.3607788104845895,crime
2026-02-11,41.63214994092214,51.23907746630943,-9.60692752538729,2.009473585078937,2.6791746986809097,4.207218732093214,37.69358171416742,45.57071816767686,45.98789505689485,56.490259875724014,-17.853076240289987,-1.3607788104845913,crime
2026-02-12,41.63214994092213,51.23907746630942,-9.606927525387288,2.0094735850789367,2.6791746986809093,4.207218732093214,37.693581714167415,45.57071816767685,45.987895056894835,56.490259875724,-17.853076240289987,-1.3607788104845895,crime
2026-02-13,41.63214994092213,51.239077466309425,-9.60692752538729,2.009473585078937,2.6791746986809097,4.207218732093214,37.693581714167415,45.57071816767685,45.98789505689484,56.49025987572401,-17.853076240289987,-1.3607788104845913,crime
2026-02-14,41.63214994092213,51.239077466309425,-9.606927525387288,2.0094735850789367,2.6791746986809097,4.207218732093214,37.693581714167415,45.57071816767685,45.98789505689484,56.49025987572401,-17.853076240289987,-1.3607788104845895,crime
2026-02-15,41.63214994092213,51.23907746630942,-9.606927525387288,2.0094735850789367,2.6791746986809093,4.207218732093214,37.693581714167415,45.57071816767685,45.987895056894835,56.490259875724,-17.853076240289987,-1.3607788104845895,crime
2026-02-16,41.89718222956037,49.986821048696505,-8.089638819136136,1.4081249670549492,2.2313833188268006,3.276378455751273,39.137257294132674,44.65710716498807,45.61330974379597,54.36033235359704,-14.51134059240863,-1.667937045863641,crime
2026-02-17,41.89718222956037,49.986821048696505,-8.089638819136136,1.4081249670549492,2.2313833188268006,3.276378455751273,39.137257294132674,44.65710716498807,45.61330974379597,54.36033235359704,-14.51134059240863,-1.667937045863641,crime
2026-02-18,41.89718222956037,49.986821048696505,-8.089638819136136,1.4081249670549492,2.2313833188268006,3.276378455751273,39.137257294132674,44.65710716498807,45.61330974379597,54.36033235359704,-14.51134059240863,-1.667937045863641,crime
2026-02-19,41.55684421332086,50.467853793940954,-8.911009580620098,1.14248870705036,1.9498043463021955,2.849280314559689,39.31756634750215,43.796122079139565,46.64623727518865,54.289470312693254,-14.495598997157089,-3.326420164083107,crime
2026-02-20,41.46252517061268,50.68848978599253,-9.225964615379848,1.1132817814940077,1.9602460795184276,2.8536116174301855,39.280492878884424,43.644557462340934,46.84640747013641,54.53057210184865,-14.819043385543011,-3.632885845216684,crime
2026-02-21,41.46252517061268,50.68848978599252,-9.225964615379848,1.1132817814940077,1.9602460795184276,2.8536116174301855,39.280492878884424,43.644557462340934,46.846407470136405,54.53057210184864,-14.819043385543011,-3.632885845216684,crime
2026-02-22,41.46252517061268,50.68848978599252,-9.225964615379846,1.113281781494008,1.9602460795184276,2.8536116174301855,39.280492878884424,43.644557462340934,46.846407470136405,54.53057210184864,-14.81904338554301,-3.6328858452166823,crime
2026-02-23,42.005278156630624,50.19363328516098,-8.188355128530358,0.9923061650749501,1.5106578975327678,2.3379570220710666,40.06035807308372,43.95019824017753,47.232743805996755,53.1545227643252,-12.770750891789648,-3.605959365271067,crime
2026-02-24,42.005278156630624,50.19363328516098,-8.188355128530358,0.9923061650749502,1.5106578975327678,2.337957022071067,40.06035807308372,43.95019824017753,47.232743805996755,53.1545227643252,-12.77075089178965,-3.605959365271066,crime
2026-02-25,42.00527815663062,50.19363328516097,-8.188355128530358,0.9923061650749501,1.5106578975327678,2.3379570220710666,40.06035807308371,43.95019824017752,47.23274380599675,53.15452276432519,-12.770750891789648,-3.605959365271067,crime
2026-02-26,42.89691312156148,49.00796069921354,-6.1110475776520605,1.7468703221427269,2.4153099324644938,4.08743413654285,39.47304729016174,46.32077895296123,44.273953231583135,53.74196816684395,-14.122418485276047,1.9003233299719255,crime
2026-02-27,43.11336266619143,48.925662982395956,-5.812300316204521,1.6330418216304479,2.146173318624677,3.686810915519681,39.91260069579575,46.3141246365871,44.71916327789159,53.13216268690032,-13.038449710623095,1.4138490782140538,crime
2026-02-28,42.9911690494889,48.93946651723344,-5.9482974677445375,1.7605680412840508,2.116893349688567,3.7195847003262568,39.540455688572166,46.44188241040564,44.79035555184385,53.08857748262303,-13.238683480384001,1.342088544894926,crime
2026-03-01,42.80415257098333,49.309953259113406,-6.505800688130086,1.7604629322999175,2.251988995847705,3.858939535789747,39.353645223675485,46.25465991829117,44.8960548272519,53.72385169097491,-14.06932217827799,1.0577208020178182,crime
2026-03-02,42.80415257098333,49.309953259113414,-6.505800688130086,1.7604629322999175,2.2519889958477055,3.858939535789747,39.353645223675485,46.25465991829117,44.89605482725191,53.72385169097492,-14.06932217827799,1.0577208020178182,crime
2026-03-03,42.722654381867095,49.577646085026004,-6.8549917031589045,1.7238582204537198,2.3819400627383485,3.934383556546488,39.343892269777804,46.101416493956386,44.90904356205884,54.24624860799317,-14.56638347399002,0.8564000676722117,crime
2026-03-04,42.7226543818671,49.57764608502601,-6.854991703158905,1.7238582204537198,2.3819400627383485,3.9343835565464884,39.34389226977781,46.10141649395639,44.90904356205885,54.246248607993174,-14.566383473990022,0.8564000676722117,crime
2026-03-05,42.7226543818671,49.57764608502601,-6.854991703158905,1.7238582204537198,2.3819400627383485,3.9343835565464884,39.34389226977781,46.10141649395639,44.90904356205885,54.246248607993174,-14.566383473990022,0.8564000676722117,crime
2026-03-06,42.722654381867095,49.577646085026004,-6.8549917031589045,1.7238582204537198,2.3819400627383485,3.934383556546488,39.343892269777804,46.101416493956386,44.90904356205884,54.24624860799317,-14.56638347399002,0.8564000676722117,crime
2026-03-07,42.7226543818671,49.57764608502601,-6.854991703158905,1.7238582204537198,2.381940062738349,3.9343835565464884,39.34389226977781,46.10141649395639,44.90904356205885,54.246248607993174,-14.566383473990022,0.8564000676722117,crime
2026-03-08,42.7226543818671,49.57764608502601,-6.854991703158905,1.7238582204537198,2.381940062738349,3.9343835565464884,39.34389226977781,46.10141649395639,44.90904356205885,54.246248607993174,-14.566383473990022,0.8564000676722117,crime
2026-03-09,42.7226543818671,49.577646085026004,-6.8549917031589045,1.7238582204537198,2.3819400627383485,3.934383556546488,39.34389226977781,46.10141649395639,44.90904356205884,54.24624860799317,-14.56638347399002,0.8564000676722117,crime
2026-03-10,42.722654381867095,49.577646085026004,-6.8549917031589045,1.7238582204537196,2.3819400627383485,3.934383556546488,39.343892269777804,46.101416493956386,44.90904356205884,54.24624860799317,-14.56638347399002,0.8564000676722117,crime
2026-03-11,42.7226543818671,49.577646085026004,-6.8549917031589045,1.7238582204537198,2.3819400627383485,3.934383556546488,39.34389226977781,46.10141649395639,44.90904356205884,54.24624860799317,-14.56638347399002,0.8564000676722117,crime
2026-03-12,42.722654381867095,49.577646085026004,-6.8549917031589045,1.7238582204537198,2.3819400627383485,3.934383556546488,39.343892269777804,46.101416493956386,44.90904356205884,54.24624860799317,-14.56638347399002,0.8564000676722117,crime
2026-03-13,42.7226543818671,49.577646085026004,-6.854991703158905,1.7238582204537198,2.3819400627383485,3.9343835565464884,39.34389226977781,46.10141649395639,44.90904356205884,54.24624860799317,-14.566383473990022,0.8564000676722117,crime
2026-03-14,42.7226543818671,49.57764608502601,-6.854991703158905,1.7238582204537198,2.381940062738349,3.9343835565464884,39.34389226977781,46.10141649395639,44.90904356205885,54.246248607993174,-14.566383473990022,0.8564000676722117,crime
2026-03-15,42.7226543818671,49.57764608502601,-6.854991703158905,1.7238582204537198,2.381940062738349,3.9343835565464884,39.34389226977781,46.10141649395639,44.90904356205885,54.246248607993174,-14.566383473990022,0.8564000676722117,crime
2026-03-16,42.45806516431668,49.25688383118097,-6.7988186668642925,1.3454262025770394,1.8489228967727458,2.9907347707629754,39.82102980726568,45.09510052136768,45.63299495350639,52.88077270885555,-12.660658817559725,-0.9369785161688604,crime
2026-03-17,42.45806516431668,49.25688383118097,-6.7988186668642925,1.3454262025770394,1.8489228967727458,2.9907347707629754,39.82102980726568,45.09510052136768,45.63299495350639,52.88077270885555,-12.660658817559725,-0.9369785161688604,crime
2026-03-18,42.380349954944954,49.50190345107945,-7.121553496134496,1.290134501864774,1.8862647511225255,2.9759703572300737,39.85168633129,44.90901357859991,45.8048245388793,53.1989823632796,-12.954455396305441,-1.2886515959635512,crime
2026-03-19,43.110929041543386,49.167275232545705,-6.056346191002313,1.3317051493774592,1.7047124408098697,2.8511465674280276,40.50078694876357,45.7210711343232,45.82603884855836,52.50851161653305,-11.644593463161247,-0.4680989188433786,crime
2026-03-20,43.17755151927105,49.167414997049406,-5.989863477778357,1.3240137808729768,1.6573996130513557,2.7857487300158073,40.58248450876001,45.772618529782086,45.91891175546875,52.41591823863006,-11.449930988609339,-0.5297959669473746,crime
2026-03-21,43.17755151927105,49.167414997049406,-5.989863477778357,1.3240137808729768,1.6573996130513557,2.785748730015807,40.58248450876001,45.772618529782086,45.91891175546875,52.41591823863006,-11.449930988609339,-0.5297959669473755,crime
2026-03-22,43.17755151927105,49.167414997049406,-5.989863477778357,1.3240137808729768,1.6573996130513557,2.785748730015807,40.58248450876001,45.772618529782086,45.91891175546875,52.41591823863006,-11.449930988609339,-0.5297959669473755,crime
2026-03-23,42.80113958338505,49.33872711190314,-6.5375875285180856,1.3079799791403595,1.5009925133524429,2.5786157181659735,40.23749882426995,45.364780342500154,46.39678178573235,52.28067243807393,-11.591674336123393,-1.4835007209127777,crime
2026-03-24,42.80113958338506,49.33872711190314,-6.5375875285180864,1.3079799791403595,1.5009925133524429,2.5786157181659735,40.237498824269956,45.36478034250016,46.39678178573235,52.28067243807393,-11.591674336123393,-1.4835007209127786,crime
2026-03-25,42.80113958338505,49.33872711190314,-6.5375875285180856,1.3079799791403592,1.5009925133524429,2.578615718165973,40.23749882426995,45.364780342500154,46.39678178573235,52.28067243807393,-11.591674336123393,-1.4835007209127786,crime
2026-03-26,42.42605373394609,51.319005289679836,-8.892951555733745,1.2289237430538835,3.405867203014251,4.296798529625259,40.01736319756048,44.834744270331704,44.643505571771904,57.99450500758777,-17.314676673799255,-0.47122643766823735,crime
2026-03-27,42.42605373394609,51.319005289679836,-8.892951555733745,1.2289237430538833,3.4058672030142505,4.296798529625259,40.01736319756048,44.834744270331704,44.643505571771904,57.99450500758777,-17.314676673799255,-0.47122643766823735,crime
2026-03-28,42.4260537339461,51.31900528967984,-8.892951555733747,1.2289237430538835,3.405867203014251,4.296798529625259,40.017363197560485,44.83474427033171,44.64350557177191,57.994505007587776,-17.314676673799255,-0.47122643766823913,crime
2026-03-29,42.4260537339461,51.31900528967984,-8.892951555733747,1.2289237430538835,3.405867203014251,4.296798529625259,40.017363197560485,44.83474427033171,44.64350557177191,57.994505007587776,-17.314676673799255,-0.47122643766823913,crime
2026-03-30,42.4260537339461,51.31900528967984,-8.892951555733747,1.2289237430538833,3.405867203014251,4.296798529625259,40.017363197560485,44.83474427033171,44.64350557177191,57.994505007587776,-17.314676673799255,-0.47122643766823913,crime
2026-03-31,42.4260537339461,51.31900528967984,-8.892951555733747,1.2289237430538833,3.405867203014251,4.296798529625259,40.017363197560485,44.83474427033171,44.64350557177191,57.994505007587776,-17.314676673799255,-0.47122643766823913,crime
2026-04-01,42.42605373394609,51.319005289679836,-8.892951555733745,1.2289237430538833,3.4058672030142505,4.296798529625259,40.01736319756048,44.834744270331704,44.643505571771904,57.99450500758777,-17.314676673799255,-0.47122643766823735,crime
2026-04-02,42.4260537339461,51.31900528967984,-8.892951555733747,1.2289237430538833,3.405867203014251,4.296798529625259,40.017363197560485,44.83474427033171,44.64350557177191,57.994505007587776,-17.314676673799255,-0.47122643766823913,crime
2026-04-03,42.4260537339461,51.31900528967984,-8.892951555733747,1.2289237430538833,3.405867203014251,4.296798529625259,40.017363197560485,44.83474427033171,44.64350557177191,57.994505007587776,-17.314676673799255,-0.47122643766823913,crime
2026-04-04,42.42605373394609,51.31900528967984,-8.892951555733745,1.2289237430538835,3.4058672030142505,4.296798529625259,40.01736319756048,44.834744270331704,44.64350557177191,57.994505007587776,-17.314676673799255,-0.47122643766823735,crime
2026-04-05,42.42605373394609,51.31900528967984,-8.892951555733747,1.2289237430538835,3.405867203014251,4.296798529625259,40.01736319756048,44.834744270331704,44.64350557177191,57.994505007587776,-17.314676673799255,-0.47122643766823913,crime
2026-04-06,42.42605373394609,51.319005289679836,-8.892951555733745,1.2289237430538833,3.4058672030142505,4.296798529625259,40.01736319756048,44.834744270331704,44.643505571771904,57.99450500758777,-17.314676673799255,-0.47122643766823735,crime
2026-04-07,42.42605373394609,51.319005289679836,-8.892951555733745,1.2289237430538833,3.4058672030142505,4.296798529625259,40.01736319756048,44.834744270331704,44.643505571771904,57.99450500758777,-17.314676673799255,-0.47122643766823735,crime
2026-04-08,42.42605373394609,51.319005289679836,-8.892951555733745,1.2289237430538833,3.4058672030142505,4.296798529625259,40.01736319756048,44.834744270331704,44.643505571771904,57.99450500758777,-17.314676673799255,-0.47122643766823735,crime
2026-04-09,42.42605373394609,51.319005289679836,-8.892951555733745,1.2289237430538835,3.4058672030142505,4.296798529625259,40.01736319756048,44.834744270331704,44.643505571771904,57.99450500758777,-17.314676673799255,-0.47122643766823735,crime
2026-04-10,42.4260537339461,51.31900528967984,-8.892951555733747,1.2289237430538835,3.405867203014251,4.296798529625259,40.017363197560485,44.83474427033171,44.64350557177191,57.994505007587776,-17.314676673799255,-0.47122643766823913,crime
2026-04-11,42.42605373394609,51.31900528967984,-8.892951555733747,1.2289237430538835,3.405867203014251,4.296798529625259,40.01736319756048,44.834744270331704,44.64350557177191,57.994505007587776,-17.314676673799255,-0.47122643766823913,crime
2026-04-12,42.42605373394609,51.319005289679836,-8.892951555733747,1.2289237430538835,3.405867203014251,4.296798529625259,40.01736319756048,44.834744270331704,44.643505571771904,57.99450500758777,-17.314676673799255,-0.47122643766823913,crime
2026-04-13,42.24621024087756,48.860177589941316,-6.613967349063756,0.8516508355551186,3.236231824470663,3.5931988786265534,40.57697460318953,43.91544587856559,42.51716321397882,55.20319196590381,-13.6566371511718,0.42870245304428867,crime
2026-04-14,42.302694804439284,49.304658697322566,-7.001963892883284,0.8114133250498765,3.2751702357375927,3.539547823250648,40.71232468734153,43.89306492153704,42.885325035276885,55.723992359368246,-13.939477626454554,-0.06445015931201414,crime
2026-04-15,42.50741678372611,49.917166509876374,-7.409749726150264,0.7560197953226926,2.928599141509916,3.055978841924633,41.02561798489363,43.989215582558586,44.17711219251694,55.65722082723581,-13.399468256322546,-1.420031195977983,crime
2026-04-16,42.5074167837261,49.91716650987637,-7.409749726150264,0.7560197953226926,2.928599141509916,3.055978841924633,41.02561798489362,43.98921558255858,44.17711219251693,55.657220827235804,-13.399468256322546,-1.420031195977983,crime
2026-04-17,42.5074167837261,49.91716650987636,-7.409749726150263,0.7560197953226925,2.9285991415099155,3.0559788419246328,41.02561798489362,43.98921558255858,44.17711219251692,55.6572208272358,-13.399468256322542,-1.420031195977983,crime
2026-04-18,42.39709647483705,50.286236358860045,-7.8891398840229945,0.6788007578263623,2.6193271103058677,2.7740935301133582,41.06664698949738,43.72754596017672,45.152355222660546,55.42011749505954,-13.326363203045176,-2.451916565000812,crime
2026-04-19,42.39709647483705,50.286236358860045,-7.8891398840229945,0.6788007578263623,2.6193271103058673,2.774093530113358,41.06664698949738,43.72754596017672,45.152355222660546,55.42011749505954,-13.326363203045176,-2.451916565000813,crime
2026-04-20,42.49254599403728,50.01332972878803,-7.5207837347507525,0.5205296177077684,2.0367546966098633,2.166271740798793,41.47230794333005,43.51278404474451,46.0212905234327,54.00536893414336,-11.766676346716388,-3.2748911227851183,crime
2026-04-21,42.49254599403728,50.01332972878803,-7.5207837347507525,0.5205296177077684,2.0367546966098633,2.166271740798793,41.47230794333005,43.51278404474451,46.0212905234327,54.00536893414336,-11.766676346716388,-3.2748911227851183,crime
2026-04-22,42.49254599403728,50.01332972878803,-7.5207837347507525,0.5205296177077684,2.0367546966098633,2.166271740798793,41.47230794333005,43.51278404474451,46.0212905234327,54.00536893414336,-11.766676346716388,-3.2748911227851183,crime
2026-04-23,42.49254599403728,50.01332972878803,-7.5207837347507525,0.5205296177077684,2.0367546966098633,2.166271740798793,41.47230794333005,43.51278404474451,46.0212905234327,54.00536893414336,-11.766676346716388,-3.2748911227851183,crime
2026-04-24,42.49254599403728,50.01332972878803,-7.520783734750753,0.5205296177077684,2.0367546966098633,2.166271740798793,41.47230794333005,43.51278404474451,46.0212905234327,54.00536893414336,-11.766676346716388,-3.274891122785119,crime
2026-04-25,42.49254599403728,50.01332972878803,-7.5207837347507525,0.5205296177077684,2.0367546966098633,2.166271740798793,41.47230794333005,43.51278404474451,46.0212905234327,54.00536893414336,-11.766676346716388,-3.2748911227851183,crime
2026-04-26,42.50234114507112,49.81873690948822,-7.3163957644171,0.42295149250385317,1.6189968061544153,1.699608854691337,41.67335621976357,43.33132607037867,46.64550316942557,52.99197064955088,-10.647629119612121,-3.9851624092220796,crime
2026-04-27,42.00634360415446,50.13983210620479,-8.133488502050332,1.1401252859679958,1.6783257008741486,2.36622861685885,39.77169804365719,44.24098916465173,46.850313732491465,53.42935047991812,-12.771296591093678,-3.495680413006985,crime
2026-04-28,42.00634360415446,50.13983210620479,-8.133488502050332,1.1401252859679958,1.6783257008741486,2.36622861685885,39.77169804365719,44.24098916465173,46.850313732491465,53.42935047991812,-12.771296591093678,-3.495680413006985,crime
2026-04-29,42.00634360415446,50.13983210620479,-8.133488502050334,1.1401252859679958,1.6783257008741488,2.3662286168588507,39.77169804365719,44.24098916465173,46.85031373249146,53.42935047991813,-12.77129659109368,-3.495680413006986,crime
2026-04-30,42.006343604154466,50.1398321062048,-8.133488502050334,1.1401252859679958,1.678325700874149,2.3662286168588507,39.771698043657196,44.24098916465174,46.850313732491465,53.429350479918135,-12.77129659109368,-3.495680413006986,crime
2026-05-01,42.00634360415446,50.13983210620479,-8.133488502050332,1.1401252859679958,1.6783257008741486,2.36622861685885,39.77169804365719,44.24098916465173,46.850313732491465,53.42935047991812,-12.771296591093678,-3.495680413006985,crime
2026-05-02,42.00634360415446,50.13983210620479,-8.133488502050334,1.1401252859679958,1.6783257008741488,2.3662286168588507,39.77169804365719,44.24098916465173,46.85031373249146,53.42935047991813,-12.77129659109368,-3.495680413006986,crime
2026-05-03,42.00634360415446,50.13983210620479,-8.133488502050332,1.1401252859679958,1.6783257008741488,2.36622861685885,39.77169804365719,44.24098916465173,46.85031373249146,53.42935047991813,-12.771296591093678,-3.495680413006985,crime
2026-05-04,42.00634360415446,50.13983210620479,-8.133488502050332,1.1401252859679958,1.6783257008741486,2.36622861685885,39.77169804365719,44.24098916465173,46.850313732491465,53.42935047991812,-12.771296591093678,-3.495680413006985,crime
2026-05-05,42.00634360415446,50.13983210620479,-8.133488502050332,1.1401252859679958,1.6783257008741486,2.36622861685885,39.77169804365719,44.24098916465173,46.850313732491465,53.42935047991812,-12.771296591093678,-3.495680413006985,crime
2026-05-06,42.00634360415446,50.13983210620479,-8.133488502050332,1.1401252859679958,1.6783257008741486,2.36622861685885,39.77169804365719,44.24098916465173,46.850313732491465,53.42935047991812,-12.771296591093678,-3.495680413006985,crime
2026-05-07,42.00634360415446,50.13983210620479,-8.133488502050332,1.1401252859679958,1.6783257008741486,2.36622861685885,39.77169804365719,44.24098916465173,46.850313732491465,53.42935047991812,-12.771296591093678,-3.495680413006985,crime
2026-05-08,42.00634360415446,50.13983210620479,-8.133488502050332,1.1401252859679958,1.6783257008741486,2.36622861685885,39.77169804365719,44.24098916465173,46.850313732491465,53.42935047991812,-12.771296591093678,-3.495680413006985,crime
2026-05-09,42.006343604154466,50.1398321062048,-8.133488502050334,1.1401252859679958,1.678325700874149,2.3662286168588507,39.771698043657196,44.24098916465174,46.850313732491465,53.429350479918135,-12.77129659109368,-3.495680413006986,crime
2026-05-10,42.00634360415446,50.13983210620479,-8.133488502050332,1.1401252859679958,1.6783257008741486,2.36622861685885,39.77169804365719,44.24098916465173,46.850313732491465,53.42935047991812,-12.771296591093678,-3.495680413006985,crime
2026-05-11,42.424026026983995,49.93716760524674,-7.513141578262745,0.9623375573762619,1.076038888277258,1.696263777488345,40.537844414526525,44.310207639441465,47.82813138422332,52.046203826270165,-10.837818582139901,-4.1884645743855895,crime
2026-05-12,42.424026026984,49.93716760524675,-7.513141578262746,0.962337557376262,1.0760388882772582,1.696263777488345,40.53784441452653,44.31020763944147,47.828131384223326,52.04620382627017,-10.837818582139903,-4.18846457438559,crime
2026-05-13,42.424026026984,49.93716760524675,-7.513141578262746,0.962337557376262,1.076038888277258,1.696263777488345,40.53784441452653,44.31020763944147,47.828131384223326,52.04620382627017,-10.837818582139903,-4.18846457438559,crime
2026-05-14,42.424026026984,49.93716760524675,-7.513141578262746,0.9623375573762621,1.0760388882772582,1.696263777488345,40.53784441452653,44.31020763944147,47.828131384223326,52.04620382627017,-10.837818582139903,-4.18846457438559,crime
2026-05-15,42.424026026983995,49.93716760524674,-7.513141578262745,0.9623375573762619,1.076038888277258,1.696263777488345,40.537844414526525,44.310207639441465,47.82813138422332,52.046203826270165,-10.837818582139901,-4.1884645743855895,crime
2026-05-16,42.424026026984,49.93716760524675,-7.513141578262746,0.9623375573762621,1.0760388882772582,1.696263777488345,40.53784441452653,44.31020763944147,47.828131384223326,52.04620382627017,-10.837818582139903,-4.18846457438559,crime
2026-05-17,42.424026026984,49.93716760524675,-7.513141578262746,0.962337557376262,1.076038888277258,1.696263777488345,40.53784441452653,44.31020763944147,47.828131384223326,52.04620382627017,-10.837818582139903,-4.18846457438559,crime
2026-05-18,41.59088652540641,50.42558648378271,-8.834699958376298,1.473674199468754,1.1929770494293663,2.450270265756006,38.70248509444765,44.47928795636517,48.087351466901154,52.763821500664264,-13.63722967925807,-4.032170237494527,crime
2026-05-19,41.48786970901416,50.663110856104545,-9.175241147090382,1.4190491868077548,1.3158104745299186,2.508693137166341,38.706533302870966,44.26920611515736,48.084122326025906,53.242099386183185,-14.09227969593641,-4.258202598244354,crime
2026-05-20,41.48786970901417,50.66311085610455,-9.175241147090384,1.419049186807755,1.3158104745299186,2.508693137166341,38.70653330287097,44.26920611515737,48.08412232602591,53.24209938618319,-14.092279695936412,-4.258202598244356,crime
2026-05-21,41.56243584852018,51.319602633968536,-9.757166785448355,1.4369285547712114,1.6984130164461035,2.8330562379394224,38.74605588116861,44.378815815871754,47.990713121734174,54.6484921462029,-15.309957011809622,-4.204376559087088,crime
2026-05-22,41.56243584852018,51.319602633968536,-9.757166785448357,1.4369285547712116,1.6984130164461035,2.8330562379394224,38.74605588116861,44.378815815871754,47.990713121734174,54.6484921462029,-15.309957011809624,-4.204376559087089,crime
2026-05-23,41.56243584852018,51.319602633968536,-9.757166785448357,1.4369285547712116,1.6984130164461035,2.8330562379394224,38.74605588116861,44.378815815871754,47.990713121734174,54.6484921462029,-15.309957011809624,-4.204376559087089,crime
2026-05-24,41.56243584852018,51.319602633968536,-9.757166785448357,1.4369285547712116,1.6984130164461035,2.8330562379394224,38.74605588116861,44.378815815871754,47.990713121734174,54.6484921462029,-15.309957011809624,-4.204376559087089,crime
2026-05-25,41.562435848520174,51.31960263396853,-9.757166785448355,1.4369285547712114,1.6984130164461035,2.8330562379394224,38.7460558811686,44.37881581587175,47.99071312173417,54.64849214620289,-15.309957011809622,-4.204376559087088,crime
2026-05-26,41.562435848520174,51.31960263396853,-9.757166785448355,1.4369285547712114,1.6984130164461035,2.8330562379394224,38.7460558811686,44.37881581587175,47.99071312173417,54.64849214620289,-15.309957011809622,-4.204376559087088,crime
2026-05-27,41.56243584852018,51.319602633968536,-9.757166785448355,1.4369285547712114,1.6984130164461035,2.8330562379394224,38.74605588116861,44.378815815871754,47.990713121734174,54.6484921462029,-15.309957011809622,-4.204376559087088,crime
2026-05-28,41.56243584852018,51.319602633968536,-9.757166785448357,1.4369285547712116,1.6984130164461035,2.8330562379394224,38.74605588116861,44.378815815871754,47.990713121734174,54.6484921462029,-15.309957011809624,-4.204376559087089,crime
2026-05-29,41.562435848520174,51.31960263396853,-9.757166785448355,1.4369285547712114,1.6984130164461035,2.833056237939422,38.7460558811686,44.37881581587175,47.99071312173417,54.64849214620289,-15.309957011809622,-4.2043765590870885,crime
2026-05-30,41.562435848520174,51.319602633968536,-9.757166785448355,1.4369285547712114,1.6984130164461035,2.8330562379394224,38.7460558811686,44.37881581587175,47.990713121734174,54.6484921462029,-15.309957011809622,-4.204376559087088,crime
2026-05-31,41.56243584852018,51.319602633968536,-9.757166785448355,1.4369285547712116,1.6984130164461035,2.8330562379394224,38.74605588116861,44.378815815871754,47.990713121734174,54.6484921462029,-15.309957011809622,-4.204376559087088,crime
2026-06-01,41.56243584852018,51.319602633968536,-9.757166785448355,1.4369285547712116,1.6984130164461035,2.8330562379394224,38.74605588116861,44.378815815871754,47.990713121734174,54.6484921462029,-15.309957011809622,-4.204376559087088,crime
2026-06-02,41.562435848520174,51.319602633968536,-9.757166785448355,1.4369285547712114,1.6984130164461035,2.8330562379394224,38.7460558811686,44.37881581587175,47.990713121734174,54.6484921462029,-15.309957011809622,-4.204376559087088,crime
2026-06-03,41.56243584852018,51.319602633968536,-9.757166785448355,1.4369285547712116,1.6984130164461035,2.8330562379394224,38.74605588116861,44.378815815871754,47.990713121734174,54.6484921462029,-15.309957011809622,-4.204376559087088,crime
2025-01-21,0,0,0,0,0,0,0,0,0,0,0,0,healthcare
2025-01-22,0,0,0,0,0,0,0,0,0,0,0,0,healthcare
2025-01-23,37.08850045407442,51.89966029904026,-14.811159844965836,0,0,0,37.08850045407442,37.08850045407442,51.89966029904026,51.89966029904026,-14.811159844965836,-14.811159844965836,healthcare
2025-01-24,37.08850045407442,51.89966029904026,-14.811159844965836,0,0,0,37.08850045407442,37.08850045407442,51.89966029904026,51.89966029904026,-14.811159844965836,-14.811159844965836,healthcare
2025-01-25,37.08850045407442,51.89966029904026,-14.811159844965836,0,0,0,37.08850045407442,37.08850045407442,51.89966029904026,51.89966029904026,-14.811159844965836,-14.811159844965836,healthcare
2025-01-26,37.08850045407442,51.89966029904026,-14.811159844965836,0,0,0,37.08850045407442,37.08850045407442,51.89966029904026,51.89966029904026,-14.811159844965836,-14.811159844965836,healthcare
2025-01-27,37.08850045407442,51.89966029904026,-14.811159844965836,0,0,0,37.08850045407442,37.08850045407442,51.89966029904026,51.89966029904026,-14.811159844965836,-14.811159844965836,healthcare
2025-01-28,37.08850045407442,51.89966029904026,-14.811159844965836,0,0,0,37.08850045407442,37.08850045407442,51.89966029904026,51.89966029904026,-14.811159844965836,-14.811159844965836,healthcare
2025-01-29,37.08850045407442,51.89966029904026,-14.811159844965836,0,0,0,37.08850045407442,37.08850045407442,51.89966029904026,51.89966029904026,-14.811159844965836,-14.811159844965836,healthcare
2025-01-30,37.08850045407442,51.89966029904026,-14.811159844965836,0,0,0,37.08850045407442,37.08850045407442,51.89966029904026,51.89966029904026,-14.811159844965836,-14.811159844965836,healthcare
2025-01-31,37.08850045407442,51.89966029904026,-14.811159844965836,0,0,0,37.08850045407442,37.08850045407442,51.89966029904026,51.89966029904026,-14.811159844965836,-14.811159844965836,healthcare
2025-02-01,37.08850045407442,51.89966029904026,-14.811159844965836,0,0,0,37.08850045407442,37.08850045407442,51.89966029904026,51.89966029904026,-14.811159844965836,-14.811159844965836,healthcare
2025-02-02,37.08850045407442,51.89966029904026,-14.811159844965836,0,0,0,37.08850045407442,37.08850045407442,51.89966029904026,51.89966029904026,-14.811159844965836,-14.811159844965836,healthcare
2025-02-03,37.08850045407442,51.89966029904026,-14.811159844965836,0,0,0,37.08850045407442,37.08850045407442,51.89966029904026,51.89966029904026,-14.811159844965836,-14.811159844965836,healthcare
2025-02-04,37.72599192682993,46.76371067211376,-9.037718745283824,0.4826454672025148,3.8884328860147845,4.3710783532173,36.780006811113,38.67197704254686,39.14238221552478,54.385039128702736,-17.605032317589732,-0.47040517297791595,healthcare
2025-02-05,37.72599192682993,46.76371067211376,-9.037718745283824,0.4826454672025148,3.8884328860147845,4.3710783532173,36.780006811113,38.67197704254686,39.14238221552478,54.385039128702736,-17.605032317589732,-0.47040517297791595,healthcare
2025-02-06,37.72599192682993,46.76371067211376,-9.037718745283824,0.4826454672025148,3.8884328860147845,4.3710783532173,36.780006811113,38.67197704254686,39.14238221552478,54.385039128702736,-17.605032317589732,-0.47040517297791595,healthcare
2025-02-07,37.72599192682993,46.76371067211376,-9.037718745283824,0.4826454672025148,3.8884328860147845,4.3710783532173,36.780006811113,38.67197704254686,39.14238221552478,54.385039128702736,-17.605032317589732,-0.47040517297791595,healthcare
2025-02-08,37.72599192682993,46.76371067211376,-9.037718745283824,0.4826454672025148,3.8884328860147845,4.3710783532173,36.780006811113,38.67197704254686,39.14238221552478,54.385039128702736,-17.605032317589732,-0.47040517297791595,healthcare
2025-02-09,37.72599192682993,46.76371067211376,-9.037718745283824,0.4826454672025148,3.8884328860147845,4.3710783532173,36.780006811113,38.67197704254686,39.14238221552478,54.385039128702736,-17.605032317589732,-0.47040517297791595,healthcare
2025-02-10,37.725991926829934,46.76371067211376,-9.037718745283824,0.48264546720251483,3.888432886014785,4.3710783532173,36.780006811113005,38.671977042546864,39.14238221552478,54.385039128702736,-17.605032317589732,-0.47040517297791595,healthcare
2025-02-11,35.919456176622695,47.6228186893068,-11.703362512684105,1.810430999218984,2.8890795971626337,3.790265384938672,32.371011418153486,39.467900935091905,41.960222678868035,53.28541469974556,-19.132282667163903,-4.2744423582043085,healthcare
2025-02-12,35.91945617662269,47.6228186893068,-11.703362512684103,1.8104309992189838,2.8890795971626333,3.790265384938672,32.37101141815348,39.4679009350919,41.960222678868035,53.28541469974556,-19.1322826671639,-4.274442358204307,healthcare
2025-02-13,35.919456176622695,47.6228186893068,-11.703362512684105,1.810430999218984,2.8890795971626333,3.790265384938672,32.371011418153486,39.467900935091905,41.960222678868035,53.28541469974556,-19.132282667163903,-4.2744423582043085,healthcare
2025-02-14,35.9194561766227,47.622818689306804,-11.703362512684105,1.810430999218984,2.8890795971626337,3.790265384938672,32.37101141815349,39.46790093509191,41.96022267886804,53.285414699745566,-19.132282667163903,-4.2744423582043085,healthcare
2025-02-15,35.919456176622695,47.622818689306804,-11.703362512684105,1.810430999218984,2.8890795971626333,3.790265384938672,32.371011418153486,39.467900935091905,41.96022267886804,53.285414699745566,-19.132282667163903,-4.2744423582043085,healthcare
2025-02-16,35.919456176622695,47.622818689306804,-11.703362512684105,1.810430999218984,2.8890795971626333,3.7902653849386714,32.371011418153486,39.467900935091905,41.96022267886804,53.285414699745566,-19.1322826671639,-4.274442358204309,healthcare
2025-02-17,35.919456176622695,47.622818689306804,-11.703362512684105,1.810430999218984,2.8890795971626333,3.790265384938672,32.371011418153486,39.467900935091905,41.96022267886804,53.285414699745566,-19.132282667163903,-4.2744423582043085,healthcare
2025-02-18,35.9194561766227,47.622818689306804,-11.703362512684107,1.810430999218984,2.8890795971626337,3.790265384938672,32.37101141815349,39.46790093509191,41.96022267886804,53.285414699745566,-19.132282667163903,-4.27444235820431,healthcare
2025-02-19,35.919456176622695,47.6228186893068,-11.703362512684105,1.810430999218984,2.8890795971626333,3.790265384938672,32.371011418153486,39.467900935091905,41.960222678868035,53.28541469974556,-19.132282667163903,-4.2744423582043085,healthcare
2025-02-20,35.919456176622695,47.6228186893068,-11.703362512684105,1.8104309992189838,2.8890795971626333,3.7902653849386714,32.371011418153486,39.467900935091905,41.960222678868035,53.28541469974556,-19.1322826671639,-4.274442358204309,healthcare
2025-02-21,35.919456176622695,47.6228186893068,-11.703362512684105,1.810430999218984,2.8890795971626333,3.7902653849386714,32.371011418153486,39.467900935091905,41.960222678868035,53.28541469974556,-19.1322826671639,-4.274442358204309,healthcare
2025-02-22,35.9194561766227,47.622818689306804,-11.703362512684107,1.810430999218984,2.8890795971626337,3.790265384938672,32.37101141815349,39.46790093509191,41.96022267886804,53.285414699745566,-19.132282667163903,-4.27444235820431,healthcare
2025-02-23,35.9194561766227,47.6228186893068,-11.703362512684105,1.810430999218984,2.8890795971626337,3.7902653849386723,32.37101141815349,39.46790093509191,41.960222678868035,53.28541469974556,-19.132282667163903,-4.274442358204308,healthcare
2025-02-24,35.919456176622695,47.6228186893068,-11.703362512684105,1.810430999218984,2.8890795971626337,3.790265384938672,32.371011418153486,39.467900935091905,41.960222678868035,53.28541469974556,-19.132282667163903,-4.2744423582043085,healthcare
2025-02-25,35.9194561766227,47.622818689306804,-11.703362512684105,1.810430999218984,2.8890795971626337,3.7902653849386723,32.37101141815349,39.46790093509191,41.96022267886804,53.285414699745566,-19.132282667163903,-4.274442358204308,healthcare
2025-02-26,35.919456176622695,47.6228186893068,-11.703362512684105,1.810430999218984,2.8890795971626337,3.790265384938672,32.371011418153486,39.467900935091905,41.960222678868035,53.28541469974556,-19.132282667163903,-4.2744423582043085,healthcare
2025-02-27,35.919456176622695,47.6228186893068,-11.703362512684105,1.8104309992189838,2.8890795971626333,3.7902653849386714,32.371011418153486,39.467900935091905,41.960222678868035,53.28541469974556,-19.1322826671639,-4.274442358204309,healthcare
2025-02-28,35.9194561766227,47.62281868930681,-11.703362512684107,1.810430999218984,2.8890795971626337,3.790265384938672,32.37101141815349,39.46790093509191,41.96022267886805,53.28541469974557,-19.132282667163903,-4.27444235820431,healthcare
2025-03-01,35.919456176622695,47.6228186893068,-11.703362512684105,1.810430999218984,2.8890795971626333,3.7902653849386714,32.371011418153486,39.467900935091905,41.960222678868035,53.28541469974556,-19.1322826671639,-4.274442358204309,healthcare
2025-03-02,35.919456176622695,47.6228186893068,-11.703362512684105,1.8104309992189838,2.8890795971626333,3.7902653849386714,32.371011418153486,39.467900935091905,41.960222678868035,53.28541469974556,-19.1322826671639,-4.274442358204309,healthcare
2025-03-03,35.9194561766227,47.622818689306804,-11.703362512684107,1.810430999218984,2.8890795971626337,3.790265384938672,32.37101141815349,39.46790093509191,41.96022267886804,53.285414699745566,-19.132282667163903,-4.27444235820431,healthcare
2025-03-04,37.673387629269946,46.217880471812414,-8.54449284254247,1.156651371231276,1.5431768415971139,2.343645223163767,35.40635094165665,39.940424316883245,43.19325386228207,49.24250708134276,-13.138037479943453,-3.9509482051414864,healthcare
2025-03-05,37.67338762926994,46.217880471812414,-8.544492842542468,1.156651371231276,1.5431768415971137,2.3436452231637666,35.40635094165664,39.94042431688324,43.19325386228207,49.24250708134276,-13.13803747994345,-3.9509482051414855,healthcare
2025-03-06,37.67338762926994,46.217880471812414,-8.544492842542468,1.1566513712312758,1.5431768415971137,2.3436452231637666,35.40635094165664,39.94042431688324,43.19325386228207,49.24250708134276,-13.13803747994345,-3.9509482051414855,healthcare
2025-03-07,37.673387629269946,46.217880471812414,-8.54449284254247,1.1566513712312758,1.5431768415971137,2.3436452231637666,35.40635094165665,39.940424316883245,43.19325386228207,49.24250708134276,-13.138037479943453,-3.9509482051414873,healthcare
2025-03-08,37.673387629269946,46.217880471812414,-8.544492842542468,1.1566513712312758,1.5431768415971139,2.3436452231637666,35.40635094165665,39.940424316883245,43.19325386228207,49.24250708134276,-13.13803747994345,-3.9509482051414855,healthcare
2025-03-09,39.29936222168344,47.208029666240954,-7.908667444557511,2.7933710889054697,2.062321327438654,2.23759260809096,33.82435488742872,44.77436955593816,43.16587986446119,51.25017946802072,-12.294348956415792,-3.522985932699229,healthcare
2025-03-10,39.29936222168345,47.20802966624096,-7.908667444557513,2.79337108890547,2.062321327438654,2.2375926080909605,33.82435488742873,44.77436955593817,43.1658798644612,51.25017946802072,-12.294348956415796,-3.52298593269923,healthcare
2025-03-11,37.039457994519324,48.58727366073797,-11.547815666218652,3.5092916854050755,1.9502931274310065,4.2802489954120215,30.161246291125376,43.91766969791327,44.7646991309732,52.40984819050274,-19.937103697226213,-3.1585276352110903,healthcare
2025-03-12,40.29790893229849,49.82167773941219,-9.523768807113697,3.8492739013183184,1.756974715264288,3.44996610232459,32.75333208571459,47.84248577888239,46.378007297494186,53.26534818133019,-16.28570236766989,-2.761835246557501,healthcare
2025-03-13,40.29790893229849,49.82167773941219,-9.523768807113697,3.849273901318319,1.756974715264288,3.44996610232459,32.75333208571459,47.84248577888239,46.378007297494186,53.26534818133019,-16.28570236766989,-2.761835246557501,healthcare
2025-03-14,40.29790893229849,49.82167773941219,-9.523768807113697,3.8492739013183184,1.756974715264288,3.44996610232459,32.75333208571459,47.84248577888239,46.378007297494186,53.26534818133019,-16.28570236766989,-2.761835246557501,healthcare
2025-03-15,40.2979089322985,49.821677739412195,-9.523768807113699,3.849273901318319,1.756974715264288,3.4499661023245904,32.75333208571459,47.842485778882406,46.37800729749419,53.2653481813302,-16.285702367669895,-2.761835246557502,healthcare
2025-03-16,40.29790893229849,49.821677739412195,-9.523768807113697,3.8492739013183184,1.7569747152642878,3.44996610232459,32.75333208571459,47.84248577888239,46.37800729749419,53.2653481813302,-16.28570236766989,-2.761835246557501,healthcare
2025-03-17,40.2979089322985,49.821677739412195,-9.523768807113699,3.849273901318319,1.756974715264288,3.44996610232459,32.75333208571459,47.842485778882406,46.37800729749419,53.2653481813302,-16.285702367669895,-2.761835246557503,healthcare
2025-03-18,40.29790893229849,49.82167773941219,-9.523768807113697,3.8492739013183184,1.756974715264288,3.44996610232459,32.75333208571459,47.84248577888239,46.378007297494186,53.26534818133019,-16.28570236766989,-2.761835246557501,healthcare
2025-03-19,40.29790893229849,49.821677739412195,-9.523768807113699,3.8492739013183184,1.756974715264288,3.44996610232459,32.75333208571459,47.84248577888239,46.37800729749419,53.2653481813302,-16.285702367669895,-2.761835246557503,healthcare
2025-03-20,40.29790893229849,49.82167773941219,-9.523768807113697,3.849273901318319,1.756974715264288,3.44996610232459,32.75333208571459,47.84248577888239,46.378007297494186,53.26534818133019,-16.28570236766989,-2.761835246557501,healthcare
2025-03-21,40.2979089322985,49.821677739412195,-9.523768807113699,3.849273901318319,1.756974715264288,3.44996610232459,32.75333208571459,47.842485778882406,46.37800729749419,53.2653481813302,-16.285702367669895,-2.761835246557503,healthcare
2025-03-22,40.29790893229849,49.821677739412195,-9.523768807113699,3.8492739013183184,1.7569747152642878,3.44996610232459,32.75333208571459,47.84248577888239,46.37800729749419,53.2653481813302,-16.285702367669895,-2.761835246557503,healthcare
2025-03-23,40.2979089322985,49.821677739412195,-9.523768807113699,3.849273901318319,1.756974715264288,3.44996610232459,32.75333208571459,47.842485778882406,46.37800729749419,53.2653481813302,-16.285702367669895,-2.761835246557503,healthcare
2025-03-24,40.2979089322985,49.821677739412195,-9.523768807113699,3.849273901318319,1.756974715264288,3.44996610232459,32.75333208571459,47.842485778882406,46.37800729749419,53.2653481813302,-16.285702367669895,-2.761835246557503,healthcare
2025-03-25,40.2979089322985,49.821677739412195,-9.523768807113699,3.849273901318319,1.756974715264288,3.44996610232459,32.75333208571459,47.842485778882406,46.37800729749419,53.2653481813302,-16.285702367669895,-2.761835246557503,healthcare
2025-03-26,40.2979089322985,49.821677739412195,-9.523768807113699,3.849273901318319,1.756974715264288,3.44996610232459,32.75333208571459,47.842485778882406,46.37800729749419,53.2653481813302,-16.285702367669895,-2.761835246557503,healthcare
2025-03-27,40.29790893229849,49.82167773941219,-9.523768807113697,3.8492739013183184,1.7569747152642878,3.44996610232459,32.75333208571459,47.84248577888239,46.378007297494186,53.26534818133019,-16.28570236766989,-2.761835246557501,healthcare
2025-03-28,40.2979089322985,49.821677739412195,-9.523768807113699,3.849273901318319,1.7569747152642878,3.44996610232459,32.75333208571459,47.842485778882406,46.37800729749419,53.2653481813302,-16.285702367669895,-2.761835246557503,healthcare
2025-03-29,40.29790893229849,49.821677739412195,-9.523768807113699,3.8492739013183184,1.7569747152642878,3.44996610232459,32.75333208571459,47.84248577888239,46.37800729749419,53.2653481813302,-16.285702367669895,-2.761835246557503,healthcare
2025-03-30,40.29790893229849,49.82167773941219,-9.523768807113697,3.849273901318319,1.7569747152642878,3.44996610232459,32.75333208571459,47.84248577888239,46.378007297494186,53.26534818133019,-16.28570236766989,-2.761835246557501,healthcare
2025-03-31,40.2979089322985,49.821677739412195,-9.523768807113699,3.849273901318319,1.756974715264288,3.44996610232459,32.75333208571459,47.842485778882406,46.37800729749419,53.2653481813302,-16.285702367669895,-2.761835246557503,healthcare
2025-04-01,39.68167244610283,49.8621331063123,-10.180460660209471,2.427634176843088,1.0471417835608652,2.1610504130929935,34.923509459490376,44.439835432715284,47.809735210533006,51.91453100209159,-14.416119469871738,-5.944801850547204,healthcare
2025-04-02,39.68167244610283,49.8621331063123,-10.180460660209471,2.4276341768430885,1.0471417835608652,2.161050413092994,34.923509459490376,44.439835432715284,47.809735210533006,51.91453100209159,-14.416119469871738,-5.944801850547203,healthcare
2025-04-03,39.68167244610283,49.86213310631229,-10.180460660209471,2.427634176843088,1.047141783560865,2.1610504130929935,34.923509459490376,44.439835432715284,47.809735210533,51.914531002091586,-14.416119469871738,-5.944801850547204,healthcare
2025-04-04,39.68167244610283,49.86213310631231,-10.180460660209471,2.427634176843088,1.047141783560865,2.1610504130929935,34.923509459490376,44.439835432715284,47.80973521053301,51.9145310020916,-14.416119469871738,-5.944801850547204,healthcare
2025-04-05,39.68167244610283,49.8621331063123,-10.180460660209471,2.427634176843088,1.0471417835608652,2.1610504130929935,34.923509459490376,44.439835432715284,47.809735210533006,51.91453100209159,-14.416119469871738,-5.944801850547204,healthcare
2025-04-06,39.68167244610283,49.8621331063123,-10.180460660209471,2.427634176843088,1.0471417835608652,2.1610504130929935,34.923509459490376,44.439835432715284,47.809735210533006,51.91453100209159,-14.416119469871738,-5.944801850547204,healthcare
2025-04-07,39.68167244610283,49.86213310631231,-10.180460660209471,2.427634176843088,1.0471417835608652,2.1610504130929935,34.923509459490376,44.439835432715284,47.80973521053301,51.9145310020916,-14.416119469871738,-5.944801850547204,healthcare
2025-04-08,37.05226760055867,50.84287216557271,-13.790604565014041,3.4480297729941873,1.2430723793994563,4.194761633754053,30.294129245490065,43.81040595562728,48.406450301949775,53.27929402919564,-22.012337367171988,-5.568871762856096,healthcare
2025-04-09,37.052267600558665,50.84287216557271,-13.79060456501404,3.448029772994187,1.2430723793994563,4.1947616337540525,30.29412924549006,43.810405955627274,48.406450301949775,53.27929402919564,-22.01233736717198,-5.568871762856096,healthcare
2025-04-10,37.052267600558665,50.84287216557271,-13.790604565014037,3.448029772994187,1.2430723793994563,4.1947616337540525,30.29412924549006,43.810405955627274,48.406450301949775,53.27929402919564,-22.01233736717198,-5.568871762856094,healthcare
2025-04-11,37.05226760055867,50.84287216557271,-13.790604565014041,3.4480297729941873,1.2430723793994563,4.194761633754053,30.294129245490065,43.81040595562728,48.406450301949775,53.27929402919564,-22.012337367171988,-5.568871762856096,healthcare
2025-04-12,37.052267600558665,50.84287216557271,-13.790604565014041,3.448029772994187,1.2430723793994563,4.194761633754053,30.29412924549006,43.810405955627274,48.406450301949775,53.27929402919564,-22.012337367171988,-5.568871762856096,healthcare
2025-04-13,37.052267600558665,50.84287216557271,-13.790604565014041,3.448029772994187,1.2430723793994563,4.194761633754053,30.29412924549006,43.810405955627274,48.406450301949775,53.27929402919564,-22.012337367171988,-5.568871762856096,healthcare
2025-04-14,36.36358829776204,52.5623889865868,-16.198800688824758,2.242170241255229,2.4500414853975108,4.321277773772428,31.968934624901795,40.758241970622294,47.76030767520768,57.364470297965916,-24.668505125418715,-7.7290962522308,healthcare
2025-04-15,36.33750676741491,52.01298272159802,-15.67547595418311,2.0460560080392223,2.6609311282211014,4.187213009288303,32.32723699165803,40.34777654317178,46.797557710284664,57.22840773291138,-23.882413452388185,-7.468538455978036,healthcare
2025-04-16,36.33750676741491,52.012982721598014,-15.675475954183106,2.0460560080392223,2.660931128221101,4.187213009288303,32.32723699165803,40.34777654317178,46.79755771028466,57.22840773291137,-23.882413452388178,-7.468538455978033,healthcare
2025-04-17,36.337506767414915,52.01298272159802,-15.67547595418311,2.0460560080392223,2.6609311282211014,4.187213009288303,32.32723699165804,40.34777654317179,46.797557710284664,57.22840773291138,-23.882413452388185,-7.468538455978036,healthcare
2025-04-18,36.337506767414915,52.01298272159802,-15.67547595418311,2.0460560080392223,2.6609311282211014,4.187213009288303,32.32723699165804,40.34777654317179,46.797557710284664,57.22840773291138,-23.882413452388185,-7.468538455978036,healthcare
2025-04-19,36.337506767414915,52.01298272159802,-15.67547595418311,2.0460560080392223,2.6609311282211014,4.187213009288303,32.32723699165804,40.34777654317179,46.797557710284664,57.22840773291138,-23.882413452388185,-7.468538455978036,healthcare
2025-04-20,36.33750676741491,52.01298272159802,-15.675475954183108,2.0460560080392223,2.660931128221101,4.187213009288303,32.32723699165803,40.34777654317178,46.797557710284664,57.22840773291138,-23.88241345238818,-7.468538455978035,healthcare
2025-04-21,36.337506767414915,52.01298272159802,-15.67547595418311,2.0460560080392223,2.6609311282211014,4.187213009288303,32.32723699165804,40.34777654317179,46.797557710284664,57.22840773291138,-23.882413452388185,-7.468538455978036,healthcare
2025-04-22,36.337506767414915,52.01298272159802,-15.67547595418311,2.0460560080392223,2.6609311282211014,4.187213009288303,32.32723699165804,40.34777654317179,46.797557710284664,57.22840773291138,-23.882413452388185,-7.468538455978036,healthcare
2025-04-23,36.33750676741491,52.01298272159802,-15.675475954183108,2.0460560080392223,2.660931128221101,4.187213009288303,32.32723699165803,40.34777654317178,46.797557710284664,57.22840773291138,-23.88241345238818,-7.468538455978035,healthcare
2025-04-24,36.337506767414915,52.01298272159802,-15.67547595418311,2.0460560080392223,2.6609311282211014,4.187213009288303,32.32723699165804,40.34777654317179,46.797557710284664,57.22840773291138,-23.882413452388185,-7.468538455978036,healthcare
2025-04-25,36.33750676741491,52.01298272159802,-15.67547595418311,2.0460560080392223,2.6609311282211014,4.187213009288303,32.32723699165803,40.34777654317178,46.797557710284664,57.22840773291138,-23.882413452388185,-7.468538455978036,healthcare
2025-04-26,36.33750676741491,52.01298272159802,-15.67547595418311,2.0460560080392223,2.6609311282211014,4.187213009288303,32.32723699165803,40.34777654317178,46.797557710284664,57.22840773291138,-23.882413452388185,-7.468538455978036,healthcare
2025-04-27,36.33750676741491,52.01298272159802,-15.67547595418311,2.0460560080392223,2.6609311282211014,4.187213009288303,32.32723699165803,40.34777654317178,46.797557710284664,57.22840773291138,-23.882413452388185,-7.468538455978036,healthcare
2025-04-28,37.0653780340429,51.1841420381152,-14.118764004072295,2.1273824632843263,2.6608097305037317,4.417734376393707,32.895708406005625,41.23504766208018,45.968954966327885,56.39932910990251,-22.77752338180396,-5.4600046263406306,healthcare
2025-04-29,37.0653780340429,51.1841420381152,-14.118764004072295,2.1273824632843263,2.6608097305037313,4.417734376393707,32.895708406005625,41.23504766208018,45.968954966327885,56.39932910990251,-22.77752338180396,-5.4600046263406306,healthcare
2025-04-30,37.065378034042894,51.18414203811519,-14.118764004072295,2.1273824632843263,2.6608097305037317,4.417734376393707,32.89570840600561,41.23504766208018,45.96895496632788,56.3993291099025,-22.77752338180396,-5.4600046263406306,healthcare
2025-05-01,37.065378034042894,51.18414203811519,-14.118764004072295,2.1273824632843263,2.6608097305037317,4.417734376393707,32.89570840600561,41.23504766208018,45.96895496632788,56.3993291099025,-22.77752338180396,-5.4600046263406306,healthcare
2025-05-02,37.065378034042894,51.18414203811519,-14.118764004072293,2.1273824632843263,2.6608097305037313,4.417734376393707,32.89570840600561,41.23504766208018,45.96895496632788,56.3993291099025,-22.77752338180396,-5.460004626340629,healthcare
2025-05-03,37.0653780340429,51.18414203811519,-14.118764004072295,2.1273824632843263,2.6608097305037317,4.417734376393707,32.895708406005625,41.23504766208018,45.96895496632788,56.3993291099025,-22.77752338180396,-5.4600046263406306,healthcare
2025-05-04,37.065378034042894,51.18414203811519,-14.118764004072295,2.1273824632843263,2.6608097305037317,4.417734376393707,32.89570840600561,41.23504766208018,45.96895496632788,56.3993291099025,-22.77752338180396,-5.4600046263406306,healthcare
2025-05-05,36.0495896403254,50.49072480053812,-14.44113516021272,1.7809857237197655,1.9809556891358036,3.096072660317424,32.55885762183466,39.54032165881614,46.60805164983194,54.37339795124429,-20.50943757443487,-8.37283274599057,healthcare
2025-05-06,36.01635570873164,50.59267897963039,-14.576323270898756,1.7012419121834639,1.9159329926215032,2.982559279825566,32.68192156085205,39.35078985661123,46.837450314092244,54.34790764516854,-20.422139459356867,-8.730507082440646,healthcare
2025-05-07,36.016355708731645,50.5926789796304,-14.576323270898758,1.701241912183464,1.9159329926215032,2.982559279825566,32.681921560852054,39.350789856611236,46.83745031409225,54.34790764516855,-20.422139459356867,-8.73050708244065,healthcare
2025-05-08,36.016355708731645,50.5926789796304,-14.576323270898758,1.701241912183464,1.9159329926215032,2.982559279825566,32.681921560852054,39.350789856611236,46.83745031409225,54.34790764516855,-20.422139459356867,-8.73050708244065,healthcare
2025-05-09,36.016355708731645,50.59267897963039,-14.576323270898756,1.701241912183464,1.9159329926215032,2.982559279825566,32.681921560852054,39.350789856611236,46.837450314092244,54.34790764516854,-20.422139459356867,-8.730507082440646,healthcare
2025-05-10,36.01635570873164,50.59267897963039,-14.576323270898756,1.7012419121834639,1.9159329926215032,2.9825592798255656,32.68192156085205,39.35078985661123,46.837450314092244,54.34790764516854,-20.422139459356863,-8.730507082440647,healthcare
2025-05-11,36.016355708731645,50.5926789796304,-14.576323270898758,1.701241912183464,1.9159329926215034,2.982559279825566,32.681921560852054,39.350789856611236,46.83745031409225,54.34790764516855,-20.422139459356867,-8.73050708244065,healthcare
2025-05-12,37.3358632812166,49.56615941451008,-12.230296133293487,1.9936240612810887,2.1291414433808864,3.7918817790408545,33.42836012110566,41.24336644132753,45.393042185483544,53.73927664353662,-19.662384420213563,-4.798207846373413,healthcare
2025-05-13,37.3358632812166,49.56615941451008,-12.230296133293487,1.9936240612810887,2.1291414433808864,3.7918817790408545,33.42836012110566,41.24336644132753,45.393042185483544,53.73927664353662,-19.662384420213563,-4.798207846373413,healthcare
2025-05-14,37.33586328121659,49.566159414510075,-12.230296133293486,1.9936240612810885,2.1291414433808864,3.7918817790408545,33.428360121105655,41.243366441327524,45.39304218548354,53.73927664353661,-19.66238442021356,-4.798207846373411,healthcare
2025-05-15,37.33586328121659,49.566159414510075,-12.230296133293486,1.9936240612810885,2.129141443380886,3.791881779040854,33.428360121105655,41.243366441327524,45.39304218548354,53.73927664353661,-19.66238442021356,-4.798207846373412,healthcare
2025-05-16,37.3358632812166,49.56615941451008,-12.230296133293487,1.9936240612810887,2.1291414433808864,3.7918817790408545,33.42836012110566,41.24336644132753,45.393042185483544,53.73927664353662,-19.662384420213563,-4.798207846373413,healthcare
2025-05-17,37.3358632812166,49.56615941451008,-12.23029613329349,1.9936240612810887,2.1291414433808864,3.7918817790408545,33.42836012110566,41.24336644132753,45.393042185483544,53.73927664353662,-19.662384420213563,-4.798207846373415,healthcare
2025-05-18,37.3358632812166,49.56615941451008,-12.230296133293487,1.9936240612810887,2.1291414433808864,3.7918817790408545,33.42836012110566,41.24336644132753,45.393042185483544,53.73927664353662,-19.662384420213563,-4.798207846373413,healthcare
2025-05-19,37.3358632812166,49.56615941451008,-12.230296133293487,1.9936240612810887,2.129141443380886,3.7918817790408545,33.42836012110566,41.24336644132753,45.393042185483544,53.73927664353662,-19.662384420213563,-4.798207846373413,healthcare
2025-05-20,37.33586328121659,49.566159414510075,-12.230296133293486,1.9936240612810885,2.1291414433808864,3.7918817790408545,33.428360121105655,41.243366441327524,45.39304218548354,53.73927664353661,-19.66238442021356,-4.798207846373411,healthcare
2025-05-21,37.33586328121659,49.566159414510075,-12.230296133293487,1.9936240612810885,2.129141443380886,3.7918817790408545,33.428360121105655,41.243366441327524,45.39304218548354,53.73927664353661,-19.662384420213563,-4.798207846373413,healthcare
2025-05-22,37.3358632812166,49.56615941451008,-12.230296133293487,1.9936240612810885,2.1291414433808864,3.7918817790408545,33.42836012110566,41.24336644132753,45.393042185483544,53.73927664353662,-19.662384420213563,-4.798207846373413,healthcare
2025-05-23,37.33586328121659,49.566159414510075,-12.230296133293487,1.9936240612810887,2.129141443380886,3.7918817790408545,33.428360121105655,41.243366441327524,45.39304218548354,53.73927664353661,-19.662384420213563,-4.798207846373413,healthcare
2025-05-24,37.33586328121659,49.56615941451008,-12.230296133293487,1.9936240612810887,2.1291414433808864,3.7918817790408545,33.428360121105655,41.243366441327524,45.393042185483544,53.73927664353662,-19.662384420213563,-4.798207846373413,healthcare
2025-05-25,37.33586328121659,49.566159414510075,-12.230296133293486,1.9936240612810885,2.129141443380886,3.791881779040854,33.428360121105655,41.243366441327524,45.39304218548354,53.73927664353661,-19.66238442021356,-4.798207846373412,healthcare
2025-05-26,37.3358632812166,49.56615941451008,-12.230296133293487,1.9936240612810887,2.1291414433808864,3.7918817790408545,33.42836012110566,41.24336644132753,45.393042185483544,53.73927664353662,-19.662384420213563,-4.798207846373413,healthcare
2025-05-27,35.61173577948332,52.10731635429619,-16.49558057481287,1.3488756087399811,1.7321630414815572,2.976002533782574,32.967939586352955,38.25553197261368,48.712276792992334,55.50235591560004,-22.328545541026713,-10.662615608599026,healthcare
2025-05-28,35.61173577948331,52.10731635429618,-16.495580574812866,1.3488756087399811,1.732163041481557,2.976002533782574,32.96793958635295,38.255531972613674,48.71227679299233,55.502355915600035,-22.32854554102671,-10.662615608599022,healthcare
2025-05-29,36.947422034483935,52.42796513333695,-15.480543098853014,2.6078570669522465,1.6035988278979274,3.1310301308615895,31.836022183257533,42.05882188571034,49.28491143065701,55.57101883601688,-21.61736215534173,-9.343724042364299,healthcare
2025-05-30,36.947422034483935,52.42796513333695,-15.480543098853014,2.6078570669522465,1.6035988278979274,3.131030130861589,31.836022183257533,42.05882188571034,49.28491143065701,55.57101883601688,-21.617362155341727,-9.3437240423643,healthcare
2025-05-31,36.94742203448393,52.42796513333694,-15.480543098853014,2.6078570669522465,1.6035988278979274,3.131030130861589,31.836022183257526,42.05882188571033,49.284911430657004,55.571018836016876,-21.617362155341727,-9.3437240423643,healthcare
2025-06-01,36.947422034483935,52.42796513333695,-15.480543098853014,2.6078570669522465,1.6035988278979274,3.131030130861589,31.836022183257533,42.05882188571034,49.28491143065701,55.57101883601688,-21.617362155341727,-9.3437240423643,healthcare
2025-06-02,37.421665116958614,52.73159495659874,-15.309929839640132,2.3170660252705972,1.4308859080157357,2.6496032518696784,32.88021570742824,41.96311452648899,49.9270585768879,55.53613133630958,-20.503152213304702,-10.116707465975562,healthcare
2025-06-03,37.421665116958614,52.73159495659875,-15.309929839640132,2.3170660252705972,1.4308859080157357,2.6496032518696784,32.88021570742824,41.96311452648899,49.92705857688791,55.53613133630959,-20.503152213304702,-10.116707465975562,healthcare
2025-06-04,37.421665116958614,52.73159495659874,-15.309929839640132,2.3170660252705972,1.4308859080157357,2.649603251869678,32.88021570742824,41.96311452648899,49.9270585768879,55.53613133630958,-20.503152213304702,-10.116707465975562,healthcare
2025-06-05,37.421665116958614,52.73159495659875,-15.309929839640136,2.3170660252705972,1.4308859080157357,2.6496032518696784,32.88021570742824,41.96311452648899,49.92705857688791,55.53613133630959,-20.503152213304705,-10.116707465975566,healthcare
2025-06-06,37.421665116958614,52.73159495659875,-15.309929839640132,2.3170660252705972,1.4308859080157355,2.6496032518696784,32.88021570742824,41.96311452648899,49.92705857688791,55.53613133630959,-20.503152213304702,-10.116707465975562,healthcare
2025-06-07,37.421665116958614,52.73159495659874,-15.309929839640132,2.3170660252705972,1.4308859080157355,2.649603251869678,32.88021570742824,41.96311452648899,49.9270585768879,55.53613133630958,-20.503152213304702,-10.116707465975562,healthcare
2025-06-08,37.421665116958614,52.73159495659875,-15.309929839640136,2.3170660252705972,1.4308859080157357,2.6496032518696784,32.88021570742824,41.96311452648899,49.92705857688791,55.53613133630959,-20.503152213304705,-10.116707465975566,healthcare
2025-06-09,35.48873779788809,53.528943214571115,-18.04020541668302,3.1621661707712216,1.446824182993287,4.0957391841858275,29.290892103176496,41.68658349259969,50.693167815904275,56.364718613237955,-26.06785421768724,-10.012556615678797,healthcare
2025-06-10,35.4887377978881,53.52894321457112,-18.040205416683023,3.1621661707712216,1.4468241829932873,4.0957391841858275,29.290892103176503,41.686583492599695,50.69316781590428,56.36471861323796,-26.067854217687245,-10.0125566156788,healthcare
2025-06-11,35.48873779788809,53.528943214571115,-18.04020541668302,3.1621661707712216,1.446824182993287,4.095739184185827,29.290892103176496,41.68658349259969,50.693167815904275,56.364718613237955,-26.06785421768724,-10.012556615678799,healthcare
2025-06-12,35.50769612892181,53.63784888388096,-18.130152754959152,3.005685112111812,1.4101816456604825,3.900410689043878,29.616553309182656,41.39883894866096,50.87389285838642,56.40180490937551,-25.774957705485154,-10.48534780443315,healthcare
2025-06-13,35.507696128921815,53.63784888388097,-18.130152754959155,3.0056851121118124,1.4101816456604825,3.9004106890438783,29.616553309182663,41.398838948660966,50.87389285838643,56.401804909375514,-25.774957705485157,-10.485347804433154,healthcare
2025-06-14,35.80160936083681,53.88691535804319,-18.085305997206383,2.6254954585379298,1.2728923797778973,3.343098380989597,30.655638262102464,40.94758045957115,51.39204629367851,56.38178442240787,-24.637778823945993,-11.532833170466773,healthcare
2025-06-15,35.80160936083681,53.8869153580432,-18.085305997206387,2.6254954585379298,1.2728923797778973,3.3430983809895976,30.655638262102464,40.94758045957115,51.39204629367852,56.381784422407875,-24.637778823945997,-11.532833170466777,healthcare
2025-06-16,35.80160936083681,53.88691535804319,-18.085305997206383,2.6254954585379298,1.2728923797778973,3.343098380989597,30.655638262102464,40.94758045957115,51.39204629367851,56.38178442240787,-24.637778823945993,-11.532833170466773,healthcare
2025-06-17,35.80160936083681,53.88691535804319,-18.085305997206383,2.6254954585379298,1.2728923797778973,3.3430983809895967,30.655638262102464,40.94758045957115,51.39204629367851,56.38178442240787,-24.637778823945993,-11.532833170466773,healthcare
2025-06-18,35.80160936083681,53.88691535804319,-18.085305997206387,2.6254954585379298,1.2728923797778973,3.343098380989597,30.655638262102464,40.94758045957115,51.39204629367851,56.38178442240787,-24.637778823945997,-11.532833170466777,healthcare
2025-06-19,35.80160936083681,53.8869153580432,-18.085305997206387,2.6254954585379298,1.2728923797778973,3.343098380989597,30.655638262102464,40.94758045957115,51.39204629367852,56.381784422407875,-24.637778823945997,-11.532833170466777,healthcare
2025-06-20,35.80160936083681,53.88691535804319,-18.085305997206383,2.6254954585379298,1.2728923797778973,3.343098380989597,30.655638262102464,40.94758045957115,51.39204629367851,56.38178442240787,-24.637778823945993,-11.532833170466773,healthcare
2025-06-21,35.80160936083681,53.88691535804318,-18.085305997206383,2.6254954585379298,1.2728923797778973,3.3430983809895967,30.655638262102464,40.94758045957115,51.392046293678504,56.38178442240786,-24.637778823945993,-11.532833170466773,healthcare
2025-06-22,35.80160936083681,53.88691535804319,-18.085305997206383,2.6254954585379298,1.2728923797778973,3.343098380989597,30.655638262102464,40.94758045957115,51.39204629367851,56.38178442240787,-24.637778823945993,-11.532833170466773,healthcare
2025-06-23,35.80160936083681,53.8869153580432,-18.085305997206387,2.6254954585379298,1.2728923797778973,3.343098380989597,30.655638262102464,40.94758045957115,51.39204629367852,56.381784422407875,-24.637778823945997,-11.532833170466777,healthcare
2025-06-24,35.80160936083681,53.88691535804319,-18.085305997206387,2.6254954585379298,1.2728923797778973,3.343098380989597,30.655638262102464,40.94758045957115,51.39204629367851,56.38178442240787,-24.637778823945997,-11.532833170466777,healthcare
2025-06-25,35.80160936083681,53.88691535804319,-18.085305997206383,2.6254954585379298,1.2728923797778973,3.343098380989597,30.655638262102464,40.94758045957115,51.39204629367851,56.38178442240787,-24.637778823945993,-11.532833170466773,healthcare
2025-06-26,35.80160936083681,53.88691535804319,-18.085305997206387,2.6254954585379298,1.2728923797778973,3.3430983809895976,30.655638262102464,40.94758045957115,51.39204629367851,56.38178442240787,-24.637778823945997,-11.532833170466777,healthcare
2025-06-27,35.80160936083681,53.88691535804319,-18.085305997206387,2.6254954585379298,1.2728923797778973,3.343098380989597,30.655638262102464,40.94758045957115,51.39204629367851,56.38178442240787,-24.637778823945997,-11.532833170466777,healthcare
2025-06-28,35.80160936083681,53.88691535804319,-18.085305997206383,2.6254954585379298,1.2728923797778973,3.343098380989597,30.655638262102464,40.94758045957115,51.39204629367851,56.38178442240787,-24.637778823945993,-11.532833170466773,healthcare
2025-06-29,35.80160936083681,53.88691535804319,-18.085305997206383,2.6254954585379298,1.2728923797778973,3.343098380989597,30.655638262102464,40.94758045957115,51.39204629367851,56.38178442240787,-24.637778823945993,-11.532833170466773,healthcare
2025-06-30,35.8016093608368,53.88691535804318,-18.085305997206383,2.6254954585379298,1.2728923797778973,3.3430983809895967,30.655638262102457,40.94758045957114,51.392046293678504,56.38178442240786,-24.637778823945993,-11.532833170466773,healthcare
2025-07-01,35.80160936083681,53.88691535804319,-18.085305997206383,2.6254954585379298,1.2728923797778973,3.3430983809895967,30.655638262102464,40.94758045957115,51.39204629367851,56.38178442240787,-24.637778823945993,-11.532833170466773,healthcare
2025-07-02,35.80160936083681,53.8869153580432,-18.085305997206387,2.6254954585379298,1.2728923797778973,3.343098380989597,30.655638262102464,40.94758045957115,51.39204629367852,56.381784422407875,-24.637778823945997,-11.532833170466777,healthcare
2025-07-03,35.80160936083681,53.88691535804319,-18.085305997206383,2.6254954585379298,1.2728923797778973,3.3430983809895967,30.655638262102464,40.94758045957115,51.39204629367851,56.38178442240787,-24.637778823945993,-11.532833170466773,healthcare
2025-07-04,35.80160936083681,53.88691535804319,-18.085305997206383,2.6254954585379298,1.2728923797778973,3.3430983809895967,30.655638262102464,40.94758045957115,51.39204629367851,56.38178442240787,-24.637778823945993,-11.532833170466773,healthcare
2025-07-05,35.80160936083681,53.88691535804319,-18.085305997206387,2.6254954585379298,1.2728923797778973,3.3430983809895967,30.655638262102464,40.94758045957115,51.39204629367851,56.38178442240787,-24.637778823945997,-11.532833170466777,healthcare
2025-07-06,34.9808077969075,56.820948289801905,-21.840140492894413,1.662451239303184,2.3281215653728697,3.3924852396003162,31.72240336787326,38.23921222594174,52.25783002167108,61.38406655793273,-28.489411562511034,-15.190869423277793,healthcare
2025-07-07,32.85478999890112,57.74442204482242,-24.889632045921303,2.7433806543310446,1.9758131648543724,4.267314389980692,27.477763916412272,38.231816081389965,53.87182824170785,61.61701584793699,-33.25356825028346,-16.52569584155915,healthcare
2025-07-08,32.85478999890112,57.74442204482242,-24.889632045921303,2.743380654331045,1.9758131648543726,4.267314389980692,27.477763916412272,38.231816081389965,53.87182824170785,61.61701584793699,-33.25356825028346,-16.52569584155915,healthcare
2025-07-09,32.85478999890112,57.744422044822414,-24.889632045921303,2.7433806543310446,1.9758131648543724,4.267314389980692,27.477763916412272,38.231816081389965,53.871828241707846,61.61701584793698,-33.25356825028346,-16.52569584155915,healthcare
2025-07-10,32.85478999890112,57.744422044822414,-24.8896320459213,2.7433806543310446,1.9758131648543724,4.267314389980692,27.477763916412272,38.231816081389965,53.871828241707846,61.61701584793698,-33.25356825028346,-16.52569584155914,healthcare
2025-07-11,32.85478999890112,57.74442204482242,-24.889632045921303,2.7433806543310446,1.9758131648543724,4.267314389980692,27.477763916412272,38.231816081389965,53.87182824170785,61.61701584793699,-33.25356825028346,-16.52569584155915,healthcare
2025-07-12,32.854789998901126,57.74442204482242,-24.889632045921307,2.743380654331045,1.9758131648543724,4.267314389980692,27.47776391641228,38.23181608138997,53.87182824170785,61.61701584793699,-33.253568250283465,-16.52569584155915,healthcare
2025-07-13,32.86286804976382,57.786723155139406,-24.923855105375587,3.29320235462197,1.763264209732362,4.75455042721213,26.408191434704758,39.317544664822876,54.330725304063975,61.242721006214836,-34.24277394271136,-15.604936268039813,healthcare
2025-07-14,33.04852569600879,57.706628904309525,-24.658103208300744,3.182530051963962,1.6944032789165067,4.593514590806792,26.810766794159424,39.286284597858156,54.385598477633174,61.02765933098588,-33.661391806282055,-15.654814610319432,healthcare
2025-07-15,33.04852569600879,57.706628904309525,-24.65810320830074,3.182530051963962,1.6944032789165067,4.593514590806792,26.810766794159424,39.286284597858156,54.385598477633174,61.02765933098588,-33.661391806282055,-15.654814610319429,healthcare
2025-07-16,33.389428859537475,57.40011990061924,-24.010691041081767,2.6713900169218574,1.4937152860444434,3.8973435387545323,28.153504426370635,38.62535329270432,54.47243793997213,60.327801861266344,-31.64948437704065,-16.371897705122883,healthcare
2025-07-17,33.38942885953747,57.40011990061924,-24.010691041081767,2.6713900169218574,1.4937152860444434,3.8973435387545323,28.153504426370628,38.625353292704304,54.47243793997213,60.327801861266344,-31.64948437704065,-16.371897705122883,healthcare
2025-07-18,32.90987392338396,56.86429495295143,-23.954421029567474,2.2203530022950266,1.3796921392359744,3.0972360740604463,28.55798203888571,37.26176580788221,54.16009836004892,59.568491545853945,-30.02500373472595,-17.883838324409,healthcare
2025-07-19,32.90987392338396,56.86429495295143,-23.954421029567474,2.2203530022950266,1.3796921392359744,3.0972360740604463,28.55798203888571,37.26176580788221,54.16009836004892,59.568491545853945,-30.02500373472595,-17.883838324409,healthcare
2025-07-20,32.87739071287102,56.7134478401152,-23.836057127244185,2.0208696495574374,1.2976792979902394,2.8291162266405863,28.916486199738443,36.838295226003595,54.16999641605433,59.25689926417607,-29.381124931459734,-18.290989323028636,healthcare
2025-07-21,33.27289090919896,56.2525781597752,-22.97968725057623,2.0956710640548897,1.633871238121577,3.3294242144678314,29.16537562365138,37.38040619474655,53.050190533056906,59.45496578649349,-29.50535871093318,-16.45401579021928,healthcare
2025-07-22,33.27289090919896,56.2525781597752,-22.97968725057623,2.0956710640548897,1.633871238121577,3.3294242144678314,29.16537562365138,37.38040619474655,53.050190533056906,59.45496578649349,-29.50535871093318,-16.45401579021928,healthcare
2025-07-23,33.27289090919896,56.25257815977519,-22.97968725057623,2.0956710640548897,1.633871238121577,3.3294242144678314,29.16537562365138,37.38040619474655,53.0501905330569,59.45496578649348,-29.50535871093318,-16.45401579021928,healthcare
2025-07-24,33.27289090919896,56.25257815977519,-22.97968725057623,2.0956710640548897,1.633871238121577,3.3294242144678314,29.16537562365138,37.38040619474655,53.0501905330569,59.45496578649348,-29.50535871093318,-16.45401579021928,healthcare
2025-07-25,33.27289090919896,56.25257815977519,-22.97968725057623,2.0956710640548897,1.633871238121577,3.3294242144678314,29.16537562365138,37.38040619474655,53.0501905330569,59.45496578649348,-29.50535871093318,-16.45401579021928,healthcare
2025-07-26,33.27289090919896,56.2525781597752,-22.979687250576234,2.0956710640548897,1.6338712381215772,3.329424214467832,29.16537562365138,37.38040619474655,53.050190533056906,59.45496578649349,-29.505358710933184,-16.454015790219284,healthcare
2025-07-27,33.56239350075887,56.51276291164877,-22.950369410889902,1.9220801767447548,1.5120934893217985,2.927038393597591,29.795116354339154,37.329670647178595,53.549059672578046,59.476466150719496,-28.68736466234118,-17.213374159438622,healthcare
2025-07-28,33.56239350075887,56.51276291164877,-22.950369410889902,1.922080176744755,1.5120934893217988,2.927038393597591,29.795116354339154,37.329670647178595,53.549059672578046,59.476466150719496,-28.68736466234118,-17.213374159438622,healthcare
2025-07-29,33.56239350075887,56.51276291164877,-22.950369410889902,1.922080176744755,1.5120934893217985,2.927038393597591,29.795116354339154,37.329670647178595,53.549059672578046,59.476466150719496,-28.68736466234118,-17.213374159438622,healthcare
2025-07-30,33.562393500758866,56.512762911648764,-22.9503694108899,1.9220801767447548,1.5120934893217988,2.927038393597591,29.795116354339147,37.32967064717859,53.54905967257804,59.47646615071949,-28.687364662341174,-17.213374159438622,healthcare
2025-07-31,34.00195172162428,56.74360183726669,-22.741650115642408,1.9014258294985376,1.4066490120754536,2.621151396899502,30.275157095807145,37.728746347441415,53.9865697735988,59.500633900934574,-27.879106853565432,-17.604193377719383,healthcare
2025-08-01,34.00195172162428,56.743601837266695,-22.74165011564241,1.9014258294985378,1.4066490120754536,2.621151396899502,30.275157095807145,37.728746347441415,53.98656977359881,59.50063390093458,-27.879106853565435,-17.604193377719387,healthcare
2025-08-02,34.00195172162428,56.74360183726669,-22.741650115642408,1.9014258294985376,1.4066490120754536,2.621151396899502,30.275157095807145,37.728746347441415,53.9865697735988,59.500633900934574,-27.879106853565432,-17.604193377719383,healthcare
2025-08-03,34.00195172162428,56.743601837266695,-22.741650115642408,1.9014258294985378,1.4066490120754536,2.621151396899502,30.275157095807145,37.728746347441415,53.98656977359881,59.50063390093458,-27.879106853565432,-17.604193377719383,healthcare
2025-08-04,33.48770171444314,57.32994309440901,-23.842241379965873,1.7944422302889034,1.5132466894071845,2.82154934428688,29.97059494307689,37.00480848580939,54.36397958317093,60.29590660564709,-29.37247809476816,-18.312004665163588,healthcare
2025-08-05,33.48770171444314,57.32994309440901,-23.842241379965873,1.7944422302889034,1.5132466894071845,2.82154934428688,29.97059494307689,37.00480848580939,54.36397958317093,60.29590660564709,-29.37247809476816,-18.312004665163588,healthcare
2025-08-06,33.48770171444314,57.32994309440902,-23.842241379965873,1.7944422302889034,1.5132466894071848,2.82154934428688,29.97059494307689,37.00480848580939,54.36397958317094,60.2959066056471,-29.37247809476816,-18.312004665163588,healthcare
2025-08-07,33.48770171444314,57.32994309440901,-23.842241379965873,1.7944422302889032,1.5132466894071845,2.82154934428688,29.97059494307689,37.00480848580939,54.36397958317093,60.29590660564709,-29.37247809476816,-18.312004665163588,healthcare
2025-08-08,33.48770171444315,57.329943094409025,-23.842241379965877,1.7944422302889036,1.5132466894071848,2.82154934428688,29.970594943076897,37.0048084858094,54.363979583170945,60.295906605647104,-29.372478094768162,-18.31200466516359,healthcare
2025-08-09,33.48770171444314,57.32994309440902,-23.842241379965873,1.7944422302889034,1.5132466894071848,2.82154934428688,29.97059494307689,37.00480848580939,54.36397958317094,60.2959066056471,-29.37247809476816,-18.312004665163588,healthcare
2025-08-10,33.982756525878905,57.90173454098887,-23.91897801510996,1.5258146324816133,1.3749166373958808,2.1984585415663176,30.992159846214943,36.973353205542864,55.20689793169294,60.596571150284795,-28.227956756579943,-19.60999927363998,healthcare
2025-08-11,33.982756525878905,57.90173454098887,-23.91897801510996,1.5258146324816133,1.374916637395881,2.1984585415663176,30.992159846214943,36.973353205542864,55.20689793169294,60.596571150284795,-28.227956756579943,-19.60999927363998,healthcare
2025-08-12,33.98275652587891,57.901734540988876,-23.91897801510996,1.5258146324816133,1.374916637395881,2.1984585415663176,30.99215984621495,36.97335320554287,55.20689793169295,60.5965711502848,-28.227956756579943,-19.60999927363998,healthcare
2025-08-13,33.98275652587891,57.901734540988876,-23.91897801510996,1.5258146324816133,1.374916637395881,2.1984585415663176,30.99215984621495,36.97335320554287,55.20689793169295,60.5965711502848,-28.227956756579943,-19.60999927363998,healthcare
2025-08-14,33.98275652587891,57.90173454098887,-23.91897801510996,1.5258146324816133,1.3749166373958808,2.1984585415663176,30.99215984621495,36.97335320554287,55.20689793169294,60.596571150284795,-28.227956756579943,-19.60999927363998,healthcare
2025-08-15,33.98275652587891,57.901734540988876,-23.918978015109964,1.5258146324816133,1.374916637395881,2.1984585415663176,30.99215984621495,36.97335320554287,55.20689793169295,60.5965711502848,-28.227956756579946,-19.609999273639982,healthcare
2025-08-16,33.98275652587891,57.901734540988876,-23.918978015109964,1.5258146324816133,1.374916637395881,2.1984585415663176,30.99215984621495,36.97335320554287,55.20689793169295,60.5965711502848,-28.227956756579946,-19.609999273639982,healthcare
2025-08-17,33.98275652587891,57.901734540988876,-23.918978015109964,1.5258146324816133,1.374916637395881,2.1984585415663176,30.99215984621495,36.97335320554287,55.20689793169295,60.5965711502848,-28.227956756579946,-19.609999273639982,healthcare
2025-08-18,33.982756525878905,57.90173454098887,-23.91897801510996,1.5258146324816133,1.3749166373958808,2.1984585415663176,30.992159846214943,36.973353205542864,55.20689793169294,60.596571150284795,-28.227956756579943,-19.60999927363998,healthcare
2025-08-19,35.11907802781561,55.79635851212302,-20.677280484307406,2.230323728014767,3.5744898885982224,5.518707359272756,30.747643520906667,39.49051253472455,48.790358330470504,62.80235869377554,-31.49394690848201,-9.860614060132805,healthcare
2025-08-20,35.11907802781562,55.79635851212303,-20.67728048430741,2.2303237280147674,3.574489888598223,5.5187073592727565,30.747643520906674,39.49051253472456,48.79035833047051,62.802358693775545,-31.493946908482013,-9.860614060132807,healthcare
2025-08-21,35.07751819215457,55.87245638071061,-20.794938188556042,2.1250070991526697,3.4072982255452944,5.260860855119387,30.912504277815337,39.242532106493805,49.19415185864183,62.55076090277939,-31.10622546459004,-10.483650912522045,healthcare
2025-08-22,35.077518192154564,55.87245638071061,-20.794938188556042,2.1250070991526697,3.4072982255452944,5.260860855119387,30.91250427781533,39.2425321064938,49.19415185864183,62.55076090277939,-31.10622546459004,-10.483650912522045,healthcare
2025-08-23,35.077518192154564,55.8724563807106,-20.79493818855604,2.1250070991526697,3.4072982255452944,5.260860855119387,30.91250427781533,39.2425321064938,49.194151858641824,62.55076090277938,-31.106225464590036,-10.483650912522041,healthcare
2025-08-24,35.07751819215457,55.87245638071061,-20.794938188556042,2.1250070991526697,3.407298225545295,5.260860855119387,30.912504277815337,39.242532106493805,49.19415185864183,62.55076090277939,-31.10622546459004,-10.483650912522045,healthcare
2025-08-25,35.077518192154564,55.8724563807106,-20.79493818855604,2.1250070991526697,3.4072982255452944,5.260860855119387,30.91250427781533,39.2425321064938,49.194151858641824,62.55076090277938,-31.106225464590036,-10.483650912522041,healthcare
2025-08-26,35.077518192154564,55.8724563807106,-20.794938188556042,2.1250070991526697,3.4072982255452944,5.260860855119387,30.91250427781533,39.2425321064938,49.194151858641824,62.55076090277938,-31.10622546459004,-10.483650912522045,healthcare
2025-08-27,35.07751819215457,55.87245638071062,-20.794938188556042,2.1250070991526697,3.407298225545295,5.260860855119387,30.912504277815337,39.242532106493805,49.19415185864184,62.550760902779395,-31.10622546459004,-10.483650912522045,healthcare
2025-08-28,35.07751819215457,55.87245638071061,-20.794938188556042,2.1250070991526697,3.407298225545295,5.260860855119387,30.912504277815337,39.242532106493805,49.19415185864183,62.55076090277939,-31.10622546459004,-10.483650912522045,healthcare
2025-08-29,35.077518192154564,55.8724563807106,-20.79493818855604,2.1250070991526697,3.4072982255452944,5.260860855119387,30.91250427781533,39.2425321064938,49.194151858641824,62.55076090277938,-31.106225464590036,-10.483650912522041,healthcare
2025-08-30,35.077518192154564,55.8724563807106,-20.79493818855604,2.1250070991526697,3.4072982255452944,5.260860855119387,30.91250427781533,39.2425321064938,49.194151858641824,62.55076090277938,-31.106225464590036,-10.483650912522041,healthcare
2025-08-31,35.077518192154564,55.8724563807106,-20.79493818855604,2.1250070991526697,3.4072982255452944,5.260860855119387,30.91250427781533,39.2425321064938,49.194151858641824,62.55076090277938,-31.106225464590036,-10.483650912522041,healthcare
2025-09-01,35.07751819215457,55.87245638071061,-20.794938188556042,2.1250070991526697,3.407298225545295,5.260860855119387,30.912504277815337,39.242532106493805,49.19415185864183,62.55076090277939,-31.10622546459004,-10.483650912522045,healthcare
2025-09-02,35.077518192154564,55.8724563807106,-20.79493818855604,2.1250070991526697,3.4072982255452944,5.260860855119387,30.91250427781533,39.2425321064938,49.194151858641824,62.55076090277938,-31.106225464590036,-10.483650912522041,healthcare
2025-09-03,35.07751819215457,55.87245638071061,-20.794938188556042,2.1250070991526697,3.407298225545295,5.260860855119387,30.912504277815337,39.242532106493805,49.19415185864183,62.55076090277939,-31.10622546459004,-10.483650912522045,healthcare
2025-09-04,35.077518192154564,55.87245638071061,-20.79493818855604,2.1250070991526697,3.407298225545295,5.260860855119387,30.91250427781533,39.2425321064938,49.19415185864183,62.55076090277939,-31.106225464590036,-10.483650912522041,healthcare
2025-09-05,35.077518192154564,55.8724563807106,-20.79493818855604,2.1250070991526697,3.4072982255452944,5.260860855119387,30.91250427781533,39.2425321064938,49.194151858641824,62.55076090277938,-31.106225464590036,-10.483650912522041,healthcare
2025-09-06,35.077518192154564,55.8724563807106,-20.79493818855604,2.1250070991526697,3.4072982255452944,5.260860855119387,30.91250427781533,39.2425321064938,49.194151858641824,62.55076090277938,-31.106225464590036,-10.483650912522041,healthcare
2025-09-07,35.07751819215457,55.87245638071061,-20.794938188556042,2.1250070991526697,3.407298225545295,5.260860855119387,30.912504277815337,39.242532106493805,49.19415185864183,62.55076090277939,-31.10622546459004,-10.483650912522045,healthcare
2025-09-08,32.5856991083319,57.07009322086986,-24.484394112537963,2.3373081639816244,2.28977595668932,4.3265992902867465,28.004575106927916,37.16682310973589,52.582132345758794,61.55805409598092,-32.96452872149999,-16.004259503575938,healthcare
2025-09-09,34.300991616073944,56.530111633644104,-22.229120017570157,2.733013092900741,2.0835571456846105,4.432111762519283,28.94428595398849,39.6576972781594,52.446339628102265,60.61388363918594,-30.916059072107952,-13.542180963032362,healthcare
2025-09-10,34.30099161607395,56.530111633644104,-22.229120017570157,2.7330130929007415,2.0835571456846105,4.432111762519283,28.944285953988498,39.657697278159404,52.446339628102265,60.61388363918594,-30.916059072107952,-13.542180963032362,healthcare
2025-09-11,35.357932548012705,55.900718118457675,-20.54278557044497,2.743092911852984,1.9489250777539,4.4192006658985035,29.981470440780857,40.73439465524456,52.08082496606003,59.72061127085532,-29.204418875606038,-11.881152265283903,healthcare
2025-09-12,35.357932548012705,55.900718118457675,-20.54278557044497,2.743092911852984,1.9489250777538998,4.4192006658985035,29.981470440780857,40.73439465524456,52.080824966060035,59.720611270855315,-29.204418875606038,-11.881152265283903,healthcare
2025-09-13,35.357932548012705,55.900718118457675,-20.54278557044497,2.743092911852984,1.9489250777539,4.4192006658985035,29.981470440780857,40.73439465524456,52.08082496606003,59.72061127085532,-29.204418875606038,-11.881152265283903,healthcare
2025-09-14,35.357932548012705,55.900718118457675,-20.54278557044497,2.743092911852984,1.9489250777538998,4.4192006658985035,29.981470440780857,40.73439465524456,52.080824966060035,59.720611270855315,-29.204418875606038,-11.881152265283903,healthcare
2025-09-15,35.40614790689756,56.234735728848946,-20.828587821951388,2.5924979853575367,2.0716292327259853,4.2498264184425985,30.324851855596787,40.48744395819833,52.17434243270601,60.29512902499188,-29.158247602098882,-12.498928041803895,healthcare
2025-09-16,38.736967773435005,53.42557652495449,-14.688608751519478,4.6820473922780526,3.9207228611806566,8.469511727911566,29.56015488457002,47.913780662299985,45.7409597170404,61.110193332868576,-31.288851738226146,1.91163423518719,healthcare
2025-09-17,38.73696777343501,53.425576524954494,-14.68860875151948,4.6820473922780526,3.920722861180657,8.469511727911566,29.56015488457003,47.9137806623,45.740959717040404,61.11019333286858,-31.28885173822615,1.9116342351871882,healthcare
2025-09-18,38.73696777343501,53.425576524954494,-14.68860875151948,4.6820473922780526,3.920722861180657,8.469511727911566,29.56015488457003,47.9137806623,45.740959717040404,61.11019333286858,-31.28885173822615,1.9116342351871882,healthcare
2025-09-19,38.27319215122591,53.810194031015165,-15.537001879789248,4.697154445481203,3.92959072081933,8.506067039873322,29.066769438082755,47.47961486436907,46.10819621820928,61.51219184382105,-32.20889327794096,1.1348895183624634,healthcare
2025-09-20,38.27319215122592,53.81019403101517,-15.537001879789248,4.697154445481204,3.9295907208193306,8.506067039873322,29.06676943808276,47.47961486436908,46.10819621820929,61.51219184382106,-32.20889327794096,1.1348895183624634,healthcare
2025-09-21,38.27319215122592,53.810194031015165,-15.537001879789248,4.697154445481204,3.9295907208193306,8.506067039873322,29.06676943808276,47.47961486436908,46.10819621820928,61.51219184382105,-32.20889327794096,1.1348895183624634,healthcare
2025-09-22,38.27319215122592,53.810194031015165,-15.537001879789248,4.697154445481204,3.92959072081933,8.506067039873322,29.06676943808276,47.47961486436908,46.10819621820928,61.51219184382105,-32.20889327794096,1.1348895183624634,healthcare
2025-09-23,38.27319215122591,53.810194031015165,-15.537001879789248,4.697154445481203,3.92959072081933,8.506067039873322,29.066769438082755,47.47961486436907,46.10819621820928,61.51219184382105,-32.20889327794096,1.1348895183624634,healthcare
2025-09-24,38.27319215122591,53.810194031015165,-15.537001879789248,4.697154445481203,3.92959072081933,8.50606703987332,29.066769438082755,47.47961486436907,46.10819621820928,61.51219184382105,-32.20889327794096,1.1348895183624599,healthcare
2025-09-25,38.27319215122591,53.81019403101516,-15.537001879789246,4.697154445481203,3.92959072081933,8.506067039873322,29.066769438082755,47.47961486436907,46.10819621820927,61.51219184382104,-32.20889327794096,1.1348895183624652,healthcare
2025-09-26,38.27319215122592,53.810194031015165,-15.53700187978925,4.697154445481204,3.92959072081933,8.506067039873322,29.06676943808276,47.47961486436908,46.10819621820928,61.51219184382105,-32.20889327794096,1.1348895183624617,healthcare
2025-09-27,38.27319215122591,53.810194031015165,-15.537001879789248,4.697154445481203,3.92959072081933,8.506067039873322,29.066769438082755,47.47961486436907,46.10819621820928,61.51219184382105,-32.20889327794096,1.1348895183624634,healthcare
2025-09-28,38.27319215122592,53.810194031015165,-15.53700187978925,4.697154445481204,3.92959072081933,8.506067039873322,29.06676943808276,47.47961486436908,46.10819621820928,61.51219184382105,-32.20889327794096,1.1348895183624617,healthcare
2025-09-29,36.37043843981892,54.21879797906756,-17.848359539248644,4.012582737266608,2.9074049651796887,6.7219013265025636,28.505776274776366,44.23510060486147,48.520284247315374,59.917311710819746,-31.02328613919367,-4.67343293930362,healthcare
2025-09-30,36.37043843981892,54.21879797906756,-17.848359539248644,4.012582737266607,2.9074049651796883,6.7219013265025636,28.50577627477637,44.23510060486147,48.520284247315374,59.917311710819746,-31.02328613919367,-4.67343293930362,healthcare
2025-10-01,36.37043843981892,54.21879797906756,-17.848359539248644,4.012582737266607,2.9074049651796883,6.7219013265025636,28.50577627477637,44.23510060486147,48.520284247315374,59.917311710819746,-31.02328613919367,-4.67343293930362,healthcare
2025-10-02,36.37043843981892,54.21879797906756,-17.848359539248648,4.012582737266608,2.9074049651796887,6.7219013265025636,28.505776274776366,44.23510060486147,48.520284247315374,59.917311710819746,-31.023286139193672,-4.673432939303623,healthcare
2025-10-03,36.37043843981892,54.21879797906756,-17.848359539248644,4.012582737266608,2.9074049651796887,6.7219013265025636,28.505776274776366,44.23510060486147,48.520284247315374,59.917311710819746,-31.02328613919367,-4.67343293930362,healthcare
2025-10-04,36.37043843981891,54.21879797906756,-17.848359539248644,4.012582737266607,2.9074049651796883,6.7219013265025636,28.505776274776363,44.23510060486146,48.520284247315374,59.917311710819746,-31.02328613919367,-4.67343293930362,healthcare
2025-10-05,36.37043843981891,54.21879797906756,-17.848359539248644,4.012582737266608,2.9074049651796887,6.7219013265025636,28.50577627477636,44.235100604861465,48.520284247315374,59.917311710819746,-31.02328613919367,-4.67343293930362,healthcare
2025-10-06,34.877690793444216,56.414569189364414,-21.536878395920194,3.9835351287376244,3.7117321444947735,7.525661975815754,27.06996194111847,42.68541964576996,49.13957418615466,63.68956419257417,-36.28717586851907,-6.786580923321317,healthcare
2025-10-07,34.877690793444216,56.414569189364414,-21.536878395920194,3.983535128737625,3.7117321444947735,7.525661975815754,27.06996194111847,42.68541964576996,49.13957418615466,63.68956419257417,-36.28717586851907,-6.786580923321317,healthcare
2025-10-08,34.877690793444216,56.41456918936441,-21.536878395920194,3.9835351287376244,3.7117321444947735,7.525661975815754,27.06996194111847,42.68541964576996,49.139574186154654,63.68956419257416,-36.28717586851907,-6.786580923321317,healthcare
2025-10-09,34.877690793444216,56.41456918936441,-21.536878395920194,3.9835351287376244,3.7117321444947735,7.525661975815754,27.06996194111847,42.68541964576996,49.139574186154654,63.68956419257416,-36.28717586851907,-6.786580923321317,healthcare
2025-10-10,34.877690793444216,56.41456918936441,-21.536878395920194,3.9835351287376244,3.7117321444947735,7.525661975815754,27.06996194111847,42.68541964576996,49.139574186154654,63.68956419257416,-36.28717586851907,-6.786580923321317,healthcare
2025-10-11,34.87769079344421,56.41456918936441,-21.536878395920194,3.983535128737624,3.7117321444947735,7.525661975815753,27.069961941118468,42.685419645769954,49.139574186154654,63.68956419257416,-36.28717586851907,-6.786580923321319,healthcare
2025-10-12,34.877690793444216,56.414569189364414,-21.536878395920194,3.9835351287376244,3.7117321444947735,7.525661975815754,27.06996194111847,42.68541964576996,49.13957418615466,63.68956419257417,-36.28717586851907,-6.786580923321317,healthcare
2025-10-13,34.334028393107516,57.36778949954344,-23.033761106435914,3.813804131655206,3.982754361607523,7.601939924767952,26.858972295063314,41.80908449115172,49.5615909507927,65.17398804829419,-37.933563358981104,-8.133958853890729,healthcare
2025-10-14,34.334028393107516,57.367789499543434,-23.033761106435914,3.8138041316552056,3.982754361607523,7.601939924767951,26.858972295063314,41.80908449115172,49.56159095079269,65.17398804829418,-37.9335633589811,-8.13395885389073,healthcare
2025-10-15,34.334028393107516,57.367789499543434,-23.033761106435914,3.8138041316552056,3.982754361607523,7.601939924767951,26.858972295063314,41.80908449115172,49.56159095079269,65.17398804829418,-37.9335633589811,-8.13395885389073,healthcare
2025-10-16,35.456821818809765,56.55121464662135,-21.09439282781158,3.191619515878811,3.1772666167664267,6.220943403077675,29.201247567687297,41.71239606993223,50.32377207775915,62.77865721548354,-33.28744189784382,-8.901343757779335,healthcare
2025-10-17,35.45682181880977,56.551214646621354,-21.094392827811582,3.191619515878811,3.1772666167664267,6.220943403077675,29.201247567687304,41.71239606993224,50.32377207775916,62.77865721548355,-33.28744189784383,-8.901343757779339,healthcare
2025-10-18,35.45682181880977,56.551214646621354,-21.09439282781158,3.191619515878811,3.1772666167664267,6.220943403077675,29.201247567687304,41.71239606993224,50.32377207775916,62.77865721548355,-33.28744189784382,-8.901343757779335,healthcare
2025-10-19,35.45682181880977,56.551214646621354,-21.094392827811582,3.191619515878811,3.1772666167664267,6.220943403077675,29.201247567687304,41.71239606993224,50.32377207775916,62.77865721548355,-33.28744189784383,-8.901343757779339,healthcare
2025-10-20,35.45682181880977,56.551214646621354,-21.09439282781158,3.191619515878811,3.1772666167664267,6.220943403077675,29.201247567687304,41.71239606993224,50.32377207775916,62.77865721548355,-33.28744189784382,-8.901343757779335,healthcare
2025-10-21,35.45682181880977,56.551214646621354,-21.094392827811582,3.191619515878811,3.1772666167664263,6.220943403077675,29.201247567687304,41.71239606993224,50.32377207775916,62.77865721548355,-33.28744189784383,-8.901343757779339,healthcare
2025-10-22,35.45682181880977,56.551214646621354,-21.094392827811582,3.1916195158788114,3.1772666167664267,6.220943403077676,29.2012475676873,41.71239606993224,50.32377207775916,62.77865721548355,-33.28744189784383,-8.901343757779337,healthcare
2025-10-23,35.95300685449015,54.83910511114057,-18.886098256650417,2.4813540789378243,3.111993285537992,5.355607193471254,31.089552859772013,40.81646084920828,48.7395982714861,60.938611950795035,-29.383088355854074,-8.38910815744676,healthcare
2025-10-24,35.95300685449015,54.83910511114057,-18.88609825665042,2.481354078937825,3.1119932855379924,5.355607193471255,31.089552859772013,40.81646084920828,48.7395982714861,60.938611950795035,-29.383088355854078,-8.389108157446762,healthcare
2025-10-25,35.95300685449015,54.83910511114056,-18.886098256650417,2.4813540789378243,3.111993285537992,5.355607193471254,31.089552859772013,40.81646084920828,48.739598271486095,60.93861195079503,-29.383088355854074,-8.38910815744676,healthcare
2025-10-26,35.95300685449015,54.83910511114056,-18.886098256650417,2.481354078937825,3.1119932855379924,5.355607193471255,31.089552859772013,40.81646084920828,48.739598271486095,60.93861195079503,-29.383088355854078,-8.389108157446758,healthcare
2025-10-27,35.95300685449015,54.83910511114056,-18.886098256650417,2.4813540789378243,3.111993285537992,5.355607193471254,31.089552859772013,40.81646084920828,48.739598271486095,60.93861195079503,-29.383088355854074,-8.38910815744676,healthcare
2025-10-28,35.95300685449015,54.83910511114056,-18.886098256650417,2.481354078937825,3.1119932855379924,5.355607193471255,31.089552859772013,40.81646084920828,48.739598271486095,60.93861195079503,-29.383088355854078,-8.389108157446758,healthcare
2025-10-29,35.73039415563807,54.97107934468269,-19.240685189044616,2.300524308801268,2.8350768716129413,4.914889782283903,31.22136651038759,40.23942180088856,49.414328676321325,60.52783001304406,-28.873869162321064,-9.607501215768165,healthcare
2025-10-30,35.73039415563807,54.97107934468269,-19.240685189044616,2.300524308801268,2.8350768716129413,4.914889782283904,31.22136651038759,40.23942180088856,49.414328676321325,60.52783001304406,-28.873869162321068,-9.607501215768163,healthcare
2025-10-31,35.51972721292025,54.83685296168433,-19.31712574876408,2.1903956383237677,2.6441975069172123,4.552425688296155,31.226551761805666,39.81290266403484,49.65422584812659,60.019480075242065,-28.239880097824546,-10.394371399703617,healthcare
2025-11-01,35.51972721292025,54.836852961684336,-19.317125748764084,2.1903956383237677,2.6441975069172123,4.552425688296155,31.226551761805666,39.81290266403484,49.6542258481266,60.01948007524207,-28.239880097824546,-10.394371399703621,healthcare
2025-11-02,35.51972721292025,54.836852961684336,-19.317125748764084,2.1903956383237677,2.6441975069172123,4.552425688296155,31.226551761805666,39.81290266403484,49.6542258481266,60.01948007524207,-28.239880097824546,-10.394371399703621,healthcare
2025-11-03,33.84831305292477,57.275628872498295,-23.427315819573526,2.3276838233922414,3.1323148058005383,5.3296244412133165,29.28605275907598,38.41057334677357,51.13629185312924,63.414965891867354,-33.87337972435162,-12.981251914795426,healthcare
2025-11-04,33.84831305292477,57.2756288724983,-23.427315819573526,2.3276838233922414,3.1323148058005383,5.3296244412133165,29.28605275907598,38.41057334677357,51.13629185312925,63.414965891867354,-33.87337972435162,-12.981251914795426,healthcare
2025-11-05,33.84831305292477,57.2756288724983,-23.427315819573526,2.3276838233922414,3.1323148058005383,5.3296244412133165,29.28605275907598,38.41057334677357,51.13629185312925,63.414965891867354,-33.87337972435162,-12.981251914795426,healthcare
2025-11-06,33.84831305292477,57.2756288724983,-23.427315819573526,2.3276838233922414,3.1323148058005383,5.3296244412133165,29.28605275907598,38.41057334677357,51.13629185312925,63.414965891867354,-33.87337972435162,-12.981251914795426,healthcare
2025-11-07,33.84831305292477,57.275628872498295,-23.427315819573526,2.3276838233922414,3.1323148058005383,5.329624441213316,29.28605275907598,38.41057334677357,51.13629185312924,63.414965891867354,-33.87337972435162,-12.981251914795427,healthcare
2025-11-08,33.84831305292477,57.2756288724983,-23.427315819573526,2.3276838233922414,3.1323148058005383,5.3296244412133165,29.28605275907598,38.41057334677357,51.13629185312925,63.414965891867354,-33.87337972435162,-12.981251914795426,healthcare
2025-11-09,33.84831305292477,57.2756288724983,-23.42731581957353,2.3276838233922414,3.132314805800539,5.3296244412133165,29.28605275907598,38.41057334677357,51.136291853129244,63.41496589186736,-33.87337972435163,-12.981251914795429,healthcare
2025-11-10,33.99749518276496,57.64217609456677,-23.64468091180181,2.1774490712992,3.037695710601856,4.9553295276780505,29.729695003018527,38.26529536251139,51.68829250178713,63.59605968734641,-33.357126786050785,-13.932235037552832,healthcare
2025-11-11,33.99749518276496,57.64217609456677,-23.64468091180181,2.1774490712992,3.037695710601856,4.9553295276780505,29.729695003018527,38.26529536251139,51.68829250178713,63.59605968734641,-33.357126786050785,-13.932235037552832,healthcare
2025-11-12,33.99749518276496,57.64217609456677,-23.64468091180181,2.1774490712992,3.037695710601856,4.9553295276780505,29.729695003018527,38.26529536251139,51.68829250178713,63.59605968734641,-33.357126786050785,-13.932235037552832,healthcare
2025-11-13,33.99749518276496,57.64217609456677,-23.64468091180181,2.1774490712992,3.037695710601856,4.9553295276780505,29.729695003018527,38.26529536251139,51.68829250178713,63.59605968734641,-33.357126786050785,-13.932235037552832,healthcare
2025-11-14,33.91977227648526,58.09482485462289,-24.175052578137635,1.9531205919916355,2.8223826597734067,4.51991033187633,30.091655916181658,37.747888636788865,52.56295484146702,63.62669486777877,-33.03407682861524,-15.316028327660028,healthcare
2025-11-15,33.91977227648526,58.09482485462289,-24.175052578137638,1.9531205919916355,2.8223826597734067,4.51991033187633,30.091655916181658,37.747888636788865,52.56295484146702,63.62669486777877,-33.03407682861524,-15.316028327660032,healthcare
2025-11-16,33.919772276485254,58.09482485462289,-24.175052578137635,1.9531205919916355,2.8223826597734067,4.51991033187633,30.09165591618165,37.74788863678886,52.56295484146702,63.62669486777877,-33.03407682861524,-15.316028327660028,healthcare
2025-11-17,33.24683067868152,59.37203888487068,-26.125208206189168,1.551584383283035,2.39501439682764,3.7838604666069786,30.20572528744677,36.28793606991627,54.67781066708851,64.06626710265286,-33.54157472073884,-18.708841691639492,healthcare
2025-11-18,33.24683067868152,59.37203888487068,-26.125208206189164,1.551584383283035,2.3950143968276403,3.7838604666069786,30.20572528744677,36.28793606991627,54.67781066708851,64.06626710265286,-33.54157472073884,-18.708841691639485,healthcare
2025-11-19,33.24683067868152,59.37203888487068,-26.125208206189168,1.5515843832830352,2.3950143968276403,3.783860466606979,30.20572528744677,36.28793606991627,54.67781066708851,64.06626710265286,-33.54157472073884,-18.70884169163949,healthcare
2025-11-20,32.83773374252717,60.0322878290717,-27.194554086544528,1.3742900300236551,2.17557038650103,3.4266234291722815,30.144125283680808,35.53134220137353,55.76816987152968,64.29640578661372,-33.9107360077222,-20.478372165366856,healthcare
2025-11-21,32.83773374252717,60.03228782907169,-27.194554086544525,1.3742900300236551,2.1755703865010294,3.426623429172281,30.144125283680808,35.53134220137353,55.76816987152967,64.2964057866137,-33.91073600772219,-20.478372165366853,healthcare
2025-11-22,32.83773374252717,60.0322878290717,-27.194554086544525,1.3742900300236551,2.17557038650103,3.4266234291722815,30.144125283680808,35.53134220137353,55.76816987152968,64.29640578661372,-33.91073600772219,-20.478372165366853,healthcare
2025-11-23,32.83773374252717,60.0322878290717,-27.194554086544525,1.3742900300236551,2.1755703865010294,3.4266234291722815,30.144125283680808,35.53134220137353,55.76816987152968,64.29640578661372,-33.91073600772219,-20.478372165366853,healthcare
2025-11-24,32.83773374252717,60.0322878290717,-27.194554086544528,1.3742900300236551,2.17557038650103,3.4266234291722815,30.144125283680808,35.53134220137353,55.76816987152968,64.29640578661372,-33.9107360077222,-20.478372165366856,healthcare
2025-11-25,31.87286231051064,59.79921203530286,-27.926349724792217,1.6359267824318366,1.7363030347634814,2.8510024422567484,28.66644581694424,35.07927880407704,56.39605808716644,63.20236598343928,-33.514314511615446,-22.33838493796899,healthcare
2025-11-26,31.872862310510644,59.799212035302865,-27.92634972479222,1.6359267824318366,1.7363030347634814,2.8510024422567484,28.666445816944243,35.07927880407704,56.396058087166445,63.202365983439286,-33.514314511615446,-22.338384937968996,healthcare
2025-11-27,31.872862310510644,59.799212035302865,-27.926349724792217,1.6359267824318369,1.7363030347634814,2.8510024422567484,28.666445816944243,35.07927880407704,56.396058087166445,63.202365983439286,-33.514314511615446,-22.33838493796899,healthcare
2025-11-28,31.87286231051064,59.79921203530286,-27.926349724792217,1.6359267824318366,1.7363030347634814,2.8510024422567484,28.66644581694424,35.07927880407704,56.39605808716644,63.20236598343928,-33.514314511615446,-22.33838493796899,healthcare
2025-11-29,31.872862310510648,59.799212035302865,-27.92634972479222,1.6359267824318369,1.7363030347634814,2.8510024422567484,28.666445816944247,35.07927880407705,56.396058087166445,63.202365983439286,-33.514314511615446,-22.338384937968996,healthcare
2025-11-30,31.872862310510644,59.799212035302865,-27.926349724792217,1.6359267824318369,1.7363030347634814,2.8510024422567484,28.666445816944243,35.07927880407704,56.396058087166445,63.202365983439286,-33.514314511615446,-22.33838493796899,healthcare
2025-12-01,31.872862310510644,59.799212035302865,-27.92634972479222,1.6359267824318366,1.7363030347634814,2.8510024422567484,28.666445816944243,35.07927880407704,56.396058087166445,63.202365983439286,-33.514314511615446,-22.338384937968996,healthcare
2025-12-02,31.87286231051064,59.79921203530286,-27.926349724792217,1.6359267824318366,1.7363030347634814,2.8510024422567484,28.66644581694424,35.07927880407704,56.39605808716644,63.20236598343928,-33.514314511615446,-22.33838493796899,healthcare
2025-12-03,31.872862310510644,59.799212035302865,-27.92634972479222,1.6359267824318366,1.7363030347634814,2.8510024422567484,28.666445816944243,35.07927880407704,56.396058087166445,63.202365983439286,-33.514314511615446,-22.338384937968996,healthcare
2025-12-04,31.87286231051064,59.79921203530286,-27.926349724792217,1.6359267824318369,1.7363030347634814,2.8510024422567484,28.66644581694424,35.07927880407704,56.39605808716644,63.20236598343928,-33.514314511615446,-22.33838493796899,healthcare
2025-12-05,31.872862310510644,59.799212035302865,-27.926349724792217,1.6359267824318369,1.7363030347634814,2.8510024422567484,28.666445816944243,35.07927880407704,56.396058087166445,63.202365983439286,-33.514314511615446,-22.33838493796899,healthcare
2025-12-06,31.872862310510644,59.799212035302865,-27.926349724792217,1.6359267824318369,1.7363030347634816,2.8510024422567484,28.666445816944243,35.07927880407704,56.396058087166445,63.202365983439286,-33.514314511615446,-22.33838493796899,healthcare
2025-12-07,31.872862310510644,59.79921203530286,-27.926349724792217,1.6359267824318366,1.7363030347634814,2.8510024422567484,28.666445816944243,35.07927880407704,56.39605808716644,63.20236598343928,-33.514314511615446,-22.33838493796899,healthcare
2025-12-08,31.47767195135988,60.55173696266636,-29.074065011306477,1.6676752420983625,2.2475266139543915,3.5192864586307646,28.20902847684709,34.74631542587267,56.146584799315754,64.95688912601696,-35.97186647022278,-22.17626355239018,healthcare
2025-12-09,31.47767195135988,60.55173696266636,-29.074065011306477,1.6676752420983625,2.247526613954392,3.5192864586307646,28.20902847684709,34.74631542587267,56.146584799315754,64.95688912601697,-35.97186647022278,-22.17626355239018,healthcare
2025-12-10,31.47767195135988,60.551736962666354,-29.074065011306477,1.6676752420983623,2.2475266139543915,3.5192864586307646,28.20902847684709,34.74631542587267,56.14658479931575,64.95688912601696,-35.97186647022278,-22.17626355239018,healthcare
2025-12-11,31.98110006679897,60.5853450581661,-28.604244991367125,1.3392414229166645,1.6070426369725124,2.5767113440540728,29.35618687788231,34.60601325571563,57.43554148969997,63.735148626632224,-33.654599225713106,-23.553890757021144,healthcare
2025-12-12,31.98110006679897,60.58534505816609,-28.604244991367125,1.3392414229166645,1.6070426369725124,2.5767113440540728,29.35618687788231,34.60601325571563,57.435541489699965,63.73514862663222,-33.654599225713106,-23.553890757021144,healthcare
2025-12-13,31.981100066798966,60.58534505816609,-28.604244991367125,1.3392414229166645,1.6070426369725124,2.5767113440540728,29.356186877882305,34.60601325571563,57.435541489699965,63.73514862663222,-33.654599225713106,-23.553890757021144,healthcare
2025-12-14,31.98110006679897,60.58534505816609,-28.604244991367125,1.3392414229166645,1.6070426369725124,2.5767113440540728,29.35618687788231,34.60601325571563,57.435541489699965,63.73514862663222,-33.654599225713106,-23.553890757021144,healthcare
2025-12-15,33.47143461263781,59.29920437095161,-25.827769758313796,1.7276513069360286,1.4300658041070275,2.830708896203363,30.08523805104319,36.857631174232424,56.49627539490183,62.102133347001384,-31.375959194872387,-20.279580321755205,healthcare
2025-12-16,33.47143461263781,59.29920437095161,-25.827769758313796,1.7276513069360286,1.4300658041070273,2.8307088962033626,30.08523805104319,36.857631174232424,56.496275394901836,62.10213334700138,-31.375959194872387,-20.279580321755205,healthcare
2025-12-17,33.47143461263781,59.29920437095161,-25.827769758313796,1.7276513069360286,1.4300658041070275,2.830708896203363,30.08523805104319,36.857631174232424,56.49627539490183,62.102133347001384,-31.375959194872387,-20.279580321755205,healthcare
2025-12-18,35.21599804142041,58.1582479165304,-22.942249875109987,3.5124985619580493,2.399985828838903,5.775718569878611,28.331500859982636,42.100495222858186,53.45427569200615,62.86222014105465,-34.262658272072066,-11.621841478147909,healthcare
2025-12-19,31.951269477457842,60.21203322690399,-28.260763749446145,5.201729435308853,3.3565812809575477,8.49665604266523,21.755879784252492,42.14665917066319,53.633133916227195,66.79093253758079,-44.91420959307,-11.607317905822296,healthcare
2025-12-20,31.951269477457842,60.21203322690399,-28.260763749446145,5.201729435308853,3.356581280957548,8.49665604266523,21.755879784252492,42.14665917066319,53.633133916227195,66.79093253758079,-44.91420959307,-11.607317905822296,healthcare
2025-12-21,31.951269477457842,60.21203322690399,-28.260763749446145,5.201729435308853,3.356581280957548,8.496656042665231,21.755879784252492,42.14665917066319,53.633133916227195,66.79093253758079,-44.91420959307,-11.607317905822292,healthcare
2025-12-22,31.951269477457842,60.21203322690399,-28.260763749446145,5.201729435308853,3.356581280957548,8.49665604266523,21.755879784252492,42.14665917066319,53.633133916227195,66.79093253758079,-44.91420959307,-11.607317905822296,healthcare
2025-12-23,31.951269477457842,60.21203322690399,-28.260763749446145,5.201729435308853,3.356581280957548,8.49665604266523,21.755879784252492,42.14665917066319,53.633133916227195,66.79093253758079,-44.91420959307,-11.607317905822296,healthcare
2025-12-24,31.951269477457842,60.21203322690399,-28.260763749446145,5.201729435308853,3.356581280957548,8.496656042665231,21.755879784252492,42.14665917066319,53.633133916227195,66.79093253758079,-44.91420959307,-11.607317905822292,healthcare
2025-12-25,31.951269477457846,60.21203322690399,-28.260763749446145,5.201729435308853,3.356581280957548,8.496656042665231,21.755879784252492,42.1466591706632,53.633133916227195,66.79093253758079,-44.91420959307,-11.607317905822292,healthcare
2025-12-26,31.951269477457846,60.21203322690399,-28.260763749446145,5.201729435308853,3.356581280957548,8.496656042665231,21.755879784252492,42.1466591706632,53.633133916227195,66.79093253758079,-44.91420959307,-11.607317905822292,healthcare
2025-12-27,31.951269477457846,60.212033226904,-28.26076374944615,5.201729435308853,3.3565812809575486,8.496656042665231,21.755879784252492,42.1466591706632,53.6331339162272,66.79093253758079,-44.91420959307,-11.607317905822296,healthcare
2025-12-28,31.951269477457842,60.21203322690399,-28.260763749446145,5.201729435308853,3.356581280957548,8.49665604266523,21.755879784252492,42.14665917066319,53.633133916227195,66.79093253758079,-44.91420959307,-11.607317905822296,healthcare
2025-12-29,31.99616371426931,59.764179390937336,-27.76801567666802,4.287514003829928,2.8417610010254855,7.0390122160064035,23.592636266762653,40.39969116177597,54.194327828927385,65.33403095294729,-41.56447962004057,-13.97155173329547,healthcare
2025-12-30,31.996163714269308,59.76417939093733,-27.76801567666802,4.287514003829928,2.8417610010254855,7.0390122160064035,23.592636266762646,40.39969116177597,54.19432782892738,65.33403095294727,-41.56447962004057,-13.97155173329547,healthcare
2025-12-31,31.99616371426931,59.764179390937336,-27.768015676668025,4.287514003829928,2.8417610010254855,7.0390122160064035,23.592636266762653,40.39969116177597,54.194327828927385,65.33403095294729,-41.56447962004057,-13.971551733295474,healthcare
2026-01-01,31.99616371426931,59.764179390937336,-27.768015676668025,4.287514003829928,2.8417610010254855,7.0390122160064035,23.592636266762653,40.39969116177597,54.194327828927385,65.33403095294729,-41.56447962004057,-13.971551733295474,healthcare
2026-01-02,31.99616371426931,59.764179390937336,-27.768015676668025,4.287514003829928,2.8417610010254855,7.0390122160064035,23.592636266762653,40.39969116177597,54.194327828927385,65.33403095294729,-41.56447962004057,-13.971551733295474,healthcare
2026-01-03,31.996163714269308,59.76417939093733,-27.76801567666802,4.287514003829928,2.8417610010254855,7.039012216006403,23.592636266762646,40.39969116177597,54.19432782892738,65.33403095294727,-41.56447962004057,-13.971551733295472,healthcare
2026-01-04,31.99616371426931,59.764179390937336,-27.768015676668025,4.287514003829928,2.8417610010254855,7.0390122160064035,23.592636266762653,40.39969116177597,54.194327828927385,65.33403095294729,-41.56447962004057,-13.971551733295474,healthcare
2026-01-05,31.996163714269308,59.764179390937336,-27.768015676668025,4.287514003829928,2.8417610010254855,7.0390122160064035,23.592636266762646,40.39969116177597,54.194327828927385,65.33403095294729,-41.56447962004057,-13.971551733295474,healthcare
2026-01-06,31.996163714269308,59.76417939093733,-27.76801567666802,4.287514003829928,2.8417610010254855,7.0390122160064035,23.592636266762646,40.39969116177597,54.19432782892738,65.33403095294727,-41.56447962004057,-13.97155173329547,healthcare
2026-01-07,31.996163714269308,59.76417939093733,-27.76801567666802,4.287514003829928,2.8417610010254855,7.0390122160064035,23.592636266762646,40.39969116177597,54.19432782892738,65.33403095294727,-41.56447962004057,-13.97155173329547,healthcare
2026-01-08,32.178999082411394,60.21926720903122,-28.040268126619832,3.144397992946351,2.1367149246356285,5.160518707525551,26.015979016236546,38.342019148586246,56.03130595674539,64.40722846131706,-38.15488479336991,-17.925651459869755,healthcare
2026-01-09,32.178999082411394,60.21926720903123,-28.040268126619832,3.144397992946351,2.1367149246356285,5.160518707525552,26.015979016236546,38.342019148586246,56.0313059567454,64.40722846131706,-38.154884793369916,-17.92565145986975,healthcare
2026-01-10,32.178999082411394,60.21926720903123,-28.040268126619832,3.144397992946351,2.136714924635628,5.160518707525551,26.015979016236546,38.342019148586246,56.0313059567454,64.40722846131706,-38.15488479336991,-17.925651459869755,healthcare
2026-01-11,32.178999082411394,60.21926720903122,-28.040268126619832,3.144397992946351,2.136714924635628,5.160518707525551,26.015979016236546,38.342019148586246,56.03130595674539,64.40722846131706,-38.15488479336991,-17.925651459869755,healthcare
2026-01-12,32.8101258159076,59.715895065862554,-26.90576924995496,3.2827755649077823,2.3200932823051823,5.502779139372075,26.375885708688344,39.24436592312685,55.168512232544394,64.26327789918071,-37.69121636312423,-16.120322136785695,healthcare
2026-01-13,32.68587602851024,59.67002639772135,-26.984150369211108,3.137492386946625,2.20594439686381,5.22711745824495,26.53639095009486,38.83536110692563,55.346375379868284,63.99367741557442,-37.22930058737121,-16.739000151051005,healthcare
2026-01-14,32.685876028510236,59.670026397721344,-26.984150369211104,3.137492386946625,2.20594439686381,5.22711745824495,26.53639095009485,38.83536110692562,55.34637537986828,63.99367741557441,-37.229300587371206,-16.739000151051002,healthcare
2026-01-15,32.685876028510236,59.670026397721344,-26.984150369211104,3.137492386946625,2.20594439686381,5.22711745824495,26.53639095009485,38.83536110692562,55.34637537986828,63.99367741557441,-37.229300587371206,-16.739000151051002,healthcare
2026-01-16,32.68587602851024,59.670026397721344,-26.984150369211108,3.137492386946625,2.20594439686381,5.22711745824495,26.53639095009486,38.83536110692563,55.34637537986828,63.99367741557441,-37.22930058737121,-16.739000151051005,healthcare
2026-01-17,32.68587602851024,59.670026397721344,-26.984150369211108,3.137492386946625,2.20594439686381,5.22711745824495,26.53639095009486,38.83536110692563,55.34637537986828,63.99367741557441,-37.22930058737121,-16.739000151051005,healthcare
2026-01-18,32.685876028510236,59.670026397721344,-26.984150369211104,3.137492386946625,2.2059443968638095,5.22711745824495,26.53639095009485,38.83536110692562,55.34637537986828,63.99367741557441,-37.229300587371206,-16.739000151051002,healthcare
2026-01-19,32.68587602851024,59.67002639772135,-26.984150369211108,3.137492386946625,2.20594439686381,5.22711745824495,26.53639095009486,38.83536110692563,55.346375379868284,63.99367741557442,-37.22930058737121,-16.739000151051005,healthcare
2026-01-20,32.68531339735701,59.80836985452452,-27.123056457167518,2.898394611157301,2.0647779945603615,4.84022825705371,27.0044599594887,38.366166835225314,55.76140498518621,63.85533472386283,-36.609903840992786,-17.636209073342247,healthcare
2026-01-21,34.08012515633818,59.038612900877716,-24.95848774453954,3.0826322172043623,2.00177239148178,4.995087609972991,28.038166010617626,40.122084302058724,55.115139013573426,62.962086788182006,-34.7488594600866,-15.168116028992477,healthcare
2026-01-22,33.063633395438984,58.65465960049438,-25.591026205055396,2.567270837130656,1.9223015374049168,3.685626888019307,28.031782554662897,38.09548423621507,54.88694858718074,62.42237061380801,-32.81485490557324,-18.367197504537554,healthcare
2026-01-23,33.06363339543898,58.65465960049437,-25.591026205055392,2.5672708371306556,1.9223015374049168,3.685626888019307,28.031782554662893,38.095484236215064,54.88694858718073,62.422370613808006,-32.814854905573235,-18.36719750453755,healthcare
2026-01-24,33.063633395438984,58.65465960049437,-25.591026205055392,2.5672708371306556,1.9223015374049168,3.685626888019307,28.0317825546629,38.09548423621507,54.88694858718073,62.422370613808006,-32.814854905573235,-18.36719750453755,healthcare
2026-01-25,33.063633395438984,58.65465960049437,-25.591026205055392,2.5672708371306556,1.9223015374049168,3.685626888019307,28.0317825546629,38.09548423621507,54.88694858718073,62.422370613808006,-32.814854905573235,-18.36719750453755,healthcare
2026-01-26,33.41042712642527,58.18754573590934,-24.77711860948407,2.2143253189054,1.9834926147515892,3.0135616472862554,29.070349501370686,37.75050475147985,54.29990021099623,62.07519126082245,-30.68369943816513,-18.87053778080301,healthcare
2026-01-27,33.41042712642527,58.18754573590934,-24.77711860948407,2.2143253189054,1.9834926147515892,3.0135616472862554,29.070349501370686,37.75050475147985,54.29990021099623,62.07519126082245,-30.68369943816513,-18.87053778080301,healthcare
2026-01-28,33.41042712642527,58.18754573590934,-24.777118609484067,2.2143253189054,1.9834926147515892,3.0135616472862554,29.070349501370686,37.75050475147985,54.29990021099623,62.07519126082245,-30.683699438165128,-18.870537780803005,healthcare
2026-01-29,33.41042712642527,58.18754573590934,-24.77711860948407,2.2143253189054,1.9834926147515892,3.013561647286256,29.070349501370686,37.75050475147985,54.29990021099623,62.07519126082245,-30.68369943816513,-18.87053778080301,healthcare
2026-01-30,33.41042712642527,58.18754573590934,-24.777118609484067,2.2143253189054,1.9834926147515892,3.0135616472862554,29.070349501370686,37.75050475147985,54.29990021099623,62.07519126082245,-30.683699438165128,-18.870537780803005,healthcare
2026-01-31,33.41042712642527,58.18754573590934,-24.77711860948407,2.2143253189054,1.9834926147515892,3.0135616472862554,29.070349501370686,37.75050475147985,54.29990021099623,62.07519126082245,-30.68369943816513,-18.87053778080301,healthcare
2026-02-01,33.41042712642527,58.18754573590934,-24.77711860948407,2.2143253189054004,1.9834926147515894,3.013561647286256,29.070349501370686,37.75050475147985,54.29990021099622,62.07519126082246,-30.68369943816513,-18.87053778080301,healthcare
2026-02-02,33.41042712642527,58.18754573590934,-24.77711860948407,2.2143253189054,1.9834926147515892,3.0135616472862554,29.070349501370686,37.75050475147985,54.29990021099623,62.07519126082245,-30.68369943816513,-18.87053778080301,healthcare
2026-02-03,33.41042712642527,58.18754573590933,-24.777118609484067,2.2143253189054,1.9834926147515892,3.0135616472862554,29.070349501370686,37.75050475147985,54.29990021099621,62.07519126082245,-30.683699438165128,-18.870537780803005,healthcare
2026-02-04,33.41042712642527,58.18754573590934,-24.77711860948407,2.2143253189054,1.9834926147515892,3.0135616472862554,29.070349501370686,37.75050475147985,54.29990021099623,62.07519126082245,-30.68369943816513,-18.87053778080301,healthcare
2026-02-05,33.41042712642527,58.18754573590933,-24.777118609484067,2.2143253189054,1.9834926147515892,3.0135616472862554,29.070349501370686,37.75050475147985,54.29990021099621,62.07519126082245,-30.683699438165128,-18.870537780803005,healthcare
2026-02-06,33.41042712642527,58.187545735909346,-24.77711860948407,2.2143253189054,1.9834926147515892,3.013561647286256,29.070349501370686,37.75050475147985,54.29990021099623,62.075191260822464,-30.68369943816513,-18.87053778080301,healthcare
2026-02-07,33.41042712642527,58.18754573590934,-24.777118609484067,2.2143253189054,1.9834926147515892,3.0135616472862554,29.070349501370686,37.75050475147985,54.29990021099623,62.07519126082245,-30.683699438165128,-18.870537780803005,healthcare
2026-02-08,33.41042712642527,58.18754573590933,-24.777118609484067,2.2143253189054,1.9834926147515892,3.0135616472862554,29.070349501370686,37.75050475147985,54.29990021099621,62.07519126082245,-30.683699438165128,-18.870537780803005,healthcare
2026-02-09,33.41042712642527,58.18754573590934,-24.77711860948407,2.2143253189054,1.983492614751589,3.0135616472862554,29.070349501370686,37.75050475147985,54.29990021099623,62.07519126082245,-30.68369943816513,-18.87053778080301,healthcare
2026-02-10,33.53258396693982,58.15896164624812,-24.626377679308305,2.0940454648257534,1.855135028522786,2.843915897859223,29.42825485588134,37.636913077998294,54.52289699034346,61.795026302152785,-30.200452839112383,-19.052302519504227,healthcare
2026-02-11,33.53258396693982,58.15896164624812,-24.626377679308305,2.0940454648257534,1.8551350285227857,2.8439158978592225,29.42825485588134,37.636913077998294,54.52289699034346,61.795026302152785,-30.20045283911238,-19.05230251950423,healthcare
2026-02-12,33.53258396693981,58.15896164624812,-24.626377679308305,2.0940454648257534,1.855135028522786,2.843915897859223,29.428254855881335,37.63691307799829,54.52289699034346,61.795026302152785,-30.200452839112383,-19.052302519504227,healthcare
2026-02-13,33.53258396693982,58.15896164624812,-24.626377679308305,2.0940454648257534,1.855135028522786,2.8439158978592225,29.42825485588134,37.636913077998294,54.52289699034346,61.795026302152785,-30.20045283911238,-19.05230251950423,healthcare
2026-02-14,33.53258396693981,58.15896164624812,-24.626377679308305,2.0940454648257534,1.855135028522786,2.843915897859223,29.428254855881335,37.63691307799829,54.52289699034346,61.795026302152785,-30.200452839112383,-19.052302519504227,healthcare
2026-02-15,33.53258396693982,58.15896164624813,-24.62637767930831,2.0940454648257534,1.855135028522786,2.843915897859223,29.42825485588134,37.636913077998294,54.52289699034347,61.79502630215279,-30.200452839112387,-19.05230251950423,healthcare
2026-02-16,33.153992007341934,59.07449458769683,-25.9205025803549,1.693290325967962,1.8322791286423956,2.72758228029971,29.83514296844473,36.47284104623914,55.483227495557735,62.66576167983593,-31.26656384974233,-20.57444131096747,healthcare
2026-02-17,33.153992007341934,59.07449458769684,-25.9205025803549,1.6932903259679621,1.8322791286423956,2.7275822802997105,29.83514296844473,36.47284104623914,55.48322749555774,62.66576167983594,-31.266563849742333,-20.574441310967465,healthcare
2026-02-18,33.153992007341934,59.07449458769683,-25.9205025803549,1.6932903259679621,1.8322791286423956,2.72758228029971,29.83514296844473,36.47284104623914,55.483227495557735,62.66576167983593,-31.26656384974233,-20.57444131096747,healthcare
2026-02-19,32.403660742032734,59.532932452361,-27.129271710328272,1.6509346892820371,1.619133474994808,2.684811287341983,29.16782875103994,35.63949273302553,56.35943084137118,62.70643406335083,-32.39150183351856,-21.867041587137987,healthcare
2026-02-20,32.43181682339727,59.537984627943786,-27.106167804546512,1.5682130841297353,1.5349269333313613,2.546975274526233,29.35811917850299,35.50551446829155,56.529527838614314,62.54644141727326,-32.09823934261793,-22.114096266475094,healthcare
2026-02-21,32.43181682339727,59.537984627943786,-27.106167804546512,1.5682130841297353,1.5349269333313613,2.546975274526233,29.35811917850299,35.50551446829155,56.529527838614314,62.54644141727326,-32.09823934261793,-22.114096266475094,healthcare
2026-02-22,32.45600842335127,59.693966718562244,-27.237958295210966,1.4321494410660267,1.4433688993136695,2.3428751853305996,29.64899551886186,35.26302132784068,56.864963675907454,62.522969761217034,-31.82999365845894,-22.645922931962993,healthcare
2026-02-23,33.495703149511584,57.574124417212836,-24.078421267701255,1.3910251275492282,2.450586940196699,3.5868494354108003,30.769293899515098,36.22211239950807,52.77097401442731,62.37727481999836,-31.108646161106424,-17.048196374296086,healthcare
2026-02-24,33.495703149511584,57.57412441721284,-24.078421267701255,1.3910251275492285,2.4505869401966995,3.5868494354108003,30.769293899515098,36.22211239950807,52.77097401442731,62.37727481999838,-31.108646161106424,-17.048196374296086,healthcare
2026-02-25,33.495703149511584,57.57412441721284,-24.078421267701255,1.3910251275492282,2.4505869401966995,3.5868494354108003,30.769293899515098,36.22211239950807,52.77097401442731,62.37727481999838,-31.108646161106424,-17.048196374296086,healthcare
2026-02-26,33.495703149511584,57.574124417212836,-24.078421267701255,1.3910251275492282,2.4505869401966995,3.5868494354108003,30.769293899515098,36.22211239950807,52.7709740144273,62.37727481999837,-31.108646161106424,-17.048196374296086,healthcare
2026-02-27,33.495703149511584,57.57412441721284,-24.078421267701255,1.3910251275492282,2.4505869401966995,3.5868494354108003,30.769293899515098,36.22211239950807,52.77097401442731,62.37727481999838,-31.108646161106424,-17.048196374296086,healthcare
2026-02-28,33.413653619834065,57.754158535203956,-24.34050491536989,1.4412307703625489,2.606864448163068,3.812608945460125,30.58884130992347,36.23846592974466,52.64470421680434,62.86361285360357,-31.813218448471737,-16.867791382268045,healthcare
2026-03-01,33.413653619834065,57.75415853520396,-24.340504915369895,1.4412307703625489,2.606864448163068,3.812608945460125,30.58884130992347,36.23846592974466,52.64470421680435,62.86361285360358,-31.813218448471737,-16.867791382268052,healthcare
2026-03-02,33.08959193267215,58.51748484126591,-25.427892908593755,1.3741525151610627,2.624386840452299,3.819019880809237,30.396253002956467,35.78293086238783,53.3736866339794,63.66128304855242,-32.91317187497986,-17.94261394220765,healthcare
2026-03-03,33.08959193267216,58.51748484126591,-25.42789290859376,1.3741525151610627,2.624386840452299,3.819019880809237,30.396253002956474,35.78293086238784,53.3736866339794,63.66128304855242,-32.91317187497987,-17.942613942207654,healthcare
2026-03-04,33.08959193267215,58.517484841265905,-25.427892908593755,1.3741525151610627,2.624386840452299,3.819019880809237,30.396253002956467,35.78293086238783,53.373686633979396,63.66128304855241,-32.91317187497986,-17.94261394220765,healthcare
2026-03-05,34.42507763114798,56.67628878782269,-22.25121115667471,2.4754801092925027,3.747834951575087,6.12449557907248,29.573136616934672,39.27701864536128,49.33053228273552,64.02204529290987,-34.255222491656774,-10.247199821692648,healthcare
2026-03-06,34.425077631147985,56.6762887878227,-22.251211156674714,2.475480109292503,3.747834951575087,6.124495579072481,29.57313661693468,39.277018645361295,49.33053228273553,64.02204529290987,-34.255222491656774,-10.247199821692652,healthcare
2026-03-07,34.39390460448199,56.78290510189832,-22.38900049741633,2.2517371751744344,3.4136143915516524,5.574834530748256,29.980499741140097,38.80730946782388,50.092220894457085,63.47358930933956,-33.31567617768291,-11.462324817149748,healthcare
2026-03-08,34.438231972023814,57.061076242693474,-22.622844270669663,2.117513242174425,3.3194273716700544,5.296088988414334,30.28790601736194,38.58855792668569,50.554998594220166,63.56715389116678,-33.00317868796176,-12.24250985337757,healthcare
2026-03-09,34.438231972023814,57.06107624269348,-22.622844270669667,2.1175132421744256,3.319427371670055,5.296088988414334,30.28790601736194,38.58855792668569,50.55499859422017,63.56715389116679,-33.003178687961764,-12.242509853377573,healthcare
2026-03-10,33.86095018484865,57.25845126971138,-23.397501084862732,2.265042371187754,3.026311530606704,5.0525918807327,29.42146713732065,38.30043323237665,51.32688066972224,63.190021869700516,-33.30058117109883,-13.49442099862664,healthcare
2026-03-11,33.86095018484865,57.25845126971138,-23.397501084862732,2.2650423711877536,3.0263115306067037,5.052591880732699,29.42146713732065,38.30043323237665,51.32688066972224,63.190021869700516,-33.30058117109882,-13.494420998626643,healthcare
2026-03-12,33.86095018484865,57.25845126971138,-23.397501084862732,2.265042371187754,3.026311530606704,5.052591880732699,29.42146713732065,38.30043323237665,51.32688066972224,63.190021869700516,-33.30058117109882,-13.494420998626643,healthcare
2026-03-13,33.86095018484865,57.25845126971138,-23.397501084862732,2.265042371187754,3.026311530606704,5.052591880732699,29.42146713732065,38.30043323237665,51.32688066972224,63.190021869700516,-33.30058117109882,-13.494420998626643,healthcare
2026-03-14,33.86095018484865,57.25845126971138,-23.397501084862732,2.265042371187754,3.0263115306067045,5.0525918807327,29.42146713732065,38.30043323237665,51.326880669722236,63.19002186970052,-33.30058117109883,-13.49442099862664,healthcare
2026-03-15,33.86095018484865,57.25845126971138,-23.397501084862732,2.265042371187754,3.026311530606704,5.052591880732699,29.42146713732065,38.30043323237665,51.32688066972224,63.190021869700516,-33.30058117109882,-13.494420998626643,healthcare
2026-03-16,33.81188248634965,57.39740576598066,-23.585523279631005,2.103969487672139,2.8275362568086515,4.7153311327085605,29.688102290512262,37.93566268218704,51.8554347026357,62.93937682932562,-32.827572299739785,-14.343474259522226,healthcare
2026-03-17,33.81188248634965,57.39740576598066,-23.585523279631005,2.103969487672139,2.8275362568086515,4.715331132708561,29.688102290512262,37.93566268218704,51.8554347026357,62.93937682932562,-32.827572299739785,-14.343474259522225,healthcare
2026-03-18,33.73173267974106,57.62884177193876,-23.897109092197706,2.048395895974288,2.85014762878295,4.681785593639606,29.716876723631454,37.746588635850664,52.04255241952418,63.21513112435334,-33.07340885573133,-14.72080932866408,healthcare
2026-03-19,34.415868728669274,57.36101165630036,-22.945142927631096,2.244595188245157,2.5907813727752607,4.542124750859468,30.016462159708766,38.81527529762978,52.28308016566085,62.43894314693988,-31.847707439315656,-14.042578415946538,healthcare
2026-03-20,34.415868728669274,57.36101165630037,-22.945142927631096,2.244595188245157,2.5907813727752607,4.542124750859469,30.016462159708766,38.81527529762978,52.28308016566086,62.43894314693988,-31.847707439315656,-14.042578415946537,healthcare
2026-03-21,34.415868728669274,57.36101165630037,-22.945142927631096,2.244595188245157,2.5907813727752607,4.542124750859469,30.016462159708766,38.81527529762978,52.28308016566086,62.43894314693988,-31.847707439315656,-14.042578415946537,healthcare
2026-03-22,34.457010454696935,57.6046722281789,-23.147661773481968,2.1158291741198694,2.5415039927202776,4.328018421496012,30.30998527342199,38.604035635971876,52.62332440244715,62.586020053910644,-31.63057787961415,-14.664745667349784,healthcare
2026-03-23,34.457010454696935,57.604672228178906,-23.14766177348197,2.1158291741198694,2.541503992720277,4.328018421496012,30.30998527342199,38.604035635971876,52.62332440244716,62.58602005391065,-31.630577879614155,-14.664745667349788,healthcare
2026-03-24,34.457010454696935,57.6046722281789,-23.147661773481968,2.115829174119869,2.541503992720277,4.328018421496012,30.309985273421994,38.604035635971876,52.62332440244715,62.586020053910644,-31.63057787961415,-14.664745667349784,healthcare
2026-03-25,34.457010454696935,57.604672228178906,-23.14766177348197,2.1158291741198694,2.5415039927202776,4.328018421496012,30.30998527342199,38.604035635971876,52.62332440244716,62.58602005391065,-31.630577879614155,-14.664745667349788,healthcare
2026-03-26,34.457010454696935,57.604672228178906,-23.14766177348197,2.1158291741198694,2.541503992720277,4.328018421496012,30.30998527342199,38.604035635971876,52.62332440244716,62.58602005391065,-31.630577879614155,-14.664745667349788,healthcare
2026-03-27,34.457010454696935,57.6046722281789,-23.147661773481968,2.115829174119869,2.5415039927202776,4.328018421496012,30.309985273421994,38.604035635971876,52.62332440244715,62.586020053910644,-31.63057787961415,-14.664745667349784,healthcare
2026-03-28,34.457010454696935,57.604672228178906,-23.14766177348197,2.1158291741198694,2.541503992720277,4.328018421496012,30.30998527342199,38.604035635971876,52.62332440244716,62.58602005391065,-31.630577879614155,-14.664745667349788,healthcare
2026-03-29,34.489047574496446,57.91856207137177,-23.42951449687532,1.931883641021877,2.4274128722194788,4.006853637966877,30.702555638093568,38.27553951089932,53.16083284182159,62.676291300921946,-31.282947627290397,-15.576081366460242,healthcare
2026-03-30,33.846690891496216,58.266275517647465,-24.419584626151256,1.82236413181756,1.8944964454202466,3.3626737287271538,30.274857193133798,37.418524589858634,54.55306248462378,61.97948855067115,-31.010425134456476,-17.828744117846036,healthcare
2026-03-31,33.846690891496216,58.26627551764747,-24.419584626151256,1.8223641318175603,1.8944964454202466,3.362673728727154,30.274857193133798,37.418524589858634,54.55306248462379,61.97948855067116,-31.010425134456476,-17.828744117846036,healthcare
2026-04-01,33.846690891496216,58.26627551764747,-24.419584626151256,1.8223641318175603,1.8944964454202466,3.362673728727154,30.274857193133798,37.418524589858634,54.55306248462379,61.97948855067116,-31.010425134456476,-17.828744117846036,healthcare
2026-04-02,33.846690891496216,58.26627551764747,-24.41958462615126,1.8223641318175603,1.8944964454202466,3.362673728727154,30.274857193133798,37.418524589858634,54.55306248462379,61.97948855067116,-31.010425134456483,-17.828744117846036,healthcare
2026-04-03,34.57707524074148,57.738598242227816,-23.161523001486337,2.2032859705697225,2.0063341425259518,3.9461063931825526,30.258634738424824,38.895515743058134,53.80618332287695,61.671013161578685,-30.89589153212414,-15.427154470848535,healthcare
2026-04-04,34.57707524074147,57.73859824222781,-23.161523001486337,2.2032859705697225,2.0063341425259518,3.9461063931825526,30.258634738424817,38.89551574305813,53.80618332287695,61.67101316157867,-30.89589153212414,-15.427154470848535,healthcare
2026-04-05,34.85595806366557,57.67050745583446,-22.8145493921689,2.1789989805657406,1.871067442617287,3.7748221977839265,30.58512006175672,39.12679606557442,54.00321526830458,61.33779964336434,-30.213200899825395,-15.415897884512404,healthcare
2026-04-06,34.85595806366556,57.67050745583446,-22.8145493921689,2.1789989805657406,1.8710674426172873,3.774822197783927,30.58512006175671,39.12679606557441,54.00321526830458,61.33779964336434,-30.213200899825395,-15.415897884512404,healthcare
2026-04-07,34.85595806366557,57.67050745583447,-22.8145493921689,2.1789989805657406,1.871067442617287,3.7748221977839265,30.58512006175672,39.12679606557442,54.00321526830459,61.33779964336435,-30.213200899825395,-15.415897884512404,healthcare
2026-04-08,34.85595806366557,57.67050745583447,-22.8145493921689,2.1789989805657406,1.8710674426172873,3.774822197783927,30.58512006175672,39.12679606557442,54.00321526830459,61.33779964336435,-30.213200899825395,-15.415897884512404,healthcare
2026-04-09,34.62702327180263,58.10712903489911,-23.48010576309648,2.0667927347417705,2.0185740357299675,3.8044865142291804,30.576109511708758,38.6779370318965,54.15072392486837,62.06353414492985,-30.93689933098567,-16.023312195207286,healthcare
2026-04-10,34.627023271802635,58.10712903489912,-23.480105763096482,2.0667927347417705,2.0185740357299675,3.804486514229181,30.576109511708765,38.677937031896505,54.15072392486838,62.063534144929854,-30.936899330985675,-16.02331219520729,healthcare
2026-04-11,34.627023271802635,58.10712903489911,-23.48010576309648,2.0667927347417705,2.0185740357299675,3.8044865142291804,30.576109511708765,38.677937031896505,54.15072392486837,62.06353414492985,-30.93689933098567,-16.023312195207286,healthcare
2026-04-12,34.627023271802635,58.10712903489911,-23.48010576309648,2.0667927347417705,2.0185740357299675,3.804486514229181,30.576109511708765,38.677937031896505,54.15072392486837,62.06353414492985,-30.936899330985675,-16.023312195207282,healthcare
2026-04-13,34.627023271802635,58.10712903489911,-23.48010576309648,2.0667927347417705,2.0185740357299675,3.8044865142291804,30.576109511708765,38.677937031896505,54.15072392486837,62.06353414492985,-30.93689933098567,-16.023312195207286,healthcare
2026-04-14,34.30343313975712,58.49183304615833,-24.18839990640121,2.1597390018447036,2.20088422171722,4.124130572962722,30.070344696141497,38.53652158337274,54.17809997159257,62.80556612072408,-32.271695829408145,-16.105103983394272,healthcare
2026-04-15,34.1953414819022,58.48783279913298,-24.29249131723078,1.8251586575595757,1.8674517797684143,3.4857094561911506,30.61803051308543,37.772652450718965,54.82762731078689,62.148038287479075,-31.124481851365434,-17.460500783096126,healthcare
2026-04-16,34.195341481902204,58.48783279913299,-24.292491317230784,1.8251586575595757,1.8674517797684145,3.4857094561911506,30.618030513085436,37.77265245071897,54.827627310786895,62.14803828747908,-31.124481851365438,-17.46050078309613,healthcare
2026-04-17,34.195341481902204,58.48783279913299,-24.292491317230784,1.8251586575595757,1.8674517797684143,3.4857094561911506,30.618030513085436,37.77265245071897,54.827627310786895,62.14803828747908,-31.124481851365438,-17.46050078309613,healthcare
2026-04-18,34.195341481902204,58.48783279913299,-24.292491317230784,1.8251586575595757,1.8674517797684143,3.4857094561911506,30.618030513085436,37.77265245071897,54.827627310786895,62.14803828747908,-31.124481851365438,-17.46050078309613,healthcare
2026-04-19,34.195341481902204,58.48783279913298,-24.292491317230784,1.8251586575595757,1.8674517797684143,3.4857094561911506,30.618030513085436,37.77265245071897,54.82762731078689,62.148038287479075,-31.124481851365438,-17.46050078309613,healthcare
2026-04-20,34.513790914206524,58.2277856113008,-23.713994697094275,1.711142658697133,1.6917224987258972,3.2283593502160617,31.159951303160142,37.867630525252906,54.91200951379805,61.54356170880356,-30.041579023517755,-17.386410370670795,healthcare
2026-04-21,34.513790914206524,58.227785611300796,-23.71399469709427,1.711142658697133,1.6917224987258972,3.2283593502160617,31.159951303160142,37.867630525252906,54.91200951379804,61.54356170880355,-30.041579023517752,-17.38641037067079,healthcare
2026-04-22,34.513790914206524,58.22778561130079,-23.71399469709427,1.711142658697133,1.6917224987258972,3.2283593502160612,31.159951303160142,37.867630525252906,54.91200951379803,61.543561708803544,-30.041579023517752,-17.38641037067079,healthcare
2026-04-23,34.513790914206524,58.227785611300796,-23.713994697094275,1.711142658697133,1.6917224987258972,3.2283593502160617,31.159951303160142,37.867630525252906,54.91200951379804,61.54356170880355,-30.041579023517755,-17.386410370670795,healthcare
2026-04-24,34.737655471147875,58.26002761092785,-23.52237213977997,1.4620645191239656,1.407630339519452,2.7015214590526293,31.8720090136649,37.60330192863085,55.50107214546972,61.01898307638598,-28.817354199523123,-18.22739008003682,healthcare
2026-04-25,34.737655471147875,58.26002761092785,-23.52237213977997,1.4620645191239656,1.407630339519452,2.7015214590526293,31.8720090136649,37.60330192863085,55.50107214546972,61.01898307638598,-28.817354199523123,-18.22739008003682,healthcare
2026-04-26,34.737655471147875,58.26002761092785,-23.52237213977997,1.4620645191239658,1.407630339519452,2.7015214590526293,31.8720090136649,37.60330192863085,55.50107214546972,61.01898307638598,-28.817354199523123,-18.22739008003682,healthcare
2026-04-27,34.2208457814097,58.3163724283214,-24.095526646911697,1.2990862765915183,1.1744276848923265,2.085702052499154,31.674636679290323,36.76705488352908,56.01449416593244,60.61825069071036,-28.18350266981004,-20.007550624013355,healthcare
2026-04-28,34.2208457814097,58.3163724283214,-24.095526646911697,1.2990862765915183,1.1744276848923265,2.0857020524991534,31.674636679290323,36.76705488352908,56.01449416593244,60.61825069071036,-28.18350266981004,-20.007550624013355,healthcare
2026-04-29,34.2208457814097,58.3163724283214,-24.095526646911697,1.2990862765915183,1.1744276848923265,2.085702052499154,31.674636679290323,36.76705488352908,56.01449416593244,60.61825069071036,-28.18350266981004,-20.007550624013355,healthcare
2026-04-30,34.2208457814097,58.316372428321394,-24.095526646911697,1.2990862765915183,1.1744276848923265,2.0857020524991534,31.674636679290323,36.76705488352908,56.01449416593243,60.618250690710354,-28.18350266981004,-20.007550624013355,healthcare
2026-05-01,34.2208457814097,58.3163724283214,-24.095526646911697,1.299086276591518,1.1744276848923265,2.0857020524991534,31.674636679290323,36.76705488352908,56.01449416593244,60.61825069071036,-28.18350266981004,-20.007550624013355,healthcare
2026-05-02,34.2208457814097,58.3163724283214,-24.095526646911697,1.2990862765915183,1.1744276848923265,2.0857020524991534,31.674636679290323,36.76705488352908,56.01449416593244,60.61825069071036,-28.18350266981004,-20.007550624013355,healthcare
2026-05-03,34.26145258317979,58.31792649272576,-24.056473909545964,1.2032164613008685,1.0684287549731462,1.9147993107250545,31.903148319030088,36.61975684732949,56.223806132978396,60.412046852473125,-27.80948055856707,-20.303467260524858,healthcare
2026-05-04,34.261452583179796,58.31792649272576,-24.056473909545964,1.2032164613008685,1.068428754973146,1.9147993107250543,31.903148319030095,36.6197568473295,56.223806132978396,60.412046852473125,-27.80948055856707,-20.303467260524858,healthcare
2026-05-05,34.64874413528324,58.249579109943454,-23.600834974660213,1.0775753307800702,0.8554563346403753,1.6332752368970092,32.5366964869543,36.76079178361218,56.57288469404832,59.92627352583859,-26.802054438978352,-20.399615510342073,healthcare
2026-05-06,34.64874413528323,58.24957910994345,-23.600834974660213,1.07757533078007,0.8554563346403752,1.6332752368970092,32.53669648695429,36.76079178361217,56.57288469404831,59.92627352583858,-26.802054438978352,-20.399615510342073,healthcare
2026-05-07,32.827242149871424,58.790127785665106,-25.96288563579368,2.755147091870993,1.0448772616821262,3.6394114463282605,27.427153849804277,38.22733044993857,56.74216835276814,60.83808721856207,-33.09613207059707,-18.82963920099029,healthcare
2026-05-08,32.827242149871424,58.790127785665106,-25.962885635793683,2.7551470918709935,1.0448772616821262,3.6394114463282605,27.427153849804277,38.22733044993857,56.74216835276814,60.83808721856207,-33.09613207059707,-18.829639200990293,healthcare
2026-05-09,32.827242149871424,58.790127785665106,-25.96288563579368,2.755147091870993,1.0448772616821262,3.6394114463282605,27.427153849804277,38.22733044993857,56.74216835276814,60.83808721856207,-33.09613207059707,-18.82963920099029,healthcare
2026-05-10,32.827242149871424,58.7901277856651,-25.96288563579368,2.755147091870993,1.044877261682126,3.6394114463282605,27.427153849804277,38.22733044993857,56.74216835276813,60.838087218562066,-33.09613207059707,-18.82963920099029,healthcare
2026-05-11,32.827242149871424,58.7901277856651,-25.96288563579368,2.755147091870993,1.044877261682126,3.6394114463282605,27.427153849804277,38.22733044993857,56.74216835276813,60.838087218562066,-33.09613207059707,-18.82963920099029,healthcare
2026-05-12,32.827242149871424,58.790127785665106,-25.962885635793683,2.7551470918709935,1.0448772616821262,3.6394114463282605,27.427153849804277,38.22733044993857,56.74216835276814,60.83808721856207,-33.09613207059707,-18.829639200990293,healthcare
2026-05-13,32.827242149871424,58.79012778566511,-25.962885635793683,2.7551470918709935,1.0448772616821262,3.6394114463282605,27.427153849804277,38.22733044993857,56.74216835276815,60.83808721856208,-33.09613207059707,-18.829639200990293,healthcare
2026-05-14,32.827242149871424,58.790127785665106,-25.962885635793683,2.7551470918709935,1.0448772616821262,3.6394114463282605,27.427153849804277,38.22733044993857,56.74216835276814,60.83808721856207,-33.09613207059707,-18.829639200990293,healthcare
2026-05-15,32.827242149871424,58.790127785665106,-25.96288563579368,2.7551470918709935,1.0448772616821262,3.6394114463282605,27.427153849804277,38.22733044993857,56.74216835276814,60.83808721856207,-33.09613207059707,-18.82963920099029,healthcare
2026-05-16,32.827242149871424,58.790127785665106,-25.962885635793683,2.7551470918709935,1.0448772616821262,3.6394114463282605,27.427153849804277,38.22733044993857,56.74216835276814,60.83808721856207,-33.09613207059707,-18.829639200990293,healthcare
2026-05-17,32.52627084394487,59.154727410538584,-26.628456566593712,2.501998821845556,1.158717658894026,3.453978691142282,27.622353153127584,37.43018853476216,56.883640799106296,61.42581402197087,-33.39825480123258,-19.85865833195484,healthcare
2026-05-18,32.52627084394487,59.154727410538584,-26.628456566593716,2.501998821845556,1.158717658894026,3.453978691142282,27.622353153127584,37.43018853476216,56.883640799106296,61.42581402197087,-33.39825480123259,-19.858658331954842,healthcare
2026-05-19,32.543601546148416,59.294097791368266,-26.75049624521985,2.37763511023149,1.1793940104785738,3.3018875051445313,27.883436730094697,37.20376636220214,56.98248553083026,61.60571005190627,-33.22219575530313,-20.278796735136567,healthcare
2026-05-20,32.85326909063594,59.14839132416282,-26.295122233526882,2.4115791412407566,1.188157532047687,3.376184719756149,28.126573973804057,37.579964207467825,56.819602561349356,61.47718008697629,-32.912444284248934,-19.67780018280483,healthcare
2026-05-21,32.971658003420544,59.404684554641094,-26.433026551220554,2.0677421803875418,1.1554013709922275,2.944562344610978,28.91888332986096,37.024432676980126,57.14009786749633,61.66927124178586,-32.20436874665807,-20.661684355783038,healthcare
2026-05-22,32.97165800342055,59.4046845546411,-26.433026551220554,2.067742180387542,1.1554013709922275,2.9445623446109783,28.918883329860968,37.02443267698013,57.14009786749634,61.669271241785864,-32.20436874665807,-20.661684355783038,healthcare
2026-05-23,32.97165800342055,59.4046845546411,-26.433026551220554,2.067742180387542,1.1554013709922275,2.9445623446109783,28.918883329860968,37.02443267698013,57.14009786749634,61.669271241785864,-32.20436874665807,-20.661684355783038,healthcare
2026-05-24,33.09773477132023,59.39987306257566,-26.302138291255424,1.8991860015458555,1.0493062984890167,2.684025150075974,29.375330208290357,36.82013933435011,57.343232717537184,61.45651340761413,-31.562827585404335,-21.041448997106514,healthcare
2026-05-25,33.09773477132024,59.399873062575665,-26.302138291255424,1.8991860015458555,1.0493062984890167,2.684025150075974,29.375330208290364,36.82013933435012,57.34323271753719,61.45651340761414,-31.562827585404335,-21.041448997106514,healthcare
2026-05-26,32.27879111882269,59.25694358554232,-26.97815246671963,2.1100242257853945,0.9269899535574759,2.536930466147968,28.143143636283316,36.414438601362065,57.44004327656966,61.07384389451497,-31.95053618036965,-22.005768753069614,healthcare
2026-05-27,32.27879111882269,59.256943585542324,-26.97815246671963,2.1100242257853945,0.926989953557476,2.536930466147968,28.143143636283316,36.414438601362065,57.44004327656967,61.07384389451498,-31.95053618036965,-22.005768753069614,healthcare
2026-05-28,32.27879111882269,59.25694358554232,-26.97815246671963,2.1100242257853945,0.926989953557476,2.536930466147968,28.143143636283316,36.414438601362065,57.44004327656966,61.07384389451497,-31.95053618036965,-22.005768753069614,healthcare
2026-05-29,32.27879111882269,59.256943585542324,-26.97815246671963,2.1100242257853945,0.9269899535574759,2.536930466147968,28.143143636283316,36.414438601362065,57.44004327656967,61.07384389451498,-31.95053618036965,-22.005768753069614,healthcare
2026-05-30,32.27879111882269,59.25694358554232,-26.978152466719628,2.1100242257853945,0.9269899535574759,2.536930466147968,28.143143636283316,36.414438601362065,57.44004327656966,61.07384389451497,-31.950536180369646,-22.00576875306961,healthcare
2026-05-31,32.27879111882269,59.256943585542324,-26.97815246671963,2.1100242257853945,0.926989953557476,2.536930466147968,28.143143636283316,36.414438601362065,57.44004327656967,61.07384389451498,-31.95053618036965,-22.005768753069614,healthcare
2026-06-01,32.27879111882269,59.25694358554231,-26.978152466719628,2.1100242257853945,0.9269899535574759,2.536930466147968,28.143143636283316,36.414438601362065,57.440043276569654,61.073843894514965,-31.950536180369646,-22.00576875306961,healthcare
2026-06-02,32.27879111882269,59.25694358554232,-26.97815246671963,2.1100242257853945,0.9269899535574759,2.536930466147968,28.143143636283316,36.414438601362065,57.44004327656966,61.07384389451497,-31.95053618036965,-22.005768753069614,healthcare
2026-06-03,32.27879111882269,59.25694358554232,-26.97815246671963,2.1100242257853945,0.926989953557476,2.536930466147968,28.143143636283316,36.414438601362065,57.44004327656966,61.07384389451497,-31.95053618036965,-22.005768753069614,healthcare
