end_date,approve,disapprove,net,approve_std,disapprove_std,net_std,approve_lower_ci,approve_upper_ci,disapprove_lower_ci,disapprove_upper_ci,net_lower_ci,net_upper_ci
2025-01-21,47.98446297875208,42.006250785647445,5.97821219310463,0.3174800924517406,4.555981419777008,4.870012391608,47.36220199754666,48.60672395995749,33.076527202884506,50.935974368410385,-3.5670120944470494,15.52343648065631
2025-01-22,47.98446297875207,42.00625078564744,5.978212193104629,0.3174800924517405,4.555981419777008,4.870012391608,47.362201997546656,48.606723959957485,33.076527202884506,50.93597436841037,-3.5670120944470503,15.523436480656308
2025-01-23,48.74751373786397,44.14204272827093,4.605471009593042,1.1712056163892937,3.7353682231730874,4.454387811934453,46.45195072974095,51.04307674598699,36.82072101085168,51.46336444569018,-4.125129101798486,13.33607112098457
2025-01-24,48.71075155953885,44.09116835541071,4.619583204128141,1.052091424053192,3.259344013099203,3.7910298288658355,46.64865236839459,50.772850750683105,37.70285408973627,50.47948262108515,-2.810835260448897,12.050001668705178
2025-01-25,48.71075155953885,44.09116835541071,4.619583204128141,1.052091424053192,3.259344013099203,3.7910298288658355,46.64865236839459,50.772850750683105,37.70285408973627,50.47948262108515,-2.810835260448897,12.050001668705178
2025-01-26,48.33379079114059,44.43629211440877,3.8974986767318205,1.1789483484365133,2.8192396036566976,3.3612229714267805,46.02305202820503,50.64452955407616,38.91058249124165,49.962001737575896,-2.6904983472646693,10.485495700728311
2025-01-27,48.619360548339905,43.516733962001254,5.102626586338646,1.1240637284090786,2.748122857043316,3.3604494024099,46.41619564065811,50.8225254560217,38.130413162196355,48.90305476180615,-1.4838542423847585,11.68910741506205
2025-01-28,48.50134897445804,43.60032524851802,4.901023725940027,1.1922577263944238,2.4661253521829947,3.147184962359541,46.16452383072497,50.83817411819111,38.76671955823935,48.433930938796685,-1.2674588002846736,11.069506252164727
2025-01-29,48.50134897445805,43.60032524851802,4.901023725940027,1.1922577263944238,2.4661253521829947,3.147184962359541,46.164523830724974,50.83817411819112,38.76671955823935,48.433930938796685,-1.2674588002846736,11.069506252164727
2025-01-30,48.50134897445804,43.60032524851802,4.901023725940027,1.1922577263944238,2.4661253521829947,3.147184962359541,46.16452383072497,50.83817411819111,38.76671955823935,48.433930938796685,-1.2674588002846736,11.069506252164727
2025-01-31,47.92095818689445,44.13347740548149,3.7874807814129574,1.3903392538784425,2.3400998673166167,3.2709722143281335,45.19589324929271,50.646023124496196,39.54688166554092,48.72007314542206,-2.6236247586701844,10.1985863214961
2025-02-01,47.8485689942492,44.21935022416359,3.6292187700856062,1.4073753609823205,2.3307705183746967,3.2967350898415684,45.09011328672385,50.60702470177455,39.65104000814919,48.787660440177994,-2.832382006003868,10.09081954617508
2025-02-02,48.06953185069154,44.4019271626062,3.667604688085342,1.3486072274159908,2.1340720757218037,2.971535537512577,45.426261684956195,50.712802016426885,40.21914589419146,48.584708431020935,-2.156604965439309,9.491814341609993
2025-02-03,47.831813630154045,44.78554347411589,3.046270156038152,1.4830819204479624,2.2581639721708515,3.3184442776144,44.924973066076035,50.738654194232055,40.35954208866102,49.21154485957076,-3.4578806280860714,9.550420940162375
2025-02-04,47.69630766490786,44.66320179766935,3.0331058672385107,1.4638452270388633,2.226390921764635,3.1595904903775445,44.82717101991169,50.56544430990404,40.29947559101067,49.026928004328035,-3.159691493901476,9.225903228378497
2025-02-05,47.57699173705148,45.27586863328785,2.3011231037636337,1.3511111891798389,2.381625625541759,3.278774321109179,44.928813806258994,50.225169667843964,40.607882407226,49.9438548593497,-4.125274565610357,8.727520773137623
2025-02-06,47.15672007494176,45.39568714256333,1.7610329323784273,1.618780507975292,2.345289146062036,3.403263276684765,43.98391027931019,50.32952987057333,40.798920416281746,49.99245386884492,-4.909363089923712,8.431428954680566
2025-02-07,47.58469242832399,45.457701418253954,2.1269910100700424,2.2353037370227624,2.252545936272309,3.619479543921342,43.203497103759375,51.965887752888605,41.04271138316023,49.87269145334768,-4.967188896015788,9.221170916155872
2025-02-08,47.58469242832399,45.45770141825395,2.1269910100700424,2.2353037370227624,2.252545936272309,3.6194795439213414,43.203497103759375,51.965887752888605,41.042711383160224,49.87269145334767,-4.967188896015786,9.221170916155872
2025-02-09,47.489052469970524,45.70117806308176,1.7878744068887642,2.215026774412609,2.3997890516348983,3.7776891373339456,43.14759999212181,51.830504947819236,40.99759152187736,50.404764604286164,-5.61639630228577,9.192145116063298
2025-02-10,47.489052469970524,45.70117806308176,1.7878744068887642,2.215026774412609,2.3997890516348983,3.7776891373339456,43.14759999212181,51.830504947819236,40.99759152187736,50.404764604286164,-5.61639630228577,9.192145116063298
2025-02-11,47.24934515824858,45.510139340942295,1.739205817306284,2.0459958259563558,2.6299612654598135,3.66482391943973,43.239193339374125,51.259496977123035,40.35541526064106,50.66486342124353,-5.443849064795586,8.922260699408154
2025-02-12,47.26851450118977,45.52041848040012,1.7480960207896545,2.036346368209423,2.6103042590124073,3.636246798581049,43.2772756194993,51.25975338288024,40.404222132735796,50.63661482806444,-5.378947704429201,8.87513974600851
2025-02-13,47.50017591565507,45.56179297202557,1.9383829436294981,2.0003259774398723,2.436381809953738,3.4363935839254087,43.57953699987292,51.42081483143722,40.78648462451625,50.337101319534895,-4.7969484808643035,8.6737143681233
2025-02-14,47.61527665664302,45.605428940746826,2.0098477158961927,1.9039611064249569,2.3112278567205697,3.231569342584424,43.883512888050106,51.34704042523593,41.07542234157451,50.13543553991914,-4.324028195569278,8.343723627361664
2025-02-15,47.596749135071214,45.690516284551954,1.906232850519262,1.7950936343527093,2.1913091982482715,3.0594661949123685,44.078365611739905,51.11513265840252,41.39555025598534,49.98548231311857,-4.09032089150898,7.902786592547504
2025-02-16,47.67161289685812,46.10440853610002,1.5672043607581037,1.6543342209161218,2.0182730719536845,2.910558272115016,44.429117823862526,50.91410796985372,42.1485933150708,50.060223757129236,-4.137489852587327,7.271898574103535
2025-02-17,47.15474878988438,46.397921443612,0.7568273462723786,1.6819338102035388,1.7754439286334218,2.739855661981779,43.85815852188544,50.45133905788332,42.91805134349049,49.87779154373351,-4.613289751211909,6.126944443756665
2025-02-18,47.04511493923444,46.56875776987832,0.47635716935611877,1.684968797859709,1.8428573520982736,2.932527422793509,43.742576095429406,50.34765378303947,42.9567573597657,50.18075817999093,-5.271396579319159,6.224110918031396
2025-02-19,47.015859842875834,46.68779266962773,0.3280671732481,1.6356720910989875,1.8435022203574825,2.8976414780670408,43.80994254432182,50.22177714142985,43.074528317727065,50.3010570215284,-5.3513101237633,6.0074444702595
2025-02-20,46.97627642545643,46.63805941360491,0.3382170118515202,1.561738664933127,1.8740076913800143,2.933004076008775,43.915268642187506,50.03728420872536,42.96500433850008,50.311114488709734,-5.410470977125679,6.086905000828719
2025-02-21,46.949343881873496,46.68232428429996,0.2670195975735303,1.507736174772655,1.8173260443837542,2.83978940498968,43.99418097931909,49.9045067844279,43.1203652373078,50.24428333129212,-5.298967636206243,5.833006831353304
2025-02-22,46.949343881873496,46.682324284299966,0.2670195975735303,1.507736174772655,1.8173260443837542,2.83978940498968,43.99418097931909,49.9045067844279,43.12036523730781,50.244283331292124,-5.298967636206243,5.833006831353304
2025-02-23,46.9093039676921,46.65134768364307,0.2579562840490234,1.5158362423871803,1.7743967210165748,2.797631307658908,43.93826493261322,49.88034300277097,43.17353011045058,50.129165256835556,-5.225401078962436,5.741313647060483
2025-02-24,46.856511144556464,46.59840460605771,0.2581065384987488,1.4518578698415427,2.133560333158791,3.054926522225482,44.01086971966704,49.702152569445886,42.416626353066484,50.78018285904894,-5.7295494450631965,6.245762522060693
2025-02-25,46.5880530335597,46.319771890885555,0.2682811426741488,1.8196681643281902,2.1753483487896865,3.0192446035779485,43.02150343147645,50.15460263564296,42.05608912725777,50.58345465451334,-5.6494382803386305,6.186000565686928
2025-02-26,46.47570004810183,46.561386021911666,-0.08568597380983917,1.7102497361489495,2.106936290266938,2.9384969507716607,43.12361056524989,49.827789530953766,42.43179089298847,50.690981150834865,-5.845139997322294,5.673768049702616
2025-02-27,46.720619576037784,46.765429487805044,-0.044809911767259056,1.6730135642018757,1.9946268492402246,2.7029794655172497,43.441512990202106,49.99972616187346,42.8559608632942,50.67489811231589,-5.342649664181068,5.25302984064655
2025-02-28,46.88485176759755,46.895342516384865,-0.010490748787310131,1.8285763086723195,1.8117955559084986,2.6443334584561815,43.30084220259981,50.468861332595296,43.34422322680421,50.44646180596552,-5.193384327361426,5.172402829786805
2025-03-01,46.828915244274704,46.9704143113817,-0.14149906710700097,1.7975806978173463,1.7944229453299738,2.6372308711681733,43.305657076552706,50.3521734119967,43.45334533853495,50.48748328422845,-5.310471574596621,5.027473440382618
2025-03-02,46.81637313802461,47.14732523923303,-0.3309521012084191,1.7665642927580034,1.7907124359200357,2.6907122103705046,43.35390712421892,50.2788391518303,43.637528864829754,50.6571216136363,-5.604748033534608,4.942843831117769
2025-03-03,46.709768096395834,47.27103091129671,-0.5612628149008817,1.7067070554599997,1.827391554637414,2.7183502913436035,43.36462226769424,50.05491392509743,43.68934346420738,50.85271835838604,-5.889229385934345,4.766703756132581
2025-03-04,46.71746924353603,47.206614228286696,-0.4891449847506715,1.689540326614038,1.818539671424329,2.7474781094108396,43.40597020337252,50.02896828369954,43.64227647229501,50.77095198427838,-5.874202079195917,4.8959121096945735
2025-03-05,46.582349239429966,47.35049049721452,-0.7681412577845539,1.593314207156799,1.757698894148877,2.6741938767792015,43.45945339340264,49.70524508545729,43.90540066468272,50.79558032974632,-6.009561256271788,4.473278740702681
2025-03-06,46.24954630573213,47.62928316839462,-1.3797368626624913,2.0476324033840116,2.021255438129466,3.547501224191498,42.23618679509947,50.26290581636479,43.667622509660866,51.59094382712838,-8.332839262077828,5.573365536752845
2025-03-07,46.253119260752996,47.66487000503131,-1.4117507442783135,2.027581006737392,2.014182280520461,3.517935532842624,42.27906048754771,50.22717803395828,43.717072735211204,51.61266727485142,-8.306904388649857,5.483402900093229
2025-03-08,46.253119260752996,47.66487000503131,-1.4117507442783135,2.027581006737392,2.014182280520461,3.517935532842624,42.27906048754771,50.22717803395828,43.717072735211204,51.61266727485142,-8.306904388649857,5.483402900093229
2025-03-09,46.23197621018908,47.78794631026456,-1.5559701000754778,1.9166844600602266,1.998677407332693,3.432871460375336,42.47527466847104,49.988677751907126,43.87053859189248,51.705354028636634,-8.284398162411136,5.1724579622601805
2025-03-10,45.96066042067377,48.29995166971078,-2.3392912490370077,1.8817162469625426,2.2706911278429844,3.727667499558856,42.272496576627184,49.64882426472035,43.84939705913853,52.75050628028303,-9.645519548172365,4.96693705009835
2025-03-11,45.836481714045,48.41039308701236,-2.5739113729673577,1.8888553042802587,2.3188212261557206,3.8481217599288415,42.134325317655694,49.538638110434306,43.86550348374715,52.95528269027757,-10.116230022427887,4.968407276493172
2025-03-12,46.2385318805776,48.1299629727836,-1.8914310922060025,2.1946304341168577,2.3255089136945077,4.2044950086109925,41.93705622970855,50.54000753144664,43.571965501942366,52.68796044362484,-10.132241309083547,6.349379124671542
2025-03-13,46.33042427328364,48.03793445282742,-1.7075101795437837,2.0618529972410493,2.1632122677288756,3.9309347236324266,42.289192398691185,50.371656147876095,43.798038408078824,52.27783049757602,-9.412142237863339,5.997121878775772
2025-03-14,46.227205555439404,48.145959030530555,-1.9187534750911523,2.0199250469810224,2.117532558611009,3.8590433087311293,42.2681524633566,50.18625864752221,43.995595215652976,52.296322845408135,-9.482478360204166,5.644971410021862
2025-03-15,46.2272055554394,48.14595903053055,-1.9187534750911521,2.0199250469810224,2.1175325586110088,3.859043308731129,42.26815246335659,50.1862586475222,43.99559521565297,52.29632284540813,-9.482478360204166,5.644971410021861
2025-03-16,46.03600450135916,48.425827262648376,-2.389822761289216,1.98050574826994,2.1617792750598808,3.8912464906193933,42.154213234750074,49.917795767968244,44.18873988353101,52.662914641765745,-10.016665882903226,5.237020360324795
2025-03-17,45.975279061900586,48.55672963503796,-2.5814505731373734,1.8037291263567454,2.0132797056365197,3.567752023689701,42.439969974241365,49.51058814955981,44.610701411990384,52.50275785808554,-9.574244539569186,4.41134339329444
2025-03-18,45.9668543010707,48.60017195141439,-2.6333176503436957,1.708739112621132,1.898479907470086,3.3657282412163108,42.617725640333276,49.31598296180812,44.87915133277302,52.32119257005576,-9.230145003127666,3.9635097024402737
2025-03-19,45.94356374918466,48.672705753066026,-2.729142003881363,1.6550693381641441,1.855962522376681,3.286593637333168,42.69962784638294,49.187499651986386,45.03501920920773,52.31039229692432,-9.170865533054371,3.712581525291646
2025-03-20,45.77733806912069,48.746951950563385,-2.9696138814427,1.8297481954797823,1.882713252862099,3.5267707252419416,42.191031605980314,49.36364453226106,45.05683397495367,52.4370699261731,-9.882084502916905,3.9428567400315053
2025-03-21,45.77733806912069,48.74695195056339,-2.9696138814427,1.8297481954797823,1.882713252862099,3.5267707252419416,42.191031605980314,49.36364453226106,45.056833974953676,52.43706992617311,-9.882084502916905,3.9428567400315053
2025-03-22,45.77733806912069,48.746951950563385,-2.9696138814427,1.8297481954797823,1.882713252862099,3.5267707252419416,42.191031605980314,49.36364453226106,45.05683397495367,52.4370699261731,-9.882084502916905,3.9428567400315053
2025-03-23,45.61639484371751,48.920760064796234,-3.3043652210787218,1.7944534649746435,1.9500555315525185,3.5851041439985676,42.099266052367206,49.13352363506781,45.0986512229533,52.74286890663917,-10.331169343315914,3.7224389011584704
2025-03-24,45.4413287028499,49.0027837448012,-3.561455041951297,1.7309171740621023,1.842959575842439,3.413839829927917,42.04873104168818,48.833926364011624,45.39058297615002,52.61498451345238,-10.252581108610014,3.12967102470742
2025-03-25,45.5935944485078,48.798875133891535,-3.205280685383732,1.8146547790097598,2.028562246944858,3.6973988564114935,42.03687108164867,49.15031781536693,44.82289312987962,52.77485713790345,-10.45218244395026,4.041621073182795
2025-03-26,45.59359444850781,48.798875133891535,-3.205280685383732,1.8146547790097598,2.0285622469448583,3.6973988564114935,42.03687108164868,49.15031781536694,44.82289312987961,52.77485713790346,-10.45218244395026,4.041621073182795
2025-03-27,45.14288996205102,49.20039351872531,-4.05750355667429,1.761818113526996,1.8867461256514055,3.5092982195651823,41.68972645953811,48.59605346456394,45.50237111244856,52.89841592500207,-10.935728067022048,2.820720953673467
2025-03-28,45.28636151517731,49.19707272448351,-3.9107112093061978,2.014361214873728,1.6892764377432004,3.4194120150815817,41.3382135340248,49.23450949632982,45.88609090650684,52.50805454246019,-10.612758758866098,2.7913363402537024
2025-03-29,45.28636151517731,49.19707272448351,-3.910711209306198,2.014361214873728,1.6892764377432006,3.4194120150815817,41.3382135340248,49.23450949632982,45.88609090650684,52.50805454246019,-10.612758758866098,2.791336340253702
2025-03-30,45.169625788877084,49.32133892697839,-4.151713138101313,2.0422968584767363,1.7476487426860436,3.523809452477557,41.16672394626268,49.17252763149149,45.89594739131375,52.746730462643036,-11.058379664957325,2.754953388754699
2025-03-31,45.16962578887708,49.32133892697839,-4.151713138101313,2.0422968584767363,1.7476487426860436,3.523809452477557,41.16672394626268,49.17252763149148,45.89594739131375,52.746730462643036,-11.058379664957325,2.754953388754699
2025-04-01,45.176238916197434,49.27319890881985,-4.096959992622416,1.9605952812026506,1.714939580721239,3.4323153330686935,41.33347216504024,49.01900566735463,45.91191733060622,52.63448048703348,-10.824298045437056,2.630378060192223
2025-04-02,45.11565555381101,49.30636150322936,-4.190705949418355,1.9106712008714373,1.6620731066770909,3.3369507004365846,41.37074000010299,48.86057110751903,46.04869821414226,52.56402479231646,-10.731129322274061,2.349717423437351
2025-04-03,45.03593351286013,49.31492471973717,-4.278991206877036,1.6215651127116006,1.5504366916278984,2.8849782073315655,41.857665891945395,48.21420113377487,46.27606880414649,52.35378063532785,-9.933548493246903,1.375566079492832
2025-04-04,45.03593351286013,49.31492471973717,-4.278991206877036,1.6215651127116006,1.5504366916278982,2.8849782073315655,41.857665891945395,48.21420113377487,46.27606880414649,52.35378063532785,-9.933548493246903,1.375566079492832
2025-04-05,45.03593351286013,49.31492471973717,-4.278991206877036,1.6215651127116006,1.5504366916278982,2.8849782073315655,41.857665891945395,48.21420113377487,46.27606880414649,52.35378063532785,-9.933548493246903,1.375566079492832
2025-04-06,44.838003746156176,49.59596071111569,-4.757956964959508,1.7656081306579492,1.8833727853602122,3.4022255756451116,41.3774118100666,48.298595682245754,45.90455005180967,53.2873713704217,-11.426319093223928,1.9104051633049108
2025-04-07,44.45788447734948,50.02349328987065,-5.565608812521168,1.7348995487748229,1.9775864460696648,3.5226020100961404,41.05748136175083,47.85828759294813,46.147423855574104,53.8995627241672,-12.469908752309603,1.3386911272672668
2025-04-08,44.386562279022556,50.01738490978721,-5.6308226307646585,1.6814859537482056,1.9188575296337453,3.4069608214851543,41.09084980967607,47.68227474836904,46.25642415170507,53.77834566786935,-12.308465840875561,1.0468205793462442
2025-04-09,44.28171820598838,50.14065157979158,-5.858933373803195,1.8971806477473019,2.156619153069831,3.9078267392913597,40.56324413640367,48.0001922755731,45.91367803977471,54.36762511980845,-13.51827378281426,1.8004070352078703
2025-04-10,43.77101923087782,50.45084483546402,-6.679825604586193,1.9672525151625218,2.1022119220342605,3.932147503559442,39.91520430115928,47.62683416059636,46.330509468276865,54.57118020265117,-14.386834711562699,1.0271835023903142
2025-04-11,43.97012071869312,50.516778079986835,-6.546657361293718,2.0804336813364386,2.063415459359734,3.8582996368374256,39.892470703273695,48.04777073411254,46.472483779641756,54.561072380331915,-14.108924649495073,1.0156099269076355
2025-04-12,43.96183696756357,50.46508178703697,-6.503244819473396,2.0600493239562536,2.073786087198612,3.830911695019968,39.924140292609316,47.999533642517825,46.400461056127696,54.52970251794625,-14.011831741712534,1.0053421027657414
2025-04-13,43.44025083588087,51.06476648397979,-7.6245156480989245,2.002052148787007,2.0985254936258255,3.863302611276681,39.51622862425833,47.3642730475034,46.95165651647317,55.177876451486405,-15.19658876620122,-0.052442529996629794
2025-04-14,43.713907746511126,50.73045053224164,-7.01654278573052,1.8149627683777387,1.9241601094351009,3.510780364825039,40.15658072049076,47.27123477253149,46.95909671774884,54.50180434673444,-13.897672300787598,-0.13541327067344344
2025-04-15,43.659020076709986,50.74839936264323,-7.089379285933244,1.7464853562220184,1.8520891202467809,3.378913610596284,40.235908778514826,47.082131374905146,47.11830468695953,54.37849403832692,-13.712049962701961,-0.4667086091645274
2025-04-16,43.65902007670998,50.74839936264323,-7.089379285933244,1.7464853562220184,1.8520891202467806,3.3789136105962836,40.235908778514826,47.08213137490513,47.11830468695953,54.37849403832692,-13.712049962701961,-0.4667086091645283
2025-04-17,43.58864203877969,50.593660431678465,-7.005018392898777,1.752165772810673,2.0226884562002283,3.3638061564170543,40.15439712407077,47.02288695348861,46.629191057526015,54.558129805830916,-13.598078459476204,-0.41195832632135065
2025-04-18,43.17616407225155,51.008710824621865,-7.832546752370307,1.9955991530954773,2.2134211798630252,3.887165128605677,39.26478973218442,47.087538412318686,46.67040531209034,55.34701633715339,-15.451390404437435,-0.21370310030317974
2025-04-19,43.18528020302347,51.030442944513226,-7.84516274148976,1.9764677636226924,2.1963332811066425,3.848870417722359,39.31140338632299,47.05915701972394,46.72562971354421,55.33525617548224,-15.388948760225583,-0.3013767227539361
2025-04-20,43.36382258501339,50.97808886307681,-7.614266278063429,2.0822758789641647,2.27399873981381,4.067542036120036,39.282561862243625,47.44508330778315,46.52105133304175,55.43512639311188,-15.5866486688587,0.3581161127318424
2025-04-21,43.129826382083714,51.092214170185756,-7.9623877881020375,1.9691151115259415,2.2119475144612366,3.9235180269523893,39.27036076349287,46.98929200067456,46.75679704184173,55.42763129852978,-15.652483120928721,-0.2722924552753545
2025-04-22,43.069298629454565,51.15933647225916,-8.090037842804598,1.9545764070752327,2.185027796181354,3.900187913575789,39.23832887158711,46.90026838732202,46.87668199174371,55.44199095277462,-15.734406153413143,-0.4456695321960522
2025-04-23,43.08180955259864,51.35674014590424,-8.274930593305598,1.8204035188048855,2.0375359917286042,3.616383715865385,39.51381865574107,46.649800449456215,47.36316960211617,55.35031068969231,-15.363042676401752,-1.1868185102094433
2025-04-24,42.96114294194645,51.53807373456139,-8.576930792614936,1.721212416414387,1.9355341461978222,3.4287218212419286,39.58756660577425,46.33471927811865,47.74442680801366,55.33172066110912,-15.297225562249116,-1.8566360229807568
2025-04-25,42.90414493275048,51.66941026788333,-8.765265335132854,1.8355663268227447,1.8849916530513933,3.347570864304135,39.30643493217789,46.50185493332306,47.9748266279026,55.36399390786406,-15.32650422916896,-2.204026441096749
2025-04-26,42.90414493275047,51.66941026788333,-8.765265335132854,1.835566326822745,1.8849916530513933,3.347570864304135,39.306434932177886,46.50185493332305,47.9748266279026,55.36399390786406,-15.32650422916896,-2.204026441096749
2025-04-27,42.83948554634085,51.892510707087155,-9.053025160746301,1.7684970608341928,1.9889029784125538,3.395184596627196,39.37323130710583,46.305739785575874,47.99426086939855,55.79076054477576,-15.707586970135605,-2.3984633513569973
2025-04-28,42.605833565614304,51.795254030021695,-9.18942046440739,1.78949494014528,2.005089913270237,3.4306427517494074,39.098423482929554,46.113243648299054,47.86527780001203,55.72523026003136,-15.913480257836227,-2.4653606709785505
2025-04-29,42.605833565614304,51.795254030021695,-9.18942046440739,1.7894949401452802,2.005089913270237,3.4306427517494074,39.098423482929554,46.113243648299054,47.86527780001203,55.72523026003136,-15.913480257836227,-2.4653606709785505
2025-04-30,42.63518590650351,51.82437207801486,-9.189186171511352,1.7603225587272602,1.9709408524628758,3.3631279672895835,39.18495369139808,46.08541812160894,47.961328007187625,55.6874161488421,-15.780916987398935,-2.5974553556237687
2025-05-01,42.633942722240214,51.78242503156917,-9.14848230932896,1.6929976095658756,1.901982065290623,3.238139586959011,39.3156674074911,45.95221803698933,48.05454018359955,55.51030987953879,-15.495235899768621,-2.801728718889299
2025-05-02,42.559030175026045,51.668411627195525,-9.10938145216948,1.5767523813686748,1.781000105928305,3.0030630508602707,39.46859550754344,45.64946484250865,48.177651419576044,55.159171834815005,-14.99538503185561,-3.223377872483349
2025-05-03,42.410196768784786,51.56881444762209,-9.158617678837302,1.6310923355680569,1.766551541092823,2.9134261809755544,39.2132557910714,45.607137746498175,48.10637342708016,55.03125546816402,-14.86893299354939,-3.448302364125216
2025-05-04,42.37850548811198,51.68364113119717,-9.305135643085187,1.5967057085678238,1.7976456111168901,2.9142004688377825,39.24896229931905,45.50804867690492,48.160255733408064,55.207026528986276,-15.01696856200724,-3.5933027241631335
2025-05-05,42.39330354606348,51.63559797887057,-9.24229443280709,1.5540028022594858,1.7584999454123682,2.8457282670223516,39.34745805363489,45.43914903849207,48.18893808586233,55.08225787187881,-14.819921836170899,-3.664667029443282
2025-05-06,42.35555233662526,51.67462887435286,-9.319076537727598,1.5569188302527937,1.758029733931066,2.8596720395404223,39.303991429329784,45.40711324392073,48.22889059584797,55.12036715285775,-14.924033735226825,-3.714119340228371
2025-05-07,42.37460360566693,51.65189543393058,-9.277291828263646,1.5552521913916098,1.7569728002278666,2.8630640625553934,39.32630931053937,45.42289790079448,48.20822874548396,55.095562122377196,-14.888897390872216,-3.665686265655075
2025-05-08,42.51879893600272,51.44026693441061,-8.92146799840789,1.4667829375977246,1.7245888294806546,2.742177121221035,39.64390437831118,45.39369349369426,48.06007282862853,54.82046104019269,-14.296135156001117,-3.5468008408146616
2025-05-09,42.88220468333585,51.28931586649764,-8.407111183161787,1.599412741719837,1.6200323249018695,2.8042535248678004,39.74735570956497,46.01705365710673,48.11405250968998,54.4645792233053,-13.903448091902675,-2.9107742744208975
2025-05-10,42.88220468333585,51.28931586649763,-8.407111183161787,1.5994127417198367,1.6200323249018695,2.8042535248678,39.74735570956497,46.01705365710673,48.11405250968997,54.46457922330529,-13.903448091902675,-2.9107742744208984
2025-05-11,42.810674559062235,51.44355607546558,-8.632881516403344,1.582769087687429,1.6935196395408827,2.8689187653606627,39.708447147194875,45.912901970929596,48.12425758196545,54.76285456896571,-14.255962296510244,-3.0098007362964454
2025-05-12,42.875422213570154,51.44445618007323,-8.569033966503078,1.4649769233006238,1.5662396234786085,2.6589396648579386,40.00406744390093,45.74677698323938,48.37462651805516,54.514285842091304,-13.780555709624636,-3.3575122233815184
2025-05-13,43.117364280312984,51.18764076148154,-8.070276481168552,1.5481968139808853,1.6713462224507192,2.912156846208089,40.08289852491045,46.15183003571552,47.91180216547813,54.46347935748495,-13.778103899736406,-2.3624490626006978
2025-05-14,43.117364280312984,51.18764076148153,-8.070276481168552,1.5481968139808853,1.6713462224507192,2.912156846208089,40.08289852491045,46.15183003571552,47.91180216547812,54.46347935748494,-13.778103899736406,-2.3624490626006978
2025-05-15,43.18996401269613,51.192505703634275,-8.002541690938141,1.437038708309507,1.4595168283057263,2.601858083235602,40.3733681444095,46.00655988098276,48.331852720155055,54.053158687113495,-13.10218353407992,-2.9028998477963617
2025-05-16,43.25084484913968,50.98929074699281,-7.738445897853122,1.4318141012963195,1.7106157595117881,2.8222527006659157,40.444489210598896,46.05720048768047,47.636483858349706,54.34209763563591,-13.270061191158316,-2.2068306045479273
2025-05-17,43.25084484913968,50.98929074699281,-7.738445897853122,1.4318141012963195,1.7106157595117883,2.822252700665916,40.444489210598896,46.05720048768047,47.636483858349706,54.34209763563591,-13.270061191158318,-2.2068306045479265
2025-05-18,43.3878585265906,50.82668375062744,-7.438825224036839,1.3972398977680573,1.688301476546413,2.769084222288491,40.649268326965206,46.12644872621599,47.51761285659647,54.135754644658405,-12.866230299722282,-2.011420148351397
2025-05-19,43.63669554030363,50.968945296846385,-7.332249756542752,1.4232626753397453,1.5964860096654532,2.4832657767976114,40.847100696637725,46.42629038396953,47.8398327179021,54.09805787579067,-12.199450679066072,-2.4650488340194334
2025-05-20,43.78896783553534,50.81854494848547,-7.0295771129501325,1.40096711231004,1.5497750337288718,2.4705458421772293,41.04307229540766,46.534863375663015,47.78098588237688,53.85610401459405,-11.871846963617502,-2.187307262282763
2025-05-21,43.58920181151115,51.044916504508755,-7.455714692997604,1.4764561559155713,1.639475416201889,2.7097774363632903,40.695347745916635,46.48305587710567,47.831544688753056,54.258288320264455,-12.766878468269653,-2.144550917725555
2025-05-22,43.58920181151116,51.04491650450876,-7.455714692997604,1.4764561559155713,1.639475416201889,2.7097774363632903,40.69534774591664,46.48305587710568,47.83154468875306,54.25828832026446,-12.766878468269653,-2.144550917725555
2025-05-23,43.58920181151115,51.044916504508755,-7.455714692997603,1.4764561559155713,1.639475416201889,2.7097774363632903,40.695347745916635,46.48305587710567,47.831544688753056,54.258288320264455,-12.766878468269653,-2.144550917725554
2025-05-24,43.58920181151116,51.04491650450876,-7.455714692997604,1.4764561559155713,1.639475416201889,2.7097774363632903,40.69534774591664,46.48305587710568,47.83154468875306,54.25828832026446,-12.766878468269653,-2.144550917725555
2025-05-25,43.59898586845036,51.114744080001365,-7.5157582115510015,1.4211403873517912,1.5970778245389847,2.614541998870837,40.81355070924085,46.384421027659876,47.98447154390495,54.24501661609778,-12.640260529337842,-2.3912558937641606
2025-05-26,43.67178804313354,51.09141008388046,-7.419622040746923,1.386089332764321,1.5280800076789742,2.5300545866436424,40.95505295091547,46.388523135351605,48.09637326882967,54.08644689893125,-12.378529030568462,-2.4607150509253835
2025-05-27,43.18078169698662,51.56757731821568,-8.38679562122906,1.3761636357031752,1.4471314657108747,2.548395835274139,40.4835009710084,45.878062422964845,48.73119964542237,54.403954991008995,-13.381651458366374,-3.391939784091748
2025-05-28,43.22754413630679,51.518041893955306,-8.290497757648515,1.3187037552390821,1.3868206770638807,2.445523535310246,40.64288477603819,45.81220349657539,48.7998733669101,54.236210421000514,-13.083723886856596,-3.4972716284404326
2025-05-29,43.33251821932938,51.431274838031676,-8.098756618702293,1.3144389631962714,1.3625037422936093,2.434842673902014,40.75621785146469,45.90881858719407,48.7607675031362,54.10178217292715,-12.87104825955024,-3.3264649778543456
2025-05-30,43.286001289565945,51.10402737647911,-7.8180260869131635,1.2229161883812545,1.496562332494347,2.3569271396841756,40.889085560338685,45.682917018793205,48.170765204790186,54.03728954816803,-12.437603280694148,-3.1984488931321797
2025-05-31,43.286001289565945,51.10402737647911,-7.8180260869131635,1.2229161883812545,1.496562332494347,2.3569271396841756,40.889085560338685,45.682917018793205,48.170765204790186,54.03728954816803,-12.437603280694148,-3.1984488931321797
2025-06-01,43.286001289565945,51.10402737647911,-7.8180260869131635,1.2229161883812545,1.496562332494347,2.3569271396841756,40.889085560338685,45.682917018793205,48.170765204790186,54.03728954816803,-12.437603280694148,-3.1984488931321797
2025-06-02,43.354843463774095,50.94546227734773,-7.590618813573631,1.336738775095629,1.7352841375931072,2.809451783670186,40.73483546458666,45.97485146296153,47.54430536766524,54.34661918703022,-13.097144309567195,-2.0840933175800656
2025-06-03,43.52545315896515,50.71911709692793,-7.19366393796278,1.3165202443303976,1.7122576407734804,2.795202625758132,40.94507348007757,46.10583283785273,47.36309212101191,54.07514207284395,-12.672261084448719,-1.7150667914768416
2025-06-04,43.54544888753496,50.700838232544164,-7.155389345009201,1.3075522949045761,1.6964121738865434,2.7737390969749125,40.98264638952199,46.10825138554793,47.37587037172654,54.02580609336179,-12.59191797508003,-1.7188607149383728
2025-06-05,43.38764520602601,50.60932889223372,-7.221683686207716,1.3876480275230678,1.6705662295074402,2.686891555104248,40.6678550720808,46.10743533997122,47.335019082399135,53.8836387020683,-12.487991134212042,-1.9553762382033897
2025-06-06,43.244428764369395,51.25166075101977,-8.007231986650371,1.6929359597924736,1.9449604632859896,3.0548950680953095,39.92627428317615,46.56258324556264,47.43953824297923,55.06378325906031,-13.994826320117177,-2.0196376531835645
2025-06-07,43.244428764369395,51.25166075101977,-8.007231986650371,1.6929359597924736,1.9449604632859898,3.05489506809531,39.92627428317615,46.56258324556264,47.43953824297923,55.06378325906031,-13.994826320117179,-2.0196376531835636
2025-06-08,43.166902041194604,51.56265312408562,-8.395751082891017,1.4413716019367955,1.7343849259817872,2.6761579059559697,40.341813701398486,45.99199038099072,48.163258669161316,54.962047579009926,-13.641020578564717,-3.1504815872173166
2025-06-09,42.87028294941947,51.41400163320345,-8.543718683783974,1.7792113773817382,2.2491080943972444,3.693864926696399,39.38302864975126,46.35753724908768,47.00574976818485,55.82225349822205,-15.783693940108915,-1.3037434274590316
2025-06-10,42.949659783891114,51.38322337205704,-8.433563588165919,1.7720474324760025,2.199067118037418,3.6380351178540677,39.47644681623815,46.42287275154408,47.0730518207037,55.69339492341038,-15.56411241915989,-1.3030147571719466
2025-06-11,42.79833953965242,51.593010089373784,-8.794670549721367,1.7742248950152997,2.194488892913251,3.66797476506337,39.32085874542243,46.27582033388241,47.29181185926381,55.89420831948376,-15.983901089245572,-1.605440010197162
2025-06-12,42.63432848933372,51.85255376701386,-9.218225277680137,1.698597017337326,2.124751051252416,3.549246131398101,39.30507833535256,45.963578643314875,47.688041706559126,56.01706582746859,-16.174747695220415,-2.2617028601398594
2025-06-13,42.634328489333726,51.85255376701386,-9.218225277680137,1.698597017337326,2.124751051252416,3.5492461313981014,39.30507833535257,45.96357864331488,47.688041706559126,56.01706582746859,-16.174747695220415,-2.2617028601398586
2025-06-14,42.73878173446059,51.736780098402036,-8.99799836394145,1.589481254723854,1.9637021077794667,3.2925622205008462,39.62339847520183,45.854164993719344,47.88792396715428,55.58563622964979,-15.451420316123109,-2.5445764117597918
2025-06-15,42.664475771881364,51.92277162225596,-9.258295850374598,1.5360106594136205,1.9206219256928765,3.2007984568249466,39.653894879430666,45.67505666433206,48.15835264789792,55.687190596613995,-15.531860825751494,-2.9847308749977026
2025-06-16,42.950574511934434,51.88234995329122,-8.93177544135678,1.4729228597198747,1.609280828974707,2.7510983032116947,40.06364570688348,45.83750331698539,48.72815952850079,55.036540378081646,-14.323928115651702,-3.539622767061859
2025-06-17,42.92354838594315,52.079564449749164,-9.156016063806014,1.3971997640913472,1.657994275067209,2.6639990753766596,40.18503684832411,45.66205992356219,48.82989567061743,55.329233228880895,-14.377454251544266,-3.9345778760677614
2025-06-18,43.063168540815724,52.047108290632515,-8.983939749816791,1.4540216659036722,1.6269613035222454,2.6683827987223845,40.213286075644525,45.91305100598692,48.858264135728916,55.235952445536114,-14.213970035312665,-3.753909464320918
2025-06-19,43.36957123363967,51.8712722799705,-8.501701046330824,1.7430718965742669,1.768168342062174,3.204466287336339,39.953150316354105,46.78599215092523,48.40566232952864,55.33688223041236,-14.782454969510049,-2.2209471231516
2025-06-20,43.272046753093356,51.980784049204686,-8.70873729611133,1.7492632959625758,1.7692031039428386,3.2287929282624095,39.84349069300671,46.700602813180005,48.513145965476724,55.44842213293265,-15.037171435505652,-2.380303156717008
2025-06-21,43.272046753093356,51.980784049204686,-8.70873729611133,1.7492632959625758,1.7692031039428386,3.2287929282624095,39.84349069300671,46.700602813180005,48.513145965476724,55.44842213293265,-15.037171435505652,-2.380303156717008
2025-06-22,43.106526506308036,52.085444901984935,-8.978918395676894,1.7759241112213908,1.8183606250877582,3.300593566864063,39.62571524831411,46.587337764301964,48.52145807681293,55.649431727156944,-15.448081786730457,-2.5097550046233312
2025-06-23,42.919897353335465,52.21414680041014,-9.294249447074675,1.8138331999374722,1.7626602361224981,3.2755360918638705,39.36478428145802,46.47501042521291,48.759332737610045,55.66896086321024,-15.714300187127861,-2.874198707021489
2025-06-24,42.95630556348416,52.3144577235742,-9.358152160090043,1.7187967041099141,1.713451027807297,3.1247302899447442,39.58746402342872,46.32514710353959,48.9560937090719,55.6728217380765,-15.48262352838174,-3.2336807917983448
2025-06-25,42.985773946927246,52.114350575510066,-9.128576628582818,1.5303166989234611,1.6829171106876892,2.8865868009673217,39.98635321703726,45.98519467681723,48.8158330385622,55.412868112457936,-14.78628675847877,-3.470866498686868
2025-06-26,43.02965432795013,52.02402196793008,-8.994367639979954,1.4453083770834159,1.6152261618359665,2.773210687525684,40.19684990886663,45.86245874703362,48.85817869073159,55.18986524512857,-14.429860587530294,-3.5588746924296135
2025-06-27,43.124733846013804,51.74684431626752,-8.622110470253716,1.4021834510690718,1.753553663580124,2.8668097946220326,40.37645428191842,45.87301341010919,48.309879135650476,55.183809496884564,-14.2410576677129,-3.0031632727945325
2025-06-28,43.1247338460138,51.74684431626751,-8.622110470253714,1.4021834510690718,1.7535536635801239,2.8668097946220326,40.37645428191841,45.87301341010918,48.30987913565047,55.18380949688456,-14.241057667712898,-3.0031632727945308
2025-06-29,43.107701871749576,51.75626348781503,-8.648561616065457,1.366674430620712,1.7009979709600986,2.7841780034292993,40.42901998773298,45.786383755766174,48.42230746473324,55.09021951089683,-14.105550502786883,-3.1915727293440304
2025-06-30,43.08815648164355,51.78819755909694,-8.70004107745339,1.4297067863281745,1.7140333517762965,2.9118653494442333,40.28593118044033,45.890381782846774,48.428692189615404,55.14770292857848,-14.407297162364088,-2.992784992542693
2025-07-01,43.08815648164355,51.788197559096936,-8.70004107745339,1.4297067863281743,1.7140333517762965,2.9118653494442333,40.28593118044033,45.890381782846774,48.4286921896154,55.147702928578475,-14.407297162364088,-2.992784992542693
2025-07-02,43.08253199341547,51.775078517779065,-8.692546524363598,1.422950562699241,1.7087061121245308,2.896532646155627,40.29354889052496,45.871515096305984,48.42601453801498,55.12414249754315,-14.369750510828627,-3.0153425378985697
2025-07-03,43.082531993415465,51.775078517779065,-8.692546524363598,1.422950562699241,1.708706112124531,2.896532646155627,40.29354889052495,45.87151509630598,48.42601453801498,55.12414249754315,-14.369750510828627,-3.0153425378985697
2025-07-04,43.08253199341547,51.775078517779065,-8.692546524363598,1.422950562699241,1.708706112124531,2.896532646155627,40.29354889052496,45.871515096305984,48.42601453801498,55.12414249754315,-14.369750510828627,-3.0153425378985697
2025-07-05,43.08253199341547,51.77507851777907,-8.692546524363598,1.422950562699241,1.708706112124531,2.896532646155627,40.29354889052496,45.871515096305984,48.42601453801499,55.124142497543154,-14.369750510828627,-3.0153425378985697
2025-07-06,42.89055934363017,51.957237166989806,-9.066677823359633,1.5163208068813052,1.7518452794909232,3.0582530590174946,39.91857056214282,45.86254812511753,48.523620419187594,55.39085391479202,-15.060853819033923,-3.072501827685344
2025-07-07,42.871837641317924,51.92407711907339,-9.0522394777554709,1.4533883368007041,1.6789825335097455,2.9245128266826796,40.023196501188544,45.720478781447305,48.633271353394285,55.21488288475249,-14.784284618053523,-3.320194337457419
2025-07-08,42.804597595075336,51.9946835404651,-9.19008594538976,1.3346103607727413,1.5403615611400827,2.686173223820658,40.188761287960766,45.420433902189906,48.97557488063053,55.01379220029966,-14.454985464078248,-3.925186426701269
2025-07-09,42.80459759507533,51.99468354046509,-9.190085945389757,1.3346103607727413,1.5403615611400825,2.6861732238206577,40.18876128796076,45.4204339021899,48.975574880630525,55.013792200299655,-14.454985464078247,-3.925186426701268
2025-07-10,42.62017609993163,51.87810207493651,-9.257925975004866,1.2639212437492013,1.403296299414597,2.493081959075989,40.142890462183196,45.09746173768007,49.1276413280839,54.62856282178912,-14.144366614793805,-4.371485335215928
2025-07-11,42.62017609993163,51.8781020749365,-9.257925975004866,1.2639212437492011,1.403296299414597,2.4930819590759885,40.142890462183196,45.09746173768007,49.12764132808389,54.62856282178911,-14.144366614793803,-4.371485335215929
2025-07-12,42.62017609993163,51.8781020749365,-9.257925975004866,1.2639212437492013,1.403296299414597,2.4930819590759885,40.142890462183196,45.09746173768007,49.12764132808389,54.62856282178911,-14.144366614793803,-4.371485335215929
2025-07-13,42.41954816941667,52.10297309659946,-9.683424927182786,1.471414543752761,1.4969686715245105,2.834850981277455,39.53557566366126,45.30352067517208,49.168914500411425,55.0370316927875,-15.239732850486599,-4.127117003878974
2025-07-14,42.30546888828677,52.39657605315774,-10.091107164870971,1.2280452373855764,1.3433539330471864,2.447280337307986,39.89850022301104,44.712437553562495,49.763602344385255,55.02954976193022,-14.887776625994624,-5.2944377037473185
2025-07-15,42.30546888828676,52.39657605315773,-10.09110716487097,1.2280452373855764,1.3433539330471864,2.4472803373079857,39.898500223011034,44.71243755356249,49.76360234438525,55.02954976193021,-14.887776625994622,-5.294437703747318
2025-07-16,42.46398254370997,52.274982690116786,-9.81100014640682,1.1370723045664846,1.3049069671598317,2.249917962751259,40.23532082675966,44.69264426066027,49.717365034483514,54.83260034575006,-14.220839353399288,-5.401160939414353
2025-07-17,42.46398254370997,52.274982690116786,-9.811000146406819,1.1370723045664846,1.3049069671598317,2.249917962751259,40.23532082675966,44.69264426066027,49.717365034483514,54.83260034575006,-14.220839353399287,-5.401160939414352
2025-07-18,42.4109391737719,52.69263310510185,-10.281693931329949,0.9994511104574925,1.5953298831579115,2.2693685348560546,40.452014997275214,44.36986335026859,49.56578653411234,55.819479676091355,-14.729656259647815,-5.833731603012082
2025-07-19,42.3670327158886,52.678732602681855,-10.311699886793258,0.9864618635357275,1.5534114458317627,2.208533696053999,40.43356746335857,44.300497968418625,49.6340461688516,55.72341903651211,-14.640425931059095,-5.982973842527421
2025-07-20,42.33820327805435,52.73900575290938,-10.400802474855029,1.036741993338523,1.5150962002192458,2.247857637058609,40.30618897111085,44.37021758499785,49.76941720047966,55.7085943053391,-14.806603443489902,-5.995001506220155
2025-07-21,41.99354140088969,53.03855540901268,-11.045014008122994,1.300525509466858,1.3556511286652757,2.396021763759096,39.44451140233465,44.54257139944473,50.38147919682874,55.69563162119662,-15.741216665090821,-6.348811351155166
2025-07-22,42.10402080954864,52.752368651389794,-10.648347841841149,1.2895229217696906,1.545832958900283,2.5891923339912974,39.57655588288005,44.631485736217236,49.72253605194524,55.78220125083435,-15.723164816464092,-5.5735308672182065
2025-07-23,42.11256435968148,52.743049552859915,-10.630485193178435,1.2843650430804137,1.5392814423058816,2.579493974670729,39.59520887524387,44.62991984411909,49.72605792594039,55.76004117977944,-15.686293383533064,-5.574677002823806
2025-07-24,42.23342259418666,52.64399024893791,-10.410567654751253,1.2849955719149595,1.5137045258759398,2.572904750583119,39.714831273233344,44.75201391513998,49.67712937822107,55.610851119654754,-15.453460965894166,-5.367674343608339
2025-07-25,42.23342259418666,52.64399024893791,-10.410567654751253,1.2849955719149595,1.5137045258759398,2.5729047505831195,39.714831273233344,44.75201391513998,49.67712937822107,55.610851119654754,-15.453460965894166,-5.367674343608338
2025-07-26,42.233422594186656,52.64399024893791,-10.410567654751251,1.2849955719149595,1.5137045258759398,2.572904750583119,39.71483127323334,44.752013915139976,49.67712937822107,55.610851119654754,-15.453460965894164,-5.367674343608337
2025-07-27,42.00122245593925,52.68032222466237,-10.679099768723116,1.4147689630328877,1.3951562617456663,2.552540213028426,39.22827528839479,44.77416962348371,49.94581595164086,55.41482849768388,-15.682078586258832,-5.676120951187401
2025-07-28,41.82631284490266,52.79820063026874,-10.971887785366082,1.4762157480416203,1.3957882291209194,2.6487362905891274,38.932929978741086,44.71969571106423,50.06245570119174,55.53394555934574,-16.16341091492077,-5.780364655811392
2025-07-29,41.65160858557458,52.93817272425061,-11.286564138676036,1.5618485240068756,1.480070749816635,2.848520623556639,38.5903854785211,44.71283169262806,50.03723405461001,55.839111393891216,-16.86966456084705,-5.703463716505024
2025-07-30,41.588206298054864,53.032674803494764,-11.444468505439902,1.5250822070671404,1.469924440143726,2.8094469517886562,38.59904517220327,44.57736742390646,50.15162290081306,55.91372670617647,-16.950984530945668,-5.937952479934136
2025-07-31,41.85404257491682,52.825551644147964,-10.97150906923115,1.5312487257551988,1.4402736012801478,2.8131446153289508,38.85279507243663,44.85529007739701,50.002615385638876,55.64848790265705,-16.485272515275895,-5.4577456231864065
2025-08-01,41.85404257491682,52.825551644147964,-10.97150906923115,1.5312487257551988,1.4402736012801478,2.8131446153289508,38.85279507243663,44.85529007739701,50.002615385638876,55.64848790265705,-16.485272515275895,-5.4577456231864065
2025-08-02,42.256158204528816,52.481888128690365,-10.225729924161543,1.7732900999077095,1.6161787487045962,3.2690839220486354,38.78050960870971,45.731806800347925,49.314177781229354,55.649598476151375,-16.63313441137687,-3.8183254369462176
2025-08-03,42.382239973165724,52.46808738293125,-10.085847409765528,1.8093917600244502,1.57127465680795,3.2652907554701422,38.835832123517804,45.928647822813645,49.388389055587666,55.54778571027484,-16.485817290487006,-3.685877529044049
2025-08-04,42.344660857894375,52.52361191473307,-10.178951056838693,1.7695648446742729,1.5503582643915197,3.207998848614647,38.8763137623328,45.81300795345595,49.484909716525685,55.56231411294045,-16.466628800123402,-3.8912733135539854
2025-08-05,42.344660857894375,52.52361191473307,-10.178951056838692,1.7695648446742729,1.5503582643915197,3.207998848614647,38.8763137623328,45.81300795345595,49.484909716525685,55.56231411294045,-16.4666288001234,-3.8912733135539836
2025-08-06,42.344660857894375,52.523611914733074,-10.178951056838693,1.7695648446742729,1.55035826439152,3.207998848614647,38.8763137623328,45.81300795345595,49.48490971652569,55.562314112940456,-16.466628800123402,-3.8912733135539854
2025-08-07,42.46076045079344,52.5140144716226,-10.053254020829165,1.7275283298067554,1.4726859287909422,3.0824993966555,39.074804924372195,45.84671597721468,49.62755005119236,55.400478892052845,-16.094952838273944,-4.011555203384385
2025-08-08,42.460760450793444,52.51401447162261,-10.053254020829165,1.7275283298067554,1.4726859287909422,3.0824993966555,39.0748049243722,45.846715977214686,49.627550051192365,55.40047889205285,-16.094952838273944,-4.011555203384385
2025-08-09,42.484025656480526,52.29733788838891,-9.81331223190839,1.6198991946855628,1.4871052371902491,2.9470236464650217,39.30902323489682,45.65902807806423,49.38261162349602,55.2120641532818,-15.589478578979833,-4.037145884836947
2025-08-10,41.89458954686907,52.72974558338554,-10.835156036516466,1.7397546945238043,1.4824809398476986,3.101610082569743,38.48467034560242,45.304508748135724,49.82408294128405,55.635408225487026,-16.91431179835316,-4.75600027467977
2025-08-11,41.92381974103652,52.76256817652461,-10.83874843548809,1.6341862526449924,1.3933962876775658,2.9114283806509413,38.72081468585233,45.1268247962207,50.03151145267658,55.49362490037264,-16.545148061563935,-5.132348809412246
2025-08-12,41.90612675004959,52.74838125755724,-10.84225450750765,1.6045729721801485,1.3679081942716649,2.85441676044441,38.7611637245765,45.05108977552268,50.067281196784776,55.42948131832971,-16.436911357978694,-5.247597657036607
2025-08-13,41.934967622283175,52.757472997323084,-10.822505375039913,1.5896824848604305,1.348551307775812,2.8145888127599137,38.81918995195673,45.05074529260962,50.11431243408249,55.400633560563676,-16.339099448049346,-5.3059113020304824
2025-08-14,41.88184280933614,52.93466326241673,-11.052820453080585,1.4992293091847633,1.3567709293069157,2.711432189450471,38.943353363334005,44.82033225533828,50.27539224097517,55.59393428385828,-16.36722754440351,-5.738413361757662
2025-08-15,41.88184280933614,52.93466326241673,-11.052820453080585,1.4992293091847633,1.3567709293069157,2.711432189450471,38.943353363334005,44.82033225533828,50.27539224097517,55.59393428385828,-16.36722754440351,-5.738413361757662
2025-08-16,41.88184280933614,52.93466326241673,-11.052820453080585,1.4992293091847633,1.3567709293069157,2.711432189450471,38.943353363334005,44.82033225533828,50.27539224097517,55.59393428385828,-16.36722754440351,-5.738413361757662
2025-08-17,42.588366043502425,52.48292801777195,-9.89456197426952,1.7759882444401773,1.4004053773505143,3.0316321219886837,39.107429084399676,46.069303002605174,49.73813347816494,55.227722557378954,-15.83656093336734,-3.9525630151717
2025-08-18,42.27111036597668,52.355464080482136,-10.084353714505456,1.6458544884790267,1.5008332624358947,2.7963089271637336,39.04523556855779,45.49698516339557,49.41383088610778,55.29709727485649,-15.565119211746374,-4.603588217264538
2025-08-19,42.27111036597668,52.355464080482136,-10.084353714505456,1.6458544884790267,1.5008332624358947,2.7963089271637336,39.04523556855779,45.49698516339557,49.41383088610778,55.29709727485649,-15.565119211746374,-4.603588217264538
2025-08-20,42.27544549579528,52.4351081229685,-10.159662627173217,1.499908720088327,1.3874762513448582,2.5542677289064035,39.33562440442216,45.2152665871684,49.715654670332576,55.154561575604426,-15.166027375829767,-5.153297878516667
2025-08-21,42.28135828825704,52.45246481320337,-10.171106524946332,1.3846467039126802,1.2862102781132785,2.365230813325901,39.567450748588186,44.99526582792589,49.93149266810134,54.9734369583054,-14.806958919065096,-5.535254130827567
2025-08-22,42.28135828825703,52.45246481320337,-10.171106524946332,1.3846467039126802,1.2862102781132785,2.365230813325901,39.56745074858818,44.995265827925884,49.93149266810134,54.9734369583054,-14.806958919065096,-5.535254130827567
2025-08-23,42.28135828825704,52.45246481320336,-10.171106524946332,1.3846467039126802,1.2862102781132785,2.365230813325901,39.567450748588186,44.99526582792589,49.931492668101335,54.97343695830539,-14.806958919065096,-5.535254130827567
2025-08-24,42.274289364847775,52.42871352536768,-10.154424160519902,1.3274739373587587,1.2728585077430914,2.242467510836044,39.67244044762461,44.87613828207094,49.93391085019122,54.923516200544135,-14.549660481758547,-5.759187839281256
2025-08-25,41.95231460218474,52.724736317195124,-10.772421715010378,1.768015918631421,1.5315971540275974,3.0360035055901236,38.48700340166716,45.417625802702325,49.722805895301036,55.72666673908921,-16.72298858596702,-4.821854844053735
2025-08-26,42.00073075113018,52.565876453291516,-10.565145702161336,1.6783103948810911,1.5028558865057928,2.9275881714797682,38.71124237716324,45.29021912509712,49.62027891574016,55.51147399084287,-16.30321851826168,-4.827072886060991
2025-08-27,42.00073075113018,52.565876453291516,-10.565145702161336,1.6783103948810911,1.5028558865057928,2.9275881714797682,38.71124237716324,45.29021912509712,49.62027891574016,55.51147399084287,-16.30321851826168,-4.827072886060991
2025-08-28,42.1903638242212,52.52534518333686,-10.334981359115655,1.664510975136753,1.4159261926258289,2.8240055018040016,38.927922312953164,45.45280533548924,49.750129845790234,55.30056052088349,-15.8700321426515,-4.799930575579812
2025-08-29,42.29903932198528,52.33066704539272,-10.031627723407434,1.5622076691778712,1.3956510023312176,2.716912997638471,39.23711229039665,45.360966353573914,49.59519108082354,55.066143009961905,-15.356777198778836,-4.7064782480360305
2025-08-30,42.29903932198528,52.33066704539272,-10.031627723407434,1.5622076691778712,1.3956510023312176,2.716912997638471,39.23711229039665,45.360966353573914,49.59519108082354,55.066143009961905,-15.356777198778836,-4.7064782480360305
2025-08-31,42.16180209833567,52.4493656896267,-10.287563591291036,1.4099187662860329,1.2645279729121854,2.4437895276770423,39.39836131641505,44.92524288025629,49.97089086271882,54.92784051653459,-15.077391065538038,-5.497736117044034
2025-09-01,42.56426122516824,51.802162603377916,-9.237901378209681,1.6474573696034935,2.1261360663209645,3.597880203487724,39.33524478074539,45.793277669591085,47.63493591338882,55.96938929336701,-16.28974657704562,-2.1860561793737423
2025-09-02,42.373979665825686,52.018855147105604,-9.644875481279922,1.6402348175064476,2.0798373728684725,3.558933164998344,39.15911942351305,45.588839908138326,47.9423738962834,56.09533639792781,-16.620384484676677,-2.669366477883168
2025-09-03,42.373979665825686,52.01885514710561,-9.644875481279922,1.6402348175064476,2.0798373728684725,3.558933164998344,39.15911942351305,45.588839908138326,47.94237389628341,56.09533639792782,-16.620384484676677,-2.669366477883168
2025-09-04,42.373979665825686,52.01885514710561,-9.644875481279923,1.6402348175064476,2.0798373728684725,3.558933164998344,39.15911942351305,45.588839908138326,47.94237389628341,56.09533639792782,-16.620384484676677,-2.6693664778831696
2025-09-05,42.577093582219376,52.21240686380089,-9.635313281581512,1.6756194210013067,2.132055386092095,3.415534895812205,39.29287951705682,45.861307647381935,48.03357830706038,56.39123542054139,-16.329761677373433,-2.9408648857895905
2025-09-06,42.577093582219376,52.212406863800894,-9.635313281581512,1.6756194210013067,2.132055386092095,3.415534895812205,39.29287951705682,45.861307647381935,48.03357830706039,56.3912354205414,-16.329761677373433,-2.9408648857895905
2025-09-07,42.577093582219376,52.21240686380089,-9.63531328158151,1.6756194210013067,2.132055386092095,3.415534895812205,39.29287951705682,45.861307647381935,48.03357830706038,56.39123542054139,-16.329761677373433,-2.9408648857895887
2025-09-08,42.273708967065616,52.49606448920452,-10.222355522138907,1.3635966497577303,1.817755578602095,2.810396719852538,39.601059533540464,44.94635840059077,48.933263555144414,56.05886542326463,-15.730733093049881,-4.713977951227933
2025-09-09,42.433228454786615,52.57011343327429,-10.136884978487675,1.2609763777858776,1.6537646102951158,2.558621648865338,39.961714754326294,44.904742155246936,49.32873479709586,55.81149206945271,-15.151783410263738,-5.121986546711613
2025-09-10,42.43322845478661,52.57011343327429,-10.136884978487675,1.2609763777858776,1.6537646102951158,2.558621648865338,39.96171475432629,44.90474215524693,49.32873479709586,55.81149206945271,-15.151783410263738,-5.121986546711613
2025-09-11,42.615386459786436,52.47222387555451,-9.856837415768073,1.2182129998882056,1.562087069056905,2.4595507902038856,40.22768898000555,45.00308393956732,49.41053322020298,55.533914530906046,-14.677556964567689,-5.036117866968457
2025-09-12,42.61538645978643,52.472223875554505,-9.856837415768071,1.2182129998882056,1.5620870690569049,2.4595507902038856,40.227688980005546,45.00308393956731,49.41053322020297,55.53391453090604,-14.677556964567687,-5.036117866968455
2025-09-13,42.61538645978643,52.472223875554505,-9.856837415768071,1.2182129998882056,1.562087069056905,2.4595507902038856,40.227688980005546,45.00308393956731,49.41053322020297,55.53391453090604,-14.677556964567687,-5.036117866968455
2025-09-14,42.57549189955304,52.56583235198064,-9.990340452427592,1.201619919748158,1.564047742780127,2.4633685514456403,40.22031685684665,44.930666942259435,49.50029877613159,55.63136592782969,-14.818542813261047,-5.162138091594137
2025-09-15,42.50380136464015,52.72442330548663,-10.220621940846483,1.376932758507329,1.6029337883487722,2.686616445934654,39.80501315796578,45.20258957131451,49.58267308032304,55.86617353065022,-15.486390174878405,-4.9548537068145615
2025-09-16,42.78494697502801,52.4518472189211,-9.666900243893096,1.3387502879982238,1.5416550409096283,2.658155347887213,40.16099641055149,45.40889753950452,49.43020333873823,55.473491099103974,-14.876884725752033,-4.456915762034159
2025-09-17,42.78494697502801,52.4518472189211,-9.666900243893096,1.3387502879982238,1.5416550409096283,2.658155347887213,40.16099641055149,45.40889753950452,49.43020333873823,55.473491099103974,-14.876884725752033,-4.456915762034159
2025-09-18,42.72725478649354,52.49756285455763,-9.770308068064091,1.3657320843783474,1.5456288046315347,2.6953788124961355,40.05041990111198,45.4040896718751,49.46813039747982,55.52699531163544,-15.053250540556517,-4.487365595571665
2025-09-19,42.72666052726796,52.494208874285626,-9.767548347017668,1.3460010699946157,1.5234483659867222,2.6564687931522206,40.088498430078516,45.3648226244574,49.50825007695165,55.480167671619604,-14.97422718159602,-4.560869512439315
2025-09-20,42.64937557216778,52.482595868676114,-9.833220296508333,1.338952390001612,1.4768073230964642,2.5871566045077268,40.02502888776462,45.273722256570935,49.58805351540705,55.37713822194518,-14.904047241343477,-4.762393351673189
2025-09-21,42.30992288217642,52.72708940394587,-10.41716652176945,1.4280427819032986,1.4424135044306639,2.6114891552919306,39.51095902964596,45.108886734706886,49.899958935261765,55.55421987262997,-15.535685266141634,-5.2986477773972664
2025-09-22,42.15575974843888,52.81810380772757,-10.662344059288687,1.4496230682062692,1.3950357247924159,2.6171247075504493,39.31449853475459,44.99702096212317,50.08383378713443,55.552373828320704,-15.791908486087568,-5.532779632489806
2025-09-23,42.155759748438875,52.81810380772757,-10.662344059288687,1.449623068206269,1.3950357247924157,2.6171247075504493,39.31449853475459,44.99702096212316,50.08383378713443,55.552373828320704,-15.791908486087568,-5.532779632489806
2025-09-24,42.199902040305986,52.91294812008277,-10.713046079776776,1.3902015023886565,1.3161694565167723,2.501346981325051,39.47510709562422,44.924696984987754,50.33325598530989,55.492640254855644,-15.615686163173876,-5.810405996379676
2025-09-25,42.199902040305986,52.91294812008277,-10.713046079776776,1.3902015023886565,1.3161694565167723,2.501346981325051,39.47510709562422,44.924696984987754,50.33325598530989,55.492640254855644,-15.615686163173876,-5.810405996379676
2025-09-26,42.13296118227233,52.82300590746962,-10.690044725197291,1.306585335642845,1.247793507675295,2.331257867319056,39.57205392441236,44.693868440132306,50.377330632426045,55.2686811825132,-15.259310145142642,-6.120779305251941
2025-09-27,42.18656978463887,52.890894784321134,-10.704324999682271,1.2258143735618228,1.1762763340374418,2.1735338919840173,39.7839736124577,44.58916595682004,50.58539316960775,55.19639639903452,-14.964451427970944,-6.444198571393597
2025-09-28,42.0145888576088,52.943939091116796,-10.929350233507995,1.2985568092383897,1.2322019929366435,2.334476023196436,39.469417511501554,44.559760203716046,50.52882318496098,55.359054997272615,-15.50492323897301,-6.35377722804298
2025-09-29,41.8220579864865,52.92138948915829,-11.099331502671788,1.2980641908920258,1.151147884874566,2.186430903219617,39.27785217233813,44.36626380063487,50.665139634804135,55.17763934351244,-15.384736072982237,-6.813926932361339
2025-09-30,41.88028380287943,52.942538182947075,-11.062254380067643,1.2695666701224142,1.1128502394887867,2.112568678342145,39.3919331294395,44.368634476319365,50.761351713549054,55.123724652345096,-15.202888989618247,-6.921619770517038
2025-10-01,42.107398715249566,52.80059962850998,-10.693200913260412,1.4397797377824233,1.1685649549011468,2.3779175455568518,39.28543042919602,44.92936700130311,50.51021231690373,55.090986940116224,-15.35391930255184,-6.032482523968983
2025-10-02,42.021459871175466,52.58344875262146,-10.561988881445988,1.298242766651108,1.3457312852135084,2.304009036362028,39.476904048539296,44.566015693811636,49.94581543360298,55.221082071639934,-15.077846592715563,-6.046131170176413
2025-10-03,42.05561448710923,52.81824267965595,-10.762628192546721,1.2632237272242124,1.624802547879853,2.3947392465722652,39.57969598174977,44.53153299246869,49.63362968581144,56.00285567350046,-15.45631711582836,-6.068939269265082
2025-10-04,42.05561448710923,52.81824267965595,-10.762628192546721,1.2632237272242124,1.624802547879853,2.3947392465722652,39.57969598174977,44.53153299246869,49.63362968581144,56.00285567350046,-15.45631711582836,-6.068939269265082
2025-10-05,42.06679792850743,52.85927891857019,-10.792480990062758,1.210099588931979,1.5697025511291727,2.3138293514874295,39.69500273420075,44.438593122814105,49.782661918357014,55.935895918783366,-15.32758651897812,-6.257375461147396
2025-10-06,42.205259930516704,52.77786887291036,-10.572608942393652,1.4364806942179589,1.643085867270779,2.7732664942639276,39.3897577698495,45.020762091183904,49.55742057305963,55.99831717276109,-16.008211271150948,-5.137006613636354
2025-10-07,42.055049639514166,52.83760943815999,-10.782559798645815,1.4123525955348792,1.6179305996843893,2.6911368054249953,39.286838552265806,44.82326072676253,49.66646546277858,56.00875341354139,-16.057187937278805,-5.507931660012824
2025-10-08,42.05528940353889,52.839221801892904,-10.783932398354006,1.399812095799053,1.603668929498998,2.6671027922792128,39.31165769577275,44.798921111305035,49.69603070007487,55.98241290371094,-16.011453871221264,-5.556410925486749
2025-10-09,42.261688473933944,52.66125283703669,-10.399564363102742,1.4537369720109286,1.608875873001957,2.7611065506918746,39.41236400879252,45.111012939075366,49.507856125952856,55.81464954812053,-15.811333202458815,-4.9877955237466685
2025-10-10,42.261688473933944,52.661252837036685,-10.399564363102742,1.4537369720109286,1.608875873001957,2.761106550691874,39.41236400879252,45.111012939075366,49.50785612595285,55.81464954812052,-15.811333202458815,-4.987795523746669
2025-10-11,42.261688473933944,52.661252837036685,-10.399564363102742,1.4537369720109286,1.608875873001957,2.761106550691874,39.41236400879252,45.111012939075366,49.50785612595285,55.81464954812052,-15.811333202458815,-4.987795523746669
2025-10-12,42.095063553381,52.73529481496844,-10.640231261587441,1.4196056790705731,1.530827535228581,2.6449331329493524,39.31263642240268,44.87749068435932,49.73487284592042,55.73571678401646,-15.824300202168171,-5.456162321006711
2025-10-13,41.97074458402219,52.81929708844076,-10.848552504418569,1.459128112621792,1.509032826315294,2.695669053274934,39.11085348328348,44.83063568476091,49.86159274886279,55.777001428018735,-16.13206384883744,-5.565041159999699
2025-10-14,42.10225042006298,52.75247018016139,-10.650219760098409,1.4349660259543406,1.4424012407178421,2.618631050884894,39.28971700919247,44.91478383093349,49.92536374835442,55.579576611968356,-15.7827366198328,-5.517702900364017
2025-10-15,42.19117213610039,52.41969468037076,-10.228522544270366,1.406391462531834,1.7754917255774625,2.878723185703128,39.434644869538,44.947699402662785,48.939730898238935,55.899658462502586,-15.870819988248495,-4.586225100292235
2025-10-16,42.33446628175169,52.20506266975415,-9.870596388002463,1.6944417935866287,1.7596127270139534,3.19085622316,39.0133603663219,45.65557219718148,48.7562217248068,55.6539036147015,-16.124674585396065,-3.616518190608863
2025-10-17,42.33446628175168,52.20506266975414,-9.870596388002463,1.6944417935866287,1.7596127270139532,3.19085622316,39.01336036632189,45.65557219718147,48.75622172480679,55.65390361470149,-16.124674585396065,-3.616518190608863
2025-10-18,42.33446628175168,52.20506266975415,-9.870596388002463,1.6944417935866287,1.7596127270139534,3.19085622316,39.01336036632189,45.65557219718147,48.7562217248068,55.6539036147015,-16.124674585396065,-3.616518190608863
2025-10-19,42.33118108541363,52.257109848320134,-9.925928762906507,1.6349866971277003,1.7076175514158272,3.0849519760022197,39.12660715904334,45.53575501178393,48.91017944754511,55.604040249095156,-15.972434635870858,-3.8794228899421563
2025-10-20,42.25714355126863,52.78806535969288,-10.53092180842424,1.4516219898282468,1.5133371231574402,2.7280314441394724,39.41196445120527,45.102322651331995,49.8219245983043,55.75420612108146,-15.877863438937606,-5.1839801779108745
2025-10-21,42.25714355126864,52.78806535969288,-10.53092180842424,1.4516219898282468,1.5133371231574402,2.7280314441394724,39.41196445120528,45.102322651332,49.8219245983043,55.75420612108146,-15.877863438937606,-5.1839801779108745
2025-10-22,42.25714355126864,52.78806535969288,-10.53092180842424,1.4516219898282468,1.5133371231574404,2.728031444139473,39.41196445120528,45.102322651332,49.8219245983043,55.75420612108146,-15.877863438937608,-5.183980177910874
2025-10-23,42.29868017981745,52.82264877587903,-10.523968596061582,1.4051194278904728,1.4619273106282986,2.626146044464828,39.544646101152125,45.05271425848278,49.957271247047565,55.6880263047105,-15.671214843212645,-5.376722348910519
2025-10-24,42.29868017981745,52.82264877587904,-10.523968596061584,1.4051194278904728,1.4619273106282988,2.626146044464828,39.544646101152125,45.05271425848278,49.95727124704757,55.688026304710505,-15.671214843212647,-5.376722348910521
2025-10-25,42.29868017981745,52.82264877587904,-10.523968596061582,1.4051194278904728,1.4619273106282986,2.626146044464828,39.544646101152125,45.05271425848278,49.95727124704757,55.688026304710505,-15.671214843212645,-5.376722348910519
2025-10-26,42.13418605952641,53.003651485504435,-10.869465425978026,1.3168697522237005,1.403251461276106,2.5091646178807747,39.55312134516795,44.71525077388486,50.25327862140327,55.7540243496056,-15.787428077024344,-5.951502774931708
2025-10-27,41.84062946251133,53.36085920976593,-11.520229747254595,1.4486550726595526,1.6266374160173214,2.912429728038466,39.001265520098606,44.679993404924055,50.17264987437198,56.54906854515988,-17.228592014209987,-5.811867480299202
2025-10-28,41.64530669783263,53.70685047532774,-12.061543777495116,1.5124032966821561,1.6990700373455387,2.998218197444882,38.6809962363356,44.60961715932966,50.37667320213048,57.037027748525,-17.938051444487083,-6.185036110503147
2025-10-29,41.505687199427136,53.80189919839797,-12.296211998970836,1.47174803247044,1.597405166673296,2.873013648266806,38.62106105578508,44.390313343069195,50.670985071718306,56.93281332507763,-17.927318749573775,-6.6651052483678965
2025-10-30,41.40514779806264,53.771568218791316,-12.36642042072867,1.4506648976391776,1.6264247680138977,2.880305536930196,38.56184459868985,44.248450997435434,50.58377567348408,56.959360764098555,-18.011819273111854,-6.721021568345485
2025-10-31,41.26161094281761,54.11189595772673,-12.850285014909115,1.3894960968724122,1.746279441525031,2.8572118786207468,38.53819859294769,43.985023292687536,50.68918825233767,57.53460366311579,-18.450420297005778,-7.250149732812452
2025-11-01,41.223845416814264,54.129907861085925,-12.906062444271667,1.3720719737423919,1.711529106917481,2.8095092367333954,38.534584348279175,43.91310648534935,50.77531081152766,57.48450491064419,-18.41270054826912,-7.399424340274212
2025-11-02,41.20722448877291,54.14436522410663,-12.937140735333726,1.3396594205168315,1.6688575696847914,2.7411573848090223,38.58149202455992,43.832956952985896,50.87340438752444,57.41532606068882,-18.30980920955941,-7.564472261108042
2025-11-03,41.083409275797855,54.203660085676226,-13.120250809878376,1.3655205299762017,1.6249995562590438,2.7384276728316514,38.4069890370445,43.759829514551214,51.0186609554085,57.38865921594395,-18.487569048628412,-7.75293257112834
2025-11-04,40.8578351985923,54.084132686283944,-13.226297487691644,1.437758864820146,1.5798632955425504,2.5987806456905846,38.03982782354481,43.675842573639784,50.98760062702055,57.18066474554734,-18.31990755324519,-8.132687422138098
2025-11-05,40.857835198592305,54.08413268628395,-13.226297487691644,1.437758864820146,1.5798632955425504,2.598780645690585,38.03982782354482,43.67584257363979,50.987600627020555,57.18066474554735,-18.31990755324519,-8.132687422138098
2025-11-06,40.56538563202953,54.15325518358125,-13.587869551551723,1.380266257730222,1.3987633137609845,2.3733294155043327,37.8600637668783,43.270707497180766,51.41167908860972,56.89483127855278,-18.239595205940216,-8.93614389716323
2025-11-07,40.56538563202953,54.15325518358125,-13.587869551551723,1.380266257730222,1.3987633137609845,2.3733294155043327,37.8600637668783,43.270707497180766,51.41167908860972,56.89483127855278,-18.239595205940216,-8.93614389716323
2025-11-08,40.565385632029525,54.15325518358125,-13.587869551551723,1.380266257730222,1.3987633137609845,2.3733294155043327,37.86006376687829,43.27070749718076,51.41167908860972,56.89483127855278,-18.239595205940216,-8.93614389716323
2025-11-09,40.44147186651398,54.369600219647864,-13.928128353133884,1.364102492359886,1.4765618551977067,2.4792739357934557,37.7678309814886,43.11511275153936,51.47553898346036,57.26366145583537,-18.787505267289056,-9.068751438978712
2025-11-10,40.35888627819657,54.47077713478792,-14.111890856591353,1.4513046030027679,1.40948527791945,2.5526417882090704,37.51432925631114,43.203443300082,51.7081859900658,57.233368279510046,-19.115068761481133,-9.108712951701575
2025-11-11,40.37177917266822,54.47241704474432,-14.1006378720761,1.4194024551735176,1.3773198266233713,2.494888070518169,37.58975036052813,43.15380798480831,51.772870184562514,57.17196390492612,-18.99061849029171,-9.210657253860488
2025-11-12,40.52538146907651,54.485019133395845,-13.95963766431934,1.3391785390343942,1.2669629762351324,2.3321107279360467,37.900591532569095,43.15017140558392,52.00177169997499,56.9682665668167,-18.53057469107399,-9.388700637564689
2025-11-13,40.50522782454472,54.462860057516856,-13.957632232972145,1.3912954054939377,1.188342790834904,2.314177675977095,37.7782888297766,43.23216681931284,52.133708187480444,56.79201192755327,-18.493420477887252,-9.421843988057038
2025-11-14,40.31595618152187,54.70265581641184,-14.386699634889972,1.5772598090679641,1.446768892937897,2.8120631919803736,37.22452695574866,43.40738540729508,51.866988786253565,57.53832284657012,-19.898343491171502,-8.87505577860844
2025-11-15,40.31595618152187,54.70265581641184,-14.386699634889972,1.5772598090679641,1.446768892937897,2.8120631919803736,37.22452695574866,43.40738540729508,51.866988786253565,57.53832284657012,-19.898343491171502,-8.87505577860844
2025-11-16,40.37658120005813,54.67614923317216,-14.299568033114026,1.5531226762701191,1.4163383590683316,2.7666819277425425,37.3324607545687,43.42070164554757,51.90012604939823,57.45217241694609,-19.722264611489408,-8.876871454738643
2025-11-17,39.86555650953264,55.15921123932519,-15.293654729792552,1.5514494544949118,1.425648585332378,2.809640689200318,36.82471557872261,42.906397440342666,52.36494001207373,57.953482466576645,-20.800550480625176,-9.786758978959927
2025-11-18,39.86555650953264,55.159211239325195,-15.293654729792554,1.5514494544949118,1.425648585332378,2.809640689200318,36.82471557872261,42.906397440342666,52.36494001207373,57.95348246657666,-20.800550480625176,-9.78675897895993
2025-11-19,39.865556509532645,55.159211239325195,-15.293654729792554,1.5514494544949118,1.425648585332378,2.8096406892003185,36.82471557872262,42.90639744034267,52.36494001207373,57.95348246657666,-20.800550480625176,-9.786758978959929
2025-11-20,39.67513067223394,55.185448933895394,-15.51031826166145,1.4488618251404497,1.3868822034438706,2.5266485259692586,36.83536149495866,42.51489984950922,52.46715981514541,57.90373805264538,-20.462549372561195,-10.558087150761704
2025-11-21,39.72111661385416,55.850685404435346,-16.12956879058119,1.95664238818467,1.7743867805571394,2.8052188188449234,35.886097533012205,43.55613569469611,52.372887314543355,59.32848349432734,-21.62779767551724,-10.631339905645138
2025-11-22,39.72111661385416,55.85068540443534,-16.129568790581185,1.95664238818467,1.7743867805571394,2.805218818844923,35.886097533012205,43.55613569469611,52.37288731454335,59.32848349432733,-21.627797675517236,-10.631339905645136
2025-11-23,39.77452618987237,55.763214030347385,-15.988687840475015,1.9303446184587296,1.7857979375505444,2.8248564554263087,35.99105073769326,43.55800164205148,52.26305007274832,59.26337798794645,-21.52540649311058,-10.451969187839449
2025-11-24,39.73262705049377,55.6740819213839,-15.941454870890132,1.876902570544875,1.6923187262558002,2.7363766792544824,36.053898012225815,43.41135608876172,52.357137217922535,58.99102662484527,-21.304753162228916,-10.578156579551347
2025-11-25,39.53788317693516,55.73586431677802,-16.197981139842863,1.8281989246268355,1.6229497075586519,2.6636049082970064,35.954613284666564,43.12115306920376,52.55488288996306,58.91684574359298,-21.418646760104995,-10.977315519580731
2025-11-26,39.61341241508894,55.66163475052528,-16.048222335436343,1.7469424223642511,1.55369389318941,2.563010563860367,36.189405267255005,43.03741956292287,52.61639471987404,58.70687478117652,-21.071723040602663,-11.024721630270022
2025-11-27,39.61341241508894,55.66163475052527,-16.048222335436343,1.7469424223642511,1.55369389318941,2.563010563860367,36.189405267255005,43.03741956292287,52.61639471987403,58.706874781176516,-21.071723040602663,-11.024721630270022
2025-11-28,39.61341241508893,55.66163475052527,-16.048222335436343,1.7469424223642511,1.55369389318941,2.563010563860367,36.189405267255,43.037419562922864,52.61639471987403,58.706874781176516,-21.071723040602663,-11.024721630270022
2025-11-29,40.11442958186155,54.98987313987599,-14.875443558014437,2.0112975200161993,2.156770489938657,3.674890363646915,36.1722864426298,44.0565727210933,50.762602979596224,59.217143300155755,-22.07822867076239,-7.672658445266484
2025-11-30,40.14552670980358,54.93870249854343,-14.793175788739841,1.9509989369857612,2.09804031826312,3.572826176182156,36.32156879331149,43.969484626295674,50.826543474747716,59.05086152233914,-21.795915094056866,-7.790436483422815
2025-12-01,40.105941888722526,55.039762053789254,-14.933820165066724,1.902005393642665,2.076567119619461,3.518176212170561,36.3780113171829,43.83387246026215,50.96969049933511,59.1098336082434,-21.82944554092102,-8.038194789212424
2025-12-02,40.10594188872253,55.039762053789254,-14.933820165066724,1.902005393642665,2.076567119619461,3.518176212170561,36.37801131718291,43.83387246026216,50.96969049933511,59.1098336082434,-21.82944554092102,-8.038194789212424
2025-12-03,40.10594188872253,55.039762053789254,-14.933820165066724,1.902005393642665,2.076567119619461,3.518176212170561,36.37801131718291,43.83387246026216,50.96969049933511,59.1098336082434,-21.82944554092102,-8.038194789212424
2025-12-04,40.52792693824239,54.5616908120751,-14.03376387383271,1.9451070361136353,2.145076961154282,3.727186866210812,36.715517147459664,44.34033672902511,50.357339968212706,58.76604165593749,-21.3390501316059,-6.728477616059518
2025-12-05,40.48271446523303,54.47676768030827,-13.99405321507524,1.8179155422548365,2.0167700901468013,3.491055037495434,36.91960000241355,44.04582892805251,50.52389830362054,58.429637056996,-20.836521088566293,-7.151585341584189
2025-12-06,40.48271446523303,54.47676768030827,-13.994053215075239,1.8179155422548365,2.016770090146801,3.491055037495434,36.91960000241355,44.04582892805251,50.52389830362054,58.429637056996,-20.83652108856629,-7.1515853415841875
2025-12-07,40.69038193637195,54.29297216177609,-13.602590225404143,1.7367181184489247,1.8884481829883992,3.3220156776435483,37.286414424212055,44.094349448531844,50.591613723118826,57.99433060043336,-20.1137409535855,-7.091439497222788
2025-12-08,41.266258685374,53.96392425000171,-12.697665564627714,1.6854900395968202,1.5476781637127348,2.9993971668134,37.962698207764234,44.56981916298376,50.93047504912475,56.99737345087867,-18.57648401158198,-6.81884711767345
2025-12-09,41.266258685374,53.96392425000171,-12.697665564627714,1.6854900395968202,1.5476781637127348,2.9993971668134,37.962698207764234,44.56981916298376,50.93047504912475,56.99737345087867,-18.57648401158198,-6.81884711767345
2025-12-10,41.32554504165915,53.875641895497125,-12.550096853837982,1.61646101224727,1.4942204571467868,2.889532148991888,38.1572814576545,44.493808625663796,50.94696979948942,56.80431399150483,-18.213579865862084,-6.8866138418138805
2025-12-11,40.93300241294597,53.980567106970106,-13.047564694024137,1.5749565496984346,1.3937255930304306,2.6008029665324726,37.846087575537034,44.0199172503549,51.24886494463046,56.71226926930975,-18.145138508427785,-7.949990879620491
2025-12-12,40.93300241294596,53.9805671069701,-13.047564694024135,1.5749565496984346,1.3937255930304306,2.6008029665324726,37.84608757553703,44.019917250354894,51.248864944630455,56.71226926930974,-18.14513850842778,-7.949990879620489
2025-12-13,40.92445133444903,53.982316356909614,-13.05786502246058,1.5610831115709547,1.3856299981795663,2.5798765500750145,37.86472843576996,43.9841742331281,51.266481560477665,56.69815115334156,-18.11442306060761,-8.001306984313551
2025-12-14,40.92445133444903,53.982316356909614,-13.05786502246058,1.5610831115709547,1.3856299981795663,2.5798765500750145,37.86472843576996,43.9841742331281,51.266481560477665,56.69815115334156,-18.11442306060761,-8.001306984313551
2025-12-15,40.82564453037346,54.13498525281759,-13.309340722444139,1.5598371024039226,1.1806084653361093,2.4218665458962922,37.76836380966177,43.88292525108515,51.82099266075882,56.44897784487637,-18.056199152400872,-8.562482292487406
2025-12-16,40.817624923558135,54.15748142324912,-13.339856499690992,1.5393885389101638,1.168086622756338,2.392183682860054,37.80042338729422,43.834826459822054,51.8680316426467,56.44693120385155,-18.028536518096697,-8.651176481285287
2025-12-17,40.817624923558135,54.15748142324912,-13.339856499690992,1.5393885389101638,1.168086622756338,2.392183682860054,37.80042338729422,43.834826459822054,51.8680316426467,56.44693120385155,-18.028536518096697,-8.651176481285287
2025-12-18,41.05773653601578,53.99499247947832,-12.937255943462546,1.6786219325932117,1.2451756292045522,2.654380651176989,37.76763754813309,44.347835523898475,51.5544482462374,56.43553671271924,-18.139842019769443,-7.734669867155648
2025-12-19,40.521964968905706,54.746596943170196,-14.224631974264485,2.0519582829136302,1.8660107990226211,3.6115228791887755,36.50012673439499,44.543803203416424,51.08921577708586,58.40397810925453,-21.303216817474485,-7.146047131054485
2025-12-20,40.49792786625484,54.47939827167178,-13.98147040541694,1.9516699015793995,2.214640920933359,3.7157383408219227,36.672654859159216,44.323200873350466,50.1387020666424,58.820094476701165,-21.264317553427908,-6.6986232574059725
2025-12-21,40.5153928453638,54.28329888869057,-13.767906043326771,1.8528870121197831,2.2295685162138215,3.6071560233008673,36.883734301609024,44.14705138911857,49.91334459691148,58.653253180469655,-20.837931848996472,-6.697880237657071
2025-12-22,40.456037411581875,54.331061802090005,-13.87502439050813,1.8265321503023944,2.1897632968735548,3.5669103339080603,36.87603439698918,44.036040426174566,50.03912574021784,58.62299786396217,-20.866168644967928,-6.883880136048332
2025-12-23,40.45603741158187,54.33106180209,-13.875024390508129,1.8265321503023944,2.1897632968735548,3.56691033390806,36.876034396989176,44.03604042617456,50.03912574021783,58.62299786396217,-20.866168644967928,-6.883880136048331
2025-12-24,40.45603741158187,54.33106180209,-13.875024390508129,1.8265321503023944,2.1897632968735543,3.56691033390806,36.876034396989176,44.03604042617456,50.039125740217834,58.62299786396216,-20.866168644967928,-6.883880136048331
2025-12-25,40.45603741158187,54.33106180209,-13.875024390508129,1.8265321503023944,2.1897632968735543,3.56691033390806,36.876034396989176,44.03604042617456,50.039125740217834,58.62299786396216,-20.866168644967928,-6.883880136048331
2025-12-26,40.66543450092554,54.19639947982577,-13.530964978900226,1.9390689661533265,2.1812255847587183,3.691163815162325,36.86485932726502,44.46600967458606,49.921197333698686,58.47160162595286,-20.765646056618383,-6.296283901182068
2025-12-27,40.66543450092555,54.19639947982578,-13.530964978900228,1.9390689661533267,2.1812255847587183,3.6911638151623256,36.86485932726503,44.46600967458607,49.92119733369869,58.471601625952864,-20.765646056618387,-6.296283901182069
2025-12-28,40.841985578922525,54.08346171713464,-13.241476138212114,2.0099828193065745,2.1652686125421083,3.7642752803634956,36.90241925308164,44.78155190476341,49.83953523655211,58.32738819771717,-20.619455687724567,-5.863496588699663
2025-12-29,40.73129556724193,54.11551148658313,-13.384215919341198,1.9682976519701607,2.0777760126617575,3.6548724933416525,36.873432169380415,44.589158965103444,50.04307050176609,58.18795247140017,-20.547766006290836,-6.22066583239156
2025-12-30,40.73129556724193,54.115511486583124,-13.384215919341196,1.9682976519701605,2.077776012661757,3.6548724933416525,36.873432169380415,44.589158965103444,50.04307050176608,58.187952471400166,-20.547766006290836,-6.220665832391558
2025-12-31,40.73129556724193,54.11551148658313,-13.384215919341198,1.9682976519701607,2.0777760126617575,3.6548724933416525,36.873432169380415,44.589158965103444,50.04307050176609,58.18795247140017,-20.547766006290836,-6.22066583239156
2026-01-01,40.561164441582186,54.30607989941361,-13.74491545783143,2.073022311348448,2.2067079790177218,3.9295739384748596,36.49804071133923,44.62428817182514,49.98093226053888,58.63122753828834,-21.446880377242156,-6.042950538420706
2026-01-02,40.56116444158218,54.30607989941361,-13.744915457831429,2.073022311348448,2.2067079790177218,3.9295739384748596,36.49804071133922,44.624288171825135,49.98093226053888,58.63122753828834,-21.446880377242152,-6.042950538420704
2026-01-03,40.56116444158218,54.30607989941361,-13.744915457831429,2.073022311348448,2.2067079790177218,3.9295739384748596,36.49804071133922,44.624288171825135,49.98093226053888,58.63122753828834,-21.446880377242152,-6.042950538420704
2026-01-04,40.67148576606801,54.06796168553804,-13.396475919470026,1.8549928913020317,2.005139575702157,3.5344071413602247,37.03569969911603,44.30727183301999,50.13788811716181,57.99803525391427,-20.323913916536068,-6.469037922403985
2026-01-05,40.9248738292647,53.92456888951497,-12.999695060250275,1.9195667456474685,1.8133974002755335,3.449791563854614,37.162523007795656,44.68722465073374,50.370309984974924,57.47882779405502,-19.761286525405318,-6.2381035950952315
2026-01-06,40.924873829264705,53.92456888951498,-12.999695060250277,1.9195667456474685,1.8133974002755335,3.449791563854614,37.16252300779567,44.68722465073374,50.37030998497494,57.47882779405502,-19.76128652540532,-6.238103595095233
2026-01-07,40.96974481047677,54.45468097911469,-13.484936168637923,1.6954409564289756,2.0406995906088854,3.212911195970219,37.64668053587597,44.292809085077565,50.45490978152127,58.45445217670811,-19.782242112739553,-7.187630224536294
2026-01-08,40.96974481047677,54.45468097911469,-13.484936168637923,1.6954409564289756,2.0406995906088854,3.212911195970219,37.64668053587597,44.292809085077565,50.45490978152127,58.45445217670811,-19.782242112739553,-7.187630224536294
2026-01-09,40.75160298746968,54.60751012420597,-13.855907136736294,1.5506012847424198,1.821960243828868,2.916220366299482,37.71242446937454,43.79078150556482,51.036468046301394,58.17855220211055,-19.57169905468328,-8.140115218789308
2026-01-10,40.75160298746968,54.60751012420597,-13.855907136736292,1.5506012847424198,1.821960243828868,2.916220366299482,37.71242446937454,43.79078150556482,51.036468046301394,58.17855220211055,-19.571699054683275,-8.140115218789308
2026-01-11,40.730069641410225,54.54658720169458,-13.816517560284348,1.5503427660373086,1.7548484311679418,2.8557457818267906,37.6913978199771,43.76874146284335,51.10708427660541,57.98609012678374,-19.413779292664856,-8.219255827903838
2026-01-12,40.92964516755982,53.95961203173903,-13.029966864179212,1.2419954195383704,1.6230030241104831,2.5200554081134494,38.495334145264614,43.363956189855024,50.77852610448248,57.140697958995574,-17.969275464081573,-8.09065826427685
2026-01-13,40.75315812992886,54.16124987073762,-13.408091740808757,1.401891261647471,1.5144443774856948,2.553293693671803,38.00545125709982,43.500865002757905,51.19293889086566,57.12956085060958,-18.412547380405492,-8.403636101212022
2026-01-14,40.934284573814715,54.11626717814449,-13.181982604329773,1.3225594677482877,1.3898039428597282,2.3716465912303715,38.34206801702807,43.52650113060136,51.392251450139426,56.840282906149554,-17.830409923141303,-8.533555285518245
2026-01-15,40.97683651341154,54.010992526356844,-13.034156012945305,1.273811404534194,1.3752226657208955,2.3223296156546116,38.48016616052452,43.473506866298564,51.31555610154389,56.7064289511698,-17.585922059628345,-8.482389966262266
2026-01-16,41.0117595506867,54.23086747599351,-13.219107925306814,1.2437197161954618,1.5948018499179657,2.3799571665262906,38.574068906943594,43.4494501944298,51.1050558501543,57.356679101832725,-17.88382397169834,-8.554391878915284
2026-01-17,40.806293712051485,54.38612675483655,-13.579833042785074,1.261064150529004,1.528424483032161,2.381758271908444,38.334607977014635,43.277979447088335,51.39041476809352,57.381838741579585,-18.248079255725624,-8.911586829844524
2026-01-18,40.79203240648188,54.36297652335101,-13.570944116869134,1.255954451871597,1.5013981178836702,2.390471819646878,38.33036168081355,43.25370313215021,51.42023621229902,57.305716834403,-18.256268883377015,-8.885619350361253
2026-01-19,40.713183253921166,54.36645517968649,-13.65327192576532,1.3201791233535745,1.3969440530510495,2.389769593285542,38.12563217214816,43.30073433569417,51.62844483570643,57.10446552366655,-18.33722032860498,-8.96932352292566
2026-01-20,40.553202162672186,54.50805810819803,-13.954855945525843,1.2738367742024312,1.356442229523652,2.3224212880679853,38.05648208523542,43.04992224010895,51.84943133833167,57.16668487806439,-18.506801670139094,-9.402910220912592
2026-01-21,40.58810986044227,54.44479790166739,-13.856688041225116,1.226457037463219,1.3106997428489857,2.253471800192499,38.184254067014365,42.99196565387018,51.875826405683384,57.0137693976514,-18.273492769602413,-9.439883312847819
2026-01-22,40.387745258237366,54.71835888764266,-14.33061362940529,1.258962531722628,1.466569185979568,2.460751772074872,37.920178696061015,42.85531182041372,51.84388328312271,57.59283449216261,-19.153687102672038,-9.50754015613854
2026-01-23,40.38774525823736,54.71835888764265,-14.33061362940529,1.2589625317226278,1.4665691859795678,2.460751772074872,37.92017869606101,42.85531182041371,51.8438832831227,57.5928344921626,-19.153687102672038,-9.50754015613854
2026-01-24,40.37051741530165,54.74663625579897,-14.376118840497318,1.2487663039109174,1.4634329665591348,2.4452548260678086,37.92293545963625,42.81809937096705,51.87830764134306,57.61496487025487,-19.16881829959022,-9.583419381404413
2026-01-25,40.31871990212512,54.77088824726589,-14.45216834514077,1.2056022369737032,1.412364215954565,2.3736005934611777,37.95573951765666,42.681700286593575,52.00265438399494,57.53912211053684,-19.104425508324677,-9.799911181956862
2026-01-26,39.792530284050976,55.03426109708538,-15.2417308130344,1.2627784219485652,1.3624953567353095,2.352143213995497,37.31748457703179,42.26757599107016,52.36377019788417,57.70475199628658,-19.851931512465573,-10.631530113603226
2026-01-27,39.80835441681091,55.03654777517955,-15.22819335836864,1.256062153559438,1.349687786618611,2.3319316655818505,37.346472595834406,42.27023623778741,52.39115971340707,57.68193583695203,-19.798779422909067,-10.657607293828214
2026-01-28,39.85862960576852,55.0375098498038,-15.178880244035279,1.2113326882704165,1.289780477064277,2.2341513921287537,37.48441753675851,42.232841674778534,52.50954011475781,57.56547958484978,-19.557816972607636,-10.799943515462921
2026-01-29,39.911265132936705,54.999782088678174,-15.088516955741468,1.12067185293115,1.195201857477443,2.0727329275457396,37.714748301191655,42.107781964681756,52.65718644802239,57.34237772933396,-19.15107349373112,-11.025960417751818
2026-01-30,39.77920044089265,55.10267323821827,-15.323472797325621,1.188024452508762,1.1876786143120703,2.161860557689705,37.450672513975476,42.10772836780983,52.77482315416661,57.430523322269934,-19.560719490397442,-11.0862261042538
2026-01-31,39.77920044089265,55.10267323821827,-15.323472797325621,1.188024452508762,1.1876786143120703,2.161860557689705,37.450672513975476,42.10772836780983,52.77482315416661,57.430523322269934,-19.560719490397442,-11.0862261042538
2026-02-01,39.897857223952386,55.20189384619094,-15.304036622238558,1.1684244923737794,1.205995072372708,2.0086017845542674,37.60774521889978,42.18796922900499,52.83814350434044,57.565644188041446,-19.240896119964923,-11.367177124512192
2026-02-02,39.858977414349766,55.1147928223921,-15.25581540804233,1.1206187111032484,1.2354874348036065,1.9956957512370954,37.6625647405874,42.055390088112134,52.69323745017703,57.536348194607164,-19.167379080467036,-11.344251735617624
2026-02-03,39.858977414349766,55.114792822392104,-15.255815408042332,1.1206187111032484,1.2354874348036065,1.9956957512370954,37.6625647405874,42.055390088112134,52.69323745017704,57.53634819460717,-19.16737908046704,-11.344251735617625
2026-02-04,39.858977414349766,55.114792822392104,-15.255815408042332,1.1206187111032484,1.2354874348036065,1.9956957512370954,37.6625647405874,42.055390088112134,52.69323745017704,57.53634819460717,-19.16737908046704,-11.344251735617625
2026-02-05,39.8566618347539,55.2722068898393,-15.415545055085403,1.0251794013800817,1.1794672170793683,1.8617045843570532,37.84731020804894,41.86601346145886,52.960451144363745,57.58396263531486,-19.064486040425226,-11.76660406974558
2026-02-06,39.80120626884071,55.3349214062485,-15.53371513740779,1.0379037057185077,1.192808426582781,1.9078536815319154,37.766915005632434,41.83549753204898,52.99701689014625,57.672825922350746,-19.273108353210347,-11.794321921605237
2026-02-07,39.8012062688407,55.33492140624849,-15.533715137407789,1.0379037057185077,1.1928084265827807,1.9078536815319154,37.76691500563243,41.835497532048976,52.99701689014624,57.67282592235074,-19.273108353210343,-11.794321921605235
2026-02-08,39.601737517111545,55.416434825468656,-15.814697308357117,1.1513852924284378,1.159024784636757,1.9923464192369735,37.345022343951804,41.858452690271285,53.14474624758061,57.6881234033567,-19.719696290061584,-11.909698326652649
2026-02-09,39.55449047344922,55.41512243099962,-15.860631957550398,1.1820018058868227,1.0824705069805527,1.8245848439709107,37.23776693391105,41.871214012987394,53.29348023731773,57.5367646246815,-19.43681825173338,-12.284445663367412
2026-02-10,39.33040407781085,55.39176963231366,-16.06136555450281,1.452254324781284,1.0233168691693821,1.916238892744825,36.48398560123953,42.17682255438216,53.38606856874167,57.39747069588565,-19.81719378428267,-12.305537324722954
2026-02-11,39.33040407781085,55.391769632313654,-16.06136555450281,1.4522543247812838,1.0233168691693821,1.9162388927448248,36.48398560123953,42.17682255438216,53.38606856874166,57.397470695885644,-19.817193784282665,-12.305537324722954
2026-02-12,39.40987760693178,55.3525404372592,-15.942662830327418,1.4148603631887653,1.0552655941931035,2.0038678295606096,36.6367512950818,42.18300391878176,53.28421987264072,57.42086100187768,-19.870243776266214,-12.015081884388623
2026-02-13,39.309542421705274,55.49007211297659,-16.180529691271325,1.4201469519898822,1.1373751982549922,2.1227671241887522,36.526054395805104,42.09303044760544,53.260816724396804,57.71932750155638,-20.34115325468128,-12.01990612786137
2026-02-14,39.309542421705274,55.4900721129766,-16.180529691271325,1.4201469519898822,1.1373751982549922,2.1227671241887527,36.526054395805104,42.09303044760544,53.26081672439681,57.719327501556386,-20.34115325468128,-12.019906127861368
2026-02-15,39.309542421705274,55.4900721129766,-16.180529691271325,1.4201469519898822,1.1373751982549922,2.1227671241887527,36.526054395805104,42.09303044760544,53.26081672439681,57.719327501556386,-20.34115325468128,-12.019906127861368
2026-02-16,39.25065539786309,55.67208091360963,-16.421425515746538,1.292476287655338,1.1508066238755426,2.041073533151568,36.71740187405863,41.78390892166755,53.41649993081357,57.927661896405695,-20.42192964072361,-12.420921390769465
2026-02-17,39.36592168705618,55.75772706055424,-16.39180537349806,1.2808300780378863,1.1372259347632871,1.9467598088727456,36.855494734101924,41.876348640010434,53.5287642284182,57.98668989269028,-20.20745459888864,-12.576156148107478
2026-02-18,39.561424009398394,55.56335824736013,-16.001934237961734,1.2389151121968716,1.1864994756569256,2.054217071010303,37.13315038949253,41.98969762930426,53.23781927507255,57.8888972196477,-20.02819969714193,-11.97566877878154
2026-02-19,39.65688153479932,55.54046427955638,-15.883582744757062,1.2134294405541324,1.1182777440157368,1.98408729641814,37.27855983131322,42.03520323828542,53.34863990128554,57.732288657827226,-19.772393845736616,-11.994771643777508
2026-02-20,39.457694167244526,55.65551057069196,-16.197816403447437,1.29573591541577,1.0824546939469188,2.053012782972418,36.91805177302962,41.997336561459434,53.533899370556,57.77712177082792,-20.221721458073375,-12.173911348821498
2026-02-21,39.457694167244526,55.65551057069196,-16.197816403447437,1.29573591541577,1.0824546939469188,2.053012782972418,36.91805177302962,41.997336561459434,53.533899370556,57.77712177082792,-20.221721458073375,-12.173911348821498
2026-02-22,39.599256816704155,55.912411523566035,-16.313154706861877,1.2356634580837225,1.2818129241511114,2.002248242414141,37.17735643886006,42.02115719454825,53.40005819222986,58.424764854902214,-20.237561261993594,-12.38874815173016
2026-02-23,39.9238361459037,55.83861367845054,-15.91477753254684,1.208065089473971,1.32706454181974,2.05486902573009,37.556028570534714,42.291643721272685,53.23756717648385,58.439660180417235,-19.942320822977816,-11.887234242115863
2026-02-24,39.9238361459037,55.838613678450535,-15.914777532546838,1.208065089473971,1.32706454181974,2.05486902573009,37.556028570534714,42.291643721272685,53.23756717648384,58.43966018041723,-19.942320822977813,-11.887234242115861
2026-02-25,39.9238361459037,55.83861367845054,-15.91477753254684,1.208065089473971,1.32706454181974,2.05486902573009,37.556028570534714,42.291643721272685,53.23756717648385,58.439660180417235,-19.942320822977816,-11.887234242115863
2026-02-26,40.190239007081445,55.33831755103418,-15.148078543952737,1.4773978879156473,1.9153540441455912,3.1019725617888247,37.29453914676677,43.085938867396116,51.58422362450882,59.09241147755954,-21.227944765058833,-9.068212322846641
2026-02-27,40.23375284441319,55.42207762804404,-15.188324783630858,1.3834278360660135,1.8236266394040448,2.847197671471803,37.522234285723805,42.94527140310257,51.84776941481211,58.99638584127597,-20.76883221971559,-9.607817347546124
2026-02-28,40.29192133550965,55.118046751271905,-14.826125415762254,1.3322520651010406,1.9889510420408174,2.9636717606843757,37.68070728791161,42.90313538310769,51.2197027088719,59.01639079367191,-20.63492206670363,-9.017328764820878
2026-03-01,40.167849206324604,55.28096551015319,-15.113116303828585,1.3172075496189404,1.9585874468916733,2.949448026040273,37.58612240907148,42.74957600357773,51.442134114245505,59.11979690606087,-20.89403443486752,-9.33219817278965
2026-03-02,40.09944690789788,55.37861371624992,-15.279166808352041,1.2723505253592249,1.8845473142134763,2.8689668832541564,37.6056398781938,42.59325393760196,51.68490098039151,59.072326452108335,-20.90234189953019,-9.655991717173894
2026-03-03,40.08981460798943,55.15084905190681,-15.061034443917379,1.4428836930271358,1.6826923972240506,2.7145596170017456,37.26176256965625,42.917866646322615,51.85277195334767,58.44892615046595,-20.3815712932408,-9.740497594593958
2026-03-04,39.77531100657205,55.36182353729564,-15.58651253072359,1.4836534314932963,1.5903649087430929,2.7273620829672502,36.867350280845194,42.68327173229891,52.244708316159176,58.47893875843211,-20.9321422133394,-10.24088284810778
2026-03-05,39.85096176791478,55.12838993886005,-15.277428170945273,1.581534135966699,1.5691599196963597,2.825559859071073,36.751154861420055,42.95076867440951,52.05283649625519,58.20394338146492,-20.815525494724575,-9.73933084716597
2026-03-06,39.85096176791478,55.12838993886005,-15.277428170945273,1.581534135966699,1.56915991969636,2.825559859071073,36.751154861420055,42.95076867440951,52.05283649625519,58.20394338146492,-20.815525494724575,-9.73933084716597
2026-03-07,39.82763591731677,55.06686493660813,-15.239229019291356,1.5371505051485206,1.5416422844658457,2.7452122998195345,36.81482092722567,42.84045090740787,52.04524605905507,58.08848381416119,-20.619845126937644,-9.858612911645068
2026-03-08,39.65566469648926,55.22742427086396,-15.571759574374704,1.5669901868877476,1.5225394687852694,2.788790953832844,36.58436393018928,42.726965462789245,52.24324691204484,58.21160162968309,-21.03778984388708,-10.10572930486233
2026-03-09,39.68446139553599,55.165903839184836,-15.481442443648843,1.547346418456824,1.5182227823909713,2.7743806075154693,36.65166241536062,42.71726037571136,52.190187185698534,58.14162049267114,-20.919228434379164,-10.043656452918523
2026-03-10,39.64565293969162,55.00560865136625,-15.359955711674626,1.4936300068644446,1.5680695365397732,2.7020278615765494,36.718138126237314,42.57316775314593,51.9321923597483,58.079024942984205,-20.65593032036466,-10.06398110298459
2026-03-11,39.64565293969162,55.005608651366245,-15.359955711674624,1.4936300068644446,1.5680695365397732,2.7020278615765494,36.718138126237314,42.57316775314593,51.93219235974829,58.0790249429842,-20.65593032036466,-10.063981102984588
2026-03-12,39.588651090811055,55.14345866036397,-15.554807569552917,1.427061550932728,1.5244709252033608,2.6072663530824367,36.79161045098291,42.3856917306392,52.155495646965385,58.13142167376255,-20.66504962159449,-10.444565517511341
2026-03-13,39.58865109081105,55.14345866036397,-15.554807569552915,1.427061550932728,1.5244709252033606,2.6072663530824367,36.7916104509829,42.385691730639195,52.155495646965385,58.13142167376255,-20.66504962159449,-10.44456551751134
2026-03-14,39.588651090811055,55.143458660363976,-15.554807569552917,1.427061550932728,1.5244709252033608,2.607266353082437,36.79161045098291,42.3856917306392,52.15549564696539,58.13142167376256,-20.665049621594495,-10.44456551751134
2026-03-15,39.574563642535914,55.1511695867361,-15.576605944200187,1.4077163574196436,1.5020130844043613,2.5707477724344345,36.81543958199341,42.33368770307842,52.20722394130355,58.09511523216865,-20.61527157817168,-10.537940310228695
2026-03-16,39.03404983025755,55.712440340072476,-16.678390509814925,1.3837747168357875,1.5390812674418268,2.622739211698284,36.32185138525941,41.746248275255695,52.6958410558865,58.729039624258455,-21.818959364743563,-11.537821654886288
2026-03-17,39.0347070173235,55.72476637032102,-16.690059352997523,1.2712209155175458,1.4619765528900428,2.459342107600521,36.54311402290911,41.52630001173789,52.859292326656536,58.590240413985505,-21.510369883894544,-11.869748822100501
2026-03-18,39.0092030326571,55.76083719434071,-16.751634161683608,1.2480282369276992,1.4460963357370815,2.4279586349431836,36.56306768827881,41.45533837703539,52.92648837629603,58.59518601238539,-21.51043308617225,-11.992835237194967
2026-03-19,39.28195556587625,55.69530514082737,-16.413349574951116,1.2803714923943645,1.3263677592429604,2.3428200246785216,36.7724274407833,41.79148369096921,53.09562433271117,58.29498594894358,-21.00527682332102,-11.821422326581214
2026-03-20,39.14865067462556,56.0177167852018,-16.86906611057624,1.4424901264981793,1.4810901528621712,2.5337667355668665,36.321370026689124,41.97593132256199,53.114780085591946,58.92065348481165,-21.835248912287298,-11.902883308865183
2026-03-21,39.14865067462556,56.0177167852018,-16.86906611057624,1.4424901264981793,1.4810901528621714,2.5337667355668665,36.321370026689124,41.97593132256199,53.114780085591946,58.92065348481165,-21.835248912287298,-11.902883308865183
2026-03-22,39.13413432449147,56.01890584250275,-16.884771518011277,1.4199746080308324,1.4565923379571502,2.4922074844018844,36.35098409275104,41.9172845562319,53.16398486010673,58.873826824898764,-21.76949818743897,-12.000044848583585
2026-03-23,38.98784373976239,56.10774909508418,-17.11990535532179,1.3242367000605235,1.4038246374578607,2.4144185388418893,36.392339807643765,41.583347671881015,53.35625280566677,58.85924538450159,-21.852165691451894,-12.387645019191687
2026-03-24,39.22737453943916,56.21359383654237,-16.986219297103208,1.543369204650289,1.472745743076348,2.340162927155343,36.202370898324595,42.25237818055373,53.32701218011273,59.100175492972014,-21.57293863432768,-12.399499959878735
2026-03-25,39.03013842629674,56.33190766050654,-17.301769234209797,1.702491216083132,1.510244054038023,2.6140643435689563,35.6932556427738,42.367021209819676,53.37182931459201,59.29198600642106,-22.42533534760495,-12.178203120814644
2026-03-26,38.924269734836734,56.430642508109095,-17.506372773272364,1.5943913609331843,1.430441734147882,2.4757039228530267,35.799262667407696,42.04927680226577,53.626976709179246,59.234308307038944,-22.358752462064295,-12.653993084480433
2026-03-27,38.924269734836734,56.4306425081091,-17.506372773272368,1.5943913609331843,1.430441734147882,2.4757039228530267,35.799262667407696,42.04927680226577,53.62697670917925,59.23430830703895,-22.3587524620643,-12.653993084480437
2026-03-28,38.924269734836734,56.430642508109095,-17.506372773272364,1.5943913609331843,1.430441734147882,2.4757039228530267,35.799262667407696,42.04927680226577,53.626976709179246,59.234308307038944,-22.358752462064295,-12.653993084480433
2026-03-29,38.91308219700677,56.41317822040677,-17.5000960234,1.5569868238334783,1.3986400979052067,2.416466266875031,35.861388022293156,41.96477637172039,53.67184362851256,59.15451281230098,-22.236369906475062,-12.76382214032494
2026-03-30,38.50714548132602,56.62640899361722,-18.119263512291198,1.6241665598871597,1.2808925001280373,2.4112452151821913,35.32377902394719,41.69051193870485,54.11585969336627,59.13695829386817,-22.84530413404829,-13.393222890534103
2026-03-31,38.50714548132601,56.62640899361721,-18.119263512291194,1.6241665598871597,1.2808925001280373,2.4112452151821913,35.32377902394718,41.690511938704844,54.11585969336626,59.13695829386816,-22.84530413404829,-13.3932228905341
2026-04-01,38.50714548132602,56.62640899361721,-18.119263512291194,1.6241665598871597,1.2808925001280373,2.4112452151821913,35.32377902394719,41.69051193870485,54.11585969336626,59.13695829386816,-22.84530413404829,-13.3932228905341
2026-04-02,38.17508274374558,57.0662581751551,-18.89117543140952,1.9797768512763982,1.6905325708565972,3.3549190291387934,34.294720115243834,42.05544537224732,53.75281433627617,60.37970201403403,-25.466816728521554,-12.315534134297483
2026-04-03,38.39300164188597,56.922884905804935,-18.529883263918972,2.0604940755344536,1.7073712070548797,3.4809553533133686,34.35443325383844,42.431570029933496,53.576437339977375,60.269332471632495,-25.352555756413174,-11.70721077142477
2026-04-04,38.39300164188597,56.92288490580494,-18.529883263918972,2.0604940755344536,1.7073712070548797,3.4809553533133686,34.35443325383844,42.431570029933496,53.576437339977375,60.26933247163251,-25.352555756413174,-11.70721077142477
2026-04-05,38.52461182632514,56.76069744736248,-18.236085621037343,2.075206352862612,1.7910873977951105,3.5950876453005995,34.45720737471442,42.59201627793586,53.25016614768406,60.2712287470409,-25.28245740582652,-11.189713836248169
2026-04-06,38.53499974237775,56.50453300668317,-17.969533264305415,1.91979070181495,1.8445500776896375,3.42603436556412,34.77220996682045,42.29778951793505,52.88921485441148,60.11985115895486,-24.68456062081109,-11.25450590779974
2026-04-07,38.31382158192549,56.68831034670078,-18.374488764775293,1.9067038834388337,1.817366565558932,3.4407038509705465,34.57668197038537,42.050961193465604,53.12627187820527,60.25034881519629,-25.118268312677564,-11.630709216873022
2026-04-08,38.48258135629719,57.15174462079446,-18.669163264497268,1.8838663990996047,2.262210184080394,3.399149237757588,34.79020321406196,42.17495949853242,52.71781265999689,61.58567658159203,-25.33149577050214,-12.006830758492395
2026-04-09,38.82340482769735,56.77279711045118,-17.949392282753823,1.7736499371413075,2.1341857991809863,3.279862893705955,35.34705095090039,42.299758704494316,52.58979294405645,60.95580127684591,-24.377923554417496,-11.520861011090151
2026-04-10,38.87860685747483,57.01405704072101,-18.135450183246178,1.7164018731693977,2.1857716795744793,3.212392388682275,35.51445918606281,42.24275452888685,52.729944548755036,61.29816953268699,-24.431739265063438,-11.839161101428918
2026-04-11,38.878606857474836,57.01405704072101,-18.135450183246178,1.7164018731693977,2.1857716795744793,3.2123923886822756,35.514459186062815,42.242754528886856,52.729944548755036,61.29816953268699,-24.431739265063438,-11.839161101428918
2026-04-12,38.91481619458639,56.94739089110276,-18.032574696516363,1.6745133629073121,2.1606631390658046,3.1569633296891886,35.63277000328806,42.19686238588473,52.712491138533785,61.18229064367174,-24.22022282270717,-11.844926570325555
2026-04-13,38.867905791040336,56.61816273801334,-17.750256946973003,1.6189085847372413,2.141070290494703,3.182701723465136,35.694844964955344,42.04096661712533,52.421664968643725,60.81466050738295,-23.98835232496467,-11.512161568981337
2026-04-14,38.77483527333348,56.67014916432072,-17.895313890987236,1.6830278420270122,2.130954302425323,3.2457478681984777,35.47610070296054,42.07356984370642,52.49347873156709,60.84681959707435,-24.256979712656253,-11.53364806931822
2026-04-15,38.489672985658984,56.881620577453106,-18.391947591794125,1.672022234289963,2.0306999481062817,3.2381708254591195,35.21250940645066,41.76683656486731,52.901448679164794,60.86179247574142,-24.738762409693997,-12.04513277389425
2026-04-16,38.36298111464717,56.90070756452361,-18.53772644987644,1.6117885888510104,1.9111619882256001,3.0731091062866205,35.20387548049919,41.52208674879515,53.15483006760143,60.646585061445784,-24.561020298198216,-12.514432601554665
2026-04-17,38.36298111464717,56.90070756452361,-18.53772644987644,1.6117885888510104,1.9111619882256003,3.073109106286621,35.20387548049919,41.52208674879515,53.15483006760143,60.646585061445784,-24.56102029819822,-12.514432601554663
2026-04-18,38.4240142282828,56.85153947874656,-18.42752525046376,1.5582582433132013,1.8391251145961907,2.9682025340651483,35.36982807138892,41.47820038517668,53.24685425413803,60.45622470335509,-24.24520221723145,-12.609848283696069
2026-04-19,38.40142839845284,56.92273898191029,-18.521310583457446,1.3960633118338615,1.7392601792215403,2.7038692362846106,35.66514430725847,41.137712489647214,53.513789030636076,60.33168893318451,-23.82089428657528,-13.22172688033961
2026-04-20,38.15736589593159,57.02247653828394,-18.865110642352345,1.2478249445688403,1.8141725224052145,2.724593814726377,35.711629004576665,40.60310278728652,53.46669839436972,60.57825468219816,-24.205314519216046,-13.524906765488646
2026-04-21,38.157365895931584,57.02247653828393,-18.86511064235234,1.24782494456884,1.8141725224052145,2.724593814726377,35.71162900457666,40.60310278728651,53.466698394369715,60.57825468219815,-24.20531451921604,-13.524906765488643
2026-04-22,38.15736589593159,57.02247653828393,-18.865110642352345,1.24782494456884,1.8141725224052145,2.724593814726377,35.711629004576665,40.60310278728652,53.466698394369715,60.57825468219815,-24.205314519216046,-13.524906765488646
2026-04-23,37.937921596031046,57.1626473562507,-19.224725760219656,1.3544286351742811,1.7451786661955142,2.757678920381571,35.283241471089454,40.59260172097264,53.74209717050749,60.58319754199391,-24.629776444167533,-13.819675076271777
2026-04-24,38.04169272771218,57.08945468954137,-19.04776196182919,1.3621841084920319,1.7057997354431602,2.7404966278952942,35.3718118750678,40.711573580356564,53.74608720807277,60.43282217100997,-24.419135352503964,-13.676388571154412
2026-04-25,38.04169272771218,57.08945468954138,-19.04776196182919,1.362184108492032,1.7057997354431602,2.7404966278952942,35.3718118750678,40.711573580356564,53.74608720807278,60.432822171009974,-24.419135352503964,-13.676388571154412
2026-04-26,37.6125241476939,57.456355405416026,-19.84383125772213,1.369209283937923,1.662402556099016,2.7676269802417073,34.92887395117557,40.296174344212226,54.19804639546196,60.714664415370095,-25.268380138995877,-14.419282376448383
2026-04-27,37.455150347465,57.56236206856497,-20.107211721099976,1.5027316574238079,1.674864798518861,2.922058506278261,34.50979629891434,40.40050439601566,54.279627063468006,60.84509707366194,-25.834446393405365,-14.379977048794585
2026-04-28,37.512933440032796,57.58926454185342,-20.07633110182062,1.4752044911001152,1.6399357563202586,2.8331556911813554,34.62153263747657,40.40433424258902,54.374990459465714,60.80353862424112,-25.62931625653608,-14.523345947105165
2026-04-29,37.512933440032796,57.58926454185342,-20.07633110182062,1.4752044911001152,1.6399357563202586,2.8331556911813554,34.62153263747657,40.40433424258902,54.374990459465714,60.80353862424112,-25.62931625653608,-14.523345947105165
2026-04-30,37.40648903965073,57.82422366124153,-20.417734621590803,1.4411060608373838,1.6639184617572271,2.856273256928305,34.58192116040946,40.231056918892,54.56294347619737,61.0855038462857,-26.01603020517028,-14.819439038011325
2026-05-01,37.46054404179231,57.85508235544906,-20.39453831365675,1.380596689826757,1.5853467452027845,2.7171994297727395,34.75457452973187,40.16651355385275,54.747802734851604,60.96236197604652,-25.72024919601132,-15.068827431302179
2026-05-02,37.46054404179232,57.85508235544907,-20.394538313656753,1.380596689826757,1.5853467452027845,2.7171994297727395,34.754574529731876,40.16651355385276,54.74780273485161,60.96236197604653,-25.720249196011324,-15.068827431302182
2026-05-03,37.52849731290725,57.766454379520745,-20.237957066613497,1.4079966103467683,1.6354370768427233,2.809715235055133,34.768823956627585,40.28817066918691,54.56099770890901,60.97191105013248,-25.744998927321557,-14.730915205905436
2026-05-04,37.426729811046165,57.75241313092764,-20.325683319881477,1.364836824533253,1.569504177905787,2.6778820087649984,34.75164963496099,40.10180998713134,54.6761849422323,60.82864131962299,-25.574332057060875,-15.07703458270208
2026-05-05,37.67493071601453,57.72616689889554,-20.05123618288101,1.3701978750172903,1.4601631218028197,2.56375194530512,34.989342880980644,40.360518551048415,54.86424718016202,60.58808661762907,-25.076189995679044,-15.026282370082974
2026-05-06,37.48748940493827,57.94641331778058,-20.458923912842312,1.523917428131659,1.6601096419595864,2.9640693739929973,34.50061124580022,40.474367564076324,54.69259841953979,61.20022821602137,-26.268499885868586,-14.649347939816039
2026-05-07,37.45819163002181,57.95045701021768,-20.492265380195875,1.426503326382486,1.5517575421053829,2.7719325715392005,34.662245110312135,40.25413814973148,54.909012227691136,60.99190179274423,-25.925253220412706,-15.059277539979043
2026-05-08,37.45819163002181,57.95045701021769,-20.492265380195878,1.426503326382486,1.5517575421053829,2.7719325715392005,34.662245110312135,40.25413814973148,54.909012227691136,60.991901792744244,-25.92525322041271,-15.059277539979046
2026-05-09,37.45819163002181,57.95045701021769,-20.492265380195878,1.426503326382486,1.5517575421053829,2.7719325715392005,34.662245110312135,40.25413814973148,54.909012227691136,60.991901792744244,-25.92525322041271,-15.059277539979046
2026-05-10,37.700808088445754,57.76705285100513,-20.06624476255938,1.4852299512146983,1.5335204713070316,2.836237128792088,34.78975738406495,40.61185879282656,54.76135272724335,60.77275297476692,-25.625269534991872,-14.507219990126886
2026-05-11,37.61314173381114,57.801460729800596,-20.18831899598946,1.4334179633154676,1.530804315236607,2.725810527815724,34.803642525712824,40.42264094190946,54.801084271936844,60.80183718766435,-25.530907630508278,-14.84573036147064
2026-05-12,37.61314173381114,57.8014607298006,-20.188318995989462,1.4334179633154676,1.5308043152366073,2.725810527815724,34.803642525712824,40.42264094190946,54.80108427193685,60.801837187664354,-25.53090763050828,-14.845730361470643
2026-05-13,37.61314173381114,57.8014607298006,-20.18831899598946,1.4334179633154676,1.530804315236607,2.725810527815724,34.803642525712824,40.42264094190946,54.80108427193685,60.801837187664354,-25.530907630508278,-14.84573036147064
2026-05-14,37.43515836097703,58.02492691524474,-20.58976855426771,1.4721852019676276,1.6134954899867031,2.8784140321402742,34.54967536512048,40.320641356833576,54.8624757548708,61.18737807561868,-26.231460057262648,-14.948077051272772
2026-05-15,37.30846108721104,58.38824376724964,-21.079782680038594,1.340202396369265,1.717307368392899,2.7422413825903016,34.681664390327285,39.9352577840948,55.022321325199556,61.754166209299726,-26.454575789915587,-15.704989570161603
2026-05-16,37.30846108721105,58.38824376724964,-21.079782680038594,1.340202396369265,1.7173073683928992,2.7422413825903016,34.68166439032729,39.93525778409481,55.022321325199556,61.754166209299726,-26.454575789915587,-15.704989570161603
2026-05-17,37.32128259394677,58.31643435258932,-20.99515175864255,1.2968179870182222,1.6915783057727527,2.6785858595092407,34.77951933939105,39.86304584850249,55.00094087327472,61.631927831903916,-26.245180043280662,-15.745123474004437
2026-05-18,37.276686075649515,58.50804215228106,-21.231356076631542,1.4008915695809028,1.7478857069272482,2.4540969546309874,34.53093859927095,40.02243355202808,55.08218616670365,61.93389813785846,-26.041386107708277,-16.421326045554807
2026-05-19,37.28571313643918,58.48449233284436,-21.198779196405184,1.3872883916187115,1.7368679118433823,2.4381282659251613,34.566627888866506,40.00479838401185,55.08023122563133,61.88875344005739,-25.9775105976185,-16.420047795191866
2026-05-20,37.184440051251336,58.48565699109212,-21.30121693984079,1.4508262539416474,1.7016024796219527,2.4447920073862646,34.340820593525706,40.028059508976966,55.15051613103309,61.82079785115115,-26.093009274317865,-16.509424605363712
2026-05-21,37.05705342633251,58.63124565829435,-21.574192231961845,1.451966690768998,1.699096836297814,2.509408245912387,34.21119871242527,39.902908140239745,55.30101585915063,61.96147545743806,-26.492632393950124,-16.655752069973566
2026-05-22,37.0570534263325,58.63124565829435,-21.574192231961842,1.451966690768998,1.699096836297814,2.509408245912387,34.211198712425265,39.90290814023974,55.30101585915063,61.96147545743806,-26.49263239395012,-16.655752069973563
2026-05-23,37.0570534263325,58.63124565829434,-21.574192231961842,1.451966690768998,1.699096836297814,2.509408245912387,34.211198712425265,39.90290814023974,55.301015859150624,61.961475457438056,-26.49263239395012,-16.655752069973563
2026-05-24,37.15478692067486,58.4657332038592,-21.310946283184343,1.4378463017557512,1.7329654936264711,2.5881801846031967,34.336608169233585,39.97296567211613,55.06912083635132,61.862345571367086,-26.38377944500661,-16.238113121362076
2026-05-25,37.115194983644926,58.485379028474235,-21.370184044829305,1.354111149463533,1.6277799006277638,2.4351480107516386,34.4611371306964,39.76925283659345,55.29493042324382,61.67582763370465,-26.143074145902517,-16.597293943756092
2026-05-26,36.82703741311986,58.58718268301031,-21.76014526989045,1.3322346666773899,1.516288445647705,2.2966468692096433,34.215857466432176,39.438217359807545,55.61525732954081,61.55910803647981,-26.26157313354135,-17.25871740623955
2026-05-27,36.82703741311986,58.58718268301031,-21.76014526989045,1.3322346666773897,1.516288445647705,2.2966468692096433,34.215857466432176,39.438217359807545,55.61525732954081,61.55910803647981,-26.26157313354135,-17.25871740623955
2026-05-28,36.84760695630612,58.52352419557672,-21.6759172392706,1.234675657358456,1.4138402466661237,2.1377864813425878,34.427642667883546,39.2675712447287,55.752397312111114,61.294651079042325,-25.865978742702072,-17.485855735839127
2026-05-29,36.853057892269895,58.510453146719264,-21.657395254449366,1.2174925320765715,1.395872421097494,2.1099868571842673,34.46677252939981,39.23934325513998,55.774543201368175,61.246363092070354,-25.79296949453053,-17.5218210143682
2026-05-30,36.853057892269895,58.51045314671926,-21.657395254449366,1.2174925320765715,1.395872421097494,2.1099868571842673,34.46677252939981,39.23934325513998,55.77454320136817,61.24636309207035,-25.79296949453053,-17.5218210143682
2026-05-31,37.11418906049467,58.21358977727482,-21.099400716780153,1.2735259435681556,1.4615507885313184,2.3340986284846674,34.61807821110108,39.610299909888255,55.348950231753435,61.078229322796204,-25.6742340286101,-16.524567404950204
2026-06-01,37.23062311751682,58.27464198244474,-21.044018864927917,1.3758748356133497,1.3773392258915143,2.3627653502091426,34.53390843971466,39.927337795318984,55.575057099697375,60.97422686519211,-25.675038951337836,-16.412998778518
2026-06-02,37.42664829811238,58.08841763698566,-20.661769338873277,1.4167666327053374,1.397546312710729,2.485528647723528,34.64978569800992,40.203510898214844,55.349226864072634,60.82760840989869,-25.533405488411393,-15.790133189335162
2026-06-03,37.39423484767316,58.13203132345579,-20.737796475782634,1.3963104835384053,1.384835679337481,2.461781016708871,34.65746629993789,40.131003395408435,55.41775339195433,60.846309254957255,-25.562887268532023,-15.912705683033247
2026-06-04,37.221987066707776,58.28492700369498,-21.062939936987203,1.316541196896929,1.2634758002591873,2.310606858509358,34.64156632078979,39.80240781262576,55.80851443518697,60.76133957220299,-25.591729379665544,-16.53415049430886
2026-06-05,37.156698775598045,58.35336911585103,-21.19667034025299,1.2773886987692356,1.2291914192769815,2.252958302163384,34.653016926010345,39.660380625185745,55.94415393406815,60.762584297633914,-25.612468612493224,-16.780872068012755
2026-06-06,37.181782386421695,58.22226016772458,-21.040477781302886,1.222769500050959,1.2478861027085033,2.210080005112968,34.78515416632182,39.57841060652157,55.77640340641591,60.668116929033246,-25.372234591324304,-16.70872097128147
2026-06-07,37.33248307926731,58.190119230667094,-20.85763615139978,1.1335080461336378,1.0959341586085936,1.9904234113186858,35.11080730884538,39.554158849689244,56.04208827979425,60.33815018153994,-24.758866037584404,-16.956406265215158
2026-06-08,37.27382137790035,58.21434168826116,-20.940520310360807,1.2080642221140239,1.2019359488256365,2.231646217673592,34.90601550255686,39.64162725324383,55.85854722856291,60.5701361479594,-25.314546897001048,-16.566493723720566
2026-06-09,37.27382137790035,58.21434168826116,-20.94052031036081,1.2080642221140239,1.2019359488256365,2.231646217673592,34.90601550255686,39.64162725324383,55.85854722856291,60.5701361479594,-25.31454689700105,-16.56649372372057
2026-06-10,37.27382137790035,58.21434168826115,-20.940520310360807,1.2080642221140236,1.2019359488256365,2.2316462176735916,34.90601550255686,39.64162725324383,55.858547228562905,60.570136147959396,-25.314546897001044,-16.56649372372057
2026-06-11,37.37312703832402,58.293156393413284,-20.92002935508926,1.393236983414957,1.1203261224608132,2.2727150753191796,34.6423825508307,40.10387152581734,56.09731719339009,60.48899559343648,-25.37455090271485,-16.465507807463666
2026-06-12,37.37312703832403,58.29315639341329,-20.920029355089262,1.393236983414957,1.1203261224608132,2.2727150753191796,34.64238255083071,40.10387152581735,56.0973171933901,60.488995593436485,-25.374550902714855,-16.46550780746367
2026-06-13,37.37312703832402,58.293156393413284,-20.92002935508926,1.393236983414957,1.120326122460813,2.2727150753191796,34.6423825508307,40.10387152581734,56.09731719339009,60.48899559343648,-25.37455090271485,-16.465507807463666
2026-06-14,37.34383019478136,58.340582209070185,-20.99675201428882,1.321808101469729,1.0697031031844642,2.1633425487893927,34.753086315900696,39.93457407366203,56.24396412682864,60.43720029131173,-25.236903409916028,-16.75660061866161
2026-06-15,37.32267834279276,58.130021848109784,-20.807343505317014,1.2954875568588673,1.3231340588239209,2.4205191262602455,34.783522731349386,39.86183395423614,55.5366790928149,60.72336460340467,-25.551560992787095,-16.063126017846933
2026-06-16,37.3426093903185,58.10743243645799,-20.764823046139494,1.298674548526098,1.3296551550504165,2.4335564885289522,34.79720727520735,39.88801150542965,55.50130833255918,60.713556540356805,-25.53459376365624,-15.995052328622748
2026-06-17,37.311775889089105,58.168684900150396,-20.856909011061294,1.3332961049139678,1.3901713330010976,2.5553000213172137,34.69851552345773,39.92503625472048,55.44394908746825,60.893420712832544,-25.865297052843033,-15.848520969279555
2026-06-18,37.27585593896891,58.16557056402503,-20.889714625056126,1.2946089516346533,1.3423883128231404,2.4697472832755856,34.73842239376499,39.81328948417283,55.53448947089168,60.796651657158385,-25.730419300276274,-16.049009949835977
2026-06-19,37.354884865340296,58.36173955561049,-21.006854690270192,1.2785543588384305,1.4287703431152299,2.375594112207141,34.84891832201697,39.86085140866362,55.56134968310464,61.162129428116344,-25.663019150196188,-16.350690230344195
2026-06-20,37.291495358990765,58.4048926452813,-21.113397286290535,1.33353575614372,1.441891804310661,2.454652747935631,34.677765276949074,39.90522544103246,55.5787847088324,61.2310005817302,-25.924516672244373,-16.302277900336698
2026-06-21,37.926425298258344,58.34313858240978,-20.416713284151438,2.292089971669447,1.3577582272566173,3.1254994790984076,33.43392895378623,42.41892164273046,55.68193245698681,61.00434470783275,-26.542692263184318,-14.290734305118558
2026-06-22,37.97995822402407,57.89880054386763,-19.918842319843566,2.1608559574120676,1.713201376193917,3.373228363028616,33.744680547496415,42.21523590055172,54.54092584652755,61.25667524120771,-26.530369911379655,-13.307314728307478
2026-06-23,37.731354541273774,57.90441036156404,-20.173055820290266,2.2011409260677444,1.612257993374288,3.2894827636511312,33.417118326181,42.04559075636655,54.74438469455043,61.064436028577646,-26.620442037046484,-13.725669603534048
2026-06-24,37.731354541273774,57.90441036156403,-20.173055820290262,2.2011409260677444,1.6122579933742878,3.289482763651131,33.417118326181,42.04559075636655,54.744384694550426,61.06443602857764,-26.62044203704648,-13.725669603534046
2026-06-25,37.731354541273774,57.90441036156404,-20.173055820290262,2.2011409260677444,1.6122579933742878,3.289482763651131,33.417118326181,42.04559075636655,54.74438469455043,61.064436028577646,-26.62044203704648,-13.725669603534046
2026-06-26,37.78035631608339,57.442273638964146,-19.661917322880754,2.1307016658976266,2.4875672776120483,3.829603911807265,33.60418105092404,41.95653158124274,52.566641774844534,62.31790550308376,-27.16794099002299,-12.155893655738515
2026-06-27,37.780356316083385,57.44227363896414,-19.661917322880754,2.1307016658976266,2.4875672776120483,3.829603911807265,33.60418105092404,41.95653158124273,52.56664177484453,62.31790550308375,-27.16794099002299,-12.155893655738515
2026-06-28,37.83553183167963,57.4893527260848,-19.653820894405172,2.070063262054871,2.308942811804855,3.6353093532749194,33.77820783805208,41.89285582530718,52.96382481494729,62.01488063722232,-26.779027226824013,-12.52861456198633
2026-06-29,37.89202564772399,57.43548076813729,-19.543455120413295,2.006694662474047,2.2493598154455645,3.543352341600678,33.958904109274854,41.825147186173126,53.026735529863984,61.844226006410594,-26.488425709950626,-12.598484530875966
2026-06-30,37.68625855220128,57.70943539595672,-20.023176843755433,1.8759700969397364,2.109587738885225,3.3680491236595285,34.0093571621994,41.36315994220316,53.57464342774168,61.84422736417176,-26.62455312612811,-13.421800561382756
2026-07-01,37.68625855220128,57.70943539595671,-20.023176843755433,1.8759700969397362,2.109587738885225,3.368049123659528,34.0093571621994,41.36315994220316,53.57464342774167,61.84422736417175,-26.624553126128106,-13.421800561382758
2026-07-02,37.77708255273766,57.54115540063948,-19.764072847901822,1.8879291402406382,2.218349809083217,3.5251714751040346,34.07674143786601,41.47742366760931,53.19318977483638,61.88912102644259,-26.67340893910573,-12.854736756697914
2026-07-03,37.77708255273765,57.541155400639475,-19.76407284790182,1.8879291402406382,2.218349809083217,3.525171475104034,34.076741437866005,41.4774236676093,53.19318977483637,61.88912102644258,-26.673408939105727,-12.85473675669791
2026-07-04,37.82859069955856,57.60264802522393,-19.774057325665368,1.785629909765745,2.098371364504912,3.323190275595229,34.3287560764177,41.328425322699424,53.4898401507943,61.715455899653556,-26.28751026583202,-13.260604385498718
2026-07-05,37.82859069955856,57.60264802522393,-19.774057325665368,1.785629909765745,2.098371364504912,3.323190275595229,34.3287560764177,41.328425322699424,53.4898401507943,61.715455899653556,-26.28751026583202,-13.260604385498718
2026-07-06,37.84721359211242,57.558321265825924,-19.711107673713503,1.8930086134494755,2.120692013201079,3.591245228521018,34.136916709751446,41.55751047447339,53.40176491995181,61.71487761170004,-26.7499483216147,-12.672267025812307
2026-07-07,37.92459692648221,57.500870375379684,-19.576273448897474,1.7657536594662935,1.9761966857759674,3.3476729168072783,34.463719753928274,41.385474099036145,53.627524871258785,61.37421587950058,-26.13771236583974,-13.01483453195521
2026-07-08,37.9245969264822,57.50087037537968,-19.576273448897474,1.7657536594662935,1.9761966857759674,3.3476729168072783,34.46371975392827,41.38547409903614,53.62752487125878,61.374215879500575,-26.13771236583974,-13.01483453195521
2026-07-09,37.92459692648221,57.500870375379684,-19.576273448897478,1.7657536594662935,1.9761966857759676,3.3476729168072783,34.463719753928274,41.385474099036145,53.627524871258785,61.37421587950058,-26.137712365839743,-13.014834531955213
2026-07-10,37.86139701320484,57.69090561093973,-19.82950859773489,1.7062310508129062,1.9858873029500297,3.300923977965036,34.51718415361154,41.205609872798135,53.79856649715767,61.58324472472179,-26.29931959454636,-13.359697600923418
2026-07-11,37.86139701320484,57.69090561093972,-19.829508597734886,1.7062310508129062,1.9858873029500295,3.300923977965036,34.51718415361154,41.205609872798135,53.798566497157665,61.58324472472178,-26.299319594546358,-13.359697600923415
2026-07-12,37.15995104257236,58.2322961486656,-21.072345106093245,1.5414569780302438,1.6759726446811292,2.947979553245975,34.13869536563308,40.181206719511636,54.947389765090584,61.51720253224061,-26.850385030455357,-15.294305181731133
2026-07-13,37.31992073958556,58.15308556089038,-20.83316482130482,1.6882129171488507,1.8697910696041362,3.398621469247526,34.01102342197382,40.62881805719731,54.48829506446628,61.817876057314486,-27.49446290102997,-14.171866741579668
2026-07-14,37.34605085783255,57.953856943321284,-20.60780608548874,1.5779485771449064,1.8492923764741325,3.2513332724982407,34.253271646628534,40.43883006903657,54.329243885431985,61.57847000121058,-26.980419299585293,-14.235192871392188
2026-07-15,37.346050857832545,57.953856943321284,-20.607806085488736,1.5779485771449064,1.8492923764741325,3.251333272498241,34.25327164662853,40.43883006903656,54.329243885431985,61.57847000121058,-26.98041929958529,-14.235192871392183
2026-07-16,37.34605085783255,57.953856943321284,-20.60780608548874,1.5779485771449064,1.8492923764741325,3.251333272498241,34.253271646628534,40.43883006903657,54.329243885431985,61.57847000121058,-26.980419299585293,-14.235192871392186
2026-07-17,37.32858096419903,57.92301285474053,-20.594431890541497,1.5089558522849669,1.7534012426854242,3.096757666388781,34.37102749372049,40.286134434677564,54.486346419077094,61.35967929040396,-26.664076916663507,-14.524786864419486
2026-07-18,37.32858096419902,57.92301285474052,-20.594431890541497,1.5089558522849669,1.753401242685424,3.0967576663887804,34.37102749372048,40.28613443467756,54.48634641907709,61.35967929040395,-26.664076916663504,-14.524786864419488
2026-07-19,37.45653113637251,57.76669761817689,-20.310166481804377,1.5499469495800422,1.8094230188789713,3.210217051783273,34.41863511519563,40.494427157549396,54.220228501174105,61.31316673517968,-26.60219190329959,-14.018141060309162
2026-07-20,37.44642900239977,58.57898318361391,-21.13255418121414,1.7499918101367875,1.8088527661578506,2.9516594699401884,34.016445054531665,40.87641295026787,55.03363176194452,62.124334605283295,-26.91780674229691,-15.34730162013137
2026-07-21,37.6581631956381,58.28900290921641,-20.630839713578297,1.7982608902385395,1.9801854575896924,3.25992290826327,34.133571850770565,41.18275454050564,54.40783941234061,62.17016640609221,-27.020288613774305,-14.241390813382289
2026-07-22,37.72438483462129,58.35533223834946,-20.63094740372817,1.736076324489574,1.909230286495277,3.1219400055406488,34.32167523862172,41.12709443062086,54.61324087681872,62.0974235998802,-26.749949814587843,-14.5119449928685
2026-07-23,37.7243848346213,58.35533223834947,-20.630947403728175,1.736076324489574,1.909230286495277,3.1219400055406488,34.32167523862173,41.127094430620865,54.61324087681873,62.09742359988021,-26.749949814587847,-14.511944992868504
2026-07-24,37.88086823456247,58.466075015463865,-20.585206780901395,1.73461890484189,1.8725917639646021,3.0011733728057854,34.481015181072365,41.280721288052575,54.79579515809324,62.13635487283449,-26.467506591600735,-14.702906970202054
2026-07-25,37.88086823456247,58.466075015463865,-20.585206780901395,1.73461890484189,1.8725917639646021,3.0011733728057854,34.481015181072365,41.280721288052575,54.79579515809324,62.13635487283449,-26.467506591600735,-14.702906970202054
2026-07-26,38.060957566428854,58.08298968463943,-20.02203211821058,1.7313569493698877,2.0311862740792814,3.2635977624318504,34.667497945663875,41.45441718719383,54.10186458744404,62.06411478183482,-26.418683732577005,-13.625380503844152
2026-07-27,37.16433603597872,58.40543923415747,-21.24110319817875,2.074492137421516,1.9530126955072957,3.448015125040801,33.09833144663255,41.23034062532489,54.57753435096317,62.23334411735177,-27.999212843258718,-14.48299355309878
2026-07-28,37.16433603597872,58.40543923415747,-21.241103198178745,2.074492137421516,1.9530126955072955,3.448015125040801,33.09833144663255,41.23034062532489,54.57753435096317,62.23334411735177,-27.999212843258714,-14.482993553098776
2026-07-29,37.24817281532692,58.26017461563155,-21.012001800304635,1.906704245656524,1.789958199424529,3.1830066689959717,33.51103249384013,40.9853131368137,54.75185654475947,61.76849268650363,-27.250694871536737,-14.77330872907253
2026-07-30,37.24817281532691,58.26017461563155,-21.012001800304635,1.906704245656524,1.789958199424529,3.1830066689959713,33.511032493840126,40.985313136813694,54.75185654475947,61.76849268650363,-27.250694871536737,-14.773308729072532
2026-07-31,37.24817281532692,58.26017461563155,-21.012001800304635,1.906704245656524,1.789958199424529,3.1830066689959717,33.51103249384013,40.9853131368137,54.75185654475947,61.76849268650363,-27.250694871536737,-14.77330872907253
2026-08-01,37.36528736368574,57.923985047650284,-20.558697683964542,1.7700614118570357,1.8160263781987465,3.101751410626873,33.89596699644595,40.834607730925526,54.36457334638074,61.48339674891983,-26.638130448793213,-14.479264919135872
2026-08-02,37.4130264220227,57.810997488389205,-20.3979710663665,1.725407455884921,1.825346175475772,3.0787833975797567,34.03122780848826,40.794825035557146,54.233318984456695,61.388675992321716,-26.432386525622825,-14.363555607110179
2026-08-03,37.20372609559693,58.113264456362636,-20.909538360765712,1.6019617022404795,1.7665442601953931,2.9622383849417266,34.063881159205586,40.34357103198827,54.65083770637966,61.57569120634561,-26.715525595251496,-15.103551126279928
2026-08-04,37.137272738811454,58.14785337893011,-21.010580640118654,1.5217802981938344,1.6681365170502909,2.8022117747462,34.15458335435154,40.11996212327137,54.87830580551154,61.41740095234868,-26.502915718621207,-15.518245561616101
2026-08-05,36.88991966583992,58.32322223193962,-21.4333025660997,1.6757214100826094,1.7020488188879215,3.0332238399048075,33.605505702078005,40.17433362960183,54.98720654691929,61.659237916959945,-27.378421292313124,-15.488183839886279
2026-08-06,36.88991966583992,58.32322223193962,-21.4333025660997,1.6757214100826094,1.7020488188879215,3.0332238399048075,33.605505702078005,40.17433362960183,54.98720654691929,61.659237916959945,-27.378421292313124,-15.488183839886279
2026-08-07,36.88991966583992,58.323222231939624,-21.4333025660997,1.6757214100826094,1.7020488188879217,3.0332238399048075,33.605505702078005,40.17433362960183,54.987206546919296,61.65923791695995,-27.378421292313124,-15.488183839886279
2026-08-08,36.88991966583992,58.32322223193962,-21.4333025660997,1.6757214100826092,1.7020488188879215,3.033223839904807,33.605505702078005,40.17433362960183,54.98720654691929,61.659237916959945,-27.378421292313124,-15.488183839886279
2026-08-09,37.015402931021626,58.24589116378213,-21.230488232760507,1.6727073039486686,1.6525485609747654,2.999227048966246,33.736896615282234,40.29390924676102,55.006895984271594,61.48488634329267,-27.10897324873435,-15.352003216786665
2026-08-10,36.69639497266178,58.45263006742275,-21.756235094760974,1.8956744580054083,1.7183076248967872,3.3467931974571377,32.980873034971175,40.41191691035238,55.084747122625046,61.82051301222046,-28.315949761776963,-15.196520427744986
2026-08-11,36.63984863291968,58.063850358901234,-21.424001725981555,1.5268385801972233,1.4812573024003985,2.739607800317482,33.64724501573312,39.63245225010624,55.16058604619646,60.96711467160601,-26.79363301460382,-16.05437043735929
2026-08-12,36.63984863291968,58.06385035890124,-21.424001725981558,1.5268385801972233,1.4812573024003988,2.7396078003174824,33.64724501573312,39.63245225010624,55.16058604619646,60.967114671606026,-26.793633014603824,-16.054370437359292
2026-08-13,36.54675947821374,58.072712613643844,-21.525953135430104,1.4772962906229916,1.4073638228634673,2.6206208071546095,33.651258748592674,39.4422602078348,55.31427952083145,60.83114570645624,-26.662369917453137,-16.38953635340707
2026-08-14,36.54675947821374,58.072712613643844,-21.525953135430104,1.4772962906229914,1.4073638228634673,2.6206208071546095,33.651258748592674,39.4422602078348,55.31427952083145,60.83114570645624,-26.662369917453137,-16.38953635340707
2026-08-15,36.54675947821374,58.072712613643844,-21.525953135430104,1.4772962906229914,1.4073638228634673,2.6206208071546095,33.651258748592674,39.4422602078348,55.31427952083145,60.83114570645624,-26.662369917453137,-16.38953635340707
2026-08-16,36.999586441436904,57.65832920466635,-20.65874276322945,1.4198698209542162,1.3648502318821032,2.574606737228434,34.21664159236664,39.782531290507166,54.98322275017743,60.33343565915527,-25.70497196819718,-15.612513558261721
2026-08-17,36.95334982727338,57.99719993626517,-21.043850108991784,1.4862637087252344,1.4071724641907848,2.7237346844689845,34.04027295817192,39.86642669637484,55.23914190645123,60.75525796607911,-26.382370090550992,-15.705330127432575
2026-08-18,36.95616143122884,57.9542991703381,-20.99813773910926,1.4526973477783065,1.3895516823408443,2.6704819721180626,34.10887462958336,39.803448232874324,55.23077787295005,60.67782046772616,-26.232282404460662,-15.763993073757858
2026-08-19,36.923409284173395,57.9884065482022,-21.064997264028804,1.4675752624164677,1.4010372394621733,2.7061386918031083,34.04696176983712,39.79985679850967,55.24237355885634,60.734439537548056,-26.369029099962894,-15.760965428094712
2026-08-20,36.923409284173395,57.9884065482022,-21.064997264028804,1.4675752624164677,1.4010372394621733,2.7061386918031083,34.04696176983712,39.79985679850967,55.24237355885634,60.734439537548056,-26.369029099962894,-15.760965428094712
2026-08-21,36.923409284173395,57.9884065482022,-21.064997264028804,1.4675752624164677,1.401037239462173,2.7061386918031083,34.04696176983712,39.79985679850967,55.24237355885634,60.734439537548056,-26.369029099962894,-15.760965428094712
2026-08-22,36.9234092841734,57.98840654820221,-21.064997264028808,1.4675752624164677,1.4010372394621733,2.7061386918031083,34.046961769837125,39.79985679850968,55.24237355885635,60.73443953754806,-26.3690290999629,-15.760965428094716
2026-08-23,36.9234092841734,57.98840654820221,-21.064997264028808,1.4675752624164677,1.4010372394621733,2.7061386918031083,34.046961769837125,39.79985679850968,55.24237355885635,60.73443953754806,-26.3690290999629,-15.760965428094716
2026-08-24,36.875743446674214,58.009287514760246,-21.133544068086028,1.5121867730097664,1.7209233101925971,3.017804638723691,33.911857371575074,39.839629521773354,54.63627782678275,61.38229720273774,-27.048441159984463,-15.218646976187593
2026-08-25,37.02742194345465,57.78171497646704,-20.754293033012395,1.5283001718749547,1.8197376362174602,3.1525173059571956,34.031953606579734,40.02289028032956,54.21502920948082,61.34840074345327,-26.9332269526885,-14.575359113336292
2026-08-26,36.831439870537515,57.99753642471989,-21.16609655418237,1.596307039538368,1.8783712455577122,3.3028000266528017,33.702678073042314,39.96020166803272,54.31592878342677,61.67914406601301,-27.639584606421863,-14.692608501942878
2026-08-27,36.831439870537515,57.99753642471989,-21.16609655418237,1.596307039538368,1.878371245557712,3.3028000266528013,33.702678073042314,39.96020166803272,54.31592878342678,61.679144066013,-27.639584606421863,-14.69260850194288
2026-08-28,37.0352382492426,57.684628156368625,-20.649389907126018,1.4942764814652532,1.8220409679837475,3.1671388806673457,34.106456345570706,39.9640201529145,54.11342785912048,61.25582845361677,-26.856982113234015,-14.441797701018022
2026-08-29,37.0352382492426,57.684628156368625,-20.649389907126018,1.4942764814652532,1.8220409679837473,3.1671388806673457,34.106456345570706,39.9640201529145,54.11342785912048,61.25582845361677,-26.856982113234015,-14.441797701018022
2026-08-30,37.32269221224518,57.35656899714522,-20.03387678490004,1.583453358551683,1.8253178768250178,3.2780708689902562,34.21912362948388,40.42626079500648,53.77894595856818,60.934192035722255,-26.458895688120943,-13.608857881679139
2026-08-31,37.10022155150661,57.57428038227474,-20.474058830768133,1.6383373813149378,1.7816274227659565,3.300997296520334,33.88908028412933,40.311362818883886,54.08229063365347,61.066270130896015,-26.944013531947988,-14.004104129588278
2026-09-01,37.31850725771279,57.53311438824531,-20.214607130532517,1.7012979434104543,1.8253268637495594,3.4044607696576348,33.983963288628296,40.65305122679728,53.955473735296174,61.110755041194444,-26.887350239061483,-13.541864022003553
2026-09-02,36.94003178923008,57.94527144213506,-21.005239652904972,1.9050489989800685,2.048895016503633,3.8582717836570657,33.20613575122915,40.67392782723102,53.929437209787935,61.961105674482184,-28.56745234887282,-13.443026956937125
2026-09-03,36.94003178923008,57.94527144213506,-21.005239652904972,1.9050489989800685,2.0488950165036326,3.8582717836570657,33.20613575122915,40.67392782723102,53.92943720978794,61.96110567448218,-28.56745234887282,-13.443026956937125
2026-09-04,36.94003178923008,57.94527144213506,-21.005239652904972,1.9050489989800685,2.0488950165036326,3.8582717836570657,33.20613575122915,40.67392782723102,53.92943720978794,61.96110567448218,-28.56745234887282,-13.443026956937125
2026-09-05,36.94003178923009,57.94527144213506,-21.005239652904972,1.9050489989800685,2.048895016503633,3.8582717836570657,33.206135751229155,40.673927827231026,53.929437209787935,61.961105674482184,-28.56745234887282,-13.443026956937125
2026-09-06,36.748913202504376,57.94549243286374,-21.196579230359365,1.8301447987696144,1.8570613243544154,3.571981891040023,33.161829396915934,40.33599700809282,54.30565223712908,61.585332628598394,-28.19766373679781,-14.19549472392092
2026-09-07,36.748913202504376,57.94549243286374,-21.196579230359365,1.8301447987696144,1.8570613243544154,3.571981891040023,33.161829396915934,40.33599700809282,54.30565223712908,61.585332628598394,-28.19766373679781,-14.19549472392092
2026-09-08,36.623418057634126,58.104033573709444,-21.480615516075318,1.7870252322810394,1.8440949569119383,3.5259868007308683,33.12084860236329,40.12598751290496,54.48960745816204,61.718459689256846,-28.39154964550782,-14.569681386642817
2026-09-09,36.51096143466988,58.34471976956579,-21.833758334895915,1.6232521957223807,1.751669945594365,3.2833571609289796,33.32938713105401,39.69253573828575,54.91144667620084,61.777992862930745,-28.269138370316714,-15.398378299475116
2026-09-10,36.51096143466988,58.3447197695658,-21.833758334895915,1.6232521957223807,1.7516699455943652,3.2833571609289796,33.32938713105401,39.69253573828575,54.911446676200846,61.77799286293075,-28.269138370316714,-15.398378299475116
2026-09-11,36.81552297925796,58.469052422816134,-21.653529443558174,1.7845955782651757,1.7172258101677973,3.165006442679215,33.31771564585822,40.313330312657705,55.10328983488725,61.83481501074502,-27.856942071209435,-15.450116815906913
2026-09-12,36.815522979257956,58.46905242281613,-21.65352944355817,1.7845955782651755,1.717225810167797,3.1650064426792146,33.317715645858215,40.3133303126577,55.10328983488724,61.83481501074501,-27.85694207120943,-15.45011681590691
2026-09-13,36.81264871433215,58.454616706228116,-21.64196799189597,1.5607268251332325,1.4814809415190386,2.7495408097355742,33.753624137071014,39.87167329159328,55.5509140608508,61.35831935160543,-27.031067978977696,-16.252868004814246
2026-09-14,36.7742882416595,58.58271880520787,-21.80843056354837,1.3535986356315735,1.3590345098416974,2.4829421885496163,34.12123491582162,39.42734156749738,55.91901116591814,61.246426444497594,-26.67499725310562,-16.94186387399112
2026-09-15,36.91927860208655,58.26511318069525,-21.345834578608702,1.280417652355943,1.4179324640756807,2.4311782917500246,34.4096600034689,39.4288972007042,55.485965551106915,61.04426081028359,-26.110944030438752,-16.580725126778653
2026-09-16,36.92448577897481,58.38534498901701,-21.4608592100422,1.2530246180224933,1.4161462834570149,2.39835647413293,34.468557527650724,39.3804140302989,55.60969827344126,61.16099170459275,-26.161637899342743,-16.76008052074166
2026-09-17,36.88726802479987,58.41990156509765,-21.53263354029778,1.319088316917377,1.4383218513921008,2.5263391467161003,34.30185492364181,39.472681125957934,55.600790736369134,61.23901239382617,-26.484258267861335,-16.581008812734225
2026-09-18,36.83540605491755,58.47574124665075,-21.6403351917332,1.3430163131198185,1.463218201377667,2.5852143830473078,34.20309408120271,39.46771802863239,55.60783357195052,61.343648921350976,-26.707355382505924,-16.573315000960477
2026-09-19,36.83540605491755,58.47574124665075,-21.6403351917332,1.3430163131198185,1.463218201377667,2.5852143830473078,34.20309408120271,39.46771802863239,55.60783357195052,61.343648921350976,-26.707355382505924,-16.573315000960477
2026-09-20,36.50094599110737,58.84218138920472,-22.341235398097343,1.6076203246208502,1.8220135316527886,3.273063501613492,33.35001015485051,39.651881827364235,55.271034867165255,62.41332791124418,-28.756439861259786,-15.926030934934898
2026-09-21,35.87649326474132,59.5215598876744,-23.645066622933086,1.896876614391081,2.2302970227643923,3.994088380517108,32.1586151005348,39.59437142894784,55.15017772305619,63.89294205229261,-31.473479848746617,-15.816653397119556
2026-09-22,35.984973626325335,59.68854444464595,-23.703570818320614,1.746647369252592,2.1002239146613064,3.661206804170363,32.56154478259025,39.408402470060416,55.57210557190979,63.80498331738211,-30.879536154494524,-16.527605482146704
2026-09-23,35.98497362632533,59.688544444645935,-23.70357081832061,1.7466473692525917,2.1002239146613064,3.6612068041703627,32.561544782590246,39.40840247006041,55.57210557190977,63.804983317382096,-30.87953615449452,-16.5276054821467
2026-09-24,35.98497362632533,59.68854444464594,-23.70357081832061,1.746647369252592,2.1002239146613064,3.6612068041703627,32.561544782590246,39.40840247006041,55.57210557190978,63.8049833173821,-30.87953615449452,-16.5276054821467
2026-09-25,36.056107393064615,59.7142926588177,-23.658185265753083,1.6479411327393163,1.9689699200998894,3.4329422421931115,32.82614277289555,39.28607201323368,55.85511161542191,63.573473702213484,-30.38675206045158,-16.929618471054585
2026-09-26,36.05610739306462,59.714292658817705,-23.658185265753087,1.6479411327393163,1.9689699200998894,3.4329422421931115,32.826142772895565,39.28607201323368,55.85511161542192,63.57347370221349,-30.386752060451585,-16.92961847105459
2026-09-27,36.152585642254365,59.70627611676833,-23.553690474513964,1.5533012736568135,1.8531602477634392,3.23899076832252,33.10811514588701,39.19705613862172,56.07408203115199,63.33847020238467,-29.902112380426104,-17.205268568601824
2026-09-28,36.03809276729885,59.77363561899175,-23.7355428516929,1.5509777641449358,1.8052223359012833,3.1919123388485757,32.99817634957478,39.07800918502292,56.235399840625234,63.31187139735826,-29.991691035836112,-17.47939466754969
2026-09-29,36.03809276729885,59.77363561899175,-23.7355428516929,1.5509777641449358,1.8052223359012833,3.191912338848576,32.99817634957478,39.07800918502292,56.235399840625234,63.31187139735826,-29.991691035836112,-17.47939466754969
