end_date,approve,disapprove,net,approve_std,disapprove_std,net_std,approve_lower_ci,approve_upper_ci,disapprove_lower_ci,disapprove_upper_ci,net_lower_ci,net_upper_ci
2025-01-21,49.59505434836309,46.81543274131044,2.779621607052654,0,0,0,49.59505434836309,49.59505434836309,46.81543274131044,46.81543274131044,2.779621607052654,2.779621607052654
2025-01-22,49.59505434836309,46.81543274131044,2.779621607052654,0,0,0,49.59505434836309,49.59505434836309,46.81543274131044,46.81543274131044,2.779621607052654,2.779621607052654
2025-01-23,51.679989142570314,42.99025066573832,8.689738476831987,1.31095709238063,2.323072815539237,3.608717991051789,49.11051324150428,54.24946504363635,38.43702794728142,47.543473384195224,1.6166512143704814,15.762825739293493
2025-01-24,51.12732612133083,42.62770255397417,8.499623567356664,1.3131670962167492,1.9526347850604266,2.9422320380947053,48.553518612746004,53.70113362991566,38.800538375255734,46.4548667326926,2.7328487726910424,14.266398362022287
2025-01-25,51.12732612133083,42.62770255397417,8.499623567356666,1.3131670962167492,1.9526347850604266,2.9422320380947053,48.553518612746004,53.70113362991566,38.800538375255734,46.4548667326926,2.732848772691044,14.266398362022288
2025-01-26,50.6962624605939,43.43257264370761,7.263689816886293,1.2802517627988674,2.0434863761958333,3.100492764340356,48.18696900550812,53.20555591567968,39.42733934636377,47.437805941051444,1.186723998779196,13.34065563499339
2025-01-27,50.43332657362577,42.965901337099744,7.467425236526023,1.1577923019893999,1.869306013330988,2.6314901685192655,48.16405366172655,52.70259948552499,39.302061550971004,46.629741123228484,2.309704506228263,12.625145966823784
2025-01-28,49.96821235932266,43.89049949204988,6.077712867272785,1.1890196619939897,1.7691829252566151,2.5335715260186964,47.63773382181444,52.298690896830884,40.42290095854691,47.35809802555284,1.1119126762761402,11.04351305826943
2025-01-29,49.96821235932267,43.890499492049884,6.077712867272786,1.18901966199399,1.7691829252566151,2.533571526018697,47.63773382181445,52.29869089683089,40.42290095854692,47.35809802555285,1.1119126762761402,11.043513058269433
2025-01-30,49.96821235932266,43.890499492049884,6.077712867272785,1.18901966199399,1.7691829252566151,2.533571526018697,47.63773382181444,52.298690896830884,40.42290095854692,47.35809802555285,1.1119126762761393,11.043513058269431
2025-01-31,49.64642615742152,44.29476583845942,5.351660318962101,1.0956074867517622,1.7015007763717955,2.4339522786040244,47.49903548338807,51.793816831454976,40.9598243167707,47.62970736014814,0.5811138528982136,10.122206785025988
2025-02-01,49.533337066367885,44.41555154925061,5.117785517117276,1.1420656912958322,1.7069849538590562,2.5133627313510973,47.29488831142805,51.771785821307716,41.069861039686856,47.76124205881436,0.19159456366912497,10.043976470565426
2025-02-02,49.533337066367885,44.41555154925061,5.117785517117276,1.1420656912958322,1.7069849538590565,2.513362731351098,47.29488831142805,51.771785821307716,41.069861039686856,47.76124205881436,0.19159456366912408,10.043976470565427
2025-02-03,49.18697058241662,44.968138112391756,4.2188324700248625,1.3776785941168945,1.9930841032174593,3.140704392474683,46.486720537947505,51.887220626885735,41.061693270085534,48.87458295469798,-1.9369481392255157,10.37461307927524
2025-02-04,49.01999733408322,45.06619883610721,3.9537984979760052,1.3467415631307849,1.8987670214147847,3.0247255617576596,46.38038387034688,51.65961079781956,41.34461547413424,48.78778219808019,-1.9746636030690077,9.882260599021018
2025-02-05,49.09975810201913,45.21872205442415,3.88103604759498,1.2063191083166065,1.7124317826537152,2.6907644766099175,46.735372649718585,51.464143554319676,41.862355760422865,48.57508834842543,-1.3928623265604583,9.154934421750418
2025-02-06,48.51842217124642,45.323380975940346,3.1950411953060738,1.4801210410485437,1.7520885579967338,2.777945030742289,45.617384930791275,51.41945941170157,41.889287402266746,48.757474549613946,-2.2497310649488127,8.63981345556096
2025-02-07,48.51842217124642,45.32338097594035,3.1950411953060742,1.480121041048544,1.7520885579967338,2.7779450307422895,45.617384930791275,51.41945941170157,41.88928740226675,48.75747454961395,-2.249731064948813,8.639813455560962
2025-02-08,48.51842217124643,45.32338097594035,3.1950411953060742,1.4801210410485437,1.7520885579967338,2.7779450307422895,45.61738493079128,51.419459411701574,41.88928740226675,48.75747454961395,-2.249731064948813,8.639813455560962
2025-02-09,48.452872682712155,45.679876137747364,2.772996544964793,1.424431753616576,2.036229080950969,2.9838590201746027,45.660986445623664,51.244758919800645,41.68886713908346,49.670885136411265,-3.0753671345774287,8.621360224507015
2025-02-10,48.452872682712155,45.67987613774736,2.772996544964793,1.424431753616576,2.036229080950969,2.9838590201746027,45.660986445623664,51.244758919800645,41.688867139083456,49.67088513641126,-3.0753671345774287,8.621360224507015
2025-02-11,48.284231693660196,45.921392489151415,2.3628392045087825,1.416786150553677,2.032903775742056,3.024286559873073,45.50733083857499,51.061132548745405,41.936901088696985,49.905883889605846,-3.56476245284244,8.290440861860006
2025-02-12,48.330333422163186,45.921359292857986,2.408974129305196,1.4308685329389557,2.00629466109074,3.000079528596654,45.52583109760283,51.13483574672354,41.989021757120135,49.85369682859584,-3.471181746744245,8.289130005354638
2025-02-13,48.83422252154062,45.75833710952945,3.075885412011168,1.6747551377335734,1.8308306772972205,3.0536619352870753,45.55170245158281,52.11674259149842,42.1699089820269,49.346765237032,-2.9092919811514992,9.061062805173835
2025-02-14,49.108182483296765,45.722439146692764,3.3857433366039964,1.6569435751792942,1.6878843276173707,2.8804205313564526,45.86057307594535,52.355791890648185,42.41418586456272,49.03069242882281,-2.25988090485465,9.031367578062643
2025-02-15,49.16891961347382,45.74191910782515,3.4270005056486714,1.5345277301648892,1.5569154414017727,2.657555573715167,46.16124526235063,52.176593964597004,42.690364842677674,48.79347337297262,-1.7818084188330556,8.635809430130399
2025-02-16,49.036031835956855,45.97157486244396,3.0644569735129,1.5201264760323288,1.6482821741359022,2.7753651541962645,46.05658394293349,52.01547972898022,42.74094180113759,49.20220792375033,-2.375258728711778,8.504172675737578
2025-02-17,48.346162892700605,46.39391527512541,1.952247617575196,1.5062597872929495,1.3751319457344426,2.4102855907055534,45.393893709606424,51.298432075794786,43.6986566614859,49.08917388876492,-2.7719121402076885,6.676407375358081
2025-02-18,48.53092879437132,46.433206274353694,2.097722520017624,1.432717424979925,1.3235220259542524,2.2660795424936944,45.72280264141067,51.339054947331974,43.83910310348336,49.02730944522403,-2.343793383270017,6.539238423305266
2025-02-19,48.49925946919691,46.59209049042626,1.907168978770651,1.3731450060689785,1.3661425886520076,2.2524521095337278,45.80789525730171,51.190623681092106,43.91445101666832,49.269729964184194,-2.5076371559154556,6.321975113456757
2025-02-20,48.47271562395412,46.5546085988732,1.918107025080919,1.3041213071901392,1.3536393611666517,2.228310999940069,45.91663786186145,51.02879338604679,43.90147545098657,49.20774174675984,-2.4493825348016163,6.285596584963454
2025-02-21,48.483254562430304,46.568907362894365,1.9143471995359422,1.2366576637261848,1.2896840244091143,2.112542858042825,46.059405541526985,50.90710358333362,44.0411266750525,49.096688050736226,-2.226236802227995,6.05493120129988
2025-02-22,48.483254562430304,46.56890736289436,1.914347199535942,1.2366576637261848,1.2896840244091141,2.112542858042825,46.059405541526985,50.90710358333362,44.041126675052496,49.09668805073622,-2.2262368022279952,6.054931201299879
2025-02-23,48.4832545624303,46.56890736289436,1.914347199535942,1.2366576637261848,1.2896840244091141,2.112542858042825,46.05940554152697,50.90710358333362,44.041126675052496,49.09668805073622,-2.2262368022279952,6.054931201299879
2025-02-24,48.467415843286545,46.489034017759586,1.9783818255269598,1.164660674783586,1.6211020757396342,2.3440017259073636,46.18468092071072,50.75015076586237,43.311673949309906,49.666394086209266,-2.6158615572514727,6.572625208305393
2025-02-25,48.05950843716882,46.17035576770906,1.8891526694597627,1.610892159624513,1.7644366729452312,2.1568890242510963,44.90215980430478,51.216857070032866,42.712059888736405,49.62865164668172,-2.338349818072386,6.116655156991911
2025-02-26,47.85090330285264,46.59207144555026,1.2588318573023871,1.570230028823786,1.9243010394680906,2.5318819840072875,44.77325244635802,50.928554159347264,42.820441408192806,50.363701482907715,-3.7036568313518963,6.2213205459566705
2025-02-27,47.85090330285264,46.59207144555025,1.2588318573023871,1.570230028823786,1.9243010394680904,2.5318819840072875,44.77325244635802,50.928554159347264,42.8204414081928,50.36370148290771,-3.7036568313518963,6.2213205459566705
2025-02-28,47.905774065932846,46.68329616523507,1.2224779006977755,1.5139996417254167,1.865668059652072,2.4200227961780256,44.93833476815103,50.87321336371466,43.02658676831701,50.34000556215313,-3.5207667798111544,5.965722581206705
2025-03-01,47.78369899561344,46.85591651685269,0.9277824787607521,1.5085642097608623,1.8807285545479289,2.5235154566181413,44.82691314448215,50.740484846744735,43.16968854993875,50.54214448376663,-4.018307816210804,5.873872773732309
2025-03-02,47.91261871853231,47.04237081119793,0.8702479073343763,1.5230201179007823,1.8038273319495426,2.5268112573837205,44.92749928744677,50.897738149617844,43.506869240576826,50.57787238181903,-4.082302157137716,5.822797971806469
2025-03-03,47.82735053886424,47.20711543920133,0.6202350996629035,1.4301566607628498,1.8271602283262791,2.5270563044918246,45.024243483769055,50.63045759395942,43.62588139168182,50.78834948672084,-4.332795257141072,5.5732654564668795
2025-03-04,47.89482903298054,47.250876773859844,0.6439522591206989,1.4196849391041353,1.765422104298615,2.446335994940451,45.11224655233644,50.67741151362464,43.79064944943456,50.711104098285126,-4.150866290962584,5.438770809203982
2025-03-05,47.763007790193804,47.50372963133981,0.25927815885399624,1.350340336640114,1.7439398660203804,2.443190896521356,45.11634073037918,50.40967485000843,44.08560749393986,50.92185176873976,-4.529375998327861,5.047932316035853
2025-03-06,47.36336991639443,47.68349307321817,-0.3201231568237442,1.6805145548565523,1.7125574657073779,2.797150882085107,44.06956138887559,50.657178443913274,44.326880440431715,51.04010570600463,-5.802538885710553,5.162292572063065
2025-03-07,47.37418931055819,47.72616988513657,-0.35198057457838544,1.6597785665774771,1.7031787434433237,2.7617828421031687,44.12102332006633,50.627355301050045,44.387939547987656,51.064400222285485,-5.765074945100595,5.061113795943825
2025-03-08,47.37418931055818,47.72616988513657,-0.3519805745783855,1.6597785665774771,1.7031787434433237,2.7617828421031687,44.12102332006632,50.62735530105004,44.387939547987656,51.064400222285485,-5.765074945100595,5.061113795943825
2025-03-09,47.44739092382093,47.80498121054729,-0.3575902867263538,1.5758431245970606,1.713526519065974,2.74498459938495,44.358738399610694,50.53604344803117,44.44646923317798,51.1634931879166,-5.737760101520856,5.022579528068149
2025-03-10,47.204125514343396,48.338514425370896,-1.134388911027494,1.5104822058809269,2.0035887957469147,3.0498128796658133,44.24358039081678,50.16467063787001,44.411480385706945,52.26554846503485,-7.112022155172488,4.8432443331175
2025-03-11,47.1327645976992,48.522823344998706,-1.3900587472994996,1.4458140825479067,1.9548337376333902,2.996576228412407,44.298968995905305,49.966560199493095,44.69134921923726,52.35429747076015,-7.263348154987817,4.483230660388818
2025-03-12,47.12763732415547,48.53173263664385,-1.40409531248838,1.43649545775118,1.942955026468809,2.9780171031725824,44.31210622696316,49.943168421347785,44.723540784764985,52.33992448852272,-7.2410088347066415,4.432818209729882
2025-03-13,47.45944386314342,48.19979535254268,-0.7403514893992599,1.50451625681651,1.878151706839594,3.0362801603739955,44.51059199978306,50.40829572650378,44.51861800713708,51.88097269794828,-6.691460603732291,5.210757624933771
2025-03-14,47.324348630156884,48.34382491955166,-1.019476289394774,1.493363324728807,1.8422998276730456,3.0170805121714546,44.39735651368842,50.251340746625345,44.73291725731249,51.95473258179083,-6.9329540932508245,4.8940015144612765
2025-03-15,47.32434863015689,48.343824919551665,-1.0194762893947742,1.493363324728807,1.8422998276730456,3.0170805121714546,44.39735651368843,50.25134074662535,44.732917257312494,51.954732581790836,-6.9329540932508245,4.8940015144612765
2025-03-16,47.218255017689536,48.53268683572755,-1.3144318180380212,1.5032721870964314,1.9295686005500419,3.137878053775566,44.27184153098053,50.16466850439854,44.750732378649474,52.31464129280563,-7.4646728034381304,4.835809167362088
2025-03-17,47.29304716519161,48.564645487345146,-1.2715983221535363,1.3713302917820607,1.775142690664183,2.8622052771885436,44.60523979329877,49.98085453708445,45.08536581364335,52.04392516104694,-6.881520665443082,4.338324021136009
2025-03-18,47.29594442433776,48.60480378914186,-1.3088593648041016,1.284245915486143,1.6585493482764284,2.6711583223083215,44.77882242998492,49.8130664186906,45.35404706652006,51.85556051176366,-6.544329676528411,3.926610946920208
2025-03-19,47.352547842280394,48.59922782744267,-1.2466799851622727,1.2747366361708594,1.5968078940404218,2.6224388776173257,44.85406403538551,49.851031649175276,45.46948435512344,51.728971299761895,-6.386660185292231,3.8933002149676854
2025-03-20,47.59381139938711,48.39546291905252,-0.8016515196654097,1.6154417310732045,1.7847465821498378,3.189633480491905,44.427545606483626,50.76007719229059,44.897359618038834,51.893566220066205,-7.053333141429544,5.450030102098724
2025-03-21,47.593811399387114,48.39546291905252,-0.8016515196654096,1.6154417310732045,1.7847465821498378,3.1896334804919055,44.42754560648363,50.760077192290595,44.897359618038834,51.893566220066205,-7.053333141429545,5.450030102098725
2025-03-22,47.593811399387114,48.39546291905253,-0.8016515196654097,1.6154417310732045,1.7847465821498378,3.1896334804919055,44.42754560648363,50.760077192290595,44.89735961803885,51.893566220066205,-7.053333141429545,5.450030102098725
2025-03-23,47.380694840746436,48.629506949144236,-1.248812108397804,1.621732329252975,1.8733554192327795,3.323888841974235,44.202099475410606,50.55929020608227,44.95773032744799,52.30128357084048,-7.763634238667304,5.266010021871697
2025-03-24,47.29314128584657,48.635334268935,-1.3421929830884234,1.6060099650662167,1.815451707641162,3.239529549581528,44.14536175431679,50.44092081737636,45.07704892195832,52.19361961591167,-7.6916709002682175,5.007284934091372
2025-03-25,47.35512974746946,48.63975945197078,-1.2846297045013175,1.5684231159898243,1.763126400654735,3.150412570690218,44.28102044012941,50.429239054809514,45.1840317066875,52.095487197254066,-7.459438343054145,4.89017893405151
2025-03-26,47.35512974746946,48.639759451970775,-1.2846297045013175,1.568423115989824,1.763126400654735,3.150412570690218,44.28102044012941,50.429239054809514,45.18403170668749,52.09548719725406,-7.459438343054145,4.89017893405151
2025-03-27,46.887173269994335,48.952629880341156,-2.06545661034682,1.5349392996357643,1.5264752283865117,2.879841101385572,43.87869224270824,49.89565429728043,45.96073843270359,51.94452132797872,-7.709945169062541,3.579031948368901
2025-03-28,46.867146462191776,48.994406250311116,-2.1272597881193414,1.484012413313684,1.4821173105649827,2.790249685065739,43.958482132096954,49.7758107922866,46.08945632160375,51.89935617901848,-7.596149170848189,3.341629594609507
2025-03-29,46.867146462191776,48.994406250311116,-2.1272597881193414,1.484012413313684,1.4821173105649827,2.790249685065739,43.958482132096954,49.7758107922866,46.08945632160375,51.89935617901848,-7.596149170848189,3.341629594609507
2025-03-30,46.72377982679048,49.14035046313113,-2.4165706363406514,1.533951254127218,1.5352445661097656,2.911987199098378,43.71723536870113,49.73032428487982,46.13127111355599,52.149429812706266,-8.124065546573473,3.29092427389217
2025-03-31,46.723779826790484,49.140350463131135,-2.4165706363406514,1.5339512541272178,1.5352445661097656,2.911987199098378,43.71723536870114,49.73032428487983,46.131271113556,52.14942981270627,-8.124065546573473,3.29092427389217
2025-04-01,46.6348130294001,49.22433385412066,-2.5895208247205606,1.4684546577194943,1.470316885485236,2.7927587861820498,43.75664190026989,49.51298415853031,46.3425127585696,52.10615494967172,-8.063328045637377,2.8842863961962566
2025-04-02,46.63481302940009,49.22433385412065,-2.58952082472056,1.4684546577194943,1.470316885485236,2.7927587861820493,43.756641900269884,49.5129841585303,46.34251275856959,52.10615494967171,-8.063328045637377,2.884286396196256
2025-04-03,46.6286832595869,49.1251631303523,-2.4964798707653952,1.137279188972786,1.422177857495431,2.3013425447886866,44.39961604920024,48.85775046997356,46.337694529661256,51.91263173104334,-7.007111258551221,2.0141515170204305
2025-04-04,46.62868325958691,49.1251631303523,-2.4964798707653952,1.1372791889727862,1.422177857495431,2.3013425447886866,44.39961604920025,48.85775046997357,46.337694529661256,51.91263173104334,-7.007111258551221,2.0141515170204305
2025-04-05,46.6286832595869,49.1251631303523,-2.4964798707653952,1.137279188972786,1.422177857495431,2.3013425447886866,44.39961604920024,48.85775046997356,46.337694529661256,51.91263173104334,-7.007111258551221,2.0141515170204305
2025-04-06,46.40230370302088,49.4490255931129,-3.046721890092018,1.3508197267933524,1.7754866347744338,2.933276278877922,43.75469703850591,49.049910367535844,45.96907178895501,52.92897939727079,-8.795943396692746,2.702499616508709
2025-04-07,45.90500097711547,50.10074785450801,-4.1957468773925335,1.3794077874342199,1.8116927651396653,3.048209466265911,43.2013617137444,48.608640240486544,46.549830034834265,53.65166567418175,-10.17023743127372,1.7787436764886522
2025-04-08,45.83611785819454,50.149984406480634,-4.313866548286094,1.3448251472162143,1.7496255235922047,2.955624961145777,43.20026056965076,48.47197514673832,46.720718380239916,53.57925043272135,-10.106891472131817,1.4791583755596287
2025-04-09,45.62216887014046,50.2848245672153,-4.662655697074841,1.3559022601973312,1.654903393380974,2.872876984788312,42.964600440153696,48.27973730012723,47.041213916188596,53.52843521824201,-10.293494587259932,0.9681831931102503
2025-04-10,45.26436618007498,50.38449531331159,-5.120129133236609,1.445063882449471,1.6134414730796587,2.910254828180367,42.43204097047402,48.09669138967594,47.22215002607546,53.54684060054772,-10.824228596470128,0.5839703299969106
2025-04-11,45.26436618007498,50.38449531331158,-5.120129133236608,1.445063882449471,1.6134414730796587,2.910254828180367,42.43204097047402,48.09669138967594,47.222150026075454,53.54684060054771,-10.824228596470128,0.5839703299969115
2025-04-12,45.27397204133617,50.31216093203672,-5.038188890700544,1.427069868533627,1.6515543723240111,2.914440208673306,42.47691509901026,48.07102898366208,47.07511436228166,53.54920750179178,-10.750491699700223,0.6741139182991356
2025-04-13,45.069060142526176,50.553169071940715,-5.484108929414539,1.521977887029506,1.764093474807399,3.146837799537918,42.08598348394835,48.052136801104005,47.095545861318215,54.010792282563216,-11.651911016508858,0.6836931576797802
2025-04-14,45.25545080758827,50.170604303985826,-4.91515349639756,1.4527423044889964,1.8484299696661948,3.1549278831239493,42.40807589078983,48.102825724386705,46.547681563440086,53.793527044531565,-11.098812147320501,1.2685051545253812
2025-04-15,45.22527327663325,50.31249808692445,-5.087224810291197,1.3560629130166324,1.7677618042810446,2.9770435872697987,42.567389967120654,47.88315658614585,46.847684950533605,53.777311223315294,-10.922230241340003,0.7477806207576085
2025-04-16,45.22527327663325,50.31249808692445,-5.087224810291197,1.3560629130166322,1.7677618042810443,2.9770435872697982,42.567389967120654,47.88315658614585,46.847684950533605,53.777311223315294,-10.922230241340001,0.7477806207576077
2025-04-17,45.22527327663325,50.31249808692446,-5.087224810291197,1.3560629130166324,1.7677618042810446,2.9770435872697987,42.567389967120654,47.88315658614585,46.84768495053361,53.7773112233153,-10.922230241340003,0.7477806207576085
2025-04-18,44.65550031011477,50.937749089526584,-6.282248779411816,1.7224932350309574,2.0779796327826396,3.699271243902281,41.27941356945409,48.03158705077544,46.86490900927261,55.01058916978056,-13.532820417460286,0.9683228586366548
2025-04-19,44.66603402345449,50.968391104586964,-6.302357081132475,1.696855197784186,2.0531004720002874,3.6437505264463463,41.34019783579749,47.9918702111115,46.9443141794664,54.992468029707524,-13.444108112967314,0.8393939507023642
2025-04-20,44.876799156845394,50.84851309816502,-5.9717139413196305,1.9168880978886673,2.2758164914177557,4.097905651249092,41.11969848498361,48.63389982870718,46.38791277498622,55.309113421343824,-14.00360901776785,2.06018113512859
2025-04-21,44.640139990768326,51.111621514173706,-6.471481523405378,1.8731589460447093,2.21358310706532,4.002941130868699,40.96874845652069,48.31153152501596,46.77299862432568,55.45024440402173,-14.317246139908029,1.3742830930972714
2025-04-22,44.59247001163982,51.15350873588697,-6.561038724247152,1.8120731165607467,2.139430301178684,3.8713566611264008,41.040806703180756,48.14413332009888,46.96022534557675,55.346792126197194,-14.148897780054897,1.026820331560593
2025-04-23,44.665277775996536,51.18594513742027,-6.520667361423733,1.6483379911539,1.862279311723292,3.379566851271753,41.43453531333489,47.89602023865818,47.53587768644262,54.83601258839792,-13.144618389916369,0.10328366706890257
2025-04-24,44.56624350893859,51.27499651850365,-6.70875300956506,1.530735974556885,1.7295595554864158,3.142340933027133,41.5660009988071,47.566486019070084,47.88505978975027,54.664933247257025,-12.86774123829824,-0.5497647808318797
2025-04-25,44.42333495306288,51.29804275507319,-6.87470780201031,1.5203622722061314,1.6462158308709316,3.0312538347274716,41.44342489953886,47.40324500658689,48.07145972656616,54.52462578358022,-12.815965318076154,-0.9334502859444651
2025-04-26,44.42333495306288,51.29804275507319,-6.87470780201031,1.5203622722061314,1.6462158308709314,3.0312538347274716,41.44342489953886,47.40324500658689,48.07145972656617,54.52462578358021,-12.815965318076154,-0.9334502859444651
2025-04-27,44.34311843320181,51.62192012224968,-7.278801689047874,1.4741928742988633,1.7572833370681407,3.0582940469299493,41.453700399576036,47.23253646682758,48.17764478159613,55.06619546290324,-13.273058021030575,-1.2845453570651735
2025-04-28,44.11283895184282,51.55438675144644,-7.441547799603618,1.5787258357342853,1.8377342199593862,3.162202190986496,41.01853631380362,47.20714158988201,47.95242768032604,55.156345822566834,-13.63946409393715,-1.243631505270086
2025-04-29,44.11283895184282,51.55438675144643,-7.441547799603617,1.5787258357342853,1.837734219959386,3.1622021909864957,41.01853631380362,47.20714158988201,47.95242768032603,55.15634582256683,-13.639464093937148,-1.243631505270086
2025-04-30,44.118099248955005,51.582487829189205,-7.464388580234202,1.540551919953685,1.797452402971153,3.0870591478941907,41.09861748584578,47.13758101206423,48.05948111936574,55.10549453901267,-13.515024510106816,-1.4137526503615883
2025-05-01,44.16735942145429,51.49961475951379,-7.332255338059496,1.4769885721728568,1.7347048047519815,2.973684250784604,41.27246181999549,47.062257022913094,48.09959334219991,54.89963617682767,-13.16067646959732,-1.503834206521672
2025-05-02,44.16735942145429,51.49961475951379,-7.332255338059496,1.4769885721728568,1.7347048047519815,2.973684250784604,41.27246181999549,47.062257022913094,48.09959334219991,54.89963617682767,-13.16067646959732,-1.503834206521672
2025-05-03,44.16735942145429,51.49961475951379,-7.332255338059495,1.4769885721728568,1.7347048047519815,2.9736842507846037,41.27246181999549,47.062257022913094,48.09959334219991,54.89963617682767,-13.160676469597318,-1.503834206521672
2025-05-04,44.13982495636529,51.61904986074823,-7.479224904382938,1.427070278949497,1.729561719670475,2.916935945850181,41.34276720962428,46.9368827031063,48.2291088901941,55.008990831302356,-13.196419358249292,-1.7620304505165834
2025-05-05,44.13500997703749,51.5496350889991,-7.414625111961608,1.379055455276607,1.6903384735494384,2.828971466339627,41.432061284695344,46.83795866937964,48.236571680842204,54.862698497156,-12.959409185987276,-1.869841037935939
2025-05-06,44.07958244089183,51.62272027630152,-7.5431378354096905,1.3965969679380243,1.7189668598994738,2.885971033365591,41.3422523837333,46.816912498050364,48.25354523089855,54.99189532170449,-13.199641060806249,-1.8866346100131324
2025-05-07,44.10787984763625,51.58878416298291,-7.480904315346661,1.3981330169194766,1.7195034044196844,2.892795820902472,41.36753913447407,46.848220560798424,48.21855749032033,54.95901083564549,-13.150784124315505,-1.8110245063778159
2025-05-08,44.17129213223541,51.61423444436095,-7.442942312125546,1.329129408344269,1.6151880301557855,2.723331918656351,41.56619849188064,46.776385772590174,48.44846590525562,54.78000298346629,-12.780672872691994,-2.1052117515590982
2025-05-09,44.69671951844932,51.3317966763936,-6.635077157944285,1.52221281501632,1.5121689543991508,2.8298684347208534,41.713182401017335,47.68025663588131,48.36794552577127,54.295647827015934,-12.181619289997158,-1.0885350258914128
2025-05-10,44.69671951844932,51.3317966763936,-6.635077157944285,1.52221281501632,1.5121689543991508,2.8298684347208534,41.713182401017335,47.68025663588131,48.36794552577127,54.295647827015934,-12.181619289997158,-1.0885350258914128
2025-05-11,44.617829443145,51.489031714593565,-6.871202271448566,1.483156011396589,1.5437935289894589,2.8272362188786375,41.71084366080768,47.524815225482314,48.463196397774226,54.514867031412905,-12.412585260450696,-1.3298192824464365
2025-05-12,44.71285451100251,51.35299640676544,-6.64014189576293,1.3311751227520539,1.4004398633253956,2.555524872485922,42.10375127040849,47.321957751596536,48.60813427464767,54.097858538883216,-11.648970645835337,-1.6313131456905232
2025-05-13,44.72332061655886,51.33056141287429,-6.60724079631543,1.311228879502656,1.3843169427199367,2.5221075535809687,42.15331201273365,47.29332922038407,48.617300205143216,54.04382262060536,-11.550571601334127,-1.6639099912967312
2025-05-14,44.72332061655886,51.33056141287428,-6.60724079631543,1.3112288795026559,1.3843169427199367,2.5221075535809687,42.15331201273365,47.29332922038407,48.61730020514321,54.043822620605354,-11.550571601334127,-1.6639099912967312
2025-05-15,44.68607689513673,51.366903005599575,-6.680826110462846,1.1098814410128692,1.2212911359944019,2.1538082420435276,42.510709270751505,46.86144451952195,48.973172379050546,53.760633632148604,-10.90229026486816,-2.4593619560575313
2025-05-16,44.68607689513673,51.366903005599575,-6.680826110462846,1.1098814410128692,1.2212911359944019,2.1538082420435276,42.510709270751505,46.86144451952195,48.973172379050546,53.760633632148604,-10.90229026486816,-2.4593619560575313
2025-05-17,44.686076895136736,51.36690300559958,-6.680826110462847,1.1098814410128692,1.2212911359944019,2.1538082420435276,42.51070927075151,46.86144451952196,48.97317237905055,53.76063363214861,-10.90229026486816,-2.459361956057532
2025-05-18,44.68934465511437,51.401277299650125,-6.71193264453576,1.0617114672611945,1.1735602670377894,2.0626664819753273,42.608390179282424,46.77029913094631,49.10109917625606,53.701455423044195,-10.754758949207401,-2.6691063398641184
2025-05-19,45.24987978862318,51.29770727037256,-6.047827481749379,1.4032725238292414,0.9926568482926308,2.0368941977878894,42.49946564191787,48.00029393532849,49.352099847719,53.24331469302612,-10.040140109413642,-2.0555148540851156
2025-05-20,45.49191918189099,50.98565730920756,-5.4937381273165675,1.4547606500842403,1.177497243076833,2.3373653536791164,42.64058830772588,48.34325005605611,48.67776271277697,53.293551905638154,-10.074974220527636,-0.9125020341054997
2025-05-21,45.27994894560562,51.183052074122536,-5.90310312851692,1.4890640554122399,1.2322123151346935,2.4709213928710585,42.361383396997624,48.19851449421361,48.767915936458536,53.598188211786535,-10.746109058544196,-1.060097198489646
2025-05-22,45.27994894560562,51.18305207412254,-5.903103128516921,1.48906405541224,1.2322123151346935,2.4709213928710585,42.361383396997624,48.19851449421361,48.76791593645854,53.59818821178654,-10.746109058544196,-1.0600971984896468
2025-05-23,45.27994894560562,51.18305207412254,-5.903103128516921,1.48906405541224,1.2322123151346935,2.4709213928710585,42.361383396997624,48.19851449421361,48.76791593645854,53.59818821178654,-10.746109058544196,-1.0600971984896468
2025-05-24,45.27994894560562,51.183052074122536,-5.90310312851692,1.48906405541224,1.2322123151346935,2.4709213928710585,42.361383396997624,48.19851449421361,48.767915936458536,53.598188211786535,-10.746109058544196,-1.060097198489646
2025-05-25,45.320588041358015,51.18718338048051,-5.866595339122495,1.4271573562980644,1.1740241563838474,2.357179264310327,42.52335962301381,48.11781645970222,48.88609603396817,53.48827072699285,-10.486666697170735,-1.2465239810742546
2025-05-26,45.405254464773215,51.134927345794154,-5.729672881020943,1.373321600115564,1.124979110588893,2.271136616414662,42.71354412854671,48.09696480099972,48.92996828903992,53.33988640254839,-10.18110064919368,-1.2782451128482064
2025-05-27,45.367413777692576,51.19388533023068,-5.826471552538101,1.3214975775621156,1.0906884973149884,2.1942679857913445,42.77727852567083,47.95754902971432,49.056135875493304,53.33163478496805,-10.127236804689137,-1.525706300387066
2025-05-28,45.39311903756929,51.155155121963475,-5.762036084394188,1.226577850006467,1.0154792977338758,2.0401336137103487,42.98902645155662,47.797211623581966,49.16481569840508,53.14549454552187,-9.760697967266472,-1.7633742015219043
2025-05-29,45.52246279961912,50.991176982058214,-5.468714182439094,1.2074343655019344,1.0558312892446562,2.081878886815601,43.155891443235326,47.889034156002914,48.92174765513869,53.06060630897774,-9.549196800597672,-1.3882315642805167
2025-05-30,45.52246279961912,50.991176982058214,-5.4687141824390935,1.2074343655019344,1.0558312892446562,2.081878886815601,43.155891443235326,47.889034156002914,48.92174765513869,53.06060630897774,-9.54919680059767,-1.3882315642805159
2025-05-31,45.52246279961913,50.99117698205822,-5.468714182439094,1.2074343655019344,1.0558312892446562,2.081878886815601,43.15589144323533,47.88903415600292,48.921747655138695,53.060606308977746,-9.549196800597672,-1.3882315642805167
2025-06-01,45.52246279961913,50.99117698205822,-5.468714182439094,1.2074343655019344,1.0558312892446562,2.081878886815601,43.15589144323533,47.88903415600292,48.921747655138695,53.060606308977746,-9.549196800597672,-1.3882315642805167
2025-06-02,45.397978500072995,50.90746814276588,-5.509489642692885,1.2249172616605621,1.1626435899142253,2.22812647876751,42.99714066721829,47.7988163329277,48.628686706534,53.18624957899776,-9.876617541077206,-1.1423617443085652
2025-06-03,45.64508761513335,50.484426468538075,-4.83933885340472,1.2065894578121492,1.3557668513840668,2.415627191230842,43.280172277821535,48.01000295244516,47.82712343982531,53.14172949725084,-9.573968148217169,-0.10470955859226994
2025-06-04,45.662363627247544,50.461862100481234,-4.799498473233689,1.18999194909066,1.3386299610724601,2.3849950593973652,43.32997940702985,47.994747847465234,47.83814737677921,53.085576824183256,-9.474088789652525,-0.12490815681485401
2025-06-05,45.662363627247544,50.46186210048123,-4.799498473233689,1.18999194909066,1.3386299610724601,2.3849950593973652,43.32997940702985,47.994747847465234,47.838147376779204,53.08557682418325,-9.474088789652525,-0.12490815681485401
2025-06-06,45.07828987413337,50.91792652936196,-5.839636655228584,1.6797705982696445,1.577528820741576,3.1525503033871236,41.785939501524865,48.37064024674187,47.82597004070847,54.009883018015444,-12.018635249867346,0.33936193941017834
2025-06-07,45.07828987413336,50.91792652936195,-5.839636655228583,1.6797705982696445,1.5775288207415759,3.1525503033871236,41.78593950152486,48.370640246741864,47.82597004070846,54.00988301801544,-12.018635249867344,0.3393619394101792
2025-06-08,45.04319739733512,51.06796743209593,-6.0247700347608095,1.5875004485405804,1.5529527524643267,3.0251743839132774,41.93169651819558,48.15469827647466,48.02418003726584,54.11175482692601,-11.954111827230832,-0.09542824229078573
2025-06-09,44.653049975287814,50.820974707433066,-6.167924732145247,2.0326334131294392,2.4603665387028064,4.328941216525743,40.66908848555411,48.637011465021516,45.998656291575564,55.64329312329057,-14.652649516535702,2.316800052245208
2025-06-10,44.653049975287814,50.820974707433066,-6.167924732145247,2.0326334131294392,2.4603665387028064,4.328941216525743,40.66908848555411,48.637011465021516,45.998656291575564,55.64329312329057,-14.652649516535702,2.316800052245208
2025-06-11,44.597878729837404,50.859938995348216,-6.262060265510809,1.843833525628311,2.230290311249982,3.9253679816970273,40.98396501960592,48.21179244006889,46.488569985298255,55.231308005398176,-13.955781509636981,1.4316609786153647
2025-06-12,44.37226872959421,51.23092952256618,-6.858660792971964,1.713964412212538,2.1364150071657706,3.7164435943592724,41.012898481657636,47.731638977530785,47.043556108521265,55.41830293661109,-14.142890237916138,0.4255686519722097
2025-06-13,44.37226872959421,51.23092952256618,-6.858660792971965,1.713964412212538,2.1364150071657706,3.7164435943592724,41.012898481657636,47.731638977530785,47.043556108521265,55.41830293661109,-14.142890237916138,0.42556865197220883
2025-06-14,44.51714492578278,51.10561534312796,-6.588470417345177,1.5665243462494418,1.9159537265281783,3.3467270319667133,41.44675720713387,47.58753264443169,47.35034603913273,54.860884647123186,-13.148055399999935,-0.028885434690419487
2025-06-15,44.421583801919105,51.35185016516076,-6.930266363241654,1.4877463091310494,1.8606000543806076,3.2087227735871973,41.50560103602225,47.33756656781596,47.70507405857477,54.99862627174675,-13.219362999472562,-0.6411697270107473
2025-06-16,44.820099932069255,51.396705684422145,-6.576605752352886,1.6376329062343464,1.5904553136938757,2.949504655322537,41.61033943584994,48.02986042828857,48.27941326958215,54.51399809926214,-12.357634876785058,-0.7955766279207133
2025-06-17,44.79257234608943,51.65742617470163,-6.864853828612198,1.5132153662339953,1.6917468683390346,2.8094793940927207,41.8266702282708,47.75847446390806,48.34160231275712,54.973250036646135,-12.371433441033929,-1.3582742161904653
2025-06-18,44.98487512122885,51.59461728939742,-6.609742168168568,1.586727847766853,1.6612762739583744,2.846779323662315,41.87488853960582,48.09486170285189,48.338515792439004,54.850718786355834,-12.189429642546706,-1.0300546937904302
2025-06-19,45.519347154458856,51.17427036551792,-5.654923211059066,1.964246403992353,1.8511237382686443,3.5217284787573098,41.66942420263384,49.36927010628387,47.54606783851138,54.80247289252446,-12.557511029423393,1.2476646073052606
2025-06-20,45.37797748293553,51.313320975425164,-5.935343492489638,1.9488101366230155,1.84225003300849,3.5192195902960854,41.558309615154414,49.19764535071664,47.70251091072852,54.92413104012181,-12.833013889469965,0.9623269044906895
2025-06-21,45.37797748293553,51.313320975425164,-5.935343492489638,1.9488101366230155,1.84225003300849,3.5192195902960854,41.558309615154414,49.19764535071664,47.70251091072852,54.92413104012181,-12.833013889469965,0.9623269044906895
2025-06-22,45.21214450327493,51.50622651784896,-6.294082014574031,1.9971644285799097,1.905742053608561,3.65808576894192,41.297702223258305,49.12658678329155,47.77097209277618,55.24148094292174,-13.463930121700194,0.8757660925521318
2025-06-23,45.0430742770301,51.60054057305961,-6.557466296029507,2.0075405606431036,1.8601783792738857,3.632072433260271,41.108294778169615,48.97785377589059,47.954590949682796,55.246490196436426,-13.676328265219638,0.5613956731606242
2025-06-24,45.04742092868333,51.74991475838874,-6.702493829705413,1.8627816748539994,1.7920221450113871,3.419367881633642,41.39636884596949,48.69847301139717,48.23755135416642,55.26227816261106,-13.404454877707352,-5.327817034750382e-4
2025-06-25,44.9648590915787,51.568608228249225,-6.60374913667052,1.5842000903877214,1.6746155653817274,2.9679760117472416,41.85982691441877,48.06989126873864,48.28636172010104,54.85085473639741,-12.420982119695113,-0.7865161536459269
2025-06-26,44.971628651333404,51.51146609798736,-6.5398374466539595,1.5245103575070615,1.6383915083681422,2.9054686882488108,41.98358835061956,47.959668952047245,48.3002187415858,54.722713454388916,-12.23455607562163,-0.8451188176862905
2025-06-27,44.971628651333404,51.51146609798736,-6.5398374466539595,1.5245103575070615,1.6383915083681422,2.9054686882488108,41.98358835061956,47.959668952047245,48.3002187415858,54.722713454388916,-12.23455607562163,-0.8451188176862905
2025-06-28,44.971628651333404,51.51146609798736,-6.5398374466539595,1.5245103575070615,1.6383915083681422,2.9054686882488108,41.98358835061956,47.959668952047245,48.3002187415858,54.722713454388916,-12.23455607562163,-0.8451188176862905
2025-06-29,44.958687997866434,51.491840944201975,-6.533152946335547,1.4697633019320058,1.5691025858946361,2.7865706983603875,42.077951926079706,47.83942406965316,48.41639987584849,54.56728201255546,-11.994831515121906,-1.0714743775491877
2025-06-30,45.035773760207206,51.51056261859506,-6.474788858387857,1.3441209674718098,1.4689171854052407,2.5712072193355997,42.40129666396246,47.67025085645195,48.63148493520079,54.38964030198933,-11.514355008285634,-1.4352227084900813
2025-07-01,45.035773760207206,51.51056261859506,-6.474788858387857,1.3441209674718098,1.4689171854052407,2.5712072193356,42.40129666396246,47.67025085645195,48.63148493520079,54.38964030198933,-11.514355008285634,-1.4352227084900804
2025-07-02,45.02522207617112,51.49524486790987,-6.47002279173875,1.3367672358187797,1.462631345658433,2.5519419015848412,42.40515829396631,47.64528585837593,48.62848743041934,54.362002305400395,-11.471828918845038,-1.468216664632462
2025-07-03,45.02522207617112,51.49524486790987,-6.47002279173875,1.3367672358187799,1.462631345658433,2.5519419015848417,42.40515829396631,47.64528585837593,48.62848743041934,54.362002305400395,-11.47182891884504,-1.468216664632461
2025-07-04,45.02522207617112,51.49524486790987,-6.470022791738749,1.3367672358187797,1.4626313456584328,2.5519419015848412,42.40515829396631,47.64528585837593,48.62848743041934,54.362002305400395,-11.471828918845038,-1.468216664632461
2025-07-05,45.02522207617112,51.49524486790987,-6.47002279173875,1.3367672358187797,1.4626313456584328,2.5519419015848412,42.40515829396631,47.64528585837593,48.62848743041934,54.362002305400395,-11.471828918845038,-1.468216664632462
2025-07-06,44.77464126175649,51.69259036996947,-6.917949108212978,1.4594282869695332,1.488436689145109,2.7323960280571034,41.91416181929621,47.635120704216774,48.77525445924506,54.609926280693884,-12.2734453232049,-1.5624528932210557
2025-07-07,44.59870637050352,51.78747929565367,-7.188772925150152,1.4831735184539803,1.4480000140134188,2.727539128440133,41.69168627433372,47.50572646667332,48.94939926818736,54.62555932311997,-12.534749616892814,-1.8427962334074914
2025-07-08,44.58460399089946,51.79739842901292,-7.2127944381134625,1.3192145791379855,1.287698755919964,2.4254606056184183,41.99894341578901,47.17026456600991,49.273508867409795,54.32128799061605,-11.966697225125563,-2.4588916511013625
2025-07-09,44.58460399089946,51.797398429012915,-7.2127944381134625,1.3192145791379855,1.287698755919964,2.4254606056184183,41.99894341578901,47.17026456600991,49.27350886740979,54.32128799061604,-11.966697225125563,-2.4588916511013625
2025-07-10,44.54086064553397,51.515085560064506,-6.974224914530538,1.278913302342217,1.329832228898807,2.4330817799169564,42.034190572943224,47.04753071812471,48.908614391422844,54.12155672870617,-11.743065203167772,-2.205384625893304
2025-07-11,44.540860645533975,51.51508556006451,-6.97422491453054,1.278913302342217,1.329832228898807,2.4330817799169564,42.03419057294323,47.04753071812472,48.90861439142285,54.121556728706175,-11.743065203167774,-2.2053846258933056
2025-07-12,44.540860645533975,51.51508556006451,-6.974224914530539,1.278913302342217,1.329832228898807,2.4330817799169564,42.03419057294323,47.04753071812472,48.90861439142285,54.121556728706175,-11.743065203167774,-2.2053846258933048
2025-07-13,44.5709041762587,51.478943183887786,-6.908039007629086,1.2020477872281992,1.2488788767337617,2.2831408530989976,42.21489051329143,46.92691783922597,49.03114058548961,53.92674578228596,-11.382995079703122,-2.433082935555051
2025-07-14,44.27548463906783,51.837527671084544,-7.5620430320167165,1.0485028122350228,1.1320535268062593,2.0493146016393307,42.22041912708718,46.33055015104847,49.61870275854427,54.056352583624815,-11.578699651229805,-3.5453864128036283
2025-07-15,44.27548463906782,51.83752767108454,-7.562043032016716,1.0485028122350228,1.1320535268062593,2.0493146016393307,42.220419127087176,46.33055015104846,49.618702758544266,54.05635258362481,-11.578699651229805,-3.5453864128036274
2025-07-16,44.32260520635251,51.92307206695053,-7.6004668605980195,0.986644442396549,1.0450088532394595,1.8973032771578069,42.38878209925528,46.256428313449746,49.87485471460119,53.97128941929987,-11.319181283827321,-3.8817524373687182
2025-07-17,44.32260520635251,51.92307206695053,-7.6004668605980195,0.9866444423965491,1.0450088532394595,1.8973032771578069,42.38878209925528,46.256428313449746,49.87485471460119,53.97128941929987,-11.319181283827321,-3.8817524373687182
2025-07-18,44.32260520635251,51.92307206695053,-7.6004668605980195,0.986644442396549,1.0450088532394595,1.8973032771578067,42.38878209925528,46.256428313449746,49.87485471460119,53.97128941929987,-11.31918128382732,-3.8817524373687187
2025-07-19,44.26313848446831,51.912695928743034,-7.649557444274722,0.953777243779519,0.9964446153461528,1.8094682084951559,42.39373508666045,46.132541882276165,49.95966448266457,53.865727374821496,-11.196115132925227,-4.102999755624216
2025-07-20,44.1656058076963,52.06609957604302,-7.900493768346721,1.0148075886817938,0.9976114489542524,1.8930663167615078,42.176582933879985,46.15462868151262,50.11078113609269,54.021418015993355,-11.610903749199277,-4.190083787494165
2025-07-21,44.192394422299806,52.272969360396296,-8.080574938096488,0.908491832965229,1.114918099178375,1.8087250926083671,42.411750429687956,45.973038414911656,50.087729886006684,54.45820883478591,-11.625676119608887,-4.535473756584088
2025-07-22,44.26909219029307,51.96201257265342,-7.692920382360345,0.9243418393154247,1.3983955051219987,2.122485667023578,42.45738218523484,46.0808021953513,49.2211573826143,54.70286776269254,-11.852992289726558,-3.5328484749941325
2025-07-23,44.27701018756169,51.95489743816678,-7.677887250605088,0.9191545496173779,1.3888086781860889,2.1095798388098115,42.47546727031163,46.07855310481175,49.232832428922045,54.67696244741152,-11.812663734672318,-3.5431107665378576
2025-07-24,44.40169356058472,51.86128500232609,-7.459591441741372,0.9560680495140499,1.3640238742782032,2.139144955429156,42.52780018353718,46.275586937632255,49.187798208740816,54.53477179591137,-11.652315554382518,-3.2668673291002257
2025-07-25,44.40169356058472,51.86128500232609,-7.459591441741372,0.9560680495140499,1.3640238742782034,2.139144955429156,42.52780018353718,46.275586937632255,49.187798208740816,54.53477179591137,-11.652315554382518,-3.2668673291002257
2025-07-26,44.40169356058472,51.861285002326085,-7.459591441741371,0.9560680495140499,1.3640238742782032,2.139144955429156,42.52780018353718,46.275586937632255,49.18779820874081,54.53477179591136,-11.652315554382518,-3.266867329100225
2025-07-27,44.4319915017615,51.81295728494514,-7.380965783183646,0.9173337129501993,1.3198264268095783,2.0629586225232655,42.63401742437911,46.229965579143894,49.226097488398366,54.39981708149192,-11.424364683329246,-3.337566883038045
2025-07-28,44.40045522728369,51.82714533600829,-7.426690108724594,0.8648930691623353,1.2401333383230333,1.9354096962056306,42.70526481172551,46.09564564284187,49.39648399289515,54.25780667912144,-11.220093113287628,-3.6332871041615578
2025-07-29,44.101830302590145,52.06283540561511,-7.961005103024959,1.2177743108842074,1.423269345108218,2.500698796396359,41.7149926532571,46.48866795192319,49.273227489203,54.85244332202722,-12.862374743961823,-3.059635462088096
2025-07-30,44.10183030259015,52.06283540561511,-7.961005103024959,1.2177743108842074,1.423269345108218,2.500698796396359,41.714992653257106,46.4886679519232,49.273227489203,54.85244332202722,-12.862374743961823,-3.059635462088096
2025-07-31,44.32583977653524,51.88158216767963,-7.55574239114439,1.1873220044459019,1.3326068190723839,2.4016086282503726,41.998688647821275,46.652990905249204,49.26967280229776,54.4934915330615,-12.262895302515119,-2.8485894797736604
2025-08-01,44.32583977653524,51.881582167679625,-7.55574239114439,1.1873220044459019,1.3326068190723839,2.4016086282503726,41.998688647821275,46.652990905249204,49.269672802297755,54.493491533061494,-12.262895302515119,-2.8485894797736604
2025-08-02,44.32583977653524,51.881582167679625,-7.55574239114439,1.1873220044459019,1.3326068190723837,2.4016086282503726,41.998688647821275,46.652990905249204,49.269672802297755,54.493491533061494,-12.262895302515119,-2.8485894797736604
2025-08-03,44.177901045447165,52.01228329969607,-7.834382254248908,1.2280278321505882,1.3380211260736552,2.457647667777828,41.77096649443201,46.58483559646232,49.38976189259171,54.63480470680044,-12.651371683093451,-3.0173928254043654
2025-08-04,44.08948145653828,52.14302138630553,-8.053539929767249,1.220277707501731,1.362451132215182,2.481350323882109,41.697737149834886,46.481225763241675,49.47261716716377,54.813425605447286,-12.916986564576183,-3.1900932949583147
2025-08-05,44.08948145653828,52.14302138630553,-8.053539929767249,1.220277707501731,1.362451132215182,2.4813503238821095,41.697737149834886,46.481225763241675,49.47261716716377,54.813425605447286,-12.916986564576185,-3.190093294958314
2025-08-06,44.08948145653828,52.14302138630553,-8.053539929767249,1.220277707501731,1.362451132215182,2.481350323882109,41.697737149834886,46.481225763241675,49.47261716716377,54.813425605447286,-12.916986564576183,-3.1900932949583147
2025-08-07,44.309130309502024,52.09811270870015,-7.788982399198124,1.2585572337057154,1.2584278227962342,2.390128237318431,41.84235813143882,46.775902487565226,49.63159417601953,54.564631241380766,-12.473633744342248,-3.1043310540539997
2025-08-08,44.309130309502024,52.09811270870014,-7.788982399198123,1.2585572337057154,1.2584278227962342,2.390128237318431,41.84235813143882,46.775902487565226,49.631594176019526,54.56463124138076,-12.473633744342248,-3.104331054053999
2025-08-09,44.30913030950202,52.09811270870014,-7.788982399198123,1.2585572337057154,1.2584278227962342,2.390128237318431,41.842358131438814,46.77590248756522,49.631594176019526,54.56463124138076,-12.473633744342248,-3.104331054053999
2025-08-10,44.10139238404904,52.117615539532466,-8.016223155483429,1.294896791509934,1.1728452454867542,2.307604619356109,41.56339467268957,46.639390095408515,49.81883885837843,54.416392220686504,-12.539128209421403,-3.493318101545455
2025-08-11,44.06192651279756,52.1304927056124,-8.068566192814835,1.151146938280642,1.065578248040649,2.0685427977542155,41.805678513767504,46.31817451182762,50.041959339452724,54.21902607177207,-12.122910076413097,-4.0142223092165725
2025-08-12,44.06192651279756,52.1304927056124,-8.068566192814835,1.151146938280642,1.065578248040649,2.0685427977542155,41.805678513767504,46.31817451182762,50.041959339452724,54.21902607177207,-12.122910076413097,-4.0142223092165725
2025-08-13,44.102737025772576,52.1561800898694,-8.053443064096827,1.1334928783133542,1.0421138366104503,2.0137481985433077,41.8810909842784,46.32438306726675,50.11363697011292,54.19872320962588,-12.00038953324171,-4.106496594951944
2025-08-14,43.99373255845028,52.45327714846429,-8.459544590014008,1.0207844855567467,1.100807189586437,1.9416197142500544,41.992994966759056,45.99447015014151,50.29569505687487,54.610859240053706,-12.265119229944116,-4.653969950083901
2025-08-15,43.99373255845028,52.453277148464295,-8.459544590014008,1.0207844855567467,1.100807189586437,1.9416197142500544,41.992994966759056,45.99447015014151,50.29569505687488,54.61085924005371,-12.265119229944116,-4.653969950083901
2025-08-16,43.99373255845028,52.45327714846429,-8.459544590014008,1.0207844855567467,1.100807189586437,1.9416197142500544,41.992994966759056,45.99447015014151,50.29569505687487,54.610859240053706,-12.265119229944116,-4.653969950083901
2025-08-17,44.9786424074698,51.653029608772385,-6.674387201302583,1.6018534241922924,1.3729347451192309,2.8270593603519645,41.839009696052905,48.11827511888669,48.962077508338695,54.343981709206076,-12.215423547592433,-1.1333508550127327
2025-08-18,44.772861713367234,51.82382373590621,-7.0509620225389735,1.527998419824219,1.2687901648559563,2.6623822014531937,41.77798481051177,47.7677386162227,49.336995012788535,54.310652459023885,-12.269231137387234,-1.8326929076907144
2025-08-19,44.77286171336724,51.82382373590621,-7.0509620225389735,1.527998419824219,1.2687901648559563,2.6623822014531937,41.777984810511775,47.76773861622271,49.336995012788535,54.310652459023885,-12.269231137387234,-1.8326929076907144
2025-08-20,44.6991886692165,51.99883311508103,-7.29964444586453,1.4701207476372502,1.3198061245855863,2.6432628326756378,41.81775200384749,47.580625334585505,49.41201311089328,54.58565311926878,-12.48043959790878,-2.11884929382028
2025-08-21,44.64363287839151,52.05389733114888,-7.410264452757372,1.2904487826955544,1.2279676777940245,2.365442404313867,42.11435326430822,47.172912492474794,49.647080682672595,54.46071397962517,-12.04653156521255,-2.7739973403021922
2025-08-22,44.6436328783915,52.053897331148875,-7.410264452757371,1.2904487826955542,1.2279676777940245,2.365442404313867,42.114353264308214,47.17291249247479,49.64708068267259,54.46071397962516,-12.04653156521255,-2.7739973403021914
2025-08-23,44.64363287839151,52.053897331148875,-7.410264452757372,1.2904487826955544,1.2279676777940245,2.365442404313867,42.11435326430822,47.172912492474794,49.64708068267259,54.46071397962516,-12.04653156521255,-2.7739973403021922
2025-08-24,44.6547552953771,52.078144370439645,-7.42338907506254,1.220617682731129,1.1679318323703862,2.2427154482371763,42.26234463722409,47.04716595353011,49.78899797899369,54.3672907618856,-11.819111353607406,-3.027666796517675
2025-08-25,43.819237187947046,52.555155455856735,-8.735918267909694,1.796337870318503,1.258713284828533,2.9205432885766727,40.29841496212278,47.340059413771314,50.088077417592814,55.022233494120655,-14.460183113519973,-3.011653422299416
2025-08-26,43.917119838828754,52.248319353133056,-8.331199514304302,1.6408455553211305,1.3250053850585892,2.7776978399058296,40.701062550399335,47.13317712725817,49.65130879841822,54.84532990784789,-13.775487280519728,-2.8869117480888757
2025-08-27,43.917119838828754,52.248319353133056,-8.3311995143043,1.6408455553211305,1.3250053850585892,2.7776978399058296,40.701062550399335,47.13317712725817,49.65130879841822,54.84532990784789,-13.775487280519727,-2.886911748088874
2025-08-28,44.19083328737668,52.15154275900408,-7.960709471627403,1.6408383239873043,1.2358847778036888,2.694809841740068,40.97479017236156,47.406876402391795,49.72920859450885,54.57387692349931,-13.242536761437936,-2.6788821818168698
2025-08-29,44.19083328737667,52.15154275900407,-7.960709471627403,1.6408383239873043,1.2358847778036888,2.694809841740068,40.97479017236155,47.40687640239179,49.72920859450884,54.573876923499306,-13.242536761437936,-2.6788821818168698
2025-08-30,44.19083328737668,52.15154275900408,-7.960709471627404,1.6408383239873043,1.2358847778036888,2.694809841740068,40.97479017236156,47.406876402391795,49.72920859450885,54.57387692349931,-13.242536761437938,-2.6788821818168707
2025-08-31,44.143969962594774,52.22450918623093,-8.080539223636158,1.4631144017427524,1.1094966678266338,2.40229968525881,41.27626573517898,47.01167419001057,50.04989571729073,54.399122655171134,-12.789046606743426,-3.3720318405288907
2025-09-01,44.70958466613831,51.12669014743592,-6.417105481297615,1.7978429751083784,2.469196063169828,4.106005941693282,41.18581243492589,48.23335689735073,46.287065863623056,55.96631443124879,-14.464877127016447,1.6306661644212168
2025-09-02,44.47292428376111,51.590140510945695,-7.117216227184584,1.7940690013794176,2.531338162804141,4.172247423036688,40.95654904105745,47.98929952646477,46.628717711849575,56.551563310041814,-15.294821176336491,1.0603887219673238
2025-09-03,44.47292428376111,51.590140510945695,-7.117216227184584,1.7940690013794176,2.531338162804141,4.172247423036689,40.95654904105745,47.98929952646477,46.628717711849575,56.551563310041814,-15.294821176336495,1.0603887219673256
2025-09-04,44.47292428376111,51.590140510945695,-7.117216227184585,1.7940690013794176,2.531338162804141,4.172247423036689,40.95654904105745,47.98929952646477,46.628717711849575,56.551563310041814,-15.294821176336495,1.0603887219673247
2025-09-05,44.47292428376111,51.590140510945695,-7.117216227184584,1.7940690013794176,2.531338162804141,4.172247423036689,40.95654904105745,47.98929952646477,46.628717711849575,56.551563310041814,-15.294821176336495,1.0603887219673256
2025-09-06,44.47292428376111,51.590140510945695,-7.117216227184585,1.7940690013794176,2.531338162804141,4.172247423036688,40.95654904105745,47.98929952646477,46.628717711849575,56.551563310041814,-15.294821176336493,1.060388721967323
2025-09-07,44.47292428376111,51.590140510945695,-7.117216227184584,1.7940690013794176,2.531338162804141,4.172247423036689,40.95654904105745,47.98929952646477,46.628717711849575,56.551563310041814,-15.294821176336495,1.0603887219673256
2025-09-08,44.05905762941279,51.78905577238132,-7.729998142968524,1.6423435711112744,2.2143008114290064,3.7057368113826317,40.84006423003469,47.27805102879089,47.449026181980464,56.12908536278217,-14.993242293278481,-0.46675399265856665
2025-09-09,44.26527066752028,51.78301005323421,-7.5177393857139325,1.5435552436029485,1.998096560832635,3.3732382595528145,41.239902390058496,47.29063894498206,47.86674079400224,55.699279312466174,-14.129286374437449,-0.9061923969904164
2025-09-10,44.26527066752028,51.783010053234214,-7.5177393857139325,1.5435552436029487,1.9980965608326353,3.373238259552815,41.239902390058496,47.29063894498206,47.86674079400225,55.69927931246618,-14.129286374437449,-0.9061923969904155
2025-09-11,44.613427098798496,51.6974680345632,-7.08404093576471,1.4708303825109534,1.7768547673910362,3.069189053029499,41.73059954907703,47.496254648519965,48.21483269047677,55.18010337864963,-13.099651479702528,-1.068430391826892
2025-09-12,44.613427098798496,51.69746803456321,-7.08404093576471,1.4708303825109534,1.776854767391036,3.069189053029499,41.73059954907703,47.496254648519965,48.214832690476776,55.18010337864964,-13.099651479702528,-1.068430391826892
2025-09-13,44.613427098798496,51.69746803456321,-7.084040935764711,1.4708303825109534,1.7768547673910362,3.069189053029499,41.73059954907703,47.496254648519965,48.214832690476776,55.18010337864964,-13.09965147970253,-1.068430391826893
2025-09-14,44.54204524825143,51.845232167871046,-7.3031869196196135,1.416288290970194,1.758322578380913,3.0069215602319055,41.76612019794985,47.317970298553014,48.39891991424446,55.29154442149763,-13.196753177674148,-1.4096206615650786
2025-09-15,44.409864712944795,52.01107992883906,-7.601215215894266,1.4140914439241552,1.7571970298048183,3.0200729206569603,41.63824548285345,47.18148394303614,48.56697375042162,55.4551861072565,-13.520558140381908,-1.6818722914066235
2025-09-16,44.79593666310731,51.66809707029258,-6.872160407185267,1.4291640250284305,1.6984164603892045,3.0036197731728116,41.99477517405159,47.597098152163035,48.33920080792974,54.99699333265542,-12.759255162603978,-0.9850656517665559
2025-09-17,44.79593666310731,51.66809707029258,-6.872160407185267,1.4291640250284305,1.6984164603892045,3.0036197731728116,41.99477517405159,47.597098152163035,48.33920080792974,54.99699333265542,-12.759255162603978,-0.9850656517665559
2025-09-18,44.69647995444457,51.757629677607284,-7.061149723162712,1.4590123624555185,1.7009107600303242,3.0415024732670632,41.83681572403175,47.55614418485739,48.42384458794785,55.09141476726672,-13.022494570766156,-1.0998048755592684
2025-09-19,44.67253732788278,51.7726048980627,-7.100067570179925,1.426353198714946,1.658888275458509,2.969849043255399,41.876885058401484,47.46818959736407,48.521183878164024,55.02402591796138,-12.920971694960507,-1.2791634453993428
2025-09-20,44.50245186536902,51.75647125271142,-7.254019387342402,1.4432814202886548,1.57188933763902,2.8519493345752807,41.673620281603256,47.33128344913478,48.67556815093894,54.8373743544839,-12.843840083109953,-1.6641986915748523
2025-09-21,44.01272319589798,52.02933250001765,-8.016609304119669,1.5893519061208488,1.4600134051108602,2.8649042616566343,40.89759345990112,47.12785293189485,49.16770622600037,54.890958774034935,-13.631821656966672,-2.401396951272666
2025-09-22,43.94383144004836,52.14453754347106,-8.2007061034227,1.4273646621880793,1.3644761665407767,2.6262147868962575,41.14619670215973,46.741466177937,49.47016425705114,54.81891082989098,-13.348087085739365,-3.0533251211060355
2025-09-23,43.943831440048356,52.14453754347105,-8.200706103422698,1.4273646621880793,1.3644761665407767,2.6262147868962575,41.14619670215972,46.74146617793699,49.47016425705113,54.818910829890974,-13.348087085739362,-3.0533251211060337
2025-09-24,44.11974006666151,52.22694163045136,-8.107201563789847,1.3643826048079013,1.2409750152371888,2.433745311936219,41.44555016123802,46.793929972084996,49.794630600586466,54.65925266031625,-12.877342375184835,-3.3370607523948577
2025-09-25,44.11974006666151,52.22694163045136,-8.107201563789848,1.3643826048079013,1.2409750152371888,2.433745311936219,41.44555016123802,46.793929972084996,49.794630600586466,54.65925266031625,-12.877342375184838,-3.3370607523948594
2025-09-26,44.01037011391372,52.07605468363427,-8.065684569720547,1.2735247001045031,1.1867313407940487,2.2299206237258886,41.5142617017089,46.50647852611855,49.750061255677934,54.4020481115906,-12.436328992223288,-3.6950401472178056
2025-09-27,44.04926701990576,52.178689151977956,-8.129422132072195,1.1682669138474426,1.1101396299887893,2.0448939932045977,41.759463868764776,46.33907017104675,50.00281547719993,54.35456282675598,-12.137414358753206,-4.121429905391183
2025-09-28,43.85830808417052,52.379139498687195,-8.520831414516683,1.3594563201246106,1.2332298060162374,2.399292949349426,41.19377369672628,46.52284247161475,49.96200907889537,54.79626991847902,-13.223445595241559,-3.818217233791808
2025-09-29,43.825963226457475,52.45958668042906,-8.633623453971586,1.293057866217107,1.1930022629881603,2.2758799757562294,41.291569808671944,46.360356644243005,50.12130224497227,54.797871115885854,-13.094348206453795,-4.172898701489376
2025-09-30,43.93267645499966,52.43369495774662,-8.501018502746955,1.267987333741842,1.134678359398653,2.195657150521644,41.44742128086565,46.41793162913367,50.209725373325256,54.65766454216798,-12.804506517769378,-4.197530487724533
2025-10-01,44.245428388111705,52.22807374868177,-7.9826453605700705,1.4883085643774,1.2162430721329027,2.536338013851233,41.328343601932005,47.162513174291405,49.844237327301286,54.61191017006226,-12.953867867718486,-3.011422853421654
2025-10-02,44.132766622506686,52.32420467429426,-8.191438051787571,1.3946790936641373,1.1415202466305838,2.3844898034955984,41.399195598924976,46.8663376460884,50.086824990898315,54.5615843576902,-12.865038066638945,-3.5178380369361983
2025-10-03,44.132766622506686,52.32420467429426,-8.191438051787571,1.3946790936641371,1.1415202466305838,2.3844898034955984,41.399195598924976,46.8663376460884,50.086824990898315,54.5615843576902,-12.865038066638945,-3.5178380369361983
2025-10-04,44.13276662250668,52.32420467429425,-8.191438051787571,1.3946790936641373,1.1415202466305838,2.3844898034955984,41.39919559892497,46.86633764608839,50.08682499089831,54.561584357690194,-12.865038066638945,-3.5178380369361983
2025-10-05,44.14490606642545,52.35593652033902,-8.211030453913565,1.3062451961115842,1.097685956008602,2.261049521596069,41.584665482046745,46.70514665080415,50.20447204656216,54.50740099411588,-12.64268751624186,-3.7793733915852705
2025-10-06,44.40237537602363,52.24117287055401,-7.8387974945303815,1.4162611914884777,1.3239906702044308,2.6481306923424848,41.62650344070621,47.178247311341046,49.64615115695332,54.8361945841547,-13.02913365152165,-2.6484613375391115
2025-10-07,44.40237537602363,52.24117287055401,-7.838797494530382,1.416261191488478,1.3239906702044308,2.648130692342485,41.62650344070621,47.178247311341046,49.64615115695332,54.8361945841547,-13.029133651521654,-2.6484613375391115
2025-10-08,44.39962087894562,52.23112779466611,-7.831506915720492,1.3980435082337497,1.3081742218299015,2.6139865672372125,41.65945560280747,47.13978615508377,49.6671063198795,54.795149269452715,-12.954920587505429,-2.708093243935556
2025-10-09,44.687985588268376,51.902416734082045,-7.214431145813675,1.462329420387594,1.4572879758136557,2.8443265292862896,41.82181992430869,47.55415125222806,49.04613230148728,54.75870116667681,-12.789311143214803,-1.639551148412548
2025-10-10,44.687985588268376,51.902416734082045,-7.214431145813675,1.462329420387594,1.4572879758136557,2.84432652928629,41.82181992430869,47.55415125222806,49.04613230148728,54.75870116667681,-12.789311143214803,-1.6395511484125471
2025-10-11,44.687985588268376,51.902416734082045,-7.214431145813675,1.462329420387594,1.4572879758136557,2.8443265292862896,41.82181992430869,47.55415125222806,49.04613230148728,54.75870116667681,-12.789311143214803,-1.639551148412548
2025-10-12,44.31581631536889,52.064510673081806,-7.748694357712912,1.5760603663768407,1.4781329186906527,2.8987337044875168,41.226737997270284,47.4048946334675,49.16737015244813,54.96165119371548,-13.430212418508445,-2.0671762969173795
2025-10-13,44.32194539266457,52.08739072497654,-7.76544533231197,1.489088004458976,1.4011493590774766,2.742700087400312,41.403332903924976,47.24055788140416,49.34113798118468,54.83364346876839,-13.14113750361658,-2.3897531610073584
2025-10-14,44.400146052378076,52.03335106970952,-7.633205017331441,1.393180246909245,1.305063180690652,2.562230553683005,41.66951276843596,47.130779336320195,49.47542723555584,54.591274903863194,-12.655176902550132,-2.611233132112752
2025-10-15,44.48164345068911,51.60003373967202,-7.1183902889829085,1.3350957158359018,1.7483957971799866,2.831657744894154,41.864855847650745,47.09843105372748,48.173177977199245,55.0268895021448,-12.66843946897545,-1.5683411089903672
2025-10-16,44.47629055426863,51.57849746817091,-7.102206913902281,1.8248093925910858,1.7402657387684572,3.331284389305793,40.8996641447901,48.05291696374716,48.16757662018473,54.989418316157085,-13.631524316941636,-0.5728895108629262
2025-10-17,44.47629055426864,51.578497468170916,-7.102206913902281,1.8248093925910858,1.7402657387684572,3.331284389305793,40.89966414479011,48.052916963747165,48.16757662018474,54.98941831615709,-13.631524316941636,-0.5728895108629262
2025-10-18,44.47629055426864,51.578497468170916,-7.102206913902281,1.8248093925910858,1.7402657387684572,3.331284389305793,40.89966414479011,48.052916963747165,48.16757662018474,54.98941831615709,-13.631524316941636,-0.5728895108629262
2025-10-19,44.45474109459184,51.62860341176235,-7.173862317170511,1.7323327047761061,1.6522756734003043,3.161484615999671,41.05936899323067,47.85011319595301,48.390143091897755,54.86706373162694,-13.370372164529865,-0.977352469811156
2025-10-20,44.33365343192963,51.97787475845655,-7.644221326526916,1.4972831077486595,1.4968785176992527,2.802639898614972,41.39897854074226,47.268328323117004,49.043992863766015,54.91175665314709,-13.13739552781226,-2.151047125241571
2025-10-21,44.33365343192964,51.97787475845655,-7.644221326526916,1.4972831077486595,1.4968785176992527,2.802639898614972,41.39897854074227,47.26832832311701,49.043992863766015,54.91175665314709,-13.13739552781226,-2.151047125241571
2025-10-22,44.33365343192963,51.97787475845655,-7.644221326526915,1.4972831077486595,1.4968785176992525,2.802639898614972,41.39897854074226,47.268328323117004,49.043992863766015,54.91175665314709,-13.13739552781226,-2.15104712524157
2025-10-23,44.35813800387492,52.07105588198556,-7.71291787811064,1.414239626148723,1.4367972384981926,2.6511959000949545,41.58622833662342,47.13004767112642,49.2549332945291,54.88717846944201,-12.90926184229675,-2.516573913924529
2025-10-24,44.35813800387491,52.07105588198556,-7.712917878110639,1.414239626148723,1.4367972384981926,2.6511959000949545,41.586228336623414,47.13004767112641,49.2549332945291,54.88717846944201,-12.90926184229675,-2.5165739139245282
2025-10-25,44.35813800387491,52.07105588198555,-7.712917878110639,1.414239626148723,1.4367972384981926,2.6511959000949545,41.586228336623414,47.13004767112641,49.254933294529096,54.887178469442006,-12.90926184229675,-2.5165739139245282
2025-10-26,44.310448896951236,52.08573835452191,-7.775289457570669,1.3603912279284904,1.3716204558433143,2.539532561569466,41.6440820902114,46.976815703691074,49.39736226106901,54.7741144479748,-12.752773278246822,-2.797805636894516
2025-10-27,44.01476234804819,52.43343974604819,-8.418677398,1.3981685916687847,1.451681741955383,2.6982503187763394,41.27435190837737,46.755172787719005,49.58814353181564,55.278735960280734,-13.707248022801625,-3.130106773198375
2025-10-28,43.775160865676646,52.83809228642241,-9.062931420745763,1.3719556929880623,1.4446788754634603,2.676556971591502,41.08612770742005,46.464194023933246,50.00652169051403,55.66966288233079,-14.308983085065107,-3.8168797564264185
2025-10-29,43.560886002354046,53.01547605379806,-9.454590051444013,1.3902578058894446,1.3927371248663072,2.658942153293781,40.83598070281074,46.285791301897355,50.285711289060096,55.745240818536026,-14.666116671899823,-4.243063430988203
2025-10-30,43.49592118886271,52.94439703997776,-9.448475851115052,1.2896480049523944,1.3756485092075825,2.526738894808409,40.968211099156015,46.023631278569404,50.248125961930896,55.64066811802462,-14.400884084939534,-4.496067617290571
2025-10-31,43.49592118886271,52.944397039977765,-9.448475851115052,1.2896480049523944,1.3756485092075825,2.526738894808409,40.968211099156015,46.023631278569404,50.2481259619309,55.64066811802463,-14.400884084939534,-4.496067617290571
2025-11-01,43.49592118886271,52.944397039977765,-9.448475851115052,1.2896480049523944,1.3756485092075825,2.526738894808409,40.968211099156015,46.023631278569404,50.2481259619309,55.64066811802463,-14.400884084939534,-4.496067617290571
2025-11-02,43.45158061796929,52.9972650871892,-9.545684469219905,1.2500526440994777,1.3342111952302373,2.4518287148719637,41.00147743553431,45.90168380040427,50.38221114453793,55.612319029840464,-14.351268750368954,-4.740100188070857
2025-11-03,43.356244564456716,53.071266499085624,-9.715021934628911,1.231529706030893,1.278447835052337,2.3781143850794093,40.94244634063617,45.770042788277266,50.565508742383045,55.5770242557882,-14.376126129384552,-5.0539177398732695
2025-11-04,42.958736032725064,53.02683810802008,-10.06810207529501,1.4784581974811928,1.1878720121595117,2.34412170614696,40.06095796566193,45.8565140997882,50.698608964187436,55.355067251852724,-14.662580619343053,-5.473623531246969
2025-11-05,42.95873603272507,53.02683810802008,-10.06810207529501,1.4784581974811928,1.1878720121595117,2.34412170614696,40.060957965661935,45.85651409978821,50.698608964187436,55.355067251852724,-14.662580619343053,-5.473623531246969
2025-11-06,42.570687027858504,53.246870224237625,-10.676183196379124,1.3924278853620913,1.0524915907410743,2.1814287119533207,39.84152837254881,45.2998456831682,51.18398670638512,55.30975374209013,-14.951783471807634,-6.400582920950616
2025-11-07,42.5706870278585,53.246870224237625,-10.676183196379123,1.3924278853620913,1.0524915907410743,2.1814287119533207,39.8415283725488,45.29984568316819,51.18398670638512,55.30975374209013,-14.95178347180763,-6.400582920950614
2025-11-08,42.570687027858504,53.246870224237625,-10.676183196379123,1.3924278853620913,1.0524915907410743,2.1814287119533207,39.84152837254881,45.2998456831682,51.18398670638512,55.30975374209013,-14.95178347180763,-6.400582920950614
2025-11-09,42.41684703841225,53.55312376981578,-11.136276731403528,1.3632632186549911,1.260290127275196,2.366196831732958,39.74485112984847,45.08884294697603,51.082955120356395,56.02329241927516,-15.774022521600127,-6.498530941206931
2025-11-10,42.51787288092525,53.64496542989039,-11.12709254896514,1.4406350178963707,1.2599926218143545,2.472872061615925,39.694228245848365,45.34151751600214,51.175379891134256,56.114550968646526,-15.973921789732351,-6.280263308197926
2025-11-11,42.51457663151795,53.6703366689768,-11.155760037458858,1.4009091376102683,1.2297397502333463,2.40753039923886,39.768794721801825,45.26035854123407,51.260046758519444,56.08062657943416,-15.874519619967025,-6.4370004549506925
2025-11-12,42.454397590973365,53.75109696800675,-11.296699377033388,1.4171893514980223,1.2884097477243643,2.4913863365038704,39.67670646203724,45.23208871990949,51.22581386246699,56.276380073546505,-16.179816596580974,-6.413582157485802
2025-11-13,42.42270953929214,53.838515291470316,-11.415805752178175,1.4934052991138078,1.271218541894881,2.537378679108502,39.49563515302908,45.34978392555521,51.34692694935635,56.33010363358428,-16.389067963230836,-6.442543541125511
2025-11-14,42.26111059743958,54.10345536714111,-11.842344769701526,1.4938427024687524,1.468467417914135,2.7469601032459607,39.33317890060083,45.18904229427834,51.2252592280294,56.98165150625282,-17.22638657206361,-6.458302967339443
2025-11-15,42.26111059743958,54.10345536714111,-11.842344769701524,1.4938427024687522,1.4684674179141348,2.7469601032459607,39.33317890060083,45.18904229427834,51.2252592280294,56.98165150625282,-17.226386572063607,-6.458302967339441
2025-11-16,42.34453525802745,54.06005238230629,-11.715517124278843,1.4681939682316882,1.4316051284228766,2.6982295174026163,39.46687508029334,45.222195435761556,51.25410633059745,56.865998434015125,-17.004046978387972,-6.4269872701697155
2025-11-17,41.81565530603713,54.55976822392926,-12.744112917892128,1.548264525026148,1.371008412181084,2.7412996389625897,38.78105683698588,44.850253775088376,51.87259173605434,57.24694471180418,-18.117060210258803,-7.371165625525452
2025-11-18,41.81565530603714,54.55976822392926,-12.74411291789213,1.5482645250261482,1.371008412181084,2.7412996389625897,38.78105683698588,44.85025377508839,51.87259173605434,57.24694471180418,-18.117060210258806,-7.371165625525454
2025-11-19,41.81565530603713,54.55976822392926,-12.744112917892128,1.5482645250261482,1.371008412181084,2.7412996389625897,38.78105683698588,44.850253775088376,51.87259173605434,57.24694471180418,-18.117060210258803,-7.371165625525452
2025-11-20,41.61043054988005,54.51896265792827,-12.908532108048222,1.4629631840153348,1.3502488302376312,2.452847933745188,38.743022709209995,44.477838390550104,51.872474950662514,57.165450365194026,-17.71611405818879,-8.100950157907654
2025-11-21,41.60568364828695,55.092538932833975,-13.486855284547024,2.016859539908555,1.7287844696352606,2.727660181744058,37.652638950066184,45.55872834650771,51.704121372348865,58.480956493319084,-18.83306924076538,-8.14064132832867
2025-11-22,41.60568364828695,55.092538932833975,-13.486855284547024,2.016859539908555,1.7287844696352606,2.727660181744058,37.652638950066184,45.55872834650771,51.704121372348865,58.480956493319084,-18.83306924076538,-8.14064132832867
2025-11-23,41.680123143830514,54.98204811956907,-13.301924975738556,1.9854210069907317,1.744849959275281,2.763654017782662,37.78869797012868,45.57154831753235,51.56214219938952,58.401954039748624,-18.718686850592572,-7.885163100884539
2025-11-24,41.7799880503286,54.96124935679453,-13.181261306465936,1.9459736661276426,1.681943996076103,2.696987999262666,37.965879664718415,45.59409643593878,51.66463912448537,58.257859589103695,-18.46735778502076,-7.8951648279111115
2025-11-25,41.73215709637857,54.9195223666998,-13.18736527032123,1.9376373313324724,1.6751249731766622,2.6579126720745325,37.93438792696693,45.529926265790216,51.63627741927355,58.202767314126056,-18.396874107587315,-7.9778564330551465
2025-11-26,41.815127015302096,54.838817155778784,-13.023690140476685,1.8100208857106903,1.5675092066419851,2.5000910216927563,38.267486079309144,45.36276795129505,51.76649911076049,57.91113520079708,-17.923868542994487,-8.123511737958882
2025-11-27,41.815127015302096,54.83881715577878,-13.023690140476685,1.8100208857106905,1.5675092066419853,2.5000910216927568,38.267486079309144,45.36276795129505,51.766499110760485,57.91113520079707,-17.923868542994487,-8.123511737958882
2025-11-28,41.815127015302096,54.838817155778784,-13.023690140476685,1.8100208857106905,1.5675092066419853,2.5000910216927568,38.267486079309144,45.36276795129505,51.76649911076049,57.91113520079708,-17.923868542994487,-8.123511737958882
2025-11-29,41.815127015302096,54.83881715577878,-13.023690140476685,1.8100208857106903,1.5675092066419853,2.5000910216927568,38.267486079309144,45.36276795129505,51.766499110760485,57.91113520079707,-17.923868542994487,-8.123511737958882
2025-11-30,41.8926911787303,54.70305133862449,-12.810360159894188,1.7367515609278352,1.5477441699320376,2.465153877711773,38.488658119311744,45.29672423814886,51.6694727655577,57.73662991169128,-17.642061760209263,-7.978658559579113
2025-12-01,41.900306790015144,54.70029833125757,-12.79999154124243,1.6420013582811008,1.4659206010268626,2.332394441744405,38.68198412778418,45.118629452246104,51.82709395324492,57.57350270927022,-17.371484647061465,-8.228498435423397
2025-12-02,41.90030679001514,54.700298331257564,-12.799991541242429,1.6420013582811006,1.4659206010268624,2.332394441744405,38.681984127784176,45.1186294522461,51.82709395324491,57.573502709270215,-17.371484647061465,-8.228498435423395
2025-12-03,41.90030679001514,54.700298331257564,-12.799991541242429,1.6420013582811006,1.4659206010268624,2.332394441744405,38.681984127784176,45.1186294522461,51.82709395324491,57.573502709270215,-17.371484647061465,-8.228498435423395
2025-12-04,42.53455153326038,54.013018467094184,-11.478466933833804,1.8173909993860147,1.7678915306676704,3.101138886226324,38.972465174463785,46.09663789205697,50.54795106698555,57.47808586720282,-17.5566991508374,-5.400234716830209
2025-12-05,42.46743469399645,53.89502722414111,-11.42759253014465,1.666367488012134,1.6493992036156175,2.865345028568338,39.20135441749267,45.73351497050024,50.6622047850545,57.12784966322772,-17.043668786138593,-5.8115162741507085
2025-12-06,42.46743469399645,53.8950272241411,-11.42759253014465,1.666367488012134,1.6493992036156175,2.865345028568338,39.20135441749267,45.73351497050024,50.66220478505449,57.127849663227714,-17.043668786138593,-5.8115162741507085
2025-12-07,42.722449643845174,53.64166798188687,-10.919218338041695,1.585619905458919,1.5563361991159674,2.7684446676476844,39.61463462914569,45.83026465854466,50.591249031619576,56.69208693215416,-16.345369886631154,-5.493066789452234
2025-12-08,42.871401289908185,53.48196496333144,-10.610563673423261,1.4981747190746146,1.4395632018376556,2.611055559525749,39.93497884052194,45.80782373929443,50.66042108772964,56.30350883893325,-15.72823257009373,-5.4928947767527925
2025-12-09,42.871401289908185,53.48196496333145,-10.610563673423263,1.4981747190746146,1.4395632018376558,2.611055559525749,39.93497884052194,45.80782373929443,50.660421087729645,56.303508838933254,-15.72823257009373,-5.492894776752794
2025-12-10,43.056278189546795,53.29962968404416,-10.24335149449737,1.4534331466032206,1.3914350880707684,2.5590596094058,40.207549222204484,45.905007156889106,50.57241691142546,56.02684245666287,-15.259108328932736,-5.227594660062002
2025-12-11,42.76583381851746,53.47524393149124,-10.709410112973787,1.259878064913704,1.1947779747158986,2.158783912935635,40.2964728112866,45.235194825748316,51.13347910104808,55.8170087619344,-14.940626582327631,-6.478193643619942
2025-12-12,42.76583381851746,53.47524393149124,-10.709410112973787,1.259878064913704,1.1947779747158986,2.158783912935635,40.2964728112866,45.235194825748316,51.13347910104808,55.8170087619344,-14.940626582327631,-6.478193643619942
2025-12-13,42.7576875951679,53.47625568918278,-10.718568094014875,1.238605320971748,1.1837100205670854,2.1270918744715384,40.330021166063275,45.18535402427253,51.15618404887129,55.79632732949427,-14.88766816797909,-6.54946802005066
2025-12-14,42.75768759516791,53.47625568918278,-10.718568094014875,1.238605320971748,1.1837100205670854,2.1270918744715384,40.33002116606328,45.185354024272534,51.15618404887129,55.79632732949427,-14.88766816797909,-6.54946802005066
2025-12-15,42.846360913858035,53.490639568790336,-10.644278654932299,1.2798296681509522,0.8623140970432707,1.8300120163898983,40.33789476428217,45.3548270634339,51.80050393858553,55.18077519899514,-14.231102207056498,-7.057455102808098
2025-12-16,42.830505382509784,53.516534656294624,-10.68602927378484,1.2613665187740974,0.8555312229537597,1.8122728434506865,40.35822700571255,45.30278375930702,51.83969345930525,55.193375853283996,-14.238084046948185,-7.133974500621495
2025-12-17,42.83050538250979,53.51653465629463,-10.68602927378484,1.2613665187740974,0.8555312229537597,1.8122728434506865,40.358227005712564,45.30278375930702,51.83969345930526,55.193375853284,-14.238084046948185,-7.133974500621495
2025-12-18,43.13577125632041,53.31553865945743,-10.179767403137024,1.490725891156825,0.9979140593614899,2.258064399624871,40.21394850965304,46.057594002987784,51.35962710310891,55.27145021580595,-14.605573626401771,-5.753961179872277
2025-12-19,43.13577125632041,53.31553865945744,-10.179767403137024,1.4907258911568253,0.9979140593614899,2.258064399624871,40.21394850965304,46.057594002987784,51.35962710310892,55.271450215805956,-14.605573626401771,-5.753961179872277
2025-12-20,43.13008274138558,52.83433182530692,-9.704249083921338,1.4047319898351713,1.7346705108505385,2.5548285449597365,40.37680804130864,45.883357441462515,49.43437762403986,56.234286026573976,-14.711713032042422,-4.696785135800255
2025-12-21,43.060393336734755,52.68440005278513,-9.624006716050372,1.307412342006386,1.7239045804494453,2.408736247402429,40.49786514640224,45.62292152706727,49.305547075104215,56.06325303046604,-14.345129760959132,-4.902883671141612
2025-12-22,42.98765248389095,52.8245075222179,-9.836855038326954,1.2891068376223556,1.742279095958107,2.4517233228685877,40.46100308215113,45.514301885630765,49.40964049414001,56.23937455029579,-14.642232751149386,-5.031477325504522
2025-12-23,42.98765248389095,52.8245075222179,-9.836855038326956,1.2891068376223556,1.7422790959581071,2.4517233228685877,40.46100308215113,45.514301885630765,49.40964049414001,56.23937455029579,-14.642232751149388,-5.0314773255045235
2025-12-24,42.98765248389094,52.8245075222179,-9.836855038326954,1.2891068376223556,1.742279095958107,2.4517233228685873,40.46100308215112,45.51430188563076,49.40964049414001,56.23937455029579,-14.642232751149386,-5.031477325504523
2025-12-25,42.98765248389094,52.82450752221789,-9.836855038326954,1.2891068376223556,1.742279095958107,2.4517233228685873,40.46100308215112,45.51430188563076,49.40964049414001,56.23937455029578,-14.642232751149386,-5.031477325504523
2025-12-26,43.23799161187879,52.69900355327233,-9.461011941393533,1.4538930292429155,1.7037587626470776,2.6020160512985187,40.388361274562676,46.087621949194904,49.359636378484055,56.0383707280606,-14.56096340193863,-4.361060480848437
2025-12-27,43.23799161187879,52.69900355327233,-9.461011941393533,1.4538930292429157,1.7037587626470776,2.6020160512985187,40.388361274562676,46.087621949194904,49.359636378484055,56.0383707280606,-14.56096340193863,-4.361060480848437
2025-12-28,43.437712374917375,52.60089284448721,-9.163180469569841,1.5424792669122886,1.663648838343375,2.675647542148801,40.41445301176929,46.46097173806546,49.3401411213342,55.86164456764023,-14.40744965218149,-3.918911286958191
2025-12-29,43.285669761849974,52.70940421974008,-9.423734457890102,1.5189809188751318,1.5983676672730407,2.631703780540097,40.30846716085472,46.26287236284523,49.57660359188492,55.84220484759524,-14.581873867748692,-4.265595048031512
2025-12-30,43.285669761849974,52.70940421974007,-9.423734457890102,1.5189809188751318,1.5983676672730405,2.631703780540097,40.30846716085472,46.26287236284523,49.57660359188491,55.842204847595234,-14.581873867748692,-4.265595048031512
2025-12-31,43.285669761849974,52.70940421974008,-9.423734457890102,1.5189809188751318,1.5983676672730407,2.631703780540097,40.30846716085472,46.26287236284523,49.57660359188492,55.84220484759524,-14.581873867748692,-4.265595048031512
2026-01-01,43.10554750418229,52.919885386050666,-9.81433788186838,1.6555351513419703,1.7823500036243274,3.0292849847895806,39.86069860755203,46.35039640081255,49.426479378946986,56.413291393154346,-15.751736452055958,-3.8769393116808013
2026-01-02,43.10554750418229,52.919885386050666,-9.81433788186838,1.6555351513419703,1.7823500036243272,3.0292849847895806,39.86069860755203,46.35039640081255,49.426479378946986,56.413291393154346,-15.751736452055958,-3.8769393116808013
2026-01-03,43.10554750418229,52.919885386050666,-9.81433788186838,1.6555351513419703,1.7823500036243274,3.0292849847895806,39.86069860755203,46.35039640081255,49.426479378946986,56.413291393154346,-15.751736452055958,-3.8769393116808013
2026-01-04,43.22483438058046,52.87411299031856,-9.6492786097381,1.5590990115203984,1.6584455298145155,2.8335529889315993,40.16900031800048,46.280668443160444,49.623559751882105,56.12466622875501,-15.203042468044035,-4.095514751432166
2026-01-05,43.21460757937259,52.99679317140253,-9.782185592029938,1.4242277861873232,1.545311712880461,2.6108040417872362,40.42312111844544,46.00609404029974,49.96798221415683,56.02560412864823,-14.89936151393292,-4.665009670126955
2026-01-06,43.21460757937259,52.99679317140253,-9.782185592029938,1.4242277861873232,1.545311712880461,2.6108040417872362,40.42312111844544,46.00609404029974,49.96798221415683,56.02560412864823,-14.89936151393292,-4.665009670126955
2026-01-07,43.083318696525595,53.20652283300502,-10.123204136479423,1.3132295852545441,1.4606259070507976,2.459543884793295,40.50938870942669,45.6572486836245,50.343696055185454,56.06934961082458,-14.94391015067428,-5.302498122284565
2026-01-08,43.0833186965256,53.206522833005025,-10.123204136479423,1.3132295852545441,1.4606259070507976,2.459543884793295,40.509388709426695,45.65724868362451,50.34369605518546,56.06934961082459,-14.94391015067428,-5.302498122284565
2026-01-09,43.0833186965256,53.206522833005025,-10.123204136479423,1.3132295852545441,1.4606259070507976,2.459543884793295,40.509388709426695,45.65724868362451,50.34369605518546,56.06934961082459,-14.94391015067428,-5.302498122284565
2026-01-10,43.0833186965256,53.206522833005025,-10.123204136479423,1.3132295852545441,1.4606259070507976,2.459543884793295,40.509388709426695,45.65724868362451,50.34369605518546,56.06934961082459,-14.94391015067428,-5.302498122284565
2026-01-11,42.86690985527855,53.324898290690776,-10.457988435412224,1.389964269527238,1.4222285714276977,2.518029935085551,40.14257988700516,45.59123982355194,50.53733029069249,56.11246629068906,-15.393327108179903,-5.522649762644544
2026-01-12,43.192589893107126,53.02806284971399,-9.835472956606864,0.9661084561380013,1.3937486954011762,2.071780652004066,41.29901731907664,45.08616246713761,50.296315406727686,55.759810292700294,-13.896163034534833,-5.774782878678895
2026-01-13,42.907561009284855,53.45458253820386,-10.547021528919004,1.0820329611971362,1.5105843466215751,2.377104710763314,40.786776405338465,45.028345613231245,50.49383721882557,56.41532785758215,-15.206146762015099,-5.887896295822908
2026-01-14,43.13002852702338,53.43776393258617,-10.307735405562799,1.022040521846384,1.3294555881879724,2.12967643446917,41.12682910420447,45.133227949842286,50.832030979737745,56.0434968854346,-14.48190121712237,-6.133569594003226
2026-01-15,43.13002852702337,53.43776393258617,-10.307735405562799,1.022040521846384,1.3294555881879724,2.12967643446917,41.12682910420446,45.13322794984228,50.832030979737745,56.0434968854346,-14.48190121712237,-6.133569594003226
2026-01-16,43.13002852702338,53.43776393258617,-10.307735405562799,1.0220405218463837,1.3294555881879724,2.12967643446917,41.12682910420447,45.133227949842286,50.832030979737745,56.0434968854346,-14.48190121712237,-6.133569594003226
2026-01-17,42.75591751202972,53.6896997595669,-10.933782247537183,1.1835321370576717,1.2929518628263468,2.283142219128016,40.43619452339668,45.07564050066276,51.15551410842726,56.223885410706536,-15.408740997028094,-6.4588234980462715
2026-01-18,42.81995291856582,53.592960408515836,-10.773007489950018,1.1692805727852993,1.3014069549887095,2.287412212751014,40.528162995906634,45.111742841225,51.042202776737966,56.143718040293706,-15.256335426942005,-6.289679552958031
2026-01-19,42.77266208402057,53.59232897906391,-10.819666895043339,1.1349467693122701,1.200805508994806,2.1874380087203003,40.54816641616852,44.997157751872614,51.238750181434085,55.94590777669373,-15.107045392135127,-6.53228839795155
2026-01-20,42.734920877064546,53.719518215899036,-10.984597338834487,1.1125922570505347,1.287640673848551,2.235770346500324,40.5542400532455,44.91560170088359,51.195742495155876,56.243293936642196,-15.366707217975122,-6.602487459693852
2026-01-21,42.76741356761589,53.64380480532045,-10.876391237704555,1.0606821349562805,1.2353382288892367,2.153770946895362,40.68847658310158,44.8463505521302,51.22254187669755,56.06506773394335,-15.097782293619463,-6.655000181789646
2026-01-22,42.586192719644686,53.87968671344906,-11.293493993804377,1.0982878220455283,1.3643512862662743,2.305200358833395,40.43354858843545,44.73883685085392,51.205558192367164,56.55381523453096,-15.811686697117832,-6.775301290490923
2026-01-23,42.586192719644686,53.87968671344906,-11.293493993804377,1.0982878220455283,1.3643512862662743,2.305200358833395,40.43354858843545,44.73883685085392,51.205558192367164,56.55381523453096,-15.811686697117832,-6.775301290490923
2026-01-24,42.56181921895791,53.91871523391785,-11.356896014959938,1.084561236672217,1.3574508146078539,2.2825840491073786,40.43607919508036,44.687559242835455,51.258111637286454,56.57931883054925,-15.8307607512104,-6.883031278709476
2026-01-25,42.58596352493544,53.86834052356377,-11.282376998628333,1.0496103575538847,1.3236477523514616,2.219315682666765,40.528727224129824,44.64319982574105,51.2739909289549,56.46269011817263,-15.632235736655193,-6.932518260601474
2026-01-26,42.04591106322107,54.31107971430235,-12.26516865108128,1.3489550418641654,1.2914321378484623,2.5042550808575466,39.40195918116731,44.68986294527483,51.779872724119365,56.84228670448534,-17.17350860956207,-7.356828692600489
2026-01-27,42.0684712891213,54.31543587223436,-12.24696458311306,1.3350975872308404,1.2723490944461597,2.4690410112127257,39.45168001814885,44.68526256009375,51.82163164711989,56.809240097348834,-17.08628496509,-7.407644201136118
2026-01-28,42.02262426468733,54.419538302889194,-12.396914038201867,1.256817548182635,1.2242063603228748,2.3477730758624307,39.559261870249365,44.485986659125295,52.02009383665636,56.81898276912203,-16.998549266892233,-7.795278809511503
2026-01-29,42.077139409603525,54.35650112505269,-12.279361715449168,1.1945253226277162,1.1674705507745993,2.2375219300815523,39.7358697772532,44.41840904195385,52.06825884553447,56.6447434045709,-16.66490469840901,-7.893818732489326
2026-01-30,41.70650683854592,54.6071123349827,-12.900605496436784,1.3591930360319793,1.2164941331324977,2.4734398000139852,39.042488487923244,44.370525189168596,52.22278383404301,56.9914408359224,-17.748547504464195,-8.052663488409372
2026-01-31,41.70650683854591,54.607112334982695,-12.900605496436782,1.3591930360319793,1.2164941331324977,2.473439800013985,39.04248848792324,44.37052518916859,52.222783834043,56.99144083592239,-17.74854750446419,-8.052663488409372
2026-02-01,41.914663644206136,54.678479176783405,-12.763815532577265,1.3315509757193003,1.1767682459490207,2.227414066942542,39.304823731796304,44.52450355661597,52.37201341472333,56.98494493884348,-17.12954710378465,-8.398083961369881
2026-02-02,41.81385908381276,54.64062686499349,-12.82676778118073,1.2599474079826751,1.1049448324681401,2.090442676037956,39.34436216416672,44.2833560034588,52.47493499335594,56.80631873663105,-16.924035426215124,-8.729500136146335
2026-02-03,41.81385908381276,54.64062686499349,-12.82676778118073,1.2599474079826751,1.1049448324681401,2.090442676037956,39.34436216416672,44.2833560034588,52.47493499335594,56.80631873663105,-16.924035426215124,-8.729500136146335
2026-02-04,41.813859083812766,54.64062686499349,-12.826767781180731,1.2599474079826751,1.1049448324681401,2.090442676037956,39.344362164166725,44.283356003458806,52.47493499335594,56.80631873663105,-16.924035426215127,-8.729500136146337
2026-02-05,41.825011374534895,54.80538922175102,-12.980377847216126,1.1181314843989698,1.0358348853260442,1.8875792034130745,39.633473665112916,44.016549083956875,52.77515284651197,56.83562559699007,-16.68003308590575,-9.2807226085265
2026-02-06,41.825011374534895,54.80538922175102,-12.980377847216126,1.1181314843989698,1.0358348853260442,1.8875792034130745,39.633473665112916,44.016549083956875,52.77515284651197,56.83562559699007,-16.68003308590575,-9.2807226085265
2026-02-07,41.825011374534895,54.80538922175102,-12.980377847216126,1.1181314843989698,1.0358348853260442,1.8875792034130745,39.633473665112916,44.016549083956875,52.77515284651197,56.83562559699007,-16.68003308590575,-9.2807226085265
2026-02-08,41.825011374534895,54.80538922175102,-12.980377847216126,1.1181314843989698,1.0358348853260442,1.8875792034130745,39.633473665112916,44.016549083956875,52.77515284651197,56.83562559699007,-16.68003308590575,-9.2807226085265
2026-02-09,41.73539552424,54.90537970325587,-13.169984179015877,1.099130320316264,0.9517791071959643,1.7802799272592544,39.58110009642012,43.88969095205987,53.039892653151774,56.77086675335996,-16.659332836444015,-9.680635521587739
2026-02-10,41.77019194665024,54.89080255963091,-13.12061061298067,1.0977895921536156,0.9396148807362648,1.7718799006394819,39.618524346029155,43.92185954727133,53.04915739338784,56.73244772587399,-16.593495218234054,-9.647726007727286
2026-02-11,41.770191946650236,54.890802559630906,-13.120610612980668,1.0977895921536156,0.9396148807362646,1.7718799006394816,39.61852434602915,43.921859547271325,53.04915739338783,56.73244772587398,-16.593495218234054,-9.647726007727284
2026-02-12,41.93192157420141,54.680832161282034,-12.74891058708062,1.0322616019277449,0.9362954227922441,1.7419775250383307,39.90868883442303,43.95515431397979,52.845693132609235,56.51597118995483,-16.16318653615575,-9.334634638005491
2026-02-13,41.73470560467816,54.88096191801434,-13.146256313336183,1.152892584875571,1.0641778569584845,2.0246042518717116,39.47503613832204,43.994375071034284,52.79517331837571,56.966750517652976,-17.114480647004736,-9.178031979667628
2026-02-14,41.73470560467816,54.88096191801434,-13.146256313336183,1.152892584875571,1.0641778569584845,2.0246042518717116,39.47503613832204,43.994375071034284,52.79517331837571,56.966750517652976,-17.114480647004736,-9.178031979667628
2026-02-15,41.73470560467816,54.88096191801434,-13.146256313336183,1.152892584875571,1.0641778569584845,2.0246042518717116,39.47503613832204,43.994375071034284,52.79517331837571,56.966750517652976,-17.114480647004736,-9.178031979667628
2026-02-16,41.69420629291599,54.973963835769304,-13.279757542853309,1.234424849002798,1.1948021838879685,2.2843902232639817,39.27473358887051,44.113678996961475,52.632151555348884,57.315776116189724,-17.757162380450712,-8.802352705255906
2026-02-17,41.69420629291599,54.973963835769304,-13.279757542853309,1.234424849002798,1.1948021838879688,2.2843902232639817,39.27473358887051,44.113678996961475,52.632151555348884,57.315776116189724,-17.757162380450712,-8.802352705255906
2026-02-18,41.85367434181577,54.79092643708541,-12.937252095269647,1.1667561089275098,1.2973481592511855,2.3527153985817435,39.56683236831785,44.14051631531369,52.24812404495309,57.33372882921773,-17.548574276489866,-8.32592991404943
2026-02-19,41.91348005536742,54.79758192417634,-12.884101868808923,1.1237790411580306,1.2007579256954173,2.2088096957433256,39.710873134697685,44.11608697603716,52.444096389813325,57.15106745853936,-17.213368872465843,-8.554834865152005
2026-02-20,41.916457797897344,54.82394552374714,-12.907487725849798,1.1058237781847722,1.1901985793715786,2.1770195852807936,39.74904319265519,44.083872403139495,52.491156308178844,57.15673473931544,-17.17444611300015,-8.640529338699443
2026-02-21,41.916457797897344,54.82394552374714,-12.907487725849798,1.1058237781847722,1.1901985793715786,2.1770195852807936,39.74904319265519,44.083872403139495,52.491156308178844,57.15673473931544,-17.17444611300015,-8.640529338699443
2026-02-22,42.0185150507426,55.16607077511152,-13.14755572436892,0.9900321785119053,1.3810940353106052,2.1023739931900414,40.078051980859264,43.958978120625936,52.459126465902735,57.87301508432031,-17.2682087510214,-9.026902697716437
2026-02-23,42.142739969904035,55.077247093617125,-12.934507123713086,0.9218441349677565,1.2816914063514115,1.9891726194590071,40.33592546536723,43.94955447444084,52.56513193716836,57.58936225006589,-16.83328545785274,-9.035728789573433
2026-02-24,42.142739969904035,55.077247093617125,-12.934507123713084,0.9218441349677565,1.2816914063514115,1.9891726194590071,40.33592546536723,43.94955447444084,52.56513193716836,57.58936225006589,-16.83328545785274,-9.03572878957343
2026-02-25,42.14273996990404,55.077247093617125,-12.934507123713086,0.9218441349677565,1.2816914063514115,1.9891726194590071,40.33592546536724,43.949554474440845,52.56513193716836,57.58936225006589,-16.83328545785274,-9.035728789573433
2026-02-26,42.44028967813072,54.464027663116646,-12.023737984985928,1.3568437758062137,1.9890923614071647,3.229962474434399,39.78087587755054,45.09970347871089,50.5654066347586,58.36264869147469,-18.35446443487735,-5.693011535094507
2026-02-27,42.44028967813072,54.464027663116646,-12.023737984985928,1.3568437758062137,1.9890923614071647,3.229962474434399,39.78087587755054,45.09970347871089,50.5654066347586,58.36264869147469,-18.35446443487735,-5.693011535094507
2026-02-28,42.48926268063516,54.05774706265335,-11.56848438201819,1.2707497278127755,2.1204134804397574,3.2389724380476577,39.99859321412212,44.9799321471482,49.90173664099142,58.21375748431527,-17.9168703605916,-5.220098403444781
2026-03-01,42.355807427145464,54.24503859048342,-11.88923116333795,1.2847461506407278,2.112464551165966,3.2593720138111237,39.837704971889636,44.87390988240129,50.104608070198125,58.38546911076871,-18.277600310407752,-5.500862016268147
2026-03-02,42.31721871352609,54.32834302537954,-12.011124311853449,1.165721797646797,1.9208791694497707,2.961967708683655,40.03240399013836,44.602033436913814,50.56341985325799,58.09326619750109,-17.81658102087341,-6.205667602833485
2026-03-03,42.24933349717124,54.15013970051181,-11.900806203340567,1.4311160135730798,1.6019285086913395,2.7074818841041215,39.444346110568006,45.05432088377448,51.01035982347678,57.28991957754683,-17.207470696184643,-6.594141710496489
2026-03-04,42.14248516593304,54.280781789001345,-12.138296623068312,1.33533447902109,1.5008600642897982,2.5428452906986774,39.525229587051705,44.75974074481437,51.33909606299334,57.22246751500935,-17.12227339283772,-7.1543198532989045
2026-03-05,42.38726413645305,54.07892663359506,-11.691662497142012,1.388575661614492,1.4870031508314554,2.6225186717007194,39.66565583968865,45.10887243321745,51.16440045796541,56.99345280922471,-16.83179909367542,-6.551525900608602
2026-03-06,42.38726413645305,54.07892663359506,-11.69166249714201,1.388575661614492,1.4870031508314554,2.6225186717007194,39.66565583968865,45.10887243321745,51.16440045796541,56.99345280922471,-16.83179909367542,-6.5515259006086
2026-03-07,42.313704274997,53.99211633099483,-11.67841205599783,1.3548531495258533,1.455514675144778,2.515227539480965,39.65819210192633,44.96921644806767,51.139307567711064,56.8449250942786,-16.608258033380523,-6.748566078615139
2026-03-08,42.16289427493444,54.16797147051046,-12.005077195576018,1.334780927804049,1.4606385562727255,2.535345107935583,39.5467236564385,44.77906489343037,51.305119900215914,57.030823040805004,-16.97435360712976,-7.035800784022275
2026-03-09,42.2160420956235,54.0777642190892,-11.861722123465697,1.3149279560497782,1.4616192144440308,2.527329777319861,39.63878330176593,44.79330088948107,51.2129905587789,56.942537879399495,-16.815288487012623,-6.9081557599187695
2026-03-10,42.162588093805304,53.918224845641134,-11.755636751835825,1.2659033533443347,1.483886760054308,2.4345558209409512,39.68141752125041,44.6437586663602,51.00980679593469,56.826642895347575,-16.52736616088009,-6.98390734279156
2026-03-11,42.162588093805304,53.91822484564113,-11.755636751835825,1.2659033533443347,1.483886760054308,2.4345558209409512,39.68141752125041,44.6437586663602,51.009806795934686,56.82664289534757,-16.52736616088009,-6.98390734279156
2026-03-12,42.036324687935924,54.1465326779158,-12.110207989979877,1.2346920200720646,1.4822534404244214,2.430257396199952,39.616328328594676,44.45632104727717,51.24131593468393,57.05174942114767,-16.873512486531784,-7.346903493427971
2026-03-13,42.03632468793592,54.14653267791579,-12.110207989979877,1.2346920200720646,1.4822534404244214,2.4302573961999516,39.61632832859467,44.456321047277164,51.241315934683925,57.05174942114766,-16.87351248653178,-7.3469034934279716
2026-03-14,42.03632468793592,54.14653267791579,-12.110207989979877,1.2346920200720646,1.4822534404244214,2.4302573961999516,39.61632832859467,44.456321047277164,51.241315934683925,57.05174942114766,-16.87351248653178,-7.3469034934279716
2026-03-15,42.00541860875917,54.167875319395186,-12.162456710636015,1.2211803107570665,1.4580010174939235,2.3985085183307806,39.61190519967532,44.39893201784302,51.31019332510709,57.02555731368328,-16.863533406564343,-7.461380014707685
2026-03-16,41.4566908915593,54.769573186279466,-13.312882294720168,1.2539744663381114,1.497321094108343,2.5501728790069067,38.9989009375366,43.914480845582,51.83482384182712,57.704322530731815,-18.311221137573703,-8.314543451866632
2026-03-17,41.35887724370254,54.82047430835534,-13.461597064652802,1.1493746802601341,1.4397659294406313,2.4051653267481217,39.106102870392675,43.6116516170124,51.9985330866517,57.642415530058976,-18.17572110507912,-8.747473024226483
2026-03-18,41.353632682140066,54.82573828541976,-13.472105603279697,1.1221203640563173,1.4187385411181193,2.353382114242429,39.15427676858968,43.55298859569045,52.04501074482825,57.606465826011274,-18.08473454719486,-8.859476659364535
2026-03-19,41.43884187928762,54.89821737812725,-13.459375498839625,1.0394815859617133,1.3107585086897506,2.1482465468471954,39.40145797080267,43.47622578777258,52.32913070109534,57.46730405515916,-17.669938730660128,-9.248812267019122
2026-03-20,41.13679575342042,55.119570427388346,-13.98277467396792,1.343902824093702,1.386143789031502,2.549905511069321,38.50274621819677,43.770845288644075,52.402728600886604,57.83641225389009,-18.98058947566379,-8.984959872272052
2026-03-21,41.13679575342043,55.119570427388346,-13.98277467396792,1.343902824093702,1.386143789031502,2.5499055110693214,38.502746218196776,43.77084528864408,52.402728600886604,57.83641225389009,-18.98058947566379,-8.98495987227205
2026-03-22,41.114231484320094,55.12956187194755,-14.015330387627458,1.314853563202388,1.3531327548246563,2.4917995474073273,38.53711850044341,43.691344468196775,52.477421672491225,57.78170207140388,-18.89925750054582,-9.131403274709097
2026-03-23,41.06830894036841,55.244326408810146,-14.17601746844173,1.146949113160702,1.2688028649391867,2.2495933127742918,38.820288678573434,43.31632920216339,52.75747279352934,57.73118002409095,-18.58522036147934,-9.76681457540412
2026-03-24,41.346732845166166,55.378609666136484,-14.03187682097032,1.4140164010255012,1.3829301397089102,2.13786883919298,38.57526069915618,44.11820499117615,52.66806659230702,58.08915273996595,-18.22209974578856,-9.841653896152078
2026-03-25,41.346732845166166,55.378609666136484,-14.03187682097032,1.4140164010255012,1.3829301397089102,2.13786883919298,38.57526069915618,44.11820499117615,52.66806659230702,58.08915273996595,-18.22209974578856,-9.841653896152078
2026-03-26,41.1766660089055,55.55891301719716,-14.382247008291667,1.3317811095856373,1.3196762130712971,2.077834967617578,38.56637503411765,43.78695698369335,52.97234763957742,58.145478394816905,-18.45480354482212,-10.309690471761215
2026-03-27,41.1766660089055,55.55891301719716,-14.382247008291667,1.3317811095856373,1.3196762130712971,2.077834967617578,38.56637503411765,43.78695698369335,52.97234763957742,58.145478394816905,-18.45480354482212,-10.309690471761215
2026-03-28,41.17666600890549,55.55891301719716,-14.382247008291667,1.3317811095856373,1.3196762130712971,2.077834967617578,38.56637503411764,43.786956983693344,52.97234763957742,58.145478394816905,-18.45480354482212,-10.309690471761215
2026-03-29,41.149718114425,55.54563860227422,-14.395920487849214,1.2996293167599755,1.2842640832137806,2.020746657386055,38.602444653575446,43.69699157527455,53.02848099917521,58.062796205373225,-18.356583936325883,-10.435257039372546
2026-03-30,40.90460732241111,55.65882001306875,-14.754212690657639,1.3229649481335362,1.1876389966620562,2.026358988007109,38.31159602406938,43.49761862075284,53.331047579611116,57.98659244652638,-18.725876307151573,-10.782549074163704
2026-03-31,40.90460732241111,55.65882001306875,-14.754212690657639,1.3229649481335364,1.1876389966620562,2.026358988007109,38.31159602406938,43.49761862075284,53.331047579611116,57.98659244652638,-18.725876307151573,-10.782549074163704
2026-04-01,40.90460732241111,55.65882001306875,-14.754212690657639,1.3229649481335362,1.1876389966620562,2.026358988007109,38.31159602406938,43.49761862075284,53.331047579611116,57.98659244652638,-18.725876307151573,-10.782549074163704
2026-04-02,40.29808532879809,56.23048048057437,-15.932395151776284,2.087854519094049,1.9538660975561857,3.7908714507878414,36.20589047137375,44.39028018622243,52.40090292936425,60.06005803178449,-23.362503195320453,-8.502287108232114
2026-04-03,40.29808532879809,56.23048048057437,-15.932395151776284,2.087854519094049,1.9538660975561857,3.790871450787841,36.20589047137375,44.39028018622243,52.40090292936425,60.06005803178449,-23.36250319532045,-8.502287108232116
2026-04-04,40.29808532879809,56.23048048057437,-15.932395151776285,2.087854519094049,1.9538660975561857,3.7908714507878414,36.20589047137375,44.39028018622243,52.40090292936425,60.06005803178449,-23.362503195320453,-8.502287108232117
2026-04-05,40.50487716053872,55.98154254711269,-15.476665386573968,2.114692200063854,2.0483271921449964,3.9356619463926035,36.36008044841356,44.649673872663875,51.966821250508495,59.99626384371688,-23.19056280150347,-7.7627679716444655
2026-04-06,40.58705274092854,55.827645004994594,-15.240592264066054,1.907496572436172,1.880360344087521,3.579570114892024,36.848359458953645,44.32574602290344,52.14213873058305,59.51315127940614,-22.25654968925442,-8.224634838877687
2026-04-07,40.6317261001369,55.76069957194572,-15.128973471808822,1.7708465752048868,1.750605766006196,3.3288109542721704,37.16086681273532,44.10258538753848,52.32951227057358,59.19188687331786,-21.653442942182274,-8.604504001435368
2026-04-08,40.82360096060335,56.44809936870036,-15.62449840809701,1.7109737363497965,2.4206227713144384,3.352850354070726,37.47009243735775,44.17710948384895,51.70367873692406,61.19252000047666,-22.19608510207563,-9.052911714118387
2026-04-09,41.15026363758777,55.976828388290855,-14.826564750703088,1.5519154866247327,2.204630011617915,3.1362467931705655,38.10850928380329,44.192017991372246,51.655753565519746,60.297903211061964,-20.973608465317398,-8.67952103608878
2026-04-10,41.15026363758777,55.97682838829086,-14.826564750703088,1.5519154866247329,2.204630011617915,3.136246793170566,38.10850928380329,44.192017991372246,51.655753565519746,60.29790321106198,-20.973608465317398,-8.67952103608878
2026-04-11,41.15026363758777,55.97682838829086,-14.826564750703088,1.5519154866247329,2.204630011617915,3.136246793170566,38.10850928380329,44.192017991372246,51.655753565519746,60.29790321106198,-20.973608465317398,-8.67952103608878
2026-04-12,41.16514836901574,55.91288648270615,-14.74773811369041,1.50719502105594,2.1564346947701094,3.0599579584612377,38.211046127746094,44.119250610285384,51.68627448095673,60.139498484455565,-20.745255712274435,-8.750220515106385
2026-04-13,41.21774292885063,55.70590114564998,-14.488158216799352,1.3456912926951785,2.020306428185578,2.8461099623922204,38.58018799516808,43.855297862533185,51.74610054640625,59.66570174489372,-20.066533743088105,-8.9097826905106
2026-04-14,41.217742928850626,55.70590114564998,-14.488158216799352,1.3456912926951787,2.0203064281855783,2.846109962392221,38.580187995168075,43.85529786253318,51.74610054640625,59.66570174489372,-20.066533743088105,-8.9097826905106
2026-04-15,40.755657765196915,56.057958912961624,-15.302301147764707,1.4982460120902483,1.945926237882001,3.0517008079083787,37.81909558150003,43.6922199488938,52.2439434867129,59.87197433921035,-21.28363473126513,-9.320967564264285
2026-04-16,40.614284601890226,56.20554213370612,-15.591257531815895,1.440877726722832,1.8505371057982407,2.93549154137134,37.790164257513474,43.43840494626698,52.57848940634157,59.83259486107067,-21.34482095290372,-9.83769411072807
2026-04-17,40.614284601890226,56.20554213370612,-15.591257531815895,1.440877726722832,1.850537105798241,2.93549154137134,37.790164257513474,43.43840494626698,52.57848940634157,59.83259486107067,-21.34482095290372,-9.83769411072807
2026-04-18,40.67182654749562,56.1538330835539,-15.482006536058277,1.379037339796245,1.7640893398243644,2.8064660212215102,37.96891336149498,43.37473973349626,52.696217977498144,59.61144818960965,-20.982679937652435,-9.981333134464117
2026-04-19,40.607336550555075,56.11566223357399,-15.508325683018915,1.3588350353246907,1.7228156960720864,2.721708051800748,37.94401988131868,43.27065321979147,52.738943469272705,59.49238099787528,-20.842873464548383,-10.173777901489448
2026-04-20,40.621240091901534,55.93992288400928,-15.318682792107746,1.2333739041058072,1.5316484163356756,2.4643945633452558,38.20382723985415,43.03865294394892,52.93789198799135,58.941953780027205,-20.148896136264447,-10.488469447951044
2026-04-21,40.621240091901534,55.939922884009285,-15.318682792107747,1.2333739041058072,1.5316484163356756,2.464394563345256,38.20382723985415,43.03865294394892,52.937891987991364,58.941953780027205,-20.148896136264447,-10.488469447951045
2026-04-22,40.621240091901534,55.93992288400928,-15.318682792107746,1.2333739041058072,1.5316484163356756,2.4643945633452558,38.20382723985415,43.03865294394892,52.93789198799135,58.941953780027205,-20.148896136264447,-10.488469447951044
2026-04-23,40.20122415499384,56.24371132521386,-16.04248717022002,1.4784492911642242,1.5157818035285466,2.7211295995953404,37.30346354431196,43.098984765675716,53.27277899029791,59.21464366012981,-21.375901185426887,-10.709073155013154
2026-04-24,40.33513173693119,56.113147887378865,-15.778016150447677,1.4515597309882387,1.482858655878895,2.6860717743884286,37.49007466419424,43.18018880966814,53.20674492185623,59.0195508529015,-21.042716828249,-10.513315472646356
2026-04-25,40.33513173693119,56.113147887378865,-15.778016150447678,1.4515597309882389,1.482858655878895,2.6860717743884286,37.49007466419424,43.18018880966814,53.20674492185623,59.0195508529015,-21.042716828249,-10.513315472646358
2026-04-26,40.06693685149825,56.361354301329726,-16.29441744983148,1.329195010251039,1.4853975996414295,2.5735936167769076,37.46171463140621,42.672159071590286,53.449975006032524,59.27273359662693,-21.33866093871422,-11.250173960948743
2026-04-27,39.727689254802016,56.52884205499518,-16.80115280019317,1.5033560369837256,1.4869629367445658,2.7511983510405367,36.78111142231391,42.67426708729012,53.61439469897583,59.44328941101453,-22.19350156823262,-11.408804032153718
2026-04-28,39.78374586172535,56.49050926638763,-16.706763404662283,1.4466358299526882,1.4201146880620004,2.629373506909023,36.94833963501808,42.61915208843262,53.70708447778611,59.273934054989155,-21.860335478203968,-11.553191331120598
2026-04-29,39.78374586172536,56.49050926638763,-16.706763404662283,1.4466358299526882,1.4201146880620006,2.629373506909023,36.94833963501809,42.61915208843263,53.70708447778611,59.273934054989155,-21.860335478203968,-11.553191331120598
2026-04-30,39.6747824867697,56.84390955991575,-17.16912707314605,1.4523393230786033,1.5738374062974627,2.8027396819860027,36.82819741353564,42.52136756000376,53.75918824357272,59.92863087625878,-22.662496849838615,-11.675757296453487
2026-05-01,39.67478248676969,56.843909559915744,-17.16912707314605,1.452339323078603,1.5738374062974627,2.8027396819860027,36.828197413535634,42.52136756000375,53.759188243572716,59.92863087625877,-22.662496849838615,-11.675757296453487
2026-05-02,39.6747824867697,56.84390955991575,-17.169127073146054,1.4523393230786033,1.5738374062974627,2.8027396819860027,36.82819741353564,42.52136756000376,53.75918824357272,59.92863087625878,-22.662496849838618,-11.67575729645349
2026-05-03,39.760288151345236,56.73227424180085,-16.971986090455612,1.473124623639901,1.6249174328048457,2.8898644708845436,36.87296388901103,42.64761241367944,53.547436073503356,59.91711241009835,-22.636120453389317,-11.307851727521907
2026-05-04,39.77812331685426,56.73626560701798,-16.958142290163714,1.425197791736834,1.5671644893412746,2.7907466599722075,36.984735645050066,42.57151098865846,53.66462320790908,59.80790800612687,-22.428005743709242,-11.488278836618187
2026-05-05,39.93243126119671,56.72705879270127,-16.794627531504556,1.4796595917170183,1.610079345189079,2.9293740739633223,37.03229846143135,42.83256406096207,53.57130327613068,59.882814309271865,-22.536200716472667,-11.053054346536445
2026-05-06,39.66359567551052,57.05488117005022,-17.391285494539698,1.687890924244037,1.8987729222397427,3.4603985001285826,36.355329463992206,42.97186188702884,53.333286242460325,60.77647609764012,-24.17366655479172,-10.608904434287677
2026-05-07,39.66359567551052,57.05488117005022,-17.391285494539698,1.687890924244037,1.8987729222397427,3.4603985001285826,36.355329463992206,42.97186188702884,53.333286242460325,60.77647609764012,-24.17366655479172,-10.608904434287677
2026-05-08,39.66359567551052,57.054881170050216,-17.391285494539698,1.687890924244037,1.8987729222397425,3.4603985001285826,36.355329463992206,42.97186188702884,53.33328624246032,60.77647609764011,-24.17366655479172,-10.608904434287677
2026-05-09,39.66359567551052,57.054881170050216,-17.391285494539698,1.687890924244037,1.8987729222397425,3.4603985001285826,36.355329463992206,42.97186188702884,53.33328624246032,60.77647609764011,-24.17366655479172,-10.608904434287677
2026-05-10,40.002669222309756,56.810618211877596,-16.80794898956784,1.7010758329203535,1.8007741614093713,3.3873278782881497,36.66856058978586,43.33677785483365,53.28110085551523,60.340135568239965,-23.447111631012614,-10.168786348123067
2026-05-11,40.09250916445624,56.71697792897219,-16.62446876451595,1.6605076537283328,1.7575358808217567,3.3103175497089703,36.83791416314871,43.34710416576377,53.27220760256155,60.16174825538283,-23.11269116194553,-10.136246367086368
2026-05-12,40.09250916445624,56.71697792897219,-16.62446876451595,1.6605076537283328,1.757535880821757,3.3103175497089703,36.83791416314871,43.34710416576377,53.27220760256155,60.16174825538283,-23.11269116194553,-10.136246367086368
2026-05-13,40.09250916445624,56.71697792897219,-16.62446876451595,1.6605076537283328,1.7575358808217567,3.3103175497089703,36.83791416314871,43.34710416576377,53.27220760256155,60.16174825538283,-23.11269116194553,-10.136246367086368
2026-05-14,39.783172451652476,57.09804722883483,-17.31487477718236,1.736841851776899,1.9039540380755822,3.5520661836621743,36.37896242216976,43.187382481135195,53.36629731420669,60.82979714346297,-24.276924497160223,-10.352825057204498
2026-05-15,39.48817567152737,57.21609014566472,-17.727914474137346,1.640429978967493,1.7031490455566385,3.2472705819820717,36.27293291275109,42.70341843030366,53.87791801637371,60.55426227495573,-24.092564814822207,-11.363264133452486
2026-05-16,39.488175671527365,57.21609014566471,-17.727914474137346,1.6404299789674928,1.7031490455566383,3.2472705819820713,36.27293291275108,42.70341843030365,53.8779180163737,60.55426227495572,-24.092564814822207,-11.363264133452486
2026-05-17,39.49271612630874,57.14948093578823,-17.65676480947949,1.5675694598748215,1.6474907890373747,3.1172991114339315,36.42027998495409,42.56515226766339,53.92039898927498,60.37856288230149,-23.766671067889995,-11.546858551068985
2026-05-18,39.44602861927056,57.582460422276384,-18.136431803005824,1.4631154125010146,1.5929337118769185,2.380291991754437,36.57832241076857,42.31373482777254,54.46031034699762,60.704610497555144,-22.80180410684452,-13.471059499167128
2026-05-19,39.44047191845297,57.54688915128276,-18.106417232829795,1.4460708327533092,1.5903320871025377,2.3597064260613907,36.60617308625648,42.27477075064946,54.42983826056179,60.66394004200374,-22.73144182791012,-13.481392637749469
2026-05-20,39.31758694360328,57.58714731779228,-18.269560374189,1.5194957691286584,1.564556123260622,2.421015826392141,36.33937523611111,42.29579865109545,54.52061731620146,60.6536773193831,-23.014751393917596,-13.5243693544604
2026-05-21,39.1637904680117,57.78210707648067,-18.61831660846898,1.521043631619582,1.604649331767988,2.540853062503926,36.18254495003732,42.14503598598608,54.63699438621541,60.92721976674593,-23.598388610976674,-13.638244605961287
2026-05-22,39.1637904680117,57.78210707648068,-18.61831660846898,1.521043631619582,1.604649331767988,2.540853062503926,36.18254495003732,42.14503598598608,54.63699438621542,60.927219766745935,-23.598388610976674,-13.638244605961287
2026-05-23,39.16379046801169,57.78210707648067,-18.61831660846898,1.521043631619582,1.604649331767988,2.540853062503926,36.18254495003731,42.14503598598607,54.63699438621541,60.92721976674593,-23.598388610976674,-13.638244605961287
2026-05-24,39.257781011755355,57.610064795859124,-18.35228378410377,1.4922802881049482,1.6403486622317376,2.6005024741406833,36.33291164706966,42.18265037644105,54.39498141788492,60.82514817383333,-23.449268633419507,-13.25529893478803
2026-05-25,39.19434573926896,57.621500605971555,-18.427154866702598,1.399632007476729,1.5281849617637409,2.4301559088203972,36.45106700461457,41.93762447392335,54.626258080914624,60.616743131028485,-23.190260447990575,-13.66404928541462
2026-05-26,39.05104787690498,57.805496634582546,-18.75444875767756,1.2918320838374528,1.5483530664222116,2.450214105244006,36.51905699258357,41.58303876122639,54.770724624395015,60.84026864477008,-23.556868403955814,-13.952029111399309
2026-05-27,39.05104787690499,57.805496634582546,-18.75444875767756,1.291832083837453,1.5483530664222116,2.450214105244006,36.51905699258358,41.5830387612264,54.770724624395015,60.84026864477008,-23.556868403955814,-13.952029111399309
2026-05-28,39.05104787690498,57.805496634582546,-18.75444875767756,1.2918320838374528,1.5483530664222114,2.450214105244006,36.51905699258357,41.58303876122639,54.770724624395015,60.84026864477008,-23.556868403955814,-13.952029111399309
2026-05-29,39.05460601695966,57.78197977244298,-18.727373755483317,1.268989697169736,1.5259435160278085,2.410779912321421,36.567386210506974,41.541825823412346,54.791130481028475,60.772829063857486,-23.452502383633302,-14.002245127333332
2026-05-30,39.05460601695966,57.78197977244298,-18.727373755483317,1.268989697169736,1.5259435160278088,2.410779912321421,36.567386210506974,41.541825823412346,54.791130481028475,60.772829063857486,-23.452502383633302,-14.002245127333332
2026-05-31,39.34159131791477,57.45030386844575,-18.108712550530985,1.2893442940763271,1.5392922914016451,2.522097760565766,36.81447650152517,41.86870613430437,54.433290977298526,60.467316759592975,-23.052024161239885,-13.165400939822085
2026-06-01,39.47647083285243,57.4985385404891,-18.02206770763667,1.2301275551071547,1.4065531189113352,2.3254431836400014,37.065420824842406,41.88752084086245,54.741694427422885,60.255382653555316,-22.57993634757107,-13.464199067702268
2026-06-02,39.64276855929248,57.30996925852891,-17.66720069923644,1.2417011062415708,1.4050407180171234,2.3839505806338392,37.209034391059,42.076502727525956,54.55608945121535,60.06384906584247,-22.339743837278764,-12.994657561194114
2026-06-03,39.603580658546655,57.36381283165716,-17.760232173110502,1.2249629298451254,1.3929272470248315,2.3646977264460562,37.20265331605021,42.0045080010431,54.633675427488484,60.09395023582583,-22.395039716944773,-13.125424629276232
2026-06-04,39.36405520368936,57.616121963413455,-18.252066759724098,1.1999888173975848,1.3064158567256716,2.305381663811098,37.012077121590096,41.716033285788626,55.05554688423114,60.17669704259577,-22.770614820793853,-13.733518698654345
2026-06-05,39.280488028800356,57.652801969836915,-18.372313941036563,1.171647938692161,1.2488121461274009,2.2259825507469553,36.98405806896372,41.57691798863699,55.20513016342721,60.10047377624662,-22.735239740500596,-14.00938814157253
2026-06-06,39.280488028800356,57.65280196983692,-18.372313941036563,1.171647938692161,1.2488121461274009,2.2259825507469553,36.98405806896372,41.57691798863699,55.205130163427214,60.10047377624663,-22.735239740500596,-14.00938814157253
2026-06-07,39.57938727375815,57.49054599485302,-17.91115872109487,1.2159801302058337,1.1652361223508867,2.2167915972397285,37.19606621855472,41.96270832896158,55.20668319504529,59.77440879466076,-22.25607025168474,-13.566247190505003
2026-06-08,39.68809108817087,57.249923653957175,-17.5618325657863,1.2222885073919316,1.1889128383438643,2.2656281435748986,37.29240561368269,42.083776562659054,54.919654490803204,59.58019281711115,-22.002463727193103,-13.121201404379498
2026-06-09,39.68809108817087,57.24992365395717,-17.5618325657863,1.2222885073919314,1.188912838343864,2.2656281435748986,37.29240561368269,42.083776562659054,54.9196544908032,59.58019281711114,-22.002463727193103,-13.121201404379498
2026-06-10,39.68809108817087,57.24992365395717,-17.5618325657863,1.2222885073919314,1.188912838343864,2.2656281435748986,37.29240561368269,42.083776562659054,54.9196544908032,59.58019281711114,-22.002463727193103,-13.121201404379498
2026-06-11,39.46283942266519,57.382766127976716,-17.91992670531152,1.230523359472805,1.1282561979530799,2.2383260034056125,37.051013638098496,41.874665207231885,55.171383979988676,59.594148275964756,-22.307045671986522,-13.53280773863652
2026-06-12,39.4628394226652,57.38276612797672,-17.91992670531152,1.2305233594728051,1.1282561979530799,2.2383260034056125,37.051013638098496,41.8746652072319,55.17138397998869,59.594148275964756,-22.307045671986522,-13.53280773863652
2026-06-13,39.4628394226652,57.38276612797672,-17.919926705311525,1.2305233594728051,1.1282561979530799,2.2383260034056125,37.051013638098496,41.8746652072319,55.17138397998869,59.594148275964756,-22.307045671986526,-13.532807738636524
2026-06-14,39.411525653941155,57.45154154578823,-18.04001589184708,1.1579093420706645,1.0697851692627438,2.1155282031495455,37.14202334348265,41.68102796439966,55.354762614033255,59.54832047754321,-22.186451170020188,-13.893580613673972
2026-06-15,39.49276075364895,57.21412143590899,-17.72136068226004,1.207991788683609,1.2424240476360102,2.3321898629490043,37.12509684782908,41.860424659468826,54.77897030254241,59.649272569275574,-22.29245281364009,-13.150268550879993
2026-06-16,39.52473277290856,57.193780073380495,-17.669047300471938,1.232607127548247,1.2468295546699384,2.361981005288266,37.10882280291399,41.94064274290312,54.749994146227415,59.637566000533575,-22.29853007083694,-13.039564530106937
2026-06-17,39.42869077846368,57.33714506465703,-17.908454286193347,1.25225053915849,1.3130141098550803,2.458307642010914,36.974279721713046,41.88310183521432,54.76363740934107,59.91065271997299,-22.726737264534737,-13.090171307851957
2026-06-18,39.383127318941355,57.35005026722852,-17.96692294828716,1.213664801112243,1.2620439579508906,2.3699843848317297,37.00434430876136,41.76191032912135,54.87644410964477,59.82365642481226,-22.61209234255735,-13.321753554016968
2026-06-19,39.38312731894135,57.35005026722851,-17.96692294828716,1.2136648011122428,1.2620439579508906,2.3699843848317292,37.004344308761354,41.76191032912134,54.876444109644765,59.823656424812256,-22.612092342557347,-13.32175355401697
2026-06-20,39.29751521211731,57.433570504796876,-18.13605529267957,1.3107544496151338,1.3492225308707615,2.5642557035589655,36.72843649087165,41.86659393336297,54.789094344290184,60.07804666530357,-23.16199647165514,-13.110114113703997
2026-06-21,40.025853809677734,57.39016870797202,-17.36431489829429,2.381313782549462,1.2435213211987457,3.2072633491397333,35.358478795880785,44.69322882347468,54.95286691842248,59.82747049752157,-23.650551062608166,-11.078078733980412
2026-06-22,40.078683904058515,56.9661693945027,-16.88748549044419,2.125687929507489,1.5076115460717363,3.2104835397402125,35.91233556222384,44.24503224589319,54.011250764202096,59.921088024803304,-23.180033228335006,-10.59493775255337
2026-06-23,39.98778849122041,57.00875221715608,-17.020963725935676,2.080648427721399,1.4639254754429865,3.1393176552491284,35.909717572886464,44.06585940955435,54.13945828528782,59.878046149024335,-23.174026330223967,-10.867901121647385
2026-06-24,39.98778849122041,57.008752217156086,-17.020963725935676,2.080648427721399,1.4639254754429865,3.1393176552491284,35.909717572886464,44.06585940955435,54.13945828528783,59.87804614902434,-23.174026330223967,-10.867901121647385
2026-06-25,39.98778849122041,57.008752217156086,-17.020963725935676,2.0806484277213992,1.4639254754429865,3.1393176552491284,35.909717572886464,44.06585940955435,54.13945828528783,59.87804614902434,-23.174026330223967,-10.867901121647385
2026-06-26,39.993163661387946,56.98073033582438,-16.987566674436437,2.0474483399793675,1.4486195225378609,3.094267848217788,35.98016491502838,44.00616240774751,54.141436071650176,59.82002459999859,-23.052331656943302,-10.922801691929571
2026-06-27,39.993163661387946,56.98073033582439,-16.987566674436437,2.0474483399793675,1.4486195225378609,3.094267848217788,35.98016491502838,44.00616240774751,54.14143607165018,59.8200245999986,-23.052331656943302,-10.922801691929571
2026-06-28,40.03566246271745,56.946307237174594,-16.910644774457143,1.9886658918568463,1.405089063420871,3.007842811098623,36.13787731467803,43.933447610756865,54.19233267286969,59.7002818014795,-22.806016684210444,-11.015272864703842
2026-06-29,40.04317197744177,56.92604194394702,-16.882869966505243,1.905249323002649,1.3457237545891696,2.8813480089713837,36.308883304356584,43.77746065052696,54.288423384952246,59.563660502941794,-22.530312064089156,-11.235427868921331
2026-06-30,39.8447766538487,57.056284576482405,-17.211507922633707,1.7538083294414728,1.226192906881615,2.645458930060361,36.40731232814341,43.28224097955398,54.65294647899444,59.45962267397037,-22.396607425552013,-12.0264084197154
2026-07-01,39.844776653848704,57.05628457648241,-17.211507922633707,1.7538083294414728,1.226192906881615,2.645458930060361,36.40731232814342,43.28224097955399,54.652946478994444,59.45962267397038,-22.396607425552013,-12.0264084197154
2026-07-02,39.897829845449046,56.909501039436805,-17.011671193987755,1.7287485858597225,1.3675974749488,2.7350580038428753,36.50948261716399,43.2861770737341,54.22900998853716,59.58999209033645,-22.372384881519793,-11.65095750645572
2026-07-03,39.89782984544904,56.90950103943679,-17.011671193987752,1.7287485858597225,1.3675974749488,2.735058003842875,36.50948261716398,43.286177073734095,54.22900998853714,59.58999209033644,-22.372384881519785,-11.650957506455718
2026-07-04,39.96398048858997,56.83210251410698,-16.868122025517007,1.627189881159069,1.2961193561374162,2.587550110628545,36.77468832151819,43.153272655661745,54.29170857607764,59.37249645213632,-21.939720242348955,-11.796523808685059
2026-07-05,39.963980488589975,56.832102514106985,-16.86812202551701,1.627189881159069,1.2961193561374165,2.587550110628545,36.7746883215182,43.15327265566175,54.291708576077646,59.372496452136325,-21.939720242348958,-11.796523808685063
2026-07-06,40.21224695728261,56.531841742416475,-16.31959478513387,1.6035568237107416,1.4283582800121108,2.7644708904908017,37.06927558280955,43.355218331755665,53.73225951359274,59.33142397124021,-21.73795773049584,-10.9012318397719
2026-07-07,40.258393135296146,56.52319831467716,-16.264805179381014,1.482804261010009,1.3419819697455175,2.5653358806470057,37.352096783716526,43.164689486875766,53.892913653975945,59.153482975378374,-21.292863505449144,-11.236746853312884
2026-07-08,40.258393135296146,56.52319831467716,-16.264805179381014,1.482804261010009,1.3419819697455175,2.565335880647006,37.352096783716526,43.164689486875766,53.892913653975945,59.153482975378374,-21.292863505449148,-11.236746853312882
2026-07-09,40.258393135296146,56.52319831467716,-16.264805179381014,1.482804261010009,1.3419819697455175,2.565335880647006,37.352096783716526,43.164689486875766,53.892913653975945,59.153482975378374,-21.292863505449148,-11.236746853312882
2026-07-10,40.17207497441785,56.75818479785669,-16.586109823438846,1.4441857665462963,1.4768609905698502,2.6434836339757775,37.34147087198711,43.002679076848594,53.86353725633979,59.652832339373596,-21.76733774603137,-11.404881900846323
2026-07-11,40.17207497441785,56.7581847978567,-16.586109823438846,1.4441857665462965,1.4768609905698502,2.6434836339757775,37.34147087198711,43.002679076848594,53.8635372563398,59.6528323393736,-21.76733774603137,-11.404881900846323
2026-07-12,39.8810225618191,57.083392649046395,-17.202370087227294,1.3141142079087527,1.421178896686805,2.510253095827494,37.30535871431795,42.456686409320255,54.29788201154026,59.86890328655253,-22.12246615504918,-12.282274019405406
2026-07-13,39.89770443677256,56.93119483960806,-17.033490402835504,1.6820906328696663,1.8997934378332357,3.478837119476868,36.60080679634801,43.194602077197104,53.20759970145492,60.654789977761205,-23.852011157010164,-10.214969648660844
2026-07-14,39.87061230618903,56.75179443305808,-16.881182126869046,1.563638020595379,1.8193310299518006,3.2516671071398813,36.80588178582209,42.935342826555974,53.18590561435255,60.31768325176361,-23.254449656863212,-10.50791459687488
2026-07-15,39.87061230618904,56.75179443305808,-16.881182126869046,1.5636380205953793,1.819331029951801,3.2516671071398817,36.805881785822095,42.93534282655598,53.18590561435255,60.31768325176361,-23.254449656863216,-10.507914596874878
2026-07-16,39.87061230618903,56.75179443305808,-16.881182126869046,1.563638020595379,1.8193310299518008,3.2516671071398813,36.80588178582209,42.935342826555974,53.18590561435255,60.31768325176361,-23.254449656863212,-10.50791459687488
2026-07-17,39.77799688863411,56.79318345271215,-17.01518656407804,1.4777342550122037,1.6961972672411434,3.0506012495519803,36.881637748810185,42.67435602845803,53.468636808919506,60.11773009650479,-22.99436501319992,-11.036008114956157
2026-07-18,39.777996888634114,56.79318345271215,-17.015186564078043,1.4777342550122037,1.6961972672411434,3.0506012495519803,36.88163774881019,42.674356028458035,53.468636808919506,60.11773009650479,-22.994365013199925,-11.03600811495616
2026-07-19,39.89865391928234,56.632604411066424,-16.73395049178409,1.490584945818121,1.7379686721609084,3.1150931976903835,36.97710742547882,42.82020041308586,53.22618581363104,60.03902300850181,-22.83953315925724,-10.628367824310939
2026-07-20,39.810086529159236,57.60538714057685,-17.795300611417616,1.7005727598472917,1.877194159085838,2.9699749670105042,36.47696391985854,43.14320913845993,53.92608658876861,61.28468769238509,-23.616451546758206,-11.974149676077028
2026-07-21,40.014724875641036,57.319955887084376,-17.30523101144334,1.7220375976364224,2.000135880034667,3.1995438414719692,36.63953118427365,43.38991856700842,53.39968956221643,61.24022221195232,-23.5763369407284,-11.03412508215828
2026-07-22,40.05617334225476,57.38176986274183,-17.325596520487064,1.647428800570088,1.9176465427993963,3.0520911862466424,36.827212893137386,43.28513379137213,53.62318263885501,61.14035708662864,-23.307695245530482,-11.343497795443646
2026-07-23,40.05617334225476,57.38176986274182,-17.325596520487064,1.647428800570088,1.9176465427993963,3.052091186246642,36.827212893137386,43.28513379137213,53.623182638855006,61.14035708662863,-23.307695245530482,-11.343497795443646
2026-07-24,40.05617334225476,57.38176986274182,-17.325596520487064,1.647428800570088,1.9176465427993963,3.052091186246642,36.827212893137386,43.28513379137213,53.623182638855006,61.14035708662863,-23.307695245530482,-11.343497795443646
2026-07-25,40.05617334225476,57.38176986274183,-17.325596520487064,1.647428800570088,1.9176465427993965,3.0520911862466424,36.827212893137386,43.28513379137213,53.62318263885501,61.14035708662864,-23.307695245530482,-11.343497795443646
2026-07-26,40.21066223636845,57.07997678524623,-16.86931454887779,1.6449936519663493,2.0093722021954243,3.2411964677457665,36.986474678514405,43.434849794222494,53.1416072689432,61.018346301549265,-23.22205962565949,-10.516569472096087
2026-07-27,39.39591379463364,57.363146111404546,-17.967232316770904,1.9991269824902447,1.855265950752291,3.2877791444444595,35.47762490895276,43.31420268031452,53.726824847930054,60.99946737487904,-24.411279439882044,-11.523185193659764
2026-07-28,39.39591379463365,57.363146111404554,-17.967232316770904,1.9991269824902447,1.8552659507522913,3.28777914444446,35.47762490895277,43.31420268031453,53.72682484793006,60.999467374879046,-24.411279439882044,-11.523185193659764
2026-07-29,39.46913396031588,57.27185967224606,-17.80272571193018,1.843588111242507,1.689872405309612,3.040492335063756,35.85570126228057,43.08256665835119,53.95970975783922,60.5840095866529,-23.762090688655142,-11.843360735205218
2026-07-30,39.46913396031589,57.271859672246066,-17.802725711930183,1.843588111242507,1.689872405309612,3.040492335063756,35.855701262280576,43.0825666583512,53.95970975783923,60.584009586652904,-23.762090688655142,-11.843360735205222
2026-07-31,39.46913396031588,57.27185967224606,-17.80272571193018,1.843588111242507,1.689872405309612,3.0404923350637554,35.85570126228057,43.08256665835119,53.95970975783922,60.5840095866529,-23.76209068865514,-11.84336073520522
2026-08-01,39.46913396031589,57.271859672246066,-17.802725711930183,1.843588111242507,1.689872405309612,3.040492335063756,35.855701262280576,43.0825666583512,53.95970975783923,60.584009586652904,-23.762090688655142,-11.843360735205222
2026-08-02,39.52506683302418,57.117159334407596,-17.59209250138342,1.7791101690793405,1.7194792058065635,3.0135093324191113,36.03801090162867,43.012122764419686,53.74698009102673,60.487338577788464,-23.498570792924877,-11.685614209841962
2026-08-03,39.41305619968871,57.22834515182361,-17.8152889521349,1.58129296146773,1.5288324887696965,2.6838530701248784,36.313721995211964,42.51239040416546,54.231833473835,60.22485682981222,-23.07564096957966,-12.554936934690138
2026-08-04,39.31548509671867,57.30090108258934,-17.985415985870667,1.491422313456177,1.4300362172223837,2.523494836324362,36.392297362344564,42.23867283109277,54.49803009683347,60.103772068345215,-22.931465865066414,-13.039366106674917
2026-08-05,39.01051749936685,57.53332730148375,-18.5228098021169,1.690501410594585,1.5293331029627237,2.8962022018199747,35.69713473460146,42.323900264132234,54.53583441967681,60.53082018329069,-24.19936611768405,-12.846253486549749
2026-08-06,39.01051749936685,57.53332730148375,-18.5228098021169,1.6905014105945853,1.5293331029627237,2.8962022018199747,35.69713473460146,42.323900264132234,54.53583441967681,60.53082018329069,-24.19936611768405,-12.846253486549749
2026-08-07,39.01051749936685,57.533327301483745,-18.5228098021169,1.690501410594585,1.5293331029627235,2.8962022018199747,35.69713473460146,42.323900264132234,54.5358344196768,60.530820183290686,-24.19936611768405,-12.846253486549749
2026-08-08,39.010517499366856,57.53332730148376,-18.522809802116903,1.6905014105945853,1.5293331029627237,2.896202201819975,35.69713473460147,42.32390026413224,54.53583441967682,60.5308201832907,-24.199366117684054,-12.846253486549752
2026-08-09,39.149345655752896,57.44534157933934,-18.29599592358645,1.6763015718547287,1.4779797044586631,2.854057801096654,35.86379457491763,42.434896736588165,54.54850135860036,60.34218180007832,-23.88994921373589,-12.702042633437008
2026-08-10,39.02638443926316,57.6960615299324,-18.66967709066924,1.6240434182261902,1.5668458643424388,2.8983867525839915,35.84325933953983,42.209509538986495,54.62504363582122,60.76707942404358,-24.350515125733864,-12.988839055604616
2026-08-11,38.81714242209726,57.473377586979204,-18.65623516488194,1.4609742670191133,1.4419182871999174,2.561222979611827,35.9536328587398,41.68065198545472,54.64721774406737,60.29953742989104,-23.67623220492112,-13.63623812484276
2026-08-12,38.81714242209726,57.47337758697921,-18.65623516488194,1.4609742670191133,1.4419182871999174,2.561222979611827,35.9536328587398,41.68065198545472,54.647217744067376,60.299537429891046,-23.67623220492112,-13.63623812484276
2026-08-13,38.69311573695292,57.45687073622786,-18.763754999274948,1.3932094287553631,1.3412133876643701,2.3962385798905466,35.962425256592404,41.423806217313434,54.828092496405695,60.08564897605003,-23.460382615860418,-14.067127382689478
2026-08-14,38.69311573695292,57.45687073622788,-18.76375499927495,1.3932094287553634,1.3412133876643704,2.396238579890547,35.962425256592404,41.423806217313434,54.82809249640571,60.085648976050045,-23.460382615860425,-14.06712738268948
2026-08-15,38.69311573695292,57.45687073622787,-18.76375499927495,1.3932094287553634,1.3412133876643704,2.396238579890547,35.962425256592404,41.423806217313434,54.8280924964057,60.08564897605004,-23.460382615860425,-14.06712738268948
2026-08-16,39.20378670547517,56.98222589322501,-17.778439187749846,1.2913959248249205,1.3005658033517875,2.3244186558329734,36.67265069281832,41.73492271813201,54.4331169186555,59.53133486779451,-22.334299753182474,-13.222578622317219
2026-08-17,39.018332470843355,57.425671871877526,-18.407339401034164,1.3674673691062882,1.5269281428865347,2.7055842678419157,36.33809642739503,41.69856851429168,54.43289271181992,60.418451031935135,-23.71028456600432,-13.10439423606401
2026-08-18,39.027458907769216,57.384399501571224,-18.35694059380201,1.3296805834253538,1.4939152915425555,2.6380052130188076,36.42128496425552,41.63363285128291,54.456325530147815,60.31247347299463,-23.527430811318872,-13.186450376285144
2026-08-19,38.98482028114091,57.45687374003821,-18.4720534588973,1.3313075471431106,1.4977108047135295,2.649883888199717,36.375457488740416,41.59418307354141,54.52136056279969,60.39238691727673,-23.665825879768747,-13.278281038025854
2026-08-20,38.98482028114091,57.45687374003821,-18.4720534588973,1.3313075471431106,1.4977108047135295,2.6498838881997173,36.375457488740416,41.59418307354141,54.52136056279969,60.39238691727673,-23.665825879768747,-13.278281038025852
2026-08-21,38.98482028114091,57.45687374003821,-18.4720534588973,1.3313075471431106,1.4977108047135295,2.649883888199717,36.375457488740416,41.59418307354141,54.52136056279969,60.39238691727673,-23.665825879768747,-13.278281038025854
2026-08-22,38.98482028114091,57.45687374003821,-18.472053458897303,1.3313075471431106,1.4977108047135295,2.6498838881997173,36.375457488740416,41.59418307354141,54.52136056279969,60.39238691727673,-23.66582587976875,-13.278281038025856
2026-08-23,38.98482028114091,57.45687374003821,-18.472053458897303,1.3313075471431106,1.4977108047135295,2.6498838881997173,36.375457488740416,41.59418307354141,54.52136056279969,60.39238691727673,-23.66582587976875,-13.278281038025856
2026-08-24,39.193026134372,57.356335960595054,-18.16330982622306,1.2542733589859707,1.5136371055656264,2.608346456588448,36.734650350759495,41.6514019179845,54.38960723368643,60.32306468750368,-23.27566888113642,-13.0509507713097
2026-08-25,39.34554993111747,57.09723891851158,-17.75168898739411,1.2676427410758104,1.6490836896856185,2.7729284768608853,36.86097015860888,41.830129703626056,53.86503488672777,60.32944295029539,-23.186628802041447,-12.316749172746775
2026-08-26,39.34554993111747,57.09723891851158,-17.75168898739411,1.2676427410758104,1.6490836896856185,2.7729284768608853,36.86097015860888,41.830129703626056,53.86503488672777,60.32944295029539,-23.186628802041447,-12.316749172746775
2026-08-27,39.34554993111747,57.09723891851158,-17.75168898739411,1.2676427410758104,1.6490836896856185,2.7729284768608853,36.86097015860888,41.830129703626056,53.86503488672777,60.32944295029539,-23.186628802041447,-12.316749172746775
2026-08-28,39.34449063572378,57.1125767361257,-17.768086100401923,1.2402588237827312,1.61511562304423,2.714136876132881,36.91358334110963,41.77539793033793,53.94695011495901,60.2782033572924,-23.08779437762237,-12.448377823181477
2026-08-29,39.34449063572378,57.112576736125696,-17.76808610040192,1.2402588237827312,1.61511562304423,2.714136876132881,36.91358334110963,41.77539793033793,53.94695011495901,60.278203357292384,-23.087794377622366,-12.448377823181474
2026-08-30,39.678640169731224,56.65735827384125,-16.978718104110023,1.3848416767375538,1.645452702087933,2.900328186272476,36.96435048332562,42.39292985613683,53.4322709777489,59.882445569933594,-22.663361349204074,-11.29407485901597
2026-08-31,39.417004502818706,56.96616400543836,-17.549159502619656,1.3972977089519105,1.6505784815547906,2.9404599557206126,36.67830099327296,42.15570801236445,53.73103018159097,60.20129782928575,-23.312461015832056,-11.785857989407255
2026-09-01,39.75534416173912,56.746671151382436,-16.991326989643316,1.4526262503022398,1.6849110052391727,3.02911145889263,36.90819671114673,42.602491612331505,53.444245581113655,60.04909672165122,-22.92838544907287,-11.054268530213761
2026-09-02,39.15921074711457,57.264964813406365,-18.105754066291798,1.9833476015859928,2.001350295038304,3.901908298343345,35.27184944800602,43.04657204622312,53.34231823513129,61.18761139168144,-25.753494331044756,-10.458013801538842
2026-09-03,39.15921074711457,57.26496481340637,-18.105754066291798,1.9833476015859928,2.001350295038304,3.901908298343345,35.27184944800602,43.04657204622312,53.342318235131295,61.18761139168145,-25.753494331044756,-10.458013801538842
2026-09-04,39.15921074711457,57.264964813406365,-18.105754066291794,1.9833476015859925,2.001350295038304,3.901908298343345,35.27184944800602,43.04657204622312,53.34231823513129,61.18761139168144,-25.75349433104475,-10.458013801538838
2026-09-05,39.15921074711457,57.264964813406365,-18.105754066291798,1.9833476015859925,2.001350295038304,3.901908298343345,35.27184944800602,43.04657204622312,53.34231823513129,61.18761139168144,-25.753494331044756,-10.458013801538842
2026-09-06,38.831092571909004,57.289458301747636,-18.458365729838633,1.9352563158606344,1.7791166479380813,3.5982069488450508,35.03799019282216,42.62419495099585,53.802389671788994,60.77652693170628,-25.51085134957493,-11.405880110102334
2026-09-07,38.831092571909004,57.289458301747636,-18.458365729838633,1.9352563158606344,1.7791166479380813,3.5982069488450508,35.03799019282216,42.62419495099585,53.802389671788994,60.77652693170628,-25.51085134957493,-11.405880110102334
2026-09-08,38.62210392064001,57.555085670676625,-18.93298175003662,1.9139246761853366,1.84550685942283,3.6516385692603035,34.87081155531675,42.37339628596327,53.93789222620788,61.17227911514537,-26.090193345786815,-11.775770154286427
2026-09-09,38.398557921613964,57.91345131736127,-19.514893395747308,1.8019121223035905,1.8626379811482026,3.5769484932750286,34.866810161898925,41.930305681329,54.262680874310796,61.56422176041175,-26.525712442566363,-12.504074348928253
2026-09-10,38.398557921613964,57.91345131736127,-19.514893395747308,1.8019121223035905,1.8626379811482026,3.5769484932750286,34.866810161898925,41.930305681329,54.262680874310796,61.56422176041175,-26.525712442566363,-12.504074348928253
2026-09-11,38.398557921613964,57.91345131736127,-19.514893395747308,1.8019121223035905,1.8626379811482026,3.5769484932750286,34.866810161898925,41.930305681329,54.262680874310796,61.56422176041175,-26.525712442566363,-12.504074348928253
2026-09-12,38.39855792161397,57.91345131736128,-19.51489339574731,1.8019121223035905,1.8626379811482026,3.5769484932750286,34.86681016189893,41.93030568132901,54.2626808743108,61.564221760411755,-26.525712442566366,-12.504074348928256
2026-09-13,38.49561110713239,57.81646085068176,-19.320849743549367,1.5409854453353427,1.5590373873086305,3.0191600447161364,35.47527963427512,41.51594257998966,54.76074757155684,60.87217412980667,-25.238403431192992,-13.40329605590574
2026-09-14,38.68600104165844,57.94141220206613,-19.255411160407693,1.350050073377174,1.3553303370802583,2.601389442664417,36.039902897839184,41.3320991854777,55.284964741388826,60.59785966274344,-24.35413446802995,-14.156687852785435
2026-09-15,38.985669010801075,57.59377522884514,-18.608106218044064,1.379173420762579,1.3902411526049838,2.6152949695210266,36.28248910610642,41.68884891549573,54.86890256973937,60.31864788795091,-23.734084358305275,-13.482128077782852
2026-09-16,39.028261828987375,57.73917527747285,-18.710913448485474,1.294813690092291,1.3299938689002186,2.4546383159152225,36.490426996406484,41.56609666156827,55.132387294428426,60.34596326051728,-23.52200454767931,-13.899822349291638
2026-09-17,38.97301227816282,57.794104032448324,-18.8210917542855,1.4088204498611805,1.4157730218960396,2.68464515336445,36.21172419643491,41.73430035989073,55.01918890953208,60.569019155364565,-24.082996254879824,-13.559187253691178
2026-09-18,38.92270805214773,57.84641710707122,-18.923709054923485,1.4264475233621274,1.4359568810595775,2.727802248489816,36.126870906357965,41.7185451979375,55.031941620194445,60.66089259394799,-24.270201461963524,-13.577216647883446
2026-09-19,38.92270805214773,57.84641710707122,-18.923709054923485,1.4264475233621274,1.4359568810595775,2.727802248489816,36.126870906357965,41.7185451979375,55.031941620194445,60.66089259394799,-24.270201461963524,-13.577216647883446
2026-09-20,38.83522160339031,57.91265714822063,-19.077435544830326,1.4421570355230147,1.5038276384053528,2.8173298081268503,36.0085938137652,41.661849393015416,54.96515497694614,60.860159319495125,-24.599401968758954,-13.5554691209017
2026-09-21,38.04820100036724,58.78090794033161,-20.732706939964363,1.9675813196658523,2.1687992922936865,4.041912023549263,34.191741613822174,41.90466038691231,54.53006132743599,63.03175455322723,-28.65485450612092,-12.810559373807807
2026-09-22,38.123307028520735,58.95853983634961,-20.835232807828877,1.7746526178164737,2.0014831717926413,3.6441691752786487,34.644987897600444,41.601626159441025,55.03563281963603,62.88144685306319,-27.977804391375027,-13.692661224282727
2026-09-23,38.12330702852073,58.95853983634961,-20.835232807828877,1.7746526178164737,2.0014831717926413,3.6441691752786487,34.64498789760044,41.60162615944102,55.03563281963603,62.88144685306319,-27.977804391375027,-13.692661224282727
2026-09-24,38.12330702852073,58.95853983634961,-20.835232807828877,1.7746526178164737,2.0014831717926413,3.6441691752786487,34.64498789760044,41.60162615944102,55.03563281963603,62.88144685306319,-27.977804391375027,-13.692661224282727
2026-09-25,37.91426148006119,59.115330075674144,-21.20106859561295,1.76489134825847,1.9304244623494684,3.570890536141456,34.45507443747459,41.37344852264779,55.33169812946919,62.8989620218791,-28.200014046450203,-14.202123144775694
2026-09-26,37.91426148006119,59.115330075674144,-21.20106859561295,1.7648913482584698,1.9304244623494684,3.570890536141456,34.45507443747459,41.37344852264779,55.33169812946919,62.8989620218791,-28.200014046450203,-14.202123144775694
2026-09-27,38.008603737949755,59.11055633952445,-21.1019526015747,1.6638369093371128,1.8282714073835522,3.3789202886066647,34.74748339564901,41.2697240802505,55.527144381052686,62.693968297996214,-27.72463636724376,-14.479268835905636
2026-09-28,38.06157701288206,59.068202437886946,-21.006625425004888,1.6538267473920094,1.750308906819166,3.304952830443363,34.820076587993725,41.3030774377704,55.63759698052138,62.49880789525251,-27.48433297267388,-14.528917877335896
2026-09-29,37.92774004691054,59.22032749200553,-21.29258744509499,1.62980065906102,1.7326855682327638,3.2704185546382725,34.733330755150945,41.12214933867014,55.82426377826931,62.61639120574175,-27.702607812186006,-14.882567078003976
2026-09-30,37.92774004691054,59.22032749200553,-21.29258744509499,1.62980065906102,1.7326855682327638,3.2704185546382725,34.733330755150945,41.12214933867014,55.82426377826931,62.61639120574175,-27.702607812186006,-14.882567078003976
2026-10-01,37.89100119119344,59.26507417765233,-21.37407298645889,1.6169180101802918,1.7232598807330446,3.250288381951992,34.72184189124007,41.06016049114681,55.88748481141556,62.6426635438891,-27.744638215084795,-15.003507757832988
2026-10-02,37.89100119119344,59.26507417765233,-21.37407298645889,1.6169180101802918,1.7232598807330446,3.250288381951992,34.72184189124007,41.06016049114681,55.88748481141556,62.6426635438891,-27.744638215084795,-15.003507757832988
2026-10-03,37.89100119119344,59.26507417765233,-21.37407298645889,1.6169180101802918,1.7232598807330446,3.250288381951992,34.72184189124007,41.06016049114681,55.88748481141556,62.6426635438891,-27.744638215084795,-15.003507757832988
2026-10-04,37.89100119119344,59.26507417765233,-21.37407298645889,1.6169180101802918,1.7232598807330446,3.250288381951992,34.72184189124007,41.06016049114681,55.88748481141556,62.6426635438891,-27.744638215084795,-15.003507757832988
2026-10-05,37.789541165724195,59.36195763869708,-21.572416472972883,1.4087004719708196,1.5373463189499361,2.873280557428557,35.02848824066139,40.550594090787,56.3487588535552,62.37515642383895,-27.204046365532854,-15.940786580412912
2026-10-06,37.8729701656953,59.292616370619605,-21.419646204924312,1.3719187006323352,1.484562341637907,2.786239810809108,35.18400951245592,40.56193081893468,56.382874181009306,62.202358560229904,-26.88067623411016,-15.958616175738461
2026-10-07,37.8729701656953,59.292616370619605,-21.419646204924312,1.3719187006323352,1.484562341637907,2.786239810809108,35.18400951245592,40.56193081893468,56.382874181009306,62.202358560229904,-26.88067623411016,-15.958616175738461
2026-10-08,37.8729701656953,59.29261637061961,-21.419646204924312,1.3719187006323352,1.484562341637907,2.786239810809108,35.18400951245592,40.56193081893468,56.38287418100931,62.20235856022991,-26.88067623411016,-15.958616175738461
2026-10-09,37.87297016569529,59.292616370619605,-21.41964620492431,1.3719187006323352,1.484562341637907,2.7862398108091075,35.184009512455916,40.56193081893467,56.382874181009306,62.202358560229904,-26.88067623411016,-15.958616175738458
