end_date,approve,disapprove,net,approve_std,disapprove_std,net_std,approve_lower_ci,approve_upper_ci,disapprove_lower_ci,disapprove_upper_ci,net_lower_ci,net_upper_ci,issue
2025-01-21,0,0,0,0,0,0,0,0,0,0,0,0,iran
2025-01-22,0,0,0,0,0,0,0,0,0,0,0,0,iran
2025-01-23,0,0,0,0,0,0,0,0,0,0,0,0,iran
2025-01-24,0,0,0,0,0,0,0,0,0,0,0,0,iran
2025-01-25,0,0,0,0,0,0,0,0,0,0,0,0,iran
2025-01-26,0,0,0,0,0,0,0,0,0,0,0,0,iran
2025-01-27,0,0,0,0,0,0,0,0,0,0,0,0,iran
2025-01-28,0,0,0,0,0,0,0,0,0,0,0,0,iran
2025-01-29,0,0,0,0,0,0,0,0,0,0,0,0,iran
2025-01-30,0,0,0,0,0,0,0,0,0,0,0,0,iran
2025-01-31,0,0,0,0,0,0,0,0,0,0,0,0,iran
2025-02-01,0,0,0,0,0,0,0,0,0,0,0,0,iran
2025-02-02,0,0,0,0,0,0,0,0,0,0,0,0,iran
2025-02-03,0,0,0,0,0,0,0,0,0,0,0,0,iran
2025-02-04,0,0,0,0,0,0,0,0,0,0,0,0,iran
2025-02-05,0,0,0,0,0,0,0,0,0,0,0,0,iran
2025-02-06,0,0,0,0,0,0,0,0,0,0,0,0,iran
2025-02-07,0,0,0,0,0,0,0,0,0,0,0,0,iran
2025-02-08,0,0,0,0,0,0,0,0,0,0,0,0,iran
2025-02-09,0,0,0,0,0,0,0,0,0,0,0,0,iran
2025-02-10,0,0,0,0,0,0,0,0,0,0,0,0,iran
2025-02-11,0,0,0,0,0,0,0,0,0,0,0,0,iran
2025-02-12,0,0,0,0,0,0,0,0,0,0,0,0,iran
2025-02-13,0,0,0,0,0,0,0,0,0,0,0,0,iran
2025-02-14,0,0,0,0,0,0,0,0,0,0,0,0,iran
2025-02-15,0,0,0,0,0,0,0,0,0,0,0,0,iran
2025-02-16,0,0,0,0,0,0,0,0,0,0,0,0,iran
2025-02-17,0,0,0,0,0,0,0,0,0,0,0,0,iran
2025-02-18,0,0,0,0,0,0,0,0,0,0,0,0,iran
2025-02-19,0,0,0,0,0,0,0,0,0,0,0,0,iran
2025-02-20,0,0,0,0,0,0,0,0,0,0,0,0,iran
2025-02-21,0,0,0,0,0,0,0,0,0,0,0,0,iran
2025-02-22,0,0,0,0,0,0,0,0,0,0,0,0,iran
2025-02-23,0,0,0,0,0,0,0,0,0,0,0,0,iran
2025-02-24,0,0,0,0,0,0,0,0,0,0,0,0,iran
2025-02-25,0,0,0,0,0,0,0,0,0,0,0,0,iran
2025-02-26,0,0,0,0,0,0,0,0,0,0,0,0,iran
2025-02-27,0,0,0,0,0,0,0,0,0,0,0,0,iran
2025-02-28,0,0,0,0,0,0,0,0,0,0,0,0,iran
2025-03-01,0,0,0,0,0,0,0,0,0,0,0,0,iran
2025-03-02,0,0,0,0,0,0,0,0,0,0,0,0,iran
2025-03-03,0,0,0,0,0,0,0,0,0,0,0,0,iran
2025-03-04,0,0,0,0,0,0,0,0,0,0,0,0,iran
2025-03-05,0,0,0,0,0,0,0,0,0,0,0,0,iran
2025-03-06,0,0,0,0,0,0,0,0,0,0,0,0,iran
2025-03-07,0,0,0,0,0,0,0,0,0,0,0,0,iran
2025-03-08,0,0,0,0,0,0,0,0,0,0,0,0,iran
2025-03-09,0,0,0,0,0,0,0,0,0,0,0,0,iran
2025-03-10,0,0,0,0,0,0,0,0,0,0,0,0,iran
2025-03-11,0,0,0,0,0,0,0,0,0,0,0,0,iran
2025-03-12,0,0,0,0,0,0,0,0,0,0,0,0,iran
2025-03-13,0,0,0,0,0,0,0,0,0,0,0,0,iran
2025-03-14,0,0,0,0,0,0,0,0,0,0,0,0,iran
2025-03-15,0,0,0,0,0,0,0,0,0,0,0,0,iran
2025-03-16,0,0,0,0,0,0,0,0,0,0,0,0,iran
2025-03-17,0,0,0,0,0,0,0,0,0,0,0,0,iran
2025-03-18,0,0,0,0,0,0,0,0,0,0,0,0,iran
2025-03-19,0,0,0,0,0,0,0,0,0,0,0,0,iran
2025-03-20,0,0,0,0,0,0,0,0,0,0,0,0,iran
2025-03-21,0,0,0,0,0,0,0,0,0,0,0,0,iran
2025-03-22,0,0,0,0,0,0,0,0,0,0,0,0,iran
2025-03-23,0,0,0,0,0,0,0,0,0,0,0,0,iran
2025-03-24,0,0,0,0,0,0,0,0,0,0,0,0,iran
2025-03-25,0,0,0,0,0,0,0,0,0,0,0,0,iran
2025-03-26,0,0,0,0,0,0,0,0,0,0,0,0,iran
2025-03-27,0,0,0,0,0,0,0,0,0,0,0,0,iran
2025-03-28,0,0,0,0,0,0,0,0,0,0,0,0,iran
2025-03-29,0,0,0,0,0,0,0,0,0,0,0,0,iran
2025-03-30,0,0,0,0,0,0,0,0,0,0,0,0,iran
2025-03-31,0,0,0,0,0,0,0,0,0,0,0,0,iran
2025-04-01,0,0,0,0,0,0,0,0,0,0,0,0,iran
2025-04-02,0,0,0,0,0,0,0,0,0,0,0,0,iran
2025-04-03,0,0,0,0,0,0,0,0,0,0,0,0,iran
2025-04-04,0,0,0,0,0,0,0,0,0,0,0,0,iran
2025-04-05,0,0,0,0,0,0,0,0,0,0,0,0,iran
2025-04-06,0,0,0,0,0,0,0,0,0,0,0,0,iran
2025-04-07,0,0,0,0,0,0,0,0,0,0,0,0,iran
2025-04-08,0,0,0,0,0,0,0,0,0,0,0,0,iran
2025-04-09,0,0,0,0,0,0,0,0,0,0,0,0,iran
2025-04-10,0,0,0,0,0,0,0,0,0,0,0,0,iran
2025-04-11,0,0,0,0,0,0,0,0,0,0,0,0,iran
2025-04-12,0,0,0,0,0,0,0,0,0,0,0,0,iran
2025-04-13,0,0,0,0,0,0,0,0,0,0,0,0,iran
2025-04-14,0,0,0,0,0,0,0,0,0,0,0,0,iran
2025-04-15,0,0,0,0,0,0,0,0,0,0,0,0,iran
2025-04-16,0,0,0,0,0,0,0,0,0,0,0,0,iran
2025-04-17,0,0,0,0,0,0,0,0,0,0,0,0,iran
2025-04-18,0,0,0,0,0,0,0,0,0,0,0,0,iran
2025-04-19,0,0,0,0,0,0,0,0,0,0,0,0,iran
2025-04-20,0,0,0,0,0,0,0,0,0,0,0,0,iran
2025-04-21,0,0,0,0,0,0,0,0,0,0,0,0,iran
2025-04-22,0,0,0,0,0,0,0,0,0,0,0,0,iran
2025-04-23,0,0,0,0,0,0,0,0,0,0,0,0,iran
2025-04-24,0,0,0,0,0,0,0,0,0,0,0,0,iran
2025-04-25,0,0,0,0,0,0,0,0,0,0,0,0,iran
2025-04-26,0,0,0,0,0,0,0,0,0,0,0,0,iran
2025-04-27,0,0,0,0,0,0,0,0,0,0,0,0,iran
2025-04-28,0,0,0,0,0,0,0,0,0,0,0,0,iran
2025-04-29,0,0,0,0,0,0,0,0,0,0,0,0,iran
2025-04-30,0,0,0,0,0,0,0,0,0,0,0,0,iran
2025-05-01,0,0,0,0,0,0,0,0,0,0,0,0,iran
2025-05-02,0,0,0,0,0,0,0,0,0,0,0,0,iran
2025-05-03,0,0,0,0,0,0,0,0,0,0,0,0,iran
2025-05-04,0,0,0,0,0,0,0,0,0,0,0,0,iran
2025-05-05,0,0,0,0,0,0,0,0,0,0,0,0,iran
2025-05-06,0,0,0,0,0,0,0,0,0,0,0,0,iran
2025-05-07,0,0,0,0,0,0,0,0,0,0,0,0,iran
2025-05-08,0,0,0,0,0,0,0,0,0,0,0,0,iran
2025-05-09,0,0,0,0,0,0,0,0,0,0,0,0,iran
2025-05-10,0,0,0,0,0,0,0,0,0,0,0,0,iran
2025-05-11,0,0,0,0,0,0,0,0,0,0,0,0,iran
2025-05-12,0,0,0,0,0,0,0,0,0,0,0,0,iran
2025-05-13,0,0,0,0,0,0,0,0,0,0,0,0,iran
2025-05-14,0,0,0,0,0,0,0,0,0,0,0,0,iran
2025-05-15,0,0,0,0,0,0,0,0,0,0,0,0,iran
2025-05-16,0,0,0,0,0,0,0,0,0,0,0,0,iran
2025-05-17,0,0,0,0,0,0,0,0,0,0,0,0,iran
2025-05-18,0,0,0,0,0,0,0,0,0,0,0,0,iran
2025-05-19,0,0,0,0,0,0,0,0,0,0,0,0,iran
2025-05-20,0,0,0,0,0,0,0,0,0,0,0,0,iran
2025-05-21,0,0,0,0,0,0,0,0,0,0,0,0,iran
2025-05-22,0,0,0,0,0,0,0,0,0,0,0,0,iran
2025-05-23,0,0,0,0,0,0,0,0,0,0,0,0,iran
2025-05-24,0,0,0,0,0,0,0,0,0,0,0,0,iran
2025-05-25,0,0,0,0,0,0,0,0,0,0,0,0,iran
2025-05-26,0,0,0,0,0,0,0,0,0,0,0,0,iran
2025-05-27,0,0,0,0,0,0,0,0,0,0,0,0,iran
2025-05-28,0,0,0,0,0,0,0,0,0,0,0,0,iran
2025-05-29,0,0,0,0,0,0,0,0,0,0,0,0,iran
2025-05-30,0,0,0,0,0,0,0,0,0,0,0,0,iran
2025-05-31,0,0,0,0,0,0,0,0,0,0,0,0,iran
2025-06-01,0,0,0,0,0,0,0,0,0,0,0,0,iran
2025-06-02,0,0,0,0,0,0,0,0,0,0,0,0,iran
2025-06-03,0,0,0,0,0,0,0,0,0,0,0,0,iran
2025-06-04,0,0,0,0,0,0,0,0,0,0,0,0,iran
2025-06-05,0,0,0,0,0,0,0,0,0,0,0,0,iran
2025-06-06,0,0,0,0,0,0,0,0,0,0,0,0,iran
2025-06-07,0,0,0,0,0,0,0,0,0,0,0,0,iran
2025-06-08,0,0,0,0,0,0,0,0,0,0,0,0,iran
2025-06-09,0,0,0,0,0,0,0,0,0,0,0,0,iran
2025-06-10,0,0,0,0,0,0,0,0,0,0,0,0,iran
2025-06-11,0,0,0,0,0,0,0,0,0,0,0,0,iran
2025-06-12,0,0,0,0,0,0,0,0,0,0,0,0,iran
2025-06-13,0,0,0,0,0,0,0,0,0,0,0,0,iran
2025-06-14,0,0,0,0,0,0,0,0,0,0,0,0,iran
2025-06-15,0,0,0,0,0,0,0,0,0,0,0,0,iran
2025-06-16,37.01547726606733,42.22657685547244,-5.211099589405109,0,0,0,37.01547726606733,37.01547726606733,42.22657685547244,42.22657685547244,-5.211099589405109,-5.211099589405109,iran
2025-06-17,37.01547726606733,42.22657685547244,-5.211099589405109,0,0,0,37.01547726606733,37.01547726606733,42.22657685547244,42.22657685547244,-5.211099589405109,-5.211099589405109,iran
2025-06-18,37.01547726606733,42.22657685547244,-5.211099589405109,0,0,0,37.01547726606733,37.01547726606733,42.22657685547244,42.22657685547244,-5.211099589405109,-5.211099589405109,iran
2025-06-19,37.01547726606733,42.22657685547244,-5.211099589405109,0,0,0,37.01547726606733,37.01547726606733,42.22657685547244,42.22657685547244,-5.211099589405109,-5.211099589405109,iran
2025-06-20,37.01547726606733,42.22657685547244,-5.211099589405109,0,0,0,37.01547726606733,37.01547726606733,42.22657685547244,42.22657685547244,-5.211099589405109,-5.211099589405109,iran
2025-06-21,37.01547726606733,42.22657685547244,-5.211099589405109,0,0,0,37.01547726606733,37.01547726606733,42.22657685547244,42.22657685547244,-5.211099589405109,-5.211099589405109,iran
2025-06-22,37.01547726606733,42.22657685547244,-5.211099589405109,0,0,0,37.01547726606733,37.01547726606733,42.22657685547244,42.22657685547244,-5.211099589405109,-5.211099589405109,iran
2025-06-23,38.23984769864137,46.316413771058144,-8.076566072416776,1.108405264983233,3.7024716128007724,2.5940663478175394,36.06737337927423,40.41232201800851,39.05956940996863,53.57325813214766,-13.160936114139155,-2.992196030694399,iran
2025-06-24,38.23984769864137,46.31641377105815,-8.076566072416778,1.108405264983233,3.7024716128007724,2.5940663478175394,36.06737337927423,40.41232201800851,39.05956940996864,53.573258132147664,-13.160936114139155,-2.9921960306944007,iran
2025-06-25,38.23984769864137,46.31641377105815,-8.076566072416778,1.108405264983233,3.702471612800773,2.5940663478175394,36.06737337927423,40.41232201800851,39.05956940996864,53.573258132147664,-13.160936114139155,-2.9921960306944007,iran
2025-06-26,38.23984769864137,46.31641377105815,-8.076566072416778,1.108405264983233,3.7024716128007724,2.5940663478175394,36.06737337927423,40.41232201800851,39.05956940996864,53.573258132147664,-13.160936114139155,-2.9921960306944007,iran
2025-06-27,38.23984769864137,46.316413771058144,-8.076566072416776,1.108405264983233,3.7024716128007724,2.5940663478175394,36.06737337927423,40.41232201800851,39.05956940996863,53.57325813214766,-13.160936114139155,-2.992196030694399,iran
2025-06-28,38.23984769864137,46.316413771058144,-8.076566072416776,1.108405264983233,3.7024716128007724,2.5940663478175394,36.06737337927423,40.41232201800851,39.05956940996863,53.57325813214766,-13.160936114139155,-2.992196030694399,iran
2025-06-29,38.23984769864137,46.31641377105815,-8.076566072416778,1.108405264983233,3.7024716128007724,2.5940663478175394,36.06737337927423,40.41232201800851,39.05956940996864,53.573258132147664,-13.160936114139155,-2.9921960306944007,iran
2025-06-30,38.23984769864137,46.316413771058144,-8.076566072416776,1.108405264983233,3.7024716128007724,2.5940663478175394,36.06737337927423,40.41232201800851,39.05956940996863,53.57325813214766,-13.160936114139155,-2.992196030694399,iran
2025-07-01,38.23984769864137,46.31641377105815,-8.076566072416778,1.108405264983233,3.702471612800773,2.5940663478175394,36.06737337927423,40.41232201800851,39.05956940996864,53.573258132147664,-13.160936114139155,-2.9921960306944007,iran
2025-07-02,38.23984769864137,46.316413771058144,-8.076566072416776,1.108405264983233,3.7024716128007724,2.5940663478175394,36.06737337927423,40.41232201800851,39.05956940996863,53.57325813214766,-13.160936114139155,-2.992196030694399,iran
2025-07-03,38.23984769864137,46.31641377105815,-8.076566072416778,1.108405264983233,3.7024716128007724,2.5940663478175394,36.06737337927423,40.41232201800851,39.05956940996864,53.573258132147664,-13.160936114139155,-2.9921960306944007,iran
2025-07-04,38.23984769864137,46.31641377105815,-8.076566072416778,1.108405264983233,3.7024716128007724,2.5940663478175394,36.06737337927423,40.41232201800851,39.05956940996864,53.573258132147664,-13.160936114139155,-2.9921960306944007,iran
2025-07-05,38.23984769864137,46.31641377105815,-8.076566072416778,1.108405264983233,3.702471612800773,2.5940663478175394,36.06737337927423,40.41232201800851,39.05956940996864,53.573258132147664,-13.160936114139155,-2.9921960306944007,iran
2025-07-06,38.23984769864137,46.31641377105815,-8.076566072416778,1.108405264983233,3.7024716128007724,2.5940663478175394,36.06737337927423,40.41232201800851,39.05956940996864,53.573258132147664,-13.160936114139155,-2.9921960306944007,iran
2025-07-07,38.23984769864137,46.31641377105814,-8.076566072416774,1.108405264983233,3.7024716128007724,2.5940663478175394,36.06737337927423,40.41232201800851,39.059569409968624,53.57325813214765,-13.160936114139151,-2.992196030694397,iran
2025-07-08,38.23984769864137,46.31641377105814,-8.076566072416774,1.108405264983233,3.7024716128007724,2.5940663478175394,36.06737337927423,40.41232201800851,39.059569409968624,53.57325813214765,-13.160936114139151,-2.992196030694397,iran
2025-07-09,38.23984769864137,46.31641377105815,-8.076566072416778,1.108405264983233,3.7024716128007724,2.5940663478175394,36.06737337927423,40.41232201800851,39.05956940996864,53.573258132147664,-13.160936114139155,-2.9921960306944007,iran
2025-07-10,38.23984769864137,46.31641377105815,-8.076566072416778,1.108405264983233,3.7024716128007724,2.5940663478175394,36.06737337927423,40.41232201800851,39.05956940996864,53.573258132147664,-13.160936114139155,-2.9921960306944007,iran
2025-07-11,38.23984769864137,46.31641377105815,-8.076566072416778,1.108405264983233,3.7024716128007724,2.5940663478175394,36.06737337927423,40.41232201800851,39.05956940996864,53.573258132147664,-13.160936114139155,-2.9921960306944007,iran
2025-07-12,38.23984769864137,46.31641377105815,-8.076566072416778,1.108405264983233,3.702471612800773,2.5940663478175394,36.06737337927423,40.41232201800851,39.05956940996864,53.573258132147664,-13.160936114139155,-2.9921960306944007,iran
2025-07-13,38.23984769864137,46.31641377105815,-8.076566072416778,1.108405264983233,3.7024716128007724,2.5940663478175394,36.06737337927423,40.41232201800851,39.05956940996864,53.573258132147664,-13.160936114139155,-2.9921960306944007,iran
2025-07-14,38.23984769864137,46.31641377105814,-8.076566072416776,1.108405264983233,3.7024716128007724,2.5940663478175394,36.06737337927423,40.41232201800851,39.059569409968624,53.57325813214765,-13.160936114139155,-2.992196030694399,iran
2025-07-15,38.23984769864137,46.31641377105815,-8.076566072416778,1.108405264983233,3.702471612800773,2.5940663478175394,36.06737337927423,40.41232201800851,39.05956940996864,53.573258132147664,-13.160936114139155,-2.9921960306944007,iran
2025-07-16,38.23984769864137,46.31641377105815,-8.076566072416778,1.108405264983233,3.702471612800773,2.5940663478175394,36.06737337927423,40.41232201800851,39.05956940996864,53.573258132147664,-13.160936114139155,-2.9921960306944007,iran
2025-07-17,38.23984769864137,46.316413771058144,-8.076566072416776,1.108405264983233,3.7024716128007724,2.5940663478175394,36.06737337927423,40.41232201800851,39.05956940996863,53.57325813214766,-13.160936114139155,-2.992196030694399,iran
2025-07-18,38.23984769864137,46.31641377105815,-8.076566072416778,1.108405264983233,3.702471612800773,2.5940663478175394,36.06737337927423,40.41232201800851,39.05956940996864,53.573258132147664,-13.160936114139155,-2.9921960306944007,iran
2025-07-19,38.23984769864137,46.31641377105815,-8.076566072416778,1.108405264983233,3.7024716128007724,2.5940663478175394,36.06737337927423,40.41232201800851,39.05956940996864,53.573258132147664,-13.160936114139155,-2.9921960306944007,iran
2025-07-20,38.23984769864137,46.31641377105815,-8.076566072416778,1.108405264983233,3.702471612800773,2.5940663478175394,36.06737337927423,40.41232201800851,39.05956940996864,53.573258132147664,-13.160936114139155,-2.9921960306944007,iran
2025-07-21,38.23984769864137,46.31641377105815,-8.076566072416778,1.108405264983233,3.7024716128007724,2.5940663478175394,36.06737337927423,40.41232201800851,39.05956940996864,53.573258132147664,-13.160936114139155,-2.9921960306944007,iran
2025-07-22,38.23984769864137,46.31641377105815,-8.076566072416778,1.108405264983233,3.7024716128007724,2.5940663478175394,36.06737337927423,40.41232201800851,39.05956940996864,53.573258132147664,-13.160936114139155,-2.9921960306944007,iran
2025-07-23,38.23984769864137,46.316413771058144,-8.076566072416776,1.108405264983233,3.7024716128007724,2.5940663478175394,36.06737337927423,40.41232201800851,39.05956940996863,53.57325813214766,-13.160936114139155,-2.992196030694399,iran
2025-07-24,38.23984769864137,46.316413771058144,-8.076566072416776,1.108405264983233,3.702471612800773,2.5940663478175394,36.06737337927423,40.41232201800851,39.05956940996863,53.57325813214766,-13.160936114139155,-2.992196030694399,iran
2025-07-25,38.23984769864137,46.316413771058144,-8.076566072416776,1.108405264983233,3.7024716128007724,2.5940663478175394,36.06737337927423,40.41232201800851,39.05956940996863,53.57325813214766,-13.160936114139155,-2.992196030694399,iran
2025-07-26,38.23984769864137,46.31641377105814,-8.076566072416774,1.108405264983233,3.7024716128007724,2.5940663478175394,36.06737337927423,40.41232201800851,39.059569409968624,53.57325813214765,-13.160936114139151,-2.992196030694397,iran
2025-07-27,38.23984769864137,46.31641377105815,-8.076566072416778,1.108405264983233,3.702471612800773,2.5940663478175394,36.06737337927423,40.41232201800851,39.05956940996864,53.573258132147664,-13.160936114139155,-2.9921960306944007,iran
2025-07-28,38.23984769864137,46.31641377105815,-8.076566072416778,1.1084052649832332,3.702471612800773,2.59406634781754,36.06737337927423,40.41232201800851,39.05956940996864,53.573258132147664,-13.160936114139156,-2.9921960306943998,iran
2025-07-29,38.23984769864137,46.316413771058144,-8.076566072416776,1.108405264983233,3.7024716128007724,2.5940663478175394,36.06737337927423,40.41232201800851,39.05956940996863,53.57325813214766,-13.160936114139155,-2.992196030694399,iran
2025-07-30,40.28251633170107,47.01445874130772,-6.7319424096066545,0.7982890603888229,1.2402194261984778,0.9720141171058341,38.717869773338975,41.84716289006316,44.583628665958706,49.445288816656735,-8.63709007913409,-4.82679474007922,iran
2025-07-31,40.28251633170107,47.01445874130772,-6.731942409606655,0.7982890603888229,1.2402194261984778,0.9720141171058342,38.717869773338975,41.84716289006316,44.583628665958706,49.445288816656735,-8.63709007913409,-4.826794740079221,iran
2025-08-01,40.28251633170106,47.01445874130772,-6.7319424096066545,0.7982890603888226,1.2402194261984778,0.9720141171058341,38.71786977333897,41.84716289006315,44.583628665958706,49.445288816656735,-8.63709007913409,-4.82679474007922,iran
2025-08-02,40.282516331701075,47.01445874130773,-6.731942409606656,0.7982890603888229,1.240219426198478,0.9720141171058343,38.71786977333898,41.84716289006317,44.58362866595871,49.44528881665674,-8.637090079134092,-4.826794740079221,iran
2025-08-03,40.282516331701075,47.01445874130773,-6.731942409606655,0.7982890603888227,1.2402194261984778,0.9720141171058341,38.71786977333898,41.84716289006317,44.58362866595871,49.44528881665674,-8.63709007913409,-4.826794740079221,iran
2025-08-04,40.28251633170107,47.01445874130772,-6.7319424096066545,0.7982890603888227,1.2402194261984778,0.9720141171058342,38.717869773338975,41.84716289006316,44.583628665958706,49.445288816656735,-8.63709007913409,-4.82679474007922,iran
2025-08-05,40.28251633170107,47.01445874130772,-6.7319424096066545,0.7982890603888227,1.2402194261984778,0.9720141171058341,38.717869773338975,41.84716289006316,44.583628665958706,49.445288816656735,-8.63709007913409,-4.82679474007922,iran
2025-08-06,40.28251633170107,47.01445874130772,-6.7319424096066545,0.7982890603888227,1.2402194261984778,0.9720141171058342,38.717869773338975,41.84716289006316,44.583628665958706,49.445288816656735,-8.63709007913409,-4.82679474007922,iran
2025-08-07,40.28251633170107,47.01445874130772,-6.731942409606655,0.7982890603888227,1.2402194261984778,0.9720141171058342,38.717869773338975,41.84716289006316,44.583628665958706,49.445288816656735,-8.63709007913409,-4.826794740079221,iran
2025-08-08,40.28251633170107,47.01445874130772,-6.7319424096066545,0.7982890603888229,1.2402194261984778,0.9720141171058341,38.717869773338975,41.84716289006316,44.583628665958706,49.445288816656735,-8.63709007913409,-4.82679474007922,iran
2025-08-09,40.28251633170107,47.01445874130772,-6.7319424096066545,0.7982890603888227,1.2402194261984776,0.9720141171058341,38.717869773338975,41.84716289006316,44.583628665958706,49.445288816656735,-8.63709007913409,-4.82679474007922,iran
2025-08-10,40.17620159204575,51.87803101528098,-11.70182942323523,0.3320999668888837,2.2553527061704886,2.28021221219885,39.52528565694354,40.82711752714796,47.457539711186826,56.29852231937514,-16.171045359144976,-7.232613487325484,iran
2025-08-11,40.17620159204575,51.87803101528098,-11.70182942323523,0.3320999668888837,2.2553527061704886,2.28021221219885,39.52528565694354,40.82711752714796,47.457539711186826,56.29852231937514,-16.171045359144976,-7.232613487325484,iran
2025-08-12,40.17620159204575,51.87803101528098,-11.70182942323523,0.3320999668888837,2.2553527061704886,2.28021221219885,39.52528565694354,40.82711752714796,47.457539711186826,56.29852231937514,-16.171045359144976,-7.232613487325484,iran
2025-08-13,40.17620159204575,51.87803101528098,-11.70182942323523,0.3320999668888837,2.2553527061704886,2.28021221219885,39.52528565694354,40.82711752714796,47.457539711186826,56.29852231937514,-16.171045359144976,-7.232613487325484,iran
2025-08-14,40.17620159204575,51.87803101528098,-11.70182942323523,0.3320999668888837,2.2553527061704886,2.28021221219885,39.52528565694354,40.82711752714796,47.457539711186826,56.29852231937514,-16.171045359144976,-7.232613487325484,iran
2025-08-15,40.17620159204575,51.87803101528098,-11.70182942323523,0.33209996688888366,2.2553527061704886,2.28021221219885,39.52528565694354,40.82711752714796,47.457539711186826,56.29852231937514,-16.171045359144976,-7.232613487325484,iran
2025-08-16,40.17620159204575,51.87803101528098,-11.701829423235228,0.3320999668888837,2.2553527061704886,2.28021221219885,39.52528565694354,40.82711752714796,47.457539711186826,56.29852231937514,-16.171045359144976,-7.232613487325482,iran
2025-08-17,40.17620159204575,51.87803101528098,-11.70182942323523,0.3320999668888836,2.2553527061704886,2.28021221219885,39.52528565694354,40.82711752714796,47.457539711186826,56.29852231937514,-16.171045359144976,-7.232613487325484,iran
2025-08-18,40.17620159204575,51.87803101528098,-11.701829423235228,0.33209996688888366,2.2553527061704886,2.28021221219885,39.52528565694354,40.82711752714796,47.457539711186826,56.29852231937514,-16.171045359144976,-7.232613487325482,iran
2025-08-19,40.17620159204575,51.87803101528098,-11.70182942323523,0.3320999668888837,2.2553527061704886,2.28021221219885,39.52528565694354,40.82711752714796,47.457539711186826,56.29852231937514,-16.171045359144976,-7.232613487325484,iran
2025-08-20,40.17620159204575,51.87803101528098,-11.701829423235228,0.3320999668888837,2.2553527061704886,2.28021221219885,39.52528565694354,40.82711752714796,47.457539711186826,56.29852231937514,-16.171045359144976,-7.232613487325482,iran
2025-08-21,40.17620159204575,51.87803101528098,-11.70182942323523,0.3320999668888836,2.2553527061704886,2.28021221219885,39.52528565694354,40.82711752714796,47.457539711186826,56.29852231937514,-16.171045359144976,-7.232613487325484,iran
2025-08-22,40.17620159204574,51.878031015280975,-11.701829423235228,0.3320999668888836,2.2553527061704886,2.28021221219885,39.52528565694353,40.827117527147955,47.45753971118682,56.29852231937513,-16.171045359144976,-7.232613487325482,iran
2025-08-23,40.17620159204574,51.878031015280975,-11.701829423235226,0.33209996688888366,2.2553527061704886,2.28021221219885,39.52528565694353,40.827117527147955,47.45753971118682,56.29852231937513,-16.171045359144973,-7.23261348732548,iran
2025-08-24,40.17620159204575,51.87803101528098,-11.70182942323523,0.3320999668888837,2.2553527061704886,2.28021221219885,39.52528565694354,40.82711752714796,47.457539711186826,56.29852231937514,-16.171045359144976,-7.232613487325484,iran
2025-08-25,40.17620159204575,51.87803101528098,-11.701829423235228,0.33209996688888366,2.2553527061704886,2.28021221219885,39.52528565694354,40.82711752714796,47.457539711186826,56.29852231937514,-16.171045359144976,-7.232613487325482,iran
2025-08-26,40.17620159204575,51.87803101528098,-11.70182942323523,0.33209996688888366,2.2553527061704886,2.28021221219885,39.52528565694354,40.82711752714796,47.457539711186826,56.29852231937514,-16.171045359144976,-7.232613487325484,iran
2025-08-27,40.17620159204575,51.87803101528098,-11.70182942323523,0.3320999668888837,2.2553527061704886,2.28021221219885,39.52528565694354,40.82711752714796,47.457539711186826,56.29852231937514,-16.171045359144976,-7.232613487325484,iran
2025-08-28,40.17620159204575,51.87803101528098,-11.70182942323523,0.3320999668888837,2.2553527061704886,2.28021221219885,39.52528565694354,40.82711752714796,47.457539711186826,56.29852231937514,-16.171045359144976,-7.232613487325484,iran
2025-08-29,40.17620159204575,51.87803101528098,-11.70182942323523,0.33209996688888366,2.2553527061704886,2.28021221219885,39.52528565694354,40.82711752714796,47.457539711186826,56.29852231937514,-16.171045359144976,-7.232613487325484,iran
2025-08-30,40.17620159204575,51.87803101528098,-11.701829423235228,0.33209996688888366,2.2553527061704886,2.28021221219885,39.52528565694354,40.82711752714796,47.457539711186826,56.29852231937514,-16.171045359144976,-7.232613487325482,iran
2025-08-31,40.17620159204575,51.87803101528098,-11.701829423235228,0.3320999668888837,2.2553527061704886,2.28021221219885,39.52528565694354,40.82711752714796,47.457539711186826,56.29852231937514,-16.171045359144976,-7.232613487325482,iran
2025-09-01,40.17620159204575,51.87803101528098,-11.701829423235228,0.3320999668888836,2.255352706170488,2.28021221219885,39.52528565694354,40.82711752714796,47.457539711186826,56.29852231937514,-16.171045359144976,-7.232613487325482,iran
2025-09-02,40.17620159204574,51.878031015280975,-11.701829423235228,0.3320999668888836,2.2553527061704886,2.28021221219885,39.52528565694353,40.827117527147955,47.45753971118682,56.29852231937513,-16.171045359144976,-7.232613487325482,iran
2025-09-03,40.17620159204575,51.87803101528098,-11.70182942323523,0.3320999668888837,2.2553527061704886,2.28021221219885,39.52528565694354,40.82711752714796,47.457539711186826,56.29852231937514,-16.171045359144976,-7.232613487325484,iran
2025-09-04,40.17620159204576,51.87803101528099,-11.70182942323523,0.3320999668888837,2.255352706170489,2.28021221219885,39.525285656943545,40.82711752714797,47.45753971118683,56.298522319375145,-16.171045359144976,-7.232613487325484,iran
2025-09-05,40.17620159204575,51.87803101528098,-11.70182942323523,0.33209996688888366,2.2553527061704886,2.28021221219885,39.52528565694354,40.82711752714796,47.457539711186826,56.29852231937514,-16.171045359144976,-7.232613487325484,iran
2025-09-06,40.17620159204576,51.87803101528099,-11.70182942323523,0.33209996688888366,2.2553527061704886,2.28021221219885,39.525285656943545,40.82711752714797,47.45753971118683,56.298522319375145,-16.171045359144976,-7.232613487325484,iran
2025-09-07,40.17620159204574,51.878031015280975,-11.701829423235228,0.33209996688888366,2.2553527061704886,2.28021221219885,39.52528565694353,40.827117527147955,47.45753971118682,56.29852231937513,-16.171045359144976,-7.232613487325482,iran
2025-09-08,40.17620159204575,51.87803101528098,-11.701829423235228,0.3320999668888837,2.255352706170489,2.2802122121988506,39.52528565694354,40.82711752714796,47.457539711186826,56.29852231937514,-16.171045359144976,-7.232613487325481,iran
2025-09-09,40.17620159204574,51.878031015280975,-11.701829423235228,0.3320999668888836,2.2553527061704886,2.28021221219885,39.52528565694353,40.827117527147955,47.45753971118682,56.29852231937513,-16.171045359144976,-7.232613487325482,iran
2025-09-10,40.17620159204575,51.87803101528098,-11.701829423235228,0.33209996688888366,2.2553527061704886,2.2802122121988506,39.52528565694354,40.82711752714796,47.457539711186826,56.29852231937514,-16.171045359144976,-7.232613487325481,iran
2025-09-11,40.17620159204576,51.87803101528099,-11.70182942323523,0.3320999668888837,2.255352706170489,2.28021221219885,39.525285656943545,40.82711752714797,47.45753971118683,56.298522319375145,-16.171045359144976,-7.232613487325484,iran
2025-09-12,40.17620159204575,51.87803101528098,-11.701829423235228,0.3320999668888837,2.255352706170489,2.2802122121988506,39.52528565694354,40.82711752714796,47.457539711186826,56.29852231937514,-16.171045359144976,-7.232613487325481,iran
2025-09-13,40.17620159204576,51.87803101528099,-11.70182942323523,0.3320999668888836,2.2553527061704886,2.28021221219885,39.525285656943545,40.82711752714797,47.45753971118683,56.298522319375145,-16.171045359144976,-7.232613487325484,iran
2025-09-14,40.17620159204575,51.87803101528098,-11.70182942323523,0.3320999668888837,2.2553527061704886,2.28021221219885,39.52528565694354,40.82711752714796,47.457539711186826,56.29852231937514,-16.171045359144976,-7.232613487325484,iran
2025-09-15,40.17620159204575,51.87803101528098,-11.70182942323523,0.3320999668888837,2.2553527061704886,2.28021221219885,39.52528565694354,40.82711752714796,47.457539711186826,56.29852231937514,-16.171045359144976,-7.232613487325484,iran
2025-09-16,40.17620159204575,51.87803101528098,-11.70182942323523,0.33209996688888366,2.2553527061704886,2.28021221219885,39.52528565694354,40.82711752714796,47.457539711186826,56.29852231937514,-16.171045359144976,-7.232613487325484,iran
2025-09-17,40.17620159204575,51.87803101528098,-11.701829423235228,0.3320999668888836,2.255352706170488,2.28021221219885,39.52528565694354,40.82711752714796,47.457539711186826,56.29852231937514,-16.171045359144976,-7.232613487325482,iran
2025-09-18,40.17620159204574,51.878031015280975,-11.701829423235226,0.33209996688888366,2.2553527061704886,2.28021221219885,39.52528565694353,40.827117527147955,47.45753971118682,56.29852231937513,-16.171045359144973,-7.23261348732548,iran
2025-09-19,40.17620159204575,51.87803101528098,-11.70182942323523,0.3320999668888837,2.2553527061704886,2.28021221219885,39.52528565694354,40.82711752714796,47.457539711186826,56.29852231937514,-16.171045359144976,-7.232613487325484,iran
2025-09-20,40.17620159204575,51.87803101528098,-11.701829423235228,0.3320999668888836,2.255352706170488,2.28021221219885,39.52528565694354,40.82711752714796,47.457539711186826,56.29852231937514,-16.171045359144976,-7.232613487325482,iran
2025-09-21,40.17620159204574,51.878031015280975,-11.701829423235228,0.3320999668888836,2.2553527061704886,2.28021221219885,39.52528565694353,40.827117527147955,47.45753971118682,56.29852231937513,-16.171045359144976,-7.232613487325482,iran
2025-09-22,40.17620159204575,51.87803101528098,-11.701829423235228,0.3320999668888837,2.2553527061704886,2.28021221219885,39.52528565694354,40.82711752714796,47.457539711186826,56.29852231937514,-16.171045359144976,-7.232613487325482,iran
2025-09-23,40.17620159204575,51.87803101528098,-11.70182942323523,0.3320999668888837,2.2553527061704886,2.28021221219885,39.52528565694354,40.82711752714796,47.457539711186826,56.29852231937514,-16.171045359144976,-7.232613487325484,iran
2025-09-24,40.17620159204575,51.87803101528098,-11.701829423235228,0.3320999668888836,2.255352706170488,2.28021221219885,39.52528565694354,40.82711752714796,47.457539711186826,56.29852231937514,-16.171045359144976,-7.232613487325482,iran
2025-09-25,40.17620159204575,51.87803101528098,-11.701829423235228,0.33209996688888366,2.2553527061704886,2.2802122121988506,39.52528565694354,40.82711752714796,47.457539711186826,56.29852231937514,-16.171045359144976,-7.232613487325481,iran
2025-09-26,40.17620159204574,51.878031015280975,-11.701829423235228,0.33209996688888366,2.2553527061704886,2.28021221219885,39.52528565694353,40.827117527147955,47.45753971118682,56.29852231937513,-16.171045359144976,-7.232613487325482,iran
2025-09-27,40.17620159204575,51.87803101528098,-11.701829423235228,0.33209996688888377,2.255352706170489,2.2802122121988506,39.52528565694354,40.82711752714796,47.457539711186826,56.29852231937514,-16.171045359144976,-7.232613487325481,iran
2025-09-28,40.17620159204575,51.87803101528098,-11.70182942323523,0.33209996688888366,2.2553527061704886,2.28021221219885,39.52528565694354,40.82711752714796,47.457539711186826,56.29852231937514,-16.171045359144976,-7.232613487325484,iran
2025-09-29,40.17620159204575,51.87803101528098,-11.701829423235228,0.3320999668888837,2.255352706170489,2.2802122121988506,39.52528565694354,40.82711752714796,47.457539711186826,56.29852231937514,-16.171045359144976,-7.232613487325481,iran
2025-09-30,40.17620159204574,51.878031015280975,-11.701829423235226,0.33209996688888366,2.255352706170488,2.2802122121988497,39.52528565694353,40.827117527147955,47.45753971118682,56.29852231937513,-16.171045359144973,-7.232613487325481,iran
2025-10-01,40.17620159204574,51.878031015280975,-11.701829423235228,0.3320999668888836,2.2553527061704886,2.28021221219885,39.52528565694353,40.827117527147955,47.45753971118682,56.29852231937513,-16.171045359144976,-7.232613487325482,iran
2025-10-02,40.17620159204575,51.87803101528098,-11.701829423235228,0.3320999668888836,2.2553527061704886,2.28021221219885,39.52528565694354,40.82711752714796,47.457539711186826,56.29852231937514,-16.171045359144976,-7.232613487325482,iran
2025-10-03,40.17620159204575,51.87803101528098,-11.701829423235228,0.3320999668888837,2.255352706170489,2.2802122121988506,39.52528565694354,40.82711752714796,47.457539711186826,56.29852231937514,-16.171045359144976,-7.232613487325481,iran
2025-10-04,40.17620159204575,51.87803101528098,-11.701829423235228,0.33209996688888366,2.255352706170488,2.2802122121988497,39.52528565694354,40.82711752714796,47.457539711186826,56.29852231937514,-16.171045359144973,-7.232613487325483,iran
2025-10-05,40.17620159204575,51.87803101528098,-11.701829423235228,0.3320999668888836,2.255352706170488,2.28021221219885,39.52528565694354,40.82711752714796,47.457539711186826,56.29852231937514,-16.171045359144976,-7.232613487325482,iran
2025-10-06,40.17620159204574,51.878031015280975,-11.701829423235226,0.3320999668888836,2.255352706170488,2.2802122121988497,39.52528565694353,40.827117527147955,47.45753971118682,56.29852231937513,-16.171045359144973,-7.232613487325481,iran
2025-10-07,40.17620159204576,51.87803101528099,-11.70182942323523,0.3320999668888837,2.255352706170489,2.2802122121988506,39.525285656943545,40.82711752714797,47.45753971118683,56.298522319375145,-16.171045359144976,-7.232613487325483,iran
2025-10-08,40.17620159204575,51.87803101528098,-11.701829423235228,0.33209996688888366,2.255352706170488,2.2802122121988497,39.52528565694354,40.82711752714796,47.457539711186826,56.29852231937514,-16.171045359144973,-7.232613487325483,iran
2025-10-09,40.17620159204576,51.87803101528099,-11.70182942323523,0.3320999668888836,2.2553527061704886,2.28021221219885,39.525285656943545,40.82711752714797,47.45753971118683,56.298522319375145,-16.171045359144976,-7.232613487325484,iran
2025-10-10,40.17620159204575,51.87803101528098,-11.70182942323523,0.33209996688888366,2.2553527061704886,2.28021221219885,39.52528565694354,40.82711752714796,47.457539711186826,56.29852231937514,-16.171045359144976,-7.232613487325484,iran
2025-10-11,40.17620159204575,51.87803101528098,-11.701829423235228,0.3320999668888837,2.255352706170489,2.2802122121988506,39.52528565694354,40.82711752714796,47.457539711186826,56.29852231937514,-16.171045359144976,-7.232613487325481,iran
2025-10-12,40.17620159204575,51.87803101528098,-11.70182942323523,0.33209996688888377,2.2553527061704886,2.28021221219885,39.52528565694354,40.82711752714796,47.457539711186826,56.29852231937514,-16.171045359144976,-7.232613487325484,iran
2025-10-13,40.17620159204575,51.87803101528098,-11.70182942323523,0.33209996688888366,2.2553527061704886,2.28021221219885,39.52528565694354,40.82711752714796,47.457539711186826,56.29852231937514,-16.171045359144976,-7.232613487325484,iran
2025-10-14,40.17620159204575,51.87803101528098,-11.70182942323523,0.3320999668888836,2.2553527061704886,2.28021221219885,39.52528565694354,40.82711752714796,47.457539711186826,56.29852231937514,-16.171045359144976,-7.232613487325484,iran
2025-10-15,40.17620159204575,51.87803101528098,-11.70182942323523,0.33209996688888377,2.2553527061704886,2.28021221219885,39.52528565694354,40.82711752714796,47.457539711186826,56.29852231937514,-16.171045359144976,-7.232613487325484,iran
2025-10-16,40.17620159204575,51.87803101528098,-11.70182942323523,0.3320999668888838,2.2553527061704886,2.28021221219885,39.52528565694354,40.82711752714796,47.457539711186826,56.29852231937514,-16.171045359144976,-7.232613487325484,iran
2025-10-17,40.17620159204575,51.87803101528098,-11.70182942323523,0.3320999668888837,2.2553527061704886,2.28021221219885,39.52528565694354,40.82711752714796,47.457539711186826,56.29852231937514,-16.171045359144976,-7.232613487325484,iran
2025-10-18,40.17620159204574,51.878031015280975,-11.701829423235226,0.3320999668888835,2.255352706170488,2.2802122121988497,39.52528565694353,40.827117527147955,47.45753971118682,56.29852231937513,-16.171045359144973,-7.232613487325481,iran
2025-10-19,40.17620159204575,51.87803101528098,-11.70182942323523,0.33209996688888366,2.255352706170488,2.28021221219885,39.52528565694354,40.82711752714796,47.457539711186826,56.29852231937514,-16.171045359144976,-7.232613487325484,iran
2025-10-20,40.17620159204575,51.87803101528098,-11.70182942323523,0.33209996688888366,2.2553527061704886,2.28021221219885,39.52528565694354,40.82711752714796,47.457539711186826,56.29852231937514,-16.171045359144976,-7.232613487325484,iran
2025-10-21,40.17620159204575,51.87803101528098,-11.701829423235228,0.33209996688888366,2.2553527061704886,2.28021221219885,39.52528565694354,40.82711752714796,47.457539711186826,56.29852231937514,-16.171045359144976,-7.232613487325482,iran
2025-10-22,40.17620159204575,51.87803101528098,-11.70182942323523,0.33209996688888366,2.2553527061704886,2.28021221219885,39.52528565694354,40.82711752714796,47.457539711186826,56.29852231937514,-16.171045359144976,-7.232613487325484,iran
2025-10-23,40.17620159204574,51.878031015280975,-11.701829423235228,0.3320999668888837,2.2553527061704886,2.28021221219885,39.52528565694353,40.827117527147955,47.45753971118682,56.29852231937513,-16.171045359144976,-7.232613487325482,iran
2025-10-24,40.17620159204575,51.87803101528098,-11.70182942323523,0.33209996688888377,2.2553527061704886,2.28021221219885,39.52528565694354,40.82711752714796,47.457539711186826,56.29852231937514,-16.171045359144976,-7.232613487325484,iran
2025-10-25,40.17620159204575,51.87803101528098,-11.701829423235228,0.3320999668888837,2.2553527061704886,2.28021221219885,39.52528565694354,40.82711752714796,47.457539711186826,56.29852231937514,-16.171045359144976,-7.232613487325482,iran
2025-10-26,40.17620159204575,51.878031015280975,-11.701829423235228,0.3320999668888836,2.255352706170489,2.2802122121988506,39.52528565694354,40.82711752714796,47.45753971118682,56.29852231937513,-16.171045359144976,-7.232613487325481,iran
2025-10-27,40.17620159204575,51.87803101528098,-11.70182942323523,0.33209996688888366,2.2553527061704886,2.28021221219885,39.52528565694354,40.82711752714796,47.457539711186826,56.29852231937514,-16.171045359144976,-7.232613487325484,iran
2025-10-28,40.17620159204575,51.87803101528098,-11.701829423235228,0.3320999668888836,2.2553527061704886,2.28021221219885,39.52528565694354,40.82711752714796,47.457539711186826,56.29852231937514,-16.171045359144976,-7.232613487325482,iran
2025-10-29,40.17620159204575,51.87803101528098,-11.70182942323523,0.33209996688888366,2.2553527061704886,2.28021221219885,39.52528565694354,40.82711752714796,47.457539711186826,56.29852231937514,-16.171045359144976,-7.232613487325484,iran
2025-10-30,40.17620159204576,51.87803101528099,-11.70182942323523,0.33209996688888377,2.255352706170489,2.2802122121988506,39.525285656943545,40.82711752714797,47.45753971118683,56.298522319375145,-16.171045359144976,-7.232613487325483,iran
2025-10-31,40.17620159204575,51.87803101528098,-11.70182942323523,0.3320999668888837,2.2553527061704886,2.28021221219885,39.52528565694354,40.82711752714796,47.457539711186826,56.29852231937514,-16.171045359144976,-7.232613487325484,iran
2025-11-01,40.17620159204575,51.87803101528098,-11.70182942323523,0.33209996688888377,2.2553527061704886,2.28021221219885,39.52528565694354,40.82711752714796,47.457539711186826,56.29852231937514,-16.171045359144976,-7.232613487325484,iran
2025-11-02,40.17620159204576,51.87803101528098,-11.70182942323523,0.3320999668888835,2.2553527061704886,2.28021221219885,39.525285656943545,40.82711752714797,47.457539711186826,56.29852231937514,-16.171045359144976,-7.232613487325484,iran
2025-11-03,40.17620159204575,51.87803101528098,-11.70182942323523,0.33209996688888366,2.2553527061704886,2.28021221219885,39.52528565694354,40.82711752714796,47.457539711186826,56.29852231937514,-16.171045359144976,-7.232613487325484,iran
2025-11-04,40.17620159204574,51.878031015280975,-11.701829423235226,0.33209996688888355,2.2553527061704886,2.28021221219885,39.52528565694353,40.827117527147955,47.45753971118682,56.29852231937513,-16.171045359144973,-7.23261348732548,iran
2025-11-05,40.17620159204575,51.87803101528098,-11.70182942323523,0.33209996688888366,2.2553527061704886,2.28021221219885,39.52528565694354,40.82711752714796,47.457539711186826,56.29852231937514,-16.171045359144976,-7.232613487325484,iran
2025-11-06,40.17620159204575,51.87803101528098,-11.70182942323523,0.33209996688888366,2.2553527061704886,2.28021221219885,39.52528565694354,40.82711752714796,47.457539711186826,56.29852231937514,-16.171045359144976,-7.232613487325484,iran
2025-11-07,40.17620159204574,51.878031015280975,-11.701829423235228,0.3320999668888837,2.2553527061704886,2.28021221219885,39.52528565694353,40.827117527147955,47.45753971118682,56.29852231937513,-16.171045359144976,-7.232613487325482,iran
2025-11-08,40.17620159204575,51.87803101528098,-11.70182942323523,0.3320999668888837,2.2553527061704886,2.28021221219885,39.52528565694354,40.82711752714796,47.457539711186826,56.29852231937514,-16.171045359144976,-7.232613487325484,iran
2025-11-09,40.17620159204574,51.878031015280975,-11.701829423235226,0.3320999668888837,2.2553527061704886,2.28021221219885,39.52528565694353,40.827117527147955,47.45753971118682,56.29852231937513,-16.171045359144973,-7.23261348732548,iran
2025-11-10,40.17620159204575,51.87803101528098,-11.701829423235228,0.3320999668888836,2.255352706170489,2.2802122121988506,39.52528565694354,40.82711752714796,47.457539711186826,56.29852231937514,-16.171045359144976,-7.232613487325481,iran
2025-11-11,40.17620159204575,51.87803101528098,-11.70182942323523,0.33209996688888366,2.2553527061704886,2.28021221219885,39.52528565694354,40.82711752714796,47.457539711186826,56.29852231937514,-16.171045359144976,-7.232613487325484,iran
2025-11-12,40.17620159204575,51.87803101528098,-11.701829423235228,0.33209996688888366,2.2553527061704886,2.28021221219885,39.52528565694354,40.82711752714796,47.457539711186826,56.29852231937514,-16.171045359144976,-7.232613487325482,iran
2025-11-13,40.17620159204574,51.878031015280975,-11.701829423235228,0.33209996688888355,2.2553527061704886,2.28021221219885,39.52528565694353,40.827117527147955,47.45753971118682,56.29852231937513,-16.171045359144976,-7.232613487325482,iran
2025-11-14,40.17620159204575,51.87803101528098,-11.70182942323523,0.3320999668888838,2.2553527061704886,2.28021221219885,39.52528565694354,40.82711752714796,47.457539711186826,56.29852231937514,-16.171045359144976,-7.232613487325484,iran
2025-11-15,40.17620159204575,51.87803101528098,-11.70182942323523,0.33209996688888377,2.2553527061704886,2.28021221219885,39.52528565694354,40.82711752714796,47.457539711186826,56.29852231937514,-16.171045359144976,-7.232613487325484,iran
2025-11-16,40.17620159204575,51.87803101528098,-11.70182942323523,0.3320999668888837,2.2553527061704886,2.28021221219885,39.52528565694354,40.82711752714796,47.457539711186826,56.29852231937514,-16.171045359144976,-7.232613487325484,iran
2025-11-17,40.17620159204575,51.87803101528098,-11.701829423235228,0.3320999668888835,2.255352706170488,2.2802122121988497,39.52528565694354,40.82711752714796,47.457539711186826,56.29852231937514,-16.171045359144973,-7.232613487325483,iran
2025-11-18,40.17620159204575,51.87803101528098,-11.701829423235228,0.33209996688888366,2.2553527061704886,2.28021221219885,39.52528565694354,40.82711752714796,47.457539711186826,56.29852231937514,-16.171045359144976,-7.232613487325482,iran
2025-11-19,40.17620159204575,51.87803101528098,-11.70182942323523,0.33209996688888366,2.2553527061704886,2.28021221219885,39.52528565694354,40.82711752714796,47.457539711186826,56.29852231937514,-16.171045359144976,-7.232613487325484,iran
2025-11-20,40.17620159204576,51.87803101528098,-11.70182942323523,0.3320999668888836,2.2553527061704886,2.28021221219885,39.525285656943545,40.82711752714797,47.457539711186826,56.29852231937514,-16.171045359144976,-7.232613487325484,iran
2025-11-21,40.17620159204574,51.878031015280975,-11.701829423235228,0.3320999668888836,2.2553527061704886,2.28021221219885,39.52528565694353,40.827117527147955,47.45753971118682,56.29852231937513,-16.171045359144976,-7.232613487325482,iran
2025-11-22,40.17620159204575,51.87803101528098,-11.70182942323523,0.33209996688888377,2.2553527061704886,2.28021221219885,39.52528565694354,40.82711752714796,47.457539711186826,56.29852231937514,-16.171045359144976,-7.232613487325484,iran
2025-11-23,40.17620159204575,51.87803101528098,-11.70182942323523,0.33209996688888377,2.2553527061704886,2.28021221219885,39.52528565694354,40.82711752714796,47.457539711186826,56.29852231937514,-16.171045359144976,-7.232613487325484,iran
2025-11-24,40.17620159204575,51.87803101528098,-11.701829423235228,0.3320999668888837,2.2553527061704886,2.28021221219885,39.52528565694354,40.82711752714796,47.457539711186826,56.29852231937514,-16.171045359144976,-7.232613487325482,iran
2025-11-25,40.17620159204575,51.878031015280975,-11.701829423235228,0.33209996688888366,2.2553527061704894,2.2802122121988506,39.52528565694354,40.82711752714796,47.45753971118682,56.29852231937513,-16.171045359144976,-7.232613487325481,iran
2025-11-26,40.17620159204574,51.878031015280975,-11.701829423235226,0.3320999668888836,2.255352706170488,2.2802122121988497,39.52528565694353,40.827117527147955,47.45753971118682,56.29852231937513,-16.171045359144973,-7.232613487325481,iran
2025-11-27,40.17620159204575,51.87803101528098,-11.70182942323523,0.33209996688888366,2.2553527061704886,2.28021221219885,39.52528565694354,40.82711752714796,47.457539711186826,56.29852231937514,-16.171045359144976,-7.232613487325484,iran
2025-11-28,40.17620159204574,51.878031015280975,-11.701829423235226,0.33209996688888355,2.255352706170488,2.2802122121988497,39.52528565694353,40.827117527147955,47.45753971118682,56.29852231937513,-16.171045359144973,-7.232613487325481,iran
2025-11-29,40.17620159204575,51.87803101528098,-11.701829423235228,0.33209996688888377,2.255352706170489,2.2802122121988506,39.52528565694354,40.82711752714796,47.457539711186826,56.29852231937514,-16.171045359144976,-7.232613487325481,iran
2025-11-30,40.17620159204575,51.878031015280975,-11.701829423235228,0.33209996688888377,2.255352706170489,2.2802122121988506,39.52528565694354,40.82711752714796,47.45753971118682,56.29852231937513,-16.171045359144976,-7.232613487325481,iran
2025-12-01,40.17620159204576,51.87803101528099,-11.70182942323523,0.33209996688888377,2.255352706170488,2.2802122121988493,39.525285656943545,40.82711752714797,47.45753971118683,56.298522319375145,-16.171045359144976,-7.2326134873254855,iran
2025-12-02,40.17620159204576,51.87803101528098,-11.70182942323523,0.33209996688888344,2.2553527061704877,2.2802122121988493,39.525285656943545,40.82711752714797,47.457539711186826,56.29852231937514,-16.171045359144976,-7.2326134873254855,iran
2025-12-03,40.17620159204574,51.878031015280975,-11.701829423235226,0.33209996688888355,2.255352706170488,2.2802122121988497,39.52528565694353,40.827117527147955,47.45753971118682,56.29852231937513,-16.171045359144973,-7.232613487325481,iran
2025-12-04,40.17620159204575,51.87803101528098,-11.70182942323523,0.33209996688888366,2.2553527061704886,2.28021221219885,39.52528565694354,40.82711752714796,47.457539711186826,56.29852231937514,-16.171045359144976,-7.232613487325484,iran
2025-12-05,40.17620159204575,51.87803101528098,-11.70182942323523,0.33209996688888366,2.2553527061704886,2.28021221219885,39.52528565694354,40.82711752714796,47.457539711186826,56.29852231937514,-16.171045359144976,-7.232613487325484,iran
2025-12-06,40.17620159204575,51.87803101528098,-11.70182942323523,0.33209996688888366,2.2553527061704886,2.28021221219885,39.52528565694354,40.82711752714796,47.457539711186826,56.29852231937514,-16.171045359144976,-7.232613487325484,iran
2025-12-07,40.17620159204575,51.878031015280975,-11.701829423235228,0.3320999668888837,2.255352706170489,2.2802122121988506,39.52528565694354,40.82711752714796,47.45753971118682,56.29852231937513,-16.171045359144976,-7.232613487325481,iran
2025-12-08,40.17620159204575,51.878031015280975,-11.701829423235228,0.33209996688888377,2.255352706170489,2.2802122121988506,39.52528565694354,40.82711752714796,47.45753971118682,56.29852231937513,-16.171045359144976,-7.232613487325481,iran
2025-12-09,40.17620159204576,51.87803101528098,-11.70182942323523,0.3320999668888837,2.2553527061704877,2.2802122121988493,39.525285656943545,40.82711752714797,47.457539711186826,56.29852231937514,-16.171045359144976,-7.2326134873254855,iran
2025-12-10,40.17620159204575,51.87803101528098,-11.70182942323523,0.3320999668888835,2.2553527061704877,2.280212212198849,39.52528565694354,40.82711752714796,47.457539711186826,56.29852231937514,-16.171045359144973,-7.232613487325486,iran
2025-12-11,40.17620159204576,51.87803101528098,-11.70182942323523,0.33209996688888344,2.2553527061704877,2.2802122121988493,39.525285656943545,40.82711752714797,47.457539711186826,56.29852231937514,-16.171045359144976,-7.2326134873254855,iran
2025-12-12,40.17620159204575,51.87803101528098,-11.701829423235228,0.33209996688888377,2.2553527061704894,2.280212212198851,39.52528565694354,40.82711752714796,47.457539711186826,56.29852231937514,-16.171045359144976,-7.23261348732548,iran
2025-12-13,40.17620159204575,51.878031015280975,-11.701829423235228,0.33209996688888377,2.2553527061704894,2.280212212198851,39.52528565694354,40.82711752714796,47.45753971118682,56.29852231937513,-16.171045359144976,-7.23261348732548,iran
2025-12-14,40.17620159204575,51.878031015280975,-11.701829423235228,0.33209996688888377,2.255352706170489,2.2802122121988506,39.52528565694354,40.82711752714796,47.45753971118682,56.29852231937513,-16.171045359144976,-7.232613487325481,iran
2025-12-15,40.17620159204575,51.87803101528098,-11.701829423235228,0.3320999668888837,2.2553527061704894,2.280212212198851,39.52528565694354,40.82711752714796,47.457539711186826,56.29852231937514,-16.171045359144976,-7.23261348732548,iran
2025-12-16,40.17620159204576,51.87803101528099,-11.70182942323523,0.33209996688888377,2.255352706170488,2.2802122121988497,39.525285656943545,40.82711752714797,47.45753971118683,56.298522319375145,-16.171045359144976,-7.232613487325485,iran
2025-12-17,40.17620159204576,51.87803101528098,-11.70182942323523,0.3320999668888835,2.2553527061704877,2.2802122121988493,39.525285656943545,40.82711752714797,47.457539711186826,56.29852231937514,-16.171045359144976,-7.2326134873254855,iran
2025-12-18,40.17620159204576,51.87803101528098,-11.70182942323523,0.3320999668888835,2.2553527061704877,2.2802122121988493,39.525285656943545,40.82711752714797,47.457539711186826,56.29852231937514,-16.171045359144976,-7.2326134873254855,iran
2025-12-19,40.17620159204575,51.878031015280975,-11.701829423235228,0.3320999668888835,2.2553527061704877,2.2802122121988493,39.52528565694354,40.82711752714796,47.45753971118682,56.29852231937513,-16.171045359144973,-7.232613487325484,iran
2025-12-20,40.17620159204575,51.878031015280975,-11.701829423235228,0.33209996688888377,2.255352706170489,2.2802122121988506,39.52528565694354,40.82711752714796,47.45753971118682,56.29852231937513,-16.171045359144976,-7.232613487325481,iran
2025-12-21,40.17620159204575,51.87803101528098,-11.701829423235228,0.33209996688888377,2.255352706170489,2.2802122121988506,39.52528565694354,40.82711752714796,47.457539711186826,56.29852231937514,-16.171045359144976,-7.232613487325481,iran
2025-12-22,40.17620159204575,51.878031015280975,-11.701829423235228,0.33209996688888377,2.2553527061704894,2.280212212198851,39.52528565694354,40.82711752714796,47.45753971118682,56.29852231937513,-16.171045359144976,-7.23261348732548,iran
2025-12-23,40.17620159204575,51.878031015280975,-11.701829423235228,0.33209996688888377,2.255352706170489,2.2802122121988506,39.52528565694354,40.82711752714796,47.45753971118682,56.29852231937513,-16.171045359144976,-7.232613487325481,iran
2025-12-24,40.17620159204576,51.87803101528098,-11.701829423235232,0.3320999668888837,2.255352706170488,2.2802122121988493,39.525285656943545,40.82711752714797,47.457539711186826,56.29852231937514,-16.171045359144976,-7.232613487325487,iran
2025-12-25,40.17620159204576,51.87803101528098,-11.70182942323523,0.3320999668888835,2.2553527061704877,2.2802122121988493,39.525285656943545,40.82711752714797,47.457539711186826,56.29852231937514,-16.171045359144976,-7.2326134873254855,iran
2025-12-26,40.17620159204575,51.87803101528098,-11.70182942323523,0.3320999668888835,2.2553527061704877,2.280212212198849,39.52528565694354,40.82711752714796,47.457539711186826,56.29852231937514,-16.171045359144973,-7.232613487325486,iran
2025-12-27,40.17620159204575,51.87803101528098,-11.701829423235228,0.3320999668888837,2.255352706170489,2.2802122121988506,39.52528565694354,40.82711752714796,47.457539711186826,56.29852231937514,-16.171045359144976,-7.232613487325481,iran
2025-12-28,40.17620159204575,51.87803101528098,-11.701829423235228,0.33209996688888377,2.2553527061704894,2.280212212198851,39.52528565694354,40.82711752714796,47.457539711186826,56.29852231937514,-16.171045359144976,-7.23261348732548,iran
2025-12-29,40.17620159204575,51.878031015280975,-11.701829423235228,0.33209996688888377,2.2553527061704894,2.280212212198851,39.52528565694354,40.82711752714796,47.45753971118682,56.29852231937513,-16.171045359144976,-7.23261348732548,iran
2025-12-30,40.17620159204575,51.878031015280975,-11.701829423235228,0.33209996688888377,2.255352706170489,2.2802122121988506,39.52528565694354,40.82711752714796,47.45753971118682,56.29852231937513,-16.171045359144976,-7.232613487325481,iran
2025-12-31,40.17620159204576,51.87803101528099,-11.70182942323523,0.3320999668888837,2.2553527061704877,2.2802122121988493,39.525285656943545,40.82711752714797,47.45753971118683,56.298522319375145,-16.171045359144976,-7.2326134873254855,iran
2026-01-01,40.17620159204576,51.87803101528098,-11.70182942323523,0.3320999668888835,2.2553527061704877,2.2802122121988493,39.525285656943545,40.82711752714797,47.457539711186826,56.29852231937514,-16.171045359144976,-7.2326134873254855,iran
2026-01-02,40.17620159204576,51.87803101528098,-11.70182942323523,0.3320999668888835,2.2553527061704877,2.2802122121988493,39.525285656943545,40.82711752714797,47.457539711186826,56.29852231937514,-16.171045359144976,-7.2326134873254855,iran
2026-01-03,40.17620159204576,51.87803101528098,-11.70182942323523,0.3320999668888835,2.2553527061704877,2.2802122121988493,39.525285656943545,40.82711752714797,47.457539711186826,56.29852231937514,-16.171045359144976,-7.2326134873254855,iran
2026-01-04,40.17620159204575,51.87803101528098,-11.701829423235228,0.33209996688888377,2.2553527061704894,2.280212212198851,39.52528565694354,40.82711752714796,47.457539711186826,56.29852231937514,-16.171045359144976,-7.23261348732548,iran
2026-01-05,40.17620159204575,51.878031015280975,-11.701829423235228,0.33209996688888377,2.2553527061704894,2.280212212198851,39.52528565694354,40.82711752714796,47.45753971118682,56.29852231937513,-16.171045359144976,-7.23261348732548,iran
2026-01-06,40.17620159204575,51.87803101528098,-11.701829423235228,0.33209996688888377,2.255352706170489,2.2802122121988506,39.52528565694354,40.82711752714796,47.457539711186826,56.29852231937514,-16.171045359144976,-7.232613487325481,iran
2026-01-07,40.17620159204575,51.878031015280975,-11.701829423235228,0.33209996688888377,2.255352706170489,2.2802122121988506,39.52528565694354,40.82711752714796,47.45753971118682,56.29852231937513,-16.171045359144976,-7.232613487325481,iran
2026-01-08,40.17620159204576,51.87803101528098,-11.70182942323523,0.3320999668888837,2.2553527061704877,2.2802122121988493,39.525285656943545,40.82711752714797,47.457539711186826,56.29852231937514,-16.171045359144976,-7.2326134873254855,iran
2026-01-09,40.17620159204575,51.87803101528098,-11.70182942323523,0.3320999668888835,2.2553527061704877,2.280212212198849,39.52528565694354,40.82711752714796,47.457539711186826,56.29852231937514,-16.171045359144973,-7.232613487325486,iran
2026-01-10,40.17620159204576,51.87803101528098,-11.70182942323523,0.33209996688888344,2.2553527061704877,2.2802122121988493,39.525285656943545,40.82711752714797,47.457539711186826,56.29852231937514,-16.171045359144976,-7.2326134873254855,iran
2026-01-11,40.17620159204575,51.87803101528098,-11.701829423235228,0.33209996688888377,2.2553527061704894,2.280212212198851,39.52528565694354,40.82711752714796,47.457539711186826,56.29852231937514,-16.171045359144976,-7.23261348732548,iran
2026-01-12,40.17620159204575,51.878031015280975,-11.701829423235228,0.3320999668888837,2.255352706170489,2.2802122121988506,39.52528565694354,40.82711752714796,47.45753971118682,56.29852231937513,-16.171045359144976,-7.232613487325481,iran
2026-01-13,37.24331599448575,42.66834925023627,-5.4250332557505265,0.011521646874350724,0.03700746840319569,0.026064121752575428,37.22073356661202,37.26589842235948,42.595814612166,42.740883888306534,-5.476118934385575,-5.373947577115478,iran
2026-01-14,37.243315994485755,42.668349250236275,-5.425033255750528,0.011521646874350727,0.0370074684031957,0.026064121752575435,37.220733566612026,37.265898422359484,42.59581461216601,42.74088388830654,-5.4761189343855765,-5.37394757711548,iran
2026-01-15,37.24331599448575,42.66834925023627,-5.4250332557505265,0.011521646874350725,0.0370074684031957,0.02606412175257544,37.22073356661202,37.26589842235948,42.595814612166,42.740883888306534,-5.476118934385575,-5.373947577115478,iran
2026-01-16,40.501479183944085,53.973375333049205,-13.471896149105122,2.2210121391000803,7.7063619588480465,5.48535075531793,36.148295391307926,44.854662976580244,38.86890589370704,69.07784477239137,-24.223183629528265,-2.7206086686819795,iran
2026-01-17,40.50147918394408,53.9733753330492,-13.47189614910512,2.2210121391000803,7.706361958848047,5.48535075531793,36.14829539130792,44.85466297658024,38.86890589370702,69.07784477239137,-24.223183629528265,-2.7206086686819777,iran
2026-01-18,40.501479183944085,53.973375333049205,-13.471896149105122,2.2210121391000803,7.7063619588480465,5.48535075531793,36.148295391307926,44.854662976580244,38.86890589370704,69.07784477239137,-24.223183629528265,-2.7206086686819795,iran
2026-01-19,37.767938466586195,51.3362472250341,-13.568308758447907,3.490809671053015,6.565367736307448,4.7029036750678985,30.925951511322285,44.60992542185011,38.468126461871506,64.2043679881967,-22.785999961580988,-4.350617555314827,iran
2026-01-20,37.7679384665862,51.33624722503411,-13.568308758447907,3.490809671053015,6.565367736307448,4.7029036750678985,30.925951511322292,44.60992542185011,38.468126461871506,64.20436798819671,-22.785999961580988,-4.350617555314827,iran
2026-01-21,37.767938466586195,51.3362472250341,-13.568308758447905,3.4908096710530145,6.565367736307448,4.7029036750678985,30.925951511322285,44.6099254218501,38.468126461871506,64.2043679881967,-22.785999961580984,-4.350617555314825,iran
2026-01-22,36.80452550167891,48.942027206221596,-12.137501704542684,3.0443606812421207,6.0397996925897095,4.224965477282992,30.837578566444353,42.77147243691347,37.10401980874576,60.78003460369743,-20.418434040017345,-3.856569369068021,iran
2026-01-23,36.8045255016789,48.94202720622159,-12.137501704542684,3.0443606812421207,6.0397996925897095,4.224965477282992,30.837578566444346,42.771472436913456,37.10401980874576,60.780034603697416,-20.418434040017345,-3.856569369068021,iran
2026-01-24,36.80452550167891,48.942027206221596,-12.137501704542684,3.0443606812421207,6.0397996925897095,4.224965477282992,30.837578566444353,42.77147243691347,37.10401980874576,60.78003460369743,-20.418434040017345,-3.856569369068021,iran
2026-01-25,36.80452550167891,48.942027206221596,-12.137501704542686,3.0443606812421207,6.039799692589711,4.224965477282992,30.837578566444353,42.77147243691347,37.10401980874576,60.78003460369743,-20.41843404001735,-3.8565693690680227,iran
2026-01-26,38.4651245869218,49.4254090293837,-10.960284442461896,2.5769398669529218,4.9052455068986935,3.628511974561164,33.414322447694076,43.51592672614953,39.811127835862266,59.039690222905136,-18.072167912601778,-3.8484009723220156,iran
2026-01-27,38.4651245869218,49.4254090293837,-10.960284442461896,2.5769398669529218,4.9052455068986935,3.628511974561164,33.414322447694076,43.51592672614953,39.811127835862266,59.039690222905136,-18.072167912601778,-3.8484009723220156,iran
2026-01-28,38.4651245869218,49.4254090293837,-10.960284442461896,2.5769398669529218,4.9052455068986935,3.628511974561164,33.414322447694076,43.51592672614953,39.811127835862266,59.039690222905136,-18.072167912601778,-3.8484009723220156,iran
2026-01-29,38.4651245869218,49.4254090293837,-10.960284442461896,2.5769398669529218,4.9052455068986935,3.628511974561164,33.414322447694076,43.51592672614953,39.811127835862266,59.039690222905136,-18.072167912601778,-3.8484009723220156,iran
2026-01-30,38.4651245869218,49.4254090293837,-10.960284442461896,2.5769398669529218,4.9052455068986935,3.628511974561164,33.414322447694076,43.51592672614953,39.811127835862266,59.039690222905136,-18.072167912601778,-3.8484009723220156,iran
2026-01-31,38.4651245869218,49.425409029383694,-10.960284442461894,2.5769398669529213,4.9052455068986935,3.6285119745611634,33.414322447694076,43.51592672614953,39.81112783586225,59.039690222905136,-18.072167912601774,-3.8484009723220147,iran
2026-02-01,38.465124586921796,49.425409029383694,-10.960284442461894,2.5769398669529213,4.9052455068986935,3.6285119745611634,33.41432244769407,43.51592672614952,39.81112783586225,59.039690222905136,-18.072167912601774,-3.8484009723220147,iran
2026-02-02,38.465124586921796,49.425409029383694,-10.960284442461894,2.5769398669529213,4.9052455068986935,3.6285119745611634,33.41432244769407,43.51592672614952,39.81112783586225,59.039690222905136,-18.072167912601774,-3.8484009723220147,iran
2026-02-03,38.4651245869218,49.4254090293837,-10.960284442461896,2.5769398669529218,4.9052455068986935,3.628511974561164,33.414322447694076,43.51592672614953,39.811127835862266,59.039690222905136,-18.072167912601778,-3.8484009723220156,iran
2026-02-04,38.4651245869218,49.425409029383694,-10.960284442461894,2.5769398669529213,4.9052455068986935,3.6285119745611634,33.414322447694076,43.51592672614953,39.81112783586225,59.039690222905136,-18.072167912601774,-3.8484009723220147,iran
2026-02-05,38.465124586921796,49.425409029383694,-10.960284442461894,2.5769398669529213,4.905245506898693,3.6285119745611634,33.41432244769407,43.51592672614952,39.81112783586226,59.03969022290513,-18.072167912601774,-3.8484009723220147,iran
2026-02-06,38.4651245869218,49.4254090293837,-10.960284442461896,2.5769398669529218,4.9052455068986935,3.628511974561164,33.414322447694076,43.51592672614953,39.811127835862266,59.039690222905136,-18.072167912601778,-3.8484009723220156,iran
2026-02-07,38.4651245869218,49.4254090293837,-10.960284442461896,2.5769398669529218,4.9052455068986935,3.628511974561164,33.414322447694076,43.51592672614953,39.811127835862266,59.039690222905136,-18.072167912601778,-3.8484009723220156,iran
2026-02-08,38.4651245869218,49.425409029383694,-10.960284442461894,2.5769398669529213,4.9052455068986935,3.6285119745611634,33.414322447694076,43.51592672614953,39.81112783586225,59.039690222905136,-18.072167912601774,-3.8484009723220147,iran
2026-02-09,38.4651245869218,49.4254090293837,-10.960284442461896,2.5769398669529218,4.9052455068986935,3.628511974561164,33.414322447694076,43.51592672614953,39.811127835862266,59.039690222905136,-18.072167912601778,-3.8484009723220156,iran
2026-02-10,38.4651245869218,49.4254090293837,-10.960284442461896,2.5769398669529218,4.9052455068986935,3.6285119745611634,33.414322447694076,43.51592672614953,39.811127835862266,59.039690222905136,-18.072167912601778,-3.8484009723220165,iran
2026-02-11,38.4651245869218,49.4254090293837,-10.960284442461896,2.5769398669529218,4.9052455068986935,3.628511974561164,33.414322447694076,43.51592672614953,39.811127835862266,59.039690222905136,-18.072167912601778,-3.8484009723220156,iran
2026-02-12,38.4651245869218,49.425409029383694,-10.960284442461894,2.5769398669529213,4.9052455068986935,3.6285119745611634,33.414322447694076,43.51592672614953,39.81112783586225,59.039690222905136,-18.072167912601774,-3.8484009723220147,iran
2026-02-13,38.465124586921796,49.425409029383694,-10.960284442461894,2.5769398669529218,4.9052455068986935,3.6285119745611634,33.41432244769407,43.51592672614952,39.81112783586225,59.039690222905136,-18.072167912601774,-3.8484009723220147,iran
2026-02-14,38.4651245869218,49.4254090293837,-10.960284442461896,2.5769398669529213,4.9052455068986935,3.6285119745611634,33.414322447694076,43.51592672614953,39.811127835862266,59.039690222905136,-18.072167912601778,-3.8484009723220165,iran
2026-02-15,38.4651245869218,49.4254090293837,-10.960284442461896,2.5769398669529213,4.9052455068986935,3.6285119745611634,33.414322447694076,43.51592672614953,39.811127835862266,59.039690222905136,-18.072167912601778,-3.8484009723220165,iran
2026-02-16,38.46512458692181,49.4254090293837,-10.960284442461896,2.5769398669529213,4.9052455068986935,3.6285119745611634,33.41432244769408,43.51592672614954,39.811127835862266,59.039690222905136,-18.072167912601778,-3.8484009723220165,iran
2026-02-17,38.4651245869218,49.4254090293837,-10.960284442461896,2.5769398669529213,4.9052455068986935,3.6285119745611634,33.414322447694076,43.51592672614953,39.811127835862266,59.039690222905136,-18.072167912601778,-3.8484009723220165,iran
2026-02-18,38.465124586921796,49.425409029383694,-10.960284442461894,2.5769398669529218,4.905245506898693,3.6285119745611634,33.41432244769407,43.51592672614952,39.81112783586226,59.03969022290513,-18.072167912601774,-3.8484009723220147,iran
2026-02-19,38.4651245869218,49.4254090293837,-10.960284442461896,2.5769398669529218,4.9052455068986935,3.628511974561164,33.414322447694076,43.51592672614953,39.811127835862266,59.039690222905136,-18.072167912601778,-3.8484009723220156,iran
2026-02-20,38.4651245869218,49.4254090293837,-10.960284442461894,2.5769398669529218,4.9052455068986935,3.628511974561164,33.414322447694076,43.51592672614953,39.811127835862266,59.039690222905136,-18.072167912601774,-3.848400972322014,iran
2026-02-21,38.4651245869218,49.4254090293837,-10.960284442461896,2.5769398669529218,4.9052455068986935,3.628511974561164,33.414322447694076,43.51592672614953,39.811127835862266,59.039690222905136,-18.072167912601778,-3.8484009723220156,iran
2026-02-22,38.4651245869218,49.4254090293837,-10.960284442461894,2.5769398669529213,4.9052455068986935,3.628511974561164,33.414322447694076,43.51592672614953,39.811127835862266,59.039690222905136,-18.072167912601774,-3.848400972322014,iran
2026-02-23,33.100525686352405,49.26867441357287,-16.16814872722047,3.61874198814533,2.552721158719425,3.8081921527597413,26.00779138958756,40.19325998311725,44.265340942482794,54.27200788466294,-23.63220534662956,-8.704092107811377,iran
2026-02-24,33.10052568635241,49.26867441357288,-16.16814872722047,3.6187419881453304,2.552721158719425,3.8081921527597418,26.007791389587567,40.19325998311726,44.26534094248281,54.272007884662955,-23.63220534662956,-8.704092107811375,iran
2026-02-25,33.10052568635241,49.26867441357288,-16.16814872722047,3.6187419881453304,2.552721158719425,3.8081921527597418,26.007791389587567,40.19325998311726,44.26534094248281,54.272007884662955,-23.63220534662956,-8.704092107811375,iran
2026-02-26,33.10052568635241,49.268674413572874,-16.16814872722047,3.61874198814533,2.552721158719425,3.8081921527597413,26.007791389587567,40.19325998311726,44.2653409424828,54.27200788466295,-23.63220534662956,-8.704092107811377,iran
2026-02-27,38.49752369780928,53.91606221995842,-15.418538522149149,5.409596227413187,4.885093447592612,2.8698756890753003,27.89471509207943,49.100332303539126,44.341279062676904,63.490845377239935,-21.043494872736737,-9.79358217156156,iran
2026-02-28,37.40286684005679,52.96340973625612,-15.560542896199332,4.702224067145535,4.254835171186542,2.5383557030705277,28.18650766845154,46.619226011662036,44.62393280073049,61.30288667178174,-20.535720074217565,-10.585365718181098,iran
2026-03-01,37.40286684005679,52.96340973625612,-15.560542896199332,4.702224067145535,4.254835171186542,2.5383557030705277,28.18650766845154,46.619226011662036,44.62393280073049,61.30288667178174,-20.535720074217565,-10.585365718181098,iran
2026-03-02,37.40286684005679,52.96340973625612,-15.560542896199333,4.702224067145535,4.254835171186542,2.5383557030705277,28.18650766845154,46.619226011662036,44.62393280073049,61.30288667178174,-20.53572007421757,-10.585365718181098,iran
2026-03-03,37.08776594807839,52.9369746537793,-15.84920870570091,3.1980611721953367,2.9808889195426582,1.9347389255841216,30.81956605057553,43.35596584558125,47.09443237147569,58.77951693608291,-19.64129699984579,-12.057120411556031,iran
2026-03-04,37.72568963708943,52.97943441562506,-15.253744778535621,3.349750712973902,2.8120651873491207,2.3725608321677374,31.16017823966058,44.29120103451828,47.467786648420784,58.49108218282933,-19.903964009584385,-10.603525547486857,iran
2026-03-05,37.72568963708944,52.979434415625065,-15.253744778535623,3.349750712973902,2.812065187349121,2.3725608321677374,31.16017823966059,44.29120103451829,47.467786648420784,58.491082182829345,-19.90396400958439,-10.603525547486857,iran
2026-03-06,37.72568963708944,52.97943441562506,-15.253744778535623,3.349750712973902,2.812065187349121,2.3725608321677374,31.16017823966059,44.29120103451829,47.467786648420784,58.49108218282933,-19.90396400958439,-10.603525547486857,iran
2026-03-07,37.72568963708943,52.97943441562505,-15.253744778535621,3.3497507129739015,2.8120651873491207,2.3725608321677374,31.160178239660585,44.29120103451828,47.46778664842078,58.491082182829324,-19.903964009584385,-10.603525547486857,iran
2026-03-08,37.936339513681204,53.771817479474294,-15.835477965793093,2.8867946158711435,2.738904709151343,2.2458141329660366,32.27822206657376,43.59445696078865,48.40356424953766,59.14007070941093,-20.237273666406523,-11.43368226517966,iran
2026-03-09,37.936339513681204,53.7718174794743,-15.835477965793094,2.8867946158711435,2.738904709151343,2.2458141329660366,32.27822206657376,43.59445696078865,48.403564249537666,59.140070709410935,-20.237273666406526,-11.433682265179662,iran
2026-03-10,38.356979144482096,53.59656796983444,-15.239588825352342,2.633473517367541,2.3859450188658484,2.2137645509200636,33.195371050441715,43.51858723852248,48.920115732857376,58.2730202068115,-19.57856734515567,-10.900610305549018,iran
2026-03-11,38.356979144482096,53.59656796983444,-15.239588825352344,2.633473517367541,2.3859450188658484,2.2137645509200636,33.195371050441715,43.51858723852248,48.920115732857376,58.2730202068115,-19.57856734515567,-10.90061030554902,iran
2026-03-12,37.78912536684061,54.77257735393689,-16.983451987096284,2.8706420512684176,3.7550655571759965,4.9036448542911275,32.162666946354506,43.41558378732671,47.412648861871936,62.13250584600184,-26.594595901506892,-7.372308072685675,iran
2026-03-13,37.523090906252634,55.02964134586714,-17.506550439614507,2.6501190609456904,3.475347021989386,4.701031125186869,32.32885754679908,42.71732426570619,48.217961182767944,61.84132150896634,-26.72057144498077,-8.292529434248245,iran
2026-03-14,37.523090906252634,55.02964134586714,-17.506550439614507,2.650119060945691,3.475347021989386,4.701031125186869,32.32885754679908,42.71732426570619,48.217961182767944,61.84132150896634,-26.72057144498077,-8.292529434248245,iran
2026-03-15,37.523090906252634,55.02964134586714,-17.506550439614504,2.6501190609456904,3.475347021989386,4.701031125186869,32.32885754679908,42.71732426570619,48.217961182767944,61.84132150896634,-26.720571444980767,-8.292529434248241,iran
2026-03-16,37.25839376000687,55.458376657106044,-18.199982897099176,2.4284302781645413,3.2532702945038143,4.524232563842475,32.498670414804366,42.01811710520937,49.081966879878564,61.83478643433352,-27.067478722230426,-9.332487071967924,iran
2026-03-17,37.0328658820462,55.23482901013108,-18.20196312808488,2.3912396285849016,3.0446215037330395,4.15670623354621,32.3460362100198,41.71969555407261,49.267370862814325,61.202287157447834,-26.34910734583545,-10.05481891033431,iran
2026-03-18,37.0328658820462,55.23482901013108,-18.20196312808488,2.3912396285849016,3.0446215037330395,4.15670623354621,32.3460362100198,41.71969555407261,49.267370862814325,61.202287157447834,-26.34910734583545,-10.05481891033431,iran
2026-03-19,37.37517483409651,55.92987910582188,-18.554704271725363,2.171543790347094,2.9286007622402797,3.7904779967020596,33.118949005016205,41.63140066317682,50.189821611830936,61.66993659981283,-25.9840411452614,-11.125367398189326,iran
2026-03-20,37.53228746343296,57.25825746892278,-19.72597000548982,1.9686487006322169,3.8953138880731113,4.334267296576106,33.673736010193814,41.3908389166721,49.62344224829948,64.89307268954607,-28.221133906778988,-11.230806104200651,iran
2026-03-21,37.53228746343296,57.25825746892278,-19.72597000548982,1.9686487006322169,3.895313888073111,4.334267296576106,33.673736010193814,41.3908389166721,49.62344224829948,64.89307268954607,-28.221133906778988,-11.230806104200651,iran
2026-03-22,37.53228746343296,57.25825746892278,-19.72597000548982,1.9686487006322166,3.895313888073111,4.334267296576106,33.673736010193814,41.3908389166721,49.62344224829948,64.89307268954607,-28.221133906778988,-11.230806104200651,iran
2026-03-23,36.57662555426219,57.77564807675631,-21.199022522494126,1.8835809353640918,3.1759043878392434,3.8742033367868127,32.88480692094858,40.26844418757581,51.55087547659139,64.00042067692122,-28.792461062596278,-13.605583982391973,iran
2026-03-24,36.60318267063337,57.64336281068396,-21.040180140050587,1.825209282905992,3.1040811657799656,3.782436972386373,33.02577247613763,40.180592865129114,51.559363725755226,63.727361895612695,-28.45375660592788,-13.626603674173296,iran
2026-03-25,36.281836865027046,57.79553943989539,-21.513702574868347,1.966599076405302,2.970905702388653,3.8381580226289853,32.42730267527266,40.136371054781435,51.972564263213634,63.61851461657715,-29.03649229922116,-13.990912850515535,iran
2026-03-26,37.586784484745934,57.057300836690935,-19.470516351945,3.916596781182992,3.194525272049869,6.25138687271632,29.91025479362727,45.2633141758646,50.79603130347319,63.31857036990868,-31.723234622468986,-7.217798081421014,iran
2026-03-27,37.586784484745934,57.057300836690935,-19.470516351945,3.916596781182992,3.194525272049869,6.25138687271632,29.91025479362727,45.2633141758646,50.79603130347319,63.31857036990868,-31.723234622468986,-7.217798081421014,iran
2026-03-28,37.58678448474594,57.05730083669094,-19.470516351945005,3.9165967811829923,3.194525272049869,6.2513868727163215,29.910254793627274,45.26331417586461,50.7960313034732,63.318570369908684,-31.723234622468993,-7.217798081421014,iran
2026-03-29,37.58678448474594,57.05730083669095,-19.470516351945005,3.9165967811829923,3.1945252720498694,6.2513868727163215,29.910254793627274,45.26331417586461,50.79603130347321,63.31857036990869,-31.723234622468993,-7.217798081421014,iran
2026-03-30,36.885363959867284,57.42157050084471,-20.536206540977425,4.363840930649093,3.2631392564575474,6.910955399016508,28.332235735795063,45.4384921839395,51.02581755818792,63.8173234435015,-34.08167912304978,-6.990733958905068,iran
2026-03-31,36.51329866792741,57.64234887966721,-21.1290502117398,4.488491532449768,3.2658971874373686,7.091828873979546,27.715855264325864,45.31074207152895,51.241190392289965,64.04350736704446,-35.02903480473971,-7.229065618739888,iran
2026-04-01,36.51329866792741,57.64234887966721,-21.1290502117398,4.488491532449767,3.265897187437368,7.091828873979546,27.715855264325867,45.31074207152895,51.241190392289965,64.04350736704446,-35.02903480473971,-7.229065618739888,iran
2026-04-02,36.152860877322446,58.206660381770796,-22.05379950444835,4.570295186139683,3.776923671954517,7.701227039189506,27.195082312488665,45.11063944215623,50.80388998473994,65.60943077880165,-37.148204501259784,-6.959394507636917,iran
2026-04-03,36.22189444455434,57.63822310253827,-21.41632865798393,4.211697252257995,3.5598190873666327,7.091881205391232,27.966967830128667,44.47682105898001,50.66097769129967,64.61546851377688,-35.316415820550745,-7.516241495417114,iran
2026-04-04,36.22189444455434,57.63822310253827,-21.41632865798393,4.211697252257995,3.5598190873666327,7.091881205391233,27.966967830128667,44.47682105898001,50.66097769129967,64.61546851377688,-35.316415820550745,-7.516241495417113,iran
2026-04-05,36.221894444554344,57.63822310253828,-21.416328657983932,4.211697252257996,3.559819087366633,7.091881205391233,27.966967830128674,44.476821058980015,50.66097769129968,64.61546851377688,-35.316415820550745,-7.516241495417116,iran
2026-04-06,36.221894444554344,57.63822310253828,-21.416328657983932,4.211697252257996,3.559819087366633,7.091881205391233,27.966967830128674,44.476821058980015,50.66097769129968,64.61546851377688,-35.316415820550745,-7.516241495417116,iran
2026-04-07,35.896301328630976,57.52225856603728,-21.625957237406308,3.768065518113337,3.0638025570979135,6.178041272632219,28.510892913128835,43.28170974413312,51.51720555412537,63.52731157794919,-33.734918131765454,-9.516996343047158,iran
2026-04-08,35.896301328630976,57.52225856603729,-21.62595723740631,3.768065518113337,3.0638025570979135,6.178041272632219,28.510892913128835,43.28170974413312,51.517205554125375,63.5273115779492,-33.73491813176546,-9.516996343047161,iran
2026-04-09,35.9050621465415,57.58973696588425,-21.68467481934275,3.6482590667687855,2.9598743687227658,5.96418699107693,28.754474375674683,43.055649917408324,51.78838320318763,63.39109072858087,-33.37448132185353,-9.994868316831967,iran
2026-04-10,35.9930180122594,58.70600571972049,-22.712987707461092,3.406667313690156,3.874851003366682,6.208017500964297,29.31595007742669,42.670085947092105,51.11129775312179,66.30071368631918,-34.88070200935111,-10.545273405571072,iran
2026-04-11,35.9930180122594,58.70600571972049,-22.712987707461092,3.4066673136901566,3.874851003366682,6.208017500964297,29.31595007742669,42.670085947092105,51.11129775312179,66.30071368631918,-34.88070200935111,-10.545273405571072,iran
2026-04-12,35.9930180122594,58.70600571972049,-22.712987707461092,3.4066673136901566,3.874851003366682,6.2080175009642975,29.31595007742669,42.670085947092105,51.11129775312179,66.30071368631918,-34.88070200935111,-10.54527340557107,iran
2026-04-13,35.68288163840303,58.62317827163105,-22.94029663322802,3.083753269368429,3.4138418012951433,5.710114442156764,29.63872523044091,41.72703804636515,51.93204834109257,65.31430820216953,-34.13212093985528,-11.748472326600764,iran
2026-04-14,35.58147226933164,58.63029444324814,-23.0488221739165,3.024209634784079,3.3142518520763957,5.558170947380734,29.65402138515485,41.508923153508434,52.134360813178404,65.12622807331788,-33.942837230782736,-12.15480711705026,iran
2026-04-15,35.791366226412755,58.63665920254026,-22.845292976127503,3.0462742764939486,3.2204578652304545,5.453215578194692,29.820668644484616,41.7620638083409,52.32456178668857,64.94875661839195,-33.5335955093891,-12.156990442865906,iran
2026-04-16,35.43483379960828,59.200341075150426,-23.765507275542145,2.8518043187152133,3.1412092505338927,5.292217029087917,29.84529733492646,41.0243702642901,53.043570944104,65.35711120619686,-34.13825265255446,-13.392761898529828,iran
2026-04-17,35.43483379960828,59.20034107515042,-23.76550727554214,2.851804318715213,3.1412092505338927,5.292217029087917,29.84529733492646,41.0243702642901,53.04357094410399,65.35711120619685,-34.138252652554456,-13.392761898529825,iran
2026-04-18,35.49684518421238,59.263647482446586,-23.766802298234197,2.6824646083524732,2.95498708257066,4.96591355799376,30.239214551841535,40.75447581658323,53.4718728006081,65.05542216428508,-33.499992871901966,-14.033611724566427,iran
2026-04-19,35.06523791017255,60.35489038956182,-25.289652479389268,2.4850272328829854,3.2707560760246115,5.1913827052952515,30.194584533721898,39.9358912866232,53.94420848055358,66.76557229857005,-35.46476258176796,-15.114542377010576,iran
2026-04-20,35.365053296090394,59.81958818061029,-24.454534884519894,2.437451206162173,3.1673251865899776,5.00538658002223,30.587648932012534,40.142457660168255,53.611630814893935,66.02754554632665,-34.26509258136346,-14.643977187676324,iran
2026-04-21,35.29794598479212,59.82304442594453,-24.52509844115241,2.398956489969101,3.1012560648627163,4.904016384322714,30.595991264452685,39.99990070513156,53.7445825388136,65.90150631307546,-34.13697055442493,-14.91322632787989,iran
2026-04-22,35.29794598479212,59.82304442594453,-24.52509844115241,2.398956489969101,3.1012560648627168,4.904016384322714,30.595991264452685,39.99990070513156,53.7445825388136,65.90150631307546,-34.13697055442493,-14.91322632787989,iran
2026-04-23,35.08625713667269,60.06877848296264,-24.982521346289953,2.5213545289752086,3.2119461915991163,5.1903136780081125,30.144402259881282,40.0281120134641,53.77336394742837,66.3641930184969,-35.15553615518586,-14.809506537394054,iran
2026-04-24,35.07873284296287,60.28912724338685,-25.210394400423976,2.3831629566844805,3.1020143641346856,4.9497523996331045,30.40773344786129,39.74973223806445,54.20917908968287,66.36907539709084,-34.91190910370486,-15.50887969714309,iran
2026-04-25,35.07873284296287,60.28912724338685,-25.210394400423976,2.3831629566844805,3.102014364134685,4.9497523996331045,30.40773344786129,39.74973223806445,54.20917908968287,66.36907539709084,-34.91190910370486,-15.50887969714309,iran
2026-04-26,34.56271047297599,59.798140705402744,-25.23543023242675,2.0172867201363522,2.774163395625368,4.130466909298154,30.608828501508743,38.51659244444324,54.36078044997702,65.23550096082846,-33.33114537465113,-17.13971509020237,iran
2026-04-27,34.387818702457174,59.83833207644562,-25.450513373988443,2.0556416668074577,2.671450563230197,4.063299855121828,30.358761035514558,38.416876369399795,54.60228897251443,65.0743751803768,-33.41458109002723,-17.48644565794966,iran
2026-04-28,34.75217769354126,60.58239470300912,-25.830217009467862,2.1433888319166075,3.1634406913922644,3.9224489198607633,30.551135582984713,38.95321980409781,54.38205094788029,66.78273845813796,-33.51821689239496,-18.142217126540768,iran
2026-04-29,34.75217769354126,60.58239470300912,-25.830217009467862,2.1433888319166075,3.1634406913922644,3.9224489198607633,30.551135582984713,38.95321980409781,54.38205094788029,66.78273845813796,-33.51821689239496,-18.142217126540768,iran
2026-04-30,34.806861984995024,60.33499500482652,-25.528133019831497,1.9855011512599687,3.035919912417185,3.776065352391494,30.915279728525483,38.698444241464564,54.384591976488835,66.2853980331642,-32.929221110518824,-18.12704492914417,iran
2026-05-01,34.80686198499502,60.33499500482652,-25.528133019831497,1.9855011512599687,3.035919912417185,3.776065352391494,30.915279728525476,38.69844424146456,54.384591976488835,66.2853980331642,-32.929221110518824,-18.12704492914417,iran
2026-05-02,34.806861984995024,60.33499500482652,-25.528133019831497,1.985501151259969,3.035919912417185,3.776065352391494,30.915279728525483,38.698444241464564,54.384591976488835,66.2853980331642,-32.929221110518824,-18.12704492914417,iran
2026-05-03,34.806861984995024,60.33499500482652,-25.528133019831497,1.985501151259969,3.035919912417185,3.776065352391494,30.915279728525483,38.698444241464564,54.384591976488835,66.2853980331642,-32.929221110518824,-18.12704492914417,iran
2026-05-04,34.54042382959307,60.41066522977326,-25.8702414001802,2.1543668575762323,2.9348806702536794,3.8442745527431983,30.317864788743652,38.762982870442485,54.658299116076044,66.16303134347046,-33.40501952355687,-18.33546327680353,iran
2026-05-05,34.81777671367414,60.31533669702026,-25.49755998334611,2.295752647127792,2.6140067209061355,3.823643651785975,30.31810152530367,39.31745190204462,55.19188352404423,65.43878986999628,-32.99190154084662,-18.0032184258456,iran
2026-05-06,34.83115525391722,60.27753269942362,-25.446377445506403,2.2386130284299393,2.551662667032164,3.7253941174803464,30.443473718194536,39.218836789639894,55.276273872040576,65.27879152680666,-32.74814991576788,-18.144604975244924,iran
2026-05-07,34.83115525391722,60.27753269942362,-25.446377445506403,2.2386130284299393,2.551662667032164,3.725394117480347,30.443473718194536,39.218836789639894,55.276273872040576,65.27879152680666,-32.74814991576788,-18.144604975244924,iran
2026-05-08,34.83115525391722,60.27753269942362,-25.446377445506403,2.2386130284299393,2.551662667032164,3.725394117480347,30.443473718194536,39.218836789639894,55.276273872040576,65.27879152680666,-32.74814991576788,-18.144604975244924,iran
2026-05-09,34.83115525391722,60.27753269942362,-25.446377445506403,2.2386130284299393,2.5516626670321645,3.725394117480347,30.443473718194536,39.218836789639894,55.276273872040576,65.27879152680666,-32.74814991576788,-18.144604975244924,iran
2026-05-10,34.83115525391722,60.27753269942362,-25.446377445506403,2.2386130284299393,2.551662667032164,3.725394117480347,30.443473718194536,39.218836789639894,55.276273872040576,65.27879152680666,-32.74814991576788,-18.144604975244924,iran
2026-05-11,34.83115525391722,60.27753269942362,-25.446377445506403,2.2386130284299393,2.551662667032164,3.7253941174803464,30.443473718194536,39.218836789639894,55.276273872040576,65.27879152680666,-32.74814991576788,-18.144604975244924,iran
2026-05-12,34.83115525391722,60.27753269942362,-25.446377445506403,2.2386130284299393,2.5516626670321645,3.725394117480347,30.443473718194536,39.218836789639894,55.276273872040576,65.27879152680666,-32.74814991576788,-18.144604975244924,iran
2026-05-13,34.83115525391722,60.277532699423624,-25.446377445506403,2.2386130284299393,2.551662667032164,3.725394117480347,30.443473718194536,39.218836789639894,55.27627387204058,65.27879152680667,-32.74814991576788,-18.144604975244924,iran
2026-05-14,34.49656522613462,60.48979771815678,-25.993232492022162,2.4107050569619477,2.5433956966366362,3.992149221061621,29.771583314489202,39.221547137780036,55.504742152748975,65.47485328356458,-33.81784496530294,-18.168620018741386,iran
2026-05-15,34.044575485474645,60.963932534212894,-26.919357048738252,2.3042671449769663,2.429144426355215,3.9557714963209443,29.52821188131979,38.5609390896295,56.20280945855667,65.72505560986912,-34.672669181527304,-19.1660449159492,iran
2026-05-16,34.04457548547464,60.963932534212894,-26.91935704873825,2.3042671449769663,2.429144426355215,3.955771496320944,29.528211881319784,38.56093908962949,56.20280945855667,65.72505560986912,-34.6726691815273,-19.1660449159492,iran
2026-05-17,34.04457548547464,60.963932534212894,-26.91935704873825,2.3042671449769663,2.429144426355215,3.955771496320944,29.528211881319784,38.56093908962949,56.20280945855667,65.72505560986912,-34.6726691815273,-19.1660449159492,iran
2026-05-18,33.483514500352776,60.86316446289674,-27.379649962543965,2.21917531170075,2.078649001365211,3.6040615059475716,29.133930889419304,37.83309811128625,56.78901242022093,64.93731650557255,-34.443610514201204,-20.315689410886726,iran
2026-05-19,33.483514500352776,60.86316446289674,-27.379649962543965,2.21917531170075,2.078649001365211,3.6040615059475716,29.133930889419304,37.83309811128625,56.78901242022093,64.93731650557255,-34.443610514201204,-20.315689410886726,iran
2026-05-20,33.483514500352776,60.86316446289674,-27.379649962543965,2.21917531170075,2.0786490013652106,3.6040615059475716,29.133930889419304,37.83309811128625,56.78901242022093,64.93731650557255,-34.443610514201204,-20.315689410886726,iran
2026-05-21,33.637754583699575,60.645945413270184,-27.0081908295706,2.151524517084323,2.074469541473502,3.579133725340069,29.4207665302143,37.85474263718485,56.57998511198212,64.71190571455824,-34.02329293123714,-19.993088727904066,iran
2026-05-22,33.637754583699575,60.645945413270184,-27.0081908295706,2.151524517084323,2.074469541473502,3.579133725340069,29.4207665302143,37.85474263718485,56.57998511198212,64.71190571455824,-34.02329293123714,-19.993088727904066,iran
2026-05-23,33.637754583699575,60.64594541327018,-27.0081908295706,2.151524517084323,2.074469541473502,3.579133725340069,29.4207665302143,37.85474263718485,56.57998511198211,64.71190571455824,-34.02329293123714,-19.993088727904066,iran
2026-05-24,33.63775458369958,60.645945413270184,-27.0081908295706,2.151524517084323,2.0744695414735026,3.579133725340069,29.42076653021431,37.854742637184856,56.57998511198212,64.71190571455824,-34.02329293123714,-19.993088727904066,iran
2026-05-25,33.637754583699575,60.64594541327018,-27.008190829570598,2.151524517084323,2.074469541473502,3.579133725340069,29.4207665302143,37.85474263718485,56.57998511198211,64.71190571455824,-34.02329293123714,-19.993088727904063,iran
2026-05-26,33.99331215956607,60.34047088370867,-26.3471587241426,1.908592325676569,2.0637369796540637,3.351980488110771,30.25247120123999,37.73415311789214,56.295546403586705,64.38539536383064,-32.91704048083971,-19.777276967445488,iran
2026-05-27,33.993312159566074,60.340470883708676,-26.347158724142606,1.9085923256765691,2.0637369796540637,3.351980488110771,30.25247120124,37.73415311789215,56.29554640358671,64.38539536383064,-32.91704048083972,-19.777276967445495,iran
2026-05-28,33.993312159566074,60.340470883708676,-26.347158724142602,1.908592325676569,2.0637369796540637,3.351980488110771,30.25247120124,37.73415311789215,56.29554640358671,64.38539536383064,-32.91704048083972,-19.77727696744549,iran
2026-05-29,33.993312159566074,60.340470883708676,-26.347158724142602,1.908592325676569,2.0637369796540637,3.351980488110771,30.25247120124,37.73415311789215,56.29554640358671,64.38539536383064,-32.91704048083972,-19.77727696744549,iran
2026-05-30,33.993312159566074,60.340470883708676,-26.347158724142602,1.908592325676569,2.0637369796540637,3.351980488110771,30.25247120124,37.73415311789215,56.29554640358671,64.38539536383064,-32.91704048083972,-19.77727696744549,iran
2026-05-31,33.86113469772446,59.827394443983906,-25.96625974625945,1.7309207121239125,2.1226953642081927,3.09613808403439,30.46853010196159,37.25373929348733,55.66691153013585,63.98787735783196,-32.03469039096685,-19.897829101552045,iran
2026-06-01,33.20899086757741,60.7001577644044,-27.49116689682699,2.139775501174974,2.5403294811533392,4.253652120740432,29.015030885274463,37.40295084988036,55.72111198134386,65.67920354746495,-35.82832505347824,-19.154008740175744,iran
2026-06-02,33.31676690637333,60.65247800881117,-27.335711102437845,2.1686777237632846,2.503681533585397,4.246182080557458,29.066158567797295,37.56737524494937,55.745262202983795,65.55969381463855,-35.658227980330466,-19.013194224545227,iran
2026-06-03,33.316766906373324,60.652478008811165,-27.33571110243784,2.168677723763284,2.503681533585397,4.246182080557458,29.066158567797288,37.56737524494936,55.74526220298379,65.55969381463855,-35.65822798033046,-19.013194224545224,iran
2026-06-04,33.00217225540367,61.04493283496374,-28.042760579560067,2.2838911669028503,2.6463982861695445,4.562927767529424,28.525745568274086,37.47859894253326,55.85799219407143,66.23187347585605,-36.98609900391774,-19.099422155202397,iran
2026-06-05,33.000785170335305,61.20367118509402,-28.202886014758715,2.109307768145795,2.475978163458839,4.234325400184359,28.866541944769548,37.13502839590106,56.35075398471469,66.05658838547335,-36.502163799120055,-19.903608230397374,iran
2026-06-06,33.000785170335305,61.203671185094024,-28.202886014758718,2.1093077681457952,2.4759781634588394,4.2343254001843595,28.866541944769548,37.13502839590107,56.3507539847147,66.05658838547335,-36.50216379912006,-19.903608230397374,iran
2026-06-07,33.000785170335305,61.203671185094024,-28.202886014758718,2.1093077681457952,2.4759781634588394,4.2343254001843595,28.866541944769548,37.13502839590107,56.3507539847147,66.05658838547335,-36.50216379912006,-19.903608230397374,iran
2026-06-08,32.68159372174257,60.73062968161898,-28.049035959876406,2.089757566624964,2.3845422715777187,4.1176109031296875,28.585668891157646,36.7775185523275,56.05692682932665,65.4043325339113,-36.11955333001059,-19.97851858974222,iran
2026-06-09,32.68159372174257,60.73062968161897,-28.049035959876402,2.089757566624964,2.3845422715777183,4.1176109031296875,28.585668891157646,36.7775185523275,56.05692682932664,65.4043325339113,-36.11955333001059,-19.978518589742215,iran
2026-06-10,32.681593721742566,60.73062968161897,-28.049035959876402,2.089757566624964,2.3845422715777183,4.1176109031296875,28.58566889115764,36.77751855232749,56.05692682932664,65.4043325339113,-36.11955333001059,-19.978518589742215,iran
2026-06-11,32.90914704576882,60.620487099125114,-27.7113400533563,2.089928496502955,2.266960748625256,4.001020386768627,28.812887192623027,37.005406898914615,56.17724403181961,65.06373016643062,-35.553340011422804,-19.86934009528979,iran
2026-06-12,32.90914704576882,60.62048709912512,-27.7113400533563,2.089928496502955,2.266960748625256,4.001020386768627,28.812887192623027,37.005406898914615,56.17724403181962,65.06373016643062,-35.553340011422804,-19.86934009528979,iran
2026-06-13,32.89488198886489,60.71860267629322,-27.82372068742833,1.9754709996223503,2.1102209372335867,3.7587427144723002,29.02295882960508,36.766805148124696,56.582569639315395,64.85463571327105,-35.19085640779404,-20.45658496706262,iran
2026-06-14,32.89488198886489,60.718602676293216,-27.82372068742833,1.97547099962235,2.1102209372335867,3.7587427144723002,29.02295882960508,36.766805148124696,56.58256963931539,64.85463571327105,-35.19085640779404,-20.45658496706262,iran
2026-06-15,33.210386039876326,60.68642749243668,-27.476041452560352,1.9198789666281337,1.9177838953769395,3.49558280748637,29.447423265285185,36.97334881446747,56.92757105749788,64.44528392737548,-34.32738375523364,-20.624699149887068,iran
2026-06-16,33.21038603987633,60.686427492436685,-27.476041452560356,1.9198789666281337,1.9177838953769395,3.49558280748637,29.44742326528519,36.97334881446748,56.927571057497886,64.44528392737548,-34.32738375523364,-20.62469914988707,iran
2026-06-17,33.35971188659997,60.628687569801784,-27.26897568320182,1.9394299231230265,1.8659984078064846,3.467540826223584,29.558429237278837,37.1609945359211,56.97133069050108,64.28604444910249,-34.065355702600044,-20.472595663803595,iran
2026-06-18,33.35971188659996,60.628687569801784,-27.26897568320182,1.9394299231230265,1.8659984078064846,3.4675408262235834,29.55842923727883,37.16099453592109,56.97133069050108,64.28604444910249,-34.065355702600044,-20.472595663803595,iran
2026-06-19,33.879416134575195,61.37140772078164,-27.49199158620645,1.9584501176392144,2.419737891947169,3.1509979775341987,30.040853904002333,37.717978365148056,56.62872145256519,66.11409398899809,-33.66794762217348,-21.31603555023942,iran
2026-06-20,33.879416134575195,61.37140772078164,-27.49199158620645,1.9584501176392146,2.419737891947169,3.1509979775341987,30.040853904002333,37.717978365148056,56.62872145256519,66.11409398899809,-33.66794762217348,-21.31603555023942,iran
2026-06-21,33.87941613457519,61.37140772078163,-27.491991586206446,1.9584501176392144,2.4197378919471686,3.1509979775341983,30.040853904002326,37.71797836514805,56.62872145256518,66.11409398899808,-33.66794762217347,-21.316035550239416,iran
2026-06-22,33.83145723215531,60.691120496139774,-26.859663263984466,1.6523876005203522,2.3970381677202353,3.0018787374475417,30.59277753513542,37.0701369291752,55.99292568740811,65.38931530487143,-32.74334558938165,-20.975980938587284,iran
2026-06-23,33.620493505114936,60.96277975664162,-27.342286251526684,1.6355085647178766,2.319480190217514,3.09134866731801,30.414896718267897,36.826090291961975,56.41659858381529,65.50896092946795,-33.401329639469985,-21.283242863583382,iran
2026-06-24,33.620493505114936,60.962779756641616,-27.34228625152668,1.6355085647178766,2.3194801902175137,3.09134866731801,30.414896718267897,36.826090291961975,56.416598583815286,65.50896092946795,-33.40132963946998,-21.283242863583382,iran
2026-06-25,33.620493505114936,60.96277975664162,-27.342286251526684,1.6355085647178766,2.319480190217514,3.09134866731801,30.414896718267897,36.826090291961975,56.41659858381529,65.50896092946795,-33.401329639469985,-21.283242863583382,iran
2026-06-26,33.620493505114936,60.96277975664162,-27.342286251526684,1.6355085647178766,2.319480190217514,3.09134866731801,30.414896718267897,36.826090291961975,56.41659858381529,65.50896092946795,-33.401329639469985,-21.283242863583382,iran
2026-06-27,33.620493505114936,60.962779756641616,-27.34228625152668,1.6355085647178766,2.3194801902175137,3.0913486673180097,30.414896718267897,36.826090291961975,56.416598583815286,65.50896092946795,-33.40132963946998,-21.283242863583382,iran
2026-06-28,33.620493505114936,60.962779756641616,-27.34228625152668,1.6355085647178766,2.3194801902175137,3.09134866731801,30.414896718267897,36.826090291961975,56.416598583815286,65.50896092946795,-33.40132963946998,-21.283242863583382,iran
2026-06-29,33.620493505114936,60.962779756641616,-27.34228625152668,1.6355085647178766,2.3194801902175137,3.09134866731801,30.414896718267897,36.826090291961975,56.416598583815286,65.50896092946795,-33.40132963946998,-21.283242863583382,iran
2026-06-30,33.62145116505366,60.94199551039917,-27.320544345345514,1.4528771711324637,2.0645298493646034,2.748620886111182,30.773811909634027,36.469090420473286,56.89551700564454,64.98847401515378,-32.70784128212343,-21.933247408567595,iran
2026-07-01,33.62145116505366,60.94199551039917,-27.32054434534551,1.4528771711324637,2.0645298493646034,2.748620886111182,30.773811909634027,36.469090420473286,56.89551700564454,64.98847401515378,-32.707841282123425,-21.933247408567595,iran
2026-07-02,33.62145116505366,60.94199551039917,-27.32054434534551,1.4528771711324637,2.0645298493646034,2.7486208861111816,30.773811909634027,36.469090420473286,56.89551700564454,64.98847401515378,-32.707841282123425,-21.933247408567595,iran
2026-07-03,33.62145116505366,60.94199551039917,-27.32054434534551,1.4528771711324637,2.0645298493646034,2.7486208861111816,30.773811909634027,36.469090420473286,56.89551700564454,64.98847401515378,-32.707841282123425,-21.933247408567595,iran
2026-07-04,33.62145116505366,60.94199551039917,-27.320544345345514,1.4528771711324637,2.0645298493646034,2.748620886111182,30.773811909634027,36.469090420473286,56.89551700564454,64.98847401515378,-32.70784128212343,-21.933247408567595,iran
2026-07-05,33.62145116505366,60.941995510399174,-27.320544345345514,1.4528771711324637,2.0645298493646034,2.748620886111182,30.773811909634027,36.469090420473286,56.89551700564455,64.9884740151538,-32.70784128212343,-21.933247408567595,iran
2026-07-06,33.62145116505365,60.94199551039916,-27.32054434534551,1.4528771711324637,2.0645298493646034,2.7486208861111816,30.77381190963402,36.46909042047328,56.895517005644535,64.98847401515378,-32.707841282123425,-21.933247408567595,iran
2026-07-07,33.62145116505366,60.94199551039917,-27.320544345345514,1.4528771711324637,2.0645298493646034,2.748620886111182,30.773811909634027,36.469090420473286,56.89551700564454,64.98847401515378,-32.70784128212343,-21.933247408567595,iran
2026-07-08,33.62145116505366,60.94199551039917,-27.320544345345514,1.452877171132464,2.0645298493646034,2.748620886111182,30.773811909634027,36.469090420473286,56.89551700564454,64.98847401515378,-32.70784128212343,-21.933247408567595,iran
2026-07-09,33.62145116505366,60.94199551039917,-27.320544345345514,1.4528771711324637,2.0645298493646034,2.748620886111182,30.773811909634027,36.469090420473286,56.89551700564454,64.98847401515378,-32.70784128212343,-21.933247408567595,iran
2026-07-10,33.62145116505366,60.94199551039917,-27.320544345345514,1.4528771711324637,2.0645298493646034,2.748620886111182,30.773811909634027,36.469090420473286,56.89551700564454,64.98847401515378,-32.70784128212343,-21.933247408567595,iran
2026-07-11,34.00089443396745,60.59825395972405,-26.5973595257566,1.3626548825462106,1.8254952462195555,2.579392158784236,31.33009086417688,36.671698003758024,57.02028327713372,64.17622464231438,-31.6529681569737,-21.541750894539497,iran
2026-07-12,33.52630226836305,61.31006400251455,-27.783761734151508,1.3759302265782385,1.9120668690041904,2.8797238142058306,30.8294790242697,36.22312551245639,57.56241293926634,65.05771506576276,-33.428020409994936,-22.13950305830808,iran
2026-07-13,32.9968560758268,62.81992962633948,-29.823073550512678,1.416860045173929,3.5466732323850167,3.816516525099473,30.219810387285897,35.7739017643677,55.86845009086485,69.77140916181412,-37.30344593970764,-22.342701161317713,iran
2026-07-14,33.128711056382606,62.20618609203561,-29.077475035653006,1.4522248059642198,4.016074452475523,4.5218192302091005,30.282350436692735,35.975071676072474,54.334680165183585,70.07769201888763,-37.94024072686284,-20.21470934444317,iran
2026-07-15,33.128711056382606,62.20618609203561,-29.077475035653006,1.4522248059642198,4.0160744524755225,4.5218192302091005,30.282350436692735,35.975071676072474,54.334680165183585,70.07769201888763,-37.94024072686284,-20.21470934444317,iran
2026-07-16,33.128711056382606,62.20618609203561,-29.077475035653006,1.4522248059642198,4.016074452475523,4.5218192302091005,30.282350436692735,35.975071676072474,54.334680165183585,70.07769201888763,-37.94024072686284,-20.21470934444317,iran
2026-07-17,33.128711056382606,62.206186092035615,-29.07747503565301,1.45222480596422,4.016074452475523,4.5218192302091005,30.282350436692735,35.975071676072474,54.33468016518359,70.07769201888765,-37.94024072686285,-20.214709344443172,iran
2026-07-18,33.128711056382606,62.206186092035615,-29.077475035653006,1.45222480596422,4.016074452475523,4.5218192302091005,30.282350436692735,35.975071676072474,54.33468016518359,70.07769201888765,-37.94024072686284,-20.21470934444317,iran
2026-07-19,33.128711056382606,62.20618609203561,-29.077475035653006,1.4522248059642198,4.016074452475523,4.5218192302091005,30.282350436692735,35.975071676072474,54.334680165183585,70.07769201888763,-37.94024072686284,-20.21470934444317,iran
2026-07-20,33.25267602327697,62.28764067271717,-29.034964649440198,1.299184369145713,3.541219646025296,3.9819049001177356,30.706274659751372,35.799077386802566,55.346850166507586,69.22843117892674,-36.83949825367096,-21.230431045209436,iran
2026-07-21,33.48619916576264,61.63434089820538,-28.148141732442735,1.4734545798956311,4.037920367547234,4.83970962816436,30.598228189167205,36.37417014235808,53.720016977812804,69.54866481859796,-37.63397260364488,-18.66231086124059,iran
2026-07-22,33.57264674755268,61.55256517394331,-27.979918426390626,1.36366784686774,3.703564063332555,4.449557301416263,30.899857767691913,36.24543572741345,54.2935796098115,68.81155073807511,-36.7010507371665,-19.25878611561475,iran
2026-07-23,33.572646747552675,61.5525651739433,-27.979918426390622,1.36366784686774,3.7035640633325544,4.449557301416263,30.899857767691906,36.245435727413444,54.293579609811495,68.81155073807511,-36.7010507371665,-19.258786115614747,iran
2026-07-24,33.57264674755268,61.55256517394331,-27.979918426390626,1.36366784686774,3.703564063332555,4.449557301416263,30.899857767691913,36.24543572741345,54.2935796098115,68.81155073807511,-36.7010507371665,-19.25878611561475,iran
2026-07-25,33.57264674755268,61.55256517394331,-27.979918426390622,1.36366784686774,3.703564063332555,4.449557301416263,30.899857767691913,36.24543572741345,54.2935796098115,68.81155073807511,-36.7010507371665,-19.258786115614747,iran
2026-07-26,33.079785120023104,61.484882868198675,-28.405097748175574,1.7547241055127492,3.254180669369138,4.2945505949787135,29.640525873218117,36.51904436682809,55.106688756235165,67.86307698016219,-36.82241691433386,-19.987778582017295,iran
2026-07-27,31.943721755636385,62.445822764812675,-30.502101009176286,2.307174695754846,3.078564827535779,4.808698375382401,27.421659351956887,36.46578415931588,56.41183570284255,68.4798098267828,-39.92714982492579,-21.07705219342678,iran
2026-07-28,32.23184119185906,61.88493943988994,-29.653098248030872,2.457893239856251,3.5903449716954263,5.559478437414264,27.414370441740807,37.049311941977315,54.847863295366906,68.92201558441297,-40.54967598536283,-18.756520510698913,iran
2026-07-29,32.23184119185906,61.88493943988994,-29.653098248030876,2.457893239856251,3.5903449716954263,5.559478437414264,27.414370441740807,37.049311941977315,54.847863295366906,68.92201558441297,-40.54967598536283,-18.75652051069892,iran
2026-07-30,32.23184119185906,61.88493943988994,-29.653098248030872,2.457893239856251,3.5903449716954263,5.559478437414263,27.414370441740807,37.049311941977315,54.847863295366906,68.92201558441297,-40.549675985362825,-18.756520510698916,iran
2026-07-31,32.23184119185906,61.88493943988993,-29.653098248030872,2.457893239856251,3.5903449716954263,5.559478437414263,27.414370441740807,37.049311941977315,54.8478632953669,68.92201558441297,-40.549675985362825,-18.756520510698916,iran
2026-08-01,32.23184119185906,61.88493943988993,-29.653098248030872,2.457893239856251,3.5903449716954263,5.559478437414263,27.414370441740807,37.049311941977315,54.8478632953669,68.92201558441297,-40.549675985362825,-18.756520510698916,iran
2026-08-02,32.23184119185906,61.88493943988993,-29.653098248030872,2.4578932398562507,3.5903449716954263,5.559478437414263,27.41437044174081,37.049311941977315,54.8478632953669,68.92201558441297,-40.549675985362825,-18.756520510698916,iran
2026-08-03,32.25436722742494,61.24382297907356,-28.989455751648624,2.127155313497598,3.211889274460238,4.896554017432685,28.08514281296965,36.423591641880236,54.9485200011315,67.53912595701563,-38.58670162581669,-19.39220987748056,iran
2026-08-04,32.254367227424936,61.24382297907356,-28.98945575164862,2.127155313497598,3.211889274460238,4.896554017432685,28.085142812969643,36.42359164188023,54.9485200011315,67.53912595701563,-38.58670162581668,-19.39220987748056,iran
2026-08-05,31.76959860592667,61.91510741925039,-30.145508813323712,2.268926017267457,3.356005483099976,5.271504374587426,27.322503612082457,36.216693599770885,55.337336672374434,68.49287816612635,-40.477657387515066,-19.813360239132358,iran
2026-08-06,31.76959860592667,61.91510741925038,-30.145508813323712,2.268926017267457,3.356005483099976,5.271504374587425,27.322503612082457,36.216693599770885,55.33733667237443,68.49287816612633,-40.477657387515066,-19.813360239132358,iran
2026-08-07,31.769598605926667,61.91510741925038,-30.14550881332371,2.268926017267457,3.356005483099976,5.271504374587425,27.322503612082453,36.216693599770885,55.33733667237443,68.49287816612633,-40.477657387515066,-19.813360239132354,iran
2026-08-08,31.76959860592667,61.91510741925038,-30.145508813323712,2.268926017267457,3.356005483099976,5.271504374587425,27.322503612082457,36.216693599770885,55.33733667237443,68.49287816612633,-40.477657387515066,-19.813360239132358,iran
2026-08-09,31.76959860592667,61.91510741925038,-30.145508813323712,2.268926017267457,3.356005483099976,5.271504374587426,27.322503612082457,36.216693599770885,55.33733667237443,68.49287816612633,-40.477657387515066,-19.813360239132358,iran
2026-08-10,31.76959860592667,61.91510741925038,-30.145508813323712,2.268926017267457,3.356005483099976,5.271504374587425,27.322503612082457,36.216693599770885,55.33733667237443,68.49287816612633,-40.477657387515066,-19.813360239132358,iran
2026-08-11,32.325487448267886,60.761897570757576,-28.43641012248969,1.9882971323678866,3.1446023554473603,4.84095228861098,28.42842506882683,36.222549827708946,54.59847695408075,66.9253181874344,-37.92467660816721,-18.94814363681217,iran
2026-08-12,32.32548744826788,60.76189757075757,-28.436410122489686,1.9882971323678864,3.1446023554473603,4.840952288610979,28.428425068826822,36.22254982770894,54.598476954080745,66.9253181874344,-37.924676608167204,-18.94814363681217,iran
2026-08-13,32.325487448267886,60.761897570757576,-28.43641012248969,1.9882971323678866,3.1446023554473603,4.84095228861098,28.42842506882683,36.222549827708946,54.59847695408075,66.9253181874344,-37.92467660816721,-18.94814363681217,iran
2026-08-14,32.325487448267886,60.761897570757576,-28.43641012248969,1.9882971323678864,3.1446023554473603,4.84095228861098,28.42842506882683,36.222549827708946,54.59847695408075,66.9253181874344,-37.92467660816721,-18.94814363681217,iran
2026-08-15,32.325487448267886,60.761897570757576,-28.43641012248969,1.9882971323678866,3.1446023554473603,4.84095228861098,28.42842506882683,36.222549827708946,54.59847695408075,66.9253181874344,-37.92467660816721,-18.94814363681217,iran
2026-08-16,32.32548744826788,60.76189757075757,-28.436410122489686,1.9882971323678864,3.1446023554473603,4.840952288610979,28.428425068826822,36.22254982770894,54.598476954080745,66.9253181874344,-37.924676608167204,-18.94814363681217,iran
2026-08-17,31.645668989481035,61.95553320698358,-30.309864217502547,1.7686346426396258,2.765934781301118,4.280712626858143,28.17914508990737,35.112192889054704,56.53430103563339,67.37676537833377,-38.700060966144505,-21.919667468860588,iran
2026-08-18,31.64566898948103,61.95553320698358,-30.309864217502547,1.7686346426396258,2.765934781301118,4.280712626858143,28.179145089907365,35.1121928890547,56.53430103563339,67.37676537833377,-38.700060966144505,-21.919667468860588,iran
2026-08-19,31.645668989481035,61.95553320698359,-30.30986421750255,1.7686346426396258,2.765934781301118,4.280712626858143,28.17914508990737,35.112192889054704,56.5343010356334,67.37676537833379,-38.700060966144505,-21.91966746886059,iran
2026-08-20,31.645668989481035,61.95553320698359,-30.30986421750255,1.7686346426396258,2.765934781301118,4.280712626858143,28.17914508990737,35.112192889054704,56.5343010356334,67.37676537833379,-38.700060966144505,-21.91966746886059,iran
2026-08-21,31.645668989481038,61.95553320698359,-30.30986421750255,1.7686346426396258,2.765934781301118,4.280712626858143,28.179145089907372,35.112192889054704,56.5343010356334,67.37676537833379,-38.700060966144505,-21.91966746886059,iran
2026-08-22,31.645668989481035,61.95553320698358,-30.309864217502547,1.7686346426396258,2.765934781301118,4.280712626858143,28.17914508990737,35.112192889054704,56.53430103563339,67.37676537833377,-38.700060966144505,-21.919667468860588,iran
2026-08-23,31.645668989481035,61.95553320698358,-30.309864217502547,1.7686346426396258,2.765934781301118,4.280712626858143,28.17914508990737,35.112192889054704,56.53430103563339,67.37676537833377,-38.700060966144505,-21.919667468860588,iran
2026-08-24,31.062817584802062,62.14545940295166,-31.082641818149597,1.8599078657785446,2.429565034863473,3.974691347416523,27.417398167876115,34.70823700172801,57.38351193461925,66.90740687128407,-38.873036859085985,-23.29224677721321,iran
2026-08-25,31.062817584802062,62.14545940295166,-31.082641818149597,1.8599078657785446,2.429565034863473,3.974691347416523,27.417398167876115,34.70823700172801,57.38351193461925,66.90740687128407,-38.873036859085985,-23.29224677721321,iran
2026-08-26,30.795559445181443,62.48596465529835,-31.690405210116914,1.7873470520736063,2.328749702282052,3.846304303236456,27.292359223117174,34.29875966724571,57.92161523882553,67.05031407177117,-39.22916164446037,-24.15164877577346,iran
2026-08-27,30.795559445181443,62.48596465529835,-31.690405210116914,1.7873470520736066,2.328749702282052,3.846304303236456,27.292359223117174,34.29875966724571,57.92161523882553,67.05031407177117,-39.22916164446037,-24.15164877577346,iran
2026-08-28,30.795559445181443,62.48596465529835,-31.690405210116914,1.7873470520736063,2.328749702282052,3.846304303236456,27.292359223117174,34.29875966724571,57.92161523882553,67.05031407177117,-39.22916164446037,-24.15164877577346,iran
2026-08-29,30.795559445181443,62.48596465529836,-31.690405210116918,1.7873470520736066,2.328749702282052,3.846304303236456,27.292359223117174,34.29875966724571,57.92161523882554,67.05031407177118,-39.22916164446037,-24.151648775773467,iran
2026-08-30,30.795559445181446,62.48596465529836,-31.690405210116918,1.7873470520736066,2.328749702282052,3.846304303236456,27.292359223117177,34.29875966724572,57.92161523882554,67.05031407177118,-39.22916164446037,-24.151648775773467,iran
2026-08-31,30.954456580808667,62.122442125077804,-31.167985544269136,1.6165618938941502,2.2600397006873507,3.6277822171562413,27.785995268776134,34.1229178928412,57.6927643117306,66.55211993842501,-38.27843868989537,-24.057532398642905,iran
2026-09-01,30.774780090749225,62.484487759436725,-31.7097076686875,1.5638597261626286,2.279843788252095,3.6222276087173144,27.709615027470473,33.83994515402798,58.01599393446262,66.95298158441084,-38.809273781773435,-24.610141555601565,iran
2026-09-02,30.973529882368496,62.65345760872023,-31.679927726351732,1.3828584153182373,1.945094088337659,3.064703634972719,28.26312738834475,33.68393237639224,58.84107319557842,66.46584202186204,-37.68674685089826,-25.673108601805204,iran
2026-09-03,30.973529882368496,62.65345760872023,-31.679927726351732,1.3828584153182373,1.945094088337659,3.0647036349727186,28.26312738834475,33.68393237639224,58.84107319557842,66.46584202186204,-37.68674685089826,-25.673108601805204,iran
2026-09-04,30.973529882368492,62.653457608720224,-31.679927726351732,1.3828584153182373,1.945094088337659,3.0647036349727186,28.263127388344746,33.683932376392235,58.84107319557841,66.46584202186203,-37.68674685089826,-25.673108601805204,iran
2026-09-05,30.973529882368496,62.65345760872023,-31.679927726351732,1.3828584153182373,1.945094088337659,3.0647036349727186,28.26312738834475,33.68393237639224,58.84107319557842,66.46584202186204,-37.68674685089826,-25.673108601805204,iran
2026-09-06,30.63203987084936,62.952239693731414,-32.32019982288206,1.3549825543176142,1.7831368182390703,2.9149412543235855,27.97627406438684,33.28780567731189,59.45729152998284,66.44718785747999,-38.033484681356285,-26.60691496440783,iran
2026-09-07,30.63203987084936,62.952239693731414,-32.32019982288206,1.3549825543176142,1.7831368182390703,2.9149412543235855,27.97627406438684,33.28780567731189,59.45729152998284,66.44718785747999,-38.033484681356285,-26.60691496440783,iran
2026-09-08,30.63203987084936,62.95223969373142,-32.32019982288206,1.3549825543176142,1.7831368182390703,2.9149412543235855,27.97627406438684,33.28780567731189,59.45729152998285,66.44718785748,-38.033484681356285,-26.60691496440783,iran
2026-09-09,29.872737170437887,63.97626782282727,-34.10353065238938,1.6924054896004248,2.2571573862978638,3.823247966055132,26.555622410821055,33.18985193005472,59.552239345683454,68.40029629997107,-41.59709666585744,-26.609964638921323,iran
2026-09-10,29.87273717043789,63.97626782282728,-34.10353065238939,1.6924054896004248,2.2571573862978642,3.8232479660551326,26.55562241082106,33.18985193005472,59.55223934568347,68.4002962999711,-41.59709666585745,-26.609964638921326,iran
2026-09-11,31.511950043363125,64.31841629978824,-32.80646625642511,3.085239057512203,2.0182382344626313,3.943164135822998,25.464881490639208,37.55901859608704,60.36266936024148,68.274163239335,-40.53506796263819,-25.077864550212034,iran
2026-09-12,31.511950043363118,64.31841629978823,-32.806466256425104,3.085239057512203,2.0182382344626313,3.9431641358229976,25.4648814906392,37.559018596087036,60.36266936024147,68.27416323933498,-40.53506796263818,-25.077864550212027,iran
2026-09-13,31.725778422525256,64.16749639162481,-32.44171796909955,2.711130825150833,1.7763310056624693,3.4911878766851063,26.411962005229626,37.039594839820886,60.68588762052637,67.64910516272325,-39.284446207402354,-25.598989730796742,iran
2026-09-14,31.70433441705901,63.53398107501603,-31.829646657957017,2.32884583960227,1.9644175478951884,3.5042077710567625,27.13979657143856,36.26887226267946,59.68372268114146,67.3842394688906,-38.69789388922827,-24.961399426685762,iran
2026-09-15,31.70433441705901,63.53398107501603,-31.829646657957017,2.3288458396022698,1.9644175478951884,3.5042077710567625,27.13979657143856,36.26887226267946,59.68372268114146,67.3842394688906,-38.69789388922827,-24.961399426685762,iran
2026-09-16,31.704334417059005,63.53398107501602,-31.829646657957017,2.3288458396022698,1.9644175478951884,3.5042077710567625,27.139796571438556,36.26887226267945,59.683722681141454,67.3842394688906,-38.69789388922827,-24.961399426685762,iran
2026-09-17,31.951590661008275,63.24847059750821,-31.296879936499938,2.6837601162988265,2.2425309053854923,4.399661298695155,26.691420833062576,37.21176048895398,58.85311002295264,67.64383117206377,-39.92021608194244,-22.673543791057433,iran
2026-09-18,31.95159066100827,63.24847059750821,-31.296879936499934,2.6837601162988265,2.2425309053854923,4.399661298695154,26.691420833062573,37.21176048895397,58.85311002295264,67.64383117206377,-39.920216081942435,-22.673543791057433,iran
2026-09-19,31.951590661008268,63.2484705975082,-31.29687993649993,2.6837601162988265,2.2425309053854923,4.399661298695154,26.69142083306257,37.21176048895397,58.853110022952634,67.64383117206377,-39.92021608194243,-22.67354379105743,iran
2026-09-20,31.951590661008275,63.24847059750821,-31.296879936499938,2.6837601162988265,2.2425309053854923,4.399661298695155,26.691420833062576,37.21176048895398,58.85311002295264,67.64383117206377,-39.92021608194244,-22.673543791057433,iran
2026-09-21,30.727366644751203,64.49659451404571,-33.769227869294504,3.5143504787705306,3.2923131104288785,6.49726344709145,23.839239706360964,37.61549358314144,58.04366081760511,70.9495282104863,-46.503864225593745,-21.034591512995263,iran
2026-09-22,30.7273666447512,64.49659451404571,-33.769227869294504,3.5143504787705306,3.2923131104288785,6.49726344709145,23.83923970636096,37.61549358314144,58.04366081760511,70.9495282104863,-46.503864225593745,-21.034591512995263,iran
2026-09-23,30.7273666447512,64.49659451404571,-33.769227869294504,3.51435047877053,3.292313110428878,6.497263447091449,23.83923970636096,37.615493583141436,58.04366081760511,70.9495282104863,-46.503864225593745,-21.034591512995263,iran
2026-09-24,30.7273666447512,64.49659451404571,-33.769227869294504,3.51435047877053,3.2923131104288785,6.49726344709145,23.83923970636096,37.615493583141436,58.04366081760511,70.9495282104863,-46.503864225593745,-21.034591512995263,iran
2026-09-25,30.727366644751203,64.49659451404571,-33.769227869294504,3.5143504787705306,3.2923131104288785,6.49726344709145,23.839239706360964,37.61549358314144,58.04366081760511,70.9495282104863,-46.503864225593745,-21.034591512995263,iran
2026-09-26,30.7273666447512,64.49659451404571,-33.769227869294504,3.5143504787705306,3.2923131104288785,6.49726344709145,23.83923970636096,37.61549358314144,58.04366081760511,70.9495282104863,-46.503864225593745,-21.034591512995263,iran
2026-09-27,30.7273666447512,64.49659451404571,-33.769227869294504,3.5143504787705306,3.2923131104288785,6.49726344709145,23.83923970636096,37.61549358314144,58.04366081760511,70.9495282104863,-46.503864225593745,-21.034591512995263,iran
2026-09-28,30.727366644751203,64.49659451404571,-33.76922786929451,3.5143504787705306,3.2923131104288785,6.49726344709145,23.839239706360964,37.61549358314144,58.04366081760511,70.9495282104863,-46.50386422559375,-21.03459151299527,iran
